ISO-10303-21;
HEADER;
FILE_DESCRIPTION (( 'STEP AP214' ),
    '1' );
FILE_NAME ('Fin_Left.STEP',
    '2026-03-20T03:01:45',
    ( '' ),
    ( '' ),
    'SwSTEP 2.0',
    'SolidWorks 2024',
    '' );
FILE_SCHEMA (( 'AUTOMOTIVE_DESIGN' ));
ENDSEC;

DATA;
#1 = CARTESIAN_POINT ( 'NONE',  ( -15.18409570838974432, 3.937927789380205379, 25.58908451972106946 ) ) ;
#2 = CARTESIAN_POINT ( 'NONE',  ( -5.900018103691999194, 3.899999999999999911, 24.04854385460160771 ) ) ;
#3 = CARTESIAN_POINT ( 'NONE',  ( -15.07649420584795408, 4.498474398153103238, 25.58009884129552702 ) ) ;
#4 = CARTESIAN_POINT ( 'NONE',  ( -15.26068487809253327, 3.991929844121762994, 25.53570896842204974 ) ) ;
#5 = CARTESIAN_POINT ( 'NONE',  ( -15.09568148639782947, 4.500000000000001776, 25.50387908588117369 ) ) ;
#6 = CARTESIAN_POINT ( 'NONE',  ( -10.93383904908311521, 3.899999999999997247, 28.93536211331095487 ) ) ;
#7 = CARTESIAN_POINT ( 'NONE',  ( -15.08707512635615977, 3.905090396496703420, 25.55398580510503592 ) ) ;
#8 = CARTESIAN_POINT ( 'NONE',  ( -15.22383809606486516, 3.950786844760085792, 25.48938400332132659 ) ) ;
#9 = CARTESIAN_POINT ( 'NONE',  ( -15.06523026044641611, 3.900689522678534527, 25.58732672316922319 ) ) ;
#10 = CARTESIAN_POINT ( 'NONE',  ( -15.15403304827524344, 4.481671678358033262, 25.52697794292372180 ) ) ;
#11 = CARTESIAN_POINT ( 'NONE',  ( -10.90162040021850665, 4.499999999999999112, 26.01073624857676592 ) ) ;
#12 = CARTESIAN_POINT ( 'NONE',  ( -15.15574303852391580, 4.403879452594315680, 25.42377144515194942 ) ) ;
#13 = CARTESIAN_POINT ( 'NONE',  ( -15.12451157069107133, 3.908673469837345760, 25.55025460511896185 ) ) ;
#14 = CARTESIAN_POINT ( 'NONE',  ( -15.22111273516471819, 4.015670427996248293, 25.42634311812824777 ) ) ;
#15 = CARTESIAN_POINT ( 'NONE',  ( -15.11438838952745556, 3.907532942326485070, 25.58387718378097020 ) ) ;
#16 = CARTESIAN_POINT ( 'NONE',  ( -15.30720454413504505, 4.099999999998175326, 25.47754629200401055 ) ) ;
#17 = CARTESIAN_POINT ( 'NONE',  ( -10.66294754987253413, 4.300000000000817835, 29.26463030018869560 ) ) ;
#18 = CARTESIAN_POINT ( 'NONE',  ( -15.12371145039903908, 4.487213657221077234, 25.52777195979928138 ) ) ;
#19 = CARTESIAN_POINT ( 'NONE',  ( -12.44887185311529443, 4.099999999999998757, 28.29332452460424818 ) ) ;
#20 = CARTESIAN_POINT ( 'NONE',  ( -15.22263396911729494, 4.099999999999998757, 25.68800097978925123 ) ) ;
#21 = CARTESIAN_POINT ( 'NONE',  ( -15.18226067613840691, 4.446601504685162354, 25.46021064012604640 ) ) ;
#22 = CARTESIAN_POINT ( 'NONE',  ( -6.850498991335588705, 3.899999999999999467, 25.11227485184447872 ) ) ;
#23 = CARTESIAN_POINT ( 'NONE',  ( -15.12109463425007583, 3.930873363418690314, 25.48859456025044068 ) ) ;
#24 = CARTESIAN_POINT ( 'NONE',  ( -15.12458929870638968, 3.937481751522718287, 25.47858258372991358 ) ) ;
#25 = CARTESIAN_POINT ( 'NONE',  ( -15.30209658317222754, 4.305240298895489204, 25.44878159784834537 ) ) ;
#26 = CARTESIAN_POINT ( 'NONE',  ( -15.10578277310779605, 4.494556059249701363, 25.57966760023197494 ) ) ;
#27 = CARTESIAN_POINT ( 'NONE',  ( -15.21392217393260715, 4.447480293371095073, 25.56987564601548968 ) ) ;
#28 = CARTESIAN_POINT ( 'NONE',  ( -5.734716140201491008, 3.899999999999999467, 23.78631713048694252 ) ) ;
#29 = CARTESIAN_POINT ( 'NONE',  ( -15.07918610344182575, 4.498256974520136175, 25.57960960547160312 ) ) ;
#30 = CARTESIAN_POINT ( 'NONE',  ( -15.04494027964270586, 3.900028987305020678, 25.59680958426892161 ) ) ;
#31 = CARTESIAN_POINT ( 'NONE',  ( -15.15974250462784312, 4.010066920059137452, 25.41618548608348860 ) ) ;
#32 = CARTESIAN_POINT ( 'NONE',  ( -15.26373217936571258, 4.300000000000157030, 25.61563050627846039 ) ) ;
#33 = CARTESIAN_POINT ( 'NONE',  ( -15.08036546730785155, 3.907418848720727311, 25.54346616047452656 ) ) ;
#34 = CARTESIAN_POINT ( 'NONE',  ( -15.22611354506997827, 3.950816564570764911, 25.53407066490159849 ) ) ;
#35 = CARTESIAN_POINT ( 'NONE',  ( -15.06707622605177121, 3.900797919925609314, 25.59034325140472532 ) ) ;
#36 = CARTESIAN_POINT ( 'NONE',  ( -15.17785221952029318, 4.468602710646821130, 25.58020181747311739 ) ) ;
#37 = CARTESIAN_POINT ( 'NONE',  ( -13.68728312941161818, 3.900000000000000355, 25.54410258317819782 ) ) ;
#38 = CARTESIAN_POINT ( 'NONE',  ( -11.11826557085426259, 4.499999999999998224, 25.99677585439750871 ) ) ;
#39 = CARTESIAN_POINT ( 'NONE',  ( -15.24518186078043769, 4.432166524899967541, 25.51441288824257470 ) ) ;
#40 = CARTESIAN_POINT ( 'NONE',  ( -15.09492498712293873, 3.920833080493530076, 25.50753023236634931 ) ) ;
#41 = CARTESIAN_POINT ( 'NONE',  ( -15.27031473637765480, 4.031582070133162610, 25.57366570115624071 ) ) ;
#42 = CARTESIAN_POINT ( 'NONE',  ( -15.11982506909744473, 3.910260697228119309, 25.59354790428747606 ) ) ;
#43 = CARTESIAN_POINT ( 'NONE',  ( -6.308534405583145599, 4.299999999999999822, 31.10804982558708076 ) ) ;
#44 = CARTESIAN_POINT ( 'NONE',  ( -14.35778459821557007, 4.499999999999998224, 25.66889678035752453 ) ) ;
#45 = CARTESIAN_POINT ( 'NONE',  ( -15.12657587500576106, 4.489262487380511146, 25.53704562613885543 ) ) ;
#46 = CARTESIAN_POINT ( 'NONE',  ( -10.60605546423241918, 4.100000000000001421, 29.28642453263172740 ) ) ;
#47 = CARTESIAN_POINT ( 'NONE',  ( -15.04533507441163565, 4.499976892183203958, 25.59746791852207437 ) ) ;
#48 = CARTESIAN_POINT ( 'NONE',  ( -14.55803490012574208, 3.899999999999999467, 26.18553605128782991 ) ) ;
#49 = CARTESIAN_POINT ( 'NONE',  ( -15.23953401447994516, 4.419143292499255082, 25.57550444345254448 ) ) ;
#50 = CARTESIAN_POINT ( 'NONE',  ( -15.29555321954619984, 3.899999999999997691, 25.54125181759188479 ) ) ;
#51 = CARTESIAN_POINT ( 'NONE',  ( -15.14775188575004883, 3.916847809712943107, 25.52623690922774458 ) ) ;
#52 = CARTESIAN_POINT ( 'NONE',  ( -15.19002610109696150, 3.988378119063643812, 25.43235699251012605 ) ) ;
#53 = CARTESIAN_POINT ( 'NONE',  ( -5.900018103691999194, 4.199999847142954046, 25.96689337877836223 ) ) ;
#54 = CARTESIAN_POINT ( 'NONE',  ( -15.30651360383570925, 4.310907672273577518, 25.48458316137657675 ) ) ;
#55 = CARTESIAN_POINT ( 'NONE',  ( -15.11237413321616607, 4.492097473523251949, 25.59101673415141676 ) ) ;
#56 = CARTESIAN_POINT ( 'NONE',  ( -8.680988660120803502, 4.099999999999998757, 25.72245615197826041 ) ) ;
#57 = CARTESIAN_POINT ( 'NONE',  ( -6.153905385180604704, 4.299999999999619682, 24.06556105621029573 ) ) ;
#58 = CARTESIAN_POINT ( 'NONE',  ( -15.13316003170483093, 4.438792151098443384, 25.45078117208206336 ) ) ;
#59 = CARTESIAN_POINT ( 'NONE',  ( -6.757773425020482172, 4.100000000000000533, 24.77240953167315141 ) ) ;
#60 = CARTESIAN_POINT ( 'NONE',  ( -15.07274266393360485, 4.495381710070097903, 25.55521123493521785 ) ) ;
#61 = CARTESIAN_POINT ( 'NONE',  ( -6.076961157236524080, 4.099999999999187850, 31.27875679661912400 ) ) ;
#62 = CARTESIAN_POINT ( 'NONE',  ( -15.04509783852846461, 3.900073081533738328, 25.59457853868786614 ) ) ;
#63 = CARTESIAN_POINT ( 'NONE',  ( -15.30333160545196058, 4.077724356561244434, 25.49705494146451912 ) ) ;
#64 = CARTESIAN_POINT ( 'NONE',  ( -15.29500796194964174, 4.300000000000000711, 25.54290144639407956 ) ) ;
#65 = CARTESIAN_POINT ( 'NONE',  ( -15.09358135259006595, 3.904000116336487025, 25.56448299328330620 ) ) ;
#66 = CARTESIAN_POINT ( 'NONE',  ( -15.23009249647524221, 3.959778751832934596, 25.55275314372412510 ) ) ;
#67 = CARTESIAN_POINT ( 'NONE',  ( -15.06690007060666048, 4.499138484558590889, 25.59403142505204443 ) ) ;
#68 = CARTESIAN_POINT ( 'NONE',  ( -15.15864252046757521, 4.481523964135575966, 25.53443670247631658 ) ) ;
#69 = CARTESIAN_POINT ( 'NONE',  ( -15.18322509042663349, 3.899999999999999467, 25.59593943264249916 ) ) ;
#70 = CARTESIAN_POINT ( 'NONE',  ( -15.23193694620514016, 4.442438139895098281, 25.49122123142999286 ) ) ;
#71 = CARTESIAN_POINT ( 'NONE',  ( -15.14599896941189527, 3.917339995795300567, 25.58427479991445352 ) ) ;
#72 = CARTESIAN_POINT ( 'NONE',  ( -15.16613282099384818, 4.032102616573598475, 25.40701676080345806 ) ) ;
#73 = CARTESIAN_POINT ( 'NONE',  ( -15.28215330043678399, 4.089772575253564746, 25.57595112158025685 ) ) ;
#74 = CARTESIAN_POINT ( 'NONE',  ( -15.25160274099230762, 3.998137774283469170, 25.57671918649184661 ) ) ;
#75 = AXIS2_PLACEMENT_3D ( 'NONE', #1594, #4576, #3557 ) ;
#76 = CARTESIAN_POINT ( 'NONE',  ( -6.215478552590508521, 4.500000000003248068, 31.17546102262805618 ) ) ;
#77 = CARTESIAN_POINT ( 'NONE',  ( -15.13029572300701986, 4.489731231794094946, 25.54276910371245890 ) ) ;
#78 = CARTESIAN_POINT ( 'NONE',  ( -5.901388593453922304, 4.299999999999999822, 23.67532041481294769 ) ) ;
#79 = CARTESIAN_POINT ( 'NONE',  ( -15.25928914122340707, 4.099999999999999645, 25.62413930255444683 ) ) ;
#80 = CARTESIAN_POINT ( 'NONE',  ( -15.05091074180258914, 3.900258360826242665, 25.58965912836023904 ) ) ;
#81 = CARTESIAN_POINT ( 'NONE',  ( -15.15696827808336700, 4.430370406318067111, 25.44281135053889642 ) ) ;
#82 = CARTESIAN_POINT ( 'NONE',  ( -15.17089800782383691, 3.927543011847712151, 25.57991793758983690 ) ) ;
#83 = DIRECTION ( 'NONE',  ( 0.000000000000000000, 0.000000000000000000, -1.000000000000000000 ) ) ;
#84 = ORIENTED_EDGE ( 'NONE', *, *, #356, .T. ) ;
#85 = CARTESIAN_POINT ( 'NONE',  ( -15.07572260480945125, 3.901847119621814741, 25.57378901234736546 ) ) ;
#86 = CARTESIAN_POINT ( 'NONE',  ( -15.25880442973716811, 4.310909733176946368, 25.40965997423991141 ) ) ;
#87 = CARTESIAN_POINT ( 'NONE',  ( -12.36563379326481282, 4.300000000000813394, 28.34915520411667345 ) ) ;
#88 = CARTESIAN_POINT ( 'NONE',  ( -15.13827241882958319, 3.916274585430888688, 25.59343191229207903 ) ) ;
#89 = CARTESIAN_POINT ( 'NONE',  ( -15.08350014945871109, 4.489778005273993067, 25.53401147036389318 ) ) ;
#90 = CARTESIAN_POINT ( 'NONE',  ( -8.371853625810068422, 4.099999999999998757, 25.65066497776075849 ) ) ;
#91 = CARTESIAN_POINT ( 'NONE',  ( -15.18528322290612920, 4.469069060432668827, 25.50142910068685254 ) ) ;
#92 = PRODUCT_DEFINITION_SHAPE ( 'NONE', 'NONE',  #3085 ) ;
#93 = CARTESIAN_POINT ( 'NONE',  ( -15.14924512175388749, 3.939041962974559663, 25.47633898023875432 ) ) ;
#94 = CARTESIAN_POINT ( 'NONE',  ( -6.471803982987364812, 3.900000000000000799, 24.47704127763307724 ) ) ;
#95 = CARTESIAN_POINT ( 'NONE',  ( -15.07575054746546250, 4.498163658835693468, 25.57400308762624519 ) ) ;
#96 = CARTESIAN_POINT ( 'NONE',  ( -5.893615004192769291, 3.899999999999995914, 31.41950702217628333 ) ) ;
#97 = CARTESIAN_POINT ( 'NONE',  ( -15.04499633594026520, 3.900027930943207100, 25.59690439830354336 ) ) ;
#98 = CARTESIAN_POINT ( 'NONE',  ( -15.30145387788081024, 4.500000000000000000, 25.52343424665479432 ) ) ;
#99 = CARTESIAN_POINT ( 'NONE',  ( -15.10242580670807122, 3.904689859215253911, 25.57403690411171482 ) ) ;
#100 = CARTESIAN_POINT ( 'NONE',  ( -15.22513970939952621, 3.949258256581039905, 25.53033908357983961 ) ) ;
#101 = CARTESIAN_POINT ( 'NONE',  ( -15.05916494268902639, 4.499583195845299421, 25.59601673992718318 ) ) ;
#102 = CARTESIAN_POINT ( 'NONE',  ( -15.18721146894042917, 4.463465832707021796, 25.57872531570060204 ) ) ;
#103 = CARTESIAN_POINT ( 'NONE',  ( -15.17510922483638325, 3.899999999999999911, 25.39504116976878834 ) ) ;
#104 = CARTESIAN_POINT ( 'NONE',  ( -15.22540854592394233, 4.437999019456774441, 25.47333148861354601 ) ) ;
#105 = CARTESIAN_POINT ( 'NONE',  ( -15.12129604174172748, 3.909711479631736264, 25.53961440743291078 ) ) ;
#106 = CARTESIAN_POINT ( 'NONE',  ( -15.27086109961875415, 4.038092514240438469, 25.57792142592486684 ) ) ;
#107 = CARTESIAN_POINT ( 'NONE',  ( -15.23565232545453085, 3.962609065847245926, 25.48773594647380492 ) ) ;
#108 = CARTESIAN_POINT ( 'NONE',  ( -15.07646059824499751, 3.901523782341324686, 25.57988388202062424 ) ) ;
#109 = CARTESIAN_POINT ( 'NONE',  ( -8.409572894735269699, 4.499999999999992895, 29.97860472721105296 ) ) ;
#110 = CARTESIAN_POINT ( 'NONE',  ( -15.15671590977851935, 4.475980489806679508, 25.59303413502357571 ) ) ;
#111 = CARTESIAN_POINT ( 'NONE',  ( -9.104999724300245845, 4.500000000000000000, 29.54294413859375368 ) ) ;
#112 = CARTESIAN_POINT ( 'NONE',  ( -13.88654749986689829, 3.900000000000000355, 26.84819293460423850 ) ) ;
#113 = CARTESIAN_POINT ( 'NONE',  ( -15.05721510032756072, 3.900296682464697628, 25.59263102506673704 ) ) ;
#114 = CARTESIAN_POINT ( 'NONE',  ( -15.21473548590740599, 4.453642306205949808, 25.48623096885592787 ) ) ;
#115 = CARTESIAN_POINT ( 'NONE',  ( -15.13230320674212415, 3.919281142900782999, 25.51153514929568189 ) ) ;
#116 = CARTESIAN_POINT ( 'NONE',  ( -15.12256174901618344, 3.952443977113248241, 25.46015135637373206 ) ) ;
#117 = CARTESIAN_POINT ( 'NONE',  ( -14.76950814149443580, 4.500000000001506351, 25.42403683089656141 ) ) ;
#118 = CARTESIAN_POINT ( 'NONE',  ( -15.08565308031844943, 3.902437977507294598, 25.57553040360844321 ) ) ;
#119 = CARTESIAN_POINT ( 'NONE',  ( -15.30543237060928163, 4.305241031574520427, 25.46029613261351088 ) ) ;
#120 = CARTESIAN_POINT ( 'NONE',  ( -15.11471970031163892, 3.909156612314417689, 25.59547440057311007 ) ) ;
#121 = CARTESIAN_POINT ( 'NONE',  ( -15.08168635520823386, 4.488818384484358326, 25.53129624396493469 ) ) ;
#122 = CARTESIAN_POINT ( 'NONE',  ( -15.20178027183641589, 4.458854617378165131, 25.56292282346499078 ) ) ;
#123 = CARTESIAN_POINT ( 'NONE',  ( -15.18051181596375976, 3.932353511479254049, 25.49406511234626649 ) ) ;
#124 = CARTESIAN_POINT ( 'NONE',  ( -7.136190645473788230, 3.899999999999999467, 25.31974908112304945 ) ) ;
#125 = CARTESIAN_POINT ( 'NONE',  ( -15.07079535227643063, 4.494699173963766725, 25.55224400114416738 ) ) ;
#126 = CARTESIAN_POINT ( 'NONE',  ( -15.04568635047401948, 3.900022771562446255, 25.59803366087318111 ) ) ;
#127 = CARTESIAN_POINT ( 'NONE',  ( -15.29160898045347494, 4.078979411294407775, 25.54862896908401382 ) ) ;
#128 = CARTESIAN_POINT ( 'NONE',  ( -15.13899408499456456, 4.299999999999999822, 25.81142278119954625 ) ) ;
#129 = CARTESIAN_POINT ( 'NONE',  ( -15.09333006575085001, 3.903373107641009199, 25.57396806962503888 ) ) ;
#130 = CARTESIAN_POINT ( 'NONE',  ( -15.19676029576746856, 3.943723243536878531, 25.47699313590628378 ) ) ;
#131 = CARTESIAN_POINT ( 'NONE',  ( -15.05805495030372221, 3.901504852575720328, 25.57452547730710180 ) ) ;
#132 = CARTESIAN_POINT ( 'NONE',  ( -15.06220433658605806, 4.499403815146476582, 25.59613024642688472 ) ) ;
#133 = CARTESIAN_POINT ( 'NONE',  ( -15.18924980501544653, 4.463157248052930903, 25.57544676912290527 ) ) ;
#134 = CARTESIAN_POINT ( 'NONE',  ( -15.20036655257392688, 3.899999999999999467, 25.39667182876452856 ) ) ;
#135 = CARTESIAN_POINT ( 'NONE',  ( -15.25756284474979729, 4.400621802150669559, 25.56379674630124654 ) ) ;
#136 = CARTESIAN_POINT ( 'NONE',  ( -15.14026194696071492, 3.913272455358683732, 25.57274633021959076 ) ) ;
#137 = CARTESIAN_POINT ( 'NONE',  ( -15.27459957287691239, 4.013073558460646062, 25.50049576893459147 ) ) ;
#138 = CARTESIAN_POINT ( 'NONE',  ( -15.07870969713818887, 3.909664947960556969, 25.53600606918099913 ) ) ;
#139 = CARTESIAN_POINT ( 'NONE',  ( -15.24605511012144277, 3.969151281000286247, 25.50807303369671075 ) ) ;
#140 = CARTESIAN_POINT ( 'NONE',  ( -8.959213296021436790, 4.499999999999182876, 29.79628432515601943 ) ) ;
#141 = CARTESIAN_POINT ( 'NONE',  ( -13.04145069102254162, 4.299999999998493472, 25.61682204753628156 ) ) ;
#142 = CARTESIAN_POINT ( 'NONE',  ( -15.11188996224404590, 4.477391280891271030, 25.50321917037474506 ) ) ;
#143 = CARTESIAN_POINT ( 'NONE',  ( -6.080349550509171586, 4.500000000000000888, 31.02473071537209748 ) ) ;
#144 = CARTESIAN_POINT ( 'NONE',  ( -13.49118544053225932, 4.099999999996741806, 27.47082906744633846 ) ) ;
#145 = CARTESIAN_POINT ( 'NONE',  ( -15.05557901655210529, 3.900294899334967536, 25.59000389730208269 ) ) ;
#146 = CARTESIAN_POINT ( 'NONE',  ( -15.15840072599640465, 4.419624521511553716, 25.43436103576985730 ) ) ;
#147 = CARTESIAN_POINT ( 'NONE',  ( -15.11459847935643808, 3.927838553657291509, 25.49365466802190738 ) ) ;
#148 = CARTESIAN_POINT ( 'NONE',  ( -15.12349895009100642, 4.447555759744723503, 25.46011879082330864 ) ) ;
#149 = CARTESIAN_POINT ( 'NONE',  ( -15.17097598414881077, 4.500000000000045297, 25.39491370778382873 ) ) ;
#150 = EDGE_LOOP ( 'NONE', ( #1206, #4247 ) ) ;
#151 = CARTESIAN_POINT ( 'NONE',  ( -15.09461238055718901, 3.904645138080974576, 25.59607811817485157 ) ) ;
#152 = CARTESIAN_POINT ( 'NONE',  ( -15.04597140269770428, 4.499974851962995182, 25.59851617450649996 ) ) ;
#153 = ADVANCED_FACE ( 'NONE', ( #2746 ), #2233, .T. ) ;
#154 = CARTESIAN_POINT ( 'NONE',  ( -15.10490743781501521, 4.492619974276356842, 25.54645701009466308 ) ) ;
#155 = CARTESIAN_POINT ( 'NONE',  ( -15.18472134747098856, 4.471862535287194795, 25.51506045139923629 ) ) ;
#156 = CARTESIAN_POINT ( 'NONE',  ( -15.04985477432912688, 4.499999999999998224, 25.58599154162862277 ) ) ;
#157 = CARTESIAN_POINT ( 'NONE',  ( -15.16467199980135661, 3.930609066116379946, 25.49316606240905259 ) ) ;
#158 = CARTESIAN_POINT ( 'NONE',  ( -15.10530181357099799, 3.899999999999999467, 25.47956266191834729 ) ) ;
#159 = CARTESIAN_POINT ( 'NONE',  ( -15.27841726804389033, 4.363904886025878227, 25.45678077818055129 ) ) ;
#160 = CARTESIAN_POINT ( 'NONE',  ( -7.118685942311015147, 3.899999999999621991, 25.06426392971630790 ) ) ;
#161 = CARTESIAN_POINT ( 'NONE',  ( -15.05124258214896216, 3.900160401864178894, 25.59988912024547147 ) ) ;
#162 = CARTESIAN_POINT ( 'NONE',  ( -15.08842726918186372, 4.497191391279187656, 25.58523427650583315 ) ) ;
#163 = CARTESIAN_POINT ( 'NONE',  ( -15.04305767522081538, 3.900006465489521013, 25.59846161464716374 ) ) ;
#164 = CARTESIAN_POINT ( 'NONE',  ( -15.17244263609260280, 4.060331633737918722, 25.39899934490426503 ) ) ;
#165 = CARTESIAN_POINT ( 'NONE',  ( -14.96000349347839098, 4.499999999999999112, 25.71699737859741930 ) ) ;
#166 = CARTESIAN_POINT ( 'NONE',  ( -15.07370576830662934, 3.906512814618172236, 25.54719316623890890 ) ) ;
#167 = CARTESIAN_POINT ( 'NONE',  ( -15.23314426491763740, 3.962341237385675452, 25.55183422480518374 ) ) ;
#168 = CARTESIAN_POINT ( 'NONE',  ( -15.05339282845572768, 4.499218232809909956, 25.58158193072627284 ) ) ;
#169 = CARTESIAN_POINT ( 'NONE',  ( -15.16523908052611169, 4.471967083280484978, 25.59226920335589739 ) ) ;
#170 = DIRECTION ( 'NONE',  ( 0.000000000000000000, 0.000000000000000000, 1.000000000000000000 ) ) ;
#171 = CARTESIAN_POINT ( 'NONE',  ( -15.15485275675653298, 4.472823101817946068, 25.49913078125953092 ) ) ;
#172 = CARTESIAN_POINT ( 'NONE',  ( -15.01555899250254100, 4.099999999999623945, 25.40169645856047609 ) ) ;
#173 = CARTESIAN_POINT ( 'NONE',  ( -15.18464068881652373, 4.404290769597592359, 25.42679616321204961 ) ) ;
#174 = CARTESIAN_POINT ( 'NONE',  ( -15.11200589235198066, 3.907745219020028138, 25.54667972730964820 ) ) ;
#175 = CARTESIAN_POINT ( 'NONE',  ( -15.07232867374468377, 3.901781893009505620, 25.57317921091948065 ) ) ;
#176 = CARTESIAN_POINT ( 'NONE',  ( -9.240697944341539127, 4.499999999999999112, 29.50482972076922294 ) ) ;
#177 = CARTESIAN_POINT ( 'NONE',  ( -15.10707201800459565, 4.474172407346980407, 25.49744757475586709 ) ) ;
#178 = CARTESIAN_POINT ( 'NONE',  ( -14.76305700357974615, 4.500000000000000888, 25.96023818492800572 ) ) ;
#179 = CARTESIAN_POINT ( 'NONE',  ( -11.32951601162572075, 4.100000000000822986, 28.96928848867717221 ) ) ;
#180 = CARTESIAN_POINT ( 'NONE',  ( -15.05425863323325331, 3.900201247429734508, 25.59509682548606690 ) ) ;
#181 = CARTESIAN_POINT ( 'NONE',  ( -15.24001359824482016, 4.425108940969444404, 25.56325245943647673 ) ) ;
#182 = CARTESIAN_POINT ( 'NONE',  ( -15.17827338830031003, 3.933633025781534620, 25.58693539057579969 ) ) ;
#183 = CARTESIAN_POINT ( 'NONE',  ( -15.19425263741787546, 4.499999999999999112, 25.39614673984779358 ) ) ;
#184 = CARTESIAN_POINT ( 'NONE',  ( -15.08187157076061879, 3.902183511308977337, 25.57411620921897821 ) ) ;
#185 = CARTESIAN_POINT ( 'NONE',  ( -15.04972838415684322, 4.499911662776586496, 25.59508341136871579 ) ) ;
#186 = CARTESIAN_POINT ( 'NONE',  ( -15.13239964244153768, 3.914271552512313956, 25.59395230767213647 ) ) ;
#187 = CARTESIAN_POINT ( 'NONE',  ( -15.12633382917939251, 4.490781305586405203, 25.57062346286351229 ) ) ;
#188 = CARTESIAN_POINT ( 'NONE',  ( -15.18161408303011939, 4.465920191121555582, 25.49026243943010428 ) ) ;
#189 = CIRCLE ( 'NONE', #1611, 0.09999999999999947820 ) ;
#190 = CARTESIAN_POINT ( 'NONE',  ( -15.18713695035807199, 3.930943968699658786, 25.50306958086830278 ) ) ;
#191 = LINE ( 'NONE', #3655, #5213 ) ;
#192 = CARTESIAN_POINT ( 'NONE',  ( -15.27694416791524468, 4.350461794618855293, 25.57285367940563248 ) ) ;
#193 = CARTESIAN_POINT ( 'NONE',  ( -5.990553853525057093, 3.899999999999999467, 24.18097290716216463 ) ) ;
#194 = CARTESIAN_POINT ( 'NONE',  ( -15.08624821181323483, 4.496338998183476043, 25.56254127663147457 ) ) ;
#195 = CARTESIAN_POINT ( 'NONE',  ( -15.04207414181169078, 3.899999999999998135, 25.59918060081772140 ) ) ;
#196 = CARTESIAN_POINT ( 'NONE',  ( -15.30263831032861788, 4.077838146689897414, 25.50291952380203142 ) ) ;
#197 = CARTESIAN_POINT ( 'NONE',  ( -14.28250210530127617, 4.299999999997544009, 26.74849383190274210 ) ) ;
#198 = CARTESIAN_POINT ( 'NONE',  ( -15.25639841821927867, 4.008675942731131592, 25.58022072905943389 ) ) ;
#199 = CARTESIAN_POINT ( 'NONE',  ( -15.10220644769936271, 3.905173149565636770, 25.58673842974966206 ) ) ;
#200 = CARTESIAN_POINT ( 'NONE',  ( -15.30569359362124260, 4.089323069754636997, 25.49585773833021562 ) ) ;
#201 = CARTESIAN_POINT ( 'NONE',  ( -15.14933515088411831, 3.960857636716134778, 25.45078285550705388 ) ) ;
#202 = CARTESIAN_POINT ( 'NONE',  ( -15.06910165006612878, 4.499005680601902313, 25.58274531850189959 ) ) ;
#203 = CARTESIAN_POINT ( 'NONE',  ( -15.30710647723257090, 4.300000000000820499, 25.48422300060879309 ) ) ;
#204 = CARTESIAN_POINT ( 'NONE',  ( -15.16825048868229864, 4.476352889488793174, 25.51739638929184650 ) ) ;
#205 = CARTESIAN_POINT ( 'NONE',  ( -15.18360884948176093, 4.099999999999999645, 25.39544775567268431 ) ) ;
#206 = CARTESIAN_POINT ( 'NONE',  ( -15.26038719397411469, 4.408085230904378982, 25.53673819221252828 ) ) ;
#207 = CARTESIAN_POINT ( 'NONE',  ( -15.12545182255634124, 3.909991326202883588, 25.58108208927335170 ) ) ;
#208 = CARTESIAN_POINT ( 'NONE',  ( -15.21133276309492288, 3.969873704241083878, 25.45408166229454139 ) ) ;
#209 = CARTESIAN_POINT ( 'NONE',  ( -15.06229753945090799, 3.901834174276833878, 25.57167962312794884 ) ) ;
#210 = CARTESIAN_POINT ( 'NONE',  ( -5.770646517838873280, 4.499999999999999112, 31.26177702704546846 ) ) ;
#211 = CARTESIAN_POINT ( 'NONE',  ( -15.13351252993710716, 4.487356122556654725, 25.53184748597642795 ) ) ;
#212 = CARTESIAN_POINT ( 'NONE',  ( -11.04112960735938032, 4.499999999999999112, 28.88651582745614377 ) ) ;
#213 = CARTESIAN_POINT ( 'NONE',  ( -13.12600295236009806, 4.099999999998371614, 27.77450824847630528 ) ) ;
#214 = CARTESIAN_POINT ( 'NONE',  ( -15.05249251388005938, 3.900184433029753261, 25.59225329782100289 ) ) ;
#215 = CARTESIAN_POINT ( 'NONE',  ( -15.22580286752070222, 4.449316778438071829, 25.49482506689952288 ) ) ;
#216 = CARTESIAN_POINT ( 'NONE',  ( -15.16717433293550066, 3.925165298253602497, 25.57793317855734472 ) ) ;
#217 = CARTESIAN_POINT ( 'NONE',  ( -15.08115731917770752, 4.489192227040164518, 25.53220614903126773 ) ) ;
#218 = CARTESIAN_POINT ( 'NONE',  ( -15.17879223274368172, 4.499999999999999112, 25.59555013053547157 ) ) ;
#219 = ORIENTED_EDGE ( 'NONE', *, *, #5370, .F. ) ;
#220 = CARTESIAN_POINT ( 'NONE',  ( -15.04700055798888769, 4.499962197789026952, 25.59780163444975898 ) ) ;
#221 = CARTESIAN_POINT ( 'NONE',  ( -15.11618130387486225, 4.492274616556666267, 25.58123694485192701 ) ) ;
#222 = CARTESIAN_POINT ( 'NONE',  ( -15.19513066773867216, 4.464586399641712333, 25.49458786561578094 ) ) ;
#223 = CARTESIAN_POINT ( 'NONE',  ( -15.21747342942397196, 3.962373383303063434, 25.58542368890005747 ) ) ;
#224 = CARTESIAN_POINT ( 'NONE',  ( -15.24702722899640150, 4.362092596578214909, 25.42500986159446796 ) ) ;
#225 = CARTESIAN_POINT ( 'NONE',  ( -6.137006438390771201, 4.500000000000000888, 24.38500643695555326 ) ) ;
#226 = CARTESIAN_POINT ( 'NONE',  ( -15.09512085053050434, 4.496334146032065604, 25.58184727101590283 ) ) ;
#227 = CARTESIAN_POINT ( 'NONE',  ( -15.04650662325819255, 3.900035438052535053, 25.59934241810390887 ) ) ;
#228 = CARTESIAN_POINT ( 'NONE',  ( -15.13899408501159272, 4.500000000000000000, 25.81142278121165390 ) ) ;
#229 = CARTESIAN_POINT ( 'NONE',  ( -15.09589202105638606, 3.903697450455421158, 25.57830111481262847 ) ) ;
#230 = CARTESIAN_POINT ( 'NONE',  ( -15.16357215148821069, 3.950640289349557577, 25.46147462372234926 ) ) ;
#231 = CARTESIAN_POINT ( 'NONE',  ( -15.18169091036889284, 4.499999999999999112, 25.59579834220531325 ) ) ;
#232 = CARTESIAN_POINT ( 'NONE',  ( -15.07205004596293740, 4.498499869267764240, 25.59773369244335228 ) ) ;
#233 =( CONVERSION_BASED_UNIT ( 'INCH', #1190 ) LENGTH_UNIT ( ) NAMED_UNIT ( #5192 ) );
#234 = PRODUCT_RELATED_PRODUCT_CATEGORY ( 'part', '', ( #4030 ) ) ;
#235 = CARTESIAN_POINT ( 'NONE',  ( -15.17165306808791492, 4.477207476529880381, 25.54437148666893265 ) ) ;
#236 = CARTESIAN_POINT ( 'NONE',  ( -15.21701449994123934, 3.899999999999999911, 25.39820346582993693 ) ) ;
#237 = UNCERTAINTY_MEASURE_WITH_UNIT (LENGTH_MEASURE( 1.000000000000000082E-05 ), #5297, 'distance_accuracy_value', 'NONE');
#238 = CARTESIAN_POINT ( 'NONE',  ( -15.24668128277537882, 4.426713670098233244, 25.49363799204262193 ) ) ;
#239 = CARTESIAN_POINT ( 'NONE',  ( -15.14601873145403310, 3.918725652075975230, 25.59063835880315807 ) ) ;
#240 = CARTESIAN_POINT ( 'NONE',  ( -15.26734640899690731, 4.000616604105215579, 25.50383268293886729 ) ) ;
#241 = CARTESIAN_POINT ( 'NONE',  ( -15.24881000501975414, 3.994243224121032387, 25.57713619051416387 ) ) ;
#242 = CARTESIAN_POINT ( 'NONE',  ( -15.06347897253571766, 3.902238616584386310, 25.56874233615862124 ) ) ;
#243 = CARTESIAN_POINT ( 'NONE',  ( -5.887829502344380295, 4.499999999999995559, 31.42401748428822472 ) ) ;
#244 = CARTESIAN_POINT ( 'NONE',  ( -15.15108935250089672, 4.484986105643828935, 25.55581085703952127 ) ) ;
#245 = CARTESIAN_POINT ( 'NONE',  ( -8.455515029284587314, 4.499999999999999112, 29.74993154828758080 ) ) ;
#246 = CARTESIAN_POINT ( 'NONE',  ( -10.24725606367692166, 4.499999999998492761, 25.83519612053141401 ) ) ;
#247 = CARTESIAN_POINT ( 'NONE',  ( -12.84664938857661909, 3.899999999999999911, 27.99611780879685341 ) ) ;
#248 = CARTESIAN_POINT ( 'NONE',  ( -15.05175402305263255, 3.900148006418037827, 25.59347407295056698 ) ) ;
#249 = CARTESIAN_POINT ( 'NONE',  ( -15.24094352897969351, 4.415119850239086929, 25.57932058006462128 ) ) ;
#250 = CARTESIAN_POINT ( 'NONE',  ( -15.13930119626367699, 3.915062754751566398, 25.52584380329966152 ) ) ;
#251 = CARTESIAN_POINT ( 'NONE',  ( -15.06334927304895643, 4.496784695163621670, 25.56288256718944751 ) ) ;
#252 = CARTESIAN_POINT ( 'NONE',  ( -15.19904052898978186, 4.500000000000000000, 25.39655048004007298 ) ) ;
#253 = ORIENTED_EDGE ( 'NONE', *, *, #2065, .F. ) ;
#254 = CARTESIAN_POINT ( 'NONE',  ( -15.04494571484896781, 4.499920008719501929, 25.59429879754793191 ) ) ;
#255 = CARTESIAN_POINT ( 'NONE',  ( -15.11360850967687242, 4.493374586596328157, 25.56029507737833839 ) ) ;
#256 = CARTESIAN_POINT ( 'NONE',  ( -15.21773631631745971, 4.443212867185613923, 25.57248820573605741 ) ) ;
#257 = CARTESIAN_POINT ( 'NONE',  ( -15.15465818143157506, 3.923056937335439365, 25.50987584111589257 ) ) ;
#258 = CARTESIAN_POINT ( 'NONE',  ( -15.29477413656958440, 3.899999999999999911, 25.54360368224214639 ) ) ;
#259 = CARTESIAN_POINT ( 'NONE',  ( -5.900018103692000082, 4.028365833295872278, 23.69857034020330389 ) ) ;
#260 = CARTESIAN_POINT ( 'NONE',  ( -15.28754636113898080, 4.357704231522866678, 25.52686312393243284 ) ) ;
#261 = CARTESIAN_POINT ( 'NONE',  ( -10.23707233653644444, 4.500000000000002665, 26.03539179011985283 ) ) ;
#262 = CARTESIAN_POINT ( 'NONE',  ( -15.07726523787253115, 4.493870680808579543, 25.54851326631880681 ) ) ;
#263 = CARTESIAN_POINT ( 'NONE',  ( -15.04208716356073694, 3.899999999999998135, 25.59920550273190187 ) ) ;
#264 = CARTESIAN_POINT ( 'NONE',  ( -13.93494370075779720, 4.499999999997550404, 27.07559799670415046 ) ) ;
#265 = CARTESIAN_POINT ( 'NONE',  ( -15.04136205888854327, 4.499999999999999112, 25.60037349240651139 ) ) ;
#266 = CARTESIAN_POINT ( 'NONE',  ( -15.10481893055971092, 3.906184067698268869, 25.59133453126997182 ) ) ;
#267 = CARTESIAN_POINT ( 'NONE',  ( -15.27411951210744867, 4.089290415472492057, 25.41730984194634146 ) ) ;
#268 = CARTESIAN_POINT ( 'NONE',  ( -15.20698527877273243, 3.936599674469567489, 25.51354730686428240 ) ) ;
#269 = CARTESIAN_POINT ( 'NONE',  ( -15.20041282607568434, 4.500000000000000000, 25.39667647545189766 ) ) ;
#270 = CARTESIAN_POINT ( 'NONE',  ( -15.06985245444435684, 4.499004921239143862, 25.58397947783993231 ) ) ;
#271 = CARTESIAN_POINT ( 'NONE',  ( -15.04449494906482343, 4.499960002270006143, 25.59602151518163993 ) ) ;
#272 = CARTESIAN_POINT ( 'NONE',  ( -15.15093515036718053, 4.478491029779730681, 25.59353229064388202 ) ) ;
#273 =( NAMED_UNIT ( * ) SI_UNIT ( $, .STERADIAN. ) SOLID_ANGLE_UNIT ( ) );
#274 = CARTESIAN_POINT ( 'NONE',  ( -11.15697736293832953, 4.300000000000000711, 29.05606385966504845 ) ) ;
#275 = CARTESIAN_POINT ( 'NONE',  ( -15.21527029537280384, 4.417158628498156325, 25.44574699481132640 ) ) ;
#276 = CARTESIAN_POINT ( 'NONE',  ( -15.12095962695866724, 3.907710796898832051, 25.56144849894026194 ) ) ;
#277 = ADVANCED_FACE ( 'NONE', ( #4215 ), #1513, .T. ) ;
#278 = CARTESIAN_POINT ( 'NONE',  ( -15.20234716066260994, 3.962456770249282556, 25.45638440865148766 ) ) ;
#279 = CARTESIAN_POINT ( 'NONE',  ( -15.08682036690705530, 3.903462827660935552, 25.59773578503080671 ) ) ;
#280 = CARTESIAN_POINT ( 'NONE',  ( -14.95516479569327828, 4.300000000000002487, 25.40676289538721733 ) ) ;
#281 = CARTESIAN_POINT ( 'NONE',  ( -15.15766434645204441, 4.481058802497314808, 25.56882586505827959 ) ) ;
#282 = CARTESIAN_POINT ( 'NONE',  ( -7.420880407446428961, 4.499999999996232347, 25.26252553774243026 ) ) ;
#283 = CARTESIAN_POINT ( 'NONE',  ( -9.070830752981866141, 3.900000000001635936, 29.76283606055293873 ) ) ;
#284 = CARTESIAN_POINT ( 'NONE',  ( -15.04719159391688521, 3.900112507675628226, 25.59325676749413603 ) ) ;
#285 = CARTESIAN_POINT ( 'NONE',  ( -15.20177579675152479, 4.444869153854307697, 25.46394161271415157 ) ) ;
#286 = CARTESIAN_POINT ( 'NONE',  ( -15.14299273311674021, 3.912784207005563175, 25.54183510742843310 ) ) ;
#287 = ORIENTED_EDGE ( 'NONE', *, *, #1398, .T. ) ;
#288 = CARTESIAN_POINT ( 'NONE',  ( -15.04692221675125374, 4.499952324454788766, 25.60003272321214141 ) ) ;
#289 = CARTESIAN_POINT ( 'NONE',  ( -15.08981969182424621, 4.486388758479042949, 25.52407147340840865 ) ) ;
#290 = CARTESIAN_POINT ( 'NONE',  ( -15.18005646901680272, 4.459491862698883757, 25.47729405933037938 ) ) ;
#291 = CARTESIAN_POINT ( 'NONE',  ( -15.17106538116108716, 3.928291229773512860, 25.50114350797658247 ) ) ;
#292 = CARTESIAN_POINT ( 'NONE',  ( -15.30145387788056510, 4.299999999999999822, 25.52343424665470906 ) ) ;
#293 = CARTESIAN_POINT ( 'NONE',  ( -15.27125564297596760, 4.369651255879579033, 25.56966459610214670 ) ) ;
#294 = CARTESIAN_POINT ( 'NONE',  ( -5.900018103691999194, 4.337944791255194943, 23.68001418473031094 ) ) ;
#295 = CARTESIAN_POINT ( 'NONE',  ( -15.08373303042846381, 4.496566877767232739, 25.56314391656991702 ) ) ;
#296 = CARTESIAN_POINT ( 'NONE',  ( -15.04267744549556696, 3.899999999999998135, 25.60018811274163397 ) ) ;
#297 = CARTESIAN_POINT ( 'NONE',  ( -15.06441312019093992, 3.900630287955988873, 25.58966892690567363 ) ) ;
#298 = CARTESIAN_POINT ( 'NONE',  ( -15.04136205888854683, 4.499999999999999112, 25.60037349240651849 ) ) ;
#299 = CARTESIAN_POINT ( 'NONE',  ( -15.08885477947695364, 3.902852906677631850, 25.57365917902005847 ) ) ;
#300 = CARTESIAN_POINT ( 'NONE',  ( -15.22471119042161369, 3.965372115262807196, 25.57711815183745685 ) ) ;
#301 = CARTESIAN_POINT ( 'NONE',  ( -15.24204454616344151, 4.500000000000000000, 25.40055680338844013 ) ) ;
#302 = CARTESIAN_POINT ( 'NONE',  ( -15.07139511153578759, 4.498631587232421403, 25.59661190667582886 ) ) ;
#303 = CARTESIAN_POINT ( 'NONE',  ( -15.04402781795551469, 4.499991677780925237, 25.60006654505659185 ) ) ;
#304 = CARTESIAN_POINT ( 'NONE',  ( -11.77197993903361173, 4.299999999999998934, 28.73162629336343343 ) ) ;
#305 = CARTESIAN_POINT ( 'NONE',  ( -15.26962308731873286, 4.390278073629426459, 25.48121690086055580 ) ) ;
#306 = CARTESIAN_POINT ( 'NONE',  ( -15.09778443455073393, 3.909755916278980781, 25.53532480912421931 ) ) ;
#307 = CARTESIAN_POINT ( 'NONE',  ( -15.27034651906339668, 4.007911678891739271, 25.53273708131744613 ) ) ;
#308 = CARTESIAN_POINT ( 'NONE',  ( -15.16172926303248225, 3.979520011470490726, 25.43500965942394743 ) ) ;
#309 = CARTESIAN_POINT ( 'NONE',  ( -15.06886280069272566, 3.901307555451737574, 25.57732186249763018 ) ) ;
#310 = CARTESIAN_POINT ( 'NONE',  ( -5.788005765115558532, 4.499999999999999112, 31.24824983922872335 ) ) ;
#311 = CARTESIAN_POINT ( 'NONE',  ( -15.15496470362468173, 4.483780649847492583, 25.55149389613178101 ) ) ;
#312 = CARTESIAN_POINT ( 'NONE',  ( -7.181905162650861207, 4.499999999999999112, 25.34952804017030559 ) ) ;
#313 = CARTESIAN_POINT ( 'NONE',  ( -8.959090994766061300, 4.100000000002454570, 29.79632160711851796 ) ) ;
#314 = CARTESIAN_POINT ( 'NONE',  ( -15.05069458516461900, 3.900106245502275470, 25.59656903295701014 ) ) ;
#315 = CARTESIAN_POINT ( 'NONE',  ( -15.24699125589606652, 4.404692775365688817, 25.58249924264766051 ) ) ;
#316 = CARTESIAN_POINT ( 'NONE',  ( -15.14769865499039803, 3.914343780172610199, 25.53912101730049145 ) ) ;
#317 = ORIENTED_EDGE ( 'NONE', *, *, #4705, .F. ) ;
#318 = CARTESIAN_POINT ( 'NONE',  ( -15.05301320683183341, 4.499839772424790496, 25.59564240792546741 ) ) ;
#319 = CARTESIAN_POINT ( 'NONE',  ( -15.14310839911768980, 4.485019047891050548, 25.57759635997003755 ) ) ;
#320 = CARTESIAN_POINT ( 'NONE',  ( -15.28238399666747327, 4.100000000000000533, 25.57591044774448363 ) ) ;
#321 = CARTESIAN_POINT ( 'NONE',  ( -15.15906086918689333, 4.454475093812414244, 25.46772417924113441 ) ) ;
#322 = CARTESIAN_POINT ( 'NONE',  ( -15.13394916265394663, 3.943425526303428796, 25.47036731938109710 ) ) ;
#323 = CARTESIAN_POINT ( 'NONE',  ( -15.30392110918869264, 4.322782634011588243, 25.48596247820364979 ) ) ;
#324 = CARTESIAN_POINT ( 'NONE',  ( -5.900018103691998306, 4.500000000000000000, 31.16203331118273212 ) ) ;
#325 = CARTESIAN_POINT ( 'NONE',  ( -15.08920197897975335, 4.497197157121601840, 25.58158979765034502 ) ) ;
#326 = CARTESIAN_POINT ( 'NONE',  ( -15.04136205888854505, 3.899999999999999023, 25.60037349240651849 ) ) ;
#327 = CARTESIAN_POINT ( 'NONE',  ( -15.05889765827064330, 3.900860993809908361, 25.58079694829998729 ) ) ;
#328 = CARTESIAN_POINT ( 'NONE',  ( -5.900018103691998306, 3.899999999999999911, 31.41451507187543513 ) ) ;
#329 = CARTESIAN_POINT ( 'NONE',  ( -15.08517467415064672, 3.902973651053224913, 25.56759716414375205 ) ) ;
#330 = CARTESIAN_POINT ( 'NONE',  ( -15.19723071317070406, 3.935464528062906808, 25.49634579383162958 ) ) ;
#331 = CARTESIAN_POINT ( 'NONE',  ( -15.22829264894741463, 4.299999999999999822, 25.39927504345069664 ) ) ;
#332 = CARTESIAN_POINT ( 'NONE',  ( -15.06340868067353966, 4.498403180475806451, 25.57357040314601448 ) ) ;
#333 = CARTESIAN_POINT ( 'NONE',  ( -15.18580283711576229, 3.899999999999999467, 25.59617658934942241 ) ) ;
#334 = CARTESIAN_POINT ( 'NONE',  ( -15.26606064927672612, 4.401012574656498977, 25.50009763632237281 ) ) ;
#335 = CARTESIAN_POINT ( 'NONE',  ( -15.13176425517818302, 3.926518281125092269, 25.49643254741791409 ) ) ;
#336 = CARTESIAN_POINT ( 'NONE',  ( -15.16142360106186082, 3.988824049751113598, 25.42853780157577859 ) ) ;
#337 = CARTESIAN_POINT ( 'NONE',  ( -15.06789781133476680, 3.900834052197860391, 25.58799387773947842 ) ) ;
#338 = CARTESIAN_POINT ( 'NONE',  ( -14.90286623059384041, 4.300000000000001599, 25.41151111410781382 ) ) ;
#339 = CARTESIAN_POINT ( 'NONE',  ( -15.18568622165543403, 3.938895922052402021, 25.58892193681104388 ) ) ;
#340 = CARTESIAN_POINT ( 'NONE',  ( -15.11218016582410684, 4.462623852353099885, 25.47910201369745309 ) ) ;
#341 = CARTESIAN_POINT ( 'NONE',  ( -8.267508349934210798, 4.499999999996994404, 25.62254233743658105 ) ) ;
#342 = CARTESIAN_POINT ( 'NONE',  ( -6.780848962195334728, 4.099999999995162625, 30.78539292334916766 ) ) ;
#343 = CARTESIAN_POINT ( 'NONE',  ( -15.05190011623759361, 3.900146843214697956, 25.59370926903056542 ) ) ;
#344 = CARTESIAN_POINT ( 'NONE',  ( -15.22973556200586565, 4.442797719035056048, 25.48718492904560406 ) ) ;
#345 = CARTESIAN_POINT ( 'NONE',  ( -15.15517767793214610, 3.916338754353421159, 25.55264290749643408 ) ) ;
#346 = CARTESIAN_POINT ( 'NONE',  ( -15.09731207796999364, 3.906335930660194133, 25.54992437119814497 ) ) ;
#347 = ORIENTED_EDGE ( 'NONE', *, *, #2736, .T. ) ;
#348 = CARTESIAN_POINT ( 'NONE',  ( -15.08478247845820519, 3.902479448795407535, 25.58895933057705818 ) ) ;
#349 = CARTESIAN_POINT ( 'NONE',  ( -15.05491940468136747, 4.499730050087688227, 25.59875324257882667 ) ) ;
#350 = CARTESIAN_POINT ( 'NONE',  ( -15.13448694835181740, 4.488967377401508863, 25.56744066712344932 ) ) ;
#351 = CARTESIAN_POINT ( 'NONE',  ( -5.900018103691999194, 4.028228707631230421, 31.39780506298069795 ) ) ;
#352 = CARTESIAN_POINT ( 'NONE',  ( -15.17744869989445533, 4.454839442953994144, 25.46979512710827009 ) ) ;
#353 = CARTESIAN_POINT ( 'NONE',  ( -15.04283263516822799, 4.499990942753857581, 25.59806974009587677 ) ) ;
#354 = CARTESIAN_POINT ( 'NONE',  ( -10.54481021322653866, 3.899999999999999467, 26.02695248870417899 ) ) ;
#355 = CARTESIAN_POINT ( 'NONE',  ( -15.20798123385555556, 3.952898616686300493, 25.58328958958453825 ) ) ;
#356 = EDGE_CURVE ( 'NONE', #3097, #888, #2609, .T. ) ;
#357 = CARTESIAN_POINT ( 'NONE',  ( -15.25465209829331492, 4.329005836535027463, 25.41275768272482338 ) ) ;
#358 = CARTESIAN_POINT ( 'NONE',  ( -13.40807003864583891, 4.499999999999999112, 25.77726322907173184 ) ) ;
#359 = CARTESIAN_POINT ( 'NONE',  ( -15.08682036690705530, 3.903462827660935552, 25.59773578503080671 ) ) ;
#360 = CARTESIAN_POINT ( 'NONE',  ( -15.10529117513856612, 4.493330301075473265, 25.59448760593423344 ) ) ;
#361 = CARTESIAN_POINT ( 'NONE',  ( -15.04136205888854683, 3.899999999999999023, 25.60037349240651849 ) ) ;
#362 = CARTESIAN_POINT ( 'NONE',  ( -5.937132349040406432, 4.300000000000000711, 23.73476015470192380 ) ) ;
#363 = CARTESIAN_POINT ( 'NONE',  ( -15.18510148830761963, 4.471050542137729344, 25.54865801474258902 ) ) ;
#364 = CARTESIAN_POINT ( 'NONE',  ( -15.06527192629514822, 3.900690015988787174, 25.59107268992380213 ) ) ;
#365 = APPLICATION_CONTEXT ( 'automotive_design' ) ;
#366 = CARTESIAN_POINT ( 'NONE',  ( -15.08614832515796245, 3.903124746439028847, 25.56683108771722246 ) ) ;
#367 = CARTESIAN_POINT ( 'NONE',  ( -15.18185206499141238, 4.499999999999999112, 25.59581335839419225 ) ) ;
#368 = CARTESIAN_POINT ( 'NONE',  ( -15.07327054375308606, 4.498793514956145323, 25.58467103137226673 ) ) ;
#369 = CARTESIAN_POINT ( 'NONE',  ( -15.09548548568638360, 4.495011484949648306, 25.59756962443170636 ) ) ;
#370 = CARTESIAN_POINT ( 'NONE',  ( -10.07271093253464755, 4.299999999999999822, 29.46958275181069098 ) ) ;
#371 = CARTESIAN_POINT ( 'NONE',  ( -15.25855194446533147, 4.387033310543728248, 25.58064541728193575 ) ) ;
#372 = CARTESIAN_POINT ( 'NONE',  ( -15.15779940071037224, 3.918358403716774241, 25.53333503051344877 ) ) ;
#373 = CARTESIAN_POINT ( 'NONE',  ( -15.22221966861428299, 3.958316193063119215, 25.47420395991402131 ) ) ;
#374 = CARTESIAN_POINT ( 'NONE',  ( -15.06090133568566891, 3.901249607911770223, 25.57671708526466148 ) ) ;
#375 = CARTESIAN_POINT ( 'NONE',  ( -15.26899761071666184, 4.366347347695906933, 25.57883669534772508 ) ) ;
#376 = CARTESIAN_POINT ( 'NONE',  ( -15.16831513847549218, 4.473974047752645511, 25.57912666264128987 ) ) ;
#377 = CARTESIAN_POINT ( 'NONE',  ( -7.783031133757441822, 4.300000000001494627, 25.45140974285302704 ) ) ;
#378 = CARTESIAN_POINT ( 'NONE',  ( -7.170058669443184485, 4.100000000004836664, 30.55019666561748437 ) ) ;
#379 = CARTESIAN_POINT ( 'NONE',  ( -15.05151080751266868, 3.900137216446343480, 25.59788539015915276 ) ) ;
#380 = CARTESIAN_POINT ( 'NONE',  ( -15.14569892276024632, 4.404405463462544468, 25.42407304098209408 ) ) ;
#381 = CARTESIAN_POINT ( 'NONE',  ( -15.11249932890199510, 3.918129403225658169, 25.51240927850534845 ) ) ;
#382 = CARTESIAN_POINT ( 'NONE',  ( -15.21176789275000019, 4.043374636448382908, 25.40943813890980252 ) ) ;
#383 = CARTESIAN_POINT ( 'NONE',  ( -15.08863052763035917, 3.907983417471632137, 25.54140421867106170 ) ) ;
#384 = CARTESIAN_POINT ( 'NONE',  ( -15.27461881494290807, 4.099999999998169997, 25.41681103876312164 ) ) ;
#385 = CARTESIAN_POINT ( 'NONE',  ( -15.05267173602946507, 4.499798735925138793, 25.59987162592800303 ) ) ;
#386 = CARTESIAN_POINT ( 'NONE',  ( -15.14801865288246674, 4.479695058467752844, 25.59377748648741857 ) ) ;
#387 = CARTESIAN_POINT ( 'NONE',  ( -14.05384879587533398, 4.100000000000001421, 26.96569166430868947 ) ) ;
#388 = CARTESIAN_POINT ( 'NONE',  ( -15.16620786824447364, 4.448274044650929682, 25.46036875468996641 ) ) ;
#389 = CARTESIAN_POINT ( 'NONE',  ( -15.04211732712115612, 4.499999999999999112, 25.59928182069911173 ) ) ;
#390 = CARTESIAN_POINT ( 'NONE',  ( -5.900018103691998306, 4.457991551794140861, 31.31743126820797229 ) ) ;
#391 = CARTESIAN_POINT ( 'NONE',  ( -15.14474957416398126, 3.921320814141195932, 25.51062775211002176 ) ) ;
#392 = CARTESIAN_POINT ( 'NONE',  ( -15.22263254391597975, 3.975014506049235230, 25.45644839830520922 ) ) ;
#393 = CARTESIAN_POINT ( 'NONE',  ( -15.23974841616580811, 4.322433730449930955, 25.40563237776570915 ) ) ;
#394 = SURFACE_SIDE_STYLE ('',( #2818 ) ) ;
#395 = CARTESIAN_POINT ( 'NONE',  ( -15.08912408165531360, 4.494531619054140670, 25.55250361874231757 ) ) ;
#396 = CARTESIAN_POINT ( 'NONE',  ( -6.006963749483707815, 4.499999999998483879, 23.84691891534377106 ) ) ;
#397 = CARTESIAN_POINT ( 'NONE',  ( -15.17563313671394276, 4.472828562527513263, 25.50816136052851135 ) ) ;
#398 = CARTESIAN_POINT ( 'NONE',  ( -15.06412554752938959, 3.900615700124362206, 25.58920177612561275 ) ) ;
#399 = CARTESIAN_POINT ( 'NONE',  ( -14.60411216255401712, 4.100000000000001421, 25.41741117035399711 ) ) ;
#400 = CARTESIAN_POINT ( 'NONE',  ( -15.08332260586446694, 3.903211981431202293, 25.56459902503657133 ) ) ;
#401 = CARTESIAN_POINT ( 'NONE',  ( -15.08463389101022933, 4.497203115558329856, 25.59392398326191653 ) ) ;
#402 = CARTESIAN_POINT ( 'NONE',  ( -15.23447326701514903, 4.388331128684899163, 25.43513170229948983 ) ) ;
#403 = CARTESIAN_POINT ( 'NONE',  ( -15.15135393863712210, 4.014857144425747926, 25.41362720785242857 ) ) ;
#404 = CARTESIAN_POINT ( 'NONE',  ( -15.23555760003512205, 3.958431302258942353, 25.53041605265313763 ) ) ;
#405 =( BOUNDED_SURFACE ( )  B_SPLINE_SURFACE ( 3, 2, ( 
 ( #450, #5918, #477 ),
 ( #2935, #4377, #6349 ),
 ( #1942, #2392, #4459 ),
 ( #4901, #4404, #6320 ),
 ( #3355, #2994, #1970 ),
 ( #78, #3929, #5890 ),
 ( #3984, #3446, #5322 ),
 ( #3870, #5832, #4828 ),
 ( #438, #2380, #4335 ),
 ( #6309, #1896, #1920 ),
 ( #362, #2340, #2304 ),
 ( #6331, #925, #3785 ),
 ( #3301, #396, #2888 ),
 ( #1851, #4849, #457 ),
 ( #3425, #5536, #2973 ),
 ( #57, #3914, #1679 ),
 ( #4086, #1133, #6056 ),
 ( #513, #3939, #5900 ),
 ( #3123, #2801, #3196 ),
 ( #812, #4700, #3227 ),
 ( #5638, #1233, #5157 ),
 ( #6160, #2193, #751 ),
 ( #5123, #5221, #4762 ),
 ( #1321, #3711, #5703 ),
 ( #4732, #2706, #312 ),
 ( #4667, #282, #6245 ),
 ( #2226, #4182, #2772 ),
 ( #377, #5605, #3283 ),
 ( #3741, #5670, #1743 ),
 ( #1262, #341, #1293 ),
 ( #2285, #5187, #4240 ),
 ( #2321, #1802, #781 ),
 ( #3768, #3257, #2259 ),
 ( #4271, #6215, #1832 ),
 ( #1200, #2741, #5730 ),
 ( #3159, #4210, #1712 ),
 ( #5247, #6190, #842 ),
 ( #1773, #716, #2674 ),
 ( #4632, #246, #4152 ),
 ( #6128, #3675, #4831 ),
 ( #3797, #5824, #2413 ),
 ( #5278, #1349, #11 ),
 ( #871, #5883, #38 ),
 ( #1476, #2832, #2126 ),
 ( #5085, #1028, #5949 ),
 ( #6014, #3471, #5568 ),
 ( #4083, #648, #4525 ),
 ( #3508, #1130, #587 ),
 ( #141, #2992, #1613 ),
 ( #3088, #2601, #4490 ),
 ( #5980, #3120, #2096 ),
 ( #3542, #1577, #682 ),
 ( #4428, #5498, #44 ),
 ( #554, #5052, #2500 ),
 ( #4457, #117, #1651 ),
 ( #625, #6062, #4534 ),
 ( #5028, #2610, #4603 ),
 ( #3096, #2646, #2166 ),
 ( #3516, #3063, #1550 ),
 ( #4057, #2103, #5610 ),
 ( #4022, #5989, #2068 ),
 ( #3165, #3613, #3129 ),
 ( #4125, #596, #1585 ),
 ( #6100, #1205, #3550 ),
 ( #2542, #4569, #4498 ),
 ( #5506, #149, #1685 ),
 ( #5059, #3581, #2133 ),
 ( #1069, #722, #1104 ),
 ( #5128, #2574, #6023 ),
 ( #656, #5542, #3648 ),
 ( #1138, #183, #218 ),
 ( #4092, #5576, #1174 ),
 ( #5093, #2680, #690 ),
 ( #4638, #252, #4998 ),
 ( #2198, #5473, #6081 ),
 ( #3181, #6150, #4654 ),
 ( #2180, #5750, #231 ),
 ( #833, #2761, #4689 ),
 ( #2791, #269, #367 ),
 ( #4140, #1793, #2247 ),
 ( #2311, #4171, #3789 ),
 ( #4231, #5178, #1341 ),
 ( #331, #6117, #771 ),
 ( #2729, #301, #5145 ) ),
 .UNSPECIFIED., .F., .F., .F. ) 
 B_SPLINE_SURFACE_WITH_KNOTS ( ( 4, 2, 2, 2, 2, 2, 2, 2, 2, 2, 2, 2, 2, 2, 2, 2, 2, 2, 2, 2, 2, 2, 2, 2, 2, 2, 2, 2, 2, 2, 2, 2, 2, 2, 2, 2, 2, 2, 2, 2, 2, 4 ),
 ( 3, 3 ),
 ( 0.04716653217102288048, 0.04820569572001534575, 0.04872527749451157492, 0.04898506838175968603, 0.04924485926900780408, 0.05132318636699272074, 0.05547984056296256794, 0.05963649475893240820, 0.06379314895490224846, 0.08041976573878162338, 0.09704638252266099829, 0.1012030367186308455, 0.1053596909146006788, 0.1136729993065403732, 0.1302996160904197342, 0.1386129244823594286, 0.1469262328742991230, 0.1635528496581785118, 0.1801794664420578729, 0.1884927748339975673, 0.1968060832259372339, 0.2134327000098166227, 0.2300593167936959837, 0.2466859335775753448, 0.2633125503614547336, 0.2799391671453340669, 0.2965657839292134557, 0.3048790923211531778, 0.3069574194191381222, 0.3090357465171230111, 0.3100749100661154278, 0.3111140736151079000, 0.3116336553896041361, 0.3118934462768522264, 0.3120233417204762993, 0.3120882894422883358, 0.3121207633031943818, 0.3121370002336473770, 0.3121410594662605842, 0.3121451186988738469, 0.3121532371641003722, 0.3131924007130928445 ),
 ( 0.000000000000000000, 1.000000000000000000 ),
 .UNSPECIFIED. ) 
 GEOMETRIC_REPRESENTATION_ITEM ( )  RATIONAL_B_SPLINE_SURFACE ( (
 ( 1.000000000000000000, 0.7071067811865475727, 1.000000000000000000),
 ( 1.000000000000000000, 0.7071067811865475727, 1.000000000000000000),
 ( 1.000000000000000000, 0.7071067811865475727, 1.000000000000000000),
 ( 1.000000000000000000, 0.7071067811865475727, 1.000000000000000000),
 ( 1.000000000000000000, 0.7071067811865475727, 1.000000000000000000),
 ( 1.000000000000000000, 0.7071067811865475727, 1.000000000000000000),
 ( 1.000000000000000000, 0.7071067811865465735, 1.000000000000000000),
 ( 1.000000000000000000, 0.7071067811865465735, 1.000000000000000000),
 ( 1.000000000000000000, 0.7071067811865475727, 1.000000000000000000),
 ( 1.000000000000000000, 0.7071067811865475727, 1.000000000000000000),
 ( 1.000000000000000000, 0.7071067811865465735, 1.000000000000000000),
 ( 1.000000000000000000, 0.7071067811865465735, 1.000000000000000000),
 ( 1.000000000000000000, 0.7071067811865475727, 1.000000000000000000),
 ( 1.000000000000000000, 0.7071067811865475727, 1.000000000000000000),
 ( 1.000000000000000000, 0.7071067811865484609, 1.000000000000000000),
 ( 1.000000000000000000, 0.7071067811865484609, 1.000000000000000000),
 ( 1.000000000000000000, 0.7071067811865465735, 1.000000000000000000),
 ( 1.000000000000000000, 0.7071067811865465735, 1.000000000000000000),
 ( 1.000000000000000000, 0.7071067811865475727, 1.000000000000000000),
 ( 1.000000000000000000, 0.7071067811865475727, 1.000000000000000000),
 ( 1.000000000000000000, 0.7071067811865455743, 1.000000000000000000),
 ( 1.000000000000000000, 0.7071067811865455743, 1.000000000000000000),
 ( 1.000000000000000000, 0.7071067811865475727, 1.000000000000000000),
 ( 1.000000000000000000, 0.7071067811865475727, 1.000000000000000000),
 ( 1.000000000000000000, 0.7071067811865475727, 1.000000000000000000),
 ( 1.000000000000000000, 0.7071067811865475727, 1.000000000000000000),
 ( 1.000000000000000000, 0.7071067811865475727, 1.000000000000000000),
 ( 1.000000000000000000, 0.7071067811865475727, 1.000000000000000000),
 ( 1.000000000000000000, 0.7071067811865475727, 1.000000000000000000),
 ( 1.000000000000000000, 0.7071067811865475727, 1.000000000000000000),
 ( 1.000000000000000000, 0.7071067811865475727, 1.000000000000000000),
 ( 1.000000000000000000, 0.7071067811865475727, 1.000000000000000000),
 ( 1.000000000000000000, 0.7071067811865452413, 1.000000000000000000),
 ( 1.000000000000000000, 0.7071067811865452413, 1.000000000000000000),
 ( 1.000000000000000000, 0.7071067811865476838, 1.000000000000000000),
 ( 1.000000000000000000, 0.7071067811865476838, 1.000000000000000000),
 ( 1.000000000000000000, 0.7071067811865465735, 1.000000000000000000),
 ( 1.000000000000000000, 0.7071067811865465735, 1.000000000000000000),
 ( 1.000000000000000000, 0.7071067811865494601, 1.000000000000000000),
 ( 1.000000000000000000, 0.7071067811865494601, 1.000000000000000000),
 ( 1.000000000000000000, 0.7071067811865475727, 1.000000000000000000),
 ( 1.000000000000000000, 0.7071067811865475727, 1.000000000000000000),
 ( 1.000000000000000000, 0.7071067811865494601, 1.000000000000000000),
 ( 1.000000000000000000, 0.7071067811865494601, 1.000000000000000000),
 ( 1.000000000000000000, 0.7071067811865455743, 1.000000000000000000),
 ( 1.000000000000000000, 0.7071067811865455743, 1.000000000000000000),
 ( 1.000000000000000000, 0.7071067811865484609, 1.000000000000000000),
 ( 1.000000000000000000, 0.7071067811865484609, 1.000000000000000000),
 ( 1.000000000000000000, 0.7071067811865475727, 1.000000000000000000),
 ( 1.000000000000000000, 0.7071067811865475727, 1.000000000000000000),
 ( 1.000000000000000000, 0.7071067811865455743, 1.000000000000000000),
 ( 1.000000000000000000, 0.7071067811865455743, 1.000000000000000000),
 ( 1.000000000000000000, 0.7071067811865494601, 1.000000000000000000),
 ( 1.000000000000000000, 0.7071067811865494601, 1.000000000000000000),
 ( 1.000000000000000000, 0.7071067811865475727, 1.000000000000000000),
 ( 1.000000000000000000, 0.7071067811865475727, 1.000000000000000000),
 ( 1.000000000000000000, 0.7071067811865459074, 1.000000000000000000),
 ( 1.000000000000000000, 0.7071067811865459074, 1.000000000000000000),
 ( 1.000000000000000000, 0.7071067811865475727, 1.000000000000000000),
 ( 1.000000000000000000, 0.7071067811865475727, 1.000000000000000000),
 ( 1.000000000000000000, 0.7071067811865455743, 1.000000000000000000),
 ( 1.000000000000000000, 0.7071067811865455743, 1.000000000000000000),
 ( 1.000000000000000000, 0.7071067811865494601, 1.000000000000000000),
 ( 1.000000000000000000, 0.7071067811865494601, 1.000000000000000000),
 ( 1.000000000000000000, 0.7071067811865484609, 1.000000000000000000),
 ( 1.000000000000000000, 0.7071067811865484609, 1.000000000000000000),
 ( 1.000000000000000000, 0.7071067811865454633, 1.000000000000000000),
 ( 1.000000000000000000, 0.7071067811865454633, 1.000000000000000000),
 ( 1.000000000000000000, 0.7071067811865475727, 1.000000000000000000),
 ( 1.000000000000000000, 0.7071067811865475727, 1.000000000000000000),
 ( 1.000000000000000000, 0.7071067811865477948, 1.000000000000000000),
 ( 1.000000000000000000, 0.7071067811865477948, 1.000000000000000000),
 ( 1.000000000000000000, 0.7071067811865475727, 1.000000000000000000),
 ( 1.000000000000000000, 0.7071067811865475727, 1.000000000000000000),
 ( 1.000000000000000000, 0.7071067811865475727, 1.000000000000000000),
 ( 1.000000000000000000, 0.7071067811865475727, 1.000000000000000000),
 ( 1.000000000000000000, 0.7071067811865475727, 1.000000000000000000),
 ( 1.000000000000000000, 0.7071067811865475727, 1.000000000000000000),
 ( 1.000000000000000000, 0.7071067811865475727, 1.000000000000000000),
 ( 1.000000000000000000, 0.7071067811865475727, 1.000000000000000000),
 ( 1.000000000000000000, 0.7071067811865475727, 1.000000000000000000),
 ( 1.000000000000000000, 0.7071067811865475727, 1.000000000000000000),
 ( 1.000000000000000000, 0.7071067811865475727, 1.000000000000000000),
 ( 1.000000000000000000, 0.7071067811865475727, 1.000000000000000000) ) ) 
 REPRESENTATION_ITEM ( '' )  SURFACE ( )  );
#406 = CARTESIAN_POINT ( 'NONE',  ( -15.07344865751261054, 3.901642279293904281, 25.59742581749543788 ) ) ;
#407 = CARTESIAN_POINT ( 'NONE',  ( -15.14441982479710980, 4.485627996189628597, 25.53341261709507748 ) ) ;
#408 = CARTESIAN_POINT ( 'NONE',  ( -7.070883459844545804, 3.900000000000000355, 30.37644657375809132 ) ) ;
#409 = CARTESIAN_POINT ( 'NONE',  ( -15.04715128416462555, 3.900040734235555195, 25.59802322267097452 ) ) ;
#410 = CARTESIAN_POINT ( 'NONE',  ( -15.24446590425077375, 4.408055701004217397, 25.58288473330065571 ) ) ;
#411 = CARTESIAN_POINT ( 'NONE',  ( -15.13863659122208105, 3.911409534016668577, 25.55733548705245894 ) ) ;
#412 = CARTESIAN_POINT ( 'NONE',  ( -15.27722127514187989, 4.049653204690175201, 25.57228369926902900 ) ) ;
#413 = CARTESIAN_POINT ( 'NONE',  ( -15.28238473552703169, 4.094817326590016293, 25.57590871971954982 ) ) ;
#414 = CARTESIAN_POINT ( 'NONE',  ( -15.05056290360255211, 4.499822869289096694, 25.59158719617778033 ) ) ;
#415 = CARTESIAN_POINT ( 'NONE',  ( -10.70046979288568778, 4.499999999999998224, 29.03467236119133688 ) ) ;
#416 = CARTESIAN_POINT ( 'NONE',  ( -15.13820568950470324, 4.487852210852385504, 25.56822435160821883 ) ) ;
#417 = CARTESIAN_POINT ( 'NONE',  ( -14.30677571352059196, 4.099999999999999645, 26.72489871788931382 ) ) ;
#418 = CARTESIAN_POINT ( 'NONE',  ( -15.20702387148601176, 4.462840497796451977, 25.50598881162634868 ) ) ;
#419 = CARTESIAN_POINT ( 'NONE',  ( -15.04274172591501113, 4.499999999999999112, 25.60031431825783343 ) ) ;
#420 = CARTESIAN_POINT ( 'NONE',  ( -15.17569116592740208, 3.929232825675228913, 25.57647525232211549 ) ) ;
#421 = CARTESIAN_POINT ( 'NONE',  ( -15.11663962333937761, 3.944042950007871973, 25.47012421305548102 ) ) ;
#422 = CARTESIAN_POINT ( 'NONE',  ( -15.04934818693932286, 3.900397735391530230, 25.58696374535493945 ) ) ;
#423 = CARTESIAN_POINT ( 'NONE',  ( -15.28254004198786475, 4.326087359092317897, 25.57140219044874740 ) ) ;
#424 = PRESENTATION_STYLE_ASSIGNMENT (( #4287 ) ) ;
#425 = CARTESIAN_POINT ( 'NONE',  ( -15.09164269724926477, 4.495820158456056426, 25.56150579829442293 ) ) ;
#426 = CARTESIAN_POINT ( 'NONE',  ( -15.04544963852757355, 4.499977608427681908, 25.59765914676287579 ) ) ;
#427 = CARTESIAN_POINT ( 'NONE',  ( -15.15339526523928804, 4.469643433336730531, 25.49191625269767414 ) ) ;
#428 = CARTESIAN_POINT ( 'NONE',  ( -15.06457573308334297, 3.900799813236062619, 25.59741101508818772 ) ) ;
#429 = CARTESIAN_POINT ( 'NONE',  ( -13.46409945925976182, 3.899999999999998135, 27.22952617133146802 ) ) ;
#430 = CARTESIAN_POINT ( 'NONE',  ( -15.07504240088991310, 3.905429089377654428, 25.55154188434674012 ) ) ;
#431 = CARTESIAN_POINT ( 'NONE',  ( -5.906428233544858131, 4.099999999999999645, 23.68377461561251351 ) ) ;
#432 = CARTESIAN_POINT ( 'NONE',  ( -15.08130330127561969, 4.497309306872608659, 25.59841156893802605 ) ) ;
#433 = CARTESIAN_POINT ( 'NONE',  ( -15.20380216279312791, 3.988296380806620522, 25.43674018020528749 ) ) ;
#434 = CARTESIAN_POINT ( 'NONE',  ( -15.21361863194919017, 3.948559422901368965, 25.48018589216824736 ) ) ;
#435 = EDGE_CURVE ( 'NONE', #4966, #4604, #4918, .T. ) ;
#436 = CARTESIAN_POINT ( 'NONE',  ( -15.07013673002918885, 3.901022781377867066, 25.59046924963046976 ) ) ;
#437 = CARTESIAN_POINT ( 'NONE',  ( -15.22056572474858527, 4.434250678555380354, 25.58623129417111386 ) ) ;
#438 = CARTESIAN_POINT ( 'NONE',  ( -5.908125099698035676, 4.299999999999999822, 23.68661445273592037 ) ) ;
#439 = CARTESIAN_POINT ( 'NONE',  ( -15.17520217545219552, 4.467632304895731821, 25.58864100699548061 ) ) ;
#440 = CARTESIAN_POINT ( 'NONE',  ( -13.68728312941292558, 4.099999999999999645, 25.54410258318966598 ) ) ;
#441 = CARTESIAN_POINT ( 'NONE',  ( -5.788005903881919600, 3.899999999999997247, 31.24824973120790261 ) ) ;
#442 = CARTESIAN_POINT ( 'NONE',  ( -15.24701994330535193, 4.415044346922101681, 25.56586729894969778 ) ) ;
#443 = CARTESIAN_POINT ( 'NONE',  ( -15.16202983297249141, 3.924769159289370091, 25.58630490953169812 ) ) ;
#444 = CARTESIAN_POINT ( 'NONE',  ( -15.21925258684718152, 4.022825958348841269, 25.42165740146054631 ) ) ;
#445 = CARTESIAN_POINT ( 'NONE',  ( -15.09608363184843149, 3.905701690317212815, 25.55313621506648758 ) ) ;
#446 = CARTESIAN_POINT ( 'NONE',  ( -15.18785494859021590, 4.094950391262136336, 25.39566253363148363 ) ) ;
#447 = CARTESIAN_POINT ( 'NONE',  ( -15.06174149251052796, 4.499392983750644781, 25.58548111666969049 ) ) ;
#448 = CARTESIAN_POINT ( 'NONE',  ( -11.18642747929538572, 4.500000000000000888, 28.81624683740482951 ) ) ;
#449 = CARTESIAN_POINT ( 'NONE',  ( -15.11348362756747399, 4.487802881080579454, 25.52834738741011122 ) ) ;
#450 = CARTESIAN_POINT ( 'NONE',  ( -5.868283345788528393, 4.299999999999999822, 23.61964106558242804 ) ) ;
#451 = CARTESIAN_POINT ( 'NONE',  ( -15.23005999464345628, 4.439821886300764575, 25.55399294072906713 ) ) ;
#452 = CARTESIAN_POINT ( 'NONE',  ( -15.04213069279876436, 4.499999999999999112, 25.59930600182400795 ) ) ;
#453 = CARTESIAN_POINT ( 'NONE',  ( -15.12131078559167996, 3.899999999999999467, 25.43108500992848420 ) ) ;
#454 = CARTESIAN_POINT ( 'NONE',  ( -15.11815310858090022, 3.937754229178552112, 25.47835350565793178 ) ) ;
#455 = CARTESIAN_POINT ( 'NONE',  ( -15.29849919519443802, 4.323214280479608540, 25.45105119855052322 ) ) ;
#456 = CARTESIAN_POINT ( 'NONE',  ( -15.10595843153024198, 4.493021112874462375, 25.59566156174307849 ) ) ;
#457 = CARTESIAN_POINT ( 'NONE',  ( -5.898107833803285516, 4.499999999999999112, 24.04611953784137413 ) ) ;
#458 = CARTESIAN_POINT ( 'NONE',  ( -15.17132328058335311, 4.475288402042452596, 25.51532949593710597 ) ) ;
#459 = CARTESIAN_POINT ( 'NONE',  ( -5.900018103691998306, 4.299999999999999822, 31.41451507187543513 ) ) ;
#460 = CARTESIAN_POINT ( 'NONE',  ( -15.07766796965387357, 3.901730508345097714, 25.57695409723708480 ) ) ;
#461 = CARTESIAN_POINT ( 'NONE',  ( -5.937129899099819141, 4.099999999999997868, 23.73475612316831729 ) ) ;
#462 = CARTESIAN_POINT ( 'NONE',  ( -15.07966628673987408, 4.498228234724377828, 25.58539254074432989 ) ) ;
#463 = CARTESIAN_POINT ( 'NONE',  ( -15.26722037374904239, 4.005641083859544871, 25.54302402874060363 ) ) ;
#464 = CARTESIAN_POINT ( 'NONE',  ( -15.14681507396164228, 3.919616849364620403, 25.51631648254857154 ) ) ;
#465 = CARTESIAN_POINT ( 'NONE',  ( -15.08222251941840497, 4.500000000000001776, 25.53112272338475108 ) ) ;
#466 = CARTESIAN_POINT ( 'NONE',  ( -15.15672257671267786, 3.971062142958762031, 25.44156628214080484 ) ) ;
#467 = CARTESIAN_POINT ( 'NONE',  ( -15.06645034019116913, 3.900816367280013353, 25.58441260060309475 ) ) ;
#468 = CARTESIAN_POINT ( 'NONE',  ( -15.22850180850615232, 3.972884092655238231, 25.58406971810475028 ) ) ;
#469 = CARTESIAN_POINT ( 'NONE',  ( -15.17350721306156203, 4.473455861803562250, 25.57010420087671321 ) ) ;
#470 = CARTESIAN_POINT ( 'NONE',  ( -14.90572098993778738, 4.100000000000376232, 25.41131201139402762 ) ) ;
#471 = CARTESIAN_POINT ( 'NONE',  ( -15.24858728495494020, 4.413083688644705127, 25.56556131122802711 ) ) ;
#472 = CARTESIAN_POINT ( 'NONE',  ( -15.12053582897671689, 3.914040808935824067, 25.52320761146298622 ) ) ;
#473 = EDGE_CURVE ( 'NONE', #3097, #5736, #4260, .T. ) ;
#474 = CARTESIAN_POINT ( 'NONE',  ( -15.21595676348200676, 4.055378530452220076, 25.40586657730045772 ) ) ;
#475 = CARTESIAN_POINT ( 'NONE',  ( -15.29131213200988704, 4.094829423378402389, 25.55360640167838326 ) ) ;
#476 = CARTESIAN_POINT ( 'NONE',  ( -15.10370252713625838, 4.471772620564809841, 25.49350182359819428 ) ) ;
#477 = CARTESIAN_POINT ( 'NONE',  ( -5.696374279687054454, 4.499999999999999112, 23.72185296798190279 ) ) ;
#478 = CARTESIAN_POINT ( 'NONE',  ( -15.06314962029370363, 4.099999999999591083, 25.91146126230335156 ) ) ;
#479 = CARTESIAN_POINT ( 'NONE',  ( -15.16042186491533350, 4.444421813190129633, 25.45601450841784086 ) ) ;
#480 = CARTESIAN_POINT ( 'NONE',  ( -15.12541519515273514, 3.926443613675207445, 25.49606465148261591 ) ) ;
#481 = CARTESIAN_POINT ( 'NONE',  ( -15.16666641269758564, 3.921616403338405998, 25.52821343324190906 ) ) ;
#482 = CARTESIAN_POINT ( 'NONE',  ( -15.06163566183557556, 3.902685754514538363, 25.56603232438849460 ) ) ;
#483 = CARTESIAN_POINT ( 'NONE',  ( -15.18868078134190114, 4.310490902470023755, 25.39598839571394961 ) ) ;
#484 = CARTESIAN_POINT ( 'NONE',  ( -15.09891235173644652, 4.495827667461612442, 25.57337118067807324 ) ) ;
#485 = CARTESIAN_POINT ( 'NONE',  ( -7.359987094716296419, 4.099999999999999645, 25.22499801215563764 ) ) ;
#486 = CARTESIAN_POINT ( 'NONE',  ( -15.17762746102342142, 4.473048701541257444, 25.51109498999628045 ) ) ;
#487 = CARTESIAN_POINT ( 'NONE',  ( -14.90772672850877356, 3.900000000000001688, 25.78545450660990213 ) ) ;
#488 = CARTESIAN_POINT ( 'NONE',  ( -15.08295432529865820, 3.902175448668905311, 25.57590390553576754 ) ) ;
#489 = CARTESIAN_POINT ( 'NONE',  ( -15.04136205888855216, 4.499999999999999112, 25.60037349240651849 ) ) ;
#490 = CARTESIAN_POINT ( 'NONE',  ( -15.07278938779226429, 4.498286313625796673, 25.57407965088918189 ) ) ;
#491 = CARTESIAN_POINT ( 'NONE',  ( -15.21508367605921386, 3.983920433600181443, 25.44461681540015974 ) ) ;
#492 = CARTESIAN_POINT ( 'NONE',  ( -15.10524911283584615, 4.499999999999999112, 25.47972187035892944 ) ) ;
#493 = CARTESIAN_POINT ( 'NONE',  ( -15.08488110650301373, 3.905708682614231986, 25.55050955527730494 ) ) ;
#494 = CARTESIAN_POINT ( 'NONE',  ( -15.23551065189272791, 3.956657164685541961, 25.51728297625655983 ) ) ;
#495 = CARTESIAN_POINT ( 'NONE',  ( -15.14370034700660206, 4.474944754367937705, 25.50144438873038055 ) ) ;
#496 =( GEOMETRIC_REPRESENTATION_CONTEXT ( 3 ) GLOBAL_UNCERTAINTY_ASSIGNED_CONTEXT ( ( #237 ) ) GLOBAL_UNIT_ASSIGNED_CONTEXT ( ( #5297, #2404, #2919 ) ) REPRESENTATION_CONTEXT ( 'NONE', 'WORKASPACE' ) );
#497 = CARTESIAN_POINT ( 'NONE',  ( -15.25160392601239678, 4.411406012556479794, 25.56074897937311263 ) ) ;
#498 = CARTESIAN_POINT ( 'NONE',  ( -15.12838498555561628, 3.910392165751972016, 25.53986948128433099 ) ) ;
#499 = CARTESIAN_POINT ( 'NONE',  ( -15.28784827444633265, 4.042569569108575678, 25.52610805128124838 ) ) ;
#500 = CARTESIAN_POINT ( 'NONE',  ( -15.07954063627393815, 3.909238687144500624, 25.53727714566401374 ) ) ;
#501 = CARTESIAN_POINT ( 'NONE',  ( -15.30529148483145185, 4.094877810531921902, 25.45960724347129656 ) ) ;
#502 = CARTESIAN_POINT ( 'NONE',  ( -15.11972828696380411, 4.485626876750806069, 25.52228864359526384 ) ) ;
#503 = CARTESIAN_POINT ( 'NONE',  ( -11.30512270207066194, 4.099999999999996980, 28.98063670216455989 ) ) ;
#504 = CARTESIAN_POINT ( 'NONE',  ( -14.78563849391551166, 3.899999999998366995, 26.23472133798511052 ) ) ;
#505 = CARTESIAN_POINT ( 'NONE',  ( -15.14192294030585551, 4.413554512642390293, 25.43006415515133156 ) ) ;
#506 = CARTESIAN_POINT ( 'NONE',  ( -15.30158014399950872, 4.099999999999999645, 25.52300141316599280 ) ) ;
#507 = CARTESIAN_POINT ( 'NONE',  ( -15.19157933068347255, 3.940529139861017160, 25.58248475159895818 ) ) ;
#508 = CARTESIAN_POINT ( 'NONE',  ( -15.16384842057095206, 4.099999999998171774, 25.39476484763619268 ) ) ;
#509 = CARTESIAN_POINT ( 'NONE',  ( -15.09040834740880932, 3.908620197166161159, 25.53914436752540951 ) ) ;
#510 = CARTESIAN_POINT ( 'NONE',  ( -15.28931107674919510, 4.305238833537424092, 25.42852820169340688 ) ) ;
#511 = CARTESIAN_POINT ( 'NONE',  ( -15.09886461231164922, 4.494756019898713539, 25.55775578189953379 ) ) ;
#512 = CARTESIAN_POINT ( 'NONE',  ( -10.35058430615408476, 4.099999999999999645, 25.83299033365684849 ) ) ;
#513 = CARTESIAN_POINT ( 'NONE',  ( -6.339251043447810652, 4.300000000001506173, 24.31838887920517678 ) ) ;
#514 = CARTESIAN_POINT ( 'NONE',  ( -15.19830754262948069, 4.467337769874008657, 25.52403947854988076 ) ) ;
#515 = CARTESIAN_POINT ( 'NONE',  ( -5.875254495851334191, 3.899999999999999911, 23.63136576563076119 ) ) ;
#516 = CARTESIAN_POINT ( 'NONE',  ( -15.08491850388714184, 4.497478012924340796, 25.58929586107198517 ) ) ;
#517 = CARTESIAN_POINT ( 'NONE',  ( -10.14031004384822587, 3.899999999999999911, 25.83661814965318371 ) ) ;
#518 = CARTESIAN_POINT ( 'NONE',  ( -15.04700469047304345, 3.900038517202333743, 25.59778925129971228 ) ) ;
#519 = CARTESIAN_POINT ( 'NONE',  ( -15.10555111301054154, 4.499999999999999112, 25.47880979384007105 ) ) ;
#520 = CARTESIAN_POINT ( 'NONE',  ( -15.24347202395756540, 3.984796872095450304, 25.57381631535722732 ) ) ;
#521 = CARTESIAN_POINT ( 'NONE',  ( -15.06429441661404134, 3.900682491861739987, 25.58581543641702893 ) ) ;
#522 = CARTESIAN_POINT ( 'NONE',  ( -15.15435339061634501, 4.478760111239738606, 25.51568094569897127 ) ) ;
#523 = CARTESIAN_POINT ( 'NONE',  ( -10.88954388593298006, 3.899999999993969624, 25.81108526747366128 ) ) ;
#524 = CARTESIAN_POINT ( 'NONE',  ( -15.14786901192016266, 4.398635941353188805, 25.42066100997685751 ) ) ;
#525 = CARTESIAN_POINT ( 'NONE',  ( -15.10510707043393985, 3.914541811357672874, 25.52122474827960019 ) ) ;
#526 = CARTESIAN_POINT ( 'NONE',  ( -15.27372954867153254, 4.012265749328784104, 25.49540510034467644 ) ) ;
#527 = CARTESIAN_POINT ( 'NONE',  ( -15.08197205676214914, 3.908091872842669012, 25.54102097107420377 ) ) ;
#528 = CARTESIAN_POINT ( 'NONE',  ( -15.06953167001745442, 3.902248333869021923, 25.56872860076295240 ) ) ;
#529 = CARTESIAN_POINT ( 'NONE',  ( -8.627583398525546343, 4.499999999999992895, 29.90225209780994930 ) ) ;
#530 = CARTESIAN_POINT ( 'NONE',  ( -15.13618483808710735, 4.489262189396393765, 25.55252964181609343 ) ) ;
#531 = CARTESIAN_POINT ( 'NONE',  ( -9.480267661926301770, 4.100000000000001421, 29.64508872412774565 ) ) ;
#532 = CARTESIAN_POINT ( 'NONE',  ( -14.70369344420605806, 3.899999999995097610, 26.32260577339375729 ) ) ;
#533 = CARTESIAN_POINT ( 'NONE',  ( -15.14620026053280455, 4.414831935908685168, 25.43087178691751760 ) ) ;
#534 = CARTESIAN_POINT ( 'NONE',  ( -15.29570389265753327, 4.099999999999999645, 25.54079555748124264 ) ) ;
#535 = CARTESIAN_POINT ( 'NONE',  ( -15.17503077612016327, 3.932710291096537247, 25.58999393654338661 ) ) ;
#536 = CARTESIAN_POINT ( 'NONE',  ( -15.05216752779633005, 3.900746187383147934, 25.58221719927464832 ) ) ;
#537 = CARTESIAN_POINT ( 'NONE',  ( -15.29883189694761292, 4.305245427648747736, 25.53137558695195253 ) ) ;
#538 = CARTESIAN_POINT ( 'NONE',  ( -15.10136511812901183, 4.494938036945722359, 25.56177628696123350 ) ) ;
#539 = CARTESIAN_POINT ( 'NONE',  ( -15.17239802798338211, 4.470111878365956137, 25.49741466812660562 ) ) ;
#540 = CARTESIAN_POINT ( 'NONE',  ( -5.729479437468098624, 3.899999999999999467, 23.77753216603700537 ) ) ;
#541 = CARTESIAN_POINT ( 'NONE',  ( -15.07699160443514330, 4.497292057733622173, 25.56644740578421349 ) ) ;
#542 = CARTESIAN_POINT ( 'NONE',  ( -5.939354037919038376, 3.900000000001219380, 31.38392457998216756 ) ) ;
#543 = CARTESIAN_POINT ( 'NONE',  ( -15.10509744463192128, 4.500000000000001776, 25.48017768702671049 ) ) ;
#544 = CARTESIAN_POINT ( 'NONE',  ( -15.09123705045370301, 3.905004970123225227, 25.55559654297188743 ) ) ;
#545 = CARTESIAN_POINT ( 'NONE',  ( -15.19947536411110001, 3.942780614431841801, 25.47999884490829459 ) ) ;
#546 = CARTESIAN_POINT ( 'NONE',  ( -15.06082102326501015, 4.499532380751836591, 25.59383332774375930 ) ) ;
#547 = CARTESIAN_POINT ( 'NONE',  ( -15.16771093414133986, 4.478045124344965267, 25.55786054804493901 ) ) ;
#548 = CARTESIAN_POINT ( 'NONE',  ( -15.15256514869403048, 4.399371254392534070, 25.42103564681206862 ) ) ;
#549 = CARTESIAN_POINT ( 'NONE',  ( -15.11556830058862921, 3.910067823667910503, 25.53622988410930006 ) ) ;
#550 = CARTESIAN_POINT ( 'NONE',  ( -15.27637151375764013, 4.031061906030373621, 25.55415027985142018 ) ) ;
#551 = CARTESIAN_POINT ( 'NONE',  ( -15.30489614008545907, 4.089346192910507938, 25.50179559676933749 ) ) ;
#552 = CARTESIAN_POINT ( 'NONE',  ( -15.25060218463732653, 3.977796515777288544, 25.53856316703558349 ) ) ;
#553 = CARTESIAN_POINT ( 'NONE',  ( -8.409572894739007154, 4.299999999999998046, 29.97860472722172531 ) ) ;
#554 = CARTESIAN_POINT ( 'NONE',  ( -14.66082698167359943, 4.299999999997739408, 25.43530119148811153 ) ) ;
#555 = CARTESIAN_POINT ( 'NONE',  ( -15.15570087661269127, 4.477044046185081783, 25.59081134287089299 ) ) ;
#556 = CARTESIAN_POINT ( 'NONE',  ( -13.00229350636695891, 4.099999999999998757, 27.87583565082154990 ) ) ;
#557 = CARTESIAN_POINT ( 'NONE',  ( -15.10176108816807705, 3.899999999999995026, 25.48939912983161449 ) ) ;
#558 = CARTESIAN_POINT ( 'NONE',  ( -15.05233275501281298, 3.900188604611749987, 25.59199496915426408 ) ) ;
#559 = CARTESIAN_POINT ( 'NONE',  ( -15.14553751822713856, 4.416259552426215151, 25.43188693815844204 ) ) ;
#560 = CARTESIAN_POINT ( 'NONE',  ( -15.10579145512491728, 3.899999999999999467, 25.47807980132362005 ) ) ;
#561 = CARTESIAN_POINT ( 'NONE',  ( -15.11779573291810941, 3.927939831163919759, 25.49342089656093080 ) ) ;
#562 = CARTESIAN_POINT ( 'NONE',  ( -15.16488666016176268, 4.300000000000000711, 25.39478443551544373 ) ) ;
#563 = CARTESIAN_POINT ( 'NONE',  ( -15.30478928409425343, 4.310828348639557106, 25.50241519684003322 ) ) ;
#564 = CARTESIAN_POINT ( 'NONE',  ( -15.17929838778704976, 3.935108716469509105, 25.58956908313841438 ) ) ;
#565 = CARTESIAN_POINT ( 'NONE',  ( -15.12134407428377969, 4.488893381726581033, 25.59584159012601745 ) ) ;
#566 = CARTESIAN_POINT ( 'NONE',  ( -6.189218780243214368, 4.099999999999998757, 24.11493435895116733 ) ) ;
#567 = CARTESIAN_POINT ( 'NONE',  ( -15.19436580945958504, 4.468469832071756187, 25.53392210571858101 ) ) ;
#568 = CARTESIAN_POINT ( 'NONE',  ( -15.20916633172088872, 3.943003026779649645, 25.55218371774563124 ) ) ;
#569 = CARTESIAN_POINT ( 'NONE',  ( -7.782880140617598030, 4.099999999997010924, 25.45134217763203566 ) ) ;
#570 = CARTESIAN_POINT ( 'NONE',  ( -15.09324855375495922, 4.495856103949925853, 25.59360576416895938 ) ) ;
#571 = CARTESIAN_POINT ( 'NONE',  ( -15.04824714191378021, 3.900073216146979327, 25.59979061732152417 ) ) ;
#572 = CARTESIAN_POINT ( 'NONE',  ( -15.24992362968894710, 4.499999999999793054, 25.64144790468336410 ) ) ;
#573 = CARTESIAN_POINT ( 'NONE',  ( -15.07873503545809513, 3.906225596305926029, 25.54813783074370548 ) ) ;
#574 = CARTESIAN_POINT ( 'NONE',  ( -15.17721918927645675, 3.946058364538172381, 25.46840636792761003 ) ) ;
#575 = CARTESIAN_POINT ( 'NONE',  ( -15.05700972026362194, 3.901577188118982686, 25.57401855664239676 ) ) ;
#576 = CARTESIAN_POINT ( 'NONE',  ( -15.05611865429658813, 4.498706895105393677, 25.57633775437915702 ) ) ;
#577 = CARTESIAN_POINT ( 'NONE',  ( -15.18098115051299324, 4.466936205902407586, 25.57972577803254666 ) ) ;
#578 = CARTESIAN_POINT ( 'NONE',  ( -15.19619701024237912, 4.100000000000035172, 25.39628898281224423 ) ) ;
#579 = CARTESIAN_POINT ( 'NONE',  ( -15.24855413089103529, 4.405490807195326042, 25.57808517473210941 ) ) ;
#580 = CARTESIAN_POINT ( 'NONE',  ( -15.10140535956079333, 3.916676747135780179, 25.51617364835686530 ) ) ;
#581 = CARTESIAN_POINT ( 'NONE',  ( -15.23287337278953935, 4.020040043621659009, 25.42893739477415593 ) ) ;
#582 = CARTESIAN_POINT ( 'NONE',  ( -15.16906989675740469, 4.079661638854310546, 25.39582268270718401 ) ) ;
#583 = CARTESIAN_POINT ( 'NONE',  ( -15.18557330877603562, 3.979294645438815170, 25.43759221569043660 ) ) ;
#584 = CARTESIAN_POINT ( 'NONE',  ( -15.07371115399147143, 3.901629229402368892, 25.57540122668395810 ) ) ;
#585 = MECHANICAL_DESIGN_GEOMETRIC_PRESENTATION_REPRESENTATION (  '', ( #5106 ), #496 ) ;
#586 = CARTESIAN_POINT ( 'NONE',  ( -6.076959376558364490, 4.299999999998781242, 31.27875813899818525 ) ) ;
#587 = CARTESIAN_POINT ( 'NONE',  ( -12.84750332844898502, 4.499999999999998224, 25.83918967885985296 ) ) ;
#588 = CARTESIAN_POINT ( 'NONE',  ( -15.10085763361238698, 4.474495009919317923, 25.49835908925808070 ) ) ;
#589 = CARTESIAN_POINT ( 'NONE',  ( -9.979398198552493326, 4.499999999999996447, 29.29118843516945248 ) ) ;
#590 = CARTESIAN_POINT ( 'NONE',  ( -14.96016397059079672, 3.900000000000000355, 25.71678303307885827 ) ) ;
#591 = CARTESIAN_POINT ( 'NONE',  ( -15.05664851417082772, 3.900368896067873070, 25.59904355142317200 ) ) ;
#592 = CARTESIAN_POINT ( 'NONE',  ( -15.23625875415631370, 4.418125567834782608, 25.58409598094964466 ) ) ;
#593 = CARTESIAN_POINT ( 'NONE',  ( -15.12434688259062554, 3.921457221566582607, 25.50549297762805168 ) ) ;
#594 = CARTESIAN_POINT ( 'NONE',  ( -15.18568622165543403, 3.938895922052402021, 25.58892193681104388 ) ) ;
#595 = CARTESIAN_POINT ( 'NONE',  ( -15.08356913455165937, 3.912540132451675312, 25.52744622051883994 ) ) ;
#596 = CARTESIAN_POINT ( 'NONE',  ( -15.12066627299571309, 4.499999999999998224, 25.39503269458756307 ) ) ;
#597 = CARTESIAN_POINT ( 'NONE',  ( -15.07425496963156775, 3.902020131028777428, 25.57142930167832873 ) ) ;
#598 = CARTESIAN_POINT ( 'NONE',  ( -15.17085802723018872, 4.305433659838307392, 25.39490195967975339 ) ) ;
#599 = CARTESIAN_POINT ( 'NONE',  ( -15.09802901766360961, 4.494649348397456556, 25.55642460511306169 ) ) ;
#600 = CARTESIAN_POINT ( 'NONE',  ( -15.19674100345638124, 4.468051421361527886, 25.52073704267493426 ) ) ;
#601 = CARTESIAN_POINT ( 'NONE',  ( -15.16624856456034820, 3.938641804387932321, 25.47828034408201958 ) ) ;
#602 = CARTESIAN_POINT ( 'NONE',  ( -8.635364306971574422, 3.899999999999998135, 25.91726923943227590 ) ) ;
#603 = CARTESIAN_POINT ( 'NONE',  ( -15.08349295629875186, 4.497761728586482377, 25.58685321149266301 ) ) ;
#604 = CARTESIAN_POINT ( 'NONE',  ( -15.04339481483422425, 3.900004516772114460, 25.59902567749843882 ) ) ;
#605 = CARTESIAN_POINT ( 'NONE',  ( -15.18602647147166351, 4.074467380809013939, 25.39752886993746728 ) ) ;
#606 = CARTESIAN_POINT ( 'NONE',  ( -15.19490956458086650, 4.299999999999998934, 25.73170434396535811 ) ) ;
#607 = CARTESIAN_POINT ( 'NONE',  ( -15.10273164124958889, 3.904864438929084969, 25.57985405979495042 ) ) ;
#608 = CARTESIAN_POINT ( 'NONE',  ( -15.19069501922692922, 3.939704888450141773, 25.48164675951740321 ) ) ;
#609 = CARTESIAN_POINT ( 'NONE',  ( -15.05960755670901285, 3.901088974885298377, 25.57828694723260554 ) ) ;
#610 = CARTESIAN_POINT ( 'NONE',  ( -15.06124494170382810, 4.499348421216877725, 25.59946491931498258 ) ) ;
#611 = CARTESIAN_POINT ( 'NONE',  ( -15.13239185383741159, 4.459326993870252664, 25.47412549763324208 ) ) ;
#612 = CARTESIAN_POINT ( 'NONE',  ( -15.18360884947339784, 3.899999999999999911, 25.39544775584951708 ) ) ;
#613 = CARTESIAN_POINT ( 'NONE',  ( -15.25706437541908045, 4.413060228875708368, 25.53772322907765968 ) ) ;
#614 = CARTESIAN_POINT ( 'NONE',  ( -15.13750505957306203, 3.912536569053930435, 25.57362627695544433 ) ) ;
#615 = CARTESIAN_POINT ( 'NONE',  ( -15.22388299858372918, 4.001298301227522280, 25.43666736795024264 ) ) ;
#616 = CARTESIAN_POINT ( 'NONE',  ( -15.25295957975582617, 4.000106492721387852, 25.57651471418495959 ) ) ;
#617 = CARTESIAN_POINT ( 'NONE',  ( -9.750417472423734466, 4.499999999986885157, 29.56703188177738895 ) ) ;
#618 = CARTESIAN_POINT ( 'NONE',  ( -15.14505754297655571, 4.487041176401000087, 25.55059905625684280 ) ) ;
#619 = CARTESIAN_POINT ( 'NONE',  ( -10.30266225175373052, 4.499999999999998224, 29.18344055571291307 ) ) ;
#620 = CARTESIAN_POINT ( 'NONE',  ( -11.02586542689957483, 3.899999999999998135, 28.89367203582618515 ) ) ;
#621 = CARTESIAN_POINT ( 'NONE',  ( -15.04918158978555809, 3.900277256409220517, 25.58918977717443966 ) ) ;
#622 = CARTESIAN_POINT ( 'NONE',  ( -15.20256514637095435, 4.455686690755396917, 25.47926257894142310 ) ) ;
#623 = CARTESIAN_POINT ( 'NONE',  ( -15.11608357403031810, 3.929158229765093768, 25.49141021947157526 ) ) ;
#624 = CARTESIAN_POINT ( 'NONE',  ( -15.11541507494617598, 3.938358568254634484, 25.47760841020194533 ) ) ;
#625 = CARTESIAN_POINT ( 'NONE',  ( -14.90641550462098941, 4.299999999999810640, 25.41124839014035430 ) ) ;
#626 = CARTESIAN_POINT ( 'NONE',  ( -15.07185782406621044, 3.904018109240418255, 25.55816911679982084 ) ) ;
#627 = CARTESIAN_POINT ( 'NONE',  ( -15.04903890130716526, 4.499900405537617942, 25.59393593158765867 ) ) ;
#628 = CARTESIAN_POINT ( 'NONE',  ( -11.32946360454051948, 4.499999999996288302, 28.96848699685592265 ) ) ;
#629 = CARTESIAN_POINT ( 'NONE',  ( -15.16684241158186985, 3.928444248516283377, 25.59079055844315320 ) ) ;
#630 = CARTESIAN_POINT ( 'NONE',  ( -15.10193082640394557, 4.489140118218628572, 25.53176977110734924 ) ) ;
#631 = CARTESIAN_POINT ( 'NONE',  ( -15.18081919509386779, 4.468098132012310764, 25.49549929760074463 ) ) ;
#632 = CARTESIAN_POINT ( 'NONE',  ( -15.21964135129789852, 3.962584547590757289, 25.58159780038930720 ) ) ;
#633 = CARTESIAN_POINT ( 'NONE',  ( -15.12505336927603317, 4.299999999999998934, 25.83088855419089924 ) ) ;
#634 = CARTESIAN_POINT ( 'NONE',  ( -15.27582649307683305, 4.349616376315590394, 25.43777497619778316 ) ) ;
#635 = CARTESIAN_POINT ( 'NONE',  ( -6.184324099467006342, 4.100000000000376232, 24.10816513278919615 ) ) ;
#636 = CARTESIAN_POINT ( 'NONE',  ( -15.08063341014855041, 4.498162627111419454, 25.58201761207218539 ) ) ;
#637 = CARTESIAN_POINT ( 'NONE',  ( -15.04586190358360120, 3.900024085474334878, 25.59831425435285368 ) ) ;
#638 = CARTESIAN_POINT ( 'NONE',  ( -14.31157956852901059, 4.500000000000000888, 26.43924669600137989 ) ) ;
#639 = CARTESIAN_POINT ( 'NONE',  ( -15.10287071192911590, 3.905667630849193994, 25.59039942249443911 ) ) ;
#640 = CARTESIAN_POINT ( 'NONE',  ( -15.14821682566544858, 3.965583453793170676, 25.44637889224162564 ) ) ;
#641 = CARTESIAN_POINT ( 'NONE',  ( -15.05621140052649842, 4.499534738643095721, 25.58623743029013653 ) ) ;
#642 = CARTESIAN_POINT ( 'NONE',  ( -15.15158478586766755, 4.476013413249364525, 25.50616421971664849 ) ) ;
#643 = CARTESIAN_POINT ( 'NONE',  ( -15.20326651759921432, 3.899999999999999911, 25.39693863005975416 ) ) ;
#644 = CARTESIAN_POINT ( 'NONE',  ( -15.25271079494922688, 4.399638660252394473, 25.57740895310605111 ) ) ;
#645 = CARTESIAN_POINT ( 'NONE',  ( -15.09637027971155732, 3.922064951702967761, 25.50500892782148199 ) ) ;
#646 = CARTESIAN_POINT ( 'NONE',  ( -15.19969896719121039, 3.972034237437219506, 25.44715961730677378 ) ) ;
#647 = CARTESIAN_POINT ( 'NONE',  ( -6.590050591246725986, 4.299999999999999822, 30.91061479186183902 ) ) ;
#648 = CARTESIAN_POINT ( 'NONE',  ( -12.39552351896364790, 4.499999999999997335, 25.68531607163304997 ) ) ;
#649 = CARTESIAN_POINT ( 'NONE',  ( -15.16420447411918282, 4.473196588782015759, 25.58985686017584626 ) ) ;
#650 = CARTESIAN_POINT ( 'NONE',  ( -5.900018103691999194, 4.199999847142954046, 26.06689337877836365 ) ) ;
#651 = CARTESIAN_POINT ( 'NONE',  ( -12.53745681088397923, 3.899999999999999467, 27.97955587434050173 ) ) ;
#652 = CARTESIAN_POINT ( 'NONE',  ( -15.05255303980132275, 3.900515915546472812, 25.58502549002550452 ) ) ;
#653 = CARTESIAN_POINT ( 'NONE',  ( -15.24032231312320285, 4.422717765288175507, 25.56724212041829958 ) ) ;
#654 = CARTESIAN_POINT ( 'NONE',  ( -15.14861639570572649, 3.915112156183387260, 25.53549907431189681 ) ) ;
#655 = CARTESIAN_POINT ( 'NONE',  ( -15.14476185684498155, 4.407495386104661961, 25.42547507886782654 ) ) ;
#656 = CARTESIAN_POINT ( 'NONE',  ( -15.19260816220345944, 4.299999999999999822, 25.39602311276922819 ) ) ;
#657 = CARTESIAN_POINT ( 'NONE',  ( -15.09243845613577406, 3.903867394759793719, 25.59219426682450660 ) ) ;
#658 = CARTESIAN_POINT ( 'NONE',  ( -15.04606438053476580, 4.499958863750330273, 25.59624693897410808 ) ) ;
#659 = CARTESIAN_POINT ( 'NONE',  ( -15.14698412329402011, 3.919600123048800899, 25.59264493341287405 ) ) ;
#660 = CARTESIAN_POINT ( 'NONE',  ( -15.12092039520512365, 4.491856523380469923, 25.57270561646524598 ) ) ;
#661 = CARTESIAN_POINT ( 'NONE',  ( -15.19077279913789624, 4.467946566564672928, 25.50228848480887578 ) ) ;
#662 = CARTESIAN_POINT ( 'NONE',  ( -15.19462287309775661, 3.932232523554091586, 25.50731396236014348 ) ) ;
#663 = CARTESIAN_POINT ( 'NONE',  ( -15.29187554910438962, 4.349267634042433883, 25.46835018626742553 ) ) ;
#664 = CARTESIAN_POINT ( 'NONE',  ( -7.972263140709099360, 3.899999999998495337, 25.52818418849124171 ) ) ;
#665 = CARTESIAN_POINT ( 'NONE',  ( -15.04839220057533389, 3.900079915847700640, 25.60003177465065605 ) ) ;
#666 = CARTESIAN_POINT ( 'NONE',  ( -15.08557310359924664, 4.496226853394786005, 25.56146728908385413 ) ) ;
#667 = CARTESIAN_POINT ( 'NONE',  ( -15.04284430958574958, 3.900009077010125669, 25.59807482853350180 ) ) ;
#668 = CARTESIAN_POINT ( 'NONE',  ( -15.29614123526576464, 4.070753440505059828, 25.45160473906841148 ) ) ;
#669 = CARTESIAN_POINT ( 'NONE',  ( -14.02250727992780455, 4.499999999995909050, 26.99487922716481592 ) ) ;
#670 = CARTESIAN_POINT ( 'NONE',  ( -15.09138184249445835, 3.903281841416817333, 25.57071519202304088 ) ) ;
#671 = CARTESIAN_POINT ( 'NONE',  ( -15.22216085374921235, 3.945400490295669194, 25.50994451695072129 ) ) ;
#672 = CARTESIAN_POINT ( 'NONE',  ( -15.06254909072659842, 4.499175897351594067, 25.58188815102228730 ) ) ;
#673 = CARTESIAN_POINT ( 'NONE',  ( -15.15671590977851935, 4.475980489806679508, 25.59303413502357571 ) ) ;
#674 = CARTESIAN_POINT ( 'NONE',  ( -15.24214138679453967, 4.300000000000821387, 25.40358443244003439 ) ) ;
#675 = CARTESIAN_POINT ( 'NONE',  ( -15.19440319023873620, 4.455007672964331533, 25.58934267005082575 ) ) ;
#676 = CARTESIAN_POINT ( 'NONE',  ( -15.15493727999053952, 4.100000000000093792, 25.39458826945376657 ) ) ;
#677 = CARTESIAN_POINT ( 'NONE',  ( -15.25871995370373391, 4.412901936816967741, 25.52329540907692973 ) ) ;
#678 = CARTESIAN_POINT ( 'NONE',  ( -15.11582297190378377, 3.906858192124322393, 25.56409091432626113 ) ) ;
#679 = CARTESIAN_POINT ( 'NONE',  ( -15.23338212229084654, 3.962318570113003258, 25.48360591400678743 ) ) ;
#680 = CARTESIAN_POINT ( 'NONE',  ( -15.08495732513353893, 3.902877618787104819, 25.59440552399292912 ) ) ;
#681 = CARTESIAN_POINT ( 'NONE',  ( -15.11226805916204796, 4.299999999999998046, 25.39527782614172580 ) ) ;
#682 = CARTESIAN_POINT ( 'NONE',  ( -14.14205977572126116, 4.500000000000000888, 25.69353768633826718 ) ) ;
#683 = CARTESIAN_POINT ( 'NONE',  ( -15.13988697063124178, 4.487200246557760508, 25.53643058264476906 ) ) ;
#684 = CARTESIAN_POINT ( 'NONE',  ( -14.53356062879719346, 4.499999999999999112, 26.21154112495482735 ) ) ;
#685 = CARTESIAN_POINT ( 'NONE',  ( -14.14347411514066444, 3.900000000000000355, 26.60470983613896223 ) ) ;
#686 = CARTESIAN_POINT ( 'NONE',  ( -15.05537528211565679, 3.900301574296201945, 25.58967633191802449 ) ) ;
#687 = CARTESIAN_POINT ( 'NONE',  ( -15.15183903048991354, 4.413120515013429390, 25.42966528671976434 ) ) ;
#688 = CARTESIAN_POINT ( 'NONE',  ( -15.10658417848253166, 3.928843355876087795, 25.49230346628107569 ) ) ;
#689 = CARTESIAN_POINT ( 'NONE',  ( -15.10756090246404604, 4.467800053758363532, 25.48693177468729232 ) ) ;
#690 = CARTESIAN_POINT ( 'NONE',  ( -15.18050947727746269, 4.499999999999999112, 25.59569207692506154 ) ) ;
#691 = CARTESIAN_POINT ( 'NONE',  ( -15.04508458007258298, 4.499926933771473792, 25.59454737832047044 ) ) ;
#692 = CARTESIAN_POINT ( 'NONE',  ( -15.09183481225097090, 4.483769990602368694, 25.51751825949339647 ) ) ;
#693 = CARTESIAN_POINT ( 'NONE',  ( -15.14666819516246754, 4.438230799692314044, 25.44996656546125990 ) ) ;
#694 = AXIS2_PLACEMENT_3D ( 'NONE', #1512, #973, #4840 ) ;
#695 = CARTESIAN_POINT ( 'NONE',  ( -15.19805687944135286, 3.932574617246882287, 25.52261764790554821 ) ) ;
#696 = CARTESIAN_POINT ( 'NONE',  ( -6.900018103691998306, 4.199999847142954046, 29.69647591788961449 ) ) ;
#697 = CARTESIAN_POINT ( 'NONE',  ( -15.28832281035146146, 4.361540928989450450, 25.49450699824028987 ) ) ;
#698 = CARTESIAN_POINT ( 'NONE',  ( -7.246585549465850207, 3.899999999999999911, 25.15295204601409296 ) ) ;
#699 = CARTESIAN_POINT ( 'NONE',  ( -15.09032040360581028, 4.496995027158295244, 25.58348879568641010 ) ) ;
#700 = CARTESIAN_POINT ( 'NONE',  ( -15.04562794872104092, 3.900022558362758573, 25.59793997974940893 ) ) ;
#701 = CARTESIAN_POINT ( 'NONE',  ( -15.17639602517101238, 4.500000000000000000, 25.75880870456989413 ) ) ;
#702 = CARTESIAN_POINT ( 'NONE',  ( -15.10681010966136739, 3.907078598007792891, 25.59487062012270897 ) ) ;
#703 = CARTESIAN_POINT ( 'NONE',  ( -15.30121014841453153, 4.089216154282795834, 25.44856889570827718 ) ) ;
#704 = CARTESIAN_POINT ( 'NONE',  ( -15.20150199843676297, 3.935352462966022813, 25.50307051307978057 ) ) ;
#705 = CARTESIAN_POINT ( 'NONE',  ( -15.06418349154381886, 4.498536995004272399, 25.57480416796181544 ) ) ;
#706 =( LENGTH_UNIT ( ) NAMED_UNIT ( * ) SI_UNIT ( $, .METRE. ) );
#707 = CARTESIAN_POINT ( 'NONE',  ( -15.16276567462617564, 4.479517492144547752, 25.52853133187708679 ) ) ;
#708 = CARTESIAN_POINT ( 'NONE',  ( -13.11712700133588072, 4.299999999999998046, 27.78171669139390687 ) ) ;
#709 = CARTESIAN_POINT ( 'NONE',  ( -15.25294041236930376, 4.402122775409758049, 25.57315847369811124 ) ) ;
#710 = CARTESIAN_POINT ( 'NONE',  ( -15.12652361758025243, 3.909299654486309006, 25.57130211976033607 ) ) ;
#711 = CARTESIAN_POINT ( 'NONE',  ( -15.18332750673569009, 3.975068018052658303, 25.44024763380487997 ) ) ;
#712 = CARTESIAN_POINT ( 'NONE',  ( -15.07797617120596634, 3.901837374948677883, 25.59245164552191909 ) ) ;
#713 = CARTESIAN_POINT ( 'NONE',  ( -5.782217685347501579, 4.499999999999999112, 31.25275597511146586 ) ) ;
#714 = CARTESIAN_POINT ( 'NONE',  ( -15.12939329299365099, 4.486238562920092932, 25.52591746057740707 ) ) ;
#715 = CARTESIAN_POINT ( 'NONE',  ( -6.591462814019273253, 4.299999999999998934, 24.60236442910097310 ) ) ;
#716 = CARTESIAN_POINT ( 'NONE',  ( -10.14065876957547907, 4.500000000000000888, 25.83661525206294485 ) ) ;
#717 = CARTESIAN_POINT ( 'NONE',  ( -12.94038358596667493, 3.900000000003257306, 27.92292522580278913 ) ) ;
#718 = CARTESIAN_POINT ( 'NONE',  ( -15.05437546813791627, 3.900233853899502279, 25.59771221890368054 ) ) ;
#719 = CARTESIAN_POINT ( 'NONE',  ( -15.17334674197762645, 4.427555904560073863, 25.44111154484831516 ) ) ;
#720 = CARTESIAN_POINT ( 'NONE',  ( -15.14358864289785878, 3.914338002681780893, 25.53239218167325575 ) ) ;
#721 = CARTESIAN_POINT ( 'NONE',  ( -15.07777999248067857, 4.491035103201976852, 25.53802885751020924 ) ) ;
#722 = CARTESIAN_POINT ( 'NONE',  ( -15.18483717270691891, 4.500000000000023981, 25.39551480101049208 ) ) ;
#723 = ORIENTED_EDGE ( 'NONE', *, *, #3683, .T. ) ;
#724 = CARTESIAN_POINT ( 'NONE',  ( -15.04627800663753412, 4.499962389257277096, 25.59660663821061988 ) ) ;
#725 = CARTESIAN_POINT ( 'NONE',  ( -15.12433369392773308, 4.488015264964547946, 25.59562522755294722 ) ) ;
#726 = CARTESIAN_POINT ( 'NONE',  ( -15.21281958004159662, 4.459458137372052100, 25.52903678606835314 ) ) ;
#727 = CARTESIAN_POINT ( 'NONE',  ( -15.16299172810672324, 3.926561122262849146, 25.50313158814565284 ) ) ;
#728 = CARTESIAN_POINT ( 'NONE',  ( -5.900018103691996529, 4.006595479494758472, 23.71779318542797910 ) ) ;
#729 = CARTESIAN_POINT ( 'NONE',  ( -15.28593706400032204, 4.356133462059462502, 25.53736012972455782 ) ) ;
#730 = CARTESIAN_POINT ( 'NONE',  ( -5.900018103691999194, 4.299999999999999822, 23.67301540326788611 ) ) ;
#731 = CARTESIAN_POINT ( 'NONE',  ( -15.08580943857523060, 4.497549555854755354, 25.57591621490418632 ) ) ;
#732 = CARTESIAN_POINT ( 'NONE',  ( -15.04415106004631575, 3.900009918209864423, 25.60023976466649742 ) ) ;
#733 = ADVANCED_FACE ( 'NONE', ( #1945 ), #3548, .T. ) ;
#734 = CARTESIAN_POINT ( 'NONE',  ( -15.01180051379688507, 4.499999999999999112, 25.64516095075167357 ) ) ;
#735 = DIRECTION ( 'NONE',  ( 0.000000000000000000, 1.000000000000000000, 0.000000000000000000 ) ) ;
#736 = CARTESIAN_POINT ( 'NONE',  ( -15.10614248222777078, 3.906765669945856168, 25.59368153371293175 ) ) ;
#737 = CARTESIAN_POINT ( 'NONE',  ( -15.21905865099865096, 3.949038167125673571, 25.54868375000323155 ) ) ;
#738 = CARTESIAN_POINT ( 'NONE',  ( -15.07317237692050682, 4.498751443710548692, 25.58951977961939406 ) ) ;
#739 = CARTESIAN_POINT ( 'NONE',  ( -15.04414871946140941, 4.499990108246084475, 25.60025320072222499 ) ) ;
#740 = CARTESIAN_POINT ( 'NONE',  ( -15.11536022413198133, 4.490542710379451741, 25.59626408604367143 ) ) ;
#741 = CARTESIAN_POINT ( 'NONE',  ( -15.30204103160652274, 4.300000000000821387, 25.51979613693362836 ) ) ;
#742 = CARTESIAN_POINT ( 'NONE',  ( -15.13090903312282620, 4.447868229127303508, 25.46017664275239767 ) ) ;
#743 = CARTESIAN_POINT ( 'NONE',  ( -15.19525457497607057, 3.899999999999999467, 25.59704616394141397 ) ) ;
#744 = CARTESIAN_POINT ( 'NONE',  ( -15.22594392858546719, 4.420415121484750465, 25.45504174704425893 ) ) ;
#745 = CARTESIAN_POINT ( 'NONE',  ( -15.11505871257262434, 3.907369001807622144, 25.55155391793486430 ) ) ;
#746 = CARTESIAN_POINT ( 'NONE',  ( -15.26202789824477790, 3.997388578238899814, 25.48434220875524403 ) ) ;
#747 = CARTESIAN_POINT ( 'NONE',  ( -15.24228779180954696, 3.964539115957810722, 25.52352943937139074 ) ) ;
#748 = CARTESIAN_POINT ( 'NONE',  ( -15.07025948702329288, 3.901004118725924563, 25.58447637414073128 ) ) ;
#749 = CARTESIAN_POINT ( 'NONE',  ( -14.11948483455164727, 4.299999999999997158, 25.49481810863198206 ) ) ;
#750 = CARTESIAN_POINT ( 'NONE',  ( -15.11947689382370719, 4.481920657621387249, 25.51263615823528141 ) ) ;
#751 = CARTESIAN_POINT ( 'NONE',  ( -7.001261293009883424, 4.500000000000000888, 25.22618833428101937 ) ) ;
#752 = CARTESIAN_POINT ( 'NONE',  ( -9.409068224285071835, 4.100000000000818545, 29.66481431337978236 ) ) ;
#753 = CARTESIAN_POINT ( 'NONE',  ( -15.04738663547714239, 3.900103665500143091, 25.59359199099985105 ) ) ;
#754 = CARTESIAN_POINT ( 'NONE',  ( -15.23883489750051545, 4.431952944374822678, 25.55134589191133898 ) ) ;
#755 = CARTESIAN_POINT ( 'NONE',  ( -15.15661607943193623, 3.918333329169216839, 25.56768815730162103 ) ) ;
#756 = CARTESIAN_POINT ( 'NONE',  ( -15.07249661389180417, 4.493468587585951468, 25.54713618249018836 ) ) ;
#757 = ORIENTED_EDGE ( 'NONE', *, *, #3879, .T. ) ;
#758 = CARTESIAN_POINT ( 'NONE',  ( -15.04668096939612276, 4.499959937286832634, 25.59965213027608044 ) ) ;
#759 = CARTESIAN_POINT ( 'NONE',  ( -15.10196995760486516, 4.491823715063552491, 25.54197358313459532 ) ) ;
#760 = CARTESIAN_POINT ( 'NONE',  ( -15.14302993340569614, 4.442964741090289493, 25.45471290837241085 ) ) ;
#761 = CARTESIAN_POINT ( 'NONE',  ( -5.900018103691996529, 4.391432183182610416, 31.38665491237549787 ) ) ;
#762 = CARTESIAN_POINT ( 'NONE',  ( -15.12234050974256405, 3.942608185028003920, 25.47171078376114650 ) ) ;
#763 = CARTESIAN_POINT ( 'NONE',  ( -5.900018103691999194, 4.090224050963356284, 23.67301540326787901 ) ) ;
#764 = CARTESIAN_POINT ( 'NONE',  ( -15.17331355566491524, 4.340674529836872075, 25.39924008051015392 ) ) ;
#765 = CARTESIAN_POINT ( 'NONE',  ( -8.107529044039461397, 4.500000000000001776, 25.78632043317584177 ) ) ;
#766 = CARTESIAN_POINT ( 'NONE',  ( -15.07436515531549404, 4.493864945341690564, 25.54859314024381334 ) ) ;
#767 = CARTESIAN_POINT ( 'NONE',  ( -15.06556048181644236, 3.900957612297628163, 25.59914298330697591 ) ) ;
#768 = FACE_OUTER_BOUND ( 'NONE', #1238, .T. ) ;
#769 = CARTESIAN_POINT ( 'NONE',  ( -15.08411308220118308, 3.904100730748266468, 25.55889361456348396 ) ) ;
#770 = CARTESIAN_POINT ( 'NONE',  ( -15.20856436359586894, 3.937352819978566121, 25.51707892020243662 ) ) ;
#771 = CARTESIAN_POINT ( 'NONE',  ( -15.20973188786313202, 4.499999999999999112, 25.59841192639308005 ) ) ;
#772 = CARTESIAN_POINT ( 'NONE',  ( -15.05795181089174406, 4.498499996579027105, 25.57447441452484682 ) ) ;
#773 = CARTESIAN_POINT ( 'NONE',  ( -15.17087865255268753, 4.300000000000821387, 25.39490236563244352 ) ) ;
#774 = CARTESIAN_POINT ( 'NONE',  ( -6.268576502603172784, 4.300000000000001599, 31.13458896073732163 ) ) ;
#775 = CARTESIAN_POINT ( 'NONE',  ( -15.25736258405743051, 4.391339660882718654, 25.45721548882206164 ) ) ;
#776 = CARTESIAN_POINT ( 'NONE',  ( -15.09953172713769476, 3.912099263989469389, 25.52789735975822438 ) ) ;
#777 = CARTESIAN_POINT ( 'NONE',  ( -15.23891397560799810, 3.960283008909783131, 25.51117948069488506 ) ) ;
#778 = CARTESIAN_POINT ( 'NONE',  ( -15.07686005318475964, 3.901903170426941347, 25.59565010444894639 ) ) ;
#779 = CARTESIAN_POINT ( 'NONE',  ( -5.858901583573335792, 4.500000000000000000, 31.44657011412312997 ) ) ;
#780 = CARTESIAN_POINT ( 'NONE',  ( -15.15122166250207236, 4.485015975819139911, 25.54470664352732001 ) ) ;
#781 = CARTESIAN_POINT ( 'NONE',  ( -8.528902930444420605, 4.499999999999999112, 25.89530802388121344 ) ) ;
#782 = CARTESIAN_POINT ( 'NONE',  ( -10.77544242401608443, 3.899999999995899191, 29.22011567958000100 ) ) ;
#783 = CARTESIAN_POINT ( 'NONE',  ( -15.04804147901744749, 3.900147620784607749, 25.59222680459198784 ) ) ;
#784 = CARTESIAN_POINT ( 'NONE',  ( -15.24332975086992370, 4.412232596294299647, 25.57893123134110525 ) ) ;
#785 = CARTESIAN_POINT ( 'NONE',  ( -15.13675953791481454, 3.912084470864327646, 25.53698179129617429 ) ) ;
#786 = ORIENTED_EDGE ( 'NONE', *, *, #4787, .T. ) ;
#787 = CARTESIAN_POINT ( 'NONE',  ( -15.05593237641147830, 4.499715037557935560, 25.59068609159709951 ) ) ;
#788 = CARTESIAN_POINT ( 'NONE',  ( -15.11490009453639694, 4.489732563990581404, 25.53541787749306380 ) ) ;
#789 = CARTESIAN_POINT ( 'NONE',  ( -15.19675839788767213, 4.467647627467045801, 25.51211474279342184 ) ) ;
#790 = CARTESIAN_POINT ( 'NONE',  ( -14.99016147702144153, 3.899999999999998135, 25.60442606308899371 ) ) ;
#791 = CARTESIAN_POINT ( 'NONE',  ( -15.18376788696186708, 3.927308100040091787, 25.53739791112814217 ) ) ;
#792 = CARTESIAN_POINT ( 'NONE',  ( -15.17541374234469131, 4.325660840324952794, 25.39681895528979183 ) ) ;
#793 = CARTESIAN_POINT ( 'NONE',  ( -5.900018103691998306, 4.393471987945992474, 23.71786442864023314 ) ) ;
#794 = CARTESIAN_POINT ( 'NONE',  ( -15.09255117963238568, 4.496490255198077435, 25.58731112209664360 ) ) ;
#795 = AXIS2_PLACEMENT_3D ( 'NONE', #4519, #4079, #4592 ) ;
#796 = CARTESIAN_POINT ( 'NONE',  ( -15.04136205888854683, 3.899999999999999911, 25.60037349240651849 ) ) ;
#797 = CARTESIAN_POINT ( 'NONE',  ( -15.06151107290919100, 3.900625994310717548, 25.58499647976670843 ) ) ;
#798 = CARTESIAN_POINT ( 'NONE',  ( -15.04136205888854683, 4.499999999999999112, 25.60037349240651849 ) ) ;
#799 = CARTESIAN_POINT ( 'NONE',  ( -15.08166284426434522, 3.902598312836245587, 25.56897577459867321 ) ) ;
#800 = CARTESIAN_POINT ( 'NONE',  ( -15.14049320280473943, 3.967753727908102768, 25.44459015578919292 ) ) ;
#801 = CARTESIAN_POINT ( 'NONE',  ( -8.343281638708539560, 3.900000000000000355, 29.78988976511738684 ) ) ;
#802 = CARTESIAN_POINT ( 'NONE',  ( -15.06984915310852280, 4.498644132262665352, 25.59903349104690307 ) ) ;
#803 = CARTESIAN_POINT ( 'NONE',  ( -15.10663403006909178, 4.492689810888204072, 25.59685505694311658 ) ) ;
#804 = CARTESIAN_POINT ( 'NONE',  ( -15.21357750435590894, 4.099999999999999645, 25.39788725688733706 ) ) ;
#805 = CARTESIAN_POINT ( 'NONE',  ( -15.21594920721731015, 4.397782149451137101, 25.43228442007034573 ) ) ;
#806 = CARTESIAN_POINT ( 'NONE',  ( -15.11850123830840253, 3.907414711512833705, 25.56871755981389072 ) ) ;
#807 = CARTESIAN_POINT ( 'NONE',  ( -15.21181747181232602, 3.958614097362957551, 25.46521477843873171 ) ) ;
#808 = CARTESIAN_POINT ( 'NONE',  ( -15.06876333978903126, 3.901004512290284776, 25.58204048321681512 ) ) ;
#809 = CARTESIAN_POINT ( 'NONE',  ( -5.764860934084956590, 4.499999999999999112, 31.26628755301255680 ) ) ;
#810 = CARTESIAN_POINT ( 'NONE',  ( -15.27781983755536110, 4.339415814643613700, 25.57719096861026031 ) ) ;
#811 = CARTESIAN_POINT ( 'NONE',  ( -15.16102693929206957, 4.481042506688458715, 25.55739028949866309 ) ) ;
#812 = CARTESIAN_POINT ( 'NONE',  ( -6.757825343852341682, 4.299999999995515410, 24.77245862219240635 ) ) ;
#813 = CARTESIAN_POINT ( 'NONE',  ( -9.354177561097596794, 3.899999999999999467, 29.47249413136461627 ) ) ;
#814 = CARTESIAN_POINT ( 'NONE',  ( -15.05102830198971731, 3.900164914158386065, 25.59229851962540536 ) ) ;
#815 = CARTESIAN_POINT ( 'NONE',  ( -15.24711784700373052, 4.407409920031279071, 25.57831691021252496 ) ) ;
#816 = CARTESIAN_POINT ( 'NONE',  ( -15.11154724027372609, 3.925297944838501696, 25.49819214419292379 ) ) ;
#817 = ORIENTED_EDGE ( 'NONE', *, *, #3563, .T. ) ;
#818 = CARTESIAN_POINT ( 'NONE',  ( -15.08337648890271865, 3.902205576372101081, 25.58653519775077712 ) ) ;
#819 = CARTESIAN_POINT ( 'NONE',  ( -15.05552468554332357, 4.499676723493422514, 25.59973877987028601 ) ) ;
#820 = CARTESIAN_POINT ( 'NONE',  ( -15.12944464264772826, 4.490660715393246960, 25.55844327325587173 ) ) ;
#821 = CARTESIAN_POINT ( 'NONE',  ( -14.71475814608944255, 4.100000000000002309, 26.31077137826401824 ) ) ;
#822 = CARTESIAN_POINT ( 'NONE',  ( -15.21955294046255425, 4.453321381211184260, 25.53811686743420495 ) ) ;
#823 = CARTESIAN_POINT ( 'NONE',  ( -14.02017595320648979, 3.899999999999999467, 25.70743169193109878 ) ) ;
#824 = CARTESIAN_POINT ( 'NONE',  ( -15.18274682574338641, 3.927125757548202145, 25.51880786277432023 ) ) ;
#825 = CARTESIAN_POINT ( 'NONE',  ( -15.08700046755416757, 4.496472718973192784, 25.59808254594945964 ) ) ;
#826 = CARTESIAN_POINT ( 'NONE',  ( -15.23821355194171012, 4.328459108979378911, 25.40681095400964651 ) ) ;
#827 = CARTESIAN_POINT ( 'NONE',  ( -12.38726100790847262, 4.499999999999999112, 25.88713419079074640 ) ) ;
#828 = CARTESIAN_POINT ( 'NONE',  ( -15.07868712012772860, 4.490481987948752085, 25.53646582625027150 ) ) ;
#829 = CARTESIAN_POINT ( 'NONE',  ( -15.04136205888854683, 3.899999999999999023, 25.60037349240651849 ) ) ;
#830 = CARTESIAN_POINT ( 'NONE',  ( -15.05992941508732663, 3.900417240720806866, 25.58973740654948514 ) ) ;
#831 = FACE_OUTER_BOUND ( 'NONE', #1808, .T. ) ;
#832 = CARTESIAN_POINT ( 'NONE',  ( -15.10080214137918375, 3.905675767070513338, 25.59430451384702465 ) ) ;
#833 = CARTESIAN_POINT ( 'NONE',  ( -15.20038737957545116, 4.299999999999999822, 25.39667410031952954 ) ) ;
#834 = CARTESIAN_POINT ( 'NONE',  ( -15.07126298979219037, 4.498842226778367426, 25.58135647565352855 ) ) ;
#835 = CARTESIAN_POINT ( 'NONE',  ( -8.726694885456881323, 4.299999999999998934, 29.86943226072481039 ) ) ;
#836 = CARTESIAN_POINT ( 'NONE',  ( -15.20364478501595329, 4.381068349401888717, 25.41838613346508424 ) ) ;
#837 = CARTESIAN_POINT ( 'NONE',  ( -15.17888339379713791, 3.930857291173381451, 25.57594238082231186 ) ) ;
#838 = CARTESIAN_POINT ( 'NONE',  ( -15.24742377716113850, 3.989730050795759819, 25.57315958654319843 ) ) ;
#839 = CARTESIAN_POINT ( 'NONE',  ( -15.07245343926869374, 3.901433681816796728, 25.59567789201984667 ) ) ;
#840 = CARTESIAN_POINT ( 'NONE',  ( -15.26912296534182722, 4.033742566888363079, 25.57821077376617325 ) ) ;
#841 = CARTESIAN_POINT ( 'NONE',  ( -15.11973241163201287, 4.468405699924371532, 25.48742231907880296 ) ) ;
#842 = CARTESIAN_POINT ( 'NONE',  ( -9.817680411712892408, 4.500000000000000888, 26.03623013504591555 ) ) ;
#843 = CARTESIAN_POINT ( 'NONE',  ( -10.99895128097407593, 4.100000000002459899, 29.12538319517980057 ) ) ;
#844 = CARTESIAN_POINT ( 'NONE',  ( -15.05131759442858552, 3.900156050629127513, 25.59276889406773137 ) ) ;
#845 = CARTESIAN_POINT ( 'NONE',  ( -15.23020724816558946, 4.444528612289766478, 25.49223478472355353 ) ) ;
#846 = CARTESIAN_POINT ( 'NONE',  ( -15.10223327854794739, 3.922534738442835511, 25.50376484491199136 ) ) ;
#847 = CARTESIAN_POINT ( 'NONE',  ( -15.27880576224720421, 4.049397190874889141, 25.56724838102292097 ) ) ;
#848 = CARTESIAN_POINT ( 'NONE',  ( -15.08607158787724245, 3.909119998397925677, 25.53745986930055878 ) ) ;
#849 = CARTESIAN_POINT ( 'NONE',  ( -15.30628801860247279, 4.099999999998176214, 25.46556911112490340 ) ) ;
#850 = CARTESIAN_POINT ( 'NONE',  ( -15.05472253987028708, 4.499670514425725187, 25.58869069170789246 ) ) ;
#851 = CARTESIAN_POINT ( 'NONE',  ( -15.14703752646636303, 4.480596700601083171, 25.59176298525943238 ) ) ;
#852 = CARTESIAN_POINT ( 'NONE',  ( -15.13872561661436933, 4.420621257967341400, 25.43518344733714187 ) ) ;
#853 = CARTESIAN_POINT ( 'NONE',  ( -15.04272663233471619, 4.499999999999999112, 25.60029094530456462 ) ) ;
#854 = CARTESIAN_POINT ( 'NONE',  ( -14.22419862570287918, 3.899999999999999911, 25.68404530135541464 ) ) ;
#855 = CARTESIAN_POINT ( 'NONE',  ( -15.15104070931579372, 3.924328928620503198, 25.50499312373274918 ) ) ;
#856 = CARTESIAN_POINT ( 'NONE',  ( -15.04698308591039968, 4.499950112605852759, 25.60012837818333864 ) ) ;
#857 = CARTESIAN_POINT ( 'NONE',  ( -15.21575464286131307, 3.977257060214367090, 25.45016911824418315 ) ) ;
#858 = CARTESIAN_POINT ( 'NONE',  ( -15.30080455227542124, 4.328462600912366121, 25.50443007275876894 ) ) ;
#859 = CARTESIAN_POINT ( 'NONE',  ( -11.16013964792783675, 4.499999999999999112, 25.99383181528202513 ) ) ;
#860 = CARTESIAN_POINT ( 'NONE',  ( -15.10665981275050562, 4.493934583200819510, 25.58649528145227592 ) ) ;
#861 = CARTESIAN_POINT ( 'NONE',  ( -15.19956773619001744, 4.455986497525567636, 25.57644582023286972 ) ) ;
#862 = CARTESIAN_POINT ( 'NONE',  ( -15.06063973008941126, 3.900683776612082987, 25.58360128555441904 ) ) ;
#863 = CARTESIAN_POINT ( 'NONE',  ( -15.10340998314236671, 3.906513590783811996, 25.59641644035663077 ) ) ;
#864 = CARTESIAN_POINT ( 'NONE',  ( -15.08700046755416757, 4.496472718973192784, 25.59808254594945964 ) ) ;
#865 = CARTESIAN_POINT ( 'NONE',  ( -10.24690052692336728, 4.099999999999247358, 25.83520219340258350 ) ) ;
#866 = CARTESIAN_POINT ( 'NONE',  ( -15.26036297238204398, 4.396187033921148846, 25.56323148076572238 ) ) ;
#867 = CARTESIAN_POINT ( 'NONE',  ( -15.19224970428662758, 3.960723125037369563, 25.45450586784624392 ) ) ;
#868 = CARTESIAN_POINT ( 'NONE',  ( -15.06855128432710345, 3.900882503497461240, 25.58907018918955600 ) ) ;
#869 = CARTESIAN_POINT ( 'NONE',  ( -15.25877223061265830, 4.012702645529599543, 25.57985882610290318 ) ) ;
#870 = CARTESIAN_POINT ( 'NONE',  ( -15.17145381888468769, 4.470373671194033172, 25.58644224110605947 ) ) ;
#871 = CARTESIAN_POINT ( 'NONE',  ( -11.10477811680278215, 4.300000000001505285, 25.79722595476386360 ) ) ;
#872 = CARTESIAN_POINT ( 'NONE',  ( -9.409068224288878568, 3.900000000001638600, 29.66481431339307306 ) ) ;
#873 = CARTESIAN_POINT ( 'NONE',  ( -15.04592008025477057, 3.900044675512226000, 25.59602446773605777 ) ) ;
#874 = CARTESIAN_POINT ( 'NONE',  ( -15.21199613881185364, 4.446692433161320679, 25.47207810969631581 ) ) ;
#875 = CARTESIAN_POINT ( 'NONE',  ( -15.14057105894103294, 3.912088343387914779, 25.54324328630342222 ) ) ;
#876 = CARTESIAN_POINT ( 'NONE',  ( -15.28896178289643082, 4.039967067073567897, 25.50455764298528649 ) ) ;
#877 = CARTESIAN_POINT ( 'NONE',  ( -15.28701350731560815, 4.099999999998171774, 25.56482554342483482 ) ) ;
#878 = CARTESIAN_POINT ( 'NONE',  ( -15.05214439259994030, 4.499858488947478641, 25.59421403573174558 ) ) ;
#879 = CARTESIAN_POINT ( 'NONE',  ( -10.43638689379546314, 4.299999999999180922, 29.34867611998808812 ) ) ;
#880 = CARTESIAN_POINT ( 'NONE',  ( -15.09775285016213786, 4.481306906468163653, 25.51181628722194716 ) ) ;
#881 = CARTESIAN_POINT ( 'NONE',  ( -15.27079239379697029, 4.100000000000001421, 25.60302057782145724 ) ) ;
#882 = CARTESIAN_POINT ( 'NONE',  ( -15.17082102636206997, 4.443686340254642708, 25.45557438320036070 ) ) ;
#883 = CARTESIAN_POINT ( 'NONE',  ( -15.04288583165701709, 4.499991688538309553, 25.59816725708344265 ) ) ;
#884 = CARTESIAN_POINT ( 'NONE',  ( -11.56957145606653370, 3.899999999999999023, 25.96278687621328274 ) ) ;
#885 = CARTESIAN_POINT ( 'NONE',  ( -15.11378485652766379, 3.936463434245204507, 25.48032236265483874 ) ) ;
#886 = CARTESIAN_POINT ( 'NONE',  ( -15.17481954391923615, 3.924515083771550561, 25.55102926606790703 ) ) ;
#887 = CARTESIAN_POINT ( 'NONE',  ( -15.04332706808717823, 3.899999999999999467, 25.59708168064013023 ) ) ;
#888 = VERTEX_POINT ( 'NONE', #4391 ) ;
#889 = CARTESIAN_POINT ( 'NONE',  ( -15.25471445534346771, 3.980503803136596463, 25.51899133780459294 ) ) ;
#890 = CARTESIAN_POINT ( 'NONE',  ( -15.30143881975317477, 4.328654021257995588, 25.49863570609239360 ) ) ;
#891 = CARTESIAN_POINT ( 'NONE',  ( -15.23505432999858478, 4.099999999998171774, 25.39605050849623424 ) ) ;
#892 = CARTESIAN_POINT ( 'NONE',  ( -15.09819707970791747, 4.495906876092576887, 25.57218355732983639 ) ) ;
#893 = CARTESIAN_POINT ( 'NONE',  ( -15.04136205888854683, 3.899999999999999023, 25.60037349240651849 ) ) ;
#894 = CARTESIAN_POINT ( 'NONE',  ( -15.12759359109897872, 4.452171332812913995, 25.46515795468999599 ) ) ;
#895 = CARTESIAN_POINT ( 'NONE',  ( -15.05652993205504941, 3.901236782366354738, 25.57690183055143507 ) ) ;
#896 = CARTESIAN_POINT ( 'NONE',  ( -15.04136205888855038, 3.899999999999999467, 25.60037349240651849 ) ) ;
#897 = CARTESIAN_POINT ( 'NONE',  ( -15.08145812037179034, 3.903558066757275569, 25.56161259332517943 ) ) ;
#898 = FACE_BOUND ( 'NONE', #150, .T. ) ;
#899 = CARTESIAN_POINT ( 'NONE',  ( -15.07786293824414692, 4.498413019478067376, 25.58236709524199881 ) ) ;
#900 = CARTESIAN_POINT ( 'NONE',  ( -15.26407621457870434, 4.018533724317061129, 25.57476380350067657 ) ) ;
#901 = CARTESIAN_POINT ( 'NONE',  ( -9.100201028359681032, 3.899999999999997247, 29.54433478407470304 ) ) ;
#902 = CARTESIAN_POINT ( 'NONE',  ( -15.14952954265237572, 3.984182142159638396, 25.43150532316801105 ) ) ;
#903 = CARTESIAN_POINT ( 'NONE',  ( -15.07448635445683038, 3.901794218779425449, 25.59796210317237453 ) ) ;
#904 = CARTESIAN_POINT ( 'NONE',  ( -15.24103150044913768, 4.412414127765350358, 25.58339891260717991 ) ) ;
#905 = CARTESIAN_POINT ( 'NONE',  ( -15.16218763636563516, 4.480323558102000447, 25.55970806019295694 ) ) ;
#906 = CARTESIAN_POINT ( 'NONE',  ( -13.06277506029388569, 3.900000000000000799, 25.81568300519252190 ) ) ;
#907 = CARTESIAN_POINT ( 'NONE',  ( -5.870472373144769662, 3.899999999998777334, 31.43754935683467266 ) ) ;
#908 = CARTESIAN_POINT ( 'NONE',  ( -15.04477342016723007, 3.900032447887818776, 25.59652427676833142 ) ) ;
#909 = CARTESIAN_POINT ( 'NONE',  ( -15.23664762634856906, 4.442014953365883478, 25.51805363549540218 ) ) ;
#910 = CARTESIAN_POINT ( 'NONE',  ( -15.12313644195836737, 3.912981375843926468, 25.52685543150507996 ) ) ;
#911 = CARTESIAN_POINT ( 'NONE',  ( -15.19588056372072238, 4.028434357676125011, 25.41240431416298051 ) ) ;
#912 = CARTESIAN_POINT ( 'NONE',  ( -15.10328526186509990, 3.905435481543517273, 25.55953455861404677 ) ) ;
#913 = CARTESIAN_POINT ( 'NONE',  ( -15.30183443633122309, 4.099999999998172662, 25.44810440328737400 ) ) ;
#914 = CARTESIAN_POINT ( 'NONE',  ( -15.05775120563881586, 4.499679710531259147, 25.59368378062318783 ) ) ;
#915 = CARTESIAN_POINT ( 'NONE',  ( -15.13921687630243795, 4.483140505747456039, 25.59449886072453495 ) ) ;
#916 = CARTESIAN_POINT ( 'NONE',  ( -10.93274259058988740, 4.100000000000001421, 29.15426584147256506 ) ) ;
#917 = CARTESIAN_POINT ( 'NONE',  ( -15.20073933866809490, 4.463179877508677507, 25.49562045217250983 ) ) ;
#918 = CARTESIAN_POINT ( 'NONE',  ( -15.04237756738885068, 4.499999999999999112, 25.59973269271694818 ) ) ;
#919 = CARTESIAN_POINT ( 'NONE',  ( -6.771341475443357183, 3.899999999999999467, 25.04689745928839173 ) ) ;
#920 = CARTESIAN_POINT ( 'NONE',  ( -15.18943554202776447, 3.940178447171712062, 25.58565930662665977 ) ) ;
#921 = CARTESIAN_POINT ( 'NONE',  ( -15.18768814300403136, 4.320997066667590758, 25.39697116796060072 ) ) ;
#922 = CARTESIAN_POINT ( 'NONE',  ( -6.900018103691998306, 4.199999847142954046, 29.79647591788961236 ) ) ;
#923 = CARTESIAN_POINT ( 'NONE',  ( -15.10136149637106762, 4.494911568854865536, 25.58763784229544314 ) ) ;
#924 = CARTESIAN_POINT ( 'NONE',  ( -9.930894215684631376, 4.099999999999998757, 25.83782849390449599 ) ) ;
#925 = CARTESIAN_POINT ( 'NONE',  ( -5.978703690128774895, 4.500000000000001776, 23.80228877463404658 ) ) ;
#926 = CARTESIAN_POINT ( 'NONE',  ( -15.19947546178059206, 4.452683906214242704, 25.58573537445074564 ) ) ;
#927 = CARTESIAN_POINT ( 'NONE',  ( -12.40603162625033384, 3.900000000000000799, 28.07773110171127584 ) ) ;
#928 = CARTESIAN_POINT ( 'NONE',  ( -15.08455853004001845, 3.903040819028329889, 25.56659612503366219 ) ) ;
#929 = DIRECTION ( 'NONE',  ( 1.000000000000000000, 0.000000000000000000, -1.411534255948957470E-16 ) ) ;
#930 = CARTESIAN_POINT ( 'NONE',  ( -15.08056323493151751, 4.498096135400855289, 25.58691225636221134 ) ) ;
#931 = EDGE_CURVE ( 'NONE', #4410, #1037, #5526, .T. ) ;
#932 = CARTESIAN_POINT ( 'NONE',  ( -15.27307841063074001, 4.299999999999841727, 25.59670351631827856 ) ) ;
#933 = CARTESIAN_POINT ( 'NONE',  ( -15.22978287488009919, 3.952270758399250461, 25.50122859492550376 ) ) ;
#934 = CARTESIAN_POINT ( 'NONE',  ( -15.06756990071010982, 3.900815152843906564, 25.58745644614176129 ) ) ;
#935 = CARTESIAN_POINT ( 'NONE',  ( -15.19440319023873620, 4.455007672964331533, 25.58934267005082575 ) ) ;
#936 = CARTESIAN_POINT ( 'NONE',  ( -15.13639461188988378, 4.471106052399371755, 25.49249918926070890 ) ) ;
#937 = CARTESIAN_POINT ( 'NONE',  ( -11.76696675732066133, 3.899999999999998135, 25.94592596326937439 ) ) ;
#938 = CARTESIAN_POINT ( 'NONE',  ( -5.840173878600628754, 3.899999999999997691, 31.20782532176276902 ) ) ;
#939 = CARTESIAN_POINT ( 'NONE',  ( -15.24117741657463654, 4.434270796254145885, 25.49655260954709135 ) ) ;
#940 = CARTESIAN_POINT ( 'NONE',  ( -15.12442378645635266, 3.912517043747627987, 25.52869630485446706 ) ) ;
#941 = CARTESIAN_POINT ( 'NONE',  ( -15.29189039726309218, 4.051168855783787492, 25.46750000654467883 ) ) ;
#942 = CARTESIAN_POINT ( 'NONE',  ( -15.29898848680424628, 4.099999999998173550, 25.53084343577956972 ) ) ;
#943 = CARTESIAN_POINT ( 'NONE',  ( -15.12762466345148127, 4.488382034654592623, 25.53338368234096833 ) ) ;
#944 = CARTESIAN_POINT ( 'NONE',  ( -7.284252020386137616, 4.099999999999997868, 30.48591197188812885 ) ) ;
#945 = CARTESIAN_POINT ( 'NONE',  ( -15.07151685995614798, 3.899999999999999467, 25.55066024680747105 ) ) ;
#946 = CARTESIAN_POINT ( 'NONE',  ( -15.18562078301222229, 4.458846644210756160, 25.47750868199073082 ) ) ;
#947 = CARTESIAN_POINT ( 'NONE',  ( -15.04207744213811537, 4.499999999999999112, 25.59920888243953030 ) ) ;
#948 = CARTESIAN_POINT ( 'NONE',  ( -15.12020494999783260, 3.930052881457337222, 25.48991845234528952 ) ) ;
#949 = CARTESIAN_POINT ( 'NONE',  ( -15.14315089794996894, 3.925482930694279560, 25.50034891867061759 ) ) ;
#950 = CARTESIAN_POINT ( 'NONE',  ( -15.20497021425339312, 3.981516194744071591, 25.44187184796262358 ) ) ;
#951 = CARTESIAN_POINT ( 'NONE',  ( -15.15600817436776637, 4.372152958633749087, 25.40807931385773344 ) ) ;
#952 = CARTESIAN_POINT ( 'NONE',  ( -15.28196473329276373, 4.310336069062341124, 25.57637895222561752 ) ) ;
#953 = CARTESIAN_POINT ( 'NONE',  ( -15.09555911673306206, 4.496346772614746357, 25.57776498006377963 ) ) ;
#954 = CARTESIAN_POINT ( 'NONE',  ( -15.16940128066862670, 4.471376429237822414, 25.49976383976459005 ) ) ;
#955 = CARTESIAN_POINT ( 'NONE',  ( -15.77389670235414521, 4.100000000000001421, 25.35946722304882073 ) ) ;
#956 = CARTESIAN_POINT ( 'NONE',  ( -15.08024446484830072, 3.902278382411546342, 25.57145741827529406 ) ) ;
#957 = CARTESIAN_POINT ( 'NONE',  ( -5.882223564576868569, 4.099999999999999645, 23.64308696509996466 ) ) ;
#958 = CARTESIAN_POINT ( 'NONE',  ( -15.07695229771285916, 4.498461586117010746, 25.58085528144476939 ) ) ;
#959 = CARTESIAN_POINT ( 'NONE',  ( -9.610174211518060616, 3.900000000000000355, 25.82982000038615666 ) ) ;
#960 = CARTESIAN_POINT ( 'NONE',  ( -15.16643969029956018, 4.001158392565904443, 25.42134672584984045 ) ) ;
#961 = CARTESIAN_POINT ( 'NONE',  ( -15.10570211309789279, 4.499999999999999112, 25.47835375558063831 ) ) ;
#962 = CARTESIAN_POINT ( 'NONE',  ( -15.09800981913360296, 3.904301043472850008, 25.56663002892739911 ) ) ;
#963 = CARTESIAN_POINT ( 'NONE',  ( -15.24291550799949491, 3.977459390163000208, 25.56155670363558841 ) ) ;
#964 = CARTESIAN_POINT ( 'NONE',  ( -15.05986852820294608, 3.901435652354532380, 25.57504553304566386 ) ) ;
#965 = CARTESIAN_POINT ( 'NONE',  ( -15.14755766271688131, 4.480579557302442950, 25.51736650304437504 ) ) ;
#966 = CARTESIAN_POINT ( 'NONE',  ( -14.98821104688760464, 4.099999999999623057, 25.40403070585276879 ) ) ;
#967 = CARTESIAN_POINT ( 'NONE',  ( -15.25026645271448800, 4.422218817275387792, 25.53971120865459099 ) ) ;
#968 = CARTESIAN_POINT ( 'NONE',  ( -15.14126188370380355, 3.912042263848282353, 25.55610970399481374 ) ) ;
#969 = CARTESIAN_POINT ( 'NONE',  ( -15.18602843044734563, 4.047720874887978049, 25.40362139198763103 ) ) ;
#970 = CARTESIAN_POINT ( 'NONE',  ( -15.11670734193417331, 3.908597607801343798, 25.58797855210405814 ) ) ;
#971 = CARTESIAN_POINT ( 'NONE',  ( -15.18785510522532256, 4.099999999998171774, 25.39566254290682323 ) ) ;
#972 = CARTESIAN_POINT ( 'NONE',  ( -15.10682356791716430, 4.480666506818304917, 25.51005322685050913 ) ) ;
#973 = DIRECTION ( 'NONE',  ( 1.000000000000000000, 0.000000000000000000, -1.411534255948957470E-16 ) ) ;
#974 = CARTESIAN_POINT ( 'NONE',  ( -14.75549795142103093, 3.899999999999999467, 25.96747570491064039 ) ) ;
#975 = CARTESIAN_POINT ( 'NONE',  ( -15.23625538876929220, 4.437429694465028440, 25.54396867749300171 ) ) ;
#976 = CARTESIAN_POINT ( 'NONE',  ( -7.100726101743361163, 3.900000000000000355, 25.29594003552396231 ) ) ;
#977 = CARTESIAN_POINT ( 'NONE',  ( -15.16356022534637482, 3.919732224048597669, 25.54011639319413973 ) ) ;
#978 = CARTESIAN_POINT ( 'NONE',  ( -15.12884828911806068, 3.961948214957133008, 25.44962930291198688 ) ) ;
#979 = CARTESIAN_POINT ( 'NONE',  ( -15.28949712415843898, 4.321038822656199763, 25.55469738456283579 ) ) ;
#980 = CARTESIAN_POINT ( 'NONE',  ( -15.10869647308169839, 4.494220055206621822, 25.57390631263371716 ) ) ;
#981 = CARTESIAN_POINT ( 'NONE',  ( -7.315035843759459588, 4.099999999999998757, 25.19716633557739982 ) ) ;
#982 = CARTESIAN_POINT ( 'NONE',  ( -15.20616281605390796, 4.460828054250613128, 25.54369885048510724 ) ) ;
#983 = FACE_OUTER_BOUND ( 'NONE', #1718, .T. ) ;
#984 = CARTESIAN_POINT ( 'NONE',  ( -15.08159027268691510, 4.498058959008175428, 25.58362442423252858 ) ) ;
#985 = CARTESIAN_POINT ( 'NONE',  ( -9.821477889131319472, 4.099999999999999645, 25.83622787941218846 ) ) ;
#986 = CARTESIAN_POINT ( 'NONE',  ( -15.26535156812627925, 3.996903306958440982, 25.51494422462160827 ) ) ;
#987 = CARTESIAN_POINT ( 'NONE',  ( -15.29456077033997374, 4.500000000000007994, 25.54423919951487676 ) ) ;
#988 = CARTESIAN_POINT ( 'NONE',  ( -15.07881159642273516, 3.908107342814729712, 25.54106799694939767 ) ) ;
#989 = CARTESIAN_POINT ( 'NONE',  ( -15.20782367418489045, 3.953693400827070104, 25.46836567051825639 ) ) ;
#990 = CARTESIAN_POINT ( 'NONE',  ( -15.06164366819137612, 3.900928563040188646, 25.58034710597757666 ) ) ;
#991 = CARTESIAN_POINT ( 'NONE',  ( -15.14986184881070308, 4.482622105890269104, 25.52636272905077064 ) ) ;
#992 = CARTESIAN_POINT ( 'NONE',  ( -12.19919160542809600, 3.899999999999998135, 25.90589897683167209 ) ) ;
#993 = CARTESIAN_POINT ( 'NONE',  ( -15.17953685675119146, 4.415838728297009297, 25.43328376475957242 ) ) ;
#994 = CARTESIAN_POINT ( 'NONE',  ( -15.13637079756166237, 3.911336757540998299, 25.56532431585625886 ) ) ;
#995 = CARTESIAN_POINT ( 'NONE',  ( -15.26702397515807341, 4.016208952821902933, 25.46293455638953063 ) ) ;
#996 = CARTESIAN_POINT ( 'NONE',  ( -15.28673553227994297, 4.089692977143650765, 25.56490385653414776 ) ) ;
#997 = CARTESIAN_POINT ( 'NONE',  ( -7.903517156830426771, 4.499999999999997335, 29.96101892711547876 ) ) ;
#998 = CARTESIAN_POINT ( 'NONE',  ( -15.12531706151765043, 4.488990953971289777, 25.53517332338296342 ) ) ;
#999 = CARTESIAN_POINT ( 'NONE',  ( -10.16098546290621485, 4.100000000000000533, 29.44154870033445093 ) ) ;
#1000 = CARTESIAN_POINT ( 'NONE',  ( -14.79401673088497127, 3.899999999999999467, 25.92302311168375439 ) ) ;
#1001 = CARTESIAN_POINT ( 'NONE',  ( -15.20781838834034794, 4.456911781310325615, 25.48576254246116335 ) ) ;
#1002 = CARTESIAN_POINT ( 'NONE',  ( -6.900018103691999194, 4.199999847142954046, 25.96689337877836223 ) ) ;
#1003 = CARTESIAN_POINT ( 'NONE',  ( -15.17929838778704976, 3.935108716469509105, 25.58956908313841438 ) ) ;
#1004 = CARTESIAN_POINT ( 'NONE',  ( -15.12378402084508444, 3.933401290894170899, 25.48463698485311468 ) ) ;
#1005 = CARTESIAN_POINT ( 'NONE',  ( -15.12222360895435713, 3.951938193987361014, 25.46071774684689615 ) ) ;
#1006 = CARTESIAN_POINT ( 'NONE',  ( -15.17070550172230092, 4.310705923124565686, 25.39511350778994725 ) ) ;
#1007 = CARTESIAN_POINT ( 'NONE',  ( -15.10281344247220936, 4.494523980276031949, 25.55886027701515317 ) ) ;
#1008 = CARTESIAN_POINT ( 'NONE',  ( -15.20839448744038869, 4.446125512870515273, 25.58449687575683384 ) ) ;
#1009 = CARTESIAN_POINT ( 'NONE',  ( -15.09548548568638360, 4.495011484949648306, 25.59756962443170636 ) ) ;
#1010 = CARTESIAN_POINT ( 'NONE',  ( -15.05103924172696672, 3.900146831208749720, 25.59954637605483541 ) ) ;
#1011 = CARTESIAN_POINT ( 'NONE',  ( -15.26109357655662180, 3.995549179352848590, 25.54464491953457994 ) ) ;
#1012 = CARTESIAN_POINT ( 'NONE',  ( -15.29556487447378821, 4.500000000000000000, 25.54121973877282059 ) ) ;
#1013 = CARTESIAN_POINT ( 'NONE',  ( -15.07801496758230009, 3.906508142950806395, 25.54701991071813083 ) ) ;
#1014 = CARTESIAN_POINT ( 'NONE',  ( -15.23503194357491708, 3.971272504799057135, 25.56730300187189187 ) ) ;
#1015 = CARTESIAN_POINT ( 'NONE',  ( -15.06068334155961708, 3.901046701860688248, 25.57880385377712429 ) ) ;
#1016 = CARTESIAN_POINT ( 'NONE',  ( -15.05971561754050470, 4.499238892372487086, 25.58217912308229458 ) ) ;
#1017 = CARTESIAN_POINT ( 'NONE',  ( -15.16803372742044687, 4.470566699324349358, 25.59201019124173015 ) ) ;
#1018 = CARTESIAN_POINT ( 'NONE',  ( -15.12331813327969066, 4.468075611682362336, 25.48689913498466098 ) ) ;
#1019 = CARTESIAN_POINT ( 'NONE',  ( -14.11883315094300606, 4.099999999999999645, 25.49488994628692851 ) ) ;
#1020 = CARTESIAN_POINT ( 'NONE',  ( -15.24159021529765745, 4.436571453373854723, 25.51593260533065433 ) ) ;
#1021 = CARTESIAN_POINT ( 'NONE',  ( -15.10181495962148013, 3.918466725615290969, 25.51211431697868548 ) ) ;
#1022 = CARTESIAN_POINT ( 'NONE',  ( -15.19877272171405735, 4.009124557812910439, 25.42239484141848749 ) ) ;
#1023 = CARTESIAN_POINT ( 'NONE',  ( -15.08667154418029810, 3.906232627940320334, 25.54834367607728041 ) ) ;
#1024 = CARTESIAN_POINT ( 'NONE',  ( -15.04510780637591338, 4.499974168997452395, 25.59708476910099861 ) ) ;
#1025 = CARTESIAN_POINT ( 'NONE',  ( -15.30655037941456698, 4.089282560307544223, 25.48391943375442281 ) ) ;
#1026 = CARTESIAN_POINT ( 'NONE',  ( -15.24846420885689113, 3.972579285240068092, 25.52584885164022666 ) ) ;
#1027 = CARTESIAN_POINT ( 'NONE',  ( -6.673148467919476801, 4.499999999999999112, 30.61679432361604469 ) ) ;
#1028 = CARTESIAN_POINT ( 'NONE',  ( -11.74993703993197869, 4.500000000006025402, 25.74664955480350415 ) ) ;
#1029 = CARTESIAN_POINT ( 'NONE',  ( -15.10245873231604108, 4.475619202305437305, 25.50028751289426054 ) ) ;
#1030 = CARTESIAN_POINT ( 'NONE',  ( -15.19508004573693327, 4.099999999999998757, 25.73144910451490119 ) ) ;
#1031 = CARTESIAN_POINT ( 'NONE',  ( -15.05013121738675075, 3.900321582450828828, 25.58833026363739549 ) ) ;
#1032 = CARTESIAN_POINT ( 'NONE',  ( -15.18528411588548899, 4.448258953058762621, 25.46263776092383324 ) ) ;
#1033 = DIRECTION ( 'NONE',  ( 0.000000000000000000, 0.000000000000000000, -1.000000000000000000 ) ) ;
#1034 = CARTESIAN_POINT ( 'NONE',  ( -15.16000587368079522, 3.918443368180518860, 25.55625992674083591 ) ) ;
#1035 = CARTESIAN_POINT ( 'NONE',  ( -15.11347092671447179, 3.939990954942794499, 25.47550998496940267 ) ) ;
#1036 = CARTESIAN_POINT ( 'NONE',  ( -15.14171257367195622, 3.988190764440918912, 25.42874688481773404 ) ) ;
#1037 = VERTEX_POINT ( 'NONE', #3376 ) ;
#1038 = CARTESIAN_POINT ( 'NONE',  ( -15.28220391026125569, 4.305248358364910821, 25.57633111874610066 ) ) ;
#1039 = CARTESIAN_POINT ( 'NONE',  ( -12.15489404722198508, 4.500000000000000888, 28.25104123847645354 ) ) ;
#1040 = CARTESIAN_POINT ( 'NONE',  ( -15.10357753109105161, 4.495078123976959716, 25.57594225679201116 ) ) ;
#1041 = CARTESIAN_POINT ( 'NONE',  ( -15.19145551449669895, 4.470076898789081987, 25.52763800454973975 ) ) ;
#1042 = CARTESIAN_POINT ( 'NONE',  ( -15.13543647526614144, 3.949287229119929687, 25.46316743027321650 ) ) ;
#1043 = CARTESIAN_POINT ( 'NONE',  ( -7.320127854569973280, 3.899999999999998135, 25.43538940709051133 ) ) ;
#1044 = CARTESIAN_POINT ( 'NONE',  ( -15.07473636999179867, 4.496828948586413688, 25.56290662048174411 ) ) ;
#1045 = CARTESIAN_POINT ( 'NONE',  ( -5.910816741293474230, 3.899999999999691713, 31.40610254074486818 ) ) ;
#1046 = CARTESIAN_POINT ( 'NONE',  ( -15.04423847432115480, 3.900049903511233929, 25.59555080950213224 ) ) ;
#1047 = CARTESIAN_POINT ( 'NONE',  ( -15.30210756957357177, 4.071336408839410836, 25.48625940713473526 ) ) ;
#1048 = CARTESIAN_POINT ( 'NONE',  ( -15.26373217949644534, 4.500000000000418332, 25.61563050634301675 ) ) ;
#1049 = CARTESIAN_POINT ( 'NONE',  ( -15.09875388537441587, 3.904319189283113722, 25.56786624752024650 ) ) ;
#1050 = CARTESIAN_POINT ( 'NONE',  ( -15.18254213375494288, 3.950401663593045232, 25.46359753839590212 ) ) ;
#1051 = CARTESIAN_POINT ( 'NONE',  ( -15.06292094446269658, 3.900803817456675038, 25.58239370304316296 ) ) ;
#1052 = CARTESIAN_POINT ( 'NONE',  ( -15.06039912074621334, 4.499457013123159932, 25.59805917515129892 ) ) ;
#1053 = CARTESIAN_POINT ( 'NONE',  ( -15.18205202658902842, 4.462861608012875791, 25.59064556156183912 ) ) ;
#1054 = CARTESIAN_POINT ( 'NONE',  ( -15.17464331913656217, 3.899999999999999467, 25.59526188132114655 ) ) ;
#1055 = CARTESIAN_POINT ( 'NONE',  ( -15.15183035848879278, 4.401334599752850352, 25.42217299874325676 ) ) ;
#1056 = CARTESIAN_POINT ( 'NONE',  ( -15.13337441365489333, 3.910225174221604760, 25.55979754912605273 ) ) ;
#1057 = CARTESIAN_POINT ( 'NONE',  ( -15.19011377676911856, 4.012294211220700291, 25.41877640317893494 ) ) ;
#1058 = CARTESIAN_POINT ( 'NONE',  ( -15.11904136023835932, 3.909813992557839679, 25.59214106809161393 ) ) ;
#1059 = CARTESIAN_POINT ( 'NONE',  ( -15.22346539073010696, 4.089577534123153946, 25.39972784680266571 ) ) ;
#1060 = CARTESIAN_POINT ( 'NONE',  ( -15.25022420425566416, 3.974865584338381552, 25.52524830294612812 ) ) ;
#1061 = CARTESIAN_POINT ( 'NONE',  ( -6.030963882367472273, 4.499999999998374633, 31.31355404112872876 ) ) ;
#1062 = CARTESIAN_POINT ( 'NONE',  ( -15.15149992079560093, 4.482339130817472928, 25.57535391992343321 ) ) ;
#1063 = CARTESIAN_POINT ( 'NONE',  ( -13.29393320833966818, 4.500000000000000888, 27.37617410066953383 ) ) ;
#1064 = CARTESIAN_POINT ( 'NONE',  ( -14.97772992804460124, 3.899999999999999467, 25.69309511665045420 ) ) ;
#1065 = CARTESIAN_POINT ( 'NONE',  ( -15.05660242848697372, 3.900284195307698099, 25.59164644183645621 ) ) ;
#1066 = CARTESIAN_POINT ( 'NONE',  ( -15.23305969934676973, 4.437307825553080676, 25.55305479279328296 ) ) ;
#1067 = CARTESIAN_POINT ( 'NONE',  ( -15.13988792154813190, 3.916343644417510372, 25.52203195560663218 ) ) ;
#1068 = CARTESIAN_POINT ( 'NONE',  ( -15.09873836468456609, 3.923763703732844554, 25.50081245998661927 ) ) ;
#1069 = CARTESIAN_POINT ( 'NONE',  ( -15.18483717271652722, 4.300000000000012257, 25.39551480081925661 ) ) ;
#1070 = ORIENTED_EDGE ( 'NONE', *, *, #2816, .F. ) ;
#1071 = CARTESIAN_POINT ( 'NONE',  ( -15.08666456041384052, 3.902482600415952074, 25.58214470282091213 ) ) ;
#1072 = CARTESIAN_POINT ( 'NONE',  ( -15.24179719535957744, 4.310827949292184158, 25.40402105204691807 ) ) ;
#1073 = CARTESIAN_POINT ( 'NONE',  ( -11.49212798117951095, 4.299999999999999822, 28.88433034789692044 ) ) ;
#1074 = CARTESIAN_POINT ( 'NONE',  ( -15.10626116237856209, 4.494526962218917454, 25.56446732886998419 ) ) ;
#1075 = CARTESIAN_POINT ( 'NONE',  ( -15.20568121614428492, 4.451950293966481453, 25.57518735576484303 ) ) ;
#1076 = CARTESIAN_POINT ( 'NONE',  ( -15.16646045207136595, 3.941811631252888137, 25.47339427650281252 ) ) ;
#1077 = CARTESIAN_POINT ( 'NONE',  ( -5.900018103691999194, 4.062057947684860615, 23.67968597258791164 ) ) ;
#1078 = CARTESIAN_POINT ( 'NONE',  ( -7.509917527386510194, 3.900000000002243006, 25.31261324320431783 ) ) ;
#1079 = CARTESIAN_POINT ( 'NONE',  ( -15.08032324636353572, 4.497735108256588177, 25.57176138508337360 ) ) ;
#1080 = CARTESIAN_POINT ( 'NONE',  ( -15.04802892393012925, 3.900064440947170308, 25.59943263828361992 ) ) ;
#1081 = CARTESIAN_POINT ( 'NONE',  ( -15.28970864134859831, 4.079148472394662939, 25.55419081799905712 ) ) ;
#1082 = CARTESIAN_POINT ( 'NONE',  ( -15.12011366108345811, 4.499999999999795719, 25.83686568353995483 ) ) ;
#1083 = CARTESIAN_POINT ( 'NONE',  ( -15.09429923903673831, 3.903962411613554284, 25.56566220413462176 ) ) ;
#1084 = CARTESIAN_POINT ( 'NONE',  ( -15.18540752650150694, 3.941890191389765707, 25.47607506983502645 ) ) ;
#1085 = CARTESIAN_POINT ( 'NONE',  ( -15.06547369069081554, 3.900715599009982437, 25.58649733309339425 ) ) ;
#1086 = CARTESIAN_POINT ( 'NONE',  ( -15.05314913031273960, 4.499181569144306891, 25.58117742061140731 ) ) ;
#1087 = CARTESIAN_POINT ( 'NONE',  ( -15.17668095658993188, 4.475441060953093242, 25.53159022660437572 ) ) ;
#1088 = CARTESIAN_POINT ( 'NONE',  ( -15.05869039079381366, 3.900000000000283684, 25.39848569533819145 ) ) ;
#1089 = CARTESIAN_POINT ( 'NONE',  ( -15.25125134910266311, 4.423715212178572997, 25.50690588730904551 ) ) ;
#1090 = CARTESIAN_POINT ( 'NONE',  ( -15.13367700555282447, 3.910717405298667071, 25.56641278636047687 ) ) ;
#1091 = CARTESIAN_POINT ( 'NONE',  ( -15.17696958339544011, 4.017503396908796987, 25.41423035477255610 ) ) ;
#1092 = CARTESIAN_POINT ( 'NONE',  ( -15.10504101926547804, 3.905166721239363703, 25.56780410150421545 ) ) ;
#1093 = CARTESIAN_POINT ( 'NONE',  ( -15.16313392086057732, 3.992823327244811704, 25.42607496110430532 ) ) ;
#1094 = CARTESIAN_POINT ( 'NONE',  ( -15.08093278262590964, 3.901954783858831988, 25.58739572611887780 ) ) ;
#1095 = VECTOR ( 'NONE', #5142, 39.37007874015748143 ) ;
#1096 = CARTESIAN_POINT ( 'NONE',  ( -5.840173126428526373, 4.500000000000001776, 31.20782590198805551 ) ) ;
#1097 = CARTESIAN_POINT ( 'NONE',  ( -15.12378682095680382, 4.484009875524624711, 25.51827920619858858 ) ) ;
#1098 = CARTESIAN_POINT ( 'NONE',  ( -6.264323667613785673, 4.500000000000001776, 30.89197379496121698 ) ) ;
#1099 = CARTESIAN_POINT ( 'NONE',  ( -14.28261325400952053, 4.099999999999999645, 26.74838635448289281 ) ) ;
#1100 = CARTESIAN_POINT ( 'NONE',  ( -15.05496883006783726, 3.900318813693578690, 25.58902087752644761 ) ) ;
#1101 = CARTESIAN_POINT ( 'NONE',  ( -15.21484255878745095, 4.457208537435458418, 25.49638731550716741 ) ) ;
#1102 = CARTESIAN_POINT ( 'NONE',  ( -15.16668483349122276, 3.923195219901844499, 25.57023552910463238 ) ) ;
#1103 = CARTESIAN_POINT ( 'NONE',  ( -15.06373010888484565, 4.496670191427647900, 25.56222810720087324 ) ) ;
#1104 = CARTESIAN_POINT ( 'NONE',  ( -15.17364818865162590, 4.500000000000000888, 25.59520492577586026 ) ) ;
#1105 = ORIENTED_EDGE ( 'NONE', *, *, #356, .F. ) ;
#1106 = CARTESIAN_POINT ( 'NONE',  ( -15.09228940896445259, 3.903430704253629813, 25.58684908840974259 ) ) ;
#1107 = CARTESIAN_POINT ( 'NONE',  ( -15.04692778762976602, 4.499963081291492806, 25.59768260290779196 ) ) ;
#1108 = CARTESIAN_POINT ( 'NONE',  ( -12.53744296876574715, 4.499999999999999112, 27.97956603226371186 ) ) ;
#1109 = CARTESIAN_POINT ( 'NONE',  ( -15.09233046413532975, 4.492228946710021376, 25.54245653820280637 ) ) ;
#1110 = CARTESIAN_POINT ( 'NONE',  ( -15.18085756528590125, 4.471873555671960432, 25.50892812732879733 ) ) ;
#1111 = CARTESIAN_POINT ( 'NONE',  ( -15.21364492813486180, 3.951837204798822611, 25.56864661974775998 ) ) ;
#1112 = CARTESIAN_POINT ( 'NONE',  ( -5.900018103691999194, 3.913367940667611844, 23.91560531705568948 ) ) ;
#1113 = CARTESIAN_POINT ( 'NONE',  ( -7.161078363563542659, 3.899999999999999911, 25.09457219860207644 ) ) ;
#1114 = CARTESIAN_POINT ( 'NONE',  ( -15.07643045406782356, 4.497185576022380893, 25.56556329993660981 ) ) ;
#1115 = CARTESIAN_POINT ( 'NONE',  ( -15.04238915889703421, 3.899999999999999023, 25.59972584222396819 ) ) ;
#1116 = CARTESIAN_POINT ( 'NONE',  ( -15.27443139272155292, 4.070983059289313921, 25.42388792345433046 ) ) ;
#1117 = CARTESIAN_POINT ( 'NONE',  ( -13.21782244732419720, 4.500000000000812683, 27.69932991358962582 ) ) ;
#1118 = CARTESIAN_POINT ( 'NONE',  ( -15.08007332214352125, 3.905205294481607581, 25.55250120251063350 ) ) ;
#1119 = CARTESIAN_POINT ( 'NONE',  ( -15.15493419135076003, 3.968400581312392372, 25.44382710895539290 ) ) ;
#1120 = EDGE_CURVE ( 'NONE', #6221, #3262, #4996, .T. ) ;
#1121 = CARTESIAN_POINT ( 'NONE',  ( -15.06677048388772988, 3.900771922515466894, 25.58983973458962424 ) ) ;
#1122 = CARTESIAN_POINT ( 'NONE',  ( -15.06575904616443218, 4.499265146913607794, 25.59212055889911497 ) ) ;
#1123 = CARTESIAN_POINT ( 'NONE',  ( -15.12593314693459234, 4.454243766343294553, 25.46768303566896918 ) ) ;
#1124 = CARTESIAN_POINT ( 'NONE',  ( -15.18494358821938484, 3.899999999999999467, 25.59609753711374580 ) ) ;
#1125 = CARTESIAN_POINT ( 'NONE',  ( -15.23223100080119252, 4.427982015013885331, 25.46844378982429902 ) ) ;
#1126 = CARTESIAN_POINT ( 'NONE',  ( -15.11098266269737600, 3.911752220638195610, 25.52952234514804530 ) ) ;
#1127 = CARTESIAN_POINT ( 'NONE',  ( -15.15477306439949601, 4.027080805355104154, 25.40837494212003378 ) ) ;
#1128 = CARTESIAN_POINT ( 'NONE',  ( -15.25230398917714503, 3.980022088526804058, 25.53809082465786418 ) ) ;
#1129 = CARTESIAN_POINT ( 'NONE',  ( -6.780850880068277853, 4.299999999999999822, 30.78539150215380005 ) ) ;
#1130 = CARTESIAN_POINT ( 'NONE',  ( -12.82610334653052142, 4.499999999999997335, 25.64033689358142354 ) ) ;
#1131 = CARTESIAN_POINT ( 'NONE',  ( -15.14636518477145621, 4.486629947749975145, 25.54719272131991659 ) ) ;
#1132 = CARTESIAN_POINT ( 'NONE',  ( -13.46529698272898656, 4.500000000000000000, 27.22847951116516185 ) ) ;
#1133 = CARTESIAN_POINT ( 'NONE',  ( -6.184343372781384573, 4.499999999999248601, 24.10819189421573228 ) ) ;
#1134 = CARTESIAN_POINT ( 'NONE',  ( -12.56057827048509523, 4.099999999999186073, 28.21082075278668100 ) ) ;
#1135 = CARTESIAN_POINT ( 'NONE',  ( -15.04974456948607298, 3.900231939286988858, 25.59016525922343632 ) ) ;
#1136 = CARTESIAN_POINT ( 'NONE',  ( -15.20903972806763171, 4.445759967451158090, 25.46888909181033966 ) ) ;
#1137 = CARTESIAN_POINT ( 'NONE',  ( -15.15765191651772703, 3.917260119104840843, 25.55165026013441221 ) ) ;
#1138 = CARTESIAN_POINT ( 'NONE',  ( -15.19425263739490539, 4.299999999999999822, 25.39614674012897666 ) ) ;
#1139 = ORIENTED_EDGE ( 'NONE', *, *, #5013, .T. ) ;
#1140 = CARTESIAN_POINT ( 'NONE',  ( -15.08771077676088268, 3.902656804230771215, 25.58393604610168381 ) ) ;
#1141 = CARTESIAN_POINT ( 'NONE',  ( -15.04824362868013132, 4.499870638087906549, 25.59259254373208847 ) ) ;
#1142 = CARTESIAN_POINT ( 'NONE',  ( -11.27475806299096739, 4.300000000000824052, 28.99569133114815145 ) ) ;
#1143 = CARTESIAN_POINT ( 'NONE',  ( -15.10512760297287116, 4.490375053760462976, 25.53644645018676584 ) ) ;
#1144 = CARTESIAN_POINT ( 'NONE',  ( -15.22487310680376460, 4.433927569305157412, 25.57826306541207018 ) ) ;
#1145 = CARTESIAN_POINT ( 'NONE',  ( -5.900018103691999194, 3.899999999999999911, 23.67301540326788611 ) ) ;
#1146 = CARTESIAN_POINT ( 'NONE',  ( -15.18830301125361260, 3.932674413095303301, 25.49767965335480824 ) ) ;
#1147 = DIRECTION ( 'NONE',  ( 1.000000000000000000, -0.000000000000000000, -1.411534255948957224E-16 ) ) ;
#1148 = CARTESIAN_POINT ( 'NONE',  ( -15.23784942831616007, 4.347336031857245153, 25.41321176820198957 ) ) ;
#1149 = CARTESIAN_POINT ( 'NONE',  ( -6.620922359910141886, 3.900000000000000799, 24.91858895961674492 ) ) ;
#1150 = CARTESIAN_POINT ( 'NONE',  ( -15.10067973580068212, 4.494673909030709957, 25.59142476175409087 ) ) ;
#1151 = CARTESIAN_POINT ( 'NONE',  ( -15.04241765248174723, 3.899999999999999023, 25.59977176472899529 ) ) ;
#1152 = CARTESIAN_POINT ( 'NONE',  ( -15.18334908043048870, 4.058990786050314270, 25.40018008039719533 ) ) ;
#1153 = CARTESIAN_POINT ( 'NONE',  ( -14.86935523428835992, 4.499999999999999112, 25.83299281108854828 ) ) ;
#1154 = CARTESIAN_POINT ( 'NONE',  ( -15.14815001430177688, 4.005064044200735474, 25.41861216573905935 ) ) ;
#1155 = CARTESIAN_POINT ( 'NONE',  ( -15.09107916277823236, 3.903453651463583363, 25.56785065396109502 ) ) ;
#1156 = CARTESIAN_POINT ( 'NONE',  ( -15.23626882977658603, 3.981282451266626499, 25.58306442338897568 ) ) ;
#1157 = CARTESIAN_POINT ( 'NONE',  ( -15.05884187022963694, 4.499141182556024354, 25.58075861905935611 ) ) ;
#1158 = CARTESIAN_POINT ( 'NONE',  ( -15.16884927091809310, 4.478316102823092670, 25.53910390942012398 ) ) ;
#1159 = CARTESIAN_POINT ( 'NONE',  ( -15.11982211179080515, 4.100000000000188827, 25.39506353290226315 ) ) ;
#1160 = B_SPLINE_CURVE_WITH_KNOTS ( 'NONE', 3,
 ( #5896, #5385, #3421, #4965, #562 ),
 .UNSPECIFIED., .F., .F.,
 ( 4, 1, 4 ),
 ( 0.000000000000000000, 0.4383047502301214982, 1.000000000000000000 ),
 .UNSPECIFIED. ) ;
#1161 = CARTESIAN_POINT ( 'NONE',  ( -15.23872993094879114, 4.422660725787339153, 25.46991934666954904 ) ) ;
#1162 = CARTESIAN_POINT ( 'NONE',  ( -15.11805619659295807, 3.907362201802063950, 25.55650097082505923 ) ) ;
#1163 = CARTESIAN_POINT ( 'NONE',  ( -15.22715415183359688, 3.965212785253402483, 25.47072844419133375 ) ) ;
#1164 = CARTESIAN_POINT ( 'NONE',  ( -15.06601257787780312, 3.901705472254088480, 25.57277083013162411 ) ) ;
#1165 = CARTESIAN_POINT ( 'NONE',  ( -5.910816604528006835, 4.300000000000151701, 31.40610264720859490 ) ) ;
#1166 = CARTESIAN_POINT ( 'NONE',  ( -15.16389955609586337, 4.475328809567760580, 25.58240941527498435 ) ) ;
#1167 = CARTESIAN_POINT ( 'NONE',  ( -11.65018540233646149, 4.500000000000000888, 28.57110743806962816 ) ) ;
#1168 = CARTESIAN_POINT ( 'NONE',  ( -12.99988845546912053, 3.899999999999999467, 27.61927437074114877 ) ) ;
#1169 = CARTESIAN_POINT ( 'NONE',  ( -15.05315609830773838, 3.900450273820821767, 25.58604785807949611 ) ) ;
#1170 = CARTESIAN_POINT ( 'NONE',  ( -15.17246349797232163, 4.428995034971502598, 25.44219809528697951 ) ) ;
#1171 = CARTESIAN_POINT ( 'NONE',  ( -15.14217313481683114, 3.914505999507127409, 25.53018431339117811 ) ) ;
#1172 = CARTESIAN_POINT ( 'NONE',  ( -15.17134734364246640, 3.923368842913720123, 25.55524501263296600 ) ) ;
#1173 = CARTESIAN_POINT ( 'NONE',  ( -15.08754877572339836, 4.485131429461874042, 25.52119721215033366 ) ) ;
#1174 = CARTESIAN_POINT ( 'NONE',  ( -15.18008006605876936, 4.499999999999999112, 25.59565554079981453 ) ) ;
#1175 = CARTESIAN_POINT ( 'NONE',  ( -15.08911240331328685, 3.903725918155714236, 25.59661538345600462 ) ) ;
#1176 = CARTESIAN_POINT ( 'NONE',  ( -15.04562264313760345, 4.499977760660140547, 25.59794571237800653 ) ) ;
#1177 = CARTESIAN_POINT ( 'NONE',  ( -15.12104654242248891, 4.489972807313426628, 25.58976337912073973 ) ) ;
#1178 = CARTESIAN_POINT ( 'NONE',  ( -15.18780787022470591, 4.462684657102589547, 25.48548528668492708 ) ) ;
#1179 = CARTESIAN_POINT ( 'NONE',  ( -15.20577158755348712, 3.936847712072702343, 25.53088541973227166 ) ) ;
#1180 = CARTESIAN_POINT ( 'NONE',  ( -5.900018103692000082, 3.917558022452188204, 23.89697911699467880 ) ) ;
#1181 = CARTESIAN_POINT ( 'NONE',  ( -15.29457936417249186, 4.348444076162525818, 25.48527755905601921 ) ) ;
#1182 = CARTESIAN_POINT ( 'NONE',  ( -6.184324099465372093, 3.900000000000376055, 24.10816513279040052 ) ) ;
#1183 = CARTESIAN_POINT ( 'NONE',  ( -15.08566518034404602, 4.496838574010663336, 25.56622804625777690 ) ) ;
#1184 = CARTESIAN_POINT ( 'NONE',  ( -15.04403507908188686, 3.900008351333133838, 25.60004991306085742 ) ) ;
#1185 = CARTESIAN_POINT ( 'NONE',  ( -13.49110794897265464, 4.299999999998370015, 27.47089536481996674 ) ) ;
#1186 = CARTESIAN_POINT ( 'NONE',  ( -15.07727515440961952, 3.906230031207271747, 25.54814493161314815 ) ) ;
#1187 = CARTESIAN_POINT ( 'NONE',  ( -15.29872903565702735, 4.089215652051262140, 25.44305305198387757 ) ) ;
#1188 = CARTESIAN_POINT ( 'NONE',  ( -15.22643422442796179, 3.963374476216326769, 25.56923865911785043 ) ) ;
#1189 = CARTESIAN_POINT ( 'NONE',  ( -15.05724865007412561, 4.498352557017265774, 25.57334660829959816 ) ) ;
#1190 = LENGTH_MEASURE_WITH_UNIT ( LENGTH_MEASURE( 0.02539999999999999897 ), #706 );
#1191 = CARTESIAN_POINT ( 'NONE',  ( -15.17872870411766506, 4.473704173823656483, 25.55110038433541675 ) ) ;
#1192 = CARTESIAN_POINT ( 'NONE',  ( -15.18161399696185221, 3.899999999999999467, 25.59579119089561061 ) ) ;
#1193 = CARTESIAN_POINT ( 'NONE',  ( -15.25494731018591388, 4.418281348280014065, 25.50523483840451178 ) ) ;
#1194 = CARTESIAN_POINT ( 'NONE',  ( -15.13938698900846269, 3.913661417577525281, 25.57727722605499210 ) ) ;
#1195 = CARTESIAN_POINT ( 'NONE',  ( -15.23608065691791680, 3.959292476544195249, 25.49793625256024754 ) ) ;
#1196 = CARTESIAN_POINT ( 'NONE',  ( -15.06723935653922197, 3.901511821765935473, 25.57472604054715148 ) ) ;
#1197 = CARTESIAN_POINT ( 'NONE',  ( -14.74602253653311656, 4.300000000000000711, 25.42644711872925356 ) ) ;
#1198 = CARTESIAN_POINT ( 'NONE',  ( -15.11149919979428269, 4.470172728948001328, 25.49046833042273974 ) ) ;
#1199 = CARTESIAN_POINT ( 'NONE',  ( -13.96950860739086409, 4.499999999999999112, 26.77231827288308352 ) ) ;
#1200 = CARTESIAN_POINT ( 'NONE',  ( -9.191136353670794179, 4.300000000001497291, 25.79937184893201163 ) ) ;
#1201 = CARTESIAN_POINT ( 'NONE',  ( -10.91797431308864574, 3.899999999999999467, 28.94248198126184946 ) ) ;
#1202 = CARTESIAN_POINT ( 'NONE',  ( -15.05277778037378766, 3.900157194865857768, 25.59511976785233855 ) ) ;
#1203 = CARTESIAN_POINT ( 'NONE',  ( -15.22084984036656508, 4.452351851345483169, 25.49266749045567693 ) ) ;
#1204 = CARTESIAN_POINT ( 'NONE',  ( -15.16191338059043048, 3.920325457803678582, 25.56622463296530867 ) ) ;
#1205 = CARTESIAN_POINT ( 'NONE',  ( -15.14681364553982057, 4.499999999999998224, 25.39462277781760946 ) ) ;
#1206 = ORIENTED_EDGE ( 'NONE', *, *, #3879, .F. ) ;
#1207 = CARTESIAN_POINT ( 'NONE',  ( -15.06560577339876872, 3.903235067858970897, 25.56255509825004069 ) ) ;
#1208 = CARTESIAN_POINT ( 'NONE',  ( -15.04803271543607757, 4.499935888067155609, 25.59946472889851776 ) ) ;
#1209 = CARTESIAN_POINT ( 'NONE',  ( -15.08875310905068723, 4.485771226120638389, 25.52254143214788229 ) ) ;
#1210 = CARTESIAN_POINT ( 'NONE',  ( -14.90159311295465727, 4.099999999999999645, 25.41162829673212542 ) ) ;
#1211 = CARTESIAN_POINT ( 'NONE',  ( -15.20361276025506747, 4.464547417460227763, 25.50802634872206909 ) ) ;
#1212 = CARTESIAN_POINT ( 'NONE',  ( -15.19452264406027098, 3.932698504688057817, 25.54339888510658696 ) ) ;
#1213 = CARTESIAN_POINT ( 'NONE',  ( -15.29495328387682918, 4.099999999999994316, 25.54306701407999114 ) ) ;
#1214 = CARTESIAN_POINT ( 'NONE',  ( -5.900018103691999194, 3.934025579297350195, 23.84163715501999903 ) ) ;
#1215 = CARTESIAN_POINT ( 'NONE',  ( -15.27529881985519644, 4.348712554440623101, 25.57767546409744241 ) ) ;
#1216 = CARTESIAN_POINT ( 'NONE',  ( -10.64750666471947760, 4.499999999999997335, 26.02270096688098278 ) ) ;
#1217 = CARTESIAN_POINT ( 'NONE',  ( -15.09880936639811644, 4.495353460815899815, 25.58816707890619924 ) ) ;
#1218 = CARTESIAN_POINT ( 'NONE',  ( -15.04374326295166320, 3.900005620841307419, 25.59958281787535483 ) ) ;
#1219 = LINE ( 'NONE', #328, #3963 ) ;
#1220 = CARTESIAN_POINT ( 'NONE',  ( -15.08361823585680028, 3.903482185570104512, 25.56274116989470713 ) ) ;
#1221 = CARTESIAN_POINT ( 'NONE',  ( -15.24673236019849831, 4.089431663657878246, 25.40538857336554557 ) ) ;
#1222 = CARTESIAN_POINT ( 'NONE',  ( -15.21846648917508737, 3.944913809407828875, 25.53318321570716876 ) ) ;
#1223 = CARTESIAN_POINT ( 'NONE',  ( -15.07650682951880405, 4.498164512969544226, 25.59520949227524156 ) ) ;
#1224 = CARTESIAN_POINT ( 'NONE',  ( -15.17610270892403790, 4.475322722592947500, 25.54571423366920513 ) ) ;
#1225 = CARTESIAN_POINT ( 'NONE',  ( -9.736736681459698062, 4.300000000000000711, 29.57068229798769465 ) ) ;
#1226 = CARTESIAN_POINT ( 'NONE',  ( -15.25617330537857264, 4.391050125598711773, 25.58104028527678864 ) ) ;
#1227 = CARTESIAN_POINT ( 'NONE',  ( -15.09173482790601284, 3.916542788749356685, 25.51679717373142608 ) ) ;
#1228 = CARTESIAN_POINT ( 'NONE',  ( -15.22091641819596575, 3.995286127302327461, 25.43931531877726115 ) ) ;
#1229 = CARTESIAN_POINT ( 'NONE',  ( -15.20556279974876368, 3.961035681719349277, 25.45919139377575391 ) ) ;
#1230 = CARTESIAN_POINT ( 'NONE',  ( -15.07327938763211606, 3.901203606739470420, 25.58450729065896567 ) ) ;
#1231 = CARTESIAN_POINT ( 'NONE',  ( -5.847330416064965952, 4.299999999999999822, 31.45559116605741323 ) ) ;
#1232 = CARTESIAN_POINT ( 'NONE',  ( -15.15177081430835138, 4.484067501047737103, 25.56322286358410167 ) ) ;
#1233 = CARTESIAN_POINT ( 'NONE',  ( -6.911207209942418217, 4.500000000000000000, 24.90913541432075462 ) ) ;
#1234 = CARTESIAN_POINT ( 'NONE',  ( -11.96592155596628615, 3.899999999999996358, 28.61454013771837879 ) ) ;
#1235 = CARTESIAN_POINT ( 'NONE',  ( -15.04680584182060343, 3.900134114415188424, 25.59257545484189933 ) ) ;
#1236 = CARTESIAN_POINT ( 'NONE',  ( -15.19008568590421682, 4.443166763441919187, 25.45811266234897374 ) ) ;
#1237 = CARTESIAN_POINT ( 'NONE',  ( -15.11899423170750012, 3.918423873476448716, 25.51176821517258375 ) ) ;
#1238 = EDGE_LOOP ( 'NONE', ( #3232, #4126, #3201, #2034 ) ) ;
#1239 = CARTESIAN_POINT ( 'NONE',  ( -15.08715706155598468, 3.903101095025752088, 25.59312798415855283 ) ) ;
#1240 = CARTESIAN_POINT ( 'NONE',  ( -15.04721950847461009, 4.499958620490392747, 25.59815820150866728 ) ) ;
#1241 = CARTESIAN_POINT ( 'NONE',  ( -15.12351558989160516, 4.491695469898185245, 25.56567856222655877 ) ) ;
#1242 = CARTESIAN_POINT ( 'NONE',  ( -15.20597264331736476, 4.462933648516411722, 25.53227267379170229 ) ) ;
#1243 = CARTESIAN_POINT ( 'NONE',  ( -14.53038201990790768, 3.900000000000000799, 25.65034069059398902 ) ) ;
#1244 = CARTESIAN_POINT ( 'NONE',  ( -15.19574520980532029, 3.933820310177734036, 25.54645012821114491 ) ) ;
#1245 = CARTESIAN_POINT ( 'NONE',  ( -15.31111788347082303, 4.299999999999999822, 25.49424779805166708 ) ) ;
#1246 = CARTESIAN_POINT ( 'NONE',  ( -15.27627047445471575, 4.381107160678257451, 25.53151864958829975 ) ) ;
#1247 = CARTESIAN_POINT ( 'NONE',  ( -5.900018103691996529, 4.363790786499203378, 23.69301943786758713 ) ) ;
#1248 = CARTESIAN_POINT ( 'NONE',  ( -15.10257657779684415, 4.493898892665149525, 25.59475335295272913 ) ) ;
#1249 = CARTESIAN_POINT ( 'NONE',  ( -15.04230448853071600, 3.899999999999999467, 25.59958738435097558 ) ) ;
#1250 = CARTESIAN_POINT ( 'NONE',  ( -15.04136205888854327, 4.500000000000001776, 25.60037349240651849 ) ) ;
#1251 = CARTESIAN_POINT ( 'NONE',  ( -15.09242360128783034, 3.903436526854640043, 25.57007305338866132 ) ) ;
#1252 = CARTESIAN_POINT ( 'NONE',  ( -15.21611775808305289, 3.944361645239594427, 25.53816578995645514 ) ) ;
#1253 = CARTESIAN_POINT ( 'NONE',  ( -15.07688694998977574, 4.498078626763445165, 25.59586577877480806 ) ) ;
#1254 = CARTESIAN_POINT ( 'NONE',  ( -15.17687099450661314, 4.300000000000820499, 25.39510227958633592 ) ) ;
#1255 = CARTESIAN_POINT ( 'NONE',  ( -7.754561442056537857, 4.300000000000000711, 30.24955519415608407 ) ) ;
#1256 = CARTESIAN_POINT ( 'NONE',  ( -15.26520463828488339, 4.374776460427719726, 25.57951593913476884 ) ) ;
#1257 = CARTESIAN_POINT ( 'NONE',  ( -15.14316241417266973, 3.916369674724311523, 25.58480508660146668 ) ) ;
#1258 = CARTESIAN_POINT ( 'NONE',  ( -15.24737385482740670, 3.992317733272217062, 25.57734979273251241 ) ) ;
#1259 = CARTESIAN_POINT ( 'NONE',  ( -15.07446092077162625, 3.901299611588893601, 25.58647350114330621 ) ) ;
#1260 = CARTESIAN_POINT ( 'NONE',  ( -5.893615086098363598, 4.299999999999999822, 31.41950695832121809 ) ) ;
#1261 = CARTESIAN_POINT ( 'NONE',  ( -15.15489653130369874, 4.483772260839837820, 25.54582875156829402 ) ) ;
#1262 = CARTESIAN_POINT ( 'NONE',  ( -8.267508349931498302, 4.299999999998497024, 25.62254233744036469 ) ) ;
#1263 = CARTESIAN_POINT ( 'NONE',  ( -8.737410657865540387, 4.099999999997542055, 29.86604805220817838 ) ) ;
#1264 = CARTESIAN_POINT ( 'NONE',  ( -15.04726611498620947, 3.900201373558815021, 25.59085196212332391 ) ) ;
#1265 = CARTESIAN_POINT ( 'NONE',  ( -15.14749604119729653, 4.411947653907113853, 25.42887921237261040 ) ) ;
#1266 = CARTESIAN_POINT ( 'NONE',  ( -15.12738169992975834, 3.914451261117679604, 25.52306320940449424 ) ) ;
#1267 = ORIENTED_EDGE ( 'NONE', *, *, #4486, .T. ) ;
#1268 = CARTESIAN_POINT ( 'NONE',  ( -15.05795271975902949, 4.499668831361231192, 25.59401613772626050 ) ) ;
#1269 = CARTESIAN_POINT ( 'NONE',  ( -15.09643065215803581, 4.486423498366280072, 25.52393161188791382 ) ) ;
#1270 = CARTESIAN_POINT ( 'NONE',  ( -15.22822590452628511, 4.099999999999996980, 25.67938486752833427 ) ) ;
#1271 = CARTESIAN_POINT ( 'NONE',  ( -15.14073664415310994, 4.433646127902539646, 25.44583094776767496 ) ) ;
#1272 = CARTESIAN_POINT ( 'NONE',  ( -9.114026563894901400, 3.900000000000000355, 25.99253880218070023 ) ) ;
#1273 = CARTESIAN_POINT ( 'NONE',  ( -15.17434462903364079, 3.924750877444621810, 25.51981569172428621 ) ) ;
#1274 = CARTESIAN_POINT ( 'NONE',  ( -15.07844471554841448, 4.497685837525119190, 25.59857197315031030 ) ) ;
#1275 = CARTESIAN_POINT ( 'NONE',  ( -15.29050875343668814, 4.344445188742526831, 25.53527956465513071 ) ) ;
#1276 = CARTESIAN_POINT ( 'NONE',  ( -11.77410725573605710, 4.499999999999999112, 25.94524372815050128 ) ) ;
#1277 = CARTESIAN_POINT ( 'NONE',  ( -15.08149093776748551, 4.495299984531386350, 25.55504006013729068 ) ) ;
#1278 = CARTESIAN_POINT ( 'NONE',  ( -15.06754398192311406, 3.900945739177167138, 25.59486332339691472 ) ) ;
#1279 = CARTESIAN_POINT ( 'NONE',  ( -15.07877949094397074, 3.903048375954252247, 25.56434796428761302 ) ) ;
#1280 = CARTESIAN_POINT ( 'NONE',  ( -15.21047167724844940, 3.938367890946745220, 25.51163113650380154 ) ) ;
#1281 = CARTESIAN_POINT ( 'NONE',  ( -7.412473555504993428, 3.899999999999999467, 30.19169882088871759 ) ) ;
#1282 = CARTESIAN_POINT ( 'NONE',  ( -15.06948175047284799, 4.498955671379992083, 25.59335911993096957 ) ) ;
#1283 = EDGE_CURVE ( 'NONE', #4410, #888, #5306, .T. ) ;
#1284 = CARTESIAN_POINT ( 'NONE',  ( -7.240015784162623369, 4.299999999999999822, 30.51315736078592522 ) ) ;
#1285 = CARTESIAN_POINT ( 'NONE',  ( -15.25965926194848876, 4.391747733797287445, 25.57196831063066966 ) ) ;
#1286 = CARTESIAN_POINT ( 'NONE',  ( -15.09582416894348000, 3.910628060957043850, 25.53238340479514079 ) ) ;
#1287 = CARTESIAN_POINT ( 'NONE',  ( -15.19658445408597558, 4.003682588417528443, 25.42481309353958352 ) ) ;
#1288 = CARTESIAN_POINT ( 'NONE',  ( -15.20699701249283109, 3.963108253201288012, 25.45792684590768218 ) ) ;
#1289 = CARTESIAN_POINT ( 'NONE',  ( -15.07128077362049901, 3.901159578938537376, 25.58122675210104546 ) ) ;
#1290 = CARTESIAN_POINT ( 'NONE',  ( -8.476969253070347321, 4.299999999999999822, 25.67813977420958338 ) ) ;
#1291 = CARTESIAN_POINT ( 'NONE',  ( -15.27529881985519644, 4.348712554440623101, 25.57767546409744241 ) ) ;
#1292 = CARTESIAN_POINT ( 'NONE',  ( -15.12487963971772942, 4.478912179576401975, 25.50636219573252461 ) ) ;
#1293 = CARTESIAN_POINT ( 'NONE',  ( -8.211397637397618965, 4.499999999999999112, 25.81457526119313428 ) ) ;
#1294 = CARTESIAN_POINT ( 'NONE',  ( -9.750285156336563119, 4.099999999998360067, 29.56707005652075537 ) ) ;
#1295 = CARTESIAN_POINT ( 'NONE',  ( -15.04940898796259141, 3.900097484457951236, 25.59450101701903435 ) ) ;
#1296 = CARTESIAN_POINT ( 'NONE',  ( -15.24508047223831042, 4.428486380371995601, 25.54122014371935379 ) ) ;
#1297 = CARTESIAN_POINT ( 'NONE',  ( -15.15156118670078023, 3.915047160775237511, 25.54589425482700804 ) ) ;
#1298 = ORIENTED_EDGE ( 'NONE', *, *, #1361, .T. ) ;
#1299 = CARTESIAN_POINT ( 'NONE',  ( -15.05272344932329887, 4.499848731329365137, 25.59516693692264511 ) ) ;
#1300 = CARTESIAN_POINT ( 'NONE',  ( -15.09505441716377838, 4.479548356969210055, 25.50829778365412892 ) ) ;
#1301 = CARTESIAN_POINT ( 'NONE',  ( -15.02235032825004879, 4.099999999999999645, 25.96180588774258169 ) ) ;
#1302 = CARTESIAN_POINT ( 'NONE',  ( -15.19089335819397490, 4.460915200710016570, 25.48310934844502995 ) ) ;
#1303 = CARTESIAN_POINT ( 'NONE',  ( -5.900018103691998306, 4.314966361355581093, 31.41397944074003235 ) ) ;
#1304 = CARTESIAN_POINT ( 'NONE',  ( -15.17606556596136969, 3.924898896451867181, 25.52273887759605131 ) ) ;
#1305 = CARTESIAN_POINT ( 'NONE',  ( -15.29666234698926530, 4.321727214523224170, 25.53236407050206580 ) ) ;
#1306 = CARTESIAN_POINT ( 'NONE',  ( -7.100690114250791218, 4.499999999999998224, 25.29591569459208955 ) ) ;
#1307 = CARTESIAN_POINT ( 'NONE',  ( -15.10948787491288670, 4.492748302796938376, 25.59141058607142938 ) ) ;
#1308 = CLOSED_SHELL ( 'NONE', ( #3010, #5955, #5653, #3214, #733, #5687, #2487, #277, #3402, #4341, #6237, #5215, #2266, #1472, #3760, #153 ) ) ;
#1309 = CARTESIAN_POINT ( 'NONE',  ( -15.04136205888854683, 3.899999999999999467, 25.60037349240651849 ) ) ;
#1310 = CARTESIAN_POINT ( 'NONE',  ( -15.05373477156194006, 3.900954508187638226, 25.57958371403879383 ) ) ;
#1311 = CARTESIAN_POINT ( 'NONE',  ( -5.900018103691998306, 4.199999847142954046, 29.89647591788961378 ) ) ;
#1312 = CARTESIAN_POINT ( 'NONE',  ( -15.08824627099367177, 3.902838289900373514, 25.57264661445050180 ) ) ;
#1313 = CARTESIAN_POINT ( 'NONE',  ( -15.06635598361929240, 4.499261902706369831, 25.58812730046569683 ) ) ;
#1314 = CARTESIAN_POINT ( 'NONE',  ( -7.443285917111192695, 4.299999999999998046, 30.40345698817054299 ) ) ;
#1315 = CARTESIAN_POINT ( 'NONE',  ( -15.16684942136527248, 4.369470454516929614, 25.40744349761641274 ) ) ;
#1316 = CARTESIAN_POINT ( 'NONE',  ( -15.26113537475736237, 4.077589630978505575, 25.41344368825693678 ) ) ;
#1317 = CARTESIAN_POINT ( 'NONE',  ( -15.24732108454431767, 3.984767678148581460, 25.56481305798926584 ) ) ;
#1318 = CARTESIAN_POINT ( 'NONE',  ( -15.06591330246331317, 3.900781905417561646, 25.58476365071905789 ) ) ;
#1319 = CARTESIAN_POINT ( 'NONE',  ( -15.22581089998904957, 3.970178672452855384, 25.58440785002121487 ) ) ;
#1320 = CARTESIAN_POINT ( 'NONE',  ( -15.14298364763629579, 4.485499984897324488, 25.53119193953468269 ) ) ;
#1321 = CARTESIAN_POINT ( 'NONE',  ( -7.246667345739459698, 4.300000000000379075, 25.15300630201685905 ) ) ;
#1322 = CARTESIAN_POINT ( 'NONE',  ( -9.750285156328949654, 3.899999999996720312, 29.56707005649417042 ) ) ;
#1323 = CARTESIAN_POINT ( 'NONE',  ( -15.05244049405238194, 3.900192937955004879, 25.59942209902920141 ) ) ;
#1324 = CARTESIAN_POINT ( 'NONE',  ( -15.20553891100431798, 4.440076446783036701, 25.46064367973606224 ) ) ;
#1325 = CARTESIAN_POINT ( 'NONE',  ( -15.14416757332664254, 3.912714627167881876, 25.54954126793667157 ) ) ;
#1326 = CARTESIAN_POINT ( 'NONE',  ( -15.25584686616937624, 4.037846298601916573, 25.43045509371229684 ) ) ;
#1327 = CARTESIAN_POINT ( 'NONE',  ( -15.12356452575322407, 3.911582888667063607, 25.59471951489532060 ) ) ;
#1328 = EDGE_LOOP ( 'NONE', ( #1139, #6356 ) ) ;
#1329 = CARTESIAN_POINT ( 'NONE',  ( -15.05315820085006173, 4.499834349200035888, 25.59588000708786737 ) ) ;
#1330 = CARTESIAN_POINT ( 'NONE',  ( -15.12187841476640315, 4.490369915065681283, 25.54054463187124568 ) ) ;
#1331 = CARTESIAN_POINT ( 'NONE',  ( -15.15148770849132376, 4.438013716352735116, 25.44969901619381147 ) ) ;
#1332 = CARTESIAN_POINT ( 'NONE',  ( -15.04246262031041681, 4.499999999999999112, 25.59987252223759313 ) ) ;
#1333 = CARTESIAN_POINT ( 'NONE',  ( -5.900018103691998306, 4.358662195976068965, 31.40408255144329530 ) ) ;
#1334 = CARTESIAN_POINT ( 'NONE',  ( -15.18777952108485074, 3.929861012521927321, 25.54613099988996439 ) ) ;
#1335 = CARTESIAN_POINT ( 'NONE',  ( -15.27970129732036852, 4.340886520464549925, 25.57216115882446772 ) ) ;
#1336 = CARTESIAN_POINT ( 'NONE',  ( -5.900018103691998306, 4.412710980020383644, 23.73931772000916141 ) ) ;
#1337 = CARTESIAN_POINT ( 'NONE',  ( -15.10245434257380026, 4.495186892598506567, 25.57931479333937475 ) ) ;
#1338 = CARTESIAN_POINT ( 'NONE',  ( -15.18435116752387870, 4.472394892550044077, 25.53864800827835069 ) ) ;
#1339 = CARTESIAN_POINT ( 'NONE',  ( -15.06214239703888857, 3.900525806124136796, 25.59331988689939408 ) ) ;
#1340 = CARTESIAN_POINT ( 'NONE',  ( -15.09115440946298392, 3.903068675436147661, 25.57511060200496189 ) ) ;
#1341 = CARTESIAN_POINT ( 'NONE',  ( -15.19597999064694527, 4.499999999999999112, 25.59713016645517314 ) ) ;
#1342 = CARTESIAN_POINT ( 'NONE',  ( -15.07922121467463761, 4.497866345014909228, 25.59478140167690796 ) ) ;
#1343 = CARTESIAN_POINT ( 'NONE',  ( -6.082453563005396191, 4.300000000000000711, 31.27228571153728254 ) ) ;
#1344 = CARTESIAN_POINT ( 'NONE',  ( -15.26996822080098148, 4.389354444305151759, 25.54309839126677417 ) ) ;
#1345 = CARTESIAN_POINT ( 'NONE',  ( -15.24109588206200350, 3.984422794577628046, 25.57830523804777911 ) ) ;
#1346 = CARTESIAN_POINT ( 'NONE',  ( -15.06814055630390925, 3.900850640975544792, 25.58716444332544881 ) ) ;
#1347 = CARTESIAN_POINT ( 'NONE',  ( -15.27806016202430683, 4.060672284226278350, 25.57668619960688616 ) ) ;
#1348 = CARTESIAN_POINT ( 'NONE',  ( -15.11648514516019937, 4.471340708138404452, 25.49224030966990284 ) ) ;
#1349 = CARTESIAN_POINT ( 'NONE',  ( -10.88994305168208143, 4.500000000001507239, 25.81106213202050981 ) ) ;
#1350 = CARTESIAN_POINT ( 'NONE',  ( -9.979751398218134284, 4.100000000003272582, 29.50048691816287061 ) ) ;
#1351 = CARTESIAN_POINT ( 'NONE',  ( -15.04808152672322485, 3.900080394840500730, 25.59475314514063982 ) ) ;
#1352 = CARTESIAN_POINT ( 'NONE',  ( -15.24685476035790010, 4.417448197608713656, 25.56174015064399185 ) ) ;
#1353 = CARTESIAN_POINT ( 'NONE',  ( -15.13313057579226317, 3.910262077277875559, 25.54760586352427154 ) ) ;
#1354 = CARTESIAN_POINT ( 'NONE',  ( -15.24756942990771336, 4.052613763231416755, 25.41717727624388701 ) ) ;
#1355 = CARTESIAN_POINT ( 'NONE',  ( -15.09278751481327063, 3.906542225023869275, 25.54790762755599332 ) ) ;
#1356 = CARTESIAN_POINT ( 'NONE',  ( -15.21179049933484606, 4.094938294473770668, 25.39772165498136047 ) ) ;
#1357 = CARTESIAN_POINT ( 'NONE',  ( -15.04855526151247602, 4.499676715866293364, 25.58816723512843438 ) ) ;
#1358 = CARTESIAN_POINT ( 'NONE',  ( -10.77559168337247719, 4.499999999999997335, 29.22005527899559141 ) ) ;
#1359 = CARTESIAN_POINT ( 'NONE',  ( -15.12880766927000664, 4.490697522635103134, 25.55155264585872388 ) ) ;
#1360 = CARTESIAN_POINT ( 'NONE',  ( -15.14350873044606338, 4.420495033637442006, 25.43498555329887267 ) ) ;
#1361 = EDGE_CURVE ( 'NONE', #6221, #5990, #1160, .T. ) ;
#1362 = CARTESIAN_POINT ( 'NONE',  ( -15.04266678034797877, 4.499999999999999112, 25.60019772305638952 ) ) ;
#1363 = CARTESIAN_POINT ( 'NONE',  ( -10.64751554515421006, 3.899999999999999467, 26.02270057148026794 ) ) ;
#1364 = CARTESIAN_POINT ( 'NONE',  ( -15.18846451835696421, 3.935977466146090897, 25.57419670751593799 ) ) ;
#1365 = CARTESIAN_POINT ( 'NONE',  ( -15.04136205888855038, 3.899999999999999467, 25.60037349240651849 ) ) ;
#1366 = ORIENTED_EDGE ( 'NONE', *, *, #5013, .F. ) ;
#1367 = CARTESIAN_POINT ( 'NONE',  ( -15.25737166618853102, 3.986954904642401765, 25.53665750067967011 ) ) ;
#1368 = CARTESIAN_POINT ( 'NONE',  ( -15.16957714806518176, 4.325998887674088245, 25.39650101201980092 ) ) ;
#1369 = CARTESIAN_POINT ( 'NONE',  ( -15.08795644890256327, 4.495168131106602516, 25.55565264346066456 ) ) ;
#1370 = CARTESIAN_POINT ( 'NONE',  ( -15.04254706060858737, 3.899999999999999023, 25.59997845282985907 ) ) ;
#1371 = CARTESIAN_POINT ( 'NONE',  ( -15.16355771383250506, 4.473788059362555636, 25.50438273903434094 ) ) ;
#1372 = CARTESIAN_POINT ( 'NONE',  ( -15.06506636270764687, 3.900874479226534408, 25.59826676608820151 ) ) ;
#1373 = FACE_OUTER_BOUND ( 'NONE', #2712, .T. ) ;
#1374 = CARTESIAN_POINT ( 'NONE',  ( -15.08425252016648166, 3.903373615218787229, 25.56376101270665302 ) ) ;
#1375 = CARTESIAN_POINT ( 'NONE',  ( -6.064632858829100748, 3.900000000000756639, 23.93533751105122676 ) ) ;
#1376 = CARTESIAN_POINT ( 'NONE',  ( -15.06338894824994057, 4.497763151241959356, 25.56876225697669724 ) ) ;
#1377 = CARTESIAN_POINT ( 'NONE',  ( -15.25408181395338758, 3.990160522844945490, 25.47704642816418996 ) ) ;
#1378 = CARTESIAN_POINT ( 'NONE',  ( -15.22095280022499608, 3.948050734529228389, 25.49113631582911310 ) ) ;
#1379 = CARTESIAN_POINT ( 'NONE',  ( -15.06133158399545557, 3.901305721701809670, 25.57619251762308465 ) ) ;
#1380 = B_SPLINE_CURVE_WITH_KNOTS ( 'NONE', 3,
 ( #5023, #4492, #2569, #4120, #2639, #3090, #1615, #178, #5604, #684, #3028, #2603, #5087, #1199, #6093, #1132, #1063, #2192, #3122, #2673, #2128, #4991, #1167, #4597, #3642, #212, #3158, #3510, #5122, #2061, #619, #589, #1646, #2536, #111, #4631, #4016, #245, #4051, #5982, #4563, #1579, #3544, #4527, #5500, #1098, #143, #5054 ),
 .UNSPECIFIED., .F., .F.,
 ( 4, 2, 2, 2, 2, 2, 2, 2, 2, 2, 2, 2, 2, 2, 2, 2, 2, 2, 2, 2, 2, 2, 2, 4 ),
 ( 0.000000000000000000, 0.002160966044877867323, 0.004321932089755734646, 0.008643864179511205614, 0.01728772835902204000, 0.02593159253853287438, 0.03457545671804370530, 0.05186318507706560998, 0.06915091343608750774, 0.08643864179510940549, 0.1037263701541313032, 0.1210140985131531871, 0.1296579626926642193, 0.1383018268721752375, 0.1469456910516862558, 0.1555895552311972740, 0.1728772835902192551, 0.1901650119492412638, 0.1988088761287522543, 0.2074527403082632726, 0.2247404686672854202, 0.2420281970263075677, 0.2593159253853297153, 0.2766036537443518073 ),
 .UNSPECIFIED. ) ;
#1381 = CARTESIAN_POINT ( 'NONE',  ( -15.23373077339991610, 3.978435982062122456, 25.58339800478863424 ) ) ;
#1382 = CARTESIAN_POINT ( 'NONE',  ( -15.16936418338679537, 4.472826768059538161, 25.58153631651645199 ) ) ;
#1383 = CARTESIAN_POINT ( 'NONE',  ( -12.39501598564799068, 4.099999999999999645, 25.68536743891539231 ) ) ;
#1384 = CARTESIAN_POINT ( 'NONE',  ( -10.66280112777030631, 4.099999999999180744, 29.26468695728289759 ) ) ;
#1385 = CARTESIAN_POINT ( 'NONE',  ( -15.04627631701952239, 3.900038246706810430, 25.59661489316429694 ) ) ;
#1386 = CARTESIAN_POINT ( 'NONE',  ( -15.14954610755106401, 4.407130838087014446, 25.42571311345474427 ) ) ;
#1387 = CARTESIAN_POINT ( 'NONE',  ( -15.14849702365460793, 3.915651583695872517, 25.57013778703651496 ) ) ;
#1388 = CARTESIAN_POINT ( 'NONE',  ( -15.16728575471957896, 4.036678834337712019, 25.40546579646135328 ) ) ;
#1389 = CARTESIAN_POINT ( 'NONE',  ( -15.20100947864205132, 3.974326849387587846, 25.44583942294722689 ) ) ;
#1390 = CARTESIAN_POINT ( 'NONE',  ( -15.05734805626982364, 4.499697639585119369, 25.59301902582950206 ) ) ;
#1391 = CARTESIAN_POINT ( 'NONE',  ( -15.12625829762365370, 4.491188829474020316, 25.55302384739640331 ) ) ;
#1392 = CARTESIAN_POINT ( 'NONE',  ( -9.935260920524132899, 4.099999999999999645, 29.51202129021426757 ) ) ;
#1393 = CARTESIAN_POINT ( 'NONE',  ( -15.23307076497755652, 4.426072976070988929, 25.57671077296856410 ) ) ;
#1394 = CARTESIAN_POINT ( 'NONE',  ( -15.04249129127881979, 4.499999999999999112, 25.59991900738119952 ) ) ;
#1395 = CARTESIAN_POINT ( 'NONE',  ( -15.29536487815704504, 3.899999999999997691, 25.54182214273016882 ) ) ;
#1396 = CARTESIAN_POINT ( 'NONE',  ( -15.11107398831208926, 3.937077542527361640, 25.47960128648855971 ) ) ;
#1397 = CARTESIAN_POINT ( 'NONE',  ( -15.19356752824906209, 3.943926578430267060, 25.58810253291649772 ) ) ;
#1398 = EDGE_CURVE ( 'NONE', #5772, #4673, #3151, .T. ) ;
#1399 = CARTESIAN_POINT ( 'NONE',  ( -15.22265317150106689, 4.322022526738621195, 25.40130594169364642 ) ) ;
#1400 = DIRECTION ( 'NONE',  ( 0.000000000000000000, 0.000000000000000000, -1.000000000000000000 ) ) ;
#1401 = CARTESIAN_POINT ( 'NONE',  ( -15.09834182671348479, 4.495677262349393466, 25.56725335534348531 ) ) ;
#1402 = CARTESIAN_POINT ( 'NONE',  ( -6.128200313706336111, 4.100000000000000533, 24.02888630807115788 ) ) ;
#1403 = CARTESIAN_POINT ( 'NONE',  ( -15.18109109152693925, 4.473620184329582194, 25.54015294255060553 ) ) ;
#1404 = CARTESIAN_POINT ( 'NONE',  ( -15.06325785744523671, 3.900590056200615496, 25.58779902664799266 ) ) ;
#1405 = CARTESIAN_POINT ( 'NONE',  ( -5.900018103691995641, 4.299999999999999822, 23.67301540326787901 ) ) ;
#1406 = AXIS2_PLACEMENT_3D ( 'NONE', #3719, #4709, #2749 ) ;
#1407 = CARTESIAN_POINT ( 'NONE',  ( -15.07151994944475071, 3.905117550276743454, 25.55300193265222930 ) ) ;
#1408 = PLANE ( 'NONE',  #1505 ) ;
#1409 = CARTESIAN_POINT ( 'NONE',  ( -15.08509781428121421, 4.497071983038485321, 25.59473456230676547 ) ) ;
#1410 = CARTESIAN_POINT ( 'NONE',  ( -15.25061077162791712, 3.979256734992296263, 25.49040120899816841 ) ) ;
#1411 = CARTESIAN_POINT ( 'NONE',  ( -15.23161270469224604, 4.299999999999998046, 25.67333363176219763 ) ) ;
#1412 = CARTESIAN_POINT ( 'NONE',  ( -9.975169461066350607, 3.899999999999997691, 29.29249578710843593 ) ) ;
#1413 = CARTESIAN_POINT ( 'NONE',  ( -15.23854036446943816, 3.961250605715195938, 25.52932229271546305 ) ) ;
#1414 = CARTESIAN_POINT ( 'NONE',  ( -15.06657970437598060, 3.900782422093751922, 25.58584275495543636 ) ) ;
#1415 = CARTESIAN_POINT ( 'NONE',  ( -15.23626882977658603, 3.981282451266626499, 25.58306442338897568 ) ) ;
#1416 = CARTESIAN_POINT ( 'NONE',  ( -15.12493675326651754, 4.463253125314635916, 25.47962490506115074 ) ) ;
#1417 = CARTESIAN_POINT ( 'NONE',  ( -14.92396915489187315, 3.899999999999999467, 25.61047811441512678 ) ) ;
#1418 = CARTESIAN_POINT ( 'NONE',  ( -5.782217751456922628, 3.899999999999999467, 31.25275592357119692 ) ) ;
#1419 = CARTESIAN_POINT ( 'NONE',  ( -15.16540681347589725, 4.415266368931560770, 25.43152663874887764 ) ) ;
#1420 = CARTESIAN_POINT ( 'NONE',  ( -15.10075525992968082, 3.923551911510581469, 25.50191016157034340 ) ) ;
#1421 = CARTESIAN_POINT ( 'NONE',  ( -15.28563322636879462, 4.050817629426171962, 25.45124974377188920 ) ) ;
#1422 = CARTESIAN_POINT ( 'NONE',  ( -15.10748318097818554, 3.905550476917762470, 25.56650980088097214 ) ) ;
#1423 = CARTESIAN_POINT ( 'NONE',  ( -15.25844714397290680, 4.099999999998174438, 25.40886241071940432 ) ) ;
#1424 = CARTESIAN_POINT ( 'NONE',  ( -15.06260803054218123, 4.499416722492147969, 25.58690089611299001 ) ) ;
#1425 = CARTESIAN_POINT ( 'NONE',  ( -15.12539449769365163, 4.490785855839993346, 25.54599545485255874 ) ) ;
#1426 = CARTESIAN_POINT ( 'NONE',  ( -7.917050570678362931, 4.099999999999999645, 30.17586033332290540 ) ) ;
#1427 = CARTESIAN_POINT ( 'NONE',  ( -15.26390335961687406, 4.099999999999999645, 25.61529668397337289 ) ) ;
#1428 = CARTESIAN_POINT ( 'NONE',  ( -15.22653419352047166, 4.436021671571206859, 25.57040957620084853 ) ) ;
#1429 = CARTESIAN_POINT ( 'NONE',  ( -15.04349745695234120, 4.499995466875970074, 25.59922165341837541 ) ) ;
#1430 = CARTESIAN_POINT ( 'NONE',  ( -15.29532720987921302, 4.099999999999999645, 25.54193620775782492 ) ) ;
#1431 = CARTESIAN_POINT ( 'NONE',  ( -15.16551912602445817, 3.920690881651482940, 25.55432085106340168 ) ) ;
#1432 = CARTESIAN_POINT ( 'NONE',  ( -15.18293030882124306, 3.929594183554609987, 25.56061044075758204 ) ) ;
#1433 = CARTESIAN_POINT ( 'NONE',  ( -15.15943744706059704, 4.357106160241539961, 25.40289418716455927 ) ) ;
#1434 = CARTESIAN_POINT ( 'NONE',  ( -15.30616456104714374, 4.305243229611623867, 25.49617258159339528 ) ) ;
#1435 = CARTESIAN_POINT ( 'NONE',  ( -15.08200804111610616, 4.492045690060343155, 25.54150322017008534 ) ) ;
#1436 = CARTESIAN_POINT ( 'NONE',  ( -9.721491274119017589, 4.099999999999998757, 25.83398186521142037 ) ) ;
#1437 = CARTESIAN_POINT ( 'NONE',  ( -15.16293720483571761, 4.468906433822414925, 25.49196679661195120 ) ) ;
#1438 = CARTESIAN_POINT ( 'NONE',  ( -8.821099912454732461, 4.299999999999999822, 29.13719684262687437 ) ) ;
#1439 = CARTESIAN_POINT ( 'NONE',  ( -15.08899368187436352, 3.902757977845511483, 25.58116644868259826 ) ) ;
#1440 = CARTESIAN_POINT ( 'NONE',  ( -5.978698457405972277, 4.099999999999997868, 23.80228037825488130 ) ) ;
#1441 = CARTESIAN_POINT ( 'NONE',  ( -15.08045717849148559, 4.497550251222595996, 25.59693047790459985 ) ) ;
#1442 = CARTESIAN_POINT ( 'NONE',  ( -15.26062949665567103, 4.003654115333581842, 25.56234877642934578 ) ) ;
#1443 = CARTESIAN_POINT ( 'NONE',  ( -15.15164873254677147, 3.918541154154739914, 25.52345412393204427 ) ) ;
#1444 = CARTESIAN_POINT ( 'NONE',  ( -15.29518737425540920, 4.499999999999997335, 25.54235983442142199 ) ) ;
#1445 = CARTESIAN_POINT ( 'NONE',  ( -15.08113124964277674, 3.907098731062728980, 25.54465293513123925 ) ) ;
#1446 = CARTESIAN_POINT ( 'NONE',  ( -15.17285646156920365, 3.959970686667003026, 25.45188967284610371 ) ) ;
#1447 = CARTESIAN_POINT ( 'NONE',  ( -15.06441164451745429, 3.900918851001733856, 25.58113207835901903 ) ) ;
#1448 = CARTESIAN_POINT ( 'NONE',  ( -15.15243990997933032, 4.481527068411454096, 25.52453065234491092 ) ) ;
#1449 = CARTESIAN_POINT ( 'NONE',  ( -15.22818593972652046, 4.438324355841904101, 25.47712097753807470 ) ) ;
#1450 = CARTESIAN_POINT ( 'NONE',  ( -15.14544991328347301, 3.913889624638103637, 25.56409134429747354 ) ) ;
#1451 = CARTESIAN_POINT ( 'NONE',  ( -15.29467350827419736, 4.053397108250190506, 25.50704044433774342 ) ) ;
#1452 = CARTESIAN_POINT ( 'NONE',  ( -15.26400699066754818, 4.094911076699949248, 25.41118090580815547 ) ) ;
#1453 = CARTESIAN_POINT ( 'NONE',  ( -15.14638828831023964, 4.485681168798588025, 25.56518052469588298 ) ) ;
#1454 = CARTESIAN_POINT ( 'NONE',  ( -8.574394930787503810, 4.100000000000000533, 29.92036743267542320 ) ) ;
#1455 = CARTESIAN_POINT ( 'NONE',  ( -15.12028566058413404, 4.100000000000203926, 25.83663597596910932 ) ) ;
#1456 = CARTESIAN_POINT ( 'NONE',  ( -15.23077789807550531, 4.447455827370005998, 25.52065128228881008 ) ) ;
#1457 = DIRECTION ( 'NONE',  ( -1.411534255948957470E-16, -0.000000000000000000, -1.000000000000000000 ) ) ;
#1458 = CARTESIAN_POINT ( 'NONE',  ( -15.15056411595272579, 3.917232830590587689, 25.52769599630593333 ) ) ;
#1459 = CARTESIAN_POINT ( 'NONE',  ( -15.15923061240876457, 3.918909253230818734, 25.53251301797262585 ) ) ;
#1460 = CARTESIAN_POINT ( 'NONE',  ( -15.08271157638545290, 3.912005952764623817, 25.52895661919482961 ) ) ;
#1461 = CARTESIAN_POINT ( 'NONE',  ( -15.17687090982609632, 4.305231506747131398, 25.39510227675870979 ) ) ;
#1462 = CARTESIAN_POINT ( 'NONE',  ( -15.09496750823352329, 4.493070141389043037, 25.54651484082582513 ) ) ;
#1463 = CARTESIAN_POINT ( 'NONE',  ( -15.12302832286525778, 4.448288084352344463, 25.46089838181623932 ) ) ;
#1464 = CARTESIAN_POINT ( 'NONE',  ( -10.45154589414875446, 4.100000000000001421, 30.61315444436684174 ) ) ;
#1465 = CARTESIAN_POINT ( 'NONE',  ( -5.908124567159902973, 3.899999999999810285, 23.68661356179331179 ) ) ;
#1466 = CARTESIAN_POINT ( 'NONE',  ( -15.07645290572308028, 4.496477364283627765, 25.56093163953087810 ) ) ;
#1467 = CARTESIAN_POINT ( 'NONE',  ( -9.610174211518831555, 4.099999999999999645, 25.82982000037551984 ) ) ;
#1468 = CARTESIAN_POINT ( 'NONE',  ( -15.23572768417003154, 3.978389877046364376, 25.46466865354413045 ) ) ;
#1469 = CARTESIAN_POINT ( 'NONE',  ( -15.24534444160887503, 4.299999999999998046, 25.64958860016588460 ) ) ;
#1470 = CARTESIAN_POINT ( 'NONE',  ( -15.10479727259291671, 3.905423808342677994, 25.58341583270179598 ) ) ;
#1471 = CARTESIAN_POINT ( 'NONE',  ( -15.18899696605234695, 3.962483400771993125, 25.45206183018390789 ) ) ;
#1472 = ADVANCED_FACE ( 'NONE', ( #3451 ), #5414, .T. ) ;
#1473 = CARTESIAN_POINT ( 'NONE',  ( -15.07237741883253257, 3.901572735604795561, 25.59813963547528459 ) ) ;
#1474 = CARTESIAN_POINT ( 'NONE',  ( -15.17660922791517208, 4.471981000664873029, 25.56943407819528602 ) ) ;
#1475 = CARTESIAN_POINT ( 'NONE',  ( -14.93315750515517060, 4.100000000000376232, 25.40882216222095735 ) ) ;
#1476 = CARTESIAN_POINT ( 'NONE',  ( -11.53481405567850260, 4.299999999998492584, 25.76504798511663807 ) ) ;
#1477 = CARTESIAN_POINT ( 'NONE',  ( -15.16345359725011654, 4.408828038169544605, 25.42715736459111397 ) ) ;
#1478 = CARTESIAN_POINT ( 'NONE',  ( -15.11424751660623222, 3.911927967236878523, 25.52918440242914500 ) ) ;
#1479 = CARTESIAN_POINT ( 'NONE',  ( -15.23570970819374892, 3.998455105992013259, 25.44592124370090858 ) ) ;
#1480 = CARTESIAN_POINT ( 'NONE',  ( -15.08035835027657789, 3.908839118040967175, 25.53853286159102609 ) ) ;
#1481 = CARTESIAN_POINT ( 'NONE',  ( -15.30623903068201130, 4.094859665349354749, 25.49554824882875792 ) ) ;
#1482 = CARTESIAN_POINT ( 'NONE',  ( -15.07508718979187634, 3.901541168460167075, 25.57763296656311525 ) ) ;
#1483 = CARTESIAN_POINT ( 'NONE',  ( -10.59070685333033701, 4.499999999999999112, 29.07811099186210058 ) ) ;
#1484 = CARTESIAN_POINT ( 'NONE',  ( -15.15093515036718053, 4.478491029779730681, 25.59353229064388202 ) ) ;
#1485 = CARTESIAN_POINT ( 'NONE',  ( -8.463151273793338092, 4.099999999999999645, 29.95920147193160332 ) ) ;
#1486 = CARTESIAN_POINT ( 'NONE',  ( -5.900018103691995641, 3.942183373458790996, 31.31772108294071444 ) ) ;
#1487 = CARTESIAN_POINT ( 'NONE',  ( -14.90614004506031876, 3.900000000000815703, 26.09904213384649196 ) ) ;
#1488 = CARTESIAN_POINT ( 'NONE',  ( -15.23497927313468558, 4.428251650895434821, 25.56842817716839278 ) ) ;
#1489 = CARTESIAN_POINT ( 'NONE',  ( -15.11648924602972244, 3.899999999999999467, 25.44568533346939176 ) ) ;
#1490 = CARTESIAN_POINT ( 'NONE',  ( -15.17222958578142133, 3.923066441087739609, 25.54578527430554047 ) ) ;
#1491 = CARTESIAN_POINT ( 'NONE',  ( -15.14402792962365574, 3.993809673958834239, 25.42507159114892801 ) ) ;
#1492 = CARTESIAN_POINT ( 'NONE',  ( -15.30660503269386652, 4.310930353709172103, 25.47859326001441360 ) ) ;
#1493 = CARTESIAN_POINT ( 'NONE',  ( -15.08413717219440286, 4.488466457206556903, 25.53012504891485790 ) ) ;
#1494 = CARTESIAN_POINT ( 'NONE',  ( -15.12750308450679526, 4.441359937121578838, 25.45348145983930976 ) ) ;
#1495 = CARTESIAN_POINT ( 'NONE',  ( -5.766373092922314036, 3.899999999999997247, 23.83888500838604330 ) ) ;
#1496 = CARTESIAN_POINT ( 'NONE',  ( -15.08523448057105831, 4.497686181324848320, 25.57983038658704089 ) ) ;
#1497 = CARTESIAN_POINT ( 'NONE',  ( -10.25034262733405654, 3.899999999999999467, 26.03517871562247166 ) ) ;
#1498 = CARTESIAN_POINT ( 'NONE',  ( -15.04858764149174277, 3.900072217508960826, 25.59557725581090537 ) ) ;
#1499 = CARTESIAN_POINT ( 'NONE',  ( -15.26595925528044617, 4.012873829160736427, 25.56126883712306963 ) ) ;
#1500 = CARTESIAN_POINT ( 'NONE',  ( -15.29511187421174156, 4.299999999999999822, 25.54258785355111172 ) ) ;
#1501 = CARTESIAN_POINT ( 'NONE',  ( -15.11035156743812280, 3.907684697402023399, 25.59318300943473901 ) ) ;
#1502 = CARTESIAN_POINT ( 'NONE',  ( -15.13845831033097866, 3.980969676811329627, 25.43400429290709042 ) ) ;
#1503 = CARTESIAN_POINT ( 'NONE',  ( -15.16401599674426670, 4.480163705764272031, 25.55058041236399191 ) ) ;
#1504 = CARTESIAN_POINT ( 'NONE',  ( -12.41517291927645239, 3.899999999999999467, 25.88435007057925930 ) ) ;
#1505 = AXIS2_PLACEMENT_3D ( 'NONE', #3941, #929, #5418 ) ;
#1506 = CARTESIAN_POINT ( 'NONE',  ( -15.23321158852116142, 4.438297251048215486, 25.48504074390826091 ) ) ;
#1507 = CARTESIAN_POINT ( 'NONE',  ( -15.14792504970140286, 3.918967571314164289, 25.58827073575883659 ) ) ;
#1508 = CARTESIAN_POINT ( 'NONE',  ( -15.27507803043168089, 4.017518570136882516, 25.48320581736033219 ) ) ;
#1509 = CARTESIAN_POINT ( 'NONE',  ( -15.10741445050700804, 3.905498626007204432, 25.57181929777419427 ) ) ;
#1510 = CARTESIAN_POINT ( 'NONE',  ( -8.737528589295379788, 4.300000000000816947, 29.86600977362915899 ) ) ;
#1511 = CARTESIAN_POINT ( 'NONE',  ( -15.12106473189755818, 4.486200580241838765, 25.52410474531845708 ) ) ;
#1512 = CARTESIAN_POINT ( 'NONE',  ( -6.900018103691998306, 4.199999847142954046, 29.79647591788961236 ) ) ;
#1513 = B_SPLINE_SURFACE_WITH_KNOTS ( 'NONE', 3, 3, ( 
 ( #5226, #6347, #2442, #971, #4837, #4309, #3867, #2807, #1967, #1423, #4771, #384, #2357, #3383, #3351, #3804, #913, #2932, #849, #16, #3927, #5764, #4898, #5319, #942, #2327, #1940, #877, #1902, #2873 ),
 ( #3442, #4344, #6252, #446, #5829, #1356, #3902, #1838, #5861, #6317, #1452, #2417, #6284, #5347, #2905, #5887, #4867, #501, #3320, #2388, #4375, #1481, #3414, #2838, #5285, #5377, #475, #4804, #1872, #413 ),
 ( #3836, #5793, #2989, #4619, #1700, #2213, #1059, #5431, #1221, #3179, #3629, #267, #2467, #3504, #4585, #1187, #703, #2660, #1994, #4169, #1025, #200, #551, #2959, #1730, #4954, #5403, #996, #2498, #73 ),
 ( #3980, #582, #2532, #2149, #4203, #4725, #3189, #3705, #5698, #3251, #1316, #2796, #4757, #1827, #4266, #4299, #3373, #4888, #3529, #2046, #5484, #63, #196, #5039, #6041, #127, #1081, #5453, #3969, #2622 ),
 ( #3594, #2145, #3108, #605, #5967, #6001, #2486, #4106, #3562, #2012, #5937, #1563, #1116, #3042, #1530, #5009, #668, #3492, #1662, #3625, #1047, #5589, #2555, #2587, #3015, #5553, #4976, #4036, #2082, #2520 ),
 ( #1598, #4549, #164, #1152, #4245, #6346, #474, #2386, #4308, #1354, #3381, #6250, #5346, #4342, #1807, #1421, #1870, #941, #2416, #3802, #1938, #3318, #1451, #1901, #5762, #2903, #2837, #6315, #4896, #1837 ),
 ( #6220, #5283, #4865, #4373, #969, #6282, #382, #3900, #5860, #4835, #3413, #1326, #4803, #3349, #3866, #5828, #5376, #3288, #2931, #2326, #5318, #876, #3773, #499, #4276, #5735, #5252, #847, #412, #2806 ),
 ( #4768, #2356, #1388, #3834, #5791, #911, #2871, #444, #3084, #581, #2497, #5402, #5494, #4485, #5429, #995, #4986, #2987, #1508, #4953, #3926, #4047, #2531, #3539, #3978, #550, #4926, #3440, #2093, #106 ),
 ( #6011, #2565, #72, #5913, #5463, #4401, #3572, #3025, #14, #1966, #3951, #2056, #4455, #2958, #2022, #4521, #2441, #1608, #5529, #526, #137, #5947, #4011, #5886, #1573, #2466, #3502, #1540, #41, #4426 ),
 ( #1127, #1992, #3469, #5977, #1091, #1057, #1022, #3053, #5020, #615, #5049, #1479, #5117, #6088, #2668, #6051, #4204, #746, #1738, #2187, #240, #5081, #1641, #307, #3190, #3637, #5633, #1766, #4147, #6123 ),
 ( #4661, #3670, #2735, #3604, #3706, #3736, #1287, #2597, #4559, #1228, #2701, #5814, #2893, #4297, #4886, #1859, #1377, #2950, #5305, #4917, #4855, #986, #3403, #2457, #463, #4792, #1499, #3339, #900, #4393 ),
 ( #403, #4417, #31, #2921, #2406, #1892, #3918, #433, #5876, #491, #6272, #1956, #4363, #1468, #1984, #4330, #3459, #1410, #5421, #2434, #6306, #3431, #3371, #4, #1011, #2376, #1442, #5337, #1927, #2861 ),
 ( #4824, #5850, #5365, #960, #5393, #2940, #52, #6327, #950, #2426, #857, #392, #1728, #2624, #1632, #6078, #4651, #3143, #5555, #2849, #1664, #889, #2334, #1367, #3627, #4583, #2211, #3329, #5295, #198 ),
 ( #1154, #2147, #5591, #5107, #2658, #4137, #4617, #6114, #1389, #3352, #208, #2634, #2024, #1163, #5495, #5531, #4955, #4560, #5465, #139, #1575, #4987, #1060, #1128, #5050, #1674, #2566, #5432, #616, #2094 ),
 ( #3117, #1642, #3086, #1093, #2533, #6052, #583, #3605, #646, #2990, #2598, #4522, #5565, #5082, #4487, #679, #107, #2157, #4116, #2058, #6089, #4012, #1026, #552, #5978, #4048, #6012, #1610, #74, #3981 ),
 ( #3505, #6124, #6211, #336, #4205, #4235, #711, #4178, #2737, #5699, #1288, #1767, #2669, #373, #1708, #4695, #5153, #1195, #4758, #3671, #2797, #3737, #3764, #5634, #4627, #5183, #1798, #6186, #241, #2254 ),
 ( #2317, #2188, #3191, #4267, #3252, #3707, #4148, #2280, #5216, #278, #1229, #807, #6156, #2702, #1739, #5118, #5243, #2766, #4726, #777, #5666, #747, #4662, #3279, #5726, #2222, #1317, #838, #1258, #3223 ),
 ( #6241, #3638, #3154, #5600, #308, #2408, #2895, #1471, #867, #6307, #5369, #989, #4395, #3825, #4300, #8, #3893, #933, #2862, #2953, #494, #4920, #1413, #3793, #5782, #963, #4890, #520, #1893, #6273 ),
 ( #1931, #3921, #902, #6338, #4825, #5753, #5308, #4858, #2436, #2828, #5879, #1960, #2460, #434, #3858, #1378, #3434, #4794, #4332, #2377, #5396, #4420, #404, #1828, #5853, #5339, #5818, #3374, #1345, #2348 ),
 ( #1860, #3340, #3310, #5274, #466, #4366, #1446, #3407, #2925, #5424, #5456, #4946, #3018, #4552, #3078, #3532, #2049, #5557, #671, #5908, #5487, #3046, #5521, #1634, #167, #2590, #1014, #4979, #1566, #1156 ),
 ( #1502, #4039, #5042, #4073, #1119, #6004, #3566, #2980, #1050, #2523, #3462, #130, #545, #2490, #2118, #4448, #6044, #4478, #3597, #5012, #3111, #100, #34, #5074, #66, #2015, #1601, #3946, #2626, #1987 ),
 ( #4513, #4004, #3495, #640, #3972, #5940, #2086, #1533, #574, #5970, #1084, #608, #2558, #3663, #4139, #5626, #4109, #1280, #5660, #4688, #2694, #1222, #3145, #1666, #5690, #1731, #1188, #4170, #3244, #4620 ),
 ( #1701, #4653, #800, #6149, #201, #2150, #230, #3697, #3180, #5593, #5144, #1759, #4586, #4720, #330, #704, #5207, #268, #770, #3630, #4198, #2179, #1252, #737, #6116, #2214, #5177, #300, #6080, #2728 ),
 ( #2661, #5109, #3217, #2246, #6178, #3729, #2760, #1076, #3102, #5963, #5066, #2110, #1525, #1146, #1592, #662, #2138, #3523, #6070, #3037, #1179, #1627, #5479, #2615, #2550, #6035, #4609, #1558, #632, #5005 ),
 ( #3619, #5548, #5448, #4065, #5514, #2515, #3587, #1656, #601, #4575, #4506, #3487, #123, #5034, #190, #4971, #5582, #4099, #695, #2077, #4031, #5995, #3136, #568, #3556, #1111, #5099, #2651, #4471, #223 ),
 ( #2581, #3964, #5932, #1042, #3070, #3009, #93, #2042, #3997, #4543, #157, #4130, #291, #2782, #1691, #6201, #824, #6226, #3267, #1785, #5714, #1212, #1244, #4679, #3654, #2269, #5616, #3170, #355, #2685 ),
 ( #3237, #2238, #6140, #2203, #322, #3752, #4779, #5681, #2172, #6171, #5198, #727, #5231, #6105, #4744, #1273, #1304, #2298, #3688, #791, #2753, #1334, #4712, #1815, #5134, #4192, #4254, #3295, #3781, #4163 ),
 ( #1722, #5743, #762, #4221, #2815, #5650, #5261, #3207, #5169, #4643, #855, #257, #2719, #1753, #3722, #5292, #481, #2448, #5802, #4876, #3361, #4284, #3845, #1432, #3420, #1364, #4407, #507, #3450, #1397 ),
 ( #421, #5895, #2425, #24, #2364, #3812, #1913, #2939, #949, #5771, #5355, #1975, #4383, #1947, #1879, #4907, #3328, #4811, #6259, #3934, #1490, #886, #4845, #2847, #3392, #4317, #5326, #6294, #920, #5413 ),
 ( #3877, #2881, #454, #2396, #1004, #2911, #4353, #6354, #2968, #6326, #391, #3909, #2333, #1844, #5838, #5867, #1459, #5384, #977, #5472, #5574, #5541, #1172, #5987, #3479, #4995, #6021, #2608, #5440, #594 ),
 ( #1035, #624, #3001, #1584, #4964, #2827, #335, #3792, #5307, #5815, #3763, #464, #4856, #1443, #2347, #4298, #372, #3890, #5725, #4331, #3857, #5366, #2765, #3278, #1797, #837, #2795, #4756, #2315, #1 ),
 ( #6258, #885, #2332, #5383, #23, #3327, #4352, #1843, #1912, #3811, #6293, #5770, #3844, #1974, #1458, #6325, #3875, #3933, #2814, #2846, #5837, #1431, #6353, #5894, #4778, #420, #4316, #5801, #3391, #1878 ),
 ( #1396, #4875, #3359, #5354, #948, #480, #4381, #2424, #4463, #1548, #4934, #5504, #2476, #51, #3579, #5923, #5540, #3514, #1619, #4020, #3094, #5471, #5411, #4567, #2002, #3957, #5027, #2967, #182, #1003 ),
 ( #4055, #2540, #4532, #623, #561, #2066, #5986, #2132, #115, #5057, #4434, #1067, #1583, #4090, #3549, #654, #1518, #3031, #2573, #6060, #1137, #1034, #3478, #2607, #1102, #4496, #82, #1650, #6020, #535 ),
 ( #4963, #5439, #3000, #147, #2507, #3062, #593, #2032, #2101, #3988, #5956, #4994, #250, #1171, #720, #4671, #316, #4601, #1297, #3745, #345, #4636, #3680, #1204, #3261, #216, #6132, #4156, #5225, #1777 ),
 ( #4186, #688, #2230, #816, #3715, #5191, #5127, #6194, #2644, #1683, #3127, #5707, #2776, #4124, #1716, #2165, #286, #6098, #2678, #3646, #2197, #4736, #2263, #755, #5642, #2289, #4244, #5091, #2710, #6164 ),
 ( #6219, #3163, #3612, #5161, #5573, #5609, #1237, #4214, #3200, #1266, #1747, #5674, #4704, #3231, #785, #2745, #875, #4307, #1325, #1900, #5251, #2805, #6345, #2325, #1937, #6281, #4372, #443, #5859, #1868 ),
 ( #4400, #5317, #1806, #5790, #4834, #381, #4864, #3772, #472, #910, #940, #3380, #3317, #2385, #2355, #4767, #3833, #3899, #5734, #968, #5375, #4275, #1450, #1387, #3865, #3287, #2902, #1836, #2870, #3348 ),
 ( #6314, #1420, #846, #4340, #6249, #5827, #5345, #3801, #2415, #5760, #3412, #2930, #4895, #498, #5282, #2440, #1353, #2836, #4802, #411, #5401, #4454, #3538, #5528, #2564, #1991, #2465, #4520, #2055, #5462 ),
 ( #645, #3950, #3024, #1021, #5912, #2596, #6010, #1572, #1478, #4484, #1539, #4925, #105, #2092, #5428, #4010, #2986, #3925, #3468, #1056, #3052, #994, #4046, #136, #3083, #4952, #71, #1507, #1607, #2957 ),
 ( #40, #3439, #3501, #3571, #580, #525, #4985, #1126, #5976, #5493, #549, #5048, #4425, #2496, #5885, #13, #1965, #2021, #3977, #5946, #2530, #1090, #5019, #614, #1194, #2734, #1257, #1707, #239, #3735 ),
 ( #3669, #1227, #3704, #6185, #4694, #776, #3603, #3152, #6122, #5697, #5152, #2123, #174, #6087, #745, #4626, #1162, #3222, #276, #5116, #3116, #2700, #710, #3636, #2667, #6050, #1765, #4660, #5665, #5632 ),
 ( #5214, #4080, #3188, #2221, #5182, #1286, #306, #2253, #5563, #2186, #4177, #3250, #6155, #1640, #5080, #1673, #1737, #4146, #678, #4202, #806, #4558, #2633, #4593, #207, #2156, #4115, #5599, #4781, #3911 ),
 ( #3422, #4354, #4910, #2883, #5293, #509, #4846, #5839, #4409, #346, #3901, #2290, #4866, #2904, #912, #6283, #6251, #1422, #4769, #3382, #2872, #4246, #6316, #1871, #4374, #1939, #4277, #3775, #3803, #1327 ),
 ( #4836, #3835, #5763, #5253, #848, #383, #3350, #1355, #3319, #5284, #445, #2387, #4343, #3441, #3540, #1574, #1541, #1092, #4402, #1509, #3503, #2057, #3054, #5464, #15, #970, #4927, #1058, #42, #4897 ),
 ( #138, #500, #1480, #527, #1993, #5430, #1023, #2988, #5368, #544, #3531, #3971, #3494, #3433, #4477, #962, #1049, #5486, #2048, #99, #2924, #2459, #3461, #3045, #2489, #5852, #3892, #5395, #4447, #4419 ),
 ( #5455, #4889, #988, #33, #1445, #5939, #493, #7, #4003, #1959, #5969, #1986, #1565, #65, #1083, #3945, #1930, #5011, #3920, #5878, #1532, #3406, #607, #1470, #2557, #4512, #3017, #1501, #2952, #4978 ),
 ( #4945, #5423, #2979, #1013, #573, #2522, #3662, #5659, #2693, #2117, #2589, #4652, #2178, #5592, #1155, #1251, #5143, #3216, #6079, #2085, #4072, #5625, #3178, #5176, #199, #4551, #266, #736, #702, #2212 ),
 ( #3110, #4038, #3596, #1186, #4168, #1118, #6148, #1729, #769, #5073, #2148, #6043, #3696, #3077, #2625, #670, #2727, #129, #5041, #6003, #229, #3628, #4584, #1665, #1600, #639, #1633, #3565, #4618, #4108 ),
 ( #5520, #166, #3144, #5556, #5108, #2659, #4138, #6115, #1699, #1220, #1374, #1823, #366, #3854, #5334, #4197, #3788, #1340, #3243, #3336, #4687, #5303, #5749, #3821, #6268, #6207, #3304, #5269, #5811, #863 ),
 ( #5779, #2857, #4230, #430, #1792, #1889, #2344, #3758, #897, #3274, #400, #928, #329, #2823, #5721, #1312, #299, #4327, #1855, #6177, #4789, #6235, #5206, #4294, #2373, #5239, #4820, #832, #2245, #2790 ),
 ( #5689, #6303, #1407, #3368, #4752, #2310, #2276, #1758, #1279, #4262, #3728, #799, #2759, #4719, #3582, #3064, #118, #3991, #2543, #6063, #1439, #2509, #3614, #1106, #3033, #5846, #6025, #5030, #5958, #3400 ),
 ( #2035, #3518, #4360, #4570, #626, #4058, #4500, #5475, #5362, #3887, #2611, #5508, #956, #1586, #184, #488, #5543, #2070, #3098, #4852, #1071, #1140, #2403, #2575, #1621, #657, #5060, #4536, #151, #1924 ),
 ( #2134, #2918, #4093, #5000, #2104, #6334, #1652, #4883, #4024, #597, #4466, #85, #5577, #2891, #460, #3551, #1552, #4216, #6196, #1779, #3130, #5130, #818, #348, #1809, #1239, #3650, #2292, #1175, #4605 ),
 ( #1687, #6135, #1207, #1542, #4988, #4523, #528, #5532, #2599, #175, #3506, #584, #4488, #1482, #2468, #108, #4013, #3443, #5404, #1995, #5914, #5496, #1094, #3055, #1709, #5217, #680, #1675, #2767, #279 ),
 ( #4696, #1768, #2635, #242, #3118, #3192, #1164, #1196, #4594, #5119, #309, #5184, #5635, #4149, #1289, #4727, #1643, #1230, #5154, #1259, #3738, #2255, #4206, #5083, #712, #3672, #3253, #2703, #6053, #4081 ),
 ( #6187, #3224, #6157, #5667, #209, #3155, #4628, #3606, #2223, #5566, #2158, #5700, #4117, #808, #2189, #2124, #748, #6090, #6125, #3639, #5601, #2670, #4663, #1740, #4179, #3708, #778, #2738, #2896, #4826 ),
 ( #1894, #1829, #3341, #5309, #5854, #1379, #6339, #5727, #4795, #3859, #1447, #4859, #2318, #2798, #467, #2378, #5783, #1346, #3408, #5340, #5371, #436, #2409, #5754, #4333, #3311, #4236, #3794, #903, #3375 ),
 ( #4759, #2863, #5275, #6212, #964, #374, #2926, #6308, #4367, #4268, #3765, #1861, #1932, #5819, #1318, #1414, #3894, #934, #337, #868, #2281, #3280, #6242, #1799, #5244, #839, #2829, #406, #2349, #4301 ),
 ( #6274, #3826, #131, #4980, #5971, #2016, #1015, #990, #5880, #4514, #1051, #5397, #3496, #2087, #2461, #1085, #5941, #5014, #2437, #2981, #5488, #4396, #2525, #3533, #2559, #1567, #4479, #2050, #1473, #3947 ),
 ( #575, #1961, #3435, #3047, #2954, #609, #4947, #4040, #5457, #6005, #2491, #4891, #1602, #4921, #521, #4005, #9, #5522, #4421, #1121, #35, #3019, #4449, #3463, #1534, #4141, #5043, #3303, #2725, #2342 ),
 ( #3334, #4717, #895, #2274, #2371, #2821, #327, #6266, #3757, #862, #5809, #797, #1821, #6206, #4228, #1404, #4818, #398, #297, #5268, #364, #3726, #4196, #1887, #1278, #4261, #1790, #4685, #6301, #5204 ),
 ( #1310, #5720, #2855, #5301, #5686, #5777, #4786, #2307, #3273, #4750, #3852, #3241, #5237, #5174, #4292, #830, #1757, #1853, #3819, #2789, #2757, #1339, #6233, #3787, #5748, #2243, #428, #1372, #4325, #767 ),
 ( #6176, #6139, #3686, #5648, #652, #1169, #6058, #2130, #4960, #2538, #1100, #686, #145, #3475, #1515, #1065, #2099, #113, #2504, #5984, #1648, #5921, #5089, #3125, #4461, #3610, #4018, #6018, #5437, #2605 ),
 ( #4088, #4529, #5571, #1581, #1031, #2641, #80, #2030, #5538, #2997, #4599, #558, #214, #2163, #4053, #3546, #3029, #4565, #1546, #180, #1617, #3986, #3092, #5502, #5953, #3512, #5469, #591, #4494, #2063 ),
 ( #3577, #5025, #3060, #621, #2571, #1135, #3713, #6095, #1714, #3259, #814, #844, #4184, #248, #343, #2774, #4702, #4734, #1202, #4669, #3229, #6192, #1775, #2261, #718, #2676, #3743, #1681, #5249, #4122 ),
 ( #2287, #1264, #5223, #5705, #5640, #783, #2743, #3285, #5189, #3770, #3161, #2228, #1295, #2803, #4242, #6130, #2195, #6217, #1804, #314, #5159, #4765, #5732, #379, #5672, #3644, #3678, #1323, #5607, #5125 ),
 ( #4634, #4154, #4212, #1235, #3198, #284, #753, #2708, #6162, #1745, #1351, #5483, #4800, #1498, #3831, #6247, #3528, #2353, #1562, #2485, #2519, #4305, #5758, #3943, #4975, #2977, #3315, #1010, #4001, #4445 ),
 ( #1866, #3041, #62, #2456, #5280, #5452, #2011, #5315, #873, #4943, #2868, #1385, #4916, #3799, #5966, #3968, #3491, #5906, #518, #409, #2834, #2045, #5936, #6279, #1529, #1080, #5788, #571, #3458, #4475 ),
 ( #1046, #1834, #4273, #3346, #3014, #4416, #908, #30, #97, #2323, #5008, #1983, #5420, #2690, #5071, #700, #126, #6111, #637, #1661, #3107, #4548, #2586, #5104, #227, #3213, #4615, #4134, #6000, #6040 ),
 ( #3561, #4649, #667, #2656, #2081, #1696, #163, #3624, #2621, #2115, #4070, #2176, #3659, #604, #4105, #2554, #4580, #5588, #5518, #5622, #4510, #1218, #6076, #3176, #5140, #1630, #1184, #3141, #6147, #732 ),
 ( #195, #263, #1726, #2209, #3593, #3075, #4167, #3694, #5657, #5552, #1249, #4035, #1597, #2144, #1115, #1151, #5038, #6264, #6299, #3272, #5685, #1370, #1849, #3300, #3817, #296, #3756, #2303, #5266, #2339 ),
 ( #6175, #893, #5299, #1885, #4227, #5236, #796, #2853, #5203, #5719, #1309, #4816, #2369, #4716, #4323, #4290, #361, #6205, #2787, #3850, #326, #2273, #5807, #2724, #829, #1789, #4684, #4748, #4258, #6231 ) ),
 .UNSPECIFIED., .F., .F., .F.,
 ( 4, 2, 2, 2, 2, 2, 2, 2, 2, 2, 2, 2, 2, 2, 2, 2, 2, 2, 2, 2, 2, 2, 2, 2, 2, 2, 2, 2, 2, 2, 2, 1, 2, 2, 2, 2, 4 ),
 ( 4, 2, 2, 2, 2, 2, 2, 2, 2, 2, 2, 2, 2, 2, 4 ),
 ( 0.000000000000000000, 0.04088239480193985032, 0.08176478960387970063, 0.1635295792077594013, 0.2044119740096992377, 0.2452943688116391019, 0.2861767636135789661, 0.3066179610145488565, 0.3270591584155188025, 0.3595881267623527444, 0.3921170951091866863, 0.4246460634560206282, 0.4571750318028545146, 0.5222329684965223429, 0.5547619368433562848, 0.5710264210167732557, 0.5872909051901902266, 0.6141820565610444094, 0.6410732079318985921, 0.6679643593027528858, 0.6948555106736070686, 0.7486378134153155450, 0.7755289647861697278, 0.8024201161570239105, 0.8147688588972099577, 0.8271176016373958939, 0.8518150871177678773, 0.8765125725981399718, 0.9012100580785119552, 0.9073844294486048678, 0.9135588008186978914, 0.9259075435588839387, 0.9506050290392560331, 0.9629537717794420804, 0.9753025145196280166, 0.9876512572598139528, 1.000000000000000000 ),
 ( 0.000000000000000000, 0.06250000000000000000, 0.1250000000000000000, 0.2500000000000000000, 0.3125000000000000000, 0.3750000000000000000, 0.4375000000000000000, 0.5000000000000000000, 0.5625000000000000000, 0.6250000000000000000, 0.6875000000000000000, 0.7500000000000000000, 0.8750000000000000000, 0.9375000000000000000, 1.000000000000000000 ),
 .UNSPECIFIED. ) ;
#1514 = CARTESIAN_POINT ( 'NONE',  ( -15.09256127788885493, 3.899999999999999467, 25.51054998476947944 ) ) ;
#1515 = CARTESIAN_POINT ( 'NONE',  ( -15.05619213872070361, 3.900283727869200856, 25.59098805811780153 ) ) ;
#1516 = CARTESIAN_POINT ( 'NONE',  ( -15.17063262717151062, 4.431799695161579677, 25.44440658145718714 ) ) ;
#1517 = CARTESIAN_POINT ( 'NONE',  ( -6.542320014636255010, 3.899999999999999911, 24.84281126024729858 ) ) ;
#1518 = CARTESIAN_POINT ( 'NONE',  ( -15.14999291250621027, 3.915202029391827931, 25.53780644967330105 ) ) ;
#1519 = CARTESIAN_POINT ( 'NONE',  ( -15.11807298257553178, 3.945965100240453438, 25.46769065870024917 ) ) ;
#1520 = ORIENTED_EDGE ( 'NONE', *, *, #4066, .F. ) ;
#1521 = CARTESIAN_POINT ( 'NONE',  ( -15.28683438325005639, 4.305247625685866275, 25.56527285920380521 ) ) ;
#1522 = CARTESIAN_POINT ( 'NONE',  ( -12.26684137464562774, 4.300000000000815170, 28.41679461500407200 ) ) ;
#1523 = CARTESIAN_POINT ( 'NONE',  ( -15.11163679896277934, 4.492438878636535016, 25.58973129637444899 ) ) ;
#1524 = CARTESIAN_POINT ( 'NONE',  ( -15.20290695396366409, 4.460124533120545465, 25.55575230754608285 ) ) ;
#1525 = CARTESIAN_POINT ( 'NONE',  ( -15.18371067702729249, 3.933812494622629163, 25.49168399243182392 ) ) ;
#1526 = CARTESIAN_POINT ( 'NONE',  ( -7.118685942309197934, 4.099999999999620393, 25.06426392971873796 ) ) ;
#1527 = CARTESIAN_POINT ( 'NONE',  ( -15.07722707629345038, 4.498257814437131685, 25.57639421889762588 ) ) ;
#1528 = CARTESIAN_POINT ( 'NONE',  ( -5.909952304455757144, 3.899999999999997691, 31.15431535278880304 ) ) ;
#1529 = CARTESIAN_POINT ( 'NONE',  ( -15.04781021404907726, 3.900056724046391032, 25.59907738302035796 ) ) ;
#1530 = CARTESIAN_POINT ( 'NONE',  ( -15.28719505582633609, 4.070756091676003052, 25.43623572538141175 ) ) ;
#1531 = CARTESIAN_POINT ( 'NONE',  ( -15.29296934587348211, 4.299999999999961631, 25.54894036591344531 ) ) ;
#1532 = CARTESIAN_POINT ( 'NONE',  ( -15.10065594023254221, 3.904417471469940448, 25.57630383409220443 ) ) ;
#1533 = CARTESIAN_POINT ( 'NONE',  ( -15.17443030327989462, 3.947657200481380357, 25.46600471203621296 ) ) ;
#1534 = CARTESIAN_POINT ( 'NONE',  ( -15.06950966351374177, 3.901093972614512850, 25.59442047341061155 ) ) ;
#1535 = CARTESIAN_POINT ( 'NONE',  ( -15.06105075756390654, 4.499513740704789377, 25.59421419302352874 ) ) ;
#1536 = CARTESIAN_POINT ( 'NONE',  ( -15.18517501665442104, 4.460975741153714758, 25.59032525338772146 ) ) ;
#1537 = CARTESIAN_POINT ( 'NONE',  ( -15.18655678926528552, 4.099999999999999645, 25.39561196470155124 ) ) ;
#1538 = CARTESIAN_POINT ( 'NONE',  ( -15.24813210042221812, 4.427544921077330997, 25.52707603482590670 ) ) ;
#1539 = CARTESIAN_POINT ( 'NONE',  ( -15.11779169764834840, 3.910639115012850109, 25.53433901852523746 ) ) ;
#1540 = CARTESIAN_POINT ( 'NONE',  ( -15.27140619928444387, 4.030480503758970379, 25.56897347587872105 ) ) ;
#1541 = CARTESIAN_POINT ( 'NONE',  ( -15.10343800060657848, 3.905055212512781981, 25.56512206264460474 ) ) ;
#1542 = CARTESIAN_POINT ( 'NONE',  ( -15.06661739566187563, 3.902950706335725162, 25.56414093050112868 ) ) ;
#1543 = CARTESIAN_POINT ( 'NONE',  ( -9.750417472428003052, 4.299999999999999822, 29.56703188178085284 ) ) ;
#1544 = CARTESIAN_POINT ( 'NONE',  ( -15.14321823368316089, 4.487236373923802368, 25.55916566581415594 ) ) ;
#1545 = CARTESIAN_POINT ( 'NONE',  ( -15.29182709492700987, 4.100000000000036948, 25.55211160548933691 ) ) ;
#1546 = CARTESIAN_POINT ( 'NONE',  ( -15.05393837835939408, 3.900190035697742363, 25.59458055196931170 ) ) ;
#1547 = CARTESIAN_POINT ( 'NONE',  ( -15.23455242566817169, 4.430597996538870653, 25.56456735736513508 ) ) ;
#1548 = CARTESIAN_POINT ( 'NONE',  ( -15.13843818426669330, 3.919521135961082425, 25.51279182637444976 ) ) ;
#1549 = DIRECTION ( 'NONE',  ( 1.000000000000000000, 0.000000000000000000, -1.411534255948957470E-16 ) ) ;
#1550 = CARTESIAN_POINT ( 'NONE',  ( -15.03278935432340546, 4.499999999999999112, 25.60096129544626820 ) ) ;
#1551 = EDGE_LOOP ( 'NONE', ( #317, #6024, #3746, #757 ) ) ;
#1552 = CARTESIAN_POINT ( 'NONE',  ( -15.07912004493680946, 3.901737314882288032, 25.57934860420849077 ) ) ;
#1553 = CARTESIAN_POINT ( 'NONE',  ( -15.30145766191752799, 4.311006552339333275, 25.44926058572472272 ) ) ;
#1554 = EDGE_CURVE ( 'NONE', #4535, #1620, #5004, .T. ) ;
#1555 = CARTESIAN_POINT ( 'NONE',  ( -15.08318440627021317, 4.487932773129903907, 25.52871463833832522 ) ) ;
#1556 = CARTESIAN_POINT ( 'NONE',  ( -11.81917223697571018, 4.099999999999997868, 25.74048343900152958 ) ) ;
#1557 = CARTESIAN_POINT ( 'NONE',  ( -15.19331418858829785, 4.469039763410016519, 25.51416645859699628 ) ) ;
#1558 = CARTESIAN_POINT ( 'NONE',  ( -15.21895329640294747, 3.960350217512886406, 25.57814344075705648 ) ) ;
#1559 = CARTESIAN_POINT ( 'NONE',  ( -5.900018103691999194, 3.976298254023320933, 23.75507259103513746 ) ) ;
#1560 = CARTESIAN_POINT ( 'NONE',  ( -6.339221681329021862, 3.899999999998494005, 24.31835147264725450 ) ) ;
#1561 = CARTESIAN_POINT ( 'NONE',  ( -15.08782370534706629, 4.496689985770237818, 25.59435496445727765 ) ) ;
#1562 = CARTESIAN_POINT ( 'NONE',  ( -15.04930434711494236, 3.900076660908293302, 25.59672873723870978 ) ) ;
#1563 = CARTESIAN_POINT ( 'NONE',  ( -15.26955178305899175, 4.071103324619157249, 25.42052358841444359 ) ) ;
#1564 = CARTESIAN_POINT ( 'NONE',  ( -13.21782244732412614, 4.300000000000813394, 27.69932991358954055 ) ) ;
#1565 = CARTESIAN_POINT ( 'NONE',  ( -15.09214328704608299, 3.904127295326687008, 25.56213392003894214 ) ) ;
#1566 = CARTESIAN_POINT ( 'NONE',  ( -15.23603242400965740, 3.978648828336011967, 25.57907995510088028 ) ) ;
#1567 = CARTESIAN_POINT ( 'NONE',  ( -15.07110542975544476, 3.901312413918024635, 25.59590062187742276 ) ) ;
#1568 = CARTESIAN_POINT ( 'NONE',  ( -15.06835035928813227, 4.498922623824167744, 25.59648028070653680 ) ) ;
#1569 = CARTESIAN_POINT ( 'NONE',  ( -15.14974535658358867, 4.475298707577786139, 25.50377532228112187 ) ) ;
#1570 = CARTESIAN_POINT ( 'NONE',  ( -15.20004433423778067, 4.099999999999999645, 25.39664218417616581 ) ) ;
#1571 = CARTESIAN_POINT ( 'NONE',  ( -15.20114978727157506, 4.426922520051733478, 25.44709565118201056 ) ) ;
#1572 = CARTESIAN_POINT ( 'NONE',  ( -15.11305375164520370, 3.912431932365223020, 25.52748373271284166 ) ) ;
#1573 = CARTESIAN_POINT ( 'NONE',  ( -15.27587513022101717, 4.021743421978023925, 25.54041655977362879 ) ) ;
#1574 = CARTESIAN_POINT ( 'NONE',  ( -15.10262999236858406, 3.905033381410739413, 25.56377946878648544 ) ) ;
#1575 = CARTESIAN_POINT ( 'NONE',  ( -15.24729073928089740, 3.970416248700932460, 25.51237099700580657 ) ) ;
#1576 = CARTESIAN_POINT ( 'NONE',  ( -5.962224407646165680, 4.500000000000815348, 31.36626729482260600 ) ) ;
#1577 = CARTESIAN_POINT ( 'NONE',  ( -14.11946093612386655, 4.499999999992467359, 25.49481854713820184 ) ) ;
#1578 = CARTESIAN_POINT ( 'NONE',  ( -15.11668678584843839, 4.473804863076134453, 25.49647534736705978 ) ) ;
#1579 = CARTESIAN_POINT ( 'NONE',  ( -7.416842768080273096, 4.500000000000000888, 30.18945935140632741 ) ) ;
#1580 = CARTESIAN_POINT ( 'NONE',  ( -12.94038358596353255, 4.100000000001626788, 27.92292522579885272 ) ) ;
#1581 = CARTESIAN_POINT ( 'NONE',  ( -15.04997549512529176, 3.900336241353591582, 25.58806011284153925 ) ) ;
#1582 = CARTESIAN_POINT ( 'NONE',  ( -15.23741039089239457, 4.433319353516234074, 25.55175787996983772 ) ) ;
#1583 = CARTESIAN_POINT ( 'NONE',  ( -15.14138186029680710, 3.915942895377073185, 25.52421424961071494 ) ) ;
#1584 = CARTESIAN_POINT ( 'NONE',  ( -15.12105117937701948, 3.933911762602379181, 25.48386903430321837 ) ) ;
#1585 = CARTESIAN_POINT ( 'NONE',  ( -15.12762358639048976, 4.499999999999998224, 25.59494819951076039 ) ) ;
#1586 = CARTESIAN_POINT ( 'NONE',  ( -15.08132991863221761, 3.902204592212505485, 25.57322760606998813 ) ) ;
#1587 = CARTESIAN_POINT ( 'NONE',  ( -15.04926782500347571, 4.499905899916562646, 25.59431853372052146 ) ) ;
#1588 = CARTESIAN_POINT ( 'NONE',  ( -11.43821615783395274, 4.500000000003719691, 28.91277119398667494 ) ) ;
#1589 = CARTESIAN_POINT ( 'NONE',  ( -15.09793257057774163, 3.905389724387632988, 25.59686463230544007 ) ) ;
#1590 = CARTESIAN_POINT ( 'NONE',  ( -15.10135197285726605, 4.495445153404710403, 25.57222120076248473 ) ) ;
#1591 = CARTESIAN_POINT ( 'NONE',  ( -15.15193563900468909, 4.460002349436610558, 25.47516308401955598 ) ) ;
#1592 = CARTESIAN_POINT ( 'NONE',  ( -15.19050833018032520, 3.932343989587001598, 25.50082142121069495 ) ) ;
#1593 = EDGE_CURVE ( 'NONE', #5990, #3262, #5615, .T. ) ;
#1594 = CARTESIAN_POINT ( 'NONE',  ( -5.900018103691999194, 4.199999847142954046, 25.96689337877836223 ) ) ;
#1595 = CARTESIAN_POINT ( 'NONE',  ( -6.022127190004433750, 3.899999999999999467, 24.22519596349010129 ) ) ;
#1596 = CARTESIAN_POINT ( 'NONE',  ( -15.07326834595665233, 4.497845534456965666, 25.57003867599135916 ) ) ;
#1597 = CARTESIAN_POINT ( 'NONE',  ( -15.04234665781140912, 3.899999999999999023, 25.59965678480710949 ) ) ;
#1598 = CARTESIAN_POINT ( 'NONE',  ( -15.16153077925754467, 4.061751747880887997, 25.39819264148047750 ) ) ;
#1599 = CARTESIAN_POINT ( 'NONE',  ( -13.09060315756108217, 4.499999999999998224, 27.54500195418683006 ) ) ;
#1600 = CARTESIAN_POINT ( 'NONE',  ( -15.10095338233371010, 3.904954463419661348, 25.58702892718459765 ) ) ;
#1601 = CARTESIAN_POINT ( 'NONE',  ( -15.23220856458612005, 3.968567966626672661, 25.56792736531231824 ) ) ;
#1602 = CARTESIAN_POINT ( 'NONE',  ( -15.06335818503393398, 3.900709494770904673, 25.58431177913260512 ) ) ;
#1603 = CARTESIAN_POINT ( 'NONE',  ( -15.05387489184557204, 4.499286433951989572, 25.58238115467940688 ) ) ;
#1604 = CARTESIAN_POINT ( 'NONE',  ( -15.19340889473602729, 4.456795565116502544, 25.58652113403877237 ) ) ;
#1605 = CARTESIAN_POINT ( 'NONE',  ( -15.20154801980646120, 4.099999999999999645, 25.39678052558851462 ) ) ;
#1606 = CARTESIAN_POINT ( 'NONE',  ( -15.25442198081294620, 4.419652985183739169, 25.52015496085340374 ) ) ;
#1607 = CARTESIAN_POINT ( 'NONE',  ( -15.14889351703665810, 3.919836699667904600, 25.59030420895366831 ) ) ;
#1608 = CARTESIAN_POINT ( 'NONE',  ( -15.26971500761326617, 4.010360707834785821, 25.48014885683258157 ) ) ;
#1609 = CARTESIAN_POINT ( 'NONE',  ( -15.04477134601157573, 4.499967673023586912, 25.59650751330514140 ) ) ;
#1610 = CARTESIAN_POINT ( 'NONE',  ( -15.25179612631815118, 3.995634579004420317, 25.57246540406699964 ) ) ;
#1611 = AXIS2_PLACEMENT_3D ( 'NONE', #922, #4361, #4328 ) ;
#1612 = CARTESIAN_POINT ( 'NONE',  ( -9.354306337310204000, 4.499999999999999112, 29.47245737794247233 ) ) ;
#1613 = CARTESIAN_POINT ( 'NONE',  ( -13.06332884487812507, 4.499999999999999112, 25.81562208709425121 ) ) ;
#1614 = CARTESIAN_POINT ( 'NONE',  ( -15.12132727157833934, 4.480960535962267066, 25.51053368035197622 ) ) ;
#1615 = CARTESIAN_POINT ( 'NONE',  ( -14.87215387444240378, 4.500000000000000000, 25.82952644846481149 ) ) ;
#1616 = CARTESIAN_POINT ( 'NONE',  ( -14.19635868857602112, 3.900000000001636824, 26.83125663940694494 ) ) ;
#1617 = CARTESIAN_POINT ( 'NONE',  ( -15.05441851567431932, 3.900208026520611160, 25.59535504159190822 ) ) ;
#1618 = CARTESIAN_POINT ( 'NONE',  ( -15.19342054421457533, 4.439005861659507168, 25.45486953789112761 ) ) ;
#1619 = CARTESIAN_POINT ( 'NONE',  ( -15.15774126710503644, 3.917427843008215227, 25.54290035065311315 ) ) ;
#1620 = VERTEX_POINT ( 'NONE', #6034 ) ;
#1621 = CARTESIAN_POINT ( 'NONE',  ( -15.09084252044983288, 3.903370407960403021, 25.58937200799794098 ) ) ;
#1622 = CARTESIAN_POINT ( 'NONE',  ( -15.04801775123003438, 4.499859368658796654, 25.59220600376131927 ) ) ;
#1623 = CARTESIAN_POINT ( 'NONE',  ( -15.11455794301788202, 4.492569266182303345, 25.55079459756641924 ) ) ;
#1624 = CARTESIAN_POINT ( 'NONE',  ( -5.900018103691998306, 4.099999999999998757, 31.41451507187543513 ) ) ;
#1625 = CARTESIAN_POINT ( 'NONE',  ( -15.15666105396255325, 4.456381196680926138, 25.47020211130767819 ) ) ;
#1626 = CARTESIAN_POINT ( 'NONE',  ( -5.900018103691998306, 4.500000000000000000, 31.16203331118273212 ) ) ;
#1627 = CARTESIAN_POINT ( 'NONE',  ( -15.20820931728569114, 3.939227362338267646, 25.53760541678910911 ) ) ;
#1628 = CARTESIAN_POINT ( 'NONE',  ( -15.18162010288857822, 4.352515985652987140, 25.40312319573110855 ) ) ;
#1629 = CARTESIAN_POINT ( 'NONE',  ( -15.09388642984955098, 4.496574474078797401, 25.57975794500303124 ) ) ;
#1630 = CARTESIAN_POINT ( 'NONE',  ( -15.04400597854300514, 3.900008009305975243, 25.60000281162263747 ) ) ;
#1631 = CARTESIAN_POINT ( 'NONE',  ( -14.28250210530175046, 4.499999999999183764, 26.74849383190654706 ) ) ;
#1632 = CARTESIAN_POINT ( 'NONE',  ( -15.23518869226548844, 3.972427133144056821, 25.47105324774897994 ) ) ;
#1633 = CARTESIAN_POINT ( 'NONE',  ( -15.10351376349476382, 3.905925761147027941, 25.59153496773208403 ) ) ;
#1634 = CARTESIAN_POINT ( 'NONE',  ( -15.23188113975557023, 3.958369370288683520, 25.54420328340283675 ) ) ;
#1635 = CARTESIAN_POINT ( 'NONE',  ( -15.06290983874807310, 4.499316828544437818, 25.59730772240087404 ) ) ;
#1636 =( NAMED_UNIT ( * ) PLANE_ANGLE_UNIT ( ) SI_UNIT ( $, .RADIAN. ) );
#1637 = CARTESIAN_POINT ( 'NONE',  ( -15.17190046292038907, 4.477193426931894926, 25.53760732984536475 ) ) ;
#1638 = CARTESIAN_POINT ( 'NONE',  ( -15.11334601012748102, 3.899999999999999467, 25.59556364426132546 ) ) ;
#1639 = CARTESIAN_POINT ( 'NONE',  ( -15.20149352054685110, 4.418104722503480630, 25.44050288306736363 ) ) ;
#1640 = CARTESIAN_POINT ( 'NONE',  ( -15.10931291031815782, 3.906649429289395403, 25.55325751893586173 ) ) ;
#1641 = CARTESIAN_POINT ( 'NONE',  ( -15.26939287279897783, 4.003995791641762558, 25.51836207232429743 ) ) ;
#1642 = CARTESIAN_POINT ( 'NONE',  ( -15.15145454771634803, 4.000410574680127951, 25.42115763228425607 ) ) ;
#1643 = CARTESIAN_POINT ( 'NONE',  ( -15.07248507401265414, 3.901167721289817258, 25.58319694783804010 ) ) ;
#1644 = CARTESIAN_POINT ( 'NONE',  ( -10.35433403665055074, 4.299999999999998046, 25.83428801448613754 ) ) ;
#1645 = CARTESIAN_POINT ( 'NONE',  ( -15.16010418784139269, 4.477545117179957401, 25.58061242441857530 ) ) ;
#1646 = CARTESIAN_POINT ( 'NONE',  ( -9.761305258022233033, 4.499999999999999112, 29.35558545824798315 ) ) ;
#1647 = CARTESIAN_POINT ( 'NONE',  ( -13.09066214320037425, 3.899999999999999467, 27.54495340172171325 ) ) ;
#1648 = CARTESIAN_POINT ( 'NONE',  ( -15.05802731999525790, 3.900332545848470112, 25.59394313787313990 ) ) ;
#1649 = CARTESIAN_POINT ( 'NONE',  ( -15.22367286412870513, 4.449676944889830565, 25.49092386788488795 ) ) ;
#1650 = CARTESIAN_POINT ( 'NONE',  ( -15.17297249923361946, 3.930002056858553861, 25.58488939300440279 ) ) ;
#1651 = CARTESIAN_POINT ( 'NONE',  ( -14.78956032955768229, 4.499999999999999112, 25.62303440455585246 ) ) ;
#1652 = CARTESIAN_POINT ( 'NONE',  ( -15.07128225570547997, 3.902548468133632653, 25.56670556259327398 ) ) ;
#1653 = CARTESIAN_POINT ( 'NONE',  ( -15.04743949222559962, 4.499953816353081670, 25.59851420148628165 ) ) ;
#1654 = CARTESIAN_POINT ( 'NONE',  ( -15.12180802068771790, 4.491544491719912102, 25.57425411905455448 ) ) ;
#1655 = CARTESIAN_POINT ( 'NONE',  ( -15.22363059017207654, 4.438480710254259165, 25.57110170951437311 ) ) ;
#1656 = CARTESIAN_POINT ( 'NONE',  ( -15.16379617570105154, 3.940039757113914298, 25.47588130101894421 ) ) ;
#1657 = CARTESIAN_POINT ( 'NONE',  ( -15.25596575240709640, 4.299999999999998046, 25.63120228019240443 ) ) ;
#1658 = CARTESIAN_POINT ( 'NONE',  ( -15.18961438749500736, 4.342607816960977196, 25.40119319433212297 ) ) ;
#1659 = CARTESIAN_POINT ( 'NONE',  ( -8.367490301065609870, 3.900000000002276757, 25.65043032436145509 ) ) ;
#1660 = CARTESIAN_POINT ( 'NONE',  ( -15.08864136758880470, 4.497283312119366272, 25.58064304255766075 ) ) ;
#1661 = CARTESIAN_POINT ( 'NONE',  ( -15.04597913798246189, 3.900025470539329575, 25.59850107194082369 ) ) ;
#1662 = CARTESIAN_POINT ( 'NONE',  ( -15.30082149282985959, 4.070963705994294024, 25.46869025537527165 ) ) ;
#1663 = CARTESIAN_POINT ( 'NONE',  ( -15.06297775248902049, 4.500000000000408562, 25.91167736502927355 ) ) ;
#1664 = CARTESIAN_POINT ( 'NONE',  ( -15.25271769795196342, 3.977772253515167833, 25.51011821411182012 ) ) ;
#1665 = CARTESIAN_POINT ( 'NONE',  ( -15.09969092940550262, 3.904560649751933177, 25.58483011751553704 ) ) ;
#1666 = CARTESIAN_POINT ( 'NONE',  ( -15.22232826540220962, 3.951213937538984755, 25.54751413704341445 ) ) ;
#1667 = CARTESIAN_POINT ( 'NONE',  ( -15.07133604110192593, 4.498939083972406827, 25.58643890377967978 ) ) ;
#1668 = CARTESIAN_POINT ( 'NONE',  ( -15.13328091424457256, 4.485219522876138676, 25.59496128851269248 ) ) ;
#1669 = CARTESIAN_POINT ( 'NONE',  ( -15.28456412701313738, 4.300000000000820499, 25.57082451682977720 ) ) ;
#1670 = CARTESIAN_POINT ( 'NONE',  ( -15.12054902916360000, 4.456540171452873622, 25.47067687937976643 ) ) ;
#1671 = CARTESIAN_POINT ( 'NONE',  ( -15.17807204695565559, 3.899999999999999467, 25.59549094279769577 ) ) ;
#1672 = CARTESIAN_POINT ( 'NONE',  ( -15.15188665069773855, 4.386776210453304792, 25.41440353956825149 ) ) ;
#1673 = CARTESIAN_POINT ( 'NONE',  ( -15.11214722708045954, 3.906534358833320564, 25.55789580795316951 ) ) ;
#1674 = CARTESIAN_POINT ( 'NONE',  ( -15.25344282450278222, 3.990552891656627299, 25.55943254795596786 ) ) ;
#1675 = CARTESIAN_POINT ( 'NONE',  ( -15.08587947627882109, 3.903154281168259132, 25.59604661688237570 ) ) ;
#1676 = CARTESIAN_POINT ( 'NONE',  ( -5.905186253606927060, 4.500000000000000000, 31.41048590638713023 ) ) ;
#1677 = CARTESIAN_POINT ( 'NONE',  ( -15.13754151736725717, 4.487900712559095950, 25.53798570284620340 ) ) ;
#1678 = CARTESIAN_POINT ( 'NONE',  ( -6.381300382315691522, 4.299999999999999822, 24.36511153383431605 ) ) ;
#1679 = CARTESIAN_POINT ( 'NONE',  ( -5.990571738580794836, 4.499999999999997335, 24.18099826801526575 ) ) ;
#1680 = CARTESIAN_POINT ( 'NONE',  ( -11.75932694914787469, 3.899999999995059419, 28.73941096306252874 ) ) ;
#1681 = CARTESIAN_POINT ( 'NONE',  ( -15.05524524453265123, 3.900303984339033025, 25.59917067205075369 ) ) ;
#1682 = CARTESIAN_POINT ( 'NONE',  ( -15.20525603598707676, 4.449864888403245899, 25.47191599715505816 ) ) ;
#1683 = CARTESIAN_POINT ( 'NONE',  ( -15.12945087980389403, 3.915247064228915885, 25.52118524944944156 ) ) ;
#1684 = CARTESIAN_POINT ( 'NONE',  ( -15.12464579266212716, 4.445824387277425238, 25.45821313704296074 ) ) ;
#1685 = CARTESIAN_POINT ( 'NONE',  ( -15.16509424335626477, 4.499999999999998224, 25.59483366369546431 ) ) ;
#1686 = ORIENTED_EDGE ( 'NONE', *, *, #2524, .F. ) ;
#1687 = CARTESIAN_POINT ( 'NONE',  ( -15.06456458138407939, 3.903551223973007467, 25.56092598284406847 ) ) ;
#1688 = CARTESIAN_POINT ( 'NONE',  ( -15.04733732335588847, 4.499816274503469771, 25.59102679836168193 ) ) ;
#1689 = CARTESIAN_POINT ( 'NONE',  ( -15.13002457382906840, 4.489204642921817978, 25.57724148594148517 ) ) ;
#1690 = CARTESIAN_POINT ( 'NONE',  ( -15.20465757777297533, 4.464024603575136751, 25.52892166003563190 ) ) ;
#1691 = CARTESIAN_POINT ( 'NONE',  ( -15.17717136822666113, 3.927061901535226163, 25.50973124893048549 ) ) ;
#1692 = CYLINDRICAL_SURFACE ( 'NONE', #5513, 0.09999999999999947820 ) ;
#1693 = CARTESIAN_POINT ( 'NONE',  ( -15.27957479547723629, 4.349700322455770873, 25.44226932852172851 ) ) ;
#1694 = CARTESIAN_POINT ( 'NONE',  ( -8.507158737853787400, 4.499999999999999112, 25.88952362828908704 ) ) ;
#1695 = CARTESIAN_POINT ( 'NONE',  ( -15.09758010026578390, 4.495731463345054024, 25.58604589526496653 ) ) ;
#1696 = CARTESIAN_POINT ( 'NONE',  ( -15.04300330331608393, 3.900007004453297732, 25.59836609593401491 ) ) ;
#1697 = CARTESIAN_POINT ( 'NONE',  ( -14.90597395297987049, 4.500000000000000000, 26.09923222527896769 ) ) ;
#1698 = CARTESIAN_POINT ( 'NONE',  ( -15.04136205888854683, 4.499999999999999112, 25.60037349240651849 ) ) ;
#1699 = CARTESIAN_POINT ( 'NONE',  ( -15.08234468454658561, 3.903734987456976224, 25.56070362046602540 ) ) ;
#1700 = CARTESIAN_POINT ( 'NONE',  ( -15.19368424881448654, 4.089800996676101086, 25.39633798554122279 ) ) ;
#1701 = CARTESIAN_POINT ( 'NONE',  ( -15.13443281261310780, 3.972720962809157097, 25.44052687990021155 ) ) ;
#1702 = CARTESIAN_POINT ( 'NONE',  ( -15.06759953418917242, 4.498941759982292510, 25.58029633108123946 ) ) ;
#1703 = CARTESIAN_POINT ( 'NONE',  ( -15.29113599677228308, 4.300000000000820499, 25.55408463420034693 ) ) ;
#1704 = CARTESIAN_POINT ( 'NONE',  ( -15.13848944104046979, 4.469629754160782120, 25.49003331854490284 ) ) ;
#1705 = CARTESIAN_POINT ( 'NONE',  ( -15.24107346904005844, 4.099999999999999645, 25.40041692842746457 ) ) ;
#1706 = CARTESIAN_POINT ( 'NONE',  ( -15.24037533717208603, 4.428262994719464274, 25.48061189255941983 ) ) ;
#1707 = CARTESIAN_POINT ( 'NONE',  ( -15.14506298288776875, 3.917905302214307550, 25.58867212036843242 ) ) ;
#1708 = CARTESIAN_POINT ( 'NONE',  ( -15.22496352335885206, 3.957917907891026932, 25.47791661494136051 ) ) ;
#1709 = CARTESIAN_POINT ( 'NONE',  ( -15.08314755719212563, 3.902395447228009129, 25.59121807180748931 ) ) ;
#1710 = CARTESIAN_POINT ( 'NONE',  ( -5.887829502344318122, 4.299999999999999822, 31.42401748428813946 ) ) ;
#1711 = CARTESIAN_POINT ( 'NONE',  ( -15.15702465167890267, 4.480391312676656135, 25.57392274987994440 ) ) ;
#1712 = CARTESIAN_POINT ( 'NONE',  ( -9.601673256585804950, 4.499999999999999112, 26.02972104758504202 ) ) ;
#1713 = CARTESIAN_POINT ( 'NONE',  ( -12.26681315748790446, 3.899999999999996358, 28.41681390327811130 ) ) ;
#1714 = CARTESIAN_POINT ( 'NONE',  ( -15.05059708836671284, 3.900182870977030980, 25.59159138254497989 ) ) ;
#1715 = CARTESIAN_POINT ( 'NONE',  ( -15.23533149256698138, 4.441477702623701340, 25.53172942128678713 ) ) ;
#1716 = CARTESIAN_POINT ( 'NONE',  ( -15.13908461619551815, 3.912779416735564730, 25.53542124036986394 ) ) ;
#1717 = VECTOR ( 'NONE', #1147, 39.37007874015748143 ) ;
#1718 = EDGE_LOOP ( 'NONE', ( #3716, #5094, #3517, #6195, #1845, #347, #5675, #3681 ) ) ;
#1719 = CARTESIAN_POINT ( 'NONE',  ( -15.04710887576065659, 4.499798735925210735, 25.59062614330181518 ) ) ;
#1720 = CARTESIAN_POINT ( 'NONE',  ( -15.09192156142905539, 4.487546052895376114, 25.52710438722475672 ) ) ;
#1721 = CARTESIAN_POINT ( 'NONE',  ( -15.19031972461952762, 4.463489716292150078, 25.48841306843322840 ) ) ;
#1722 = CARTESIAN_POINT ( 'NONE',  ( -15.11820738144586862, 3.946158439698834286, 25.46747206834634625 ) ) ;
#1723 = CARTESIAN_POINT ( 'NONE',  ( -15.24223633383781262, 4.361576369246679796, 25.42231055522855954 ) ) ;
#1724 = CARTESIAN_POINT ( 'NONE',  ( -5.900018103691999194, 4.346874386170776816, 23.68379799521015272 ) ) ;
#1725 = CARTESIAN_POINT ( 'NONE',  ( -15.09326734536810655, 4.496676622765707343, 25.57871546198903445 ) ) ;
#1726 = CARTESIAN_POINT ( 'NONE',  ( -15.04210029377155955, 3.899999999999997691, 25.59923018717751475 ) ) ;
#1727 = CARTESIAN_POINT ( 'NONE',  ( -15.04136205888854327, 4.499999999999999112, 25.60037349240651139 ) ) ;
#1728 = CARTESIAN_POINT ( 'NONE',  ( -15.22596344689258174, 3.974094099290814253, 25.45983462223621174 ) ) ;
#1729 = CARTESIAN_POINT ( 'NONE',  ( -15.08344506886274061, 3.904257561209155902, 25.55782945644761384 ) ) ;
#1730 = CARTESIAN_POINT ( 'NONE',  ( -15.29856992978541541, 4.089482203337621691, 25.53103382589133474 ) ) ;
#1731 = CARTESIAN_POINT ( 'NONE',  ( -15.22583432978889562, 3.961183614341455606, 25.56558522413131840 ) ) ;
#1732 = CARTESIAN_POINT ( 'NONE',  ( -15.06729520775872544, 4.499199828156354108, 25.58968948175745339 ) ) ;
#1733 = CARTESIAN_POINT ( 'NONE',  ( -15.04375985713629404, 4.499994180384781828, 25.59964569943949897 ) ) ;
#1734 = CARTESIAN_POINT ( 'NONE',  ( -15.27530770210004363, 4.300000000000820499, 25.41723892405613228 ) ) ;
#1735 = CARTESIAN_POINT ( 'NONE',  ( -15.20670351318474722, 3.899999999999999911, 25.39725483900224390 ) ) ;
#1736 = CARTESIAN_POINT ( 'NONE',  ( -15.25211194481092036, 4.420317922277591904, 25.49617780943776424 ) ) ;
#1737 = CARTESIAN_POINT ( 'NONE',  ( -15.11307782524162313, 3.906567283908001009, 25.55944622252966880 ) ) ;
#1738 = CARTESIAN_POINT ( 'NONE',  ( -15.26367576674832272, 3.998039800555456935, 25.48921382895571597 ) ) ;
#1739 = CARTESIAN_POINT ( 'NONE',  ( -15.22332120215365947, 3.955820757000595655, 25.47901325182234089 ) ) ;
#1740 = CARTESIAN_POINT ( 'NONE',  ( -15.07465065029755458, 3.901455132876128218, 25.59181528860689525 ) ) ;
#1741 = CARTESIAN_POINT ( 'NONE',  ( -8.683283213885630403, 4.300000000000000711, 25.72202133555835601 ) ) ;
#1742 = CARTESIAN_POINT ( 'NONE',  ( -15.11601850024644556, 4.465647395644142925, 25.48327558190764819 ) ) ;
#1743 = CARTESIAN_POINT ( 'NONE',  ( -7.902017864654026447, 4.499999999999999112, 25.71571047009957312 ) ) ;
#1744 = CARTESIAN_POINT ( 'NONE',  ( -10.32233325639783317, 4.099999999998361844, 29.38819257791231365 ) ) ;
#1745 = CARTESIAN_POINT ( 'NONE',  ( -15.04798122343626332, 3.900083009553273694, 25.59458799782598604 ) ) ;
#1746 = CARTESIAN_POINT ( 'NONE',  ( -15.23734411892683660, 4.440406295439840889, 25.52664485125089655 ) ) ;
#1747 = CARTESIAN_POINT ( 'NONE',  ( -15.12874473646562734, 3.913940915620290006, 25.52498269482025606 ) ) ;
#1748 = ORIENTED_EDGE ( 'NONE', *, *, #1593, .F. ) ;
#1749 = CARTESIAN_POINT ( 'NONE',  ( -15.04927906585508346, 4.499742067890372788, 25.58941309359746441 ) ) ;
#1750 = CARTESIAN_POINT ( 'NONE',  ( -15.11074051336453294, 4.493426933132198542, 25.55562188539407842 ) ) ;
#1751 = CARTESIAN_POINT ( 'NONE',  ( -15.13466612048640236, 4.428756395088671916, 25.44174797902679330 ) ) ;
#1752 = CARTESIAN_POINT ( 'NONE',  ( -8.406500555438059408, 3.900000000000000799, 25.86591898038598458 ) ) ;
#1753 = CARTESIAN_POINT ( 'NONE',  ( -15.15997800690627706, 3.921813624772738649, 25.51752536043413855 ) ) ;
#1754 = CARTESIAN_POINT ( 'NONE',  ( -15.21667735423734769, 4.345484022043088146, 25.40625289353011240 ) ) ;
#1755 = CARTESIAN_POINT ( 'NONE',  ( -5.900018103691999194, 4.500000000000000000, 24.04854385460160771 ) ) ;
#1756 = CARTESIAN_POINT ( 'NONE',  ( -15.08058977327165806, 4.497280196782845962, 25.56744952086681266 ) ) ;
#1757 = CARTESIAN_POINT ( 'NONE',  ( -15.06017744717064666, 3.900421300817881409, 25.59013533610199076 ) ) ;
#1758 = CARTESIAN_POINT ( 'NONE',  ( -15.07819766661373073, 3.903168463827301871, 25.56342374095326520 ) ) ;
#1759 = CARTESIAN_POINT ( 'NONE',  ( -15.18757369979573113, 3.937908185128438543, 25.48403275070683449 ) ) ;
#1760 = CARTESIAN_POINT ( 'NONE',  ( -6.632171462373285031, 3.900000000000000355, 30.63355906356622427 ) ) ;
#1761 = CARTESIAN_POINT ( 'NONE',  ( -15.06382165281288366, 4.499264155501243145, 25.58395874830296890 ) ) ;
#1762 = CARTESIAN_POINT ( 'NONE',  ( -15.04384846254609620, 4.499993497699435352, 25.59978628153743685 ) ) ;
#1763 = CARTESIAN_POINT ( 'NONE',  ( -11.97120260980999262, 4.300000000000000711, 28.61107714725174844 ) ) ;
#1764 = CARTESIAN_POINT ( 'NONE',  ( -15.26179843528925950, 4.403426268513928044, 25.48553836924584104 ) ) ;
#1765 = CARTESIAN_POINT ( 'NONE',  ( -15.13462858260822408, 3.913598359627176837, 25.58638520172884157 ) ) ;
#1766 = CARTESIAN_POINT ( 'NONE',  ( -15.26711624549669999, 4.021291325502417635, 25.56984013590448868 ) ) ;
#1767 = CARTESIAN_POINT ( 'NONE',  ( -15.21332814197147343, 3.960697973869122368, 25.46399592522572064 ) ) ;
#1768 = CARTESIAN_POINT ( 'NONE',  ( -15.06215804047506346, 3.902571170010049162, 25.56664097027297444 ) ) ;
#1769 = CARTESIAN_POINT ( 'NONE',  ( -5.870472751081569740, 4.299999999999999822, 31.43754906218939027 ) ) ;
#1770 = CARTESIAN_POINT ( 'NONE',  ( -15.17232652196663345, 3.931258091241981667, 25.59025935097557536 ) ) ;
#1771 = CARTESIAN_POINT ( 'NONE',  ( -15.13294431136888996, 4.480992493436547264, 25.51244424534575828 ) ) ;
#1772 = CARTESIAN_POINT ( 'NONE',  ( -10.90121738500613802, 3.899999999999998135, 26.01075961602996145 ) ) ;
#1773 = CARTESIAN_POINT ( 'NONE',  ( -10.14065876957547196, 4.300000000000000711, 25.83661525206812470 ) ) ;
#1774 = CARTESIAN_POINT ( 'NONE',  ( -8.737410657868045050, 3.899999999996723865, 29.86604805221092818 ) ) ;
#1775 = CARTESIAN_POINT ( 'NONE',  ( -15.05365105222983857, 3.900191940396625423, 25.59652913707007116 ) ) ;
#1776 = CARTESIAN_POINT ( 'NONE',  ( -15.21327983522716032, 4.440302167000023559, 25.46545096677616726 ) ) ;
#1777 = CARTESIAN_POINT ( 'NONE',  ( -15.17232652196663345, 3.931258091241981667, 25.59025935097557536 ) ) ;
#1778 = ORIENTED_EDGE ( 'NONE', *, *, #6167, .T. ) ;
#1779 = CARTESIAN_POINT ( 'NONE',  ( -15.08149732621915717, 3.901920878244539814, 25.58333136624225190 ) ) ;
#1780 = CARTESIAN_POINT ( 'NONE',  ( -15.05084853613177742, 4.499835268418243217, 25.59206513898119795 ) ) ;
#1781 = CARTESIAN_POINT ( 'NONE',  ( -15.13518880608969930, 4.489166538520291461, 25.56266796658360363 ) ) ;
#1782 = CARTESIAN_POINT ( 'NONE',  ( -14.94762964290209517, 4.099999999999997868, 26.05109368708593820 ) ) ;
#1783 = CARTESIAN_POINT ( 'NONE',  ( -15.14846649548808344, 4.435771526806822074, 25.44763072075305388 ) ) ;
#1784 = CARTESIAN_POINT ( 'NONE',  ( -5.900018103692000082, 4.415077738680151853, 31.36854035698924292 ) ) ;
#1785 = CARTESIAN_POINT ( 'NONE',  ( -15.19056335780465616, 3.929851410887778673, 25.53421569388944334 ) ) ;
#1786 = CARTESIAN_POINT ( 'NONE',  ( -15.28973910407458092, 4.323242879570094566, 25.43552790536190500 ) ) ;
#1787 = CARTESIAN_POINT ( 'NONE',  ( -7.360303209499655885, 4.499999999999999112, 25.46308870969373928 ) ) ;
#1788 = CARTESIAN_POINT ( 'NONE',  ( -15.08038481820350185, 4.492702480662940978, 25.54391299379329539 ) ) ;
#1789 = CARTESIAN_POINT ( 'NONE',  ( -15.04136205888854683, 3.899999999999999023, 25.60037349240651849 ) ) ;
#1790 = CARTESIAN_POINT ( 'NONE',  ( -15.06868821562056837, 3.901132642317818089, 25.59683925399653859 ) ) ;
#1791 = CARTESIAN_POINT ( 'NONE',  ( -5.900018103691999194, 4.299999999999999822, 23.67301540326788611 ) ) ;
#1792 = CARTESIAN_POINT ( 'NONE',  ( -15.07570739077151245, 3.905190985687468697, 25.55257242957249630 ) ) ;
#1793 = CARTESIAN_POINT ( 'NONE',  ( -15.20057398112118463, 4.500000000000000000, 25.39669149607617271 ) ) ;
#1794 = CARTESIAN_POINT ( 'NONE',  ( -15.06158993400043578, 4.499077141335577679, 25.58033444192376393 ) ) ;
#1795 = CARTESIAN_POINT ( 'NONE',  ( -15.20670351318474189, 4.099999999999999645, 25.39725483900229364 ) ) ;
#1796 = CARTESIAN_POINT ( 'NONE',  ( -15.26833074025427273, 4.382456325379135542, 25.56152014549807205 ) ) ;
#1797 = CARTESIAN_POINT ( 'NONE',  ( -15.17562093288419334, 3.927272388379817514, 25.56826550119852826 ) ) ;
#1798 = CARTESIAN_POINT ( 'NONE',  ( -15.24888637514670187, 3.986735318701551289, 25.56452840930279535 ) ) ;
#1799 = CARTESIAN_POINT ( 'NONE',  ( -15.07082202901534274, 3.901147960449736996, 25.59286893342084923 ) ) ;
#1800 = CARTESIAN_POINT ( 'NONE',  ( -15.28238399666747327, 4.100000000000000533, 25.57591044774448363 ) ) ;
#1801 = CARTESIAN_POINT ( 'NONE',  ( -15.16513956083304038, 4.477184378941192477, 25.57199842032308013 ) ) ;
#1802 = CARTESIAN_POINT ( 'NONE',  ( -8.571563708583351371, 4.499999999998481215, 25.69985805436881066 ) ) ;
#1803 = CARTESIAN_POINT ( 'NONE',  ( -10.77544242402151831, 4.099999999997539391, 29.22011567959281919 ) ) ;
#1804 = CARTESIAN_POINT ( 'NONE',  ( -15.05046073925310779, 3.900100392550177375, 25.59619381035614794 ) ) ;
#1805 = CARTESIAN_POINT ( 'NONE',  ( -15.23876547263227721, 4.438981202635970291, 25.52609046994875897 ) ) ;
#1806 = CARTESIAN_POINT ( 'NONE',  ( -15.10376684598528207, 3.923757085476812012, 25.50136961351255849 ) ) ;
#1807 = CARTESIAN_POINT ( 'NONE',  ( -15.27929635896392035, 4.050862345030832756, 25.44147595791912053 ) ) ;
#1808 = EDGE_LOOP ( 'NONE', ( #6101, #6134, #1748 ) ) ;
#1809 = CARTESIAN_POINT ( 'NONE',  ( -15.08572199024507654, 3.902701349856880331, 25.59059709819746331 ) ) ;
#1810 = CARTESIAN_POINT ( 'NONE',  ( -15.05532675269434861, 4.499698964592544037, 25.58968790890897438 ) ) ;
#1811 = CARTESIAN_POINT ( 'NONE',  ( -15.13149535116458999, 4.490095657565810860, 25.56204313747208445 ) ) ;
#1812 = CARTESIAN_POINT ( 'NONE',  ( -5.900018103691999194, 4.500000000000000000, 23.67301540326788611 ) ) ;
#1813 = CARTESIAN_POINT ( 'NONE',  ( -15.22508837449281494, 4.450563819038287683, 25.53171494434523225 ) ) ;
#1814 = CARTESIAN_POINT ( 'NONE',  ( -5.900018103691998306, 4.483310831969260057, 31.26387293669221989 ) ) ;
#1815 = CARTESIAN_POINT ( 'NONE',  ( -15.19265512591305800, 3.934223848129466017, 25.55773481149545390 ) ) ;
#1816 = CARTESIAN_POINT ( 'NONE',  ( -15.29814519475843504, 4.327843188974776822, 25.52166447112555403 ) ) ;
#1817 = CARTESIAN_POINT ( 'NONE',  ( -5.900018103692000970, 4.309791131389366647, 23.67301540326789322 ) ) ;
#1818 = CARTESIAN_POINT ( 'NONE',  ( -15.09814546765227306, 4.495826453643365639, 25.58213362089343690 ) ) ;
#1819 = AXIS2_PLACEMENT_3D ( 'NONE', #53, #4021, #2003 ) ;
#1820 = CARTESIAN_POINT ( 'NONE',  ( -15.20339894043567952, 4.448569139815100826, 25.58833019467177294 ) ) ;
#1821 = CARTESIAN_POINT ( 'NONE',  ( -15.06180171820736469, 3.900612191145286456, 25.58546161807961639 ) ) ;
#1822 = CARTESIAN_POINT ( 'NONE',  ( -15.04136205888854683, 4.499999999999999112, 25.60037349240651849 ) ) ;
#1823 = CARTESIAN_POINT ( 'NONE',  ( -15.08551756481706008, 3.903194895653250729, 25.56580597161790536 ) ) ;
#1824 = CARTESIAN_POINT ( 'NONE',  ( -15.06883257560578038, 4.498696893067723579, 25.57741013887149251 ) ) ;
#1825 = CARTESIAN_POINT ( 'NONE',  ( -9.849114214595660499, 4.299999999999999822, 29.53781127491194525 ) ) ;
#1826 = CARTESIAN_POINT ( 'NONE',  ( -15.22809443865251744, 4.401092814391954100, 25.44055842197321127 ) ) ;
#1827 = CARTESIAN_POINT ( 'NONE',  ( -15.28536457389011005, 4.077201354657785437, 25.43035781672615414 ) ) ;
#1828 = CARTESIAN_POINT ( 'NONE',  ( -15.23794122465799283, 3.963721800236752468, 25.54225475431947601 ) ) ;
#1829 = CARTESIAN_POINT ( 'NONE',  ( -15.05883094662176269, 3.901803691456930512, 25.57214106881491134 ) ) ;
#1830 = CARTESIAN_POINT ( 'NONE',  ( -15.24333688232948525, 4.409516126147552839, 25.58305512393365788 ) ) ;
#1831 = CARTESIAN_POINT ( 'NONE',  ( -15.13536447998547096, 4.477975571584565273, 25.50620081051626897 ) ) ;
#1832 = CARTESIAN_POINT ( 'NONE',  ( -8.956270220507645874, 4.500000000000000888, 25.97366841785802549 ) ) ;
#1833 = CARTESIAN_POINT ( 'NONE',  ( -9.070830752985603596, 4.100000000000817657, 29.76283606056573561 ) ) ;
#1834 = CARTESIAN_POINT ( 'NONE',  ( -15.04429044608645327, 3.900047681121102450, 25.59565024069128469 ) ) ;
#1835 = CARTESIAN_POINT ( 'NONE',  ( -15.23980446819172663, 4.438637127786129177, 25.51669004620895365 ) ) ;
#1836 = CARTESIAN_POINT ( 'NONE',  ( -15.15643521360610002, 3.922350373391649825, 25.58707606006941049 ) ) ;
#1837 = CARTESIAN_POINT ( 'NONE',  ( -15.27806016202430683, 4.060672284226278350, 25.57668619960688616 ) ) ;
#1838 = CARTESIAN_POINT ( 'NONE',  ( -15.24128765708111644, 4.094923173488318469, 25.40336059815983205 ) ) ;
#1839 = CARTESIAN_POINT ( 'NONE',  ( -15.05147477272480572, 4.499870139216841203, 25.59794032105899575 ) ) ;
#1840 = CARTESIAN_POINT ( 'NONE',  ( -15.10728873284003448, 4.484920564861602621, 25.51983410144462638 ) ) ;
#1841 = CARTESIAN_POINT ( 'NONE',  ( -15.22863700831185163, 4.426389694434742061, 25.58516097645864917 ) ) ;
#1842 = CARTESIAN_POINT ( 'NONE',  ( -15.04229392226233841, 4.499999999999999112, 25.59959195503808260 ) ) ;
#1843 = CARTESIAN_POINT ( 'NONE',  ( -15.13471010510945014, 3.922392899444347325, 25.50524588862097275 ) ) ;
#1844 = CARTESIAN_POINT ( 'NONE',  ( -15.15299015282879047, 3.919094564616031562, 25.52249708068580958 ) ) ;
#1845 = ORIENTED_EDGE ( 'NONE', *, *, #473, .T. ) ;
#1846 = CARTESIAN_POINT ( 'NONE',  ( -15.27701803202017494, 4.323126218000825638, 25.42305311950156721 ) ) ;
#1847 = CARTESIAN_POINT ( 'NONE',  ( -15.32257206459683729, 4.099999999998171774, 25.41861086197148012 ) ) ;
#1848 = CARTESIAN_POINT ( 'NONE',  ( -15.09451777402181882, 4.495525244806649390, 25.56105449855147782 ) ) ;
#1849 = CARTESIAN_POINT ( 'NONE',  ( -15.04256152439163152, 3.899999999999999023, 25.60000152681502072 ) ) ;
#1850 = B_SPLINE_CURVE_WITH_KNOTS ( 'NONE', 3,
 ( #730, #1817, #3783, #2688, #294, #1724, #3239, #1247, #3211, #5201, #793, #1336, #3298, #2367, #4814, #6329, #3881, #4783, #4321, #6297, #5329, #4356 ),
 .UNSPECIFIED., .F., .F.,
 ( 4, 2, 2, 2, 2, 2, 2, 2, 2, 2, 4 ),
 ( 0.000000000000000000, 0.0007344949524286530128, 0.001101742428642979357, 0.001468989904857306026, 0.002203484857285958713, 0.002937979809714612051, 0.004406969714571697117, 0.005875959619428783483, 0.007344949524285868982, 0.008813939429142953613, 0.01175191923885744900 ),
 .UNSPECIFIED. ) ;
#1851 = CARTESIAN_POINT ( 'NONE',  ( -6.064644003928460592, 4.300000000001135803, 23.93535432334183710 ) ) ;
#1852 = CARTESIAN_POINT ( 'NONE',  ( -15.20247457931660229, 4.450551123830694955, 25.58532927231647847 ) ) ;
#1853 = CARTESIAN_POINT ( 'NONE',  ( -15.06067177743149443, 3.900435833058544244, 25.59093057720678033 ) ) ;
#1854 = FACE_OUTER_BOUND ( 'NONE', #4319, .T. ) ;
#1855 = CARTESIAN_POINT ( 'NONE',  ( -15.09066402865625101, 3.902975907306187597, 25.57669344748227402 ) ) ;
#1856 = CARTESIAN_POINT ( 'NONE',  ( -6.006956594538629624, 4.099999999999620393, 23.84690766991057131 ) ) ;
#1857 = CARTESIAN_POINT ( 'NONE',  ( -15.06760779931750527, 4.498550975248319261, 25.57544463928688927 ) ) ;
#1858 = CARTESIAN_POINT ( 'NONE',  ( -15.26912265405278468, 4.396491412782955521, 25.51940665980917444 ) ) ;
#1859 = CARTESIAN_POINT ( 'NONE',  ( -15.25164620169245211, 3.989927441001358766, 25.47245718846564699 ) ) ;
#1860 = CARTESIAN_POINT ( 'NONE',  ( -15.13975278981454586, 3.983804309589030090, 25.43192203065517276 ) ) ;
#1861 = CARTESIAN_POINT ( 'NONE',  ( -15.06458189110394841, 3.900831793889850907, 25.58262096995699153 ) ) ;
#1862 = CARTESIAN_POINT ( 'NONE',  ( -15.25130056244377386, 4.000799992999811039, 25.58097483155277985 ) ) ;
#1863 = CARTESIAN_POINT ( 'NONE',  ( -15.12659603622218718, 4.477828945054010745, 25.50429550269639023 ) ) ;
#1864 = CARTESIAN_POINT ( 'NONE',  ( -13.47176209485316534, 3.900000000000001688, 25.56874654393367052 ) ) ;
#1865 = CARTESIAN_POINT ( 'NONE',  ( -10.43624529885366492, 3.900000000007365575, 29.34872630383345182 ) ) ;
#1866 = CARTESIAN_POINT ( 'NONE',  ( -15.04496571231172908, 3.900079954932086590, 25.59433010893175009 ) ) ;
#1867 = CARTESIAN_POINT ( 'NONE',  ( -15.24192686798628316, 4.435604255443566402, 25.52487006785422707 ) ) ;
#1868 = CARTESIAN_POINT ( 'NONE',  ( -15.16406255535063963, 3.927082605645142888, 25.59105635147857782 ) ) ;
#1869 = EDGE_CURVE ( 'NONE', #2681, #5129, #3309, .T. ) ;
#1870 = CARTESIAN_POINT ( 'NONE',  ( -15.28814709624694501, 4.050883957678062863, 25.45654816105963292 ) ) ;
#1871 = CARTESIAN_POINT ( 'NONE',  ( -15.11556001088831813, 3.907485367711418078, 25.58040552855923266 ) ) ;
#1872 = CARTESIAN_POINT ( 'NONE',  ( -15.28473763005685981, 4.094616049482544540, 25.57040577888495747 ) ) ;
#1873 = CARTESIAN_POINT ( 'NONE',  ( -15.05311093701957681, 4.499547623507228700, 25.58601770404779785 ) ) ;
#1874 = CARTESIAN_POINT ( 'NONE',  ( -10.32247286132900577, 4.299999999999181810, 29.38814512361596343 ) ) ;
#1875 = CARTESIAN_POINT ( 'NONE',  ( -15.11952049212713334, 4.490881652496161891, 25.54229801301872982 ) ) ;
#1876 = CARTESIAN_POINT ( 'NONE',  ( -15.21212741724404260, 4.460842913963593226, 25.51669455260890018 ) ) ;
#1877 = CARTESIAN_POINT ( 'NONE',  ( -15.04268167847628135, 4.499999999999999112, 25.60022099948892205 ) ) ;
#1878 = CARTESIAN_POINT ( 'NONE',  ( -15.18090179145555041, 3.936034186588759365, 25.58940809288474938 ) ) ;
#1879 = CARTESIAN_POINT ( 'NONE',  ( -15.15879566580378324, 3.920526059821292097, 25.52212606860856781 ) ) ;
#1880 = CARTESIAN_POINT ( 'NONE',  ( -15.07271825726405545, 4.498352907924177302, 25.59888341763582886 ) ) ;
#1881 = EDGE_LOOP ( 'NONE', ( #5611, #1070, #1914 ) ) ;
#1882 = CARTESIAN_POINT ( 'NONE',  ( -15.17597595190006921, 4.320612472267687743, 25.39618832313658103 ) ) ;
#1883 = CARTESIAN_POINT ( 'NONE',  ( -15.16384842057095206, 4.099999999998171774, 25.39476484763619268 ) ) ;
#1884 = CARTESIAN_POINT ( 'NONE',  ( -15.09375062097517706, 4.495436641421824753, 25.55982546229313712 ) ) ;
#1885 = CARTESIAN_POINT ( 'NONE',  ( -15.04136205888854327, 3.899999999999998135, 25.60037349240651139 ) ) ;
#1886 = CARTESIAN_POINT ( 'NONE',  ( -15.19235511611786649, 4.468909295840794549, 25.53858950367200720 ) ) ;
#1887 = CARTESIAN_POINT ( 'NONE',  ( -15.06697715388789049, 3.900868701207726552, 25.59390446760305693 ) ) ;
#1888 = CARTESIAN_POINT ( 'NONE',  ( -14.68730031811252346, 3.900000000000000799, 26.04520382481362262 ) ) ;
#1889 = CARTESIAN_POINT ( 'NONE',  ( -15.07767439267592735, 3.904529025234311668, 25.55563339304595516 ) ) ;
#1890 = CARTESIAN_POINT ( 'NONE',  ( -5.901388503569572563, 3.899999999999999911, 23.67532026363752706 ) ) ;
#1891 = CARTESIAN_POINT ( 'NONE',  ( -15.07366738112230742, 4.498765725134710181, 25.58533237261572424 ) ) ;
#1892 = CARTESIAN_POINT ( 'NONE',  ( -15.18427190173452956, 3.997109981854947591, 25.42584477697604584 ) ) ;
#1893 = CARTESIAN_POINT ( 'NONE',  ( -15.24354322119440752, 3.987384769525930128, 25.57793394848480162 ) ) ;
#1894 = CARTESIAN_POINT ( 'NONE',  ( -15.05845928233118336, 3.901891394133961910, 25.57153350113765100 ) ) ;
#1895 = CARTESIAN_POINT ( 'NONE',  ( -15.20925047209764713, 4.444011709983040959, 25.58764062364645397 ) ) ;
#1896 = CARTESIAN_POINT ( 'NONE',  ( -5.923411739255292296, 4.500000000000000000, 23.71215335758721920 ) ) ;
#1897 = CARTESIAN_POINT ( 'NONE',  ( -15.11894833594294241, 4.458525387633214265, 25.47327507637222155 ) ) ;
#1898 = CARTESIAN_POINT ( 'NONE',  ( -5.962225148761701732, 3.899999999999997691, 31.36626672312710440 ) ) ;
#1899 = CARTESIAN_POINT ( 'NONE',  ( -15.18231268028803349, 4.428400888387724166, 25.44289952858349224 ) ) ;
#1900 = CARTESIAN_POINT ( 'NONE',  ( -15.14644628100210788, 3.913427491346097575, 25.55372804092193917 ) ) ;
#1901 = CARTESIAN_POINT ( 'NONE',  ( -15.29291216713400914, 4.054732182372942972, 25.52371712764312051 ) ) ;
#1902 = CARTESIAN_POINT ( 'NONE',  ( -15.28474489445209983, 4.099999999998172662, 25.57038884329048756 ) ) ;
#1903 = CARTESIAN_POINT ( 'NONE',  ( -15.06081887988491808, 4.499405724091303682, 25.59875600266224183 ) ) ;
#1904 = CARTESIAN_POINT ( 'NONE',  ( -10.99910720310678514, 4.299999999999998046, 29.12531424309428729 ) ) ;
#1905 = CARTESIAN_POINT ( 'NONE',  ( -15.11138853307526020, 4.488472728889386865, 25.53037316670677015 ) ) ;
#1906 = CARTESIAN_POINT ( 'NONE',  ( -12.63582181036134955, 4.099999999999999645, 28.15752788531170481 ) ) ;
#1907 = CARTESIAN_POINT ( 'NONE',  ( -15.06028245497642004, 3.899999999999999467, 25.57010067370268658 ) ) ;
#1908 = CARTESIAN_POINT ( 'NONE',  ( -15.22816508363400700, 4.428928372265194646, 25.58142950639909330 ) ) ;
#1909 =( BOUNDED_SURFACE ( )  B_SPLINE_SURFACE ( 3, 2, ( 
 ( #453, #1973, #3419 ),
 ( #1489, #2999, #5382 ),
 ( #2938, #5800, #506 ),
 ( #4933, #3874, #2447 ),
 ( #4433, #3449, #2966 ),
 ( #560, #2395, #534 ),
 ( #2506, #50, #4351 ),
 ( #3843, #1395, #6324 ),
 ( #5836, #3390, #1430 ),
 ( #2643, #6097, #4644 ),
 ( #158, #3620, #3588 ),
 ( #5583, #5617, #1213 ),
 ( #5135, #258, #2204 ),
 ( #6141, #3689, #5651 ),
 ( #3208, #2964, #1545 ),
 ( #557, #5891, #4460 ),
 ( #2445, #4959, #3871 ),
 ( #2996, #2029, #5436 ),
 ( #1514, #3387, #3417 ),
 ( #5833, #4431, #1427 ),
 ( #2503, #4871, #79 ),
 ( #4931, #3985, #4405 ),
 ( #945, #5865, #4378 ),
 ( #1907, #5468, #4348 ),
 ( #5952, #2473, #20 ),
 ( #3474, #6350, #1030 ),
 ( #5351, #3511, #1971 ),
 ( #1064, #3906, #4992 ),
 ( #590, #1999, #1455 ),
 ( #6321, #2908, #478 ),
 ( #3930, #5380, #2420 ),
 ( #1000, #1943, #5408 ),
 ( #974, #1487, #2936 ),
 ( #4902, #504, #3447 ),
 ( #48, #532, #3955 ),
 ( #5920, #5570, #3576 ),
 ( #5158, #2194, #4121 ),
 ( #685, #4087, #1099 ),
 ( #4633, #1616, #2640 ),
 ( #112, #6017, #3609 ),
 ( #2570, #6057, #3643 ),
 ( #2062, #3677, #4528 ),
 ( #4598, #2675, #144 ),
 ( #1647, #5124, #3124 ),
 ( #1168, #4153, #213 ),
 ( #4052, #717, #1580 ),
 ( #4017, #247, #6129 ),
 ( #651, #3545, #5088 ),
 ( #5537, #3059, #1134 ),
 ( #5606, #2162, #3091 ),
 ( #5501, #1713, #6094 ),
 ( #5639, #1234, #3197 ),
 ( #5055, #1680, #2537 ),
 ( #5983, #4493, #2604 ),
 ( #4564, #5024, #179 ),
 ( #620, #2098, #2129 ),
 ( #1201, #3160, #843 ),
 ( #6246, #782, #1803 ),
 ( #4701, #2742, #1384 ),
 ( #6161, #1865, #3345 ),
 ( #3769, #5671, #1744 ),
 ( #2707, #5222, #1350 ),
 ( #2260, #1322, #1294 ),
 ( #813, #872, #752 ),
 ( #4304, #3712, #2833 ),
 ( #2802, #283, #1833 ),
 ( #5731, #3258, #313 ),
 ( #4668, #1774, #1263 ),
 ( #2227, #4733, #3284 ),
 ( #3798, #4183, #5757 ),
 ( #3314, #2322, #4211 ),
 ( #5248, #3228, #4272 ),
 ( #5279, #4799, #6191 ),
 ( #3742, #6278, #4764 ),
 ( #408, #5704, #378 ),
 ( #2773, #2352, #342 ),
 ( #3830, #5787, #5188 ),
 ( #2286, #4241, #6216 ),
 ( #5451, #2867, #3378 ),
 ( #2010, #3967, #61 ),
 ( #1528, #5343, #4942 ),
 ( #938, #1898, #4974 ),
 ( #2900, #542, #2518 ),
 ( #441, #1045, #5935 ),
 ( #1418, #2484, #4474 ),
 ( #3863, #96, #3490 ),
 ( #2383, #3013, #5314 ),
 ( #4338, #907, #4444 ),
 ( #4832, #5825, #6312 ),
 ( #5716, #6173, #5172 ) ),
 .UNSPECIFIED., .F., .F., .T. ) 
 B_SPLINE_SURFACE_WITH_KNOTS ( ( 4, 2, 2, 2, 2, 2, 2, 2, 2, 2, 2, 2, 2, 2, 2, 2, 2, 2, 2, 2, 2, 2, 2, 2, 2, 2, 2, 2, 2, 2, 2, 2, 2, 2, 2, 2, 2, 2, 2, 2, 2, 2, 2, 2, 4 ),
 ( 3, 3 ),
 ( 0.04518918162788516241, 0.04636082107662262142, 0.04643404854216871130, 0.04647066227494175972, 0.04647981570813501662, 0.04648896914132828045, 0.04650727600771480119, 0.04665373093880698790, 0.04694664080099135439, 0.04753246052536008737, 0.04811828024972882034, 0.04870409997409755332, 0.04987573942283501927, 0.05221901832030995116, 0.05456229721778488306, 0.05924885501273474686, 0.06393541280768461066, 0.07330852839758433825, 0.08268164398748406585, 0.09205475957738379345, 0.1014278751672835210, 0.1201741063470829624, 0.1295472219369826761, 0.1389203375268824037, 0.1482934531167821313, 0.1576665687066818589, 0.1764127998864813140, 0.1857859154763810416, 0.1951590310662807692, 0.2045321466561804691, 0.2139052622460801967, 0.2326514934258796519, 0.2420246090157793795, 0.2513977246056791071, 0.2607708401955788347, 0.2701439557854785622, 0.2888901869652780174, 0.3076364181450774726, 0.3263826493248769278, 0.3357557649147766554, 0.3404423227097265192, 0.3427856016072014511, 0.3433714213315701702, 0.3439572410559389448, 0.3451288805046763830 ),
 ( 0.000000000000000000, 1.000000000000000000 ),
 .UNSPECIFIED. ) 
 GEOMETRIC_REPRESENTATION_ITEM ( )  RATIONAL_B_SPLINE_SURFACE ( (
 ( 1.000000000000000000, 0.7071067811865501263, 1.000000000000000000),
 ( 1.000000000000000000, 0.7071067811865501263, 1.000000000000000000),
 ( 1.000000000000000000, 0.7071067811865465735, 1.000000000000000000),
 ( 1.000000000000000000, 0.7071067811865465735, 1.000000000000000000),
 ( 1.000000000000000000, 0.7071067811865429098, 1.000000000000000000),
 ( 1.000000000000000000, 0.7071067811865429098, 1.000000000000000000),
 ( 1.000000000000000000, 0.7071067811865429098, 1.000000000000000000),
 ( 1.000000000000000000, 0.7071067811865429098, 1.000000000000000000),
 ( 1.000000000000000000, 0.7071067811865501263, 1.000000000000000000),
 ( 1.000000000000000000, 0.7071067811865501263, 1.000000000000000000),
 ( 1.000000000000000000, 0.7071067811865465735, 1.000000000000000000),
 ( 1.000000000000000000, 0.7071067811865465735, 1.000000000000000000),
 ( 1.000000000000000000, 0.7071067811865465735, 1.000000000000000000),
 ( 1.000000000000000000, 0.7071067811865465735, 1.000000000000000000),
 ( 1.000000000000000000, 0.7071067811865400232, 1.000000000000000000),
 ( 1.000000000000000000, 0.7071067811865400232, 1.000000000000000000),
 ( 1.000000000000000000, 0.7071067811865494601, 1.000000000000000000),
 ( 1.000000000000000000, 0.7071067811865494601, 1.000000000000000000),
 ( 1.000000000000000000, 0.7071067811865465735, 1.000000000000000000),
 ( 1.000000000000000000, 0.7071067811865465735, 1.000000000000000000),
 ( 1.000000000000000000, 0.7071067811865431318, 1.000000000000000000),
 ( 1.000000000000000000, 0.7071067811865431318, 1.000000000000000000),
 ( 1.000000000000000000, 0.7071067811865465735, 1.000000000000000000),
 ( 1.000000000000000000, 0.7071067811865465735, 1.000000000000000000),
 ( 1.000000000000000000, 0.7071067811865497932, 1.000000000000000000),
 ( 1.000000000000000000, 0.7071067811865497932, 1.000000000000000000),
 ( 1.000000000000000000, 0.7071067811865465735, 1.000000000000000000),
 ( 1.000000000000000000, 0.7071067811865465735, 1.000000000000000000),
 ( 1.000000000000000000, 0.7071067811865484609, 1.000000000000000000),
 ( 1.000000000000000000, 0.7071067811865484609, 1.000000000000000000),
 ( 1.000000000000000000, 0.7071067811865465735, 1.000000000000000000),
 ( 1.000000000000000000, 0.7071067811865465735, 1.000000000000000000),
 ( 1.000000000000000000, 0.7071067811865465735, 1.000000000000000000),
 ( 1.000000000000000000, 0.7071067811865465735, 1.000000000000000000),
 ( 1.000000000000000000, 0.7071067811865519026, 1.000000000000000000),
 ( 1.000000000000000000, 0.7071067811865519026, 1.000000000000000000),
 ( 1.000000000000000000, 0.7071067811865484609, 1.000000000000000000),
 ( 1.000000000000000000, 0.7071067811865484609, 1.000000000000000000),
 ( 1.000000000000000000, 0.7071067811865484609, 1.000000000000000000),
 ( 1.000000000000000000, 0.7071067811865484609, 1.000000000000000000),
 ( 1.000000000000000000, 0.7071067811865484609, 1.000000000000000000),
 ( 1.000000000000000000, 0.7071067811865484609, 1.000000000000000000),
 ( 1.000000000000000000, 0.7071067811865406894, 1.000000000000000000),
 ( 1.000000000000000000, 0.7071067811865406894, 1.000000000000000000),
 ( 1.000000000000000000, 0.7071067811865525687, 1.000000000000000000),
 ( 1.000000000000000000, 0.7071067811865525687, 1.000000000000000000),
 ( 1.000000000000000000, 0.7071067811865465735, 1.000000000000000000),
 ( 1.000000000000000000, 0.7071067811865465735, 1.000000000000000000),
 ( 1.000000000000000000, 0.7071067811865484609, 1.000000000000000000),
 ( 1.000000000000000000, 0.7071067811865484609, 1.000000000000000000),
 ( 1.000000000000000000, 0.7071067811865420216, 1.000000000000000000),
 ( 1.000000000000000000, 0.7071067811865420216, 1.000000000000000000),
 ( 1.000000000000000000, 0.7071067811865398012, 1.000000000000000000),
 ( 1.000000000000000000, 0.7071067811865398012, 1.000000000000000000),
 ( 1.000000000000000000, 0.7071067811865465735, 1.000000000000000000),
 ( 1.000000000000000000, 0.7071067811865465735, 1.000000000000000000),
 ( 1.000000000000000000, 0.7071067811865465735, 1.000000000000000000),
 ( 1.000000000000000000, 0.7071067811865465735, 1.000000000000000000),
 ( 1.000000000000000000, 0.7071067811865465735, 1.000000000000000000),
 ( 1.000000000000000000, 0.7071067811865465735, 1.000000000000000000),
 ( 1.000000000000000000, 0.7071067811865465735, 1.000000000000000000),
 ( 1.000000000000000000, 0.7071067811865465735, 1.000000000000000000),
 ( 1.000000000000000000, 0.7071067811865465735, 1.000000000000000000),
 ( 1.000000000000000000, 0.7071067811865465735, 1.000000000000000000),
 ( 1.000000000000000000, 0.7071067811865465735, 1.000000000000000000),
 ( 1.000000000000000000, 0.7071067811865465735, 1.000000000000000000),
 ( 1.000000000000000000, 0.7071067811865471286, 1.000000000000000000),
 ( 1.000000000000000000, 0.7071067811865471286, 1.000000000000000000),
 ( 1.000000000000000000, 0.7071067811865484609, 1.000000000000000000),
 ( 1.000000000000000000, 0.7071067811865484609, 1.000000000000000000),
 ( 1.000000000000000000, 0.7071067811865465735, 1.000000000000000000),
 ( 1.000000000000000000, 0.7071067811865465735, 1.000000000000000000),
 ( 1.000000000000000000, 0.7071067811865465735, 1.000000000000000000),
 ( 1.000000000000000000, 0.7071067811865465735, 1.000000000000000000),
 ( 1.000000000000000000, 0.7071067811865561215, 1.000000000000000000),
 ( 1.000000000000000000, 0.7071067811865561215, 1.000000000000000000),
 ( 1.000000000000000000, 0.7071067811865465735, 1.000000000000000000),
 ( 1.000000000000000000, 0.7071067811865465735, 1.000000000000000000),
 ( 1.000000000000000000, 0.7071067811865546782, 1.000000000000000000),
 ( 1.000000000000000000, 0.7071067811865546782, 1.000000000000000000),
 ( 1.000000000000000000, 0.7071067811865465735, 1.000000000000000000),
 ( 1.000000000000000000, 0.7071067811865465735, 1.000000000000000000),
 ( 1.000000000000000000, 0.7071067811865475727, 1.000000000000000000),
 ( 1.000000000000000000, 0.7071067811865475727, 1.000000000000000000),
 ( 1.000000000000000000, 0.7071067811865404673, 1.000000000000000000),
 ( 1.000000000000000000, 0.7071067811865404673, 1.000000000000000000),
 ( 1.000000000000000000, 0.7071067811865465735, 1.000000000000000000),
 ( 1.000000000000000000, 0.7071067811865465735, 1.000000000000000000),
 ( 1.000000000000000000, 0.7071067811865404673, 1.000000000000000000),
 ( 1.000000000000000000, 0.7071067811865404673, 1.000000000000000000) ) ) 
 REPRESENTATION_ITEM ( '' )  SURFACE ( )  );
#1910 = CARTESIAN_POINT ( 'NONE',  ( -15.04346866359577284, 4.499995509134113725, 25.59917427314700333 ) ) ;
#1911 = FACE_OUTER_BOUND ( 'NONE', #1551, .T. ) ;
#1912 = CARTESIAN_POINT ( 'NONE',  ( -15.13634284571177879, 3.921580184595477636, 25.50737465842735574 ) ) ;
#1913 = CARTESIAN_POINT ( 'NONE',  ( -15.13591966197553162, 3.929457666477531141, 25.49143144451328169 ) ) ;
#1914 = ORIENTED_EDGE ( 'NONE', *, *, #1283, .F. ) ;
#1915 = CARTESIAN_POINT ( 'NONE',  ( -15.29631385923442721, 4.329665222661927437, 25.45236598357003999 ) ) ;
#1916 = DIRECTION ( 'NONE',  ( 1.000000000000000000, -0.000000000000000000, -1.411534255948957224E-16 ) ) ;
#1917 = CARTESIAN_POINT ( 'NONE',  ( -8.665753498351572048, 3.899999999999997691, 29.67898639341984790 ) ) ;
#1918 = CARTESIAN_POINT ( 'NONE',  ( -15.09017219514442587, 4.495608157939511962, 25.55915877629743704 ) ) ;
#1919 = CARTESIAN_POINT ( 'NONE',  ( -6.220286281595153177, 4.100000000000001421, 24.15740654617447092 ) ) ;
#1920 = CARTESIAN_POINT ( 'NONE',  ( -5.752224268517096561, 4.499999999999999112, 23.81557249536315624 ) ) ;
#1921 = CARTESIAN_POINT ( 'NONE',  ( -15.17494359178246022, 4.475281677680167824, 25.52108417542585883 ) ) ;
#1922 = CARTESIAN_POINT ( 'NONE',  ( -12.94420666178322676, 3.899999999999999023, 27.66571616696636227 ) ) ;
#1923 = B_SPLINE_CURVE_WITH_KNOTS ( 'NONE', 3,
 ( #3305, #6179, #1760, #5691, #1281, #3245, #5208, #801, #4721, #1917, #5792, #901, #1929, #5817, #1412, #5273, #1958, #3405, #4793, #6, #4909, #5386, #2942, #2450, #4293, #6302, #927, #6333, #1922, #4359, #429, #3399, #3853, #5333, #4788, #4819, #3427, #1888, #3916, #3886, #487, #4389, #5361, #3335, #5302, #896 ),
 .UNSPECIFIED., .F., .F.,
 ( 4, 2, 2, 2, 2, 2, 2, 2, 2, 2, 2, 2, 2, 2, 2, 2, 2, 2, 2, 2, 2, 2, 4 ),
 ( 0.000000000000000000, 0.03416407752799410086, 0.05124611629199112700, 0.06832815505598814620, 0.07686917443798671479, 0.08541019381998528337, 0.1024922325839823373, 0.1195742713479794744, 0.1281152907299780985, 0.1366563101119767087, 0.1451973294939753190, 0.1537383488759739569, 0.1708203876399708721, 0.1879024264039678149, 0.2049844651679647300, 0.2220665039319616452, 0.2391485426959586158, 0.2476895620779570040, 0.2562305814599554199, 0.2647716008419538358, 0.2690421105329531826, 0.2711773653784528837, 0.2733126202239525848 ),
 .UNSPECIFIED. ) ;
#1924 = CARTESIAN_POINT ( 'NONE',  ( -15.09517157317461411, 3.904869848762383633, 25.59708683074273239 ) ) ;
#1925 = CARTESIAN_POINT ( 'NONE',  ( -5.868285427127010401, 4.099999999999999645, 23.61964456616255958 ) ) ;
#1926 = CARTESIAN_POINT ( 'NONE',  ( -15.07371934951276060, 4.498378915930460131, 25.57557519210544683 ) ) ;
#1927 = CARTESIAN_POINT ( 'NONE',  ( -15.25939876179353938, 4.010160252512833701, 25.57552209566787127 ) ) ;
#1928 = CARTESIAN_POINT ( 'NONE',  ( -15.10532461287951378, 4.499999999999999112, 25.47949385122923616 ) ) ;
#1929 = CARTESIAN_POINT ( 'NONE',  ( -9.319388119539905091, 3.899999999999999467, 29.48265460093809409 ) ) ;
#1930 = CARTESIAN_POINT ( 'NONE',  ( -15.09644568667757625, 3.903958484015402686, 25.56921562425356242 ) ) ;
#1931 = CARTESIAN_POINT ( 'NONE',  ( -15.14226023055501535, 3.989586931790118918, 25.42791006970448819 ) ) ;
#1932 = CARTESIAN_POINT ( 'NONE',  ( -15.06491469993871313, 3.900813268659186761, 25.58315525354927544 ) ) ;
#1933 = CARTESIAN_POINT ( 'NONE',  ( -15.27086109961875415, 4.038092514240438469, 25.57792142592486684 ) ) ;
#1934 = CARTESIAN_POINT ( 'NONE',  ( -15.11766878727843988, 4.463868927689077282, 25.48062758998292665 ) ) ;
#1935 = CARTESIAN_POINT ( 'NONE',  ( -15.00505802246527232, 3.899999999999999467, 25.60332050816107952 ) ) ;
#1936 = CARTESIAN_POINT ( 'NONE',  ( -15.21950142613937551, 4.436754906937883547, 25.46622809400553678 ) ) ;
#1937 = CARTESIAN_POINT ( 'NONE',  ( -15.15596432755208411, 3.918952681913420388, 25.57277777249775497 ) ) ;
#1938 = CARTESIAN_POINT ( 'NONE',  ( -15.29503346092452354, 4.052251007551305406, 25.49014151808423634 ) ) ;
#1939 = CARTESIAN_POINT ( 'NONE',  ( -15.11953758780602897, 3.909274107533472709, 25.58745703022423612 ) ) ;
#1940 = CARTESIAN_POINT ( 'NONE',  ( -15.29131153898565643, 4.099999999998172662, 25.55360801935770709 ) ) ;
#1941 = CARTESIAN_POINT ( 'NONE',  ( -15.12906520575043956, 4.489632626291914619, 25.54084351630360317 ) ) ;
#1942 = CARTESIAN_POINT ( 'NONE',  ( -5.882222397437399053, 4.299999999999999822, 23.64308500210102082 ) ) ;
#1943 = CARTESIAN_POINT ( 'NONE',  ( -14.94590007741025417, 3.900000000001223377, 26.05316504353199747 ) ) ;
#1944 = CARTESIAN_POINT ( 'NONE',  ( -15.22146809376462251, 4.453261867785580641, 25.49738587598888984 ) ) ;
#1945 = FACE_OUTER_BOUND ( 'NONE', #4465, .T. ) ;
#1946 = CARTESIAN_POINT ( 'NONE',  ( -5.900018103691999194, 3.899999999999999911, 24.04854385460160771 ) ) ;
#1947 = CARTESIAN_POINT ( 'NONE',  ( -15.15711833963196220, 3.920733327934785795, 25.51955850220495847 ) ) ;
#1948 = CARTESIAN_POINT ( 'NONE',  ( -15.12271229992394694, 3.952670244571017122, 25.45989926885178178 ) ) ;
#1949 = CARTESIAN_POINT ( 'NONE',  ( -15.27530701872809971, 4.305237734518875037, 25.41723847505901901 ) ) ;
#1950 = CARTESIAN_POINT ( 'NONE',  ( -15.10060456846598953, 4.495531693463688860, 25.57098052001076383 ) ) ;
#1951 = CARTESIAN_POINT ( 'NONE',  ( -11.19072504899044063, 4.099999999999998757, 25.79124074909507769 ) ) ;
#1952 = CARTESIAN_POINT ( 'NONE',  ( -15.16943139489308479, 4.475090692035041506, 25.51251004151824375 ) ) ;
#1953 = CARTESIAN_POINT ( 'NONE',  ( -5.900018103691995641, 4.100000000000001421, 23.67301540326787901 ) ) ;
#1954 = CARTESIAN_POINT ( 'NONE',  ( -5.892677167663570970, 3.899999999999999911, 23.66066876430184607 ) ) ;
#1955 = CARTESIAN_POINT ( 'NONE',  ( -15.06719733420683482, 4.498492639794291037, 25.57478891837338608 ) ) ;
#1956 = CARTESIAN_POINT ( 'NONE',  ( -15.22583571379712808, 3.980513161501678887, 25.45384494139818443 ) ) ;
#1957 = CARTESIAN_POINT ( 'NONE',  ( -15.27780088147783388, 4.499999999999787725, 25.58668188405680155 ) ) ;
#1958 = CARTESIAN_POINT ( 'NONE',  ( -10.40588271659151509, 3.899999999999999467, 29.14710612481110630 ) ) ;
#1959 = CARTESIAN_POINT ( 'NONE',  ( -15.08925557236572246, 3.904583041370822905, 25.55746771907427473 ) ) ;
#1960 = CARTESIAN_POINT ( 'NONE',  ( -15.20521961491371421, 3.950940208955282529, 25.47041761230566337 ) ) ;
#1961 = CARTESIAN_POINT ( 'NONE',  ( -15.05734398645682326, 3.901503955279627345, 25.57457481869827731 ) ) ;
#1962 = CARTESIAN_POINT ( 'NONE',  ( -15.16696265600457849, 4.478964817055869574, 25.54942293748668902 ) ) ;
#1963 = CARTESIAN_POINT ( 'NONE',  ( -14.95099249029475885, 3.899999999999999467, 25.60802597542086190 ) ) ;
#1964 = CARTESIAN_POINT ( 'NONE',  ( -15.20803656701027329, 4.429903740768410536, 25.45250730262938177 ) ) ;
#1965 = CARTESIAN_POINT ( 'NONE',  ( -15.12558551080535985, 3.908726422179752635, 25.55205387700858566 ) ) ;
#1966 = CARTESIAN_POINT ( 'NONE',  ( -15.22986387939458552, 4.013683952802446164, 25.43147569010052678 ) ) ;
#1967 = CARTESIAN_POINT ( 'NONE',  ( -15.24708898927550571, 4.099999999998174438, 25.40495278123151834 ) ) ;
#1968 = CARTESIAN_POINT ( 'NONE',  ( -11.27475806299011474, 4.500000000001240785, 28.99569133114637864 ) ) ;
#1969 = CARTESIAN_POINT ( 'NONE',  ( -15.10853610607961528, 4.479607908442067021, 25.50776570390998188 ) ) ;
#1970 = CARTESIAN_POINT ( 'NONE',  ( -5.724252382984091447, 4.499999999999999112, 23.76874084101799411 ) ) ;
#1971 = CARTESIAN_POINT ( 'NONE',  ( -15.17656713086145714, 4.100000000000614264, 25.75856097726080307 ) ) ;
#1972 = CARTESIAN_POINT ( 'NONE',  ( -15.19980199309482138, 4.454787522124252774, 25.47620838927842257 ) ) ;
#1973 = CARTESIAN_POINT ( 'NONE',  ( -15.31122322312429063, 3.900000000000001688, 25.49380076608610679 ) ) ;
#1974 = CARTESIAN_POINT ( 'NONE',  ( -15.14903323801605239, 3.917415820200373044, 25.52532218623451143 ) ) ;
#1975 = CARTESIAN_POINT ( 'NONE',  ( -15.15196831056210236, 3.921913189814174583, 25.51207329882253561 ) ) ;
#1976 = CARTESIAN_POINT ( 'NONE',  ( -15.09182323564282413, 3.917858447910569364, 25.51292480302059573 ) ) ;
#1977 = CARTESIAN_POINT ( 'NONE',  ( -15.30637815175749594, 4.305241397914038259, 25.46625186114907535 ) ) ;
#1978 = CARTESIAN_POINT ( 'NONE',  ( -15.11107439430509380, 4.493600392953411848, 25.57793957056742684 ) ) ;
#1979 = CARTESIAN_POINT ( 'NONE',  ( -5.954052371216426387, 4.099999999999998757, 23.76389503909833678 ) ) ;
#1980 = CARTESIAN_POINT ( 'NONE',  ( -15.17140236216034488, 4.464542288272669524, 25.48465204408315898 ) ) ;
#1981 = CARTESIAN_POINT ( 'NONE',  ( -5.731223328748396462, 3.899999999999999467, 23.78046149235725082 ) ) ;
#1982 = CARTESIAN_POINT ( 'NONE',  ( -15.07276735895573871, 4.497759724116257907, 25.56924611223479360 ) ) ;
#1983 = CARTESIAN_POINT ( 'NONE',  ( -15.04528035046041445, 3.900023916607736396, 25.59737638175351293 ) ) ;
#1984 = CARTESIAN_POINT ( 'NONE',  ( -15.23874776081428450, 3.978034488080540054, 25.46865330235938885 ) ) ;
#1985 = CARTESIAN_POINT ( 'NONE',  ( -15.24534444157747082, 4.499999999999997335, 25.64958860014772668 ) ) ;
#1986 = CARTESIAN_POINT ( 'NONE',  ( -15.09142310794877240, 3.904216769593953362, 25.56096405764587942 ) ) ;
#1987 = CARTESIAN_POINT ( 'NONE',  ( -15.23373077339991610, 3.978435982062122456, 25.58339800478863424 ) ) ;
#1988 = CARTESIAN_POINT ( 'NONE',  ( -15.18414465918291967, 4.462582334265040807, 25.58762900268768092 ) ) ;
#1989 = CARTESIAN_POINT ( 'NONE',  ( -14.14143266964239487, 3.900000000000000355, 25.69360900810109882 ) ) ;
#1990 = CARTESIAN_POINT ( 'NONE',  ( -15.21140484542951654, 4.431228102286389969, 25.45539722026359897 ) ) ;
#1991 = CARTESIAN_POINT ( 'NONE',  ( -15.15066065689544494, 3.918528534682718334, 25.58114042811750011 ) ) ;
#1992 = CARTESIAN_POINT ( 'NONE',  ( -15.15920778946992975, 4.024698287866920410, 25.40932625288119695 ) ) ;
#1993 = CARTESIAN_POINT ( 'NONE',  ( -15.08276804924508241, 3.907744196747905630, 25.54225336463036200 ) ) ;
#1994 = CARTESIAN_POINT ( 'NONE',  ( -15.30567200577586284, 4.089237396641680178, 25.46597907638229685 ) ) ;
#1995 = CARTESIAN_POINT ( 'NONE',  ( -15.07915841450007655, 3.901700311458872417, 25.58438112370076212 ) ) ;
#1996 = CARTESIAN_POINT ( 'NONE',  ( -6.192019753958635242, 4.499999999999999112, 30.94548129146425453 ) ) ;
#1997 = CARTESIAN_POINT ( 'NONE',  ( -15.14263798307317721, 4.486965018233944669, 25.56423697207302226 ) ) ;
#1998 = CARTESIAN_POINT ( 'NONE',  ( -11.09330434690827083, 4.100000000000000533, 29.08200328692314329 ) ) ;
#1999 = CARTESIAN_POINT ( 'NONE',  ( -15.12028566057640333, 3.899999999999796074, 25.83663597596383354 ) ) ;
#2000 = CARTESIAN_POINT ( 'NONE',  ( -15.16035377598750955, 4.424886465233938360, 25.43841185699390550 ) ) ;
#2001 = CARTESIAN_POINT ( 'NONE',  ( -6.400893758379112342, 3.899999999999999467, 24.69616104256201083 ) ) ;
#2002 = CARTESIAN_POINT ( 'NONE',  ( -15.17087587951096772, 3.925060618090030484, 25.56928546192022011 ) ) ;
#2003 = DIRECTION ( 'NONE',  ( 0.000000000000000000, 0.000000000000000000, -1.000000000000000000 ) ) ;
#2004 = CARTESIAN_POINT ( 'NONE',  ( -15.29316939536765574, 4.305246526667307450, 25.54844275384912322 ) ) ;
#2005 = CARTESIAN_POINT ( 'NONE',  ( -15.10795527058194132, 4.494372267009844713, 25.56726902654007461 ) ) ;
#2006 = CARTESIAN_POINT ( 'NONE',  ( -10.24558756080325495, 4.099999999999998757, 25.83525179449662090 ) ) ;
#2007 = CARTESIAN_POINT ( 'NONE',  ( -15.13005234473989624, 4.443548958657708603, 25.45559796713519773 ) ) ;
#2008 = CARTESIAN_POINT ( 'NONE',  ( -6.182996350731670532, 3.899999999999999467, 24.44348536273477634 ) ) ;
#2009 = CARTESIAN_POINT ( 'NONE',  ( -15.07810841210597275, 4.497477752695277609, 25.56821600951618478 ) ) ;
#2010 = CARTESIAN_POINT ( 'NONE',  ( -5.956662456082916890, 3.900000000000000355, 31.11897860715109942 ) ) ;
#2011 = CARTESIAN_POINT ( 'NONE',  ( -15.04564019516272566, 3.900051920775244874, 25.59554910963475649 ) ) ;
#2012 = CARTESIAN_POINT ( 'NONE',  ( -15.25396844515349848, 4.071563142109682509, 25.41233284821207405 ) ) ;
#2013 = CARTESIAN_POINT ( 'NONE',  ( -15.29518737425540920, 4.299999999999999822, 25.54235983442141844 ) ) ;
#2014 = AXIS2_PLACEMENT_3D ( 'NONE', #2182, #5595, #4622 ) ;
#2015 = CARTESIAN_POINT ( 'NONE',  ( -15.23172919188527885, 3.966287680094694235, 25.56411627616404658 ) ) ;
#2016 = CARTESIAN_POINT ( 'NONE',  ( -15.06003922077820967, 3.901141218792561371, 25.57776435856345287 ) ) ;
#2017 = CARTESIAN_POINT ( 'NONE',  ( -15.05855800124866128, 4.499629667744875050, 25.59501480871077561 ) ) ;
#2018 = CARTESIAN_POINT ( 'NONE',  ( -15.17432827822315566, 4.474098692563552859, 25.56439823427132652 ) ) ;
#2019 = CARTESIAN_POINT ( 'NONE',  ( -15.18236584153024538, 3.899999999999999467, 25.59586038040687583 ) ) ;
#2020 = CARTESIAN_POINT ( 'NONE',  ( -15.19634502218875660, 4.427549706729543288, 25.44593341909121520 ) ) ;
#2021 = CARTESIAN_POINT ( 'NONE',  ( -15.12768930354392438, 3.908973330705133531, 25.55565214747694114 ) ) ;
#2022 = CARTESIAN_POINT ( 'NONE',  ( -15.25725407030615877, 4.009523550530390779, 25.45619305634134832 ) ) ;
#2023 = CARTESIAN_POINT ( 'NONE',  ( -15.04516439039516484, 4.499974998303350127, 25.59718066044493057 ) ) ;
#2024 = CARTESIAN_POINT ( 'NONE',  ( -15.22111536930784226, 3.966567421945855987, 25.46359216506603929 ) ) ;
#2025 = CARTESIAN_POINT ( 'NONE',  ( -7.982253405739595742, 4.499999999996744826, 30.14495332679604189 ) ) ;
#2026 = CARTESIAN_POINT ( 'NONE',  ( -15.13388913705717620, 4.489630707409150823, 25.54861782499409628 ) ) ;
#2027 = CARTESIAN_POINT ( 'NONE',  ( -6.281185096809386970, 4.099999999999999645, 31.11735169246917110 ) ) ;
#2028 = B_SPLINE_SURFACE_WITH_KNOTS ( 'NONE', 3, 3, ( 
 ( #6113, #2308, #265, #3242, #2726, #1727, #2210, #4136, #1250, #2692, #1698, #3661, #5688, #5205, #5175, #6234, #4686, #1822, #798, #298, #2244, #2758, #4718, #2275, #4229, #4314, #3389, #5741, #3325, #2879 ),
 ( #4282, #947, #5324, #389, #452, #3809, #3358, #2422, #2812, #6291, #1842, #2331, #4380, #5353, #918, #4252, #5799, #4809, #1332, #1394, #5835, #6256, #4843, #5768, #2296, #1362, #1877, #2394, #853, #419 ),
 ( #4743, #5290, #353, #883, #6225, #6323, #3293, #2844, #4776, #2362, #3873, #2910, #3842, #5259, #4350, #1910, #1429, #4873, #6181, #3247, #4691, #5147, #1733, #1762, #3731, #5210, #303, #2216, #5693, #739 ),
 ( #3699, #2249, #2696, #4656, #271, #4173, #1609, #3573, #5530, #1024, #2023, #4870, #47, #426, #5095, #1176, #5578, #4674, #3167, #152, #2105, #4537, #3131, #5061, #3615, #758, #2576, #3583, #288, #2168 ),
 ( #254, #3682, #691, #4640, #4094, #4059, #3065, #3099, #6026, #658, #2200, #724, #2648, #6064, #4606, #5645, #5131, #1107, #220, #2682, #1240, #4159, #1653, #3552, #4025, #1208, #6102, #3202, #2713, #4127 ),
 ( #1719, #6136, #1688, #5991, #5164, #1622, #1141, #5509, #3651, #5031, #627, #1587, #5544, #2612, #185, #4571, #5612, #2135, #2293, #2874, #5194, #3747, #2265, #1839, #6166, #3353, #2234, #4310, #4805, #385 ),
 ( #1357, #4217, #3321, #2328, #1749, #5765, #6222, #5286, #414, #1780, #6285, #5709, #5794, #4707, #2358, #878, #6197, #5227, #1299, #318, #1329, #4278, #6253, #3805, #3263, #2839, #349, #3777, #4188, #819 ),
 ( #3717, #3290, #5737, #5255, #4838, #1873, #2778, #4738, #2747, #850, #4248, #1810, #5320, #787, #2808, #5676, #3837, #4772, #1390, #914, #1268, #3233, #2017, #101, #5044, #5942, #1052, #1903, #2119, #610 ),
 ( #2526, #1086, #168, #1603, #3868, #3534, #6006, #4074, #641, #4480, #6318, #3112, #4041, #2560, #6045, #3598, #4515, #3973, #3048, #3020, #3384, #546, #1535, #5830, #132, #1635, #5348, #2591, #4981, #2088 ),
 ( #4553, #576, #3079, #5489, #5558, #2051, #1157, #1016, #3497, #2492, #3567, #4345, #447, #2389, #1424, #2982, #5015, #4006, #5458, #5523, #4450, #1122, #4948, #67, #5972, #1568, #6180, #3246, #4621, #802 ),
 ( #1189, #5209, #772, #4172, #6118, #4232, #3730, #1794, #4655, #672, #2662, #4199, #1761, #3759, #5146, #4110, #6208, #1313, #2695, #1732, #3631, #5692, #5075, #1282, #2215, #2762, #302, #232, #3698, #5661 ),
 ( #4722, #6082, #3182, #2248, #5722, #332, #705, #3146, #2277, #2730, #6151, #1702, #2627, #4587, #202, #270, #2151, #2181, #1667, #5594, #5110, #738, #4142, #3664, #5627, #1223, #1253, #3218, #5179, #4690 ),
 ( #4392, #2345, #4362, #1376, #4822, #3275, #2824, #1955, #1857, #3889, #1824, #3856, #2433, #2792, #834, #5335, #2405, #368, #1891, #4885, #3370, #4854, #4790, #5848, #2312, #1342, #4753, #1441, #2920, #432 ),
 ( #3790, #4263, #4295, #5751, #6269, #3401, #6336, #2375, #5304, #5813, #490, #1926, #6236, #6305, #5364, #3, #958, #899, #3306, #5875, #462, #930, #3917, #5240, #2892, #401, #1409, #3823, #5270, #864 ),
 ( #5780, #3338, #2859, #4329, #4915, #2455, #5999, #1982, #1596, #3966, #4034, #95, #5517, #1527, #2114, #4415, #29, #2044, #636, #984, #5392, #3527, #603, #516, #4000, #3074, #1561, #3040, #2976, #3560 ),
 ( #3489, #3942, #4509, #5482, #5037, #4941, #1044, #1114, #541, #2009, #2948, #2585, #1079, #2553, #3012, #5934, #4443, #5904, #1496, #4547, #3457, #5965, #162, #5419, #5450, #5007, #570, #4973, #2080, #1009 ),
 ( #2483, #125, #2517, #60, #4473, #4069, #1466, #3429, #3240, #2620, #1756, #4133, #6145, #5551, #5173, #6075, #731, #2175, #3623, #1660, #325, #699, #5070, #794, #2272, #3658, #2689, #4579, #2723, #6039 ),
 ( #6110, #3140, #766, #5587, #4683, #4166, #3592, #3212, #5621, #295, #4195, #1183, #3725, #5103, #5202, #3693, #2655, #2242, #4614, #1725, #1629, #226, #4648, #1695, #1217, #1150, #5684, #1248, #3106, #5656 ),
 ( #6174, #3175, #5139, #262, #4104, #2208, #1277, #2756, #4715, #666, #194, #2143, #5775, #4226, #3784, #2915, #2819, #4848, #2886, #953, #3816, #6204, #1818, #3364, #923, #4880, #4289, #360, #456, #2400 ),
 ( #4357, #2368, #2302, #1788, #6330, #5265, #5235, #4257, #1369, #5330, #1918, #425, #3755, #5746, #5718, #5298, #3332, #892, #484, #3882, #6230, #1337, #4747, #2852, #860, #4815, #1307, #2786, #3299, #3271 ),
 ( #828, #5842, #6298, #1435, #4784, #4322, #3396, #395, #2337, #6263, #5358, #1884, #1848, #3849, #5806, #1401, #5388, #1950, #1590, #2944, #1040, #5992, #26, #4937, #3994, #1523, #55, #3035, #2453, #4412 ),
 ( #121, #3520, #89, #2429, #5960, #4912, #5898, #3913, #2512, #5870, #3424, #599, #511, #2547, #538, #5002, #3007, #2074, #2479, #3067, #980, #3937, #1978, #2039, #6359, #3554, #4386, #4504, #4028, #565 ),
 ( #1555, #1493, #5445, #4969, #5511, #3484, #1109, #1462, #4438, #5477, #5032, #3453, #5416, #1007, #2971, #4468, #1074, #2005, #3961, #5929, #2683, #2235, #2136, #221, #5165, #6066, #1177, #2107, #4189, #725 ),
 ( #2649, #1209, #289, #1720, #4062, #3652, #6137, #6168, #759, #4607, #154, #3234, #4160, #4641, #1750, #3718, #255, #4097, #3168, #3133, #3585, #660, #1654, #6029, #2201, #5677, #5546, #2714, #5097, #3684 ),
 ( #4675, #692, #3203, #5613, #1269, #2169, #630, #1143, #3616, #2613, #5646, #4539, #2578, #1623, #3100, #5063, #5132, #4128, #5579, #1241, #4572, #187, #6103, #1689, #2360, #2809, #6287, #3354, #4739, #915 ),
 ( #1300, #5321, #880, #4280, #6223, #4346, #3839, #1905, #4773, #788, #2779, #4311, #1875, #3869, #5256, #3264, #1391, #5796, #820, #1811, #5228, #350, #3291, #5287, #2875, #6319, #4249, #4839, #851, #386 ),
 ( #2748, #2294, #5195, #6254, #2329, #1840, #5831, #449, #3778, #5738, #5710, #3806, #1330, #5766, #1425, #3748, #1359, #4708, #3323, #2841, #1781, #4806, #416, #2391, #319, #2267, #4218, #6198, #5467, #1484 ),
 ( #2501, #3415, #4429, #5889, #972, #5378, #4015, #4403, #2418, #4491, #5981, #998, #45, #1941, #77, #3385, #2026, #530, #4458, #4957, #4900, #1997, #3953, #2535, #5917, #3027, #4376, #3445, #555, #110 ),
 ( #588, #1029, #2934, #3983, #1969, #5434, #5349, #502, #1511, #18, #2443, #943, #4990, #5950, #4868, #3472, #4929, #3903, #2993, #3928, #1544, #3509, #1453, #2906, #1062, #5406, #6348, #2961, #2470, #2060 ),
 ( #476, #5862, #177, #2191, #142, #2160, #750, #1097, #5499, #3641, #714, #5022, #211, #3194, #1677, #3157, #3089, #4151, #618, #6015, #3057, #6127, #1232, #3121, #1711, #1645, #2097, #2568, #649, #4050 ),
 ( #5603, #2672, #5086, #2127, #4562, #4526, #1614, #2705, #3575, #4119, #5156, #5534, #4084, #5121, #683, #5569, #3674, #1131, #5053, #2602, #244, #5637, #6055, #281, #3608, #4665, #1166, #6092, #2225, #2638 ),
 ( #4630, #4596, #1198, #4181, #1578, #3543, #1292, #2351, #5186, #4209, #5669, #4303, #5785, #1320, #407, #6214, #4699, #780, #5220, #311, #2770, #6276, #2831, #3282, #1801, #376, #1382, #870, #3226, #2800 ),
 ( #3343, #3740, #2284, #1348, #5246, #3767, #1863, #6189, #1771, #5702, #4797, #3828, #5311, #3796, #6159, #3313, #2257, #3256, #1261, #6244, #2740, #811, #905, #4730, #2865, #4239, #4829, #4761, #439, #5729 ),
 ( #340, #2381, #1742, #841, #2320, #4270, #3710, #1831, #5756, #5277, #3465, #5909, #5856, #991, #2955, #3498, #5398, #3974, #3377, #2438, #1503, #5459, #547, #6341, #469, #2493, #36, #3436, #5372, #1053 ),
 ( #3922, #6310, #1934, #5426, #1018, #3021, #4397, #2411, #4451, #2983, #3896, #965, #4369, #1448, #10, #4422, #68, #4982, #3409, #4949, #1962, #5881, #4336, #2018, #1474, #3861, #577, #5943, #1988, #1536 ),
 ( #2927, #1897, #5821, #1416, #3948, #5342, #936, #4892, #495, #2898, #4861, #4923, #522, #2462, #3049, #707, #5045, #5113, #1158, #235, #2593, #3185, #5490, #4043, #2561, #2153, #102, #3665, #2527, #4623 ),
 ( #6047, #1670, #4112, #6007, #5559, #3113, #1704, #3600, #2183, #1569, #642, #6084, #5629, #2664, #4516, #5016, #4143, #4589, #1637, #3568, #1224, #1191, #5149, #2120, #4481, #133, #3633, #5524, #1604, #675 ),
 ( #5596, #2089, #1123, #3080, #611, #4555, #2630, #6119, #2052, #171, #3148, #4076, #5077, #4007, #204, #5973, #3535, #1087, #5747, #1403, #6361, #363, #4749, #2889, #6332, #4259, #5808, #2430, #926, #2401 ),
 ( #1463, #5332, #894, #3786, #3884, #4850, #4388, #2341, #427, #5360, #6265, #1371, #2305, #1952, #458, #1921, #2370, #3333, #3818, #1338, #6232, #3915, #3302, #3366, #5872, #4785, #861, #3426, #1852, #1820 ),
 ( #4358, #5267, #742, #2788, #2916, #3398, #5844, #2854, #4291, #1437, #2820, #954, #4881, #397, #486, #4817, #5776, #5300, #4324, #6300, #1886, #3851, #3036, #4939, #122, #3962, #1075, #6032, #1008, #2041 ),
 ( #1494, #2007, #2549, #4505, #5447, #3454, #1591, #2076, #2974, #5931, #5417, #539, #3486, #5478, #1110, #155, #4440, #4029, #1041, #567, #5390, #2481, #4064, #1524, #5994, #3940, #5962, #4541, #4913, #2945 ),
 ( #2514, #58, #4970, #2108, #5901, #3008, #1625, #3522, #4470, #1980, #3555, #5003, #631, #91, #3996, #5512, #1557, #600, #514, #2580, #3069, #5033, #982, #2454, #4413, #27, #3101, #2751, #4098, #2202 ),
 ( #5614, #5065, #6199, #760, #5647, #5196, #321, #3685, #5098, #4162, #4129, #188, #3618, #2650, #661, #3205, #789, #2137, #5679, #1690, #1242, #2614, #2717, #5581, #4642, #6104, #256, #4710, #6138, #3235 ),
 ( #1751, #3135, #1271, #693, #2268, #5167, #4608, #4677, #2171, #290, #4220, #1178, #1721, #222, #3653, #2236, #1211, #3169, #5133, #4190, #726, #6069, #6169, #2684, #3720, #3586, #1655, #1144, #5547, #4574 ),
 ( #2878, #6255, #3324, #1783, #1331, #479, #388, #2393, #352, #2361, #946, #1302, #5712, #3841, #917, #5229, #418, #3388, #1876, #3357, #3292, #4349, #822, #6224, #3265, #6322, #1428, #5289, #1908, #1841 ),
 ( #852, #2330, #2780, #5352, #5798, #4842, #882, #4281, #4775, #4742, #2295, #2909, #4251, #4313, #4872, #5740, #3808, #5323, #2843, #5767, #3872, #1813, #3779, #5258, #451, #5834, #2421, #1393, #3750, #4379 ),
 ( #2811, #1360, #4808, #6290, #81, #5866, #5470, #21, #1032, #2474, #3931, #1972, #622, #1001, #5381, #1101, #2572, #3956, #2998, #4903, #3030, #6351, #4993, #3476, #1066, #1547, #1488, #4961, #5985, #592 ),
 ( #505, #559, #3547, #5892, #4432, #3513, #5438, #5922, #2539, #3448, #5409, #2965, #4495, #4019, #114, #3987, #1944, #2064, #2446, #4932, #1456, #2031, #3418, #975, #1582, #4406, #5503, #49, #3061, #2505 ),
 ( #3907, #533, #2937, #5026, #2000, #1516, #4462, #5954, #1236, #4530, #3199, #1682, #3679, #6131, #6059, #1203, #3162, #3714, #5608, #4185, #3578, #2642, #1715, #5673, #754, #181, #653, #2709, #249, #3645 ),
 ( #5160, #1265, #4123, #146, #2606, #1170, #5641, #4670, #4600, #4566, #285, #2229, #2131, #3126, #4089, #1649, #215, #4635, #6163, #3230, #3611, #1746, #2164, #6096, #2100, #5572, #5190, #5090, #784, #3093 ),
 ( #4054, #6019, #687, #5126, #5056, #719, #2677, #2196, #1618, #4155, #5539, #1136, #874, #2804, #5706, #5789, #4801, #4339, #4243, #2324, #909, #1805, #3286, #4213, #6313, #2835, #3832, #4274, #5250, #410 ),
 ( #380, #1386, #2869, #2288, #4833, #6218, #1899, #2354, #3771, #3347, #1324, #4306, #3379, #4735, #5759, #5733, #845, #6280, #6248, #4766, #1835, #1867, #3800, #1296, #5316, #1352, #442, #2384, #815, #315 ),
 ( #3864, #3316, #5826, #5281, #1419, #2744, #5344, #4703, #2262, #6193, #3260, #1776, #3744, #5224, #2775, #344, #70, #4371, #5911, #2529, #1020, #2495, #2439, #3500, #6344, #5374, #471, #5461, #579, #2464 ),
 ( #524, #1055, #12, #1477, #2414, #4483, #2985, #2020, #4424, #3438, #3924, #3898, #1936, #104, #1449, #1506, #2054, #4894, #5400, #4453, #39, #4924, #1538, #967, #2929, #497, #5945, #4984, #3976, #4951 ),
 ( #5858, #548, #4009, #3411, #3023, #993, #5975, #4399, #1571, #1964, #1990, #2956, #5884, #3949, #3537, #3467, #5427, #939, #2901, #4863, #2155, #4045, #2185, #5492, #4145, #2632, #4625, #709, #644, #4114 ),
 ( #2091, #5018, #4659, #6009, #6086, #2699, #3082, #1639, #2666, #4591, #3115, #6121, #5527, #1125, #5047, #1706, #3187, #238, #3150, #1089, #3667, #1606, #2595, #613, #5598, #2563, #135, #5631, #3570, #1226 ),
 ( #1672, #5151, #5562, #6154, #4557, #173, #2122, #5115, #3051, #275, #4518, #744, #2220, #3635, #1161, #4078, #4176, #6049, #1736, #1193, #3602, #5079, #677, #206, #5272, #3734, #866, #1285, #2346, #371 ),
 ( #5724, #3249, #4296, #5752, #6271, #6210, #5664, #2252, #805, #6239, #1826, #2279, #4201, #3308, #3791, #6184, #2764, #1764, #5696, #334, #2794, #2826, #1858, #5212, #1344, #4234, #1796, #3703, #4724, #1256 ),
 ( #5242, #3277, #1315, #3221, #4791, #3762, #836, #4755, #2314, #4265, #402, #5181, #3824, #5781, #775, #2733, #4693, #305, #6143, #5137, #4681, #4577, #2653, #1246, #2140, #3621, #4545, #293, #3173, #4165 ),
 ( #3656, #3691, #3138, #1628, #2112, #4101, #3590, #6071, #3210, #1723, #224, #5101, #5619, #2721, #5654, #159, #6107, #2206, #2240, #5171, #697, #2583, #5682, #260, #729, #4193, #6172, #2687, #192, #1215 ),
 ( #4646, #3072, #764, #5549, #1658, #4067, #1754, #6037, #1148, #3723, #3104, #5035, #5585, #634, #1693, #5068, #4611, #663, #2617, #1181, #2173, #4131, #5200, #2398, #1275, #3362, #3847, #5773, #1335, #4745 ),
 ( #2366, #1368, #792, #4813, #5263, #4320, #5804, #826, #5328, #357, #4847, #5296, #2783, #6296, #6228, #3330, #1915, #3268, #4286, #2299, #4255, #890, #858, #1816, #3782, #2850, #2817, #6202, #423, #5744 ),
 ( #5715, #3297, #1882, #921, #4355, #4782, #1399, #393, #2335, #3238, #6261, #6328, #1846, #2884, #1786, #3815, #455, #2754, #4713, #3880, #323, #2270, #4224, #3753, #1305, #5233, #979, #2036, #4879, #3912 ),
 ( #5476, #1006, #3992, #483, #5869, #5357, #5959, #1072, #2970, #86, #5897, #4385, #2428, #4911, #6358, #2452, #1553, #2510, #4936, #1492, #54, #3034, #563, #2914, #2478, #4967, #5001, #3519, #3452, #952 ),
 ( #5415, #598, #1461, #3423, #5387, #4467, #2544, #4501, #3482, #5841, #3004, #1949, #2943, #510, #5927, #4411, #25, #119, #1977, #2071, #3936, #1434, #4437, #3395, #537, #2004, #3960, #1521, #5443, #1038 ),
 ( #2218, #773, #1254, #3184, #5112, #2152, #4174, #674, #6152, #5148, #2592, #1734, #2663, #3700, #3219, #4588, #2731, #4111, #2250, #2697, #203, #5662, #3632, #741, #5694, #2629, #1703, #6083, #1669, #4657 ) ),
 .UNSPECIFIED., .F., .F., .F.,
 ( 4, 2, 2, 2, 2, 2, 2, 2, 2, 2, 2, 2, 2, 2, 2, 2, 2, 2, 2, 2, 2, 2, 2, 2, 2, 2, 2, 2, 2, 2, 2, 2, 4 ),
 ( 4, 2, 2, 2, 2, 2, 2, 2, 2, 2, 2, 2, 2, 2, 4 ),
 ( 0.000000000000000000, 0.01236063263424436870, 0.02472126526848873740, 0.04944253053697747480, 0.07416379580546621220, 0.09888506107395494960, 0.1236063263424436870, 0.1483275916109324244, 0.1730488568794211757, 0.1977701221479098992, 0.2247583700266060636, 0.2517466179053022279, 0.3057231136626945567, 0.3327113615413906933, 0.3596996094200868299, 0.3866878572987829665, 0.4136761051774791587, 0.4457197400717053393, 0.4777633749659314644, 0.5098070098601577005, 0.5418506447543838256, 0.5738942796486099507, 0.6059379145428361868, 0.6379815494370624229, 0.6540033668841754855, 0.6700251843312885480, 0.6906486103105829999, 0.7112720362898774518, 0.7525188882484663555, 0.8350125921656442740, 0.9175062960828221925, 0.9587531480414110963, 1.000000000000000000 ),
 ( 0.000000000000000000, 0.06250000000000000000, 0.1250000000000000000, 0.2500000000000000000, 0.3125000000000000000, 0.3750000000000000000, 0.4375000000000000000, 0.5000000000000000000, 0.5625000000000000000, 0.6250000000000000000, 0.6875000000000000000, 0.7500000000000000000, 0.8750000000000000000, 0.9375000000000000000, 1.000000000000000000 ),
 .UNSPECIFIED. ) ;
#2029 = CARTESIAN_POINT ( 'NONE',  ( -15.27797672679569629, 3.899999999999626876, 25.58629721870777729 ) ) ;
#2030 = CARTESIAN_POINT ( 'NONE',  ( -15.05138165399718098, 3.900229838436118701, 25.59044103999520559 ) ) ;
#2031 = CARTESIAN_POINT ( 'NONE',  ( -15.23291632105137872, 4.444462382343105311, 25.52842349912495834 ) ) ;
#2032 = CARTESIAN_POINT ( 'NONE',  ( -15.12893935574764903, 3.919032528554514894, 25.51144582600909416 ) ) ;
#2033 = CARTESIAN_POINT ( 'NONE',  ( -15.11590285740242479, 3.943085599000561992, 25.47136093347226549 ) ) ;
#2034 = ORIENTED_EDGE ( 'NONE', *, *, #5761, .F. ) ;
#2035 = CARTESIAN_POINT ( 'NONE',  ( -15.06881033958836547, 3.905053268834836722, 25.55346770210206131 ) ) ;
#2036 = CARTESIAN_POINT ( 'NONE',  ( -15.28544854736866476, 4.320666367644668604, 25.56569667120682610 ) ) ;
#2037 = CARTESIAN_POINT ( 'NONE',  ( -11.75942546973115377, 4.500000000000000000, 28.73935204651245812 ) ) ;
#2038 = CARTESIAN_POINT ( 'NONE',  ( -15.18409570838974432, 3.937927789380205379, 25.58908451972106946 ) ) ;
#2039 = CARTESIAN_POINT ( 'NONE',  ( -15.11343576401218947, 4.492838539708378320, 25.58197976354641412 ) ) ;
#2040 = CARTESIAN_POINT ( 'NONE',  ( -8.784487365756429966, 4.099999999999996980, 25.74142564059079774 ) ) ;
#2041 = CARTESIAN_POINT ( 'NONE',  ( -15.20925047209764713, 4.444011709983040959, 25.58764062364645397 ) ) ;
#2042 = CARTESIAN_POINT ( 'NONE',  ( -15.15592290932822905, 3.935022115697892175, 25.48333725280951967 ) ) ;
#2043 = CARTESIAN_POINT ( 'NONE',  ( -7.045928931007221507, 3.899999999999999467, 25.25812308955131869 ) ) ;
#2044 = CARTESIAN_POINT ( 'NONE',  ( -15.08015303069807977, 4.498202672068178920, 25.58121529411530304 ) ) ;
#2045 = CARTESIAN_POINT ( 'NONE',  ( -15.04737119521136179, 3.900045117061873956, 25.59837408827237226 ) ) ;
#2046 = CARTESIAN_POINT ( 'NONE',  ( -15.30396751707580272, 4.077433505342647813, 25.47933364484966745 ) ) ;
#2047 = CARTESIAN_POINT ( 'NONE',  ( -15.29473881260888568, 4.300000000000000711, 25.54370924421771250 ) ) ;
#2048 = CARTESIAN_POINT ( 'NONE',  ( -15.10096600846554082, 3.904486870075962734, 25.57156997524746700 ) ) ;
#2049 = CARTESIAN_POINT ( 'NONE',  ( -15.21690947959312012, 3.943412062651737049, 25.49859032866500286 ) ) ;
#2050 = CARTESIAN_POINT ( 'NONE',  ( -15.07205690276190246, 3.901502837439744908, 25.59757041489145379 ) ) ;
#2051 = CARTESIAN_POINT ( 'NONE',  ( -15.05825406133562083, 4.499063344747448845, 25.57980382546239184 ) ) ;
#2052 = CARTESIAN_POINT ( 'NONE',  ( -15.15088368299401722, 4.471001542597762501, 25.49433172094872546 ) ) ;
#2053 = CARTESIAN_POINT ( 'NONE',  ( -15.20090358313415635, 3.899999999999999911, 25.39672123641179979 ) ) ;
#2054 = CARTESIAN_POINT ( 'NONE',  ( -15.23545170360653600, 4.437943013220034594, 25.48916126830209450 ) ) ;
#2055 = CARTESIAN_POINT ( 'NONE',  ( -15.15460102660177810, 3.922158974072369908, 25.58963808859262201 ) ) ;
#2056 = CARTESIAN_POINT ( 'NONE',  ( -15.24244642715722797, 4.011279809378084593, 25.44064309890213949 ) ) ;
#2057 = CARTESIAN_POINT ( 'NONE',  ( -15.10975742365055829, 3.906014650221523610, 25.57583020238448412 ) ) ;
#2058 = CARTESIAN_POINT ( 'NONE',  ( -15.24425371495261139, 3.966798123845240109, 25.50885817570146230 ) ) ;
#2059 = CARTESIAN_POINT ( 'NONE',  ( -6.308534405581458060, 4.500000000000000000, 31.10804982558467202 ) ) ;
#2060 = CARTESIAN_POINT ( 'NONE',  ( -15.15958017170515149, 4.474673978521649609, 25.59278117524681662 ) ) ;
#2061 = CARTESIAN_POINT ( 'NONE',  ( -10.40978306211483329, 4.499999999999996447, 29.14570045923080954 ) ) ;
#2062 = CARTESIAN_POINT ( 'NONE',  ( -13.53808405630749512, 3.900000000000000799, 27.16482415456174593 ) ) ;
#2063 = CARTESIAN_POINT ( 'NONE',  ( -15.05696879055981086, 3.900403570419932020, 25.59959543636999513 ) ) ;
#2064 = CARTESIAN_POINT ( 'NONE',  ( -15.22514618642744288, 4.451974237089920017, 25.50509161421397408 ) ) ;
#2065 = EDGE_CURVE ( 'NONE', #4410, #5442, #4441, .T. ) ;
#2066 = CARTESIAN_POINT ( 'NONE',  ( -15.12282989667042088, 3.924518328317867510, 25.49943698876451492 ) ) ;
#2067 = CARTESIAN_POINT ( 'NONE',  ( -15.13433554439395756, 3.971950456613956071, 25.44060722149855991 ) ) ;
#2068 = CARTESIAN_POINT ( 'NONE',  ( -15.08693273228548293, 4.500000000000000888, 25.59702596957264475 ) ) ;
#2069 = ORIENTED_EDGE ( 'NONE', *, *, #4066, .T. ) ;
#2070 = CARTESIAN_POINT ( 'NONE',  ( -15.08455693273832665, 3.902245982457729578, 25.57857779394534603 ) ) ;
#2071 = CARTESIAN_POINT ( 'NONE',  ( -15.30721291942068341, 4.305242130593070371, 25.47821075557783033 ) ) ;
#2072 = CARTESIAN_POINT ( 'NONE',  ( -11.49212798117904910, 4.500000000000000000, 28.88433034789606779 ) ) ;
#2073 = CARTESIAN_POINT ( 'NONE',  ( -15.15560065358480557, 3.923190674497792241, 25.59185252634665630 ) ) ;
#2074 = CARTESIAN_POINT ( 'NONE',  ( -15.10548125090550009, 4.494763128142477804, 25.56852593655309391 ) ) ;
#2075 = CARTESIAN_POINT ( 'NONE',  ( -13.49139886985433101, 4.099999999999999645, 25.56643688400635384 ) ) ;
#2076 = CARTESIAN_POINT ( 'NONE',  ( -15.15888480503924107, 4.464062183158159947, 25.48218937427085962 ) ) ;
#2077 = CARTESIAN_POINT ( 'NONE',  ( -15.20095564603266958, 3.934237243157967967, 25.52921983727661015 ) ) ;
#2078 = CARTESIAN_POINT ( 'NONE',  ( -14.93783899031710050, 4.299999999999999822, 26.06252657462481892 ) ) ;
#2079 = CARTESIAN_POINT ( 'NONE',  ( -7.414274834227931876, 3.900000000000000355, 25.48835247810812632 ) ) ;
#2080 = CARTESIAN_POINT ( 'NONE',  ( -15.09491567393837563, 4.495241778778487962, 25.59655465065306146 ) ) ;
#2081 = CARTESIAN_POINT ( 'NONE',  ( -15.04292318764320946, 3.900007971437742693, 25.59822118595310414 ) ) ;
#2082 = CARTESIAN_POINT ( 'NONE',  ( -15.28276298729851668, 4.074081047301144842, 25.57092700110354500 ) ) ;
#2083 = CARTESIAN_POINT ( 'NONE',  ( -14.78547960932250405, 4.300000000001632294, 26.23489405707147526 ) ) ;
#2084 = B_SPLINE_SURFACE_WITH_KNOTS ( 'NONE', 3, 1, ( 
 ( #1953, #1405 ),
 ( #5778, #2372 ),
 ( #5845, #2343 ),
 ( #399, #5873 ),
 ( #955, #4851 ),
 ( #1464, #4326 ),
 ( #3820, #1438 ),
 ( #5810, #459 ) ),
 .UNSPECIFIED., .F., .F., .F.,
 ( 4, 1, 1, 1, 1, 4 ),
 ( 2, 2 ),
 ( 0.000000000000000000, 0.2863709642718392789, 0.4580499016423706937, 0.4943952033987547567, 0.6498239818356799091, 1.000000000000000000 ),
 ( 0.000000000000000000, 1.000000000000000000 ),
 .UNSPECIFIED. ) ;
#2085 = CARTESIAN_POINT ( 'NONE',  ( -15.09638311924595477, 3.903760766238036695, 25.57671756474070079 ) ) ;
#2086 = CARTESIAN_POINT ( 'NONE',  ( -15.16596410189787036, 3.952820158934457595, 25.45903838021239807 ) ) ;
#2087 = CARTESIAN_POINT ( 'NONE',  ( -15.06451567771976308, 3.900720652563841373, 25.58495171064416240 ) ) ;
#2088 = CARTESIAN_POINT ( 'NONE',  ( -15.06411249532840912, 4.499141888909015563, 25.59932424188647815 ) ) ;
#2089 = CARTESIAN_POINT ( 'NONE',  ( -15.12373961532746236, 4.452417412108982120, 25.46555247934690058 ) ) ;
#2090 = CARTESIAN_POINT ( 'NONE',  ( -15.20036655257393221, 4.099999999999999645, 25.39667182876452500 ) ) ;
#2091 = CARTESIAN_POINT ( 'NONE',  ( -15.15060512859598063, 4.390784959190352055, 25.41638884232326490 ) ) ;
#2092 = CARTESIAN_POINT ( 'NONE',  ( -15.12360568396906757, 3.909328728009770160, 25.54321288168315007 ) ) ;
#2093 = CARTESIAN_POINT ( 'NONE',  ( -15.27216901124167947, 4.036031623095965415, 25.57331092907654480 ) ) ;
#2094 = CARTESIAN_POINT ( 'NONE',  ( -15.25260421230337649, 4.002754192443839010, 25.58078378121442853 ) ) ;
#2095 = CARTESIAN_POINT ( 'NONE',  ( -8.675808285700616906, 4.499999999999998224, 29.67576301220538326 ) ) ;
#2096 = CARTESIAN_POINT ( 'NONE',  ( -13.71060248910628410, 4.500000000000000888, 25.74273936558541820 ) ) ;
#2097 = CARTESIAN_POINT ( 'NONE',  ( -15.16112723582264898, 4.476528178497797938, 25.58287792044109565 ) ) ;
#2098 = CARTESIAN_POINT ( 'NONE',  ( -11.10981920909548393, 3.899999999998351008, 29.07522708258340316 ) ) ;
#2099 = CARTESIAN_POINT ( 'NONE',  ( -15.05680700076153933, 3.900286902338914619, 25.59197483018950692 ) ) ;
#2100 = CARTESIAN_POINT ( 'NONE',  ( -15.24162318131491567, 4.429144758715189312, 25.55056926922472371 ) ) ;
#2101 = CARTESIAN_POINT ( 'NONE',  ( -15.13044930352925732, 3.918296946468859954, 25.51344278777593999 ) ) ;
#2102 = CARTESIAN_POINT ( 'NONE',  ( -15.11736133827217898, 4.456266098535443199, 25.47036282436906873 ) ) ;
#2103 = CARTESIAN_POINT ( 'NONE',  ( -15.05944374783726936, 4.500000000000375699, 25.39843287188624288 ) ) ;
#2104 = CARTESIAN_POINT ( 'NONE',  ( -15.06870730647529655, 3.903194900163564185, 25.56266693769695308 ) ) ;
#2105 = CARTESIAN_POINT ( 'NONE',  ( -15.04602988113709294, 4.499974015066650068, 25.59861095353267757 ) ) ;
#2106 = CARTESIAN_POINT ( 'NONE',  ( -15.14987187705576055, 3.920762826704244919, 25.59238132533792864 ) ) ;
#2107 = CARTESIAN_POINT ( 'NONE',  ( -15.12268267206136052, 4.489043914937114188, 25.59266951936616508 ) ) ;
#2108 = CARTESIAN_POINT ( 'NONE',  ( -15.14118929464064145, 4.445239091327537473, 25.45712313162399099 ) ) ;
#2109 = CARTESIAN_POINT ( 'NONE',  ( -15.04136205888855216, 4.499999999999999112, 25.60037349240651849 ) ) ;
#2110 = CARTESIAN_POINT ( 'NONE',  ( -15.18132612938043735, 3.934616732200945322, 25.48882853147752670 ) ) ;
#2111 = CARTESIAN_POINT ( 'NONE',  ( -15.05220001826465470, 4.299999999999999822, 25.92509301287353551 ) ) ;
#2112 = CARTESIAN_POINT ( 'NONE',  ( -15.18676287857705454, 4.353437518880243218, 25.40402552376723122 ) ) ;
#2113 = CARTESIAN_POINT ( 'NONE',  ( -9.170683065256877597, 3.900000000000000355, 25.99840441500331778 ) ) ;
#2114 = CARTESIAN_POINT ( 'NONE',  ( -15.07771801967643910, 4.498271750272318847, 25.57719521170462329 ) ) ;
#2115 = CARTESIAN_POINT ( 'NONE',  ( -15.04322424028833893, 3.900005192217215644, 25.59874513750669678 ) ) ;
#2116 = CARTESIAN_POINT ( 'NONE',  ( -15.02423393534043683, 4.499999999999589662, 25.95955526285568382 ) ) ;
#2117 = CARTESIAN_POINT ( 'NONE',  ( -15.08635458825968101, 3.904003167194755708, 25.56017034645773478 ) ) ;
#2118 = CARTESIAN_POINT ( 'NONE',  ( -15.20710809679004072, 3.941068137166708230, 25.48978298115277141 ) ) ;
#2119 = CARTESIAN_POINT ( 'NONE',  ( -15.06103070763238172, 4.499378131743077880, 25.59910815093163095 ) ) ;
#2120 = CARTESIAN_POINT ( 'NONE',  ( -15.18367152552788291, 4.469750897685779378, 25.56186596986901804 ) ) ;
#2121 = CARTESIAN_POINT ( 'NONE',  ( -15.20001271423411637, 3.899999999999996803, 25.39663923543357527 ) ) ;
#2122 = CARTESIAN_POINT ( 'NONE',  ( -15.19253952680390540, 4.408023569910103134, 25.43079100390521674 ) ) ;
#2123 = CARTESIAN_POINT ( 'NONE',  ( -15.11098092407639903, 3.907946136149479166, 25.54507535195143930 ) ) ;
#2124 = CARTESIAN_POINT ( 'NONE',  ( -15.06988735572699056, 3.900995825088827473, 25.58386784579701612 ) ) ;
#2125 = CARTESIAN_POINT ( 'NONE',  ( -9.070954869810190502, 4.299999999999999822, 29.76279918410950032 ) ) ;
#2126 = CARTESIAN_POINT ( 'NONE',  ( -11.55117365541607910, 4.499999999999998224, 25.96438297286294627 ) ) ;
#2127 = CARTESIAN_POINT ( 'NONE',  ( -15.11190237444358075, 4.475158965503276853, 25.49902145627339323 ) ) ;
#2128 = CARTESIAN_POINT ( 'NONE',  ( -12.22364301152471810, 4.499999999999998224, 28.20660509694021201 ) ) ;
#2129 = CARTESIAN_POINT ( 'NONE',  ( -11.10981920909095955, 4.099999999999174527, 29.07522708257401689 ) ) ;
#2130 = CARTESIAN_POINT ( 'NONE',  ( -15.05416010806351679, 3.900367775919836077, 25.58770656233895480 ) ) ;
#2131 = CARTESIAN_POINT ( 'NONE',  ( -15.21074243031567086, 4.448103405541401933, 25.47304471904737966 ) ) ;
#2132 = CARTESIAN_POINT ( 'NONE',  ( -15.13075529638972760, 3.920041368626979050, 25.50949667225649620 ) ) ;
#2133 = CARTESIAN_POINT ( 'NONE',  ( -15.16851246423717114, 4.500000000000000888, 25.59494696355009324 ) ) ;
#2134 = CARTESIAN_POINT ( 'NONE',  ( -15.06598651558573643, 3.904023352251066115, 25.55843267843522426 ) ) ;
#2135 = CARTESIAN_POINT ( 'NONE',  ( -15.05030806575754276, 4.499907649265677989, 25.59603856600785576 ) ) ;
#2136 = CARTESIAN_POINT ( 'NONE',  ( -15.11374265882717971, 4.493102221197435853, 25.57704348806783301 ) ) ;
#2137 = CARTESIAN_POINT ( 'NONE',  ( -15.20021193416206629, 4.466612802276761940, 25.51882414582792435 ) ) ;
#2138 = CARTESIAN_POINT ( 'NONE',  ( -15.19652350691670151, 3.932453336699510693, 25.51065355404129420 ) ) ;
#2139 = CARTESIAN_POINT ( 'NONE',  ( -5.900018103691999194, 3.899999999999999467, 24.00995004240963482 ) ) ;
#2140 = CARTESIAN_POINT ( 'NONE',  ( -15.27567157993631142, 4.378525650047090600, 25.54127590414353577 ) ) ;
#2141 = CARTESIAN_POINT ( 'NONE',  ( -7.420773721003134149, 3.899999999997737721, 25.26246302885352790 ) ) ;
#2142 = CARTESIAN_POINT ( 'NONE',  ( -15.04697224917332044, 3.900049876133716342, 25.60010197083942174 ) ) ;
#2143 = CARTESIAN_POINT ( 'NONE',  ( -15.08759512744331843, 4.496520776362163296, 25.56469523997835580 ) ) ;
#2144 = CARTESIAN_POINT ( 'NONE',  ( -15.04237495677331005, 3.899999999999999023, 25.59970285585731276 ) ) ;
#2145 = CARTESIAN_POINT ( 'NONE',  ( -15.16861662230014751, 4.074766863314140508, 25.39637923872884784 ) ) ;
#2146 = CARTESIAN_POINT ( 'NONE',  ( -14.90635888519813790, 4.499999999999999112, 25.78723767837900738 ) ) ;
#2147 = CARTESIAN_POINT ( 'NONE',  ( -15.15216535756098004, 4.002353605065346542, 25.42005718656558244 ) ) ;
#2148 = CARTESIAN_POINT ( 'NONE',  ( -15.08610768494297538, 3.903708025610304500, 25.56209176262394678 ) ) ;
#2149 = CARTESIAN_POINT ( 'NONE',  ( -15.18674806909904973, 4.079612027009149600, 25.39684172325825529 ) ) ;
#2150 = CARTESIAN_POINT ( 'NONE',  ( -15.15797071112029926, 3.954478751104635315, 25.45711903667314502 ) ) ;
#2151 = CARTESIAN_POINT ( 'NONE',  ( -15.07022520274464661, 4.498996110622513811, 25.58459484931959693 ) ) ;
#2152 = CARTESIAN_POINT ( 'NONE',  ( -15.21272582728822798, 4.300000000000817835, 25.39783996417988732 ) ) ;
#2153 = CARTESIAN_POINT ( 'NONE',  ( -15.18613820036337891, 4.464901079169495191, 25.57603471248124194 ) ) ;
#2154 = CARTESIAN_POINT ( 'NONE',  ( -15.17510922481965530, 4.099999999999999645, 25.39504117012245388 ) ) ;
#2155 = CARTESIAN_POINT ( 'NONE',  ( -15.24699087249751805, 4.429828035158798194, 25.51364766098202352 ) ) ;
#2156 = CARTESIAN_POINT ( 'NONE',  ( -15.12804132891206166, 3.911419849316258190, 25.58582890461901016 ) ) ;
#2157 = CARTESIAN_POINT ( 'NONE',  ( -15.23961592737728132, 3.963776397907886384, 25.49611496711520076 ) ) ;
#2158 = CARTESIAN_POINT ( 'NONE',  ( -15.06688817485566112, 3.901122076531311933, 25.57902055703853961 ) ) ;
#2159 = CARTESIAN_POINT ( 'NONE',  ( -5.724361847805540471, 4.499999999999999112, 31.29786123478174531 ) ) ;
#2160 = CARTESIAN_POINT ( 'NONE',  ( -15.11652376312805224, 4.480270502181436854, 25.50890205474297900 ) ) ;
#2161 = CARTESIAN_POINT ( 'NONE',  ( -6.315097884050246080, 4.299999999999999822, 24.28291375995932455 ) ) ;
#2162 = CARTESIAN_POINT ( 'NONE',  ( -12.36561724539526530, 3.900000000007325163, 28.34916684592235825 ) ) ;
#2163 = CARTESIAN_POINT ( 'NONE',  ( -15.05281296957275750, 3.900178856150571693, 25.59277028512005359 ) ) ;
#2164 = CARTESIAN_POINT ( 'NONE',  ( -15.23824320763130125, 4.438725788763146163, 25.53063024125061986 ) ) ;
#2165 = CARTESIAN_POINT ( 'NONE',  ( -15.14171525106360328, 3.912702965194795102, 25.53968781824976020 ) ) ;
#2166 = CARTESIAN_POINT ( 'NONE',  ( -15.00574943257453597, 4.500000000000000888, 25.60326207881289307 ) ) ;
#2167 = VERTEX_POINT ( 'NONE', #6352 ) ;
#2168 = CARTESIAN_POINT ( 'NONE',  ( -15.04698308591039968, 4.499950112605852759, 25.60012837818333864 ) ) ;
#2169 = CARTESIAN_POINT ( 'NONE',  ( -15.09976911390056387, 4.488155452056338035, 25.52865976805897930 ) ) ;
#2170 = CARTESIAN_POINT ( 'NONE',  ( -12.44671471861625633, 4.099999999999999645, 25.68008920579406862 ) ) ;
#2171 = CARTESIAN_POINT ( 'NONE',  ( -15.17473543549099446, 4.456798405221283232, 25.47224380299479307 ) ) ;
#2172 = CARTESIAN_POINT ( 'NONE',  ( -15.15289598870856480, 3.930917937662250949, 25.49067572108396362 ) ) ;
#2173 = CARTESIAN_POINT ( 'NONE',  ( -15.29487540877387808, 4.348099836032787380, 25.49094133648712557 ) ) ;
#2174 = CARTESIAN_POINT ( 'NONE',  ( -14.93902209957509442, 4.499999999999999112, 25.60904318824676906 ) ) ;
#2175 = CARTESIAN_POINT ( 'NONE',  ( -15.08694897667773560, 4.497476993372252707, 25.57780692249977150 ) ) ;
#2176 = CARTESIAN_POINT ( 'NONE',  ( -15.04330907466157363, 3.900004761833150813, 25.59888569898090083 ) ) ;
#2177 = CARTESIAN_POINT ( 'NONE',  ( -15.02423393534596485, 4.300000000000407496, 25.95955526286167725 ) ) ;
#2178 = CARTESIAN_POINT ( 'NONE',  ( -15.08905945467381748, 3.903599131634785113, 25.56454371716278473 ) ) ;
#2179 = CARTESIAN_POINT ( 'NONE',  ( -15.21505660065998100, 3.942926598511551362, 25.53465932252925441 ) ) ;
#2180 = CARTESIAN_POINT ( 'NONE',  ( -15.20020729776503643, 4.299999999999999822, 25.39665732294993816 ) ) ;
#2181 = CARTESIAN_POINT ( 'NONE',  ( -15.07096699607343382, 4.498963191989143517, 25.58582456228945645 ) ) ;
#2182 = CARTESIAN_POINT ( 'NONE',  ( -6.900018103691999194, 4.199999847142954046, 25.96689337877836223 ) ) ;
#2183 = CARTESIAN_POINT ( 'NONE',  ( -15.14603295823905249, 4.473650922299859722, 25.49909472417513712 ) ) ;
#2184 = CARTESIAN_POINT ( 'NONE',  ( -15.21701449994124644, 4.099999999999999645, 25.39820346582983390 ) ) ;
#2185 = CARTESIAN_POINT ( 'NONE',  ( -15.24990331879089744, 4.425259294444773950, 25.52644946949570226 ) ) ;
#2186 = CARTESIAN_POINT ( 'NONE',  ( -15.10358023312183917, 3.907741745421560609, 25.54419133300213218 ) ) ;
#2187 = CARTESIAN_POINT ( 'NONE',  ( -15.26633219396690677, 3.999655948801948302, 25.49895801983195298 ) ) ;
#2188 = CARTESIAN_POINT ( 'NONE',  ( -15.14924048169914528, 3.994658725078136907, 25.42459213861832978 ) ) ;
#2189 = CARTESIAN_POINT ( 'NONE',  ( -15.06913786478204464, 3.900996009880865589, 25.58264754974307564 ) ) ;
#2190 = CARTESIAN_POINT ( 'NONE',  ( -8.375147502456307791, 4.300000000000002487, 25.65252598788565663 ) ) ;
#2191 = CARTESIAN_POINT ( 'NONE',  ( -15.11031134447596180, 4.476364209106176162, 25.50131125406369748 ) ) ;
#2192 = CARTESIAN_POINT ( 'NONE',  ( -12.94581038990517996, 4.500000000000000000, 27.66442171804289174 ) ) ;
#2193 = CARTESIAN_POINT ( 'NONE',  ( -7.118750660024849353, 4.500000000000000000, 25.06431091474599526 ) ) ;
#2194 = CARTESIAN_POINT ( 'NONE',  ( -14.45316300756986472, 3.900000000000000355, 26.58051540992173756 ) ) ;
#2195 = CARTESIAN_POINT ( 'NONE',  ( -15.05010963640214960, 3.900094861099163257, 25.59563055174232815 ) ) ;
#2196 = CARTESIAN_POINT ( 'NONE',  ( -15.19015369338689503, 4.437294507270325816, 25.45239806147158390 ) ) ;
#2197 = CARTESIAN_POINT ( 'NONE',  ( -15.15013196647398352, 3.914638035755807266, 25.55472142164820681 ) ) ;
#2198 = CARTESIAN_POINT ( 'NONE',  ( -15.19949344326589724, 4.299999999999995381, 25.39659140500592827 ) ) ;
#2199 = ORIENTED_EDGE ( 'NONE', *, *, #4904, .F. ) ;
#2200 = CARTESIAN_POINT ( 'NONE',  ( -15.04613541400892451, 4.499960198642273035, 25.59636691011440135 ) ) ;
#2201 = CARTESIAN_POINT ( 'NONE',  ( -15.12620842866565063, 4.489660791164435949, 25.58203190357764001 ) ) ;
#2202 = CARTESIAN_POINT ( 'NONE',  ( -15.21778808841700048, 4.436773190094103647, 25.58658698212919802 ) ) ;
#2203 = CARTESIAN_POINT ( 'NONE',  ( -15.13177052726367400, 3.945148743216370324, 25.46820633756629348 ) ) ;
#2204 = CARTESIAN_POINT ( 'NONE',  ( -15.29477413670424468, 4.099999999999994316, 25.54360368228745060 ) ) ;
#2205 = CARTESIAN_POINT ( 'NONE',  ( -5.900018103691999194, 3.903344097198833129, 23.97189151957193687 ) ) ;
#2206 = CARTESIAN_POINT ( 'NONE',  ( -15.28466316977466910, 4.363273306687188047, 25.47261841246347203 ) ) ;
#2207 = CARTESIAN_POINT ( 'NONE',  ( -9.929781945489180472, 4.500000000000002665, 26.03770974066339861 ) ) ;
#2208 = CARTESIAN_POINT ( 'NONE',  ( -15.08010948658802697, 4.494884395825640588, 25.55289244662124659 ) ) ;
#2209 = CARTESIAN_POINT ( 'NONE',  ( -15.04212675516849629, 3.899999999999997691, 25.59927916922020685 ) ) ;
#2210 = CARTESIAN_POINT ( 'NONE',  ( -15.04136205888854683, 4.499999999999999112, 25.60037349240651849 ) ) ;
#2211 = CARTESIAN_POINT ( 'NONE',  ( -15.25783609333035251, 3.999213619727946423, 25.56288042140496231 ) ) ;
#2212 = CARTESIAN_POINT ( 'NONE',  ( -15.10748570226827958, 3.907414520409364211, 25.59607902270494506 ) ) ;
#2213 = CARTESIAN_POINT ( 'NONE',  ( -15.21158065452720365, 4.089661754431286766, 25.39804358133112316 ) ) ;
#2214 = CARTESIAN_POINT ( 'NONE',  ( -15.22282506411951886, 3.958745885691592026, 25.56635126464480834 ) ) ;
#2215 = CARTESIAN_POINT ( 'NONE',  ( -15.07011052980594989, 4.498861416095944143, 25.59442319320202941 ) ) ;
#2216 = CARTESIAN_POINT ( 'NONE',  ( -15.04408811493364162, 4.499990937647432965, 25.60015987695524942 ) ) ;
#2217 = CARTESIAN_POINT ( 'NONE',  ( -15.11236599362413635, 4.491313922270290249, 25.59647021938823386 ) ) ;
#2218 = CARTESIAN_POINT ( 'NONE',  ( -15.16488666016173603, 4.300000000000821387, 25.39478443551544729 ) ) ;
#2219 = CARTESIAN_POINT ( 'NONE',  ( -15.20842201097744706, 3.899999999999999467, 25.39741294347350120 ) ) ;
#2220 = CARTESIAN_POINT ( 'NONE',  ( -15.22934860071882390, 4.421241450279428165, 25.45848433513814157 ) ) ;
#2221 = CARTESIAN_POINT ( 'NONE',  ( -15.09179357794607590, 3.912704659980558830, 25.52642214353563332 ) ) ;
#2222 = CARTESIAN_POINT ( 'NONE',  ( -15.24716846959376326, 3.982392987977863008, 25.56065673562463658 ) ) ;
#2223 = CARTESIAN_POINT ( 'NONE',  ( -15.06575819706332808, 3.901247228067030282, 25.57721168136120227 ) ) ;
#2224 = CARTESIAN_POINT ( 'NONE',  ( -7.640304148594776024, 4.299999999999999822, 25.37900115241471966 ) ) ;
#2225 = CARTESIAN_POINT ( 'NONE',  ( -15.16699558733644082, 4.471850318991252848, 25.58954518791083643 ) ) ;
#2226 = CARTESIAN_POINT ( 'NONE',  ( -7.510035882464058510, 4.299999999999251976, 25.31267797773644546 ) ) ;
#2227 = CARTESIAN_POINT ( 'NONE',  ( -8.563663604098517013, 3.900000000000000355, 29.71272576483962879 ) ) ;
#2228 = CARTESIAN_POINT ( 'NONE',  ( -15.04929310747746030, 3.900099672213328983, 25.59431280526169061 ) ) ;
#2229 = CARTESIAN_POINT ( 'NONE',  ( -15.20781170650558245, 4.447172566394993254, 25.46987678898092966 ) ) ;
#2230 = CARTESIAN_POINT ( 'NONE',  ( -15.10826646326375489, 3.927614463948024603, 25.49428199348268365 ) ) ;
#2231 = EDGE_CURVE ( 'NONE', #4604, #5442, #3908, .T. ) ;
#2232 = CARTESIAN_POINT ( 'NONE',  ( -15.12576118893755073, 4.444112589555385462, 25.45636184252124323 ) ) ;
#2233 = PLANE ( 'NONE',  #6033 ) ;
#2234 = CARTESIAN_POINT ( 'NONE',  ( -15.05218744512076690, 4.499831778027116869, 25.59909132884856930 ) ) ;
#2235 = CARTESIAN_POINT ( 'NONE',  ( -15.11292661574417728, 4.493348405780639432, 25.57564778412668360 ) ) ;
#2236 = CARTESIAN_POINT ( 'NONE',  ( -15.20167191581512967, 4.464855140298620739, 25.50456124351505238 ) ) ;
#2237 = CARTESIAN_POINT ( 'NONE',  ( -5.900018103691998306, 4.465359227171618706, 31.30462818561964511 ) ) ;
#2238 = CARTESIAN_POINT ( 'NONE',  ( -15.12511973883305494, 3.950715002422211519, 25.46177926021293558 ) ) ;
#2239 = CARTESIAN_POINT ( 'NONE',  ( -15.31111788347082303, 4.500000000000000000, 25.49424779805167063 ) ) ;
#2240 = CARTESIAN_POINT ( 'NONE',  ( -15.28599799436279660, 4.362918482252581498, 25.47808414588339687 ) ) ;
#2241 = CARTESIAN_POINT ( 'NONE',  ( -11.56956656772189618, 4.500000000000000000, 25.96278728437328098 ) ) ;
#2242 = CARTESIAN_POINT ( 'NONE',  ( -15.09139789221315908, 4.496905566465083659, 25.57559044988149566 ) ) ;
#2243 = CARTESIAN_POINT ( 'NONE',  ( -15.06433143741380931, 3.900765229467564765, 25.59698950041036625 ) ) ;
#2244 = CARTESIAN_POINT ( 'NONE',  ( -15.04136205888854505, 4.500000000000001776, 25.60037349240651849 ) ) ;
#2245 = CARTESIAN_POINT ( 'NONE',  ( -15.10141886196013239, 3.905940896556313824, 25.59540645888543509 ) ) ;
#2246 = CARTESIAN_POINT ( 'NONE',  ( -15.14278192015897240, 3.958280089402831159, 25.45343699241825064 ) ) ;
#2247 = CARTESIAN_POINT ( 'NONE',  ( -15.18201322003691267, 4.499999999999999112, 25.59582837901846375 ) ) ;
#2248 = CARTESIAN_POINT ( 'NONE',  ( -15.06180762142659546, 4.498077197321676657, 25.57103331859313755 ) ) ;
#2249 = CARTESIAN_POINT ( 'NONE',  ( -15.04427533626973812, 4.499952335813876658, 25.59562826778285327 ) ) ;
#2250 = CARTESIAN_POINT ( 'NONE',  ( -15.30637833590053987, 4.300000000000822276, 25.46625307295044749 ) ) ;
#2251 = CARTESIAN_POINT ( 'NONE',  ( -15.19009908159762112, 3.899999999999999467, 25.59657185052749639 ) ) ;
#2252 = CARTESIAN_POINT ( 'NONE',  ( -15.21179297662863661, 4.396508287044739838, 25.42985271548098680 ) ) ;
#2253 = CARTESIAN_POINT ( 'NONE',  ( -15.10069235720916936, 3.908657783211367587, 25.53974633164745001 ) ) ;
#2254 = CARTESIAN_POINT ( 'NONE',  ( -15.24861308189904641, 3.996926787806893255, 25.58136335067647948 ) ) ;
#2255 = CARTESIAN_POINT ( 'NONE',  ( -15.07563457890613279, 3.901441315640679530, 25.58844807599326643 ) ) ;
#2256 = CARTESIAN_POINT ( 'NONE',  ( -12.44911232812126478, 4.300000000000000711, 25.67984395218991978 ) ) ;
#2257 = CARTESIAN_POINT ( 'NONE',  ( -15.15089029345834781, 4.484628431550135019, 25.53886510040492297 ) ) ;
#2258 = CARTESIAN_POINT ( 'NONE',  ( -10.56779761330630052, 3.900000000003012612, 25.82590620737130749 ) ) ;
#2259 = CARTESIAN_POINT ( 'NONE',  ( -8.635599375449016790, 4.500000000000000888, 25.91731555046465019 ) ) ;
#2260 = CARTESIAN_POINT ( 'NONE',  ( -9.694837343835338572, 3.899999999999999467, 29.37490947423923160 ) ) ;
#2261 = CARTESIAN_POINT ( 'NONE',  ( -15.05408602683382036, 3.900215431351796713, 25.59723711501302645 ) ) ;
#2262 = CARTESIAN_POINT ( 'NONE',  ( -15.19714917834035361, 4.433580730309713225, 25.45115206930240959 ) ) ;
#2263 = CARTESIAN_POINT ( 'NONE',  ( -15.15342340647743313, 3.916307341175718992, 25.56117477785232239 ) ) ;
#2264 = DIRECTION ( 'NONE',  ( -1.411534255948957470E-16, 0.000000000000000000, -1.000000000000000000 ) ) ;
#2265 = CARTESIAN_POINT ( 'NONE',  ( -15.05112327642177128, 4.499884376415386633, 25.59736975634365663 ) ) ;
#2266 = ADVANCED_FACE ( 'NONE', ( #1911 ), #4905, .F. ) ;
#2267 = CARTESIAN_POINT ( 'NONE',  ( -15.14602598926572519, 4.482816970082146746, 25.58342429085443825 ) ) ;
#2268 = CARTESIAN_POINT ( 'NONE',  ( -15.14958915359106761, 4.440420429164587901, 25.45205606704064039 ) ) ;
#2269 = CARTESIAN_POINT ( 'NONE',  ( -15.20432283804828977, 3.945413026672471624, 25.57088713800442648 ) ) ;
#2270 = CARTESIAN_POINT ( 'NONE',  ( -15.30320769417523685, 4.322559563440684371, 25.49772341092306149 ) ) ;
#2271 = CARTESIAN_POINT ( 'NONE',  ( -6.850469502414402889, 4.499999999999998224, 25.11225095549229636 ) ) ;
#2272 = CARTESIAN_POINT ( 'NONE',  ( -15.09366848147493201, 4.496174942940959873, 25.58924703299672032 ) ) ;
#2273 = CARTESIAN_POINT ( 'NONE',  ( -15.04136205888854505, 3.899999999999999023, 25.60037349240651849 ) ) ;
#2274 = CARTESIAN_POINT ( 'NONE',  ( -15.05713078552622619, 3.901127932577582502, 25.57790117735068236 ) ) ;
#2275 = CARTESIAN_POINT ( 'NONE',  ( -15.04136205888854683, 4.499999999999999112, 25.60037349240651849 ) ) ;
#2276 = CARTESIAN_POINT ( 'NONE',  ( -15.07644155461219171, 3.903569173803571601, 25.56064688221676917 ) ) ;
#2277 = CARTESIAN_POINT ( 'NONE',  ( -15.06571061778192977, 4.498754362302176624, 25.57724886767054429 ) ) ;
#2278 = CARTESIAN_POINT ( 'NONE',  ( -15.23419947786883633, 3.899999999999999911, 25.39978451054259523 ) ) ;
#2279 = CARTESIAN_POINT ( 'NONE',  ( -15.23581723440637958, 4.402810845582255439, 25.44699946306446847 ) ) ;
#2280 = CARTESIAN_POINT ( 'NONE',  ( -15.19241796863961014, 3.967394977238600351, 25.44862779588640223 ) ) ;
#2281 = CARTESIAN_POINT ( 'NONE',  ( -15.06887684669477601, 3.900912055443110926, 25.58960906904191290 ) ) ;
#2282 = CARTESIAN_POINT ( 'NONE',  ( -9.307938256346709238, 4.300000000000002487, 25.81015446486948406 ) ) ;
#2283 = CARTESIAN_POINT ( 'NONE',  ( -15.25260421230337649, 4.002754192443839010, 25.58078378121442853 ) ) ;
#2284 = CARTESIAN_POINT ( 'NONE',  ( -15.11293043707154737, 4.468778287540552618, 25.48818143376648138 ) ) ;
#2285 = CARTESIAN_POINT ( 'NONE',  ( -8.367688314943015016, 4.300000000000759215, 25.65048317393601351 ) ) ;
#2286 = CARTESIAN_POINT ( 'NONE',  ( -6.192022341034606470, 3.899999999999999467, 30.94547944502732051 ) ) ;
#2287 = CARTESIAN_POINT ( 'NONE',  ( -15.04715633186278012, 3.900210906516546228, 25.59065000156465430 ) ) ;
#2288 = CARTESIAN_POINT ( 'NONE',  ( -15.16079199514894604, 4.414810898031835684, 25.43098344703364333 ) ) ;
#2289 = CARTESIAN_POINT ( 'NONE',  ( -15.16174784476919690, 3.922810435630816439, 25.57891381675135278 ) ) ;
#2290 = CARTESIAN_POINT ( 'NONE',  ( -15.09987717949491959, 3.905809076387954715, 25.55401202083520218 ) ) ;
#2291 = ORIENTED_EDGE ( 'NONE', *, *, #1869, .F. ) ;
#2292 = CARTESIAN_POINT ( 'NONE',  ( -15.08861739014337822, 3.903557903909800064, 25.59572768488272132 ) ) ;
#2293 = CARTESIAN_POINT ( 'NONE',  ( -15.05042416574817032, 4.499905439951705333, 25.59622896101825518 ) ) ;
#2294 = CARTESIAN_POINT ( 'NONE',  ( -15.09794220342915239, 4.479295150372543333, 25.50760414683711730 ) ) ;
#2295 = CARTESIAN_POINT ( 'NONE',  ( -15.19134438534197074, 4.454785435490248524, 25.47277613912521232 ) ) ;
#2296 = CARTESIAN_POINT ( 'NONE',  ( -15.04262227802764684, 4.499999999999999112, 25.60012795375076422 ) ) ;
#2297 = CARTESIAN_POINT ( 'NONE',  ( -9.725299063324643001, 3.899999999999999467, 26.03400145640104668 ) ) ;
#2298 = CARTESIAN_POINT ( 'NONE',  ( -15.17932119455435114, 3.925544106923726240, 25.52860409855116686 ) ) ;
#2299 = CARTESIAN_POINT ( 'NONE',  ( -15.30194498044577855, 4.329151706945243205, 25.48112072024954244 ) ) ;
#2300 = CARTESIAN_POINT ( 'NONE',  ( -7.015756767216838163, 4.499999999999999112, 25.23661125996646959 ) ) ;
#2301 = CARTESIAN_POINT ( 'NONE',  ( -15.08961547133927361, 3.903906400399034027, 25.59752240710541571 ) ) ;
#2302 = CARTESIAN_POINT ( 'NONE',  ( -15.07880352361899767, 4.492018756937318003, 25.54150359336043508 ) ) ;
#2303 = CARTESIAN_POINT ( 'NONE',  ( -15.04272090090633895, 3.899999999999997691, 25.60025933302179979 ) ) ;
#2304 = CARTESIAN_POINT ( 'NONE',  ( -5.766375619889487325, 4.500000000000001776, 23.83888916670046498 ) ) ;
#2305 = CARTESIAN_POINT ( 'NONE',  ( -15.16554809211103105, 4.474339813348544581, 25.50703696096173090 ) ) ;
#2306 = CARTESIAN_POINT ( 'NONE',  ( -5.900018103691998306, 3.899999999999999911, 31.16203331118273212 ) ) ;
#2307 = CARTESIAN_POINT ( 'NONE',  ( -15.05695823936300748, 3.900539058188070562, 25.58496939021866723 ) ) ;
#2308 = CARTESIAN_POINT ( 'NONE',  ( -15.04136205888854683, 4.499999999999999112, 25.60037349240651849 ) ) ;
#2309 = ADVANCED_BREP_SHAPE_REPRESENTATION ( 'Fin_Left', ( #3153, #5915 ), #5412 ) ;
#2310 = CARTESIAN_POINT ( 'NONE',  ( -15.07525257701447430, 3.903891372697689377, 25.55878364386386181 ) ) ;
#2311 = CARTESIAN_POINT ( 'NONE',  ( -15.20068141781820081, 4.299999999999999822, 25.39670150982568586 ) ) ;
#2312 = CARTESIAN_POINT ( 'NONE',  ( -15.07800868928583249, 4.498143534978535030, 25.59268631132187721 ) ) ;
#2313 = CARTESIAN_POINT ( 'NONE',  ( -12.36224752477713018, 4.300000000000001599, 28.35409331386566478 ) ) ;
#2314 = CARTESIAN_POINT ( 'NONE',  ( -15.22150754229351044, 4.385566263004408327, 25.42706745913320532 ) ) ;
#2315 = CARTESIAN_POINT ( 'NONE',  ( -15.18307795599900523, 3.936364963354737512, 25.58639938389353574 ) ) ;
#2316 = APPLICATION_CONTEXT ( 'automotive_design' ) ;
#2317 = CARTESIAN_POINT ( 'NONE',  ( -15.14537346574371135, 3.997416131029982722, 25.42297420621597226 ) ) ;
#2318 = CARTESIAN_POINT ( 'NONE',  ( -15.06543125826381235, 3.900849312977226813, 25.58276911102811724 ) ) ;
#2319 = CARTESIAN_POINT ( 'NONE',  ( -15.25237100926869260, 4.396962697243525398, 25.58165411402617906 ) ) ;
#2320 = CARTESIAN_POINT ( 'NONE',  ( -15.12154993638716860, 4.469696971908526884, 25.48948967530100163 ) ) ;
#2321 = CARTESIAN_POINT ( 'NONE',  ( -8.571563708583486374, 4.299999999999240430, 25.69985805436825999 ) ) ;
#2322 = CARTESIAN_POINT ( 'NONE',  ( -8.301602653825270295, 3.900000000000813483, 30.01868764503602094 ) ) ;
#2323 = CARTESIAN_POINT ( 'NONE',  ( -15.04510921619824870, 3.900026061853774539, 25.59709358243042132 ) ) ;
#2324 = CARTESIAN_POINT ( 'NONE',  ( -15.23542480850719549, 4.443365598143224737, 25.51403437396756502 ) ) ;
#2325 = CARTESIAN_POINT ( 'NONE',  ( -15.15392695465520134, 3.917402068284016270, 25.56847645074883246 ) ) ;
#2326 = CARTESIAN_POINT ( 'NONE',  ( -15.28801833542758715, 4.038383306518932514, 25.48813485213778307 ) ) ;
#2327 = CARTESIAN_POINT ( 'NONE',  ( -15.29334095779219815, 4.099999999998173550, 25.54795379515623921 ) ) ;
#2328 = CARTESIAN_POINT ( 'NONE',  ( -15.04913539015976731, 4.499730357009963377, 25.58916700032855474 ) ) ;
#2329 = CARTESIAN_POINT ( 'NONE',  ( -15.10337699141849299, 4.482693051564862863, 25.51465434926928211 ) ) ;
#2330 = CARTESIAN_POINT ( 'NONE',  ( -15.14210348849324284, 4.423255904478376799, 25.43712238657514035 ) ) ;
#2331 = CARTESIAN_POINT ( 'NONE',  ( -15.04232165018415479, 4.499999999999999112, 25.59963899691545208 ) ) ;
#2332 = CARTESIAN_POINT ( 'NONE',  ( -15.11565048653695165, 3.934979642308901848, 25.48239702476012525 ) ) ;
#2333 = CARTESIAN_POINT ( 'NONE',  ( -15.14973300502339271, 3.919741518393047297, 25.51764769402424449 ) ) ;
#2334 = CARTESIAN_POINT ( 'NONE',  ( -15.25550499230301504, 3.982025891541967511, 25.52341952776966849 ) ) ;
#2335 = CARTESIAN_POINT ( 'NONE',  ( -15.24538944048208933, 4.322560611655670293, 25.40733345006362853 ) ) ;
#2336 = CARTESIAN_POINT ( 'NONE',  ( -15.30653600725978336, 4.099999999998171774, 25.51942437277428510 ) ) ;
#2337 = CARTESIAN_POINT ( 'NONE',  ( -15.08989847865089651, 4.494725563724339068, 25.55371890929048106 ) ) ;
#2338 = AXIS2_PLACEMENT_3D ( 'NONE', #4751, #5238, #3727 ) ;
#2339 = CARTESIAN_POINT ( 'NONE',  ( -15.04274982232132096, 3.899999999999998135, 25.60030736230481097 ) ) ;
#2340 = CARTESIAN_POINT ( 'NONE',  ( -5.937132349038842349, 4.500000000000001776, 23.73476015470289369 ) ) ;
#2341 = CARTESIAN_POINT ( 'NONE',  ( -15.15132256540873890, 4.468563264546706826, 25.48955602484376826 ) ) ;
#2342 = CARTESIAN_POINT ( 'NONE',  ( -15.07198900468464586, 3.901573575295509411, 25.59876448989199105 ) ) ;
#2343 = CARTESIAN_POINT ( 'NONE',  ( -9.883982941741843220, 4.299999999999999822, 26.06340232508422261 ) ) ;
#2344 = CARTESIAN_POINT ( 'NONE',  ( -15.07894843695835974, 3.904157519088746753, 25.55763313908983392 ) ) ;
#2345 = CARTESIAN_POINT ( 'NONE',  ( -15.06204178893428214, 4.497429375383632078, 25.56665199592596593 ) ) ;
#2346 = CARTESIAN_POINT ( 'NONE',  ( -15.25916457022799477, 4.389603019785033311, 25.57633246169819330 ) ) ;
#2347 = CARTESIAN_POINT ( 'NONE',  ( -15.15322737643975692, 3.918351141945327853, 25.52589353773534597 ) ) ;
#2348 = CARTESIAN_POINT ( 'NONE',  ( -15.24117161075595561, 3.987102001951203789, 25.58240564005851780 ) ) ;
#2349 = CARTESIAN_POINT ( 'NONE',  ( -15.07378426799397886, 3.901718867247732536, 25.59802185008833675 ) ) ;
#2350 = CARTESIAN_POINT ( 'NONE',  ( -15.20283773426825213, 3.950363381929420825, 25.58710721126587728 ) ) ;
#2351 = CARTESIAN_POINT ( 'NONE',  ( -15.12954368383406312, 4.481263102475383064, 25.51234378880802467 ) ) ;
#2352 = CARTESIAN_POINT ( 'NONE',  ( -6.780848962187887352, 3.899999999993555289, 30.78539292333683974 ) ) ;
#2353 = CARTESIAN_POINT ( 'NONE',  ( -15.04920187863019443, 3.900074896212271103, 25.59656463677697502 ) ) ;
#2354 = CARTESIAN_POINT ( 'NONE',  ( -15.19247928652882074, 4.433920959786475713, 25.45000233013602298 ) ) ;
#2355 = CARTESIAN_POINT ( 'NONE',  ( -15.13201133015568800, 3.910827100319306915, 25.54016526373508711 ) ) ;
#2356 = CARTESIAN_POINT ( 'NONE',  ( -15.16243970221137971, 4.037632478055916074, 25.40462849349269092 ) ) ;
#2357 = CARTESIAN_POINT ( 'NONE',  ( -15.27967125848646290, 4.099999999998172662, 25.42013125668432494 ) ) ;
#2358 = CARTESIAN_POINT ( 'NONE',  ( -15.05185462956707276, 4.499858677649748451, 25.59373573707045679 ) ) ;
#2359 = CARTESIAN_POINT ( 'NONE',  ( -10.43638689379721285, 4.499999999991818100, 29.34867612000162751 ) ) ;
#2360 = CARTESIAN_POINT ( 'NONE',  ( -15.13184764950437255, 4.488234738434931259, 25.58057924557893514 ) ) ;
#2361 = CARTESIAN_POINT ( 'NONE',  ( -15.18292715236487211, 4.457617251948597037, 25.47486020641871463 ) ) ;
#2362 = CARTESIAN_POINT ( 'NONE',  ( -15.04321349346893655, 4.499994798915099459, 25.59874568467054701 ) ) ;
#2363 = CARTESIAN_POINT ( 'NONE',  ( -9.929783565287131353, 3.899999999999998135, 26.03770978971605032 ) ) ;
#2364 = CARTESIAN_POINT ( 'NONE',  ( -15.12651874602534008, 3.936005800955184153, 25.48070444886369401 ) ) ;
#2365 = CARTESIAN_POINT ( 'NONE',  ( -15.05089098145281312, 3.900577671582353467, 25.58436686615000966 ) ) ;
#2366 = CARTESIAN_POINT ( 'NONE',  ( -15.16387118502037268, 4.325033651057439421, 25.39628004435285646 ) ) ;
#2367 = CARTESIAN_POINT ( 'NONE',  ( -5.900018103692000082, 4.443225299592277189, 23.78857602746445465 ) ) ;
#2368 = CARTESIAN_POINT ( 'NONE',  ( -15.07800158246811684, 4.491652135367700360, 25.54028667623376236 ) ) ;
#2369 = CARTESIAN_POINT ( 'NONE',  ( -15.04136205888854683, 3.899999999999999023, 25.60037349240651849 ) ) ;
#2370 = CARTESIAN_POINT ( 'NONE',  ( -15.17666333541420443, 4.475076766409719298, 25.52400631735720538 ) ) ;
#2371 = CARTESIAN_POINT ( 'NONE',  ( -15.05742836319792488, 3.901077671229798760, 25.57839294184109136 ) ) ;
#2372 = CARTESIAN_POINT ( 'NONE',  ( -7.150802795949897650, 4.299999999999999822, 25.77669631803756189 ) ) ;
#2373 = CARTESIAN_POINT ( 'NONE',  ( -15.09718090750768482, 3.904326299242478093, 25.58789676132901647 ) ) ;
#2374 = CARTESIAN_POINT ( 'NONE',  ( -5.923410200144361148, 3.900000000001513811, 23.71215079622325206 ) ) ;
#2375 = CARTESIAN_POINT ( 'NONE',  ( -15.07091495126528002, 4.498020257014829326, 25.57109240738131817 ) ) ;
#2376 = CARTESIAN_POINT ( 'NONE',  ( -15.26085328084993087, 4.001554901600783865, 25.55793649902412312 ) ) ;
#2377 = CARTESIAN_POINT ( 'NONE',  ( -15.23128054732332437, 3.952575651254150113, 25.51463375678988044 ) ) ;
#2378 = CARTESIAN_POINT ( 'NONE',  ( -15.06713033264846402, 3.900816744705761341, 25.58551537763474570 ) ) ;
#2379 = CARTESIAN_POINT ( 'NONE',  ( -15.20339894043567952, 4.448569139815100826, 25.58833019467177294 ) ) ;
#2380 = CARTESIAN_POINT ( 'NONE',  ( -5.908125099698149363, 4.500000000000000000, 23.68661445273585286 ) ) ;
#2381 = CARTESIAN_POINT ( 'NONE',  ( -15.11412211361603930, 4.464180363348069669, 25.48119620095868143 ) ) ;
#2382 = CARTESIAN_POINT ( 'NONE',  ( -14.33478003370484188, 3.900000000000000799, 25.47022036117476773 ) ) ;
#2383 = CARTESIAN_POINT ( 'NONE',  ( -5.764860778171733813, 3.899999999999999467, 31.26628767456487523 ) ) ;
#2384 = CARTESIAN_POINT ( 'NONE',  ( -15.24715148662827069, 4.410025208133384389, 25.57415567873396256 ) ) ;
#2385 = CARTESIAN_POINT ( 'NONE',  ( -15.13076872020194230, 3.910964481729252817, 25.53820392992416188 ) ) ;
#2386 = CARTESIAN_POINT ( 'NONE',  ( -15.23193920648890654, 4.053902482560462595, 25.41082727611478376 ) ) ;
#2387 = CARTESIAN_POINT ( 'NONE',  ( -15.09772552211378738, 3.905401776012702886, 25.55577031550881273 ) ) ;
#2388 = CARTESIAN_POINT ( 'NONE',  ( -15.30720450100919550, 4.094868737940640102, 25.47754507756642184 ) ) ;
#2389 = CARTESIAN_POINT ( 'NONE',  ( -15.06231913120100785, 4.499411896261522159, 25.58642692953814546 ) ) ;
#2390 = CARTESIAN_POINT ( 'NONE',  ( -10.99910720310065315, 4.499999999999997335, 29.12531424307981709 ) ) ;
#2391 = CARTESIAN_POINT ( 'NONE',  ( -15.14116683395027430, 4.486272901804650992, 25.57382088239049978 ) ) ;
#2392 = CARTESIAN_POINT ( 'NONE',  ( -5.882222397437260497, 4.500000000000000000, 23.64308500210110253 ) ) ;
#2393 = CARTESIAN_POINT ( 'NONE',  ( -15.17466387807139228, 4.453291026221546822, 25.46737852336985952 ) ) ;
#2394 = CARTESIAN_POINT ( 'NONE',  ( -15.04271160446965006, 4.499999999999999112, 25.60026761061300604 ) ) ;
#2395 = CARTESIAN_POINT ( 'NONE',  ( -15.29570389265752794, 3.899999999999997691, 25.54079555748124264 ) ) ;
#2396 = CARTESIAN_POINT ( 'NONE',  ( -15.12193029292606106, 3.934792032849204091, 25.48254241980169965 ) ) ;
#2397 = EDGE_LOOP ( 'NONE', ( #4999, #253, #3878, #1105 ) ) ;
#2398 = CARTESIAN_POINT ( 'NONE',  ( -15.29265910846309495, 4.345507985850080246, 25.52440805180565064 ) ) ;
#2399 = CARTESIAN_POINT ( 'NONE',  ( -15.28238399666747327, 4.100000000000000533, 25.57591044774448363 ) ) ;
#2400 = CARTESIAN_POINT ( 'NONE',  ( -15.10663403006909178, 4.492689810888204072, 25.59685505694311658 ) ) ;
#2401 = CARTESIAN_POINT ( 'NONE',  ( -15.20042736121693672, 4.450767856057160188, 25.58867086357060927 ) ) ;
#2402 = CARTESIAN_POINT ( 'NONE',  ( -6.900018103691998306, 4.199999847142954046, 29.69647591788961449 ) ) ;
#2403 = CARTESIAN_POINT ( 'NONE',  ( -15.08823255830001564, 3.902757272265954036, 25.58483452410136394 ) ) ;
#2404 =( NAMED_UNIT ( * ) PLANE_ANGLE_UNIT ( ) SI_UNIT ( $, .RADIAN. ) );
#2405 = CARTESIAN_POINT ( 'NONE',  ( -15.07247255352550219, 4.498831394539263506, 25.58334730418908975 ) ) ;
#2406 = CARTESIAN_POINT ( 'NONE',  ( -15.17211062589353254, 4.003361442783808677, 25.42069493690917170 ) ) ;
#2407 = CARTESIAN_POINT ( 'NONE',  ( -15.11159111650491660, 4.499999999999999112, 25.46056826346260848 ) ) ;
#2408 = CARTESIAN_POINT ( 'NONE',  ( -15.17227626444303823, 3.972446679111787393, 25.44088230068522094 ) ) ;
#2409 = CARTESIAN_POINT ( 'NONE',  ( -15.07046744560210705, 3.901063321151267971, 25.59102359995006637 ) ) ;
#2410 = CARTESIAN_POINT ( 'NONE',  ( -15.22029671044796117, 3.964923317776768652, 25.58508483541886136 ) ) ;
#2411 = CARTESIAN_POINT ( 'NONE',  ( -15.13749819899705251, 4.476687681548551900, 25.50388303964085779 ) ) ;
#2412 = CARTESIAN_POINT ( 'NONE',  ( -11.55072456121243007, 3.900000000000000355, 25.96441971490650147 ) ) ;
#2413 = CARTESIAN_POINT ( 'NONE',  ( -10.57614485962475293, 4.499999999999999112, 26.02573617168129161 ) ) ;
#2414 = CARTESIAN_POINT ( 'NONE',  ( -15.16725445075395307, 4.411202500516843372, 25.42894489622397813 ) ) ;
#2415 = CARTESIAN_POINT ( 'NONE',  ( -15.11844520188121166, 3.913309707743737320, 25.52519460381866878 ) ) ;
#2416 = CARTESIAN_POINT ( 'NONE',  ( -15.29314106410339846, 4.051385221215809906, 25.47314363721205055 ) ) ;
#2417 = CARTESIAN_POINT ( 'NONE',  ( -15.27461817543888856, 4.094905028305762862, 25.41681062845945860 ) ) ;
#2418 = CARTESIAN_POINT ( 'NONE',  ( -15.11894737024254454, 4.486923254355974500, 25.52608592357742978 ) ) ;
#2419 = CARTESIAN_POINT ( 'NONE',  ( -5.900018103691998306, 4.099999999999998757, 31.41451507187543513 ) ) ;
#2420 = CARTESIAN_POINT ( 'NONE',  ( -15.02440491738426687, 4.099999999999183409, 25.95934612382806961 ) ) ;
#2421 = CARTESIAN_POINT ( 'NONE',  ( -15.23220807622499606, 4.430907213385694376, 25.56907332844782132 ) ) ;
#2422 = CARTESIAN_POINT ( 'NONE',  ( -15.04223892100493920, 4.499999999999999112, 25.59949741027254788 ) ) ;
#2423 = CARTESIAN_POINT ( 'NONE',  ( -7.143630109668698047, 3.899999999999999467, 25.32460784973278223 ) ) ;
#2424 = CARTESIAN_POINT ( 'NONE',  ( -15.13364481865260025, 3.921734530403187868, 25.50641734783837933 ) ) ;
#2425 = CARTESIAN_POINT ( 'NONE',  ( -15.12066558423461515, 3.940621113688572041, 25.47434940331035591 ) ) ;
#2426 = CARTESIAN_POINT ( 'NONE',  ( -15.21221063793399431, 3.978572852646169888, 25.44727015335173093 ) ) ;
#2427 = CARTESIAN_POINT ( 'NONE',  ( -15.15165084353936287, 4.015932747545709169, 25.41317190951533789 ) ) ;
#2428 = CARTESIAN_POINT ( 'NONE',  ( -15.27977374820300938, 4.310987021781366835, 25.42112469979076295 ) ) ;
#2429 = CARTESIAN_POINT ( 'NONE',  ( -15.08527764727265641, 4.490645252192525305, 25.53668968826456620 ) ) ;
#2430 = CARTESIAN_POINT ( 'NONE',  ( -15.19849966322548340, 4.454498325147262072, 25.58282680163111067 ) ) ;
#2431 = CARTESIAN_POINT ( 'NONE',  ( -6.900018103691999194, 4.199999847142954046, 25.96689337877836223 ) ) ;
#2432 = CARTESIAN_POINT ( 'NONE',  ( -5.875254495851551795, 4.099999999999999645, 23.63136576563060842 ) ) ;
#2433 = CARTESIAN_POINT ( 'NONE',  ( -15.07004978939660411, 4.498795710631748435, 25.57937821523652389 ) ) ;
#2434 = CARTESIAN_POINT ( 'NONE',  ( -15.25519263031866046, 3.981988962821133349, 25.50404404266777547 ) ) ;
#2435 = CARTESIAN_POINT ( 'NONE',  ( -15.28519491151444676, 4.300000000000000711, 25.56930721179145394 ) ) ;
#2436 = CARTESIAN_POINT ( 'NONE',  ( -15.18996308752829627, 3.957924890108975635, 25.45669677466519687 ) ) ;
#2437 = CARTESIAN_POINT ( 'NONE',  ( -15.06673802895915770, 3.900763411929093927, 25.58855444139125623 ) ) ;
#2438 = CARTESIAN_POINT ( 'NONE',  ( -15.16273734480980906, 4.480747367030299522, 25.54815821019495914 ) ) ;
#2439 = CARTESIAN_POINT ( 'NONE',  ( -15.24459004192034683, 4.431876456867591685, 25.52832939476474294 ) ) ;
#2440 = CARTESIAN_POINT ( 'NONE',  ( -15.13197155061330434, 3.910196396724439971, 25.54565910497941061 ) ) ;
#2441 = CARTESIAN_POINT ( 'NONE',  ( -15.26566018613832121, 4.009628415103766663, 25.47019745186022632 ) ) ;
#2442 = CARTESIAN_POINT ( 'NONE',  ( -15.17585737884007813, 4.099999999998171774, 25.39506281162978496 ) ) ;
#2443 = CARTESIAN_POINT ( 'NONE',  ( -15.12502172396675881, 4.487653030709280344, 25.52962307255689467 ) ) ;
#2444 = CARTESIAN_POINT ( 'NONE',  ( -7.809952425750421590, 4.099999999999996980, 30.22390873169142367 ) ) ;
#2445 = CARTESIAN_POINT ( 'NONE',  ( -15.10031960616061397, 3.900000000000001688, 25.49297111382380621 ) ) ;
#2446 = CARTESIAN_POINT ( 'NONE',  ( -15.22674568398811346, 4.451049583764018713, 25.50898479432224164 ) ) ;
#2447 = CARTESIAN_POINT ( 'NONE',  ( -15.29645725821415958, 4.099999999999999645, 25.53851425692812072 ) ) ;
#2448 = CARTESIAN_POINT ( 'NONE',  ( -15.16975285650548777, 3.922150986613524459, 25.53363786313904527 ) ) ;
#2449 = CARTESIAN_POINT ( 'NONE',  ( -15.12171475182538494, 3.951181162582175777, 25.46157042447634211 ) ) ;
#2450 = CARTESIAN_POINT ( 'NONE',  ( -11.64737341587483499, 3.900000000000001688, 28.57274803413498176 ) ) ;
#2451 = VERTEX_POINT ( 'NONE', #5410 ) ;
#2452 = CARTESIAN_POINT ( 'NONE',  ( -15.29904849748891316, 4.311012664057519927, 25.44372819256821927 ) ) ;
#2453 = CARTESIAN_POINT ( 'NONE',  ( -15.11460595900029702, 4.490965675615906427, 25.59493132913899771 ) ) ;
#2454 = CARTESIAN_POINT ( 'NONE',  ( -15.20941765295932235, 4.456500674513154792, 25.55348272390142128 ) ) ;
#2455 = CARTESIAN_POINT ( 'NONE',  ( -15.07023015079761485, 4.497241954024707944, 25.56526205307572397 ) ) ;
#2456 = CARTESIAN_POINT ( 'NONE',  ( -15.04523151891543442, 3.900066949633139934, 25.59482414635227343 ) ) ;
#2457 = CARTESIAN_POINT ( 'NONE',  ( -15.26717256093523112, 4.002410877645879772, 25.53375211545661472 ) ) ;
#2458 = CARTESIAN_POINT ( 'NONE',  ( -15.29541387438644229, 4.299999999999999822, 25.54167577703225689 ) ) ;
#2459 = CARTESIAN_POINT ( 'NONE',  ( -15.10459729102018400, 3.905124917100992299, 25.57773886702641164 ) ) ;
#2460 = CARTESIAN_POINT ( 'NONE',  ( -15.20811695436291622, 3.949952036702895963, 25.47353095445507876 ) ) ;
#2461 = CARTESIAN_POINT ( 'NONE',  ( -15.06483479265649983, 3.900714882684444884, 25.58546538518200109 ) ) ;
#2462 = CARTESIAN_POINT ( 'NONE',  ( -15.15779522424885428, 4.479361270100989501, 25.52072570367392501 ) ) ;
#2463 = CARTESIAN_POINT ( 'NONE',  ( -11.10436283532042268, 3.900000000000000355, 25.79725390528622953 ) ) ;
#2464 = CARTESIAN_POINT ( 'NONE',  ( -15.24837464429912615, 4.402779818363267594, 25.58228487571289733 ) ) ;
#2465 = CARTESIAN_POINT ( 'NONE',  ( -15.15164096319377052, 3.919374996303012448, 25.58322436090869090 ) ) ;
#2466 = CARTESIAN_POINT ( 'NONE',  ( -15.27402712493860015, 4.025944128248544196, 25.55482181932344687 ) ) ;
#2467 = CARTESIAN_POINT ( 'NONE',  ( -15.27914451516274852, 4.089269390091247125, 25.42063560694823821 ) ) ;
#2468 = CARTESIAN_POINT ( 'NONE',  ( -15.07554500178897960, 3.901527070539556608, 25.57838044098738095 ) ) ;
#2469 = CARTESIAN_POINT ( 'NONE',  ( -7.274083777879902790, 4.499999999999999112, 30.26384487478568630 ) ) ;
#2470 = CARTESIAN_POINT ( 'NONE',  ( -15.15855708545236702, 4.475793237628584720, 25.59049071614137461 ) ) ;
#2471 = CARTESIAN_POINT ( 'NONE',  ( -10.27318302031306629, 4.099999999999998757, 29.40483492531086895 ) ) ;
#2472 = CARTESIAN_POINT ( 'NONE',  ( -5.900018103692000082, 3.905245646043364438, 31.22118434595411784 ) ) ;
#2473 = CARTESIAN_POINT ( 'NONE',  ( -15.22263396908974542, 3.899999999999999911, 25.68800097977178254 ) ) ;
#2474 = CARTESIAN_POINT ( 'NONE',  ( -15.19121693853235300, 4.451238108688187367, 25.46776318475490797 ) ) ;
#2475 = CARTESIAN_POINT ( 'NONE',  ( -7.540654938349647729, 3.899999999999997691, 25.55833967012907593 ) ) ;
#2476 = CARTESIAN_POINT ( 'NONE',  ( -15.14469157180780101, 3.917445591165319208, 25.52163646830137722 ) ) ;
#2477 = CARTESIAN_POINT ( 'NONE',  ( -15.07054291508117849, 3.905656588134625906, 25.55043066279376873 ) ) ;
#2478 = CARTESIAN_POINT ( 'NONE',  ( -15.29840113671624735, 4.310666646200380647, 25.53157594705172428 ) ) ;
#2479 = CARTESIAN_POINT ( 'NONE',  ( -15.10629084673071354, 4.494658845430531180, 25.56987248800834678 ) ) ;
#2480 = CARTESIAN_POINT ( 'NONE',  ( -7.496228171125800976, 4.099999999999999645, 25.30524803242097320 ) ) ;
#2481 = CARTESIAN_POINT ( 'NONE',  ( -15.19827873067638713, 4.465338002261924011, 25.54329835488461597 ) ) ;
#2482 = CARTESIAN_POINT ( 'NONE',  ( -5.901388503569607202, 4.099999999999999645, 23.67532026363750930 ) ) ;
#2483 = CARTESIAN_POINT ( 'NONE',  ( -15.07012344452092556, 4.494443888641867169, 25.55122653724171400 ) ) ;
#2484 = CARTESIAN_POINT ( 'NONE',  ( -5.905186319716349885, 3.899999999999995914, 31.41048585484686129 ) ) ;
#2485 = CARTESIAN_POINT ( 'NONE',  ( -15.04950920843386974, 3.900081112325600952, 25.59705687864614987 ) ) ;
#2486 = CARTESIAN_POINT ( 'NONE',  ( -15.22055421818522980, 4.072821955390600657, 25.40207028746359796 ) ) ;
#2487 = ADVANCED_FACE ( 'NONE', ( #4844 ), #1909, .T. ) ;
#2488 = CARTESIAN_POINT ( 'NONE',  ( -15.29601787473582597, 4.299999999999999822, 25.53985162399458275 ) ) ;
#2489 = CARTESIAN_POINT ( 'NONE',  ( -15.10890119107134133, 3.906413137439598948, 25.58517805369485032 ) ) ;
#2490 = CARTESIAN_POINT ( 'NONE',  ( -15.20465102282496517, 3.941450624182751383, 25.48639265041192559 ) ) ;
#2491 = CARTESIAN_POINT ( 'NONE',  ( -15.06242259259072469, 3.900767196745893006, 25.58281313904969778 ) ) ;
#2492 = CARTESIAN_POINT ( 'NONE',  ( -15.06058556188194153, 4.499320192515049222, 25.58359488061315901 ) ) ;
#2493 = CARTESIAN_POINT ( 'NONE',  ( -15.17677952185750989, 4.469881326427176838, 25.57765653985536503 ) ) ;
#2494 = CARTESIAN_POINT ( 'NONE',  ( -15.18258065375432686, 3.899999999999999467, 25.59588014346579499 ) ) ;
#2495 = CARTESIAN_POINT ( 'NONE',  ( -15.24370740608963182, 4.433551691130550587, 25.52419828059695561 ) ) ;
#2496 = CARTESIAN_POINT ( 'NONE',  ( -15.12120706885450261, 3.908838953914216319, 25.54489220295117136 ) ) ;
#2497 = CARTESIAN_POINT ( 'NONE',  ( -15.23730083090783438, 4.019237485311276892, 25.43173478950885169 ) ) ;
#2498 = CARTESIAN_POINT ( 'NONE',  ( -15.28447665789124876, 4.089374422682239718, 25.57048107339487331 ) ) ;
#2499 = CARTESIAN_POINT ( 'NONE',  ( -6.030963882372818219, 4.299999999998781242, 31.31355404113569563 ) ) ;
#2500 = CARTESIAN_POINT ( 'NONE',  ( -14.68158981507597183, 4.499999999999998224, 25.63422125587709388 ) ) ;
#2501 = CARTESIAN_POINT ( 'NONE',  ( -15.09941897234467234, 4.475809474585238590, 25.50081947267446125 ) ) ;
#2502 = CARTESIAN_POINT ( 'NONE',  ( -9.251469042574946400, 4.099999999999999645, 29.70872846714057403 ) ) ;
#2503 = CARTESIAN_POINT ( 'NONE',  ( -15.08235272753085177, 3.899999999999999467, 25.53087583794486548 ) ) ;
#2504 = CARTESIAN_POINT ( 'NONE',  ( -15.05741862761901473, 3.900303755559263674, 25.59295883159091645 ) ) ;
#2505 = CARTESIAN_POINT ( 'NONE',  ( -15.23985514049007683, 4.413851704239810658, 25.58357231064768200 ) ) ;
#2506 = CARTESIAN_POINT ( 'NONE',  ( -15.10564078201358917, 3.899999999999999467, 25.47853606143426219 ) ) ;
#2507 = CARTESIAN_POINT ( 'NONE',  ( -15.11627537590844206, 3.926662627357369040, 25.49564033101249549 ) ) ;
#2508 = DIRECTION ( 'NONE',  ( 1.000000000000000000, 0.000000000000000000, -1.411534255948957470E-16 ) ) ;
#2509 = CARTESIAN_POINT ( 'NONE',  ( -15.09009457437681512, 3.902948850008427950, 25.58305277664781130 ) ) ;
#2510 = CARTESIAN_POINT ( 'NONE',  ( -15.30479539390326771, 4.310984581667312021, 25.46073954391814809 ) ) ;
#2511 = CARTESIAN_POINT ( 'NONE',  ( -15.18090179145555041, 3.936034186588759365, 25.58940809288474938 ) ) ;
#2512 = CARTESIAN_POINT ( 'NONE',  ( -15.09383838513038256, 4.493800836736805415, 25.54982762022734732 ) ) ;
#2513 = CARTESIAN_POINT ( 'NONE',  ( -6.967405545086577057, 4.100000000000000533, 24.95571147239660093 ) ) ;
#2514 = CARTESIAN_POINT ( 'NONE',  ( -15.13041753271970791, 4.436474729007142237, 25.44868569357458554 ) ) ;
#2515 = CARTESIAN_POINT ( 'NONE',  ( -15.15132258522844921, 3.948066889421176562, 25.46444624491634912 ) ) ;
#2516 = CARTESIAN_POINT ( 'NONE',  ( -6.782294307564026958, 3.900000000000000355, 25.06246579262491281 ) ) ;
#2517 = CARTESIAN_POINT ( 'NONE',  ( -15.07145257316950548, 4.494937506365402236, 25.55324286108983856 ) ) ;
#2518 = CARTESIAN_POINT ( 'NONE',  ( -5.939354037920446139, 4.099999999999997868, 31.38392457998293139 ) ) ;
#2519 = CARTESIAN_POINT ( 'NONE',  ( -15.04961160126805098, 3.900083799046886401, 25.59722091959184453 ) ) ;
#2520 = CARTESIAN_POINT ( 'NONE',  ( -15.28060873273594211, 4.075033817045845552, 25.57623159129219204 ) ) ;
#2521 = CARTESIAN_POINT ( 'NONE',  ( -15.29500796187529410, 4.500000000000005329, 25.54290144636930293 ) ) ;
#2522 = CARTESIAN_POINT ( 'NONE',  ( -15.08086864542752714, 3.905439979737640233, 25.55146393579327935 ) ) ;
#2523 = CARTESIAN_POINT ( 'NONE',  ( -15.18834470825918004, 3.947374079222244703, 25.46866627915516545 ) ) ;
#2524 = EDGE_CURVE ( 'NONE', #2167, #3262, #6072, .T. ) ;
#2525 = CARTESIAN_POINT ( 'NONE',  ( -15.06861147820440294, 3.900933618258870528, 25.59165167476467317 ) ) ;
#2526 = CARTESIAN_POINT ( 'NONE',  ( -15.05290208762384019, 4.499142139174765909, 25.58076685386879490 ) ) ;
#2527 = CARTESIAN_POINT ( 'NONE',  ( -15.19034111243757579, 4.458774730676027254, 25.58689943550271551 ) ) ;
#2528 = CARTESIAN_POINT ( 'NONE',  ( -15.18365471487480711, 3.899999999999999467, 25.59597895876033746 ) ) ;
#2529 = CARTESIAN_POINT ( 'NONE',  ( -15.24035566275657416, 4.437915981354199957, 25.51179803275632096 ) ) ;
#2530 = CARTESIAN_POINT ( 'NONE',  ( -15.13172498462817650, 3.909986806241800839, 25.56282658650116346 ) ) ;
#2531 = CARTESIAN_POINT ( 'NONE',  ( -15.27941413419084959, 4.022026828262755593, 25.51424471680000039 ) ) ;
#2532 = CARTESIAN_POINT ( 'NONE',  ( -15.17500695090697427, 4.080014446235575853, 25.39608572112328488 ) ) ;
#2533 = CARTESIAN_POINT ( 'NONE',  ( -15.16695405691568332, 3.990415563668688215, 25.42784057343981274 ) ) ;
#2534 = CARTESIAN_POINT ( 'NONE',  ( -9.295946603148891541, 4.299999999999999822, 29.69704931530147007 ) ) ;
#2535 = CARTESIAN_POINT ( 'NONE',  ( -15.14671737187536316, 4.484662832236838703, 25.57210614396164061 ) ) ;
#2536 = CARTESIAN_POINT ( 'NONE',  ( -9.324060241080307065, 4.500000000000000888, 29.48133156668738764 ) ) ;
#2537 = CARTESIAN_POINT ( 'NONE',  ( -11.75932694915105259, 4.099999999996708944, 28.73941096306839427 ) ) ;
#2538 = CARTESIAN_POINT ( 'NONE',  ( -15.05476611245646623, 3.900329378129720581, 25.58869298851894314 ) ) ;
#2539 = CARTESIAN_POINT ( 'NONE',  ( -15.18891409072976906, 4.444479643418230097, 25.45922806176616859 ) ) ;
#2540 = CARTESIAN_POINT ( 'NONE',  ( -15.11078374826621484, 3.933131955307715089, 25.48531764561854729 ) ) ;
#2541 = CARTESIAN_POINT ( 'NONE',  ( -15.08142348954685552, 3.911217720609429627, 25.53122648320048071 ) ) ;
#2542 = CARTESIAN_POINT ( 'NONE',  ( -15.15591180295860418, 4.299999999999950973, 25.39459165795264894 ) ) ;
#2543 = CARTESIAN_POINT ( 'NONE',  ( -15.08733253699121235, 3.902548404041345620, 25.57834701422799384 ) ) ;
#2544 = CARTESIAN_POINT ( 'NONE',  ( -15.22462459813831259, 4.305234437463240305, 25.39951823659115249 ) ) ;
#2545 = CARTESIAN_POINT ( 'NONE',  ( -12.65674802946140964, 4.299999999999186251, 28.14009632385416637 ) ) ;
#2546 = CARTESIAN_POINT ( 'NONE',  ( -15.09517157317461411, 3.904869848762383633, 25.59708683074273239 ) ) ;
#2547 = CARTESIAN_POINT ( 'NONE',  ( -15.10053266254434767, 4.494900364172845109, 25.56043162282361081 ) ) ;
#2548 = CARTESIAN_POINT ( 'NONE',  ( -12.94034456708489600, 4.300000000000813394, 27.92295583577680418 ) ) ;
#2549 = CARTESIAN_POINT ( 'NONE',  ( -15.13256405065711263, 4.445637547998213535, 25.45772092554796018 ) ) ;
#2550 = CARTESIAN_POINT ( 'NONE',  ( -15.21428929098911809, 3.948330678944399263, 25.55772072756649393 ) ) ;
#2551 = CARTESIAN_POINT ( 'NONE',  ( -14.19281167159169676, 4.299999999999998934, 26.83661822626017113 ) ) ;
#2552 = CARTESIAN_POINT ( 'NONE',  ( -7.161078363562344506, 4.099999999999999645, 25.09457219860382793 ) ) ;
#2553 = CARTESIAN_POINT ( 'NONE',  ( -15.08142446412141524, 4.497801808337553275, 25.57354475687482420 ) ) ;
#2554 = CARTESIAN_POINT ( 'NONE',  ( -15.04348131203016159, 3.900004488209480424, 25.59916528025329185 ) ) ;
#2555 = CARTESIAN_POINT ( 'NONE',  ( -15.30096909681348016, 4.071834597086678720, 25.50375567440235969 ) ) ;
#2556 = CARTESIAN_POINT ( 'NONE',  ( -14.79385423135901334, 4.499999999999999112, 25.92321267067703872 ) ) ;
#2557 = CARTESIAN_POINT ( 'NONE',  ( -15.10617090502590365, 3.905886129785012706, 25.58580705803262489 ) ) ;
#2558 = CARTESIAN_POINT ( 'NONE',  ( -15.19328068498716533, 3.938810368571907805, 25.48459079550766759 ) ) ;
#2559 = CARTESIAN_POINT ( 'NONE',  ( -15.07016400283575130, 3.901145052440336602, 25.59427200896716315 ) ) ;
#2560 = CARTESIAN_POINT ( 'NONE',  ( -15.05805710549392096, 4.499626005512122440, 25.58927110520276216 ) ) ;
#2561 = CARTESIAN_POINT ( 'NONE',  ( -15.18283925553624591, 4.468922862378527761, 25.56801852652484541 ) ) ;
#2562 = CARTESIAN_POINT ( 'NONE',  ( -15.16779689851647461, 3.899999999999999467, 25.59492007443479622 ) ) ;
#2563 = CARTESIAN_POINT ( 'NONE',  ( -15.25768271584993307, 4.402845405082852714, 25.55946704858481411 ) ) ;
#2564 = CARTESIAN_POINT ( 'NONE',  ( -15.14771920948546757, 3.916167212131878461, 25.57498290278645214 ) ) ;
#2565 = CARTESIAN_POINT ( 'NONE',  ( -15.16141214573494089, 4.033277753010906075, 25.40609789384043538 ) ) ;
#2566 = CARTESIAN_POINT ( 'NONE',  ( -15.25344361773024993, 3.992850138816257832, 25.56370074235313794 ) ) ;
#2567 = CARTESIAN_POINT ( 'NONE',  ( -8.959213296022886297, 4.299999999999180034, 29.79628432515542968 ) ) ;
#2568 = CARTESIAN_POINT ( 'NONE',  ( -15.16317737896154227, 4.474353914298827561, 25.58750013831973646 ) ) ;
#2569 = CARTESIAN_POINT ( 'NONE',  ( -15.00970759664130583, 4.500000000000000000, 25.64816250983701451 ) ) ;
#2570 = CARTESIAN_POINT ( 'NONE',  ( -13.79994413643481543, 3.900000000000000799, 26.92802842780398365 ) ) ;
#2571 = CARTESIAN_POINT ( 'NONE',  ( -15.04932215314439858, 3.900265240000682976, 25.58943522737184040 ) ) ;
#2572 = CARTESIAN_POINT ( 'NONE',  ( -15.21688602039414207, 4.456861950281947315, 25.50010631174925280 ) ) ;
#2573 = CARTESIAN_POINT ( 'NONE',  ( -15.15395063421344268, 3.915927007218263256, 25.54474177195190165 ) ) ;
#2574 = CARTESIAN_POINT ( 'NONE',  ( -15.18782611186537856, 4.500000000000000000, 25.39568905105322116 ) ) ;
#2575 = CARTESIAN_POINT ( 'NONE',  ( -15.08979735944392786, 3.903095129267861729, 25.58754338206948020 ) ) ;
#2576 = CARTESIAN_POINT ( 'NONE',  ( -15.04674101633112926, 4.499958180619782588, 25.59974706443833270 ) ) ;
#2577 = CARTESIAN_POINT ( 'NONE',  ( -11.23968935712880857, 4.500000000000000888, 28.78976060407845239 ) ) ;
#2578 = CARTESIAN_POINT ( 'NONE',  ( -15.11248047005251394, 4.492323200564283248, 25.54753757378124490 ) ) ;
#2579 = CARTESIAN_POINT ( 'NONE',  ( -14.95391450395843513, 4.099999999999997868, 25.40687435781070036 ) ) ;
#2580 = CARTESIAN_POINT ( 'NONE',  ( -15.20119993053337382, 4.465573733676648338, 25.53061657950132357 ) ) ;
#2581 = CARTESIAN_POINT ( 'NONE',  ( -15.12586197403658872, 3.957421952369412743, 25.45462689741948381 ) ) ;
#2582 = DIRECTION ( 'NONE',  ( 0.000000000000000000, 0.000000000000000000, -1.000000000000000000 ) ) ;
#2583 = CARTESIAN_POINT ( 'NONE',  ( -15.28870446108842884, 4.360394641724328224, 25.50539342487984129 ) ) ;
#2584 = CARTESIAN_POINT ( 'NONE',  ( -6.339221681322483981, 4.099999999998494182, 24.31835147265207553 ) ) ;
#2585 = CARTESIAN_POINT ( 'NONE',  ( -15.07977148653825772, 4.497685643726343940, 25.57087319518413793 ) ) ;
#2586 = CARTESIAN_POINT ( 'NONE',  ( -15.04621375718289400, 3.900029272473251041, 25.59887458840076491 ) ) ;
#2587 = CARTESIAN_POINT ( 'NONE',  ( -15.29835160275409045, 4.072417748280807714, 25.52104121942392823 ) ) ;
#2588 = CARTESIAN_POINT ( 'NONE',  ( -13.88644614103172081, 4.499999999999998224, 26.84828696663467085 ) ) ;
#2589 = CARTESIAN_POINT ( 'NONE',  ( -15.08703245298236872, 3.903880458333677694, 25.56126067189000040 ) ) ;
#2590 = CARTESIAN_POINT ( 'NONE',  ( -15.23461395330884649, 3.968956567875816521, 25.56341837868295741 ) ) ;
#2591 = CARTESIAN_POINT ( 'NONE',  ( -15.06362572154923640, 4.499217645859307169, 25.59850621301279006 ) ) ;
#2592 = CARTESIAN_POINT ( 'NONE',  ( -15.26476654664416088, 4.300000000000820499, 25.41152944842197670 ) ) ;
#2593 = CARTESIAN_POINT ( 'NONE',  ( -15.17300103148843071, 4.476540201117342299, 25.54699754006374590 ) ) ;
#2594 = CARTESIAN_POINT ( 'NONE',  ( -15.19282174002052521, 3.899999999999999467, 25.39603050442444498 ) ) ;
#2595 = CARTESIAN_POINT ( 'NONE',  ( -15.25520672305644077, 4.418094185253349515, 25.52455879753426160 ) ) ;
#2596 = CARTESIAN_POINT ( 'NONE',  ( -15.10696813257665383, 3.915395724758542695, 25.51900951141750795 ) ) ;
#2597 = CARTESIAN_POINT ( 'NONE',  ( -15.20889982836507848, 3.999201036747336513, 25.43154929283053534 ) ) ;
#2598 = CARTESIAN_POINT ( 'NONE',  ( -15.20987781735956013, 3.967529049384010520, 25.45537335547567537 ) ) ;
#2599 = CARTESIAN_POINT ( 'NONE',  ( -15.07140146076227438, 3.901916410590417605, 25.57169836860342116 ) ) ;
#2600 = CARTESIAN_POINT ( 'NONE',  ( -9.979885916559117831, 4.300000000001636735, 29.50044620840692389 ) ) ;
#2601 = CARTESIAN_POINT ( 'NONE',  ( -13.47234479610776958, 4.500000000003012701, 25.56868049234573093 ) ) ;
#2602 = CARTESIAN_POINT ( 'NONE',  ( -15.14994324397807191, 4.485480540158365059, 25.55366034400667274 ) ) ;
#2603 = CARTESIAN_POINT ( 'NONE',  ( -14.29557886140838363, 4.500000000000002665, 26.45524612788133112 ) ) ;
#2604 = CARTESIAN_POINT ( 'NONE',  ( -11.43851163202967491, 4.100000000001645439, 28.91340833928141407 ) ) ;
#2605 = CARTESIAN_POINT ( 'NONE',  ( -15.06125782609339403, 3.900648449482006175, 25.59936990173291349 ) ) ;
#2606 = CARTESIAN_POINT ( 'NONE',  ( -15.16195803992035174, 4.422047256316783859, 25.43626724608152401 ) ) ;
#2607 = CARTESIAN_POINT ( 'NONE',  ( -15.16452427221137889, 3.921382571383664306, 25.56553766585894749 ) ) ;
#2608 = CARTESIAN_POINT ( 'NONE',  ( -15.18364332675408868, 3.935805503408538186, 25.58354932767033674 ) ) ;
#2609 = B_SPLINE_CURVE_WITH_KNOTS ( 'NONE', 3,
 ( #5930, #1979, #5446, #5389, #1402, #566, #1919, #3883, #2972, #5331, #2513, #3365, #3485, #4469, #5899, #981, #485, #2480, #3397, #4439, #4938, #3938, #90, #5843, #5871, #56, #2040, #3995, #5359, #1436, #924, #2006, #512, #4387, #2887, #6360, #1951, #5064, #1556, #3068, #2170, #3134, #2075, #6068, #4573, #5993, #3617, #1210, #2579, #5580, #4540, #3521, #4063, #6031 ),
 .UNSPECIFIED., .F., .F.,
 ( 4, 2, 2, 2, 2, 2, 2, 2, 2, 2, 2, 2, 2, 2, 2, 2, 2, 2, 2, 2, 2, 2, 2, 2, 2, 2, 4 ),
 ( 0.000000000000000000, 0.008052385127708287099, 0.01207857769156243065, 0.01610477025541657420, 0.03220954051083314840, 0.04831431076624972260, 0.05032740704817669636, 0.05234050333010366318, 0.05636669589395779806, 0.06441908102166594985, 0.08052385127708219792, 0.08455004384093624259, 0.08857623640479027338, 0.09662862153249836272, 0.1127333917879144581, 0.1288381620433305674, 0.1368905471710386013, 0.1449429322987466628, 0.1610477025541626195, 0.1771524728095785484, 0.1932572430649945050, 0.2254667835758262517, 0.2415715538312420974, 0.2496239389589499924, 0.2536501315228039122, 0.2556632278047307749, 0.2576763240866576377 ),
 .UNSPECIFIED. ) ;
#2610 = CARTESIAN_POINT ( 'NONE',  ( -14.93385538695824266, 4.499999999999624301, 25.40875969051865724 ) ) ;
#2611 = CARTESIAN_POINT ( 'NONE',  ( -15.07860931054630171, 3.902465667915067105, 25.56881621132599136 ) ) ;
#2612 = CARTESIAN_POINT ( 'NONE',  ( -15.04961288964664590, 4.499910923906914384, 25.59489216617141594 ) ) ;
#2613 = CARTESIAN_POINT ( 'NONE',  ( -15.10829407204205488, 4.491398075148683056, 25.54115179447402184 ) ) ;
#2614 = CARTESIAN_POINT ( 'NONE',  ( -15.20840911330798306, 4.460463540907345426, 25.53896233013637129 ) ) ;
#2615 = CARTESIAN_POINT ( 'NONE',  ( -15.21247847679722476, 3.944931810070756217, 25.55101666946763217 ) ) ;
#2616 = DIRECTION ( 'NONE',  ( 1.000000000000000000, -0.000000000000000000, -1.411534255948957224E-16 ) ) ;
#2617 = CARTESIAN_POINT ( 'NONE',  ( -15.29308187273235831, 4.349028658084946208, 25.47398492423743832 ) ) ;
#2618 = CARTESIAN_POINT ( 'NONE',  ( -6.153888136980743440, 3.899999999999999911, 24.06553659870254691 ) ) ;
#2619 = CARTESIAN_POINT ( 'NONE',  ( -15.07198900468464586, 3.901573575295509411, 25.59876448989199105 ) ) ;
#2620 = CARTESIAN_POINT ( 'NONE',  ( -15.08000426950750317, 4.497193014619140783, 25.56651822680441555 ) ) ;
#2621 = CARTESIAN_POINT ( 'NONE',  ( -15.04316826440461163, 3.900005565932154639, 25.59865099855847959 ) ) ;
#2622 = CARTESIAN_POINT ( 'NONE',  ( -15.28126529904124098, 4.079880820481479375, 25.57611255736657085 ) ) ;
#2623 = CARTESIAN_POINT ( 'NONE',  ( -13.67023045618537225, 4.500000000004899192, 27.31497045364867660 ) ) ;
#2624 = CARTESIAN_POINT ( 'NONE',  ( -15.23224390610312895, 3.972797868885447503, 25.46713553947735065 ) ) ;
#2625 = CARTESIAN_POINT ( 'NONE',  ( -15.09006663448528585, 3.903297951958841772, 25.56854030412454293 ) ) ;
#2626 = CARTESIAN_POINT ( 'NONE',  ( -15.23341594547594013, 3.975837582765405998, 25.57948546336622897 ) ) ;
#2627 = CARTESIAN_POINT ( 'NONE',  ( -15.06797539118206863, 4.498965530263888901, 25.58090673781766000 ) ) ;
#2628 = CARTESIAN_POINT ( 'NONE',  ( -15.13921687630243795, 4.483140505747456039, 25.59449886072453495 ) ) ;
#2629 = CARTESIAN_POINT ( 'NONE',  ( -15.29316879605918089, 4.300000000000820499, 25.54844446528368351 ) ) ;
#2630 = CARTESIAN_POINT ( 'NONE',  ( -15.14282183320745112, 4.466582738486830628, 25.48509067752195634 ) ) ;
#2631 = CARTESIAN_POINT ( 'NONE',  ( -15.16989470988214350, 3.899999999999927081, 25.39488317583865751 ) ) ;
#2632 = CARTESIAN_POINT ( 'NONE',  ( -15.25314701160645114, 4.409307376641669052, 25.56042674225402322 ) ) ;
#2633 = CARTESIAN_POINT ( 'NONE',  ( -15.12113062298537258, 3.908210754328722114, 25.57334069095336915 ) ) ;
#2634 = CARTESIAN_POINT ( 'NONE',  ( -15.21792144392015800, 3.967529435378985170, 25.46026927496784609 ) ) ;
#2635 = CARTESIAN_POINT ( 'NONE',  ( -15.06260315580649944, 3.902454965021795008, 25.56734927052495010 ) ) ;
#2636 = VECTOR ( 'NONE', #2715, 39.37007874015748143 ) ;
#2637 = CARTESIAN_POINT ( 'NONE',  ( -12.24011827649408879, 4.299999999999999822, 25.70090024967238307 ) ) ;
#2638 = CARTESIAN_POINT ( 'NONE',  ( -15.16803372742044687, 4.470566699324349358, 25.59201019124173015 ) ) ;
#2639 = CARTESIAN_POINT ( 'NONE',  ( -14.95961142806673649, 4.500000000000000888, 25.71750499897129316 ) ) ;
#2640 = CARTESIAN_POINT ( 'NONE',  ( -14.19635868858130934, 4.100000000000817657, 26.83125663941256178 ) ) ;
#2641 = CARTESIAN_POINT ( 'NONE',  ( -15.05059868854063865, 3.900280963372281917, 25.58913341960614574 ) ) ;
#2642 = CARTESIAN_POINT ( 'NONE',  ( -15.23442036405877431, 4.443147470424705148, 25.52781015172561752 ) ) ;
#2643 = CARTESIAN_POINT ( 'NONE',  ( -15.10533943579093830, 3.899999999999999467, 25.47944858165551452 ) ) ;
#2644 = CARTESIAN_POINT ( 'NONE',  ( -15.12661710979893570, 3.916462054820944783, 25.51730737428088602 ) ) ;
#2645 = CARTESIAN_POINT ( 'NONE',  ( -15.08459049864194945, 4.487050240109973664, 25.52629209759753337 ) ) ;
#2646 = CARTESIAN_POINT ( 'NONE',  ( -14.98891651237798150, 4.500000000000376588, 25.40397108522557801 ) ) ;
#2647 = ORIENTED_EDGE ( 'NONE', *, *, #5370, .T. ) ;
#2648 = CARTESIAN_POINT ( 'NONE',  ( -15.04634956579198679, 4.499963244980334842, 25.59672639516655224 ) ) ;
#2649 = CARTESIAN_POINT ( 'NONE',  ( -15.08766745984436142, 4.485113835667192461, 25.52099267283527695 ) ) ;
#2650 = CARTESIAN_POINT ( 'NONE',  ( -15.18857556964097633, 4.467680241953821074, 25.49914118190726242 ) ) ;
#2651 = CARTESIAN_POINT ( 'NONE',  ( -15.21602083884537926, 3.957926860767435606, 25.57865707591139071 ) ) ;
#2652 = CARTESIAN_POINT ( 'NONE',  ( -15.27010932941566423, 4.299999999999998934, 25.60454888391886641 ) ) ;
#2653 = CARTESIAN_POINT ( 'NONE',  ( -15.27592372322425973, 4.384486885940098944, 25.51661715551834320 ) ) ;
#2654 = CARTESIAN_POINT ( 'NONE',  ( -8.673875472757979210, 3.900000000002257661, 25.72097238169879319 ) ) ;
#2655 = CARTESIAN_POINT ( 'NONE',  ( -15.09013907211092587, 4.496990889789111101, 25.57350599773763022 ) ) ;
#2656 = CARTESIAN_POINT ( 'NONE',  ( -15.04289672278295242, 3.900008320189021660, 25.59817261064093685 ) ) ;
#2657 = CARTESIAN_POINT ( 'NONE',  ( -14.97757084779571279, 4.499999999999999112, 25.69331252423454615 ) ) ;
#2658 = CARTESIAN_POINT ( 'NONE',  ( -15.16783493273434047, 3.992493267868582052, 25.42661035107378709 ) ) ;
#2659 = CARTESIAN_POINT ( 'NONE',  ( -15.07847581974597695, 3.904749625579085670, 25.55458610541819553 ) ) ;
#2660 = CARTESIAN_POINT ( 'NONE',  ( -15.30466886060983533, 4.089227095466183570, 25.46003797598400098 ) ) ;
#2661 = CARTESIAN_POINT ( 'NONE',  ( -15.13164125333831045, 3.967448709269917995, 25.44509044132562181 ) ) ;
#2662 = CARTESIAN_POINT ( 'NONE',  ( -15.06286768104997797, 4.499202959782697242, 25.58240539270675029 ) ) ;
#2663 = CARTESIAN_POINT ( 'NONE',  ( -15.28031709879531519, 4.300000000000820499, 25.42060355177617126 ) ) ;
#2664 = CARTESIAN_POINT ( 'NONE',  ( -15.16058907616752727, 4.478299655655950673, 25.51874447408399149 ) ) ;
#2665 = CARTESIAN_POINT ( 'NONE',  ( -13.20969559991199915, 4.299999999999997158, 27.70603132395332224 ) ) ;
#2666 = CARTESIAN_POINT ( 'NONE',  ( -15.20516764657990727, 4.419688982574740521, 25.44302408523256531 ) ) ;
#2667 = CARTESIAN_POINT ( 'NONE',  ( -15.13102982867086155, 3.911364390701896898, 25.57957189269979636 ) ) ;
#2668 = CARTESIAN_POINT ( 'NONE',  ( -15.24975090084952001, 3.996382451397032742, 25.46123683443143193 ) ) ;
#2669 = CARTESIAN_POINT ( 'NONE',  ( -15.21639998096986979, 3.959708951715856351, 25.46724488343099679 ) ) ;
#2670 = CARTESIAN_POINT ( 'NONE',  ( -15.07319588867942883, 3.901243158673538769, 25.58935042031251683 ) ) ;
#2671 = CARTESIAN_POINT ( 'NONE',  ( -8.631438178317441867, 4.299999999999999822, 25.71165507243041048 ) ) ;
#2672 = CARTESIAN_POINT ( 'NONE',  ( -15.10686497068649992, 4.471654239754440319, 25.49312008011058595 ) ) ;
#2673 = CARTESIAN_POINT ( 'NONE',  ( -12.40809674936449092, 4.499999999999999112, 28.07623731160857616 ) ) ;
#2674 = CARTESIAN_POINT ( 'NONE',  ( -10.14236331507468414, 4.500000000000000888, 26.03661742758650632 ) ) ;
#2675 = CARTESIAN_POINT ( 'NONE',  ( -13.49118544052869595, 3.899999999990223287, 27.47082906744986985 ) ) ;
#2676 = CARTESIAN_POINT ( 'NONE',  ( -15.05481006910777531, 3.900266672145775715, 25.59843618178097557 ) ) ;
#2677 = CARTESIAN_POINT ( 'NONE',  ( -15.18020111915798687, 4.431771907878160555, 25.44534077911285763 ) ) ;
#2678 = CARTESIAN_POINT ( 'NONE',  ( -15.14667377166312967, 3.913438323863636548, 25.54828878373954382 ) ) ;
#2679 = CARTESIAN_POINT ( 'NONE',  ( -15.12031874567614942, 4.452263271410708434, 25.46541004786226026 ) ) ;
#2680 = CARTESIAN_POINT ( 'NONE',  ( -15.19769756831043317, 4.500000000000000000, 25.39643147317162430 ) ) ;
#2681 = VERTEX_POINT ( 'NONE', #324 ) ;
#2682 = CARTESIAN_POINT ( 'NONE',  ( -15.04714641841131240, 4.499959967388475590, 25.59803943375019486 ) ) ;
#2683 = CARTESIAN_POINT ( 'NONE',  ( -15.11128483663435418, 4.493777249364027782, 25.57285688271003110 ) ) ;
#2684 = CARTESIAN_POINT ( 'NONE',  ( -15.21917160993608675, 4.450534105454361899, 25.54997367116221696 ) ) ;
#2685 = CARTESIAN_POINT ( 'NONE',  ( -15.20883574704197372, 3.954978463564791102, 25.58643558826264552 ) ) ;
#2686 = CARTESIAN_POINT ( 'NONE',  ( -5.900018103692000082, 3.956839760330564282, 23.78843865730873119 ) ) ;
#2687 = CARTESIAN_POINT ( 'NONE',  ( -15.27852068341356251, 4.350727060001306157, 25.56783834380082965 ) ) ;
#2688 = CARTESIAN_POINT ( 'NONE',  ( -5.900018103691999194, 4.333314067059099273, 23.67836966721549530 ) ) ;
#2689 = CARTESIAN_POINT ( 'NONE',  ( -15.09594742343101892, 4.495403850152375647, 25.59323860705078246 ) ) ;
#2690 = CARTESIAN_POINT ( 'NONE',  ( -15.04545336658330079, 3.900022699474773979, 25.59765838120443249 ) ) ;
#2691 = CARTESIAN_POINT ( 'NONE',  ( -14.70354094320271798, 4.500000000004901857, 26.32276762589533092 ) ) ;
#2692 = CARTESIAN_POINT ( 'NONE',  ( -15.04136205888854327, 4.500000000000001776, 25.60037349240651849 ) ) ;
#2693 = CARTESIAN_POINT ( 'NONE',  ( -15.08499426501208340, 3.904289161508489148, 25.55799283605045247 ) ) ;
#2694 = CARTESIAN_POINT ( 'NONE',  ( -15.21616689766847053, 3.942267335422494856, 25.52601229897090462 ) ) ;
#2695 = CARTESIAN_POINT ( 'NONE',  ( -15.06666949784375120, 4.499244466733276937, 25.58864774145345322 ) ) ;
#2696 = CARTESIAN_POINT ( 'NONE',  ( -15.04433012661566416, 4.499954398417371770, 25.59572702857694537 ) ) ;
#2697 = CARTESIAN_POINT ( 'NONE',  ( -15.30721295711263963, 4.300000000000822276, 25.47821206445451736 ) ) ;
#2698 = CARTESIAN_POINT ( 'NONE',  ( -15.19869157056140985, 3.899999999999999467, 25.59736237288393568 ) ) ;
#2699 = CARTESIAN_POINT ( 'NONE',  ( -15.18263171810771439, 4.409091788275378399, 25.42934469960628263 ) ) ;
#2700 = CARTESIAN_POINT ( 'NONE',  ( -15.12561317082670698, 3.908959644374613962, 25.56965897216963413 ) ) ;
#2701 = CARTESIAN_POINT ( 'NONE',  ( -15.22481745305651124, 3.994158745922602005, 25.44221480774344712 ) ) ;
#2702 = CARTESIAN_POINT ( 'NONE',  ( -15.22060699643381021, 3.956221030606014377, 25.47533482278424444 ) ) ;
#2703 = CARTESIAN_POINT ( 'NONE',  ( -15.08037701316811940, 3.902417830376191610, 25.59667236216381170 ) ) ;
#2704 = CARTESIAN_POINT ( 'NONE',  ( -8.073535594854110542, 4.300000000000001599, 25.56479818649071944 ) ) ;
#2705 = CARTESIAN_POINT ( 'NONE',  ( -15.12575854495213790, 4.483141217291147562, 25.51628612033543675 ) ) ;
#2706 = CARTESIAN_POINT ( 'NONE',  ( -7.289879251997399834, 4.500000000001882050, 25.18115381778752493 ) ) ;
#2707 = CARTESIAN_POINT ( 'NONE',  ( -9.921666676742887603, 3.899999999999998135, 29.30905596849365935 ) ) ;
#2708 = CARTESIAN_POINT ( 'NONE',  ( -15.04768247650343049, 3.900092451556965045, 25.59409112893647631 ) ) ;
#2709 = CARTESIAN_POINT ( 'NONE',  ( -15.24078727849064130, 4.417723219922994993, 25.57527618073237363 ) ) ;
#2710 = CARTESIAN_POINT ( 'NONE',  ( -15.16581852334442360, 3.927198601204341166, 25.58833404158299274 ) ) ;
#2711 = CARTESIAN_POINT ( 'NONE',  ( -15.13461243058776695, 4.428953682885403254, 25.44180387484199102 ) ) ;
#2712 = EDGE_LOOP ( 'NONE', ( #786, #3166, #3394 ) ) ;
#2713 = CARTESIAN_POINT ( 'NONE',  ( -15.04833428622062463, 4.499923582594079541, 25.59994396662630578 ) ) ;
#2714 = CARTESIAN_POINT ( 'NONE',  ( -15.13149509820279448, 4.486487784623554909, 25.59165150468363237 ) ) ;
#2715 = DIRECTION ( 'NONE',  ( 1.000000000000000000, -0.000000000000000000, -1.411534255948957224E-16 ) ) ;
#2716 = CARTESIAN_POINT ( 'NONE',  ( -5.900018103691999194, 4.048967115782848403, 31.40629674943396665 ) ) ;
#2717 = CARTESIAN_POINT ( 'NONE',  ( -15.20953051775422082, 4.459084388357004158, 25.54230097272499833 ) ) ;
#2718 = CARTESIAN_POINT ( 'NONE',  ( -8.356308947252692576, 3.899999999999999023, 25.85330212461323995 ) ) ;
#2719 = CARTESIAN_POINT ( 'NONE',  ( -15.15645336769834728, 3.922544427849199433, 25.51238535001276375 ) ) ;
#2720 = CARTESIAN_POINT ( 'NONE',  ( -5.900018103692000082, 4.080493757439669800, 23.67445546735859452 ) ) ;
#2721 = CARTESIAN_POINT ( 'NONE',  ( -15.26867363979535774, 4.363791829738056904, 25.44268373113617088 ) ) ;
#2722 = CARTESIAN_POINT ( 'NONE',  ( -6.400885538219426962, 4.499999999999999112, 24.69615186281385633 ) ) ;
#2723 = CARTESIAN_POINT ( 'NONE',  ( -15.09769627665568592, 4.494724825106450439, 25.59633079952963897 ) ) ;
#2724 = CARTESIAN_POINT ( 'NONE',  ( -15.04136205888854683, 3.899999999999999023, 25.60037349240651849 ) ) ;
#2725 = CARTESIAN_POINT ( 'NONE',  ( -15.07167284674897800, 3.901501985067110656, 25.59819756383985734 ) ) ;
#2726 = CARTESIAN_POINT ( 'NONE',  ( -15.04136205888854327, 4.499999999999999112, 25.60037349240651139 ) ) ;
#2727 = CARTESIAN_POINT ( 'NONE',  ( -15.09203410277628699, 3.903297406662446178, 25.57180018166576119 ) ) ;
#2728 = CARTESIAN_POINT ( 'NONE',  ( -15.22581089998904957, 3.970178672452855384, 25.58440785002121487 ) ) ;
#2729 = CARTESIAN_POINT ( 'NONE',  ( -15.24204454616344329, 4.299999999999999822, 25.40055680338844013 ) ) ;
#2730 = CARTESIAN_POINT ( 'NONE',  ( -15.06646853404712871, 4.498842406962335616, 25.57846786104161652 ) ) ;
#2731 = CARTESIAN_POINT ( 'NONE',  ( -15.30209698796944373, 4.300000000000820499, 25.44878262131830482 ) ) ;
#2732 = CARTESIAN_POINT ( 'NONE',  ( -10.51408135543649358, 4.299999999999999822, 29.32062619476876719 ) ) ;
#2733 = CARTESIAN_POINT ( 'NONE',  ( -15.26318875381964801, 4.391320673668071883, 25.46639667075119817 ) ) ;
#2734 = CARTESIAN_POINT ( 'NONE',  ( -15.14221759402383327, 3.915654397095981398, 25.58290429126923016 ) ) ;
#2735 = CARTESIAN_POINT ( 'NONE',  ( -15.16241853065048595, 4.018667761055199072, 25.41225227560384070 ) ) ;
#2736 = EDGE_CURVE ( 'NONE', #5736, #2167, #1850, .T. ) ;
#2737 = CARTESIAN_POINT ( 'NONE',  ( -15.19708561834614891, 3.967687417125957516, 25.44979036441268860 ) ) ;
#2738 = CARTESIAN_POINT ( 'NONE',  ( -15.07761247474122435, 3.902085080460374389, 25.59697973894790834 ) ) ;
#2739 = CARTESIAN_POINT ( 'NONE',  ( -10.98404968007795723, 4.299999999999998046, 25.80530028276227483 ) ) ;
#2740 = CARTESIAN_POINT ( 'NONE',  ( -15.15864356175993777, 4.482310528202336108, 25.55276364144715373 ) ) ;
#2741 = CARTESIAN_POINT ( 'NONE',  ( -9.191136353670986026, 4.500000000002995826, 25.79937184892935775 ) ) ;
#2742 = CARTESIAN_POINT ( 'NONE',  ( -10.66280112777443456, 3.899999999992633359, 29.26468695728519620 ) ) ;
#2743 = CARTESIAN_POINT ( 'NONE',  ( -15.04826557985115443, 3.900135951199803053, 25.59260981308409200 ) ) ;
#2744 = CARTESIAN_POINT ( 'NONE',  ( -15.17638051269747024, 4.422187034425804519, 25.43731020928814246 ) ) ;
#2745 = CARTESIAN_POINT ( 'NONE',  ( -15.13932451006646396, 3.912010689687156706, 25.54114747411935582 ) ) ;
#2746 = FACE_OUTER_BOUND ( 'NONE', #1328, .T. ) ;
#2747 = CARTESIAN_POINT ( 'NONE',  ( -15.05432005853781341, 4.499645545252977108, 25.58802515492700991 ) ) ;
#2748 = CARTESIAN_POINT ( 'NONE',  ( -15.09651736412037515, 4.478336148110184212, 25.50578881987248536 ) ) ;
#2749 = DIRECTION ( 'NONE',  ( 0.000000000000000000, 0.000000000000000000, -1.000000000000000000 ) ) ;
#2750 = CARTESIAN_POINT ( 'NONE',  ( -5.900018103691996529, 4.041876814152830732, 31.40374400365255170 ) ) ;
#2751 = CARTESIAN_POINT ( 'NONE',  ( -15.21631893514765466, 4.441286244145549844, 25.57984588491278899 ) ) ;
#2752 = CARTESIAN_POINT ( 'NONE',  ( -5.900018103691999194, 4.409463872697851450, 31.37336862864836462 ) ) ;
#2753 = CARTESIAN_POINT ( 'NONE',  ( -15.18514643915130335, 3.928078653083872940, 25.54031322831285422 ) ) ;
#2754 = CARTESIAN_POINT ( 'NONE',  ( -15.30190685764059566, 4.323118631802056910, 25.46240717277474630 ) ) ;
#2755 = CARTESIAN_POINT ( 'NONE',  ( -14.83678499444758891, 4.499999999999999112, 25.61865961822691062 ) ) ;
#2756 = CARTESIAN_POINT ( 'NONE',  ( -15.08353866202111249, 4.495810977221393223, 25.55825174612012418 ) ) ;
#2757 = CARTESIAN_POINT ( 'NONE',  ( -15.06165400235374818, 3.900488905716420263, 25.59252143087550735 ) ) ;
#2758 = CARTESIAN_POINT ( 'NONE',  ( -15.04136205888854505, 4.500000000000001776, 25.60037349240651849 ) ) ;
#2759 = CARTESIAN_POINT ( 'NONE',  ( -15.08223533076612100, 3.902539930967773962, 25.56990474099714916 ) ) ;
#2760 = CARTESIAN_POINT ( 'NONE',  ( -15.15877786765428503, 3.946517901178472343, 25.46639108500371051 ) ) ;
#2761 = CARTESIAN_POINT ( 'NONE',  ( -15.20038738007958301, 4.500000000000000000, 25.39667409490838423 ) ) ;
#2762 = CARTESIAN_POINT ( 'NONE',  ( -15.07107171418135749, 4.498692487639588400, 25.59605968106307117 ) ) ;
#2763 = CARTESIAN_POINT ( 'NONE',  ( -15.21587654848900684, 3.899999999999999467, 25.59894341759658687 ) ) ;
#2764 = CARTESIAN_POINT ( 'NONE',  ( -15.25775944365868497, 4.404404228135426536, 25.47599731349281527 ) ) ;
#2765 = CARTESIAN_POINT ( 'NONE',  ( -15.16979127011658157, 3.922715125942926040, 25.55575658675798678 ) ) ;
#2766 = CARTESIAN_POINT ( 'NONE',  ( -15.23433440905018443, 3.957200243626250558, 25.49883630570510817 ) ) ;
#2767 = CARTESIAN_POINT ( 'NONE',  ( -15.08634622390133551, 3.903303037704947354, 25.59688209828775030 ) ) ;
#2768 = CARTESIAN_POINT ( 'NONE',  ( -15.05983743520962292, 4.299999999999998046, 25.39827034271359096 ) ) ;
#2769 = CARTESIAN_POINT ( 'NONE',  ( -15.22599018469601084, 4.429058930725699561, 25.58551829133583766 ) ) ;
#2770 = CARTESIAN_POINT ( 'NONE',  ( -15.15616061466819176, 4.483248703553622150, 25.55374966340312781 ) ) ;
#2771 = CARTESIAN_POINT ( 'NONE',  ( -10.57576544384449413, 3.899999999999998135, 26.02575125406890777 ) ) ;
#2772 = CARTESIAN_POINT ( 'NONE',  ( -7.414399802798852690, 4.499999999999999112, 25.48842082703618317 ) ) ;
#2773 = CARTESIAN_POINT ( 'NONE',  ( -6.673146518247056846, 3.900000000000000355, 30.61679576976481698 ) ) ;
#2774 = CARTESIAN_POINT ( 'NONE',  ( -15.05219311053816433, 3.900147088887565339, 25.59418046218732457 ) ) ;
#2775 = CARTESIAN_POINT ( 'NONE',  ( -15.22481042633042669, 4.442824833879623903, 25.47941909739218502 ) ) ;
#2776 = CARTESIAN_POINT ( 'NONE',  ( -15.13501414351589602, 3.913455175023332178, 25.52917368593980285 ) ) ;
#2777 = ORIENTED_EDGE ( 'NONE', *, *, #4823, .T. ) ;
#2778 = CARTESIAN_POINT ( 'NONE',  ( -15.05351493177207445, 4.499584630943580521, 25.58669020604663658 ) ) ;
#2779 = CARTESIAN_POINT ( 'NONE',  ( -15.11605981718034819, 4.490080337301149527, 25.53711603638316774 ) ) ;
#2780 = CARTESIAN_POINT ( 'NONE',  ( -15.14542443136315519, 4.425791829612714778, 25.43907959702499610 ) ) ;
#2781 = CARTESIAN_POINT ( 'NONE',  ( -10.95526598810939767, 3.899999999999998135, 26.00739579586643657 ) ) ;
#2782 = CARTESIAN_POINT ( 'NONE',  ( -15.17517615645187057, 3.927340815527356366, 25.50680025498485648 ) ) ;
#2783 = CARTESIAN_POINT ( 'NONE',  ( -15.27497236158544425, 4.329528300604708058, 25.42446381101927955 ) ) ;
#2784 = CARTESIAN_POINT ( 'NONE',  ( -8.708926476865487487, 4.500000000000000888, 25.93111697180498609 ) ) ;
#2785 = CARTESIAN_POINT ( 'NONE',  ( -15.08120157264366590, 3.902653518940653932, 25.59814827325710240 ) ) ;
#2786 = CARTESIAN_POINT ( 'NONE',  ( -15.11091775251604119, 4.492069009306266736, 25.59391584225505412 ) ) ;
#2787 = CARTESIAN_POINT ( 'NONE',  ( -15.04136205888854683, 3.899999999999998135, 25.60037349240651849 ) ) ;
#2788 = CARTESIAN_POINT ( 'NONE',  ( -15.13569373956431008, 4.451711577178048884, 25.46446512041320176 ) ) ;
#2789 = CARTESIAN_POINT ( 'NONE',  ( -15.06140918807015439, 3.900472841531071211, 25.59212331559343667 ) ) ;
#2790 = CARTESIAN_POINT ( 'NONE',  ( -15.10204434518801087, 3.906225614589294182, 25.59652880460001612 ) ) ;
#2791 = CARTESIAN_POINT ( 'NONE',  ( -15.20041282607568611, 4.299999999999999822, 25.39667647545189766 ) ) ;
#2792 = CARTESIAN_POINT ( 'NONE',  ( -15.07085890414490237, 4.498832725300391466, 25.58069564220240721 ) ) ;
#2793 = CARTESIAN_POINT ( 'NONE',  ( -10.83827507530206979, 4.299999999999999822, 29.19423890182747172 ) ) ;
#2794 = CARTESIAN_POINT ( 'NONE',  ( -15.26707052162814371, 4.400005433142160527, 25.50494967664268486 ) ) ;
#2795 = CARTESIAN_POINT ( 'NONE',  ( -15.17994946799266565, 3.932142244611817272, 25.57852508760188570 ) ) ;
#2796 = CARTESIAN_POINT ( 'NONE',  ( -15.27150164174737945, 4.077397638241504474, 25.41916415495199644 ) ) ;
#2797 = CARTESIAN_POINT ( 'NONE',  ( -15.24193001892981414, 3.963662387212519622, 25.51456775167677904 ) ) ;
#2798 = CARTESIAN_POINT ( 'NONE',  ( -15.06611064102347264, 3.900823139639713943, 25.58386380115755898 ) ) ;
#2799 = CARTESIAN_POINT ( 'NONE',  ( -15.20883574704197372, 3.954978463564791102, 25.58643558826264552 ) ) ;
#2800 = CARTESIAN_POINT ( 'NONE',  ( -15.17353602670265822, 4.467680668666878852, 25.59148782627182328 ) ) ;
#2801 = CARTESIAN_POINT ( 'NONE',  ( -6.471841322165995614, 4.500000000007472245, 24.47708437732050157 ) ) ;
#2802 = CARTESIAN_POINT ( 'NONE',  ( -9.013877950156269137, 3.899999999999997691, 29.57111447666141046 ) ) ;
#2803 = CARTESIAN_POINT ( 'NONE',  ( -15.04964160589012678, 3.900094554362929511, 25.59487744881419502 ) ) ;
#2804 = CARTESIAN_POINT ( 'NONE',  ( -15.21759699895121898, 4.447962780958640394, 25.47889172796029200 ) ) ;
#2805 = CARTESIAN_POINT ( 'NONE',  ( -15.14972379902445709, 3.914881005254262192, 25.56001382291132984 ) ) ;
#2806 = CARTESIAN_POINT ( 'NONE',  ( -15.27556575464019417, 4.051378114930582086, 25.57712599143892263 ) ) ;
#2807 = CARTESIAN_POINT ( 'NONE',  ( -15.24128815060062792, 4.099999999998172662, 25.40336072447785654 ) ) ;
#2808 = CARTESIAN_POINT ( 'NONE',  ( -15.05613469497637169, 4.499717395058671521, 25.59101939419681315 ) ) ;
#2809 = CARTESIAN_POINT ( 'NONE',  ( -15.13459301867191265, 4.486521894569002633, 25.58569734479192803 ) ) ;
#2810 = CARTESIAN_POINT ( 'NONE',  ( -5.900018103691998306, 4.199999847142954046, 29.69647591788961449 ) ) ;
#2811 = CARTESIAN_POINT ( 'NONE',  ( -15.14002998016740698, 4.417825192522419897, 25.43308885927308083 ) ) ;
#2812 = CARTESIAN_POINT ( 'NONE',  ( -15.04225261491943044, 4.500000000000001776, 25.59952110865637920 ) ) ;
#2813 = CARTESIAN_POINT ( 'NONE',  ( -14.93902223044026556, 3.899999999999999467, 25.60904317660434515 ) ) ;
#2814 = CARTESIAN_POINT ( 'NONE',  ( -15.15916970894243931, 3.918007103972923399, 25.54222147743347548 ) ) ;
#2815 = CARTESIAN_POINT ( 'NONE',  ( -15.12836205007329582, 3.937808969186918695, 25.47810056907154319 ) ) ;
#2816 = EDGE_CURVE ( 'NONE', #888, #1037, #3002, .T. ) ;
#2817 = CARTESIAN_POINT ( 'NONE',  ( -15.28853650094518279, 4.326304809412864216, 25.55506373116916663 ) ) ;
#2818 = SURFACE_STYLE_FILL_AREA ( #2885 ) ;
#2819 = CARTESIAN_POINT ( 'NONE',  ( -15.09228091701173646, 4.496685762555981292, 25.57231363691495218 ) ) ;
#2820 = CARTESIAN_POINT ( 'NONE',  ( -15.16511041867064158, 4.469831468594385626, 25.49450226623600457 ) ) ;
#2821 = CARTESIAN_POINT ( 'NONE',  ( -15.05831489845109949, 3.900938430292788528, 25.57984996331460081 ) ) ;
#2822 = CARTESIAN_POINT ( 'NONE',  ( -15.16488666016176268, 4.300000000000000711, 25.39478443551544373 ) ) ;
#2823 = CARTESIAN_POINT ( 'NONE',  ( -15.08640483576115798, 3.902878865965571986, 25.56960744786049844 ) ) ;
#2824 = CARTESIAN_POINT ( 'NONE',  ( -15.06595920004090772, 4.498298417606200417, 25.57281670463016354 ) ) ;
#2825 = CARTESIAN_POINT ( 'NONE',  ( -10.46719387379482136, 3.899999999999999467, 26.02974570055800285 ) ) ;
#2826 = CARTESIAN_POINT ( 'NONE',  ( -15.26860160146179091, 4.397744852205388355, 25.51460382115956804 ) ) ;
#2827 = CARTESIAN_POINT ( 'NONE',  ( -15.12828390407938706, 3.928720376487428556, 25.49222551530942482 ) ) ;
#2828 = CARTESIAN_POINT ( 'NONE',  ( -15.19620372638893002, 3.954761869332890534, 25.46185411223957473 ) ) ;
#2829 = CARTESIAN_POINT ( 'NONE',  ( -15.07278324314996709, 3.901499686578436599, 25.59625383846119462 ) ) ;
#2830 = CARTESIAN_POINT ( 'NONE',  ( -15.24722925121392691, 3.995007782058004775, 25.58156081946179938 ) ) ;
#2831 = CARTESIAN_POINT ( 'NONE',  ( -15.15963219023087483, 4.481325415483927266, 25.56053836229143172 ) ) ;
#2832 = CARTESIAN_POINT ( 'NONE',  ( -11.53481405567661966, 4.499999999996986411, 25.76504798509146354 ) ) ;
#2833 = CARTESIAN_POINT ( 'NONE',  ( -9.295819348164531704, 4.099999999999178968, 29.69708589850228719 ) ) ;
#2834 = CARTESIAN_POINT ( 'NONE',  ( -15.04722460513949045, 3.900042070888136259, 25.59814015431809153 ) ) ;
#2835 = CARTESIAN_POINT ( 'NONE',  ( -15.24395215079694132, 4.420817777321330411, 25.56236683780599961 ) ) ;
#2836 = CARTESIAN_POINT ( 'NONE',  ( -15.13539064657182998, 3.910562738030011420, 25.55150184720484674 ) ) ;
#2837 = CARTESIAN_POINT ( 'NONE',  ( -15.28511420533301468, 4.058077666948509687, 25.55593471452942467 ) ) ;
#2838 = CARTESIAN_POINT ( 'NONE',  ( -15.30218217283096571, 4.094847568560980200, 25.51923067048120686 ) ) ;
#2839 = CARTESIAN_POINT ( 'NONE',  ( -15.05477009530839894, 4.499741676427910342, 25.59851019471203415 ) ) ;
#2840 = CARTESIAN_POINT ( 'NONE',  ( -10.91812608016851627, 4.499999999999998224, 28.94241486535313967 ) ) ;
#2841 = CARTESIAN_POINT ( 'NONE',  ( -15.13416328164136537, 4.489529677089916682, 25.56082109456853146 ) ) ;
#2842 = CARTESIAN_POINT ( 'NONE',  ( -15.16463078131689102, 4.099999999999998757, 25.77684450732014199 ) ) ;
#2843 = CARTESIAN_POINT ( 'NONE',  ( -15.21882644810315632, 4.456883800757832859, 25.51313995641759647 ) ) ;
#2844 = CARTESIAN_POINT ( 'NONE',  ( -15.04313019410222907, 4.499994213226877093, 25.59860195545052264 ) ) ;
#2845 = CARTESIAN_POINT ( 'NONE',  ( -8.810069227937072256, 3.900000000000000355, 25.94845389675423419 ) ) ;
#2846 = CARTESIAN_POINT ( 'NONE',  ( -15.16178922253883421, 3.918886770340756609, 25.54706448990547685 ) ) ;
#2847 = CARTESIAN_POINT ( 'NONE',  ( -15.17971355614775675, 3.928109066767178081, 25.56152351685724611 ) ) ;
#2848 = CARTESIAN_POINT ( 'NONE',  ( -15.04522980809091948, 3.900073261443425476, 25.59388744327607768 ) ) ;
#2849 = CARTESIAN_POINT ( 'NONE',  ( -15.25151151563442831, 3.976562792299112470, 25.50567306502636811 ) ) ;
#2850 = CARTESIAN_POINT ( 'NONE',  ( -15.29035938209701406, 4.326580303966409247, 25.54957353775942863 ) ) ;
#2851 = FACE_OUTER_BOUND ( 'NONE', #4878, .T. ) ;
#2852 = CARTESIAN_POINT ( 'NONE',  ( -15.10526077740067130, 4.494419146241586560, 25.58408947679106404 ) ) ;
#2853 = CARTESIAN_POINT ( 'NONE',  ( -15.04136205888854683, 3.899999999999999911, 25.60037349240651849 ) ) ;
#2854 = CARTESIAN_POINT ( 'NONE',  ( -15.15632479566636626, 4.465607807551779551, 25.48465490356813490 ) ) ;
#2855 = CARTESIAN_POINT ( 'NONE',  ( -15.05423950617107209, 3.900869339776106060, 25.58045347555975724 ) ) ;
#2856 = DIRECTION ( 'NONE',  ( 1.000000000000000000, 0.000000000000000000, -1.411534255948957470E-16 ) ) ;
#2857 = CARTESIAN_POINT ( 'NONE',  ( -15.07300026522201719, 3.906216133897215670, 25.54839372918443274 ) ) ;
#2858 = CARTESIAN_POINT ( 'NONE',  ( -5.710314498475396405, 3.899999999999999467, 23.74529886749943586 ) ) ;
#2859 = CARTESIAN_POINT ( 'NONE',  ( -15.06700609277934433, 4.496356844196178315, 25.56027764987794271 ) ) ;
#2860 = CARTESIAN_POINT ( 'NONE',  ( -9.190859269735367931, 4.099999999999999645, 25.79934329124175463 ) ) ;
#2861 = CARTESIAN_POINT ( 'NONE',  ( -15.25877223061265830, 4.012702645529599543, 25.57985882610290318 ) ) ;
#2862 = CARTESIAN_POINT ( 'NONE',  ( -15.23142142160578416, 3.953155667786718119, 25.50524247523774335 ) ) ;
#2863 = CARTESIAN_POINT ( 'NONE',  ( -15.05845971778987646, 3.901726047173119660, 25.57275049962234803 ) ) ;
#2864 = CARTESIAN_POINT ( 'NONE',  ( -15.23625875415631370, 4.418125567834782608, 25.58409598094964466 ) ) ;
#2865 = CARTESIAN_POINT ( 'NONE',  ( -15.16779021603772826, 4.476039483772013661, 25.57141337764915434 ) ) ;
#2866 = CARTESIAN_POINT ( 'NONE',  ( -11.74947512660085280, 3.900000000001504041, 25.74669003608476459 ) ) ;
#2867 = CARTESIAN_POINT ( 'NONE',  ( -6.215481058431731931, 3.900000000002439737, 31.17545918294165119 ) ) ;
#2868 = CARTESIAN_POINT ( 'NONE',  ( -15.04613298361625695, 3.900040379413203695, 25.59637913845804036 ) ) ;
#2869 = CARTESIAN_POINT ( 'NONE',  ( -15.15333351343704926, 4.409758865147606066, 25.42741926160969612 ) ) ;
#2870 = CARTESIAN_POINT ( 'NONE',  ( -15.15743375309574148, 3.923370088288407054, 25.58930559296336682 ) ) ;
#2871 = CARTESIAN_POINT ( 'NONE',  ( -15.20533392112423776, 4.026014624576273349, 25.41558734254270391 ) ) ;
#2872 = CARTESIAN_POINT ( 'NONE',  ( -15.11075266714846244, 3.906080760234270866, 25.57206910992627868 ) ) ;
#2873 = CARTESIAN_POINT ( 'NONE',  ( -15.28238399666747682, 4.099999999998172662, 25.57591044774447653 ) ) ;
#2874 = CARTESIAN_POINT ( 'NONE',  ( -15.05065668690411762, 4.499899849938513441, 25.59660944704681995 ) ) ;
#2875 = CARTESIAN_POINT ( 'NONE',  ( -15.14029482427108242, 4.485854141989253030, 25.57834870740555644 ) ) ;
#2876 = CARTESIAN_POINT ( 'NONE',  ( -8.242654929115223794, 4.099999999999998757, 30.04129494009740498 ) ) ;
#2877 = CARTESIAN_POINT ( 'NONE',  ( -5.900018103691996529, 3.916761346212600525, 31.26407557556292005 ) ) ;
#2878 = CARTESIAN_POINT ( 'NONE',  ( -15.13604358097904168, 4.426086881253839422, 25.43951309409530026 ) ) ;
#2879 = CARTESIAN_POINT ( 'NONE',  ( -15.04136205888854683, 4.499999999999999112, 25.60037349240651849 ) ) ;
#2880 = CARTESIAN_POINT ( 'NONE',  ( -5.900018103691999194, 3.899999999999999911, 23.67301540326788611 ) ) ;
#2881 = CARTESIAN_POINT ( 'NONE',  ( -15.11622965215476633, 3.939325683552865609, 25.47625915656557538 ) ) ;
#2882 = CARTESIAN_POINT ( 'NONE',  ( -15.04274172591501113, 4.499999999999999112, 25.60031431825783343 ) ) ;
#2883 = CARTESIAN_POINT ( 'NONE',  ( -15.08684497969698235, 3.910289740009795789, 25.53370119336010546 ) ) ;
#2884 = CARTESIAN_POINT ( 'NONE',  ( -15.28583476840971578, 4.323218798736811586, 25.43098129551251319 ) ) ;
#2885 = FILL_AREA_STYLE ('',( #3331 ) ) ;
#2886 = CARTESIAN_POINT ( 'NONE',  ( -15.09425520862586723, 4.496525547342558937, 25.57558493545209544 ) ) ;
#2887 = CARTESIAN_POINT ( 'NONE',  ( -10.66590656134033388, 4.099999999999999645, 25.82168819331443999 ) ) ;
#2888 = CARTESIAN_POINT ( 'NONE',  ( -5.838464328236508294, 4.499999999999999112, 23.95467407178858110 ) ) ;
#2889 = CARTESIAN_POINT ( 'NONE',  ( -15.19001160373207426, 4.466705907743004467, 25.55996678259341337 ) ) ;
#2890 = DIRECTION ( 'NONE',  ( 0.000000000000000000, -1.000000000000000000, 0.000000000000000000 ) ) ;
#2891 = CARTESIAN_POINT ( 'NONE',  ( -15.07718245302368132, 3.901746814598834323, 25.57615986484944770 ) ) ;
#2892 = CARTESIAN_POINT ( 'NONE',  ( -15.08325594667404879, 4.497566634609631464, 25.59152648727246770 ) ) ;
#2893 = CARTESIAN_POINT ( 'NONE',  ( -15.23602104371984289, 3.991447233420100549, 25.45205616896216583 ) ) ;
#2894 = CARTESIAN_POINT ( 'NONE',  ( -15.23161270475505447, 4.499999999999997335, 25.67333363179852057 ) ) ;
#2895 = CARTESIAN_POINT ( 'NONE',  ( -15.17909186041822345, 3.968146127284861713, 25.44507660240513047 ) ) ;
#2896 = CARTESIAN_POINT ( 'NONE',  ( -15.07799260791029816, 3.902182817018315930, 25.59765636997489224 ) ) ;
#2897 = CARTESIAN_POINT ( 'NONE',  ( -15.23985514049007683, 4.413851704239810658, 25.58357231064768200 ) ) ;
#2898 = CARTESIAN_POINT ( 'NONE',  ( -15.14729305693472838, 4.476513635360766408, 25.50605301750838905 ) ) ;
#2899 = CARTESIAN_POINT ( 'NONE',  ( -11.74947512660206250, 4.100000000001505107, 25.74669003609782791 ) ) ;
#2900 = CARTESIAN_POINT ( 'NONE',  ( -5.816962211237973079, 3.899999999999997247, 31.22574613331027038 ) ) ;
#2901 = CARTESIAN_POINT ( 'NONE',  ( -15.24286316984621692, 4.433360673509466388, 25.50082642914275866 ) ) ;
#2902 = CARTESIAN_POINT ( 'NONE',  ( -15.15444654586844209, 3.920439260381566537, 25.58270248654871892 ) ) ;
#2903 = CARTESIAN_POINT ( 'NONE',  ( -15.28664485138345164, 4.057477178423890329, 25.55064936298620282 ) ) ;
#2904 = CARTESIAN_POINT ( 'NONE',  ( -15.10243502143702621, 3.905491788327951408, 25.55814605755876912 ) ) ;
#2905 = CARTESIAN_POINT ( 'NONE',  ( -15.29280707533430039, 4.094892931517389201, 25.43249706288342793 ) ) ;
#2906 = CARTESIAN_POINT ( 'NONE',  ( -15.14948292237142624, 4.483816260232607043, 25.57125000654527724 ) ) ;
#2907 = CARTESIAN_POINT ( 'NONE',  ( -5.900018103691998306, 4.299999999999999822, 31.41451507187543513 ) ) ;
#2908 = CARTESIAN_POINT ( 'NONE',  ( -15.06314962030915794, 3.900000000000409361, 25.91146126231390312 ) ) ;
#2909 = CARTESIAN_POINT ( 'NONE',  ( -15.19688842493711078, 4.456966847140403587, 25.47847206311185531 ) ) ;
#2910 = CARTESIAN_POINT ( 'NONE',  ( -15.04329769482368206, 4.499995231733266543, 25.59888895271638631 ) ) ;
#2911 = CARTESIAN_POINT ( 'NONE',  ( -15.12925700855165623, 3.929495501020475068, 25.49094549495535134 ) ) ;
#2912 = CARTESIAN_POINT ( 'NONE',  ( -15.15469786897988236, 4.377027761782208870, 25.41008199550095625 ) ) ;
#2913 = EDGE_LOOP ( 'NONE', ( #1520, #1366, #723, #2777 ) ) ;
#2914 = CARTESIAN_POINT ( 'NONE',  ( -15.30156443266323585, 4.310736764589011116, 25.52003375795914053 ) ) ;
#2915 = CARTESIAN_POINT ( 'NONE',  ( -15.09161701397166055, 4.496709276738519279, 25.57122170650426085 ) ) ;
#2916 = CARTESIAN_POINT ( 'NONE',  ( -15.13805421321010591, 4.453532096611656499, 25.46662497719770002 ) ) ;
#2917 = PLANE ( 'NONE',  #4582 ) ;
#2918 = CARTESIAN_POINT ( 'NONE',  ( -15.06654864536052862, 3.903838456814138880, 25.55930475450441364 ) ) ;
#2919 =( NAMED_UNIT ( * ) SI_UNIT ( $, .STERADIAN. ) SOLID_ANGLE_UNIT ( ) );
#2920 = CARTESIAN_POINT ( 'NONE',  ( -15.08087665635933128, 4.497434090850656041, 25.59766342885696488 ) ) ;
#2921 = CARTESIAN_POINT ( 'NONE',  ( -15.16801443145532424, 4.005537696254934055, 25.41910910079503694 ) ) ;
#2922 = B_SPLINE_CURVE_WITH_KNOTS ( 'NONE', 3,
 ( #3761, #1343, #774, #3186, #3276, #5723, #1284, #1314, #5630, #1255, #6183, #4723, #4233, #5241, #3701, #835, #5180, #4200, #5663, #1225, #1825, #370, #4658, #3220, #2732, #4754, #2793, #274, #4692, #304, #1763, #2313, #3307, #3733, #3248, #708, #2665, #3137, #3071, #6106, #2551, #3589, #4507, #4610, #5584, #4544, #2078, #4100, #2111, #633, #6036, #3038, #3171, #1657, #2652, #3103 ),
 .UNSPECIFIED., .F., .F.,
 ( 4, 2, 2, 2, 2, 2, 2, 2, 2, 2, 2, 2, 2, 2, 2, 2, 2, 2, 2, 2, 2, 2, 2, 2, 2, 2, 2, 4 ),
 ( 0.000000000000000000, 0.01762502180158874790, 0.03525004360317749580, 0.04406255450397190271, 0.05287506540476630268, 0.06168757630556071653, 0.07050008720635511650, 0.07931259810714952341, 0.08812510900794393032, 0.1057501308095326470, 0.1145626417103268735, 0.1233751526111211000, 0.1321876635119153265, 0.1410001744127095669, 0.1586251962142982141, 0.1762502180158868059, 0.1938752398174754255, 0.2026877507182696103, 0.2115002616190637397, 0.2291252834206521927, 0.2467503052222405902, 0.2555628161230349416, 0.2643753270238293207, 0.2687815824742264548, 0.2731878379246236443, 0.2775940933750207784, 0.2797972211002191512, 0.2820003488254175794 ),
 .UNSPECIFIED. ) ;
#2923 = CARTESIAN_POINT ( 'NONE',  ( -15.29162776258273126, 4.499999999999997335, 25.55265995503032528 ) ) ;
#2924 = CARTESIAN_POINT ( 'NONE',  ( -15.10315164936197263, 3.904818038624500165, 25.57527016984766632 ) ) ;
#2925 = CARTESIAN_POINT ( 'NONE',  ( -15.18511685958046264, 3.952760690194687676, 25.46124133315292326 ) ) ;
#2926 = CARTESIAN_POINT ( 'NONE',  ( -15.06157618295285872, 3.901145970836935817, 25.57780273606994115 ) ) ;
#2927 = CARTESIAN_POINT ( 'NONE',  ( -15.11689175169626687, 4.456790131026308721, 25.47116104916990054 ) ) ;
#2928 = CARTESIAN_POINT ( 'NONE',  ( -14.11883315094431524, 3.900000000000000355, 25.49488994629838956 ) ) ;
#2929 = CARTESIAN_POINT ( 'NONE',  ( -15.25108755064435506, 4.418147743711515751, 25.54811799338770584 ) ) ;
#2930 = CARTESIAN_POINT ( 'NONE',  ( -15.12470202350916182, 3.911121870800289724, 25.53423184673313884 ) ) ;
#2931 = CARTESIAN_POINT ( 'NONE',  ( -15.28612520101249395, 4.037569607548209483, 25.47716443255522023 ) ) ;
#2932 = CARTESIAN_POINT ( 'NONE',  ( -15.30529173586258729, 4.099999999998172662, 25.45960831396214274 ) ) ;
#2933 = CARTESIAN_POINT ( 'NONE',  ( -11.10997895582622874, 4.299999999998352251, 29.07515332216212656 ) ) ;
#2934 = CARTESIAN_POINT ( 'NONE',  ( -15.10401563110407253, 4.476679177057240722, 25.50218160847614968 ) ) ;
#2935 = CARTESIAN_POINT ( 'NONE',  ( -5.875252871612596905, 4.299999999999999822, 23.63136303384110803 ) ) ;
#2936 = CARTESIAN_POINT ( 'NONE',  ( -14.90614004506272749, 4.100000000000407319, 26.09904213384863425 ) ) ;
#2937 = CARTESIAN_POINT ( 'NONE',  ( -15.14979630122597953, 4.417447902457298348, 25.43270632826742883 ) ) ;
#2938 = CARTESIAN_POINT ( 'NONE',  ( -15.11166770646649127, 3.899999999999999467, 25.46028565700823521 ) ) ;
#2939 = CARTESIAN_POINT ( 'NONE',  ( -15.14135609952128370, 3.926407687013398373, 25.49809631250768405 ) ) ;
#2940 = CARTESIAN_POINT ( 'NONE',  ( -15.18230312956113437, 3.992351732261064878, 25.42832236799375067 ) ) ;
#2941 = CARTESIAN_POINT ( 'NONE',  ( -15.07579569450490631, 3.908128806686967938, 25.54116122593621796 ) ) ;
#2942 = CARTESIAN_POINT ( 'NONE',  ( -11.34596046106306488, 3.900000000000000355, 28.73601076716714786 ) ) ;
#2943 = CARTESIAN_POINT ( 'NONE',  ( -15.28031641552137465, 4.305238100858391981, 25.42060303053882464 ) ) ;
#2944 = CARTESIAN_POINT ( 'NONE',  ( -15.10283841875753552, 4.495218350765315840, 25.57470202399720804 ) ) ;
#2945 = CARTESIAN_POINT ( 'NONE',  ( -15.21213042454086839, 4.441652996393039565, 25.58729172151998199 ) ) ;
#2946 = AXIS2_PLACEMENT_3D ( 'NONE', #5805, #1916, #1400 ) ;
#2947 = CARTESIAN_POINT ( 'NONE',  ( -5.838456936392373287, 3.899999999999999467, 23.95466245377071246 ) ) ;
#2948 = CARTESIAN_POINT ( 'NONE',  ( -15.07866406940947535, 4.497556965945690877, 25.56910050740055951 ) ) ;
#2949 = CARTESIAN_POINT ( 'NONE',  ( -10.14200865404069418, 3.899999999999999467, 26.03662037869311519 ) ) ;
#2950 = CARTESIAN_POINT ( 'NONE',  ( -15.25818136421607818, 3.991100920640714200, 25.48640220346818452 ) ) ;
#2951 = CARTESIAN_POINT ( 'NONE',  ( -15.28769427726738428, 4.499999999999997335, 25.56317045283783074 ) ) ;
#2952 = CARTESIAN_POINT ( 'NONE',  ( -15.11105888121390528, 3.908038157803204182, 25.59444326222677901 ) ) ;
#2953 = CARTESIAN_POINT ( 'NONE',  ( -15.23428237257438234, 3.955351747983619770, 25.51326960842549951 ) ) ;
#2954 = CARTESIAN_POINT ( 'NONE',  ( -15.05864830475299954, 3.901250929501375531, 25.57672233625409319 ) ) ;
#2955 = CARTESIAN_POINT ( 'NONE',  ( -15.15140861986989407, 4.482761100641547536, 25.52874520860668994 ) ) ;
#2956 = CARTESIAN_POINT ( 'NONE',  ( -15.21794446092983044, 4.433462249900581575, 25.46162169172360024 ) ) ;
#2957 = CARTESIAN_POINT ( 'NONE',  ( -15.14987187705576055, 3.920762826704244919, 25.59238132533792864 ) ) ;
#2958 = CARTESIAN_POINT ( 'NONE',  ( -15.25384853018768005, 4.009777105268156561, 25.45192296721247871 ) ) ;
#2959 = CARTESIAN_POINT ( 'NONE',  ( -15.30171748959187106, 4.089422280160386336, 25.51946063842397905 ) ) ;
#2960 = CARTESIAN_POINT ( 'NONE',  ( -7.690366876022435072, 4.499999999999999112, 30.05608787617760669 ) ) ;
#2961 = CARTESIAN_POINT ( 'NONE',  ( -15.15754340732849670, 4.476846555265405314, 25.58825268362186378 ) ) ;
#2962 = CARTESIAN_POINT ( 'NONE',  ( -11.46177938669993246, 4.099999999999997868, 28.90114578363841602 ) ) ;
#2963 = CARTESIAN_POINT ( 'NONE',  ( -5.900018103691999194, 3.908362767632845181, 31.23562766177838412 ) ) ;
#2964 = CARTESIAN_POINT ( 'NONE',  ( -15.29182709453517042, 3.900000000000046985, 25.55211160534330261 ) ) ;
#2965 = CARTESIAN_POINT ( 'NONE',  ( -15.20392549094540691, 4.451143293282274982, 25.47296869775479067 ) ) ;
#2966 = CARTESIAN_POINT ( 'NONE',  ( -15.29615591199151581, 4.099999999999999645, 25.53942677714935172 ) ) ;
#2967 = CARTESIAN_POINT ( 'NONE',  ( -15.17724084838778431, 3.932246880264654187, 25.58434794837999604 ) ) ;
#2968 = CARTESIAN_POINT ( 'NONE',  ( -15.13968340625353015, 3.923526180908423200, 25.50388917168304204 ) ) ;
#2969 = CARTESIAN_POINT ( 'NONE',  ( -6.900018103691999194, 4.199999847142954046, 25.96689337877836223 ) ) ;
#2970 = CARTESIAN_POINT ( 'NONE',  ( -15.24755071787797611, 4.310857292486811154, 25.40565751698709462 ) ) ;
#2971 = CARTESIAN_POINT ( 'NONE',  ( -15.10367974018808823, 4.494565551404662074, 25.56025664883366133 ) ) ;
#2972 = CARTESIAN_POINT ( 'NONE',  ( -6.514508183070819136, 4.099999999999999645, 24.52521016347514049 ) ) ;
#2973 = CARTESIAN_POINT ( 'NONE',  ( -5.928566463321102376, 4.499999999999997335, 24.09146874870441479 ) ) ;
#2974 = CARTESIAN_POINT ( 'NONE',  ( -15.16118136623499346, 4.465303891010385939, 25.48458691566490231 ) ) ;
#2975 = FACE_BOUND ( 'NONE', #5193, .T. ) ;
#2976 = CARTESIAN_POINT ( 'NONE',  ( -15.08932523469089482, 4.496197435434128309, 25.59700204589958261 ) ) ;
#2977 = CARTESIAN_POINT ( 'NONE',  ( -15.05073403793431908, 3.900129046016175938, 25.59903949100789688 ) ) ;
#2978 = CARTESIAN_POINT ( 'NONE',  ( -15.10536236290135648, 4.499999999999999112, 25.47937984166437175 ) ) ;
#2979 = CARTESIAN_POINT ( 'NONE',  ( -15.07655227317765245, 3.907116079004242515, 25.54475801725811124 ) ) ;
#2980 = CARTESIAN_POINT ( 'NONE',  ( -15.17958848055035759, 3.952078368321030766, 25.46119225842503297 ) ) ;
#2981 = CARTESIAN_POINT ( 'NONE',  ( -15.06736498152796422, 3.900808013705671318, 25.58958367888329022 ) ) ;
#2982 = CARTESIAN_POINT ( 'NONE',  ( -15.06318663582395700, 4.499416077911436496, 25.58785249526631844 ) ) ;
#2983 = CARTESIAN_POINT ( 'NONE',  ( -15.14257592143422571, 4.478935467648797797, 25.51050383527140752 ) ) ;
#2984 = CARTESIAN_POINT ( 'NONE',  ( -14.66015742319745208, 4.100000000000000533, 25.43537110928636480 ) ) ;
#2985 = CARTESIAN_POINT ( 'NONE',  ( -15.18577400546484490, 4.422141154195934121, 25.43880314754649419 ) ) ;
#2986 = CARTESIAN_POINT ( 'NONE',  ( -15.12810603316015978, 3.909210254125968120, 25.55056610506591852 ) ) ;
#2987 = CARTESIAN_POINT ( 'NONE',  ( -15.27354867200245359, 4.017027041207060556, 25.47801854154668177 ) ) ;
#2988 = CARTESIAN_POINT ( 'NONE',  ( -15.08896044830895988, 3.905558676602130408, 25.55196582196928290 ) ) ;
#2989 = CARTESIAN_POINT ( 'NONE',  ( -15.17572442077422146, 4.089951038819231499, 25.39527585491015671 ) ) ;
#2990 = CARTESIAN_POINT ( 'NONE',  ( -15.20653392697472484, 3.968920709881833542, 25.45251562485230679 ) ) ;
#2991 = CARTESIAN_POINT ( 'NONE',  ( -6.215478552589633665, 4.300000000002436096, 31.17546102262687668 ) ) ;
#2992 = CARTESIAN_POINT ( 'NONE',  ( -13.04145069102134080, 4.499999999996986411, 25.61682204752554526 ) ) ;
#2993 = CARTESIAN_POINT ( 'NONE',  ( -15.13991399228250501, 4.488383587618133497, 25.55316927919405501 ) ) ;
#2994 = CARTESIAN_POINT ( 'NONE',  ( -5.896161449085564499, 4.500000000000000000, 23.66652893861852291 ) ) ;
#2995 = CARTESIAN_POINT ( 'NONE',  ( -5.900018103691996529, 3.969070596693565101, 31.35344093121257103 ) ) ;
#2996 = CARTESIAN_POINT ( 'NONE',  ( -15.09579832893333950, 3.900000000000001688, 25.50362195739718985 ) ) ;
#2997 = CARTESIAN_POINT ( 'NONE',  ( -15.05185555132312558, 3.900205949780412684, 25.59121925043686829 ) ) ;
#2998 = CARTESIAN_POINT ( 'NONE',  ( -15.22209122361560496, 4.454699623783511697, 25.51141461563670987 ) ) ;
#2999 = CARTESIAN_POINT ( 'NONE',  ( -15.30640168356233843, 3.900000000000428457, 25.50840108962699304 ) ) ;
#3000 = CARTESIAN_POINT ( 'NONE',  ( -15.11116123429665770, 3.930343671463607969, 25.48964619797049380 ) ) ;
#3001 = CARTESIAN_POINT ( 'NONE',  ( -15.11731769749660792, 3.936816897578868435, 25.47969656837195984 ) ) ;
#3002 = B_SPLINE_CURVE_WITH_KNOTS ( 'NONE', 3,
 ( #1883, #891, #1847, #2336, #2399 ),
 .UNSPECIFIED., .F., .F.,
 ( 4, 1, 4 ),
 ( 0.000000000000000000, 0.5635084697186977243, 1.000000000000000000 ),
 .UNSPECIFIED. ) ;
#3003 = CARTESIAN_POINT ( 'NONE',  ( -15.15025776320908335, 4.011430338620893821, 25.41532709134507328 ) ) ;
#3004 = CARTESIAN_POINT ( 'NONE',  ( -15.26476588871670081, 4.305237001839843813, 25.41152912723561741 ) ) ;
#3005 = CARTESIAN_POINT ( 'NONE',  ( -12.72425906620822289, 4.499999999999999112, 27.83792702313435541 ) ) ;
#3006 = CARTESIAN_POINT ( 'NONE',  ( -15.10340998314236671, 3.906513590783811996, 25.59641644035663077 ) ) ;
#3007 = CARTESIAN_POINT ( 'NONE',  ( -15.10384874366042673, 4.494903434177596857, 25.56582949857802944 ) ) ;
#3008 = CARTESIAN_POINT ( 'NONE',  ( -15.15160018619541660, 4.452977363248813880, 25.46575861327183077 ) ) ;
#3009 = CARTESIAN_POINT ( 'NONE',  ( -15.14471884179097572, 3.942155939548930288, 25.47187677170348863 ) ) ;
#3010 = ADVANCED_FACE ( 'NONE', ( #2851 ), #3848, .F. ) ;
#3011 = CARTESIAN_POINT ( 'NONE',  ( -6.321277015551603817, 3.900000000000000799, 24.60909532433071334 ) ) ;
#3012 = CARTESIAN_POINT ( 'NONE',  ( -15.08197392205402743, 4.497819043888278578, 25.57443993876704269 ) ) ;
#3013 = CARTESIAN_POINT ( 'NONE',  ( -5.887829346430751620, 3.900000000000610090, 31.42401760584054315 ) ) ;
#3014 = CARTESIAN_POINT ( 'NONE',  ( -15.04450221969012880, 3.900040045233521990, 25.59604231305787891 ) ) ;
#3015 = CARTESIAN_POINT ( 'NONE',  ( -15.29559934653310194, 4.072869452389099365, 25.53236361623458706 ) ) ;
#3016 = CARTESIAN_POINT ( 'NONE',  ( -15.25911858309255820, 4.500000000000210498, 25.62446252975563254 ) ) ;
#3017 = CARTESIAN_POINT ( 'NONE',  ( -15.10894762055735363, 3.907027750377177533, 25.59069273515654075 ) ) ;
#3018 = CARTESIAN_POINT ( 'NONE',  ( -15.20247373898410537, 3.944988970549231144, 25.47776721340001771 ) ) ;
#3019 = CARTESIAN_POINT ( 'NONE',  ( -15.06768624107920829, 3.900857985750535661, 25.59135357890730589 ) ) ;
#3020 = CARTESIAN_POINT ( 'NONE',  ( -15.06013237517348990, 4.499579628864086800, 25.59269319493363781 ) ) ;
#3021 = CARTESIAN_POINT ( 'NONE',  ( -15.12879869961407486, 4.471833658110628384, 25.49318857341795663 ) ) ;
#3022 = CARTESIAN_POINT ( 'NONE',  ( -15.20068877091007487, 4.099999999999999645, 25.39670147335288419 ) ) ;
#3023 = CARTESIAN_POINT ( 'NONE',  ( -15.16816014571033477, 4.409107500377589695, 25.42767765285152137 ) ) ;
#3024 = CARTESIAN_POINT ( 'NONE',  ( -15.09914090392280706, 3.920185684956791761, 25.50859990553454182 ) ) ;
#3025 = CARTESIAN_POINT ( 'NONE',  ( -15.21665389914461208, 4.016768399836752934, 25.42404353586897159 ) ) ;
#3026 = CARTESIAN_POINT ( 'NONE',  ( -9.070954869812178245, 4.499999999999184652, 29.76279918411068692 ) ) ;
#3027 = CARTESIAN_POINT ( 'NONE',  ( -15.15169873055759808, 4.480802765225317508, 25.58228154158885914 ) ) ;
#3028 = CARTESIAN_POINT ( 'NONE',  ( -14.45497816428864724, 4.500000000000000888, 26.29344302228028951 ) ) ;
#3029 = CARTESIAN_POINT ( 'NONE',  ( -15.05345676650165743, 3.900179464016412911, 25.59380586222716403 ) ) ;
#3030 = CARTESIAN_POINT ( 'NONE',  ( -15.22612378532717692, 4.451181819458105871, 25.52277600528885770 ) ) ;
#3031 = CARTESIAN_POINT ( 'NONE',  ( -15.15266003176006571, 3.915609454909264375, 25.54242779849331058 ) ) ;
#3032 = CARTESIAN_POINT ( 'NONE',  ( -15.16488665906681810, 4.314699850910920453, 25.39478443549390718 ) ) ;
#3033 = CARTESIAN_POINT ( 'NONE',  ( -15.09338816586246246, 3.903734243036104612, 25.58877173031778085 ) ) ;
#3034 = CARTESIAN_POINT ( 'NONE',  ( -15.30560603447800716, 4.310856669738768687, 25.49649268383494771 ) ) ;
#3035 = CARTESIAN_POINT ( 'NONE',  ( -15.11385871323492580, 4.491360872012936767, 25.59361675053369467 ) ) ;
#3036 = CARTESIAN_POINT ( 'NONE',  ( -15.19616265932028476, 4.465667294269155541, 25.54773123054802397 ) ) ;
#3037 = CARTESIAN_POINT ( 'NONE',  ( -15.20445434130108531, 3.935804372891877456, 25.52751966979320386 ) ) ;
#3038 = CARTESIAN_POINT ( 'NONE',  ( -15.20996123485442553, 4.299999999999999822, 25.70843825673330940 ) ) ;
#3039 = CARTESIAN_POINT ( 'NONE',  ( -8.267316714000942923, 3.900000000000749090, 25.62248617706784870 ) ) ;
#3040 = CARTESIAN_POINT ( 'NONE',  ( -15.08882019178612310, 4.496369585252005585, 25.59610925319725538 ) ) ;
#3041 = CARTESIAN_POINT ( 'NONE',  ( -15.04503151315923049, 3.900076386539362616, 25.59445484774766300 ) ) ;
#3042 = CARTESIAN_POINT ( 'NONE',  ( -15.28326020813295827, 4.070809143529174889, 25.43173953079538308 ) ) ;
#3043 = CARTESIAN_POINT ( 'NONE',  ( -13.93494370076034983, 4.299999999998366462, 27.07559799670697487 ) ) ;
#3044 = AXIS2_PLACEMENT_3D ( 'NONE', #2431, #2856, #6267 ) ;
#3045 = CARTESIAN_POINT ( 'NONE',  ( -15.10747052549075065, 3.905911217825167814, 25.58268768600660792 ) ) ;
#3046 = CARTESIAN_POINT ( 'NONE',  ( -15.22839909954154081, 3.951621015268164339, 25.52897886564467811 ) ) ;
#3047 = CARTESIAN_POINT ( 'NONE',  ( -15.05832585406425750, 3.901309373954105375, 25.57619413813089793 ) ) ;
#3048 = CARTESIAN_POINT ( 'NONE',  ( -15.05967308764788015, 4.499603181922195105, 25.59193407503722639 ) ) ;
#3049 = CARTESIAN_POINT ( 'NONE',  ( -15.15948521768745749, 4.479520098020502772, 25.52330188548206280 ) ) ;
#3050 = CARTESIAN_POINT ( 'NONE',  ( -15.14587684129743828, 4.099999999999904610, 25.39462933454772298 ) ) ;
#3051 = CARTESIAN_POINT ( 'NONE',  ( -15.20784877113853639, 4.414430706836929730, 25.44031031984681945 ) ) ;
#3052 = CARTESIAN_POINT ( 'NONE',  ( -15.13438303057155920, 3.910558117454799198, 25.56163719161586911 ) ) ;
#3053 = CARTESIAN_POINT ( 'NONE',  ( -15.21147544009492236, 4.004947517689237735, 25.42899230496906426 ) ) ;
#3054 = CARTESIAN_POINT ( 'NONE',  ( -15.11053292046589824, 3.906225955547092621, 25.57716767151067216 ) ) ;
#3055 = CARTESIAN_POINT ( 'NONE',  ( -15.08226044244589126, 3.902198539176618741, 25.58967683634107715 ) ) ;
#3056 = CARTESIAN_POINT ( 'NONE',  ( -5.939353551476026283, 4.299999999999388756, 31.38392495732288978 ) ) ;
#3057 = CARTESIAN_POINT ( 'NONE',  ( -15.14849264928398398, 4.485778521490580317, 25.55690031161936560 ) ) ;
#3058 = CARTESIAN_POINT ( 'NONE',  ( -5.900018103691999194, 4.299999999999999822, 23.67301540326788611 ) ) ;
#3059 = CARTESIAN_POINT ( 'NONE',  ( -12.56057827048080711, 3.899999999992675992, 28.21082075277605128 ) ) ;
#3060 = CARTESIAN_POINT ( 'NONE',  ( -15.04890067157028000, 3.900303307414707099, 25.58869354219914882 ) ) ;
#3061 = CARTESIAN_POINT ( 'NONE',  ( -15.23972678087290156, 4.416548743423168055, 25.57952064700763017 ) ) ;
#3062 = CARTESIAN_POINT ( 'NONE',  ( -15.12120174020518704, 3.923359590360541382, 25.50157209720514118 ) ) ;
#3063 = CARTESIAN_POINT ( 'NONE',  ( -15.01627352789172321, 4.499999999999245937, 25.40163699702099009 ) ) ;
#3064 = CARTESIAN_POINT ( 'NONE',  ( -15.08508815334187148, 3.902424322967377623, 25.57459069343559577 ) ) ;
#3065 = CARTESIAN_POINT ( 'NONE',  ( -15.04564152748885597, 4.499948387923251580, 25.59552485670560174 ) ) ;
#3066 = CARTESIAN_POINT ( 'NONE',  ( -11.34560563224355256, 4.500000000000000888, 28.73549787527974786 ) ) ;
#3067 = CARTESIAN_POINT ( 'NONE',  ( -15.10789829846364185, 4.494387228430473336, 25.57256247284704997 ) ) ;
#3068 = CARTESIAN_POINT ( 'NONE',  ( -12.23762083733027772, 4.099999999999998757, 25.70114676403095544 ) ) ;
#3069 = CARTESIAN_POINT ( 'NONE',  ( -15.20253096399271264, 4.464527424273592615, 25.53389396208150330 ) ) ;
#3070 = CARTESIAN_POINT ( 'NONE',  ( -15.13777641171743049, 3.947428761747029835, 25.46532656194864686 ) ) ;
#3071 = CARTESIAN_POINT ( 'NONE',  ( -13.66483686399186759, 4.299999999999999822, 27.31973210123194562 ) ) ;
#3072 = CARTESIAN_POINT ( 'NONE',  ( -15.16779689681113119, 4.340753046880235999, 25.39876375208548609 ) ) ;
#3073 = CARTESIAN_POINT ( 'NONE',  ( -6.094056440163401867, 3.899999999999999911, 23.97914461827758714 ) ) ;
#3074 = CARTESIAN_POINT ( 'NONE',  ( -15.08733226181278120, 4.496838236470592776, 25.59349346841963779 ) ) ;
#3075 = CARTESIAN_POINT ( 'NONE',  ( -15.04218035745340742, 3.899999999999998135, 25.59937585146868244 ) ) ;
#3076 = CARTESIAN_POINT ( 'NONE',  ( -14.14336436486377480, 4.500000000000000888, 26.60481596325510267 ) ) ;
#3077 = CARTESIAN_POINT ( 'NONE',  ( -15.08940870646059551, 3.903329670211577174, 25.56745873088211951 ) ) ;
#3078 = CARTESIAN_POINT ( 'NONE',  ( -15.21026698363844787, 3.943242433655626655, 25.48768503018751375 ) ) ;
#3079 = CARTESIAN_POINT ( 'NONE',  ( -15.05643141388524597, 4.498765231096325756, 25.57684525068673054 ) ) ;
#3080 = CARTESIAN_POINT ( 'NONE',  ( -15.13025926618956696, 4.457698557223929825, 25.47196954481214348 ) ) ;
#3081 = CARTESIAN_POINT ( 'NONE',  ( -15.20197764425463660, 4.099999999999999645, 25.39682005170632806 ) ) ;
#3082 = CARTESIAN_POINT ( 'NONE',  ( -15.19031236969100718, 4.412993091490680975, 25.43342256616614705 ) ) ;
#3083 = CARTESIAN_POINT ( 'NONE',  ( -15.14217140268631923, 3.914467254652845618, 25.57650705138370384 ) ) ;
#3084 = CARTESIAN_POINT ( 'NONE',  ( -15.22384993867137482, 4.021834280140441642, 25.42389896659121007 ) ) ;
#3085 = PRODUCT_DEFINITION ( 'UNKNOWN', '', #6240, #3702 ) ;
#3086 = CARTESIAN_POINT ( 'NONE',  ( -15.15538564754957918, 3.997835119674542970, 25.42273351730725039 ) ) ;
#3087 = CARTESIAN_POINT ( 'NONE',  ( -9.921799315473863956, 4.500000000000000888, 29.30901581245082355 ) ) ;
#3088 = CARTESIAN_POINT ( 'NONE',  ( -13.47234479610657054, 4.300000000001506173, 25.56868049233499818 ) ) ;
#3089 = CARTESIAN_POINT ( 'NONE',  ( -15.14140994957512909, 4.487783070852054301, 25.54427653538972720 ) ) ;
#3090 = CARTESIAN_POINT ( 'NONE',  ( -14.90782289270628524, 4.500000000000001776, 25.78533211963807403 ) ) ;
#3091 = CARTESIAN_POINT ( 'NONE',  ( -12.36561724539097540, 4.100000000000814104, 28.34916684591173208 ) ) ;
#3092 = CARTESIAN_POINT ( 'NONE',  ( -15.05489719214932975, 3.900232297108258361, 25.59613135970798581 ) ) ;
#3093 = CARTESIAN_POINT ( 'NONE',  ( -15.24333688232948525, 4.409516126147552839, 25.58305512393365788 ) ) ;
#3094 = CARTESIAN_POINT ( 'NONE',  ( -15.16157638038399469, 3.918821163699905963, 25.55005975353226333 ) ) ;
#3095 = CARTESIAN_POINT ( 'NONE',  ( -15.12832435968523370, 4.440035370658740099, 25.45211891505219270 ) ) ;
#3096 = CARTESIAN_POINT ( 'NONE',  ( -14.98891651237773814, 4.300000000000188116, 25.40397108522270031 ) ) ;
#3097 = VERTEX_POINT ( 'NONE', #3363 ) ;
#3098 = CARTESIAN_POINT ( 'NONE',  ( -15.08508631176816372, 3.902290555657200954, 25.57946838310203574 ) ) ;
#3099 = CARTESIAN_POINT ( 'NONE',  ( -15.04585231419216385, 4.499954062767312912, 25.59588638137740091 ) ) ;
#3100 = CARTESIAN_POINT ( 'NONE',  ( -15.11559077927569739, 4.492634462474205392, 25.55243822326326608 ) ) ;
#3101 = CARTESIAN_POINT ( 'NONE',  ( -15.21474566226665637, 4.445485597445253845, 25.57318327653958434 ) ) ;
#3102 = CARTESIAN_POINT ( 'NONE',  ( -15.16899648730097461, 3.940359476476253509, 25.47579497919518232 ) ) ;
#3103 = CARTESIAN_POINT ( 'NONE',  ( -15.28220311295151035, 4.300000000000820499, 25.57633297894276225 ) ) ;
#3104 = CARTESIAN_POINT ( 'NONE',  ( -15.25319083533814535, 4.348470542736098565, 25.42030910484409389 ) ) ;
#3105 = CARTESIAN_POINT ( 'NONE',  ( -7.509917527390233438, 4.100000000001494449, 25.31261324319698858 ) ) ;
#3106 = CARTESIAN_POINT ( 'NONE',  ( -15.10321768345661297, 4.493614426820202290, 25.59588485312409389 ) ) ;
#3107 = CARTESIAN_POINT ( 'NONE',  ( -15.04603779670299701, 3.900026305248221359, 25.59859443335085061 ) ) ;
#3108 = CARTESIAN_POINT ( 'NONE',  ( -15.17446802749021906, 4.075078899641916053, 25.39668371027740790 ) ) ;
#3109 = CARTESIAN_POINT ( 'NONE',  ( -14.63815399405601703, 4.499999999999999112, 26.09959359581866067 ) ) ;
#3110 = CARTESIAN_POINT ( 'NONE',  ( -15.07436750776231094, 3.907459058248688777, 25.54366340909514577 ) ) ;
#3111 = CARTESIAN_POINT ( 'NONE',  ( -15.22292322231426809, 3.946468398213313300, 25.52287344913881384 ) ) ;
#3112 = CARTESIAN_POINT ( 'NONE',  ( -15.05736451739849535, 4.499604945740697914, 25.58813272614260015 ) ) ;
#3113 = CARTESIAN_POINT ( 'NONE',  ( -15.13463832595329528, 4.467188469579807197, 25.48565773050282601 ) ) ;
#3114 = CARTESIAN_POINT ( 'NONE',  ( -15.14732767732194141, 3.899999999999999467, 25.59463292644383614 ) ) ;
#3115 = CARTESIAN_POINT ( 'NONE',  ( -15.21588094216321174, 4.423806129122235475, 25.45138565484997173 ) ) ;
#3116 = CARTESIAN_POINT ( 'NONE',  ( -15.12377359737933880, 3.908368361312344774, 25.56637544035169540 ) ) ;
#3117 = CARTESIAN_POINT ( 'NONE',  ( -15.14747523253318029, 4.003136813566652741, 25.41966849717391597 ) ) ;
#3118 = CARTESIAN_POINT ( 'NONE',  ( -15.06390967393350167, 3.902138473135231322, 25.56942710154030607 ) ) ;
#3119 = CARTESIAN_POINT ( 'NONE',  ( -5.747504182822016361, 4.499999999999999112, 31.27981913091355892 ) ) ;
#3120 = CARTESIAN_POINT ( 'NONE',  ( -13.68788064201302390, 4.500000000007534418, 25.54403425369115865 ) ) ;
#3121 = CARTESIAN_POINT ( 'NONE',  ( -15.15495777127894783, 4.482015948941409533, 25.56960538489278179 ) ) ;
#3122 = CARTESIAN_POINT ( 'NONE',  ( -12.76909763265742548, 4.499999999999998224, 27.80503601440033989 ) ) ;
#3123 = CARTESIAN_POINT ( 'NONE',  ( -6.471841322170504007, 4.300000000004483347, 24.47708437731324338 ) ) ;
#3124 = CARTESIAN_POINT ( 'NONE',  ( -13.21788214398917027, 4.100000000001628564, 27.69928077555498191 ) ) ;
#3125 = CARTESIAN_POINT ( 'NONE',  ( -15.05923747625298681, 3.900417658715601199, 25.59592372042328279 ) ) ;
#3126 = CARTESIAN_POINT ( 'NONE',  ( -15.21629641258420662, 4.449371569648516989, 25.47981124750570459 ) ) ;
#3127 = CARTESIAN_POINT ( 'NONE',  ( -15.13085203323496053, 3.914714736271121875, 25.52314596602980146 ) ) ;
#3128 = CARTESIAN_POINT ( 'NONE',  ( -15.14919297856318359, 4.395794316352145792, 25.41855630288230472 ) ) ;
#3129 = CARTESIAN_POINT ( 'NONE',  ( -15.11404948795328096, 4.500000000000000888, 25.59553088897145301 ) ) ;
#3130 = CARTESIAN_POINT ( 'NONE',  ( -15.08196819016585977, 3.901981444965973989, 25.58412957888523565 ) ) ;
#3131 = CARTESIAN_POINT ( 'NONE',  ( -15.04620596114544817, 4.499971033764325945, 25.59889496532846920 ) ) ;
#3132 = CARTESIAN_POINT ( 'NONE',  ( -12.56057365890252697, 4.500000000003254286, 28.21082392446188081 ) ) ;
#3133 = CARTESIAN_POINT ( 'NONE',  ( -15.11822827524058965, 4.492636942072702588, 25.56806193009479244 ) ) ;
#3134 = CARTESIAN_POINT ( 'NONE',  ( -13.07373975595555748, 4.099999999999998757, 25.61418316096330017 ) ) ;
#3135 = CARTESIAN_POINT ( 'NONE',  ( -15.13772605157235240, 4.431251085585040883, 25.44378483165346339 ) ) ;
#3136 = CARTESIAN_POINT ( 'NONE',  ( -15.20591853127780446, 3.938800801679079200, 25.54235733515484341 ) ) ;
#3137 = CARTESIAN_POINT ( 'NONE',  ( -13.48475717008482633, 4.299999999999999822, 27.47637637349041029 ) ) ;
#3138 = CARTESIAN_POINT ( 'NONE',  ( -15.17132841040162994, 4.350593752912867096, 25.40160078866397697 ) ) ;
#3139 = CARTESIAN_POINT ( 'NONE',  ( -15.05267301232057875, 3.900210848166671518, 25.59981666202904194 ) ) ;
#3140 = CARTESIAN_POINT ( 'NONE',  ( -15.07365102254571632, 4.493579100808204885, 25.54750708464958109 ) ) ;
#3141 = CARTESIAN_POINT ( 'NONE',  ( -15.04409316526910168, 3.900009091301242403, 25.60014451662263113 ) ) ;
#3142 = CARTESIAN_POINT ( 'NONE',  ( -15.17639602518803876, 4.299999999999999822, 25.75880870458200178 ) ) ;
#3143 = CARTESIAN_POINT ( 'NONE',  ( -15.24688253700031026, 3.973706603084241618, 25.49234585762564009 ) ) ;
#3144 = CARTESIAN_POINT ( 'NONE',  ( -15.07440783575367682, 3.906226026887003933, 25.54827335918225018 ) ) ;
#3145 = CARTESIAN_POINT ( 'NONE',  ( -15.21949665312767053, 3.946394620014000765, 25.53676563956383205 ) ) ;
#3146 = CARTESIAN_POINT ( 'NONE',  ( -15.06533027309131079, 4.498704109011199215, 25.57663890595106793 ) ) ;
#3147 = CARTESIAN_POINT ( 'NONE',  ( -6.900018103691998306, 4.199999847142954046, 29.89647591788961378 ) ) ;
#3148 = CARTESIAN_POINT ( 'NONE',  ( -15.15681898710652398, 4.473616212540097337, 25.50158824149474057 ) ) ;
#3149 = CARTESIAN_POINT ( 'NONE',  ( -15.20025914646187992, 3.899999999999999911, 25.39666194723507786 ) ) ;
#3150 = CARTESIAN_POINT ( 'NONE',  ( -15.24837266216311527, 4.425842837504331939, 25.49806100653772489 ) ) ;
#3151 = CIRCLE ( 'NONE', #6146, 0.09999999999999947820 ) ;
#3152 = CARTESIAN_POINT ( 'NONE',  ( -15.10479157948180884, 3.909815017170927387, 25.53564782265742750 ) ) ;
#3153 = MANIFOLD_SOLID_BREP ( 'Cut-Extrude1', #1308 ) ;
#3154 = CARTESIAN_POINT ( 'NONE',  ( -15.15090340442728767, 3.987110286547955962, 25.42946847938672406 ) ) ;
#3155 = CARTESIAN_POINT ( 'NONE',  ( -15.06347581484112474, 3.901595945625858430, 25.57356539187565048 ) ) ;
#3156 = CARTESIAN_POINT ( 'NONE',  ( -9.935204053542339153, 4.299999999999998934, 25.83786515730061595 ) ) ;
#3157 = CARTESIAN_POINT ( 'NONE',  ( -15.14014532942617208, 4.487899161143544369, 25.54217176646127285 ) ) ;
#3158 = CARTESIAN_POINT ( 'NONE',  ( -10.93732724467822770, 4.499999999999998224, 28.93380561631039782 ) ) ;
#3159 = CARTESIAN_POINT ( 'NONE',  ( -9.610485944695273730, 4.299999999998501465, 25.82983422734614720 ) ) ;
#3160 = CARTESIAN_POINT ( 'NONE',  ( -10.99895128097950625, 3.900000000004099743, 29.12538319519261876 ) ) ;
#3161 = CARTESIAN_POINT ( 'NONE',  ( -15.04906233550267558, 3.900105298946924481, 25.59393598085290833 ) ) ;
#3162 = CARTESIAN_POINT ( 'NONE',  ( -15.22294976179840376, 4.451994658317353526, 25.49650860314643452 ) ) ;
#3163 = CARTESIAN_POINT ( 'NONE',  ( -15.10514843445769451, 3.927473373323055128, 25.49467694490598291 ) ) ;
#3164 = CARTESIAN_POINT ( 'NONE',  ( -15.06349229240791665, 4.496741962371402224, 25.56263680791607840 ) ) ;
#3165 = CARTESIAN_POINT ( 'NONE',  ( -15.10480708183127874, 4.300000000000093969, 25.39573671294563439 ) ) ;
#3166 = ORIENTED_EDGE ( 'NONE', *, *, #2524, .T. ) ;
#3167 = CARTESIAN_POINT ( 'NONE',  ( -15.04585475201519174, 4.499976238722998012, 25.59832638164809637 ) ) ;
#3168 = CARTESIAN_POINT ( 'NONE',  ( -15.11640347367461601, 4.493021531112965761, 25.56496153408278715 ) ) ;
#3169 = CARTESIAN_POINT ( 'NONE',  ( -15.20711889094231850, 4.463425960989270358, 25.51500974469044181 ) ) ;
#3170 = CARTESIAN_POINT ( 'NONE',  ( -15.20709919308502123, 3.950922879093345941, 25.58016963151741052 ) ) ;
#3171 = CARTESIAN_POINT ( 'NONE',  ( -15.22593147603208941, 4.299999999999998934, 25.68317728301293101 ) ) ;
#3172 = EDGE_CURVE ( 'NONE', #6295, #5507, #189, .T. ) ;
#3173 = CARTESIAN_POINT ( 'NONE',  ( -15.27017558914355355, 4.368546789138924247, 25.57432655652714004 ) ) ;
#3174 = CARTESIAN_POINT ( 'NONE',  ( -12.18295498293795021, 4.499999999999999112, 25.90742311411814924 ) ) ;
#3175 = CARTESIAN_POINT ( 'NONE',  ( -15.07506563468091265, 4.492980531863551619, 25.54515516869120262 ) ) ;
#3176 = CARTESIAN_POINT ( 'NONE',  ( -15.04386013050878468, 3.900006523153811688, 25.59976871642880170 ) ) ;
#3177 = CARTESIAN_POINT ( 'NONE',  ( -15.02847610369523146, 4.499999999999998224, 25.62070570264484459 ) ) ;
#3178 = CARTESIAN_POINT ( 'NONE',  ( -15.09897996218460925, 3.904265820089310335, 25.58115301606094860 ) ) ;
#3179 = CARTESIAN_POINT ( 'NONE',  ( -15.25803388912222402, 4.089368539016975390, 25.40932908341635965 ) ) ;
#3180 = CARTESIAN_POINT ( 'NONE',  ( -15.17447952503509967, 3.944068812316227302, 25.47085834583302599 ) ) ;
#3181 = CARTESIAN_POINT ( 'NONE',  ( -15.20006686695257692, 4.300000000000000711, 25.39664429378428068 ) ) ;
#3182 = CARTESIAN_POINT ( 'NONE',  ( -15.06098394550958730, 4.497890629993642087, 25.56973265039514587 ) ) ;
#3183 = CARTESIAN_POINT ( 'NONE',  ( -15.12433369392773308, 4.488015264964547946, 25.59562522755294722 ) ) ;
#3184 = CARTESIAN_POINT ( 'NONE',  ( -15.18884340713283621, 4.300000000000817835, 25.39572512654173053 ) ) ;
#3185 = CARTESIAN_POINT ( 'NONE',  ( -15.17560747538828458, 4.474999446555795402, 25.55224607480944243 ) ) ;
#3186 = CARTESIAN_POINT ( 'NONE',  ( -6.648351322276430331, 4.300000000000001599, 30.87172491484479053 ) ) ;
#3187 = CARTESIAN_POINT ( 'NONE',  ( -15.24268675956507657, 4.427927567859464730, 25.48491218045288420 ) ) ;
#3188 = CARTESIAN_POINT ( 'NONE',  ( -15.08972866518134559, 3.913874100334430395, 25.52340071726696280 ) ) ;
#3189 = CARTESIAN_POINT ( 'NONE',  ( -15.22180585633155303, 4.078529792018716904, 25.40107836425826093 ) ) ;
#3190 = CARTESIAN_POINT ( 'NONE',  ( -15.27018875655853414, 4.010917850722003131, 25.54218326729656496 ) ) ;
#3191 = CARTESIAN_POINT ( 'NONE',  ( -15.15304785890456785, 3.991997237139774946, 25.42627629288891100 ) ) ;
#3192 = CARTESIAN_POINT ( 'NONE',  ( -15.06518491044531238, 3.901860614909309355, 25.57145469824632755 ) ) ;
#3193 = CARTESIAN_POINT ( 'NONE',  ( -13.49328745689440545, 4.299999999999997158, 25.56622042861184596 ) ) ;
#3194 = CARTESIAN_POINT ( 'NONE',  ( -15.13621083791966981, 4.487786152633375103, 25.53591805123443237 ) ) ;
#3195 = CARTESIAN_POINT ( 'NONE',  ( -10.46061747385792806, 4.100000000000751932, 25.82984770539676589 ) ) ;
#3196 = CARTESIAN_POINT ( 'NONE',  ( -6.321316010140999531, 4.499999999999999112, 24.60914035064487138 ) ) ;
#3197 = CARTESIAN_POINT ( 'NONE',  ( -11.96592155596355056, 4.099999999999999645, 28.61454013771421501 ) ) ;
#3198 = CARTESIAN_POINT ( 'NONE',  ( -15.04690191892598961, 3.900128385864583436, 25.59274668847502809 ) ) ;
#3199 = CARTESIAN_POINT ( 'NONE',  ( -15.19933487288376561, 4.447577437694302915, 25.46604922317759545 ) ) ;
#3200 = CARTESIAN_POINT ( 'NONE',  ( -15.12462560408822299, 3.915615789086245524, 25.51926427114932494 ) ) ;
#3201 = ORIENTED_EDGE ( 'NONE', *, *, #1554, .T. ) ;
#3202 = CARTESIAN_POINT ( 'NONE',  ( -15.04825852819157994, 4.499926895432405871, 25.59982377022868860 ) ) ;
#3203 = CARTESIAN_POINT ( 'NONE',  ( -15.09300392945908875, 4.484476934179869367, 25.51913835836721844 ) ) ;
#3204 = CARTESIAN_POINT ( 'NONE',  ( -13.53624534521671841, 4.099999999999999645, 27.43187679672233159 ) ) ;
#3205 = CARTESIAN_POINT ( 'NONE',  ( -15.19486837429470150, 4.467930832638032257, 25.50878094580424005 ) ) ;
#3206 = CARTESIAN_POINT ( 'NONE',  ( -5.900018103691998306, 4.299999999999999822, 31.41451507187543513 ) ) ;
#3207 = CARTESIAN_POINT ( 'NONE',  ( -15.14367836642544773, 3.927781307513825482, 25.49566589072701461 ) ) ;
#3208 = CARTESIAN_POINT ( 'NONE',  ( -15.10377610444526475, 3.899999999999995026, 25.48399246037201493 ) ) ;
#3209 = CARTESIAN_POINT ( 'NONE',  ( -15.12125512209492761, 4.499999999999999112, 25.43138181485948124 ) ) ;
#3210 = CARTESIAN_POINT ( 'NONE',  ( -15.23246358113514098, 4.360413123857916240, 25.41753574928314663 ) ) ;
#3211 = CARTESIAN_POINT ( 'NONE',  ( -5.900018103691999194, 4.371741868221412197, 23.69864738562871764 ) ) ;
#3212 = CARTESIAN_POINT ( 'NONE',  ( -15.08178728140971714, 4.496183114649218382, 25.56006995763697631 ) ) ;
#3213 = CARTESIAN_POINT ( 'NONE',  ( -15.04668169772528508, 3.900040241850015299, 25.59962545831930925 ) ) ;
#3214 = ADVANCED_FACE ( 'NONE', ( #2975, #898, #983 ), #1408, .T. ) ;
#3215 = CYLINDRICAL_SURFACE ( 'NONE', #2338, 0.09999999999999947820 ) ;
#3216 = CARTESIAN_POINT ( 'NONE',  ( -15.09441538292350238, 3.903530563753075278, 25.57339716314157485 ) ) ;
#3217 = CARTESIAN_POINT ( 'NONE',  ( -15.13727154544488940, 3.962713368873337583, 25.44924251052633579 ) ) ;
#3218 = CARTESIAN_POINT ( 'NONE',  ( -15.07765744582637879, 4.497892919806210976, 25.59720079932177228 ) ) ;
#3219 = CARTESIAN_POINT ( 'NONE',  ( -15.29328097570560807, 4.300000000000821387, 25.43309892713014264 ) ) ;
#3220 = CARTESIAN_POINT ( 'NONE',  ( -10.40461260640746488, 4.299999999999998046, 29.35974112947978654 ) ) ;
#3221 = CARTESIAN_POINT ( 'NONE',  ( -15.17610563636544718, 4.372613866458539000, 25.40960901749505041 ) ) ;
#3222 = CARTESIAN_POINT ( 'NONE',  ( -15.12000216184902257, 3.907556792116521738, 25.55980013144954199 ) ) ;
#3223 = CARTESIAN_POINT ( 'NONE',  ( -15.24722925121392691, 3.995007782058004775, 25.58156081946179938 ) ) ;
#3224 = CARTESIAN_POINT ( 'NONE',  ( -15.06068293943684822, 3.902205537033792471, 25.56908881950890589 ) ) ;
#3225 = CARTESIAN_POINT ( 'NONE',  ( -14.32821478962993744, 4.299999999999997158, 25.47100070233026159 ) ) ;
#3226 = CARTESIAN_POINT ( 'NONE',  ( -15.17249440947127503, 4.469067854021636421, 25.58893851182050838 ) ) ;
#3227 = CARTESIAN_POINT ( 'NONE',  ( -6.620976891958936683, 4.499999999999999112, 24.91864053235039123 ) ) ;
#3228 = CARTESIAN_POINT ( 'NONE',  ( -7.982190972786350258, 3.899999999998371436, 30.14498068146578902 ) ) ;
#3229 = CARTESIAN_POINT ( 'NONE',  ( -15.05321501204936041, 3.900171995183940865, 25.59582372448227616 ) ) ;
#3230 = CARTESIAN_POINT ( 'NONE',  ( -15.23400491730145134, 4.444783446267252636, 25.51468574990586902 ) ) ;
#3231 = CARTESIAN_POINT ( 'NONE',  ( -15.13544976014762788, 3.912235084681385811, 25.53492550647318993 ) ) ;
#3232 = ORIENTED_EDGE ( 'NONE', *, *, #5564, .F. ) ;
#3233 = CARTESIAN_POINT ( 'NONE',  ( -15.05835611756395842, 4.499643809968039143, 25.59468165177004551 ) ) ;
#3234 = CARTESIAN_POINT ( 'NONE',  ( -15.10685821618971936, 4.493012550884331269, 25.54947884715280537 ) ) ;
#3235 = CARTESIAN_POINT ( 'NONE',  ( -15.22056572474858527, 4.434250678555380354, 25.58623129417111386 ) ) ;
#3236 = CARTESIAN_POINT ( 'NONE',  ( -5.900018103691998306, 4.500000000000000000, 31.19191458801766714 ) ) ;
#3237 = CARTESIAN_POINT ( 'NONE',  ( -15.12285065910172932, 3.952735819214119317, 25.45965195244245649 ) ) ;
#3238 = CARTESIAN_POINT ( 'NONE',  ( -15.25642645843445599, 4.322788159540998265, 25.41144931956510433 ) ) ;
#3239 = CARTESIAN_POINT ( 'NONE',  ( -5.900018103691999194, 4.351196608251231446, 23.68594000320569393 ) ) ;
#3240 = CARTESIAN_POINT ( 'NONE',  ( -15.07882772745091060, 4.496988428212599587, 25.56465657692001159 ) ) ;
#3241 = CARTESIAN_POINT ( 'NONE',  ( -15.05843877381873597, 3.900442103336587252, 25.58735168717984720 ) ) ;
#3242 = CARTESIAN_POINT ( 'NONE',  ( -15.04136205888854327, 4.499999999999999112, 25.60037349240651139 ) ) ;
#3243 = CARTESIAN_POINT ( 'NONE',  ( -15.09176927420287306, 3.903124822945786665, 25.57614560407923321 ) ) ;
#3244 = CARTESIAN_POINT ( 'NONE',  ( -15.22803956283885896, 3.970375084015901557, 25.58031857100521123 ) ) ;
#3245 = CARTESIAN_POINT ( 'NONE',  ( -7.818024982739831152, 3.899999999999999911, 29.99847220333985831 ) ) ;
#3246 = CARTESIAN_POINT ( 'NONE',  ( -15.06924143926091553, 4.498764675182664874, 25.59799503764283912 ) ) ;
#3247 = CARTESIAN_POINT ( 'NONE',  ( -15.04364252612742625, 4.499994931749677463, 25.59945773352964338 ) ) ;
#3248 = CARTESIAN_POINT ( 'NONE',  ( -12.93097575262405741, 4.299999999999998934, 27.93032457315534245 ) ) ;
#3249 = CARTESIAN_POINT ( 'NONE',  ( -15.15989337582692364, 4.376927835873704709, 25.40982996189243082 ) ) ;
#3250 = CARTESIAN_POINT ( 'NONE',  ( -15.10645233282556532, 3.907062899885928697, 25.54868757005901614 ) ) ;
#3251 = CARTESIAN_POINT ( 'NONE',  ( -15.25570797210290053, 4.077701342905367454, 25.41106220024894569 ) ) ;
#3252 = CARTESIAN_POINT ( 'NONE',  ( -15.16423779084955648, 3.984414770522142657, 25.43163334418424881 ) ) ;
#3253 = CARTESIAN_POINT ( 'NONE',  ( -15.07956750668590118, 3.902206383462466732, 25.59523808595109529 ) ) ;
#3254 = CARTESIAN_POINT ( 'NONE',  ( -7.316732544170269747, 4.299999999999999822, 25.19961702535778514 ) ) ;
#3255 = CARTESIAN_POINT ( 'NONE',  ( -15.26520463828488339, 4.374776460427719726, 25.57951593913476884 ) ) ;
#3256 = CARTESIAN_POINT ( 'NONE',  ( -15.15359032899538860, 4.484133556930860465, 25.54350583644677641 ) ) ;
#3257 = CARTESIAN_POINT ( 'NONE',  ( -8.674101569527813638, 4.499999999998494538, 25.72101693425727120 ) ) ;
#3258 = CARTESIAN_POINT ( 'NONE',  ( -8.959090994763560190, 3.900000000003272849, 29.79632160711576816 ) ) ;
#3259 = CARTESIAN_POINT ( 'NONE',  ( -15.05088417727037786, 3.900170337183769043, 25.59206313658448551 ) ) ;
#3260 = CARTESIAN_POINT ( 'NONE',  ( -15.20699502659779156, 4.438006030228926591, 25.45934647673098894 ) ) ;
#3261 = CARTESIAN_POINT ( 'NONE',  ( -15.16404029588742830, 3.922075936321379963, 25.57082708241037139 ) ) ;
#3262 = VERTEX_POINT ( 'NONE', #489 ) ;
#3263 = CARTESIAN_POINT ( 'NONE',  ( -15.05432482392942894, 4.499773946357049859, 25.59778516716826857 ) ) ;
#3264 = CARTESIAN_POINT ( 'NONE',  ( -15.12516612117333104, 4.491270728008848856, 25.55121664831566264 ) ) ;
#3265 = CARTESIAN_POINT ( 'NONE',  ( -15.22393706393509483, 4.444587078492390653, 25.55594216149424724 ) ) ;
#3266 = CARTESIAN_POINT ( 'NONE',  ( -15.04136205888855038, 3.899999999999999467, 25.60037349240651849 ) ) ;
#3267 = CARTESIAN_POINT ( 'NONE',  ( -15.18764333028652658, 3.928423676698101108, 25.52806072712901653 ) ) ;
#3268 = CARTESIAN_POINT ( 'NONE',  ( -15.29977474454640074, 4.329517557906449987, 25.46363420278908762 ) ) ;
#3269 = CARTESIAN_POINT ( 'NONE',  ( -6.973777680939091894, 4.499999999999999112, 25.20600210659487317 ) ) ;
#3270 = CARTESIAN_POINT ( 'NONE',  ( -15.07837788281249480, 3.902287782958473006, 25.59834738355802486 ) ) ;
#3271 = CARTESIAN_POINT ( 'NONE',  ( -15.11236599362413635, 4.491313922270290249, 25.59647021938823386 ) ) ;
#3272 = CARTESIAN_POINT ( 'NONE',  ( -15.04250375224425085, 3.899999999999998135, 25.59990941894945138 ) ) ;
#3273 = CARTESIAN_POINT ( 'NONE',  ( -15.05720432037210799, 3.900518600225265420, 25.58536758558845392 ) ) ;
#3274 = CARTESIAN_POINT ( 'NONE',  ( -15.08270282579953836, 3.903315975858970166, 25.56360296414956323 ) ) ;
#3275 = CARTESIAN_POINT ( 'NONE',  ( -15.06512187377642142, 4.498142648736673799, 25.57149056555862288 ) ) ;
#3276 = CARTESIAN_POINT ( 'NONE',  ( -6.842067377708196396, 4.300000000000000711, 30.74651007106441369 ) ) ;
#3277 = CARTESIAN_POINT ( 'NONE',  ( -15.16215779981281742, 4.368341448386128256, 25.40650647925200900 ) ) ;
#3278 = CARTESIAN_POINT ( 'NONE',  ( -15.17336039347127041, 3.925242297678382730, 25.56324254658852269 ) ) ;
#3279 = CARTESIAN_POINT ( 'NONE',  ( -15.24543930585198659, 3.971509842624407760, 25.53999148177096856 ) ) ;
#3280 = CARTESIAN_POINT ( 'NONE',  ( -15.06952650714626074, 3.900980480861940158, 25.59069042345246814 ) ) ;
#3281 = CARTESIAN_POINT ( 'NONE',  ( -15.24117161075595561, 3.987102001951203789, 25.58240564005851780 ) ) ;
#3282 = CARTESIAN_POINT ( 'NONE',  ( -15.16298458519335135, 4.479015922545854345, 25.56738055118728070 ) ) ;
#3283 = CARTESIAN_POINT ( 'NONE',  ( -7.702478875685099702, 4.499999999999999112, 25.63481794597953467 ) ) ;
#3284 = CARTESIAN_POINT ( 'NONE',  ( -8.627468021073147142, 4.099999999999999645, 29.90229096546926613 ) ) ;
#3285 = CARTESIAN_POINT ( 'NONE',  ( -15.04860501161136810, 3.900121168919701287, 25.59317991010963667 ) ) ;
#3286 = CARTESIAN_POINT ( 'NONE',  ( -15.23966050107460113, 4.437298096683400139, 25.53010804287427504 ) ) ;
#3287 = CARTESIAN_POINT ( 'NONE',  ( -15.15345641762042916, 3.919547862268240035, 25.58055844592199080 ) ) ;
#3288 = CARTESIAN_POINT ( 'NONE',  ( -15.28474937566979364, 4.037243284882976901, 25.47168787908621113 ) ) ;
#3289 = ORIENTED_EDGE ( 'NONE', *, *, #1120, .F. ) ;
#3290 = CARTESIAN_POINT ( 'NONE',  ( -15.05166426927867107, 4.499378262439182485, 25.58359496823881685 ) ) ;
#3291 = CARTESIAN_POINT ( 'NONE',  ( -15.13546619771369706, 4.488520420318035775, 25.56924419266933413 ) ) ;
#3292 = CARTESIAN_POINT ( 'NONE',  ( -15.21622539596458168, 4.457577465580489395, 25.52742099372565576 ) ) ;
#3293 = CARTESIAN_POINT ( 'NONE',  ( -15.04304767359527339, 4.499993525351858814, 25.59845780927897607 ) ) ;
#3294 = CARTESIAN_POINT ( 'NONE',  ( -14.63246840553589578, 3.899999999999999467, 25.63933826553466133 ) ) ;
#3295 = CARTESIAN_POINT ( 'NONE',  ( -15.20096979803975401, 3.946580772742671606, 25.58113794606707003 ) ) ;
#3296 = CARTESIAN_POINT ( 'NONE',  ( -15.08983904810551024, 4.496012661726286552, 25.59791392717319525 ) ) ;
#3297 = CARTESIAN_POINT ( 'NONE',  ( -15.17005279155617536, 4.320987671443746514, 25.39591274503927920 ) ) ;
#3298 = CARTESIAN_POINT ( 'NONE',  ( -5.900018103691998306, 4.423871945205345213, 23.75533893858912649 ) ) ;
#3299 = CARTESIAN_POINT ( 'NONE',  ( -15.11163811529004164, 4.491704382110095040, 25.59518363100916361 ) ) ;
#3300 = CARTESIAN_POINT ( 'NONE',  ( -15.04260495405693021, 3.899999999999999023, 25.60007096195971243 ) ) ;
#3301 = CARTESIAN_POINT ( 'NONE',  ( -6.006963749479631964, 4.299999999998862954, 23.84691891534642849 ) ) ;
#3302 = CARTESIAN_POINT ( 'NONE',  ( -15.18960344538234075, 4.468628495338359485, 25.55026680984232001 ) ) ;
#3303 = CARTESIAN_POINT ( 'NONE',  ( -15.07135982629400672, 3.901435314018074862, 25.59764179736267309 ) ) ;
#3304 = CARTESIAN_POINT ( 'NONE',  ( -15.10089551393974894, 3.905425314535644787, 25.59193440443617362 ) ) ;
#3305 = CARTESIAN_POINT ( 'NONE',  ( -5.900018103691998306, 3.899999999999999911, 31.16203331118273212 ) ) ;
#3306 = CARTESIAN_POINT ( 'NONE',  ( -15.07831548691053669, 4.498377264875217385, 25.58312246889000718 ) ) ;
#3307 = CARTESIAN_POINT ( 'NONE',  ( -12.55407487746451523, 4.300000000000001599, 28.21766959234204108 ) ) ;
#3308 = CARTESIAN_POINT ( 'NONE',  ( -15.24648548418701210, 4.404450411451862557, 25.45823897404419967 ) ) ;
#3309 = B_SPLINE_CURVE_WITH_KNOTS ( 'NONE', 3,
 ( #1626, #3236, #4315, #1814, #3751, #2237, #390, #5742, #6200, #4191, #3780, #1784, #2752, #5713, #761, #5291, #1333, #4777, #5230, #1303, #6170, #3206 ),
 .UNSPECIFIED., .F., .F.,
 ( 4, 2, 2, 2, 2, 2, 2, 2, 2, 2, 4 ),
 ( 1.118863022827952404E-16, 0.002246768615156102388, 0.003370152922734097854, 0.004493537230312092887, 0.005055229384100956395, 0.005616921537889819037, 0.006178613691678681678, 0.006740305845467545187, 0.007863690153045402309, 0.008425382306834330870, 0.008987074460623259431 ),
 .UNSPECIFIED. ) ;
#3310 = CARTESIAN_POINT ( 'NONE',  ( -15.14666285906233156, 3.978486742741389470, 25.43570818964854752 ) ) ;
#3311 = CARTESIAN_POINT ( 'NONE',  ( -15.07312535565823808, 3.901496077595203005, 25.59556617221189256 ) ) ;
#3312 = CARTESIAN_POINT ( 'NONE',  ( -15.21778808841700048, 4.436773190094103647, 25.58658698212919802 ) ) ;
#3313 = CARTESIAN_POINT ( 'NONE',  ( -15.14949646022961716, 4.484762010078386041, 25.53654727948458358 ) ) ;
#3314 = CARTESIAN_POINT ( 'NONE',  ( -8.230663356967417243, 3.899999999999999467, 29.83167045286397112 ) ) ;
#3315 = CARTESIAN_POINT ( 'NONE',  ( -15.05083579877265088, 3.900134670857764885, 25.59920762911345449 ) ) ;
#3316 = CARTESIAN_POINT ( 'NONE',  ( -15.15032104759734466, 4.405214428866834453, 25.42451171126794662 ) ) ;
#3317 = CARTESIAN_POINT ( 'NONE',  ( -15.12825370992867668, 3.911417939971209456, 25.53433901551188967 ) ) ;
#3318 = CARTESIAN_POINT ( 'NONE',  ( -15.29501543004186104, 4.052986053494897156, 25.50142986209041140 ) ) ;
#3319 = CARTESIAN_POINT ( 'NONE',  ( -15.09361343634973807, 3.906302987640080993, 25.54921077197759516 ) ) ;
#3320 = CARTESIAN_POINT ( 'NONE',  ( -15.30628783782556823, 4.094874786334830041, 25.46556798813864120 ) ) ;
#3321 = CARTESIAN_POINT ( 'NONE',  ( -15.04884656438247958, 4.499705017699781706, 25.58867055280790126 ) ) ;
#3322 = CARTESIAN_POINT ( 'NONE',  ( -10.66294754987078619, 4.500000000008189005, 29.26463030017515621 ) ) ;
#3323 = CARTESIAN_POINT ( 'NONE',  ( -15.13206980548434011, 4.490132725870342512, 25.55712161200581889 ) ) ;
#3324 = CARTESIAN_POINT ( 'NONE',  ( -15.14232876364211045, 4.431081636555967762, 25.44354223580633345 ) ) ;
#3325 = CARTESIAN_POINT ( 'NONE',  ( -15.04136205888854683, 4.499999999999999112, 25.60037349240651849 ) ) ;
#3326 = CARTESIAN_POINT ( 'NONE',  ( -10.33960300257095000, 3.899999999999999023, 26.03329698507935674 ) ) ;
#3327 = CARTESIAN_POINT ( 'NONE',  ( -15.12636601313483276, 3.927193335814960218, 25.49478553877166931 ) ) ;
#3328 = CARTESIAN_POINT ( 'NONE',  ( -15.16362648476284214, 3.920540617790261528, 25.52997640991496908 ) ) ;
#3329 = CARTESIAN_POINT ( 'NONE',  ( -15.25731361764437821, 4.003799708724267603, 25.57156729234732495 ) ) ;
#3330 = CARTESIAN_POINT ( 'NONE',  ( -15.29388592869417529, 4.329705928424262495, 25.44692366970657460 ) ) ;
#3331 = FILL_AREA_STYLE_COLOUR ( '', #3360 ) ;
#3332 = CARTESIAN_POINT ( 'NONE',  ( -15.09675715628557846, 4.496013034445168977, 25.56980617503842979 ) ) ;
#3333 = CARTESIAN_POINT ( 'NONE',  ( -15.17991450480354487, 4.474319910248153676, 25.52986642182399635 ) ) ;
#3334 = CARTESIAN_POINT ( 'NONE',  ( -15.05591974824895551, 3.901358438639420001, 25.57587693878118884 ) ) ;
#3335 = CARTESIAN_POINT ( 'NONE',  ( -15.00968594763460473, 3.899999999999999023, 25.64819418427716258 ) ) ;
#3336 = CARTESIAN_POINT ( 'NONE',  ( -15.09299294608192454, 3.903275693466785601, 25.57821672735071061 ) ) ;
#3337 = CARTESIAN_POINT ( 'NONE',  ( -6.064632858827316397, 4.100000000000378009, 23.93533751105239205 ) ) ;
#3338 = CARTESIAN_POINT ( 'NONE',  ( -15.06644650678116548, 4.496183982708116034, 25.55941891837034063 ) ) ;
#3339 = CARTESIAN_POINT ( 'NONE',  ( -15.26480871594151978, 4.016787245844163579, 25.57027127538440681 ) ) ;
#3340 = CARTESIAN_POINT ( 'NONE',  ( -15.14323704577719809, 3.981096869274380001, 25.43380364517536307 ) ) ;
#3341 = CARTESIAN_POINT ( 'NONE',  ( -15.05919664453898754, 3.901722105276439034, 25.57273673747211618 ) ) ;
#3342 = CARTESIAN_POINT ( 'NONE',  ( -15.28215330043678399, 4.089772575253564746, 25.57595112158025685 ) ) ;
#3343 = CARTESIAN_POINT ( 'NONE',  ( -15.10924631149241115, 4.465971593333597056, 25.48407113858498008 ) ) ;
#3344 = CARTESIAN_POINT ( 'NONE',  ( -10.88954388593310618, 4.099999999996984279, 25.81108526747641463 ) ) ;
#3345 = CARTESIAN_POINT ( 'NONE',  ( -10.43624529885779140, 4.100000000000817657, 29.34872630383575753 ) ) ;
#3346 = CARTESIAN_POINT ( 'NONE',  ( -15.04444880040817623, 3.900041805196733158, 25.59594494636077400 ) ) ;
#3347 = CARTESIAN_POINT ( 'NONE',  ( -15.20234505106999379, 4.438709297486611582, 25.45781792647393260 ) ) ;
#3348 = CARTESIAN_POINT ( 'NONE',  ( -15.15844167635210660, 3.924455818635896431, 25.59158733543031872 ) ) ;
#3349 = CARTESIAN_POINT ( 'NONE',  ( -15.26843289686360450, 4.036920261157944445, 25.44182416830820515 ) ) ;
#3350 = CARTESIAN_POINT ( 'NONE',  ( -15.09030197208304003, 3.907341340966118182, 25.54400450636482134 ) ) ;
#3351 = CARTESIAN_POINT ( 'NONE',  ( -15.29280764637943690, 4.099999999998170885, 25.43249776601899370 ) ) ;
#3352 = CARTESIAN_POINT ( 'NONE',  ( -15.20794120759864398, 3.971249324328605113, 25.45121117465401284 ) ) ;
#3353 = CARTESIAN_POINT ( 'NONE',  ( -15.05206773619500460, 4.499838978826715241, 25.59889827536652973 ) ) ;
#3354 = CARTESIAN_POINT ( 'NONE',  ( -15.13735403364546706, 4.484591392729958770, 25.59092043490159440 ) ) ;
#3355 = CARTESIAN_POINT ( 'NONE',  ( -5.896161449085607131, 4.299999999999999822, 23.66652893861849449 ) ) ;
#3356 = CARTESIAN_POINT ( 'NONE',  ( -5.900018103691998306, 3.990570119575620467, 31.37389832391533417 ) ) ;
#3357 = CARTESIAN_POINT ( 'NONE',  ( -15.21495951381589862, 4.458789797340531713, 25.52385070592562144 ) ) ;
#3358 = CARTESIAN_POINT ( 'NONE',  ( -15.04219800592045608, 4.499999999999999112, 25.59942610114710604 ) ) ;
#3359 = CARTESIAN_POINT ( 'NONE',  ( -15.11481672648704766, 3.934080346177036169, 25.48375380629720155 ) ) ;
#3360 = COLOUR_RGB ( '',0.7921568627450980005, 0.8196078431372548767, 0.9333333333333333481 ) ;
#3361 = CARTESIAN_POINT ( 'NONE',  ( -15.17540909935464555, 3.924292590373510858, 25.54445936020236019 ) ) ;
#3362 = CARTESIAN_POINT ( 'NONE',  ( -15.28638249077460465, 4.342683281446377386, 25.55124595809008881 ) ) ;
#3363 = CARTESIAN_POINT ( 'NONE',  ( -5.900018103691999194, 4.099999999999998757, 23.67301540326788611 ) ) ;
#3364 = CARTESIAN_POINT ( 'NONE',  ( -15.10007581672875432, 4.495322425185947601, 25.58542528371847879 ) ) ;
#3365 = CARTESIAN_POINT ( 'NONE',  ( -7.160695915693114699, 4.100000000000000533, 25.09396573381658158 ) ) ;
#3366 = CARTESIAN_POINT ( 'NONE',  ( -15.19321530424604738, 4.465133584986790360, 25.55895736470765556 ) ) ;
#3367 = CARTESIAN_POINT ( 'NONE',  ( -15.30705525363368302, 4.499999999999999112, 25.47980003696503104 ) ) ;
#3368 = CARTESIAN_POINT ( 'NONE',  ( -15.07278949489783848, 3.904672443298018880, 25.55495966918218897 ) ) ;
#3369 = CARTESIAN_POINT ( 'NONE',  ( -5.896161702026292417, 4.099999999999999645, 23.66652936403663077 ) ) ;
#3370 = CARTESIAN_POINT ( 'NONE',  ( -15.07485284158975958, 4.498650429523320504, 25.58731955899366639 ) ) ;
#3371 = CARTESIAN_POINT ( 'NONE',  ( -15.25900672680358205, 3.987215017121559235, 25.52219480120315254 ) ) ;
#3372 = CARTESIAN_POINT ( 'NONE',  ( -15.10645711353461884, 4.499999999999999112, 25.47607356428352787 ) ) ;
#3373 = CARTESIAN_POINT ( 'NONE',  ( -15.29829714362306348, 4.077157295890946997, 25.45031783212078835 ) ) ;
#3374 = CARTESIAN_POINT ( 'NONE',  ( -15.24095082065805684, 3.981846332420569290, 25.57423790368069305 ) ) ;
#3375 = CARTESIAN_POINT ( 'NONE',  ( -15.07483385566801637, 3.901880219621172596, 25.59858394972349771 ) ) ;
#3376 = CARTESIAN_POINT ( 'NONE',  ( -15.28238399666747327, 4.100000000000000533, 25.57591044774448363 ) ) ;
#3377 = CARTESIAN_POINT ( 'NONE',  ( -15.16009367334423175, 4.481715275061222137, 25.54330521164576240 ) ) ;
#3378 = CARTESIAN_POINT ( 'NONE',  ( -6.215481058425496919, 4.100000000001624123, 31.17545918293328810 ) ) ;
#3379 = CARTESIAN_POINT ( 'NONE',  ( -15.21476020824883335, 4.443314765764728946, 25.46994048686040912 ) ) ;
#3380 = CARTESIAN_POINT ( 'NONE',  ( -15.12698130960915499, 3.911734016803217528, 25.53243543491053558 ) ) ;
#3381 = CARTESIAN_POINT ( 'NONE',  ( -15.25264276133879271, 4.052242421660762872, 25.41973138773539986 ) ) ;
#3382 = CARTESIAN_POINT ( 'NONE',  ( -15.10994186152037067, 3.905914371473403257, 25.57068105041016182 ) ) ;
#3383 = CARTESIAN_POINT ( 'NONE',  ( -15.28877349243138184, 4.099999999998172662, 25.42796976534826570 ) ) ;
#3384 = CARTESIAN_POINT ( 'NONE',  ( -15.06036183206980184, 4.499565324831484858, 25.59307282869881206 ) ) ;
#3385 = CARTESIAN_POINT ( 'NONE',  ( -15.13271165850227895, 4.489730243022810541, 25.54666263909955148 ) ) ;
#3386 = CARTESIAN_POINT ( 'NONE',  ( -6.673059228457784542, 4.099999999999996980, 30.84398740420392571 ) ) ;
#3387 = CARTESIAN_POINT ( 'NONE',  ( -15.27325243580035696, 3.899999999999788969, 25.59633778288379347 ) ) ;
#3388 = CARTESIAN_POINT ( 'NONE',  ( -15.21055574644261377, 4.461678879930189190, 25.51310724561078302 ) ) ;
#3389 = CARTESIAN_POINT ( 'NONE',  ( -15.04136205888854683, 4.499999999999999112, 25.60037349240651849 ) ) ;
#3390 = CARTESIAN_POINT ( 'NONE',  ( -15.29532720987921479, 3.900000000000001688, 25.54193620775783202 ) ) ;
#3391 = CARTESIAN_POINT ( 'NONE',  ( -15.17987853828014622, 3.934529747527064636, 25.58675805556266170 ) ) ;
#3392 = CARTESIAN_POINT ( 'NONE',  ( -15.18200101960136372, 3.930324803948487045, 25.56679000228825771 ) ) ;
#3393 = CARTESIAN_POINT ( 'NONE',  ( -15.15720511337005227, 4.367177880079073482, 25.40626457919312386 ) ) ;
#3394 = ORIENTED_EDGE ( 'NONE', *, *, #4531, .T. ) ;
#3395 = CARTESIAN_POINT ( 'NONE',  ( -15.30204141146021790, 4.305244694969721841, 25.51979457783308547 ) ) ;
#3396 = CARTESIAN_POINT ( 'NONE',  ( -15.08679298635560428, 4.493877667377740082, 25.54886197617382138 ) ) ;
#3397 = CARTESIAN_POINT ( 'NONE',  ( -7.588906640304506901, 4.100000000000000533, 25.35441827866440434 ) ) ;
#3398 = CARTESIAN_POINT ( 'NONE',  ( -15.14505310807039784, 4.458687938251105543, 25.47317904863325211 ) ) ;
#3399 = CARTESIAN_POINT ( 'NONE',  ( -13.80213182600771127, 3.899999999999999023, 26.92740999444102812 ) ) ;
#3400 = CARTESIAN_POINT ( 'NONE',  ( -15.09793257057774163, 3.905389724387632988, 25.59686463230544007 ) ) ;
#3401 = CARTESIAN_POINT ( 'NONE',  ( -15.06853184425883896, 4.497561900556211079, 25.56733613611472578 ) ) ;
#3402 = ADVANCED_FACE ( 'NONE', ( #6304 ), #4285, .T. ) ;
#3403 = CARTESIAN_POINT ( 'NONE',  ( -15.26595019529715991, 3.998202847210365452, 25.51966956128863728 ) ) ;
#3404 = CARTESIAN_POINT ( 'NONE',  ( -15.28769427651447721, 4.299999999999998046, 25.56317045255606502 ) ) ;
#3405 = CARTESIAN_POINT ( 'NONE',  ( -10.61870979789580893, 3.899999999999998135, 29.06713748346498960 ) ) ;
#3406 = CARTESIAN_POINT ( 'NONE',  ( -15.10204148003716185, 3.904699931262324952, 25.57866962613292827 ) ) ;
#3407 = CARTESIAN_POINT ( 'NONE',  ( -15.18208324365300044, 3.954468730932195530, 25.45883160706902260 ) ) ;
#3408 = CARTESIAN_POINT ( 'NONE',  ( -15.06847507528703467, 3.900870278973800787, 25.58771365032749401 ) ) ;
#3409 = CARTESIAN_POINT ( 'NONE',  ( -15.16295202609292403, 4.480581455095702381, 25.54194584880318786 ) ) ;
#3410 = CARTESIAN_POINT ( 'NONE',  ( -12.17979831714745664, 3.899999999998492228, 25.70683915617263793 ) ) ;
#3411 = CARTESIAN_POINT ( 'NONE',  ( -15.16431509011377088, 4.406760607143145769, 25.42591697341328327 ) ) ;
#3412 = CARTESIAN_POINT ( 'NONE',  ( -15.12221776822067731, 3.911864346283500105, 25.53057248136252966 ) ) ;
#3413 = CARTESIAN_POINT ( 'NONE',  ( -15.24658190969155136, 4.038776075027260326, 25.42431655346983632 ) ) ;
#3414 = CARTESIAN_POINT ( 'NONE',  ( -15.30542234480402186, 4.094856641152261112, 25.50150622310826520 ) ) ;
#3415 = CARTESIAN_POINT ( 'NONE',  ( -15.10096123123924450, 4.476877701367384610, 25.50271207394315454 ) ) ;
#3416 = CARTESIAN_POINT ( 'NONE',  ( -7.491914598010422921, 4.099999999999998757, 30.37529248896015233 ) ) ;
#3417 = CARTESIAN_POINT ( 'NONE',  ( -15.27325243593202053, 4.099999999999999645, 25.59633778294871576 ) ) ;
#3418 = CARTESIAN_POINT ( 'NONE',  ( -15.23383555683799706, 4.442800803654222364, 25.53230881448284961 ) ) ;
#3419 = CARTESIAN_POINT ( 'NONE',  ( -15.31122322312429063, 4.099999999999999645, 25.49380076608610679 ) ) ;
#3420 = CARTESIAN_POINT ( 'NONE',  ( -15.18521292988143756, 3.931914586942055312, 25.56600518644317788 ) ) ;
#3421 = CARTESIAN_POINT ( 'NONE',  ( -15.32262296841567206, 4.300000000000820499, 25.41891215809963711 ) ) ;
#3422 = CARTESIAN_POINT ( 'NONE',  ( -15.08316858814623451, 3.912274152919487769, 25.52815114306028121 ) ) ;
#3423 = CARTESIAN_POINT ( 'NONE',  ( -15.18884323844203621, 4.305232239426155516, 25.39572511618809614 ) ) ;
#3424 = CARTESIAN_POINT ( 'NONE',  ( -15.09635574729858476, 4.494371932928891589, 25.55377522942068680 ) ) ;
#3425 = CARTESIAN_POINT ( 'NONE',  ( -6.094069636439050974, 4.300000000000375522, 23.97916411982588158 ) ) ;
#3426 = CARTESIAN_POINT ( 'NONE',  ( -15.20152523945143130, 4.452430763489878984, 25.58235485748527793 ) ) ;
#3427 = CARTESIAN_POINT ( 'NONE',  ( -14.53317446126384915, 3.900000000000000799, 26.21194992463782469 ) ) ;
#3428 = CARTESIAN_POINT ( 'NONE',  ( -5.908124567159975804, 4.099999999999881517, 23.68661356179321231 ) ) ;
#3429 = CARTESIAN_POINT ( 'NONE',  ( -15.07823668915846405, 4.496871023969760905, 25.56372622109799053 ) ) ;
#3430 = CARTESIAN_POINT ( 'NONE',  ( -9.821477889131342565, 3.899999999999999911, 25.83622787939401988 ) ) ;
#3431 = CARTESIAN_POINT ( 'NONE',  ( -15.25827110252524754, 3.985758998890162275, 25.51766925959658394 ) ) ;
#3432 = CARTESIAN_POINT ( 'NONE',  ( -15.07137990602782374, 4.499999999999997335, 25.55090175447241307 ) ) ;
#3433 = CARTESIAN_POINT ( 'NONE',  ( -15.09575908901718044, 3.904366211931860953, 25.56292112696899466 ) ) ;
#3434 = CARTESIAN_POINT ( 'NONE',  ( -15.22307776162325332, 3.948342544448616653, 25.49498917950373666 ) ) ;
#3435 = CARTESIAN_POINT ( 'NONE',  ( -15.05767369491616847, 3.901435886843231504, 25.57512037935298821 ) ) ;
#3436 = CARTESIAN_POINT ( 'NONE',  ( -15.17997035096628800, 4.465867043210921317, 25.58536498893594313 ) ) ;
#3437 = CARTESIAN_POINT ( 'NONE',  ( -12.84696437013948156, 3.899999999999999467, 25.83924763082143272 ) ) ;
#3438 = CARTESIAN_POINT ( 'NONE',  ( -15.20660513605160880, 4.432241724596203802, 25.45384734098208313 ) ) ;
#3439 = CARTESIAN_POINT ( 'NONE',  ( -15.09626959982692895, 3.919920369713630226, 25.50929943291897573 ) ) ;
#3440 = CARTESIAN_POINT ( 'NONE',  ( -15.27338394255878384, 4.035151301355629272, 25.56853847999121854 ) ) ;
#3441 = CARTESIAN_POINT ( 'NONE',  ( -15.10018250051017397, 3.905113504851515760, 25.55975413966425336 ) ) ;
#3442 = CARTESIAN_POINT ( 'NONE',  ( -15.16384842025492219, 4.094962488050497562, 25.39476484763048347 ) ) ;
#3443 = CARTESIAN_POINT ( 'NONE',  ( -15.07781707155090167, 3.901578900751323520, 25.58213229733011218 ) ) ;
#3444 = CARTESIAN_POINT ( 'NONE',  ( -8.230758224085775510, 4.499999999999997335, 29.83163431105203145 ) ) ;
#3445 = CARTESIAN_POINT ( 'NONE',  ( -15.15469559654407128, 4.478044764112449450, 25.58863826972335431 ) ) ;
#3446 = CARTESIAN_POINT ( 'NONE',  ( -5.903039889347984293, 4.499999999999906741, 23.67809411563485611 ) ) ;
#3447 = CARTESIAN_POINT ( 'NONE',  ( -14.78563849391069063, 4.099999999999183409, 26.23472133798082595 ) ) ;
#3448 = CARTESIAN_POINT ( 'NONE',  ( -15.19505561914596647, 4.447518742359998889, 25.46440142858409672 ) ) ;
#3449 = CARTESIAN_POINT ( 'NONE',  ( -15.29615591199153002, 3.899999999999997691, 25.53942677714935527 ) ) ;
#3450 = CARTESIAN_POINT ( 'NONE',  ( -15.19258411745020432, 3.942177844665058384, 25.58527858119303744 ) ) ;
#3451 = FACE_OUTER_BOUND ( 'NONE', #3649, .T. ) ;
#3452 = CARTESIAN_POINT ( 'NONE',  ( -15.28428739590624197, 4.310743094902768746, 25.57092259592347716 ) ) ;
#3453 = CARTESIAN_POINT ( 'NONE',  ( -15.10020676378240800, 4.494247965612969686, 25.55470241630075279 ) ) ;
#3454 = CARTESIAN_POINT ( 'NONE',  ( -15.14721622725197570, 4.456845162564290419, 25.47069857455478825 ) ) ;
#3455 = CIRCLE ( 'NONE', #694, 0.09999999999999947820 ) ;
#3456 = CARTESIAN_POINT ( 'NONE',  ( -5.736464777765914569, 3.899999999999999467, 23.78924361170285096 ) ) ;
#3457 = CARTESIAN_POINT ( 'NONE',  ( -15.08683565605412724, 4.497480328990352660, 25.58252550837992700 ) ) ;
#3458 = CARTESIAN_POINT ( 'NONE',  ( -15.04831973525165978, 3.900076441797046822, 25.59991079680800397 ) ) ;
#3459 = CARTESIAN_POINT ( 'NONE',  ( -15.24653383807898699, 3.978201539846767165, 25.48144998358772284 ) ) ;
#3460 = CARTESIAN_POINT ( 'NONE',  ( -15.27307841050000370, 4.499999999999575451, 25.59670351625372575 ) ) ;
#3461 = CARTESIAN_POINT ( 'NONE',  ( -15.10531709002449752, 3.905303616168238179, 25.57897429846920190 ) ) ;
#3462 = CARTESIAN_POINT ( 'NONE',  ( -15.19119362955884434, 3.946023199579430596, 25.47132973994354543 ) ) ;
#3463 = CARTESIAN_POINT ( 'NONE',  ( -15.06890217011128463, 3.901004557869003797, 25.59338873664242797 ) ) ;
#3464 = CARTESIAN_POINT ( 'NONE',  ( -15.17624367909053085, 4.466195021965543077, 25.59122447341607298 ) ) ;
#3465 = CARTESIAN_POINT ( 'NONE',  ( -15.14191304672069549, 4.480728961509904629, 25.51488333572552847 ) ) ;
#3466 = CARTESIAN_POINT ( 'NONE',  ( -12.82556570025135478, 3.899999999999999911, 25.64039470373244001 ) ) ;
#3467 = CARTESIAN_POINT ( 'NONE',  ( -15.23498183186324262, 4.435889544569652010, 25.48394752250293394 ) ) ;
#3468 = CARTESIAN_POINT ( 'NONE',  ( -15.13131521339816565, 3.909682854724404244, 25.55611255109396396 ) ) ;
#3469 = CARTESIAN_POINT ( 'NONE',  ( -15.16369808203632807, 4.023090187932942818, 25.41041192806689608 ) ) ;
#3470 = CARTESIAN_POINT ( 'NONE',  ( -7.774572606041587619, 4.499999999988700594, 30.23758703221407274 ) ) ;
#3471 = CARTESIAN_POINT ( 'NONE',  ( -12.18029073463033285, 4.499999999993976374, 25.70679125477750659 ) ) ;
#3472 = CARTESIAN_POINT ( 'NONE',  ( -15.13521874663672939, 4.489162475600278590, 25.54514709134683059 ) ) ;
#3473 = CARTESIAN_POINT ( 'NONE',  ( -8.798499061343244776, 4.100000000000000533, 29.84629310283218828 ) ) ;
#3474 = CARTESIAN_POINT ( 'NONE',  ( -15.02862800907401564, 3.899999999999998135, 25.62047794788453814 ) ) ;
#3475 = CARTESIAN_POINT ( 'NONE',  ( -15.05598744485463136, 3.900285976121467435, 25.59065976040196588 ) ) ;
#3476 = CARTESIAN_POINT ( 'NONE',  ( -15.23178578894245305, 4.441346895404595152, 25.54547191523934302 ) ) ;
#3477 = DIRECTION ( 'NONE',  ( 1.000000000000000000, -0.000000000000000000, -1.411534255948957224E-16 ) ) ;
#3478 = CARTESIAN_POINT ( 'NONE',  ( -15.16115216014956957, 3.919120189107473173, 25.55856940994031135 ) ) ;
#3479 = CARTESIAN_POINT ( 'NONE',  ( -15.17721114027017570, 3.928026461445508044, 25.56790870919648384 ) ) ;
#3480 = CARTESIAN_POINT ( 'NONE',  ( -15.05431938786430024, 3.901051900842360975, 25.57859251913167498 ) ) ;
#3481 = ORIENTED_EDGE ( 'NONE', *, *, #3172, .F. ) ;
#3482 = CARTESIAN_POINT ( 'NONE',  ( -15.24792205710467208, 4.305235902821299199, 25.40520314175974192 ) ) ;
#3483 = CARTESIAN_POINT ( 'NONE',  ( -12.84661811026610856, 4.300000000000813394, 27.99614186558309825 ) ) ;
#3484 = CARTESIAN_POINT ( 'NONE',  ( -15.09055720824354196, 4.491548388278471471, 25.53975509004269284 ) ) ;
#3485 = CARTESIAN_POINT ( 'NONE',  ( -7.182381022511558299, 4.100000000000001421, 25.10912131968600036 ) ) ;
#3486 = CARTESIAN_POINT ( 'NONE',  ( -15.17458131264464605, 4.470759711711609796, 25.50018298561572294 ) ) ;
#3487 = CARTESIAN_POINT ( 'NONE',  ( -15.17819523047631769, 3.933124456854062867, 25.49124008333379621 ) ) ;
#3488 = CARTESIAN_POINT ( 'NONE',  ( -5.928552800050388427, 3.899999999999999467, 24.09144855664102991 ) ) ;
#3489 = CARTESIAN_POINT ( 'NONE',  ( -15.06871272878437473, 4.494989537429517235, 25.55365662442140717 ) ) ;
#3490 = CARTESIAN_POINT ( 'NONE',  ( -5.893615004192637841, 4.099999999999999645, 31.41950702217612346 ) ) ;
#3491 = CARTESIAN_POINT ( 'NONE',  ( -15.04678502071709367, 3.900036415735718798, 25.59743784531325161 ) ) ;
#3492 = CARTESIAN_POINT ( 'NONE',  ( -15.29971782873308328, 4.070871721612366656, 25.46286727743370903 ) ) ;
#3493 = CARTESIAN_POINT ( 'NONE',  ( -15.08571477511061332, 4.499999999999999112, 25.52442436168911399 ) ) ;
#3494 = CARTESIAN_POINT ( 'NONE',  ( -15.09425524615367920, 3.904506050636581183, 25.56046726235368283 ) ) ;
#3495 = CARTESIAN_POINT ( 'NONE',  ( -15.14208032961271400, 3.970354799550314340, 25.44231403588022999 ) ) ;
#3496 = CARTESIAN_POINT ( 'NONE',  ( -15.06387769944420008, 3.900743287585996200, 25.58392685555582347 ) ) ;
#3497 = CARTESIAN_POINT ( 'NONE',  ( -15.06000597672872843, 4.499268387774995936, 25.58265136598039291 ) ) ;
#3498 = CARTESIAN_POINT ( 'NONE',  ( -15.15442773987374103, 4.482759797106372623, 25.53357200658291504 ) ) ;
#3499 = CARTESIAN_POINT ( 'NONE',  ( -15.19619700895412429, 3.900000000000047873, 25.39628899684559826 ) ) ;
#3500 = CARTESIAN_POINT ( 'NONE',  ( -15.24681900351315456, 4.426465051441835996, 25.54071272922918112 ) ) ;
#3501 = CARTESIAN_POINT ( 'NONE',  ( -15.09758121703029232, 3.919059197689035656, 25.51103936192304644 ) ) ;
#3502 = CARTESIAN_POINT ( 'NONE',  ( -15.27325268236762490, 4.027412540601719826, 25.55957424761170671 ) ) ;
#3503 = CARTESIAN_POINT ( 'NONE',  ( -15.10819818867111586, 3.905650985451579515, 25.57315601551623985 ) ) ;
#3504 = CARTESIAN_POINT ( 'NONE',  ( -15.28819968846991983, 4.089237248639206790, 25.42847463836632116 ) ) ;
#3505 = CARTESIAN_POINT ( 'NONE',  ( -15.14608695825415019, 3.999312856981275921, 25.42184951741237597 ) ) ;
#3506 = CARTESIAN_POINT ( 'NONE',  ( -15.07279035791725263, 3.901724051961335871, 25.57391915243799829 ) ) ;
#3507 = CARTESIAN_POINT ( 'NONE',  ( -8.301695316749732712, 4.299999999997556444, 30.01865234216788991 ) ) ;
#3508 = CARTESIAN_POINT ( 'NONE',  ( -12.82610334653007911, 4.299999999999998046, 25.64033689357716028 ) ) ;
#3509 = CARTESIAN_POINT ( 'NONE',  ( -15.14534477965959702, 4.486243460534950600, 25.56317165119435231 ) ) ;
#3510 = CARTESIAN_POINT ( 'NONE',  ( -10.72798520213327578, 4.499999999999999112, 29.02338561402029882 ) ) ;
#3511 = CARTESIAN_POINT ( 'NONE',  ( -15.17656713084449649, 3.900000000000409361, 25.75856097724933491 ) ) ;
#3512 = CARTESIAN_POINT ( 'NONE',  ( -15.05616994303654899, 3.900323401539027124, 25.59823259528818440 ) ) ;
#3513 = CARTESIAN_POINT ( 'NONE',  ( -15.16968285703105934, 4.433164467286241361, 25.44552849399928718 ) ) ;
#3514 = CARTESIAN_POINT ( 'NONE',  ( -15.15640249844791576, 3.917096983681491285, 25.54050242729792330 ) ) ;
#3515 = CARTESIAN_POINT ( 'NONE',  ( -15.16380317065035932, 4.329218282970361820, 25.39638752011199330 ) ) ;
#3516 = CARTESIAN_POINT ( 'NONE',  ( -15.01627352789537717, 4.299999999999623235, 25.40163699707022005 ) ) ;
#3517 = ORIENTED_EDGE ( 'NONE', *, *, #2231, .T. ) ;
#3518 = CARTESIAN_POINT ( 'NONE',  ( -15.06944023527725562, 3.904822583031862582, 25.55443465722106211 ) ) ;
#3519 = CARTESIAN_POINT ( 'NONE',  ( -15.28654669031774027, 4.310425641945896835, 25.56535902237385827 ) ) ;
#3520 = CARTESIAN_POINT ( 'NONE',  ( -15.08260015018795919, 4.489313866826562638, 25.53266132156625901 ) ) ;
#3521 = CARTESIAN_POINT ( 'NONE',  ( -15.11113343667338782, 4.099999999999996980, 25.39532623891178531 ) ) ;
#3522 = CARTESIAN_POINT ( 'NONE',  ( -15.16409792872590145, 4.460779859123671365, 25.47724186305645944 ) ) ;
#3523 = CARTESIAN_POINT ( 'NONE',  ( -15.19999383066484455, 3.933371915154245002, 25.51738179003334395 ) ) ;
#3524 = CARTESIAN_POINT ( 'NONE',  ( -5.900018103691998306, 4.053217995115881322, 23.68346981402485696 ) ) ;
#3525 = CARTESIAN_POINT ( 'NONE',  ( -6.911148675349449988, 3.900000000001517808, 24.90908603226250406 ) ) ;
#3526 = CARTESIAN_POINT ( 'NONE',  ( -15.06556048181644236, 3.900957612297628163, 25.59914298330697591 ) ) ;
#3527 = CARTESIAN_POINT ( 'NONE',  ( -15.08301809758072665, 4.497846720650844787, 25.58604331206605309 ) ) ;
#3528 = CARTESIAN_POINT ( 'NONE',  ( -15.04899695688679806, 3.900072450276745872, 25.59623606134118390 ) ) ;
#3529 = CARTESIAN_POINT ( 'NONE',  ( -15.30288346207911765, 4.077287136723511729, 25.46753879294712419 ) ) ;
#3530 = CARTESIAN_POINT ( 'NONE',  ( -15.19490956463619646, 4.500000000000617284, 25.73170434400046602 ) ) ;
#3531 = CARTESIAN_POINT ( 'NONE',  ( -15.09199310783249537, 3.904853703877256166, 25.55681020723405439 ) ) ;
#3532 = CARTESIAN_POINT ( 'NONE',  ( -15.21484528582629636, 3.943131257947554591, 25.49486284212384035 ) ) ;
#3533 = CARTESIAN_POINT ( 'NONE',  ( -15.06954306286801071, 3.901051380198302887, 25.59321592800704792 ) ) ;
#3534 = CARTESIAN_POINT ( 'NONE',  ( -15.05482238778236237, 4.499405504202342421, 25.58394879108585229 ) ) ;
#3535 = CARTESIAN_POINT ( 'NONE',  ( -15.17347492938340103, 4.476154610133068701, 25.52587380875686307 ) ) ;
#3536 = CARTESIAN_POINT ( 'NONE',  ( -15.07338561602105820, 4.099999999999999645, 25.39747630384108845 ) ) ;
#3537 = CARTESIAN_POINT ( 'NONE',  ( -15.22990480388499890, 4.435916537614863486, 25.47594858510412763 ) ) ;
#3538 = CARTESIAN_POINT ( 'NONE',  ( -15.14275443078979322, 3.913159810715443054, 25.56511445436724372 ) ) ;
#3539 = CARTESIAN_POINT ( 'NONE',  ( -15.27943704731381658, 4.024995336675885937, 25.52950320972928111 ) ) ;
#3540 = CARTESIAN_POINT ( 'NONE',  ( -15.10099958027957712, 3.905062540357422396, 25.56109112209150780 ) ) ;
#3541 = CARTESIAN_POINT ( 'NONE',  ( -7.170072175584505381, 4.500000000000000000, 30.55018876621857515 ) ) ;
#3542 = CARTESIAN_POINT ( 'NONE',  ( -14.11946093612183084, 4.299999999995479882, 25.49481854717319251 ) ) ;
#3543 = CARTESIAN_POINT ( 'NONE',  ( -15.12168618308560397, 4.477052361081584664, 25.50242523254163629 ) ) ;
#3544 = CARTESIAN_POINT ( 'NONE',  ( -7.218265941993011303, 4.500000000000000000, 30.29442845638518378 ) ) ;
#3545 = CARTESIAN_POINT ( 'NONE',  ( -12.65676212863749406, 3.899999999999999911, 28.14008597655204369 ) ) ;
#3546 = CARTESIAN_POINT ( 'NONE',  ( -15.05329589950950897, 3.900177757617314445, 25.59354728730682638 ) ) ;
#3547 = CARTESIAN_POINT ( 'NONE',  ( -15.14909149751023065, 4.418866664264652577, 25.43374378986623086 ) ) ;
#3548 = PLANE ( 'NONE',  #795 ) ;
#3549 = CARTESIAN_POINT ( 'NONE',  ( -15.14577912670732474, 3.915196188847756442, 25.53091716192504634 ) ) ;
#3550 = CARTESIAN_POINT ( 'NONE',  ( -15.14803756502466037, 4.499999999999998224, 25.59462816605374513 ) ) ;
#3551 = CARTESIAN_POINT ( 'NONE',  ( -15.07863877349149817, 3.901725775472858704, 25.57855179692195691 ) ) ;
#3552 = CARTESIAN_POINT ( 'NONE',  ( -15.04766042354252242, 4.499948180423097632, 25.59886999054358725 ) ) ;
#3553 = CARTESIAN_POINT ( 'NONE',  ( -11.65865236981275821, 4.499999999999999112, 28.56648567192274513 ) ) ;
#3554 = CARTESIAN_POINT ( 'NONE',  ( -15.11736386675155330, 4.491109045999552407, 25.58880970577950009 ) ) ;
#3555 = CARTESIAN_POINT ( 'NONE',  ( -15.17379565830762012, 4.465604477247876680, 25.48724334392238688 ) ) ;
#3556 = CARTESIAN_POINT ( 'NONE',  ( -15.21106183525586708, 3.946281062407781537, 25.55873087919515996 ) ) ;
#3557 = DIRECTION ( 'NONE',  ( 0.000000000000000000, 0.000000000000000000, -1.000000000000000000 ) ) ;
#3558 = CARTESIAN_POINT ( 'NONE',  ( -8.956003355044247272, 3.899999999999998135, 25.97363150609277582 ) ) ;
#3559 = CARTESIAN_POINT ( 'NONE',  ( -15.06984956142937015, 3.901358348966760481, 25.59889418559551189 ) ) ;
#3560 = CARTESIAN_POINT ( 'NONE',  ( -15.08983904810551024, 4.496012661726286552, 25.59791392717319525 ) ) ;
#3561 = CARTESIAN_POINT ( 'NONE',  ( -15.04279268907113476, 3.900009926045189701, 25.59797605544511967 ) ) ;
#3562 = CARTESIAN_POINT ( 'NONE',  ( -15.24303815650424276, 4.071941319583467944, 25.40819494319921290 ) ) ;
#3563 = EDGE_CURVE ( 'NONE', #5129, #6221, #2922, .T. ) ;
#3564 = CARTESIAN_POINT ( 'NONE',  ( -13.12594972165540597, 4.299999999999186251, 27.77455139885156044 ) ) ;
#3565 = CARTESIAN_POINT ( 'NONE',  ( -15.10481202503247111, 3.906484564036897478, 25.59383767008923982 ) ) ;
#3566 = CARTESIAN_POINT ( 'NONE',  ( -15.17061008980786774, 3.957483252895888093, 25.45424624938616986 ) ) ;
#3567 = CARTESIAN_POINT ( 'NONE',  ( -15.06087478784693090, 4.499342501852592768, 25.58406615234784454 ) ) ;
#3568 = CARTESIAN_POINT ( 'NONE',  ( -15.17474115623779163, 4.476024972369193833, 25.54301783195431952 ) ) ;
#3569 = CARTESIAN_POINT ( 'NONE',  ( -15.15493727999651163, 3.900000000000140243, 25.39458826916053269 ) ) ;
#3570 = CARTESIAN_POINT ( 'NONE',  ( -15.25667599583069034, 4.393671634547526850, 25.57675295744792976 ) ) ;
#3571 = CARTESIAN_POINT ( 'NONE',  ( -15.10014909689722629, 3.917437386400109744, 25.51447646964198768 ) ) ;
#3572 = CARTESIAN_POINT ( 'NONE',  ( -15.20314921986890333, 4.020298670866608859, 25.41777914006988226 ) ) ;
#3573 = CARTESIAN_POINT ( 'NONE',  ( -15.04493898999822754, 4.499971189663044768, 25.59679654014462358 ) ) ;
#3574 = CARTESIAN_POINT ( 'NONE',  ( -8.341159352860513465, 4.499999999999998224, 29.79065378783366569 ) ) ;
#3575 = CARTESIAN_POINT ( 'NONE',  ( -15.12721504295318908, 4.483799726170843769, 25.51821303453724354 ) ) ;
#3576 = CARTESIAN_POINT ( 'NONE',  ( -14.53746199158029206, 4.100000000001633893, 26.49553276615894859 ) ) ;
#3577 = CARTESIAN_POINT ( 'NONE',  ( -15.04861992827144235, 3.900332478626380439, 25.58818874430980017 ) ) ;
#3578 = CARTESIAN_POINT ( 'NONE',  ( -15.23229105405602013, 4.446156188256548347, 25.51997022336258425 ) ) ;
#3579 = CARTESIAN_POINT ( 'NONE',  ( -15.14925962004253357, 3.916667867459923347, 25.52857797010300089 ) ) ;
#3580 = CARTESIAN_POINT ( 'NONE',  ( -15.10507256900996254, 4.470385082786827446, 25.49116594620815590 ) ) ;
#3581 = CARTESIAN_POINT ( 'NONE',  ( -15.17623391899593699, 4.499999999999952927, 25.39508266805523817 ) ) ;
#3582 = CARTESIAN_POINT ( 'NONE',  ( -15.08394829996229269, 3.902434268895356162, 25.57270671129873918 ) ) ;
#3583 = CARTESIAN_POINT ( 'NONE',  ( -15.04686164000869475, 4.499954374203760210, 25.59993736090636673 ) ) ;
#3584 = CARTESIAN_POINT ( 'NONE',  ( -11.96598876875125228, 4.299999999998370015, 28.61449746103852476 ) ) ;
#3585 = CARTESIAN_POINT ( 'NONE',  ( -15.11913052248156397, 4.492402748556863834, 25.56960952198536319 ) ) ;
#3586 = CARTESIAN_POINT ( 'NONE',  ( -15.22296495819159112, 4.440651344210237106, 25.56754964299283372 ) ) ;
#3587 = CARTESIAN_POINT ( 'NONE',  ( -15.15637151172313324, 3.944577064489446450, 25.46887132399561438 ) ) ;
#3588 = CARTESIAN_POINT ( 'NONE',  ( -15.29522420944005034, 4.100000000000002309, 25.54224847798559850 ) ) ;
#3589 = CARTESIAN_POINT ( 'NONE',  ( -14.44803353585710148, 4.299999999999999822, 26.58564050401489354 ) ) ;
#3590 = CARTESIAN_POINT ( 'NONE',  ( -15.21239517996066404, 4.357676197713971078, 25.40994394460281924 ) ) ;
#3591 = CARTESIAN_POINT ( 'NONE',  ( -9.190859269736140647, 3.900000000000000355, 25.79934329123111070 ) ) ;
#3592 = CARTESIAN_POINT ( 'NONE',  ( -15.07982694218393860, 4.495712369465375779, 25.55699747584165493 ) ) ;
#3593 = CARTESIAN_POINT ( 'NONE',  ( -15.04214008635460331, 3.899999999999998135, 25.59930346681730029 ) ) ;
#3594 = CARTESIAN_POINT ( 'NONE',  ( -15.16289549082404342, 4.075727075301665892, 25.39617094914601836 ) ) ;
#3595 = CARTESIAN_POINT ( 'NONE',  ( -14.70354094319476879, 4.300000000001633182, 26.32276762588768548 ) ) ;
#3596 = CARTESIAN_POINT ( 'NONE',  ( -15.07583970294398767, 3.906813305423716187, 25.54592602706964755 ) ) ;
#3597 = CARTESIAN_POINT ( 'NONE',  ( -15.21885386680922991, 3.943170057482068280, 25.51166318118880127 ) ) ;
#3598 = CARTESIAN_POINT ( 'NONE',  ( -15.05875171539353374, 4.499628630024676390, 25.59041425801898129 ) ) ;
#3599 = SHAPE_DEFINITION_REPRESENTATION ( #92, #2309 ) ;
#3600 = CARTESIAN_POINT ( 'NONE',  ( -15.14415998917859163, 4.472717842693510804, 25.49680302350468963 ) ) ;
#3601 = CARTESIAN_POINT ( 'NONE',  ( -15.07269287977699612, 3.900000000000000799, 25.59799671709341595 ) ) ;
#3602 = CARTESIAN_POINT ( 'NONE',  ( -15.25610447409611936, 4.417083315823939316, 25.50976330891305821 ) ) ;
#3603 = CARTESIAN_POINT ( 'NONE',  ( -15.10165403892498937, 3.911091322369920409, 25.53099355866901732 ) ) ;
#3604 = CARTESIAN_POINT ( 'NONE',  ( -15.17107401148281376, 4.014618684423994388, 25.41486550679809397 ) ) ;
#3605 = CARTESIAN_POINT ( 'NONE',  ( -15.19620783944283282, 3.973756104494781560, 25.44466131783558538 ) ) ;
#3606 = CARTESIAN_POINT ( 'NONE',  ( -15.06538025018421223, 3.901297142616777958, 25.57660769528492750 ) ) ;
#3607 = CARTESIAN_POINT ( 'NONE',  ( -7.228621620299758632, 4.299999999999998934, 25.14236316004511451 ) ) ;
#3608 = CARTESIAN_POINT ( 'NONE',  ( -15.15975813371017544, 4.479362459803944319, 25.57324652570597223 ) ) ;
#3609 = CARTESIAN_POINT ( 'NONE',  ( -14.02260978560794236, 4.099999999999181632, 26.99478413179296155 ) ) ;
#3610 = CARTESIAN_POINT ( 'NONE',  ( -15.06024402685572028, 3.900518739948336755, 25.59761479850904209 ) ) ;
#3611 = CARTESIAN_POINT ( 'NONE',  ( -15.23522497376190898, 4.443435124191895902, 25.51867260557852291 ) ) ;
#3612 = CARTESIAN_POINT ( 'NONE',  ( -15.10678448228322779, 3.926296717106754652, 25.49662871717168144 ) ) ;
#3613 = CARTESIAN_POINT ( 'NONE',  ( -15.10480708183475507, 4.500000000000189182, 25.39573671300184543 ) ) ;
#3614 = CARTESIAN_POINT ( 'NONE',  ( -15.09064352686173471, 3.903059128267797107, 25.58399861249739971 ) ) ;
#3615 = CARTESIAN_POINT ( 'NONE',  ( -15.04650154076399282, 4.499964814342114039, 25.59936773422360901 ) ) ;
#3616 = CARTESIAN_POINT ( 'NONE',  ( -15.10618630071731516, 4.490746063847093517, 25.53800874492036499 ) ) ;
#3617 = CARTESIAN_POINT ( 'NONE',  ( -14.74469388482277843, 4.099999999999999645, 25.42658190571532018 ) ) ;
#3618 = CARTESIAN_POINT ( 'NONE',  ( -15.18399495241950348, 4.466665339452749350, 25.49312888138723920 ) ) ;
#3619 = CARTESIAN_POINT ( 'NONE',  ( -15.13021520318065427, 3.964883496342915592, 25.44743384038042677 ) ) ;
#3620 = CARTESIAN_POINT ( 'NONE',  ( -15.29522420936039673, 3.900000000000008793, 25.54224847795923026 ) ) ;
#3621 = CARTESIAN_POINT ( 'NONE',  ( -15.27384602453241236, 4.374254272647101871, 25.55560115399734400 ) ) ;
#3622 = CARTESIAN_POINT ( 'NONE',  ( -8.267316714004646627, 4.100000000000749267, 25.62248617706095999 ) ) ;
#3623 = CARTESIAN_POINT ( 'NONE',  ( -15.08751486643779138, 4.497423230244692149, 25.57875160498236866 ) ) ;
#3624 = CARTESIAN_POINT ( 'NONE',  ( -15.04314046049070086, 3.900005776748934228, 25.59860378588181717 ) ) ;
#3625 = CARTESIAN_POINT ( 'NONE',  ( -15.30201380357140728, 4.071196364285570191, 25.48038284710832357 ) ) ;
#3626 = CARTESIAN_POINT ( 'NONE',  ( -14.45303360770612144, 4.500000000000821565, 26.58064470007935398 ) ) ;
#3627 = CARTESIAN_POINT ( 'NONE',  ( -15.25793663468264150, 3.990738934630521317, 25.54543114944920035 ) ) ;
#3628 = CARTESIAN_POINT ( 'NONE',  ( -15.09716227310020287, 3.903940751199322268, 25.58047190661467241 ) ) ;
#3629 = CARTESIAN_POINT ( 'NONE',  ( -15.26356500674915395, 4.089340043338505204, 25.41166113575664198 ) ) ;
#3630 = CARTESIAN_POINT ( 'NONE',  ( -15.21142373855148655, 3.939237805963597072, 25.52412357802074894 ) ) ;
#3631 = CARTESIAN_POINT ( 'NONE',  ( -15.06760740344923732, 4.499172625552527727, 25.59021078107370784 ) ) ;
#3632 = CARTESIAN_POINT ( 'NONE',  ( -15.30532817353691755, 4.300000000000820499, 25.50211701488969140 ) ) ;
#3633 = CARTESIAN_POINT ( 'NONE',  ( -15.19031423988928431, 4.461664835470291024, 25.57819227345076030 ) ) ;
#3634 = CARTESIAN_POINT ( 'NONE',  ( -15.17978812959321111, 3.899999999999999467, 25.59562359001095544 ) ) ;
#3635 = CARTESIAN_POINT ( 'NONE',  ( -15.23574426961963546, 4.422366695991526875, 25.46592159481223305 ) ) ;
#3636 = CARTESIAN_POINT ( 'NONE',  ( -15.12923880352875550, 3.910441514647440275, 25.57624853571755708 ) ) ;
#3637 = CARTESIAN_POINT ( 'NONE',  ( -15.26903285714769609, 4.015905761521382011, 25.55611298308626544 ) ) ;
#3638 = CARTESIAN_POINT ( 'NONE',  ( -15.14721830340635655, 3.989774569620486044, 25.42770054405391988 ) ) ;
#3639 = CARTESIAN_POINT ( 'NONE',  ( -15.07210136558107294, 3.901119922594591838, 25.58751771630008776 ) ) ;
#3640 = CARTESIAN_POINT ( 'NONE',  ( -5.870472751081440066, 4.499999999999995559, 31.43754906218923040 ) ) ;
#3641 = CARTESIAN_POINT ( 'NONE',  ( -15.12800688452780662, 4.485755231377467567, 25.52398726201052881 ) ) ;
#3642 = CARTESIAN_POINT ( 'NONE',  ( -11.24696043107959298, 4.499999999999999112, 28.78683138849496004 ) ) ;
#3643 = CARTESIAN_POINT ( 'NONE',  ( -13.93504275499051559, 4.100000000001633893, 27.07550731117730081 ) ) ;
#3644 = CARTESIAN_POINT ( 'NONE',  ( -15.05209189931612457, 3.900169459607084388, 25.59883965358067215 ) ) ;
#3645 = CARTESIAN_POINT ( 'NONE',  ( -15.24103150044913768, 4.412414127765350358, 25.58339891260717991 ) ) ;
#3646 = CARTESIAN_POINT ( 'NONE',  ( -15.14900159130521473, 3.914182655174426539, 25.55257897916952459 ) ) ;
#3647 = CARTESIAN_POINT ( 'NONE',  ( -15.06491473550036986, 4.496303232057853982, 25.56019167605401421 ) ) ;
#3648 = CARTESIAN_POINT ( 'NONE',  ( -15.17793420964566131, 4.499999999999999112, 25.59548544039625284 ) ) ;
#3649 = EDGE_LOOP ( 'NONE', ( #4499, #5327 ) ) ;
#3650 = CARTESIAN_POINT ( 'NONE',  ( -15.08763971926472713, 3.903245492344818324, 25.59398398523399010 ) ) ;
#3651 = CARTESIAN_POINT ( 'NONE',  ( -15.04869706884727165, 4.499889335255946143, 25.59336122474046604 ) ) ;
#3652 = CARTESIAN_POINT ( 'NONE',  ( -15.09602602022542683, 4.489591364510793881, 25.53309052549013458 ) ) ;
#3653 = CARTESIAN_POINT ( 'NONE',  ( -15.19742676593999242, 4.464873951200370783, 25.49783659620226928 ) ) ;
#3654 = CARTESIAN_POINT ( 'NONE',  ( -15.20136860031361081, 3.940425567110968696, 25.56168128403525941 ) ) ;
#3655 = CARTESIAN_POINT ( 'NONE',  ( -6.900018103691998306, 4.199999847142954046, 29.89647591788961378 ) ) ;
#3656 = CARTESIAN_POINT ( 'NONE',  ( -15.16103466332138971, 4.348554436960368363, 25.40048542446604785 ) ) ;
#3657 = CARTESIAN_POINT ( 'NONE',  ( -7.540640448866737344, 4.499999999999999112, 25.55833264750805611 ) ) ;
#3658 = CARTESIAN_POINT ( 'NONE',  ( -15.09537399308608130, 4.495608329039050943, 25.59223073418277750 ) ) ;
#3659 = CARTESIAN_POINT ( 'NONE',  ( -15.04333756509519482, 3.900004657245404349, 25.59893240791200952 ) ) ;
#3660 = CARTESIAN_POINT ( 'NONE',  ( -13.67023045618026700, 4.300000000003265654, 27.31497045364303489 ) ) ;
#3661 = CARTESIAN_POINT ( 'NONE',  ( -15.04136205888854683, 4.499999999999999112, 25.60037349240651849 ) ) ;
#3662 = CARTESIAN_POINT ( 'NONE',  ( -15.08225559386318793, 3.904998933180598097, 25.55364446579009652 ) ) ;
#3663 = CARTESIAN_POINT ( 'NONE',  ( -15.19822777372883316, 3.937546962869885814, 25.49082426606252838 ) ) ;
#3664 = CARTESIAN_POINT ( 'NONE',  ( -15.07463985029891340, 4.498535500104099860, 25.59200673610412835 ) ) ;
#3665 = CARTESIAN_POINT ( 'NONE',  ( -15.18931292497752672, 4.460402658460289160, 25.58415767721134060 ) ) ;
#3666 = CARTESIAN_POINT ( 'NONE',  ( -15.20412576649559355, 4.099999999999999645, 25.39701768229540590 ) ) ;
#3667 = CARTESIAN_POINT ( 'NONE',  ( -15.25244427205447018, 4.422463498646351354, 25.51132860902324140 ) ) ;
#3668 = AXIS2_PLACEMENT_3D ( 'NONE', #1002, #3477, #1033 ) ;
#3669 = CARTESIAN_POINT ( 'NONE',  ( -15.09056094204788323, 3.917299645427329224, 25.51515902974695749 ) ) ;
#3670 = CARTESIAN_POINT ( 'NONE',  ( -15.15803314540143987, 4.020486977630513437, 25.41108177574708904 ) ) ;
#3671 = CARTESIAN_POINT ( 'NONE',  ( -15.24068606342090071, 3.962362162178645342, 25.51040798088918748 ) ) ;
#3672 = CARTESIAN_POINT ( 'NONE',  ( -15.07916730572382136, 3.902108573147220483, 25.59453388638461746 ) ) ;
#3673 = CARTESIAN_POINT ( 'NONE',  ( -13.07583467829904578, 4.300000000000000711, 25.61394933945564745 ) ) ;
#3674 = CARTESIAN_POINT ( 'NONE',  ( -15.14385168833028317, 4.487077465827414180, 25.54287489931531496 ) ) ;
#3675 = CARTESIAN_POINT ( 'NONE',  ( -10.46098608306487066, 4.500000000001503686, 25.82983562581368986 ) ) ;
#3676 = CARTESIAN_POINT ( 'NONE',  ( -5.900018103691998306, 3.899999999999999467, 31.17696266315442344 ) ) ;
#3677 = CARTESIAN_POINT ( 'NONE',  ( -13.67031770789848188, 3.899999999995101607, 27.31489378002861912 ) ) ;
#3678 = CARTESIAN_POINT ( 'NONE',  ( -15.05220808292301449, 3.900176885587225861, 25.59903273039733307 ) ) ;
#3679 = CARTESIAN_POINT ( 'NONE',  ( -15.20813318921500112, 4.450789033990797172, 25.47504364353433814 ) ) ;
#3680 = CARTESIAN_POINT ( 'NONE',  ( -15.15860447312873660, 3.918138531997810592, 25.55940662845545219 ) ) ;
#3681 = ORIENTED_EDGE ( 'NONE', *, *, #1869, .T. ) ;
#3682 = CARTESIAN_POINT ( 'NONE',  ( -15.04501515465758743, 4.499923600588551231, 25.59442347461671119 ) ) ;
#3683 = EDGE_CURVE ( 'NONE', #5507, #4673, #4032, .T. ) ;
#3684 = CARTESIAN_POINT ( 'NONE',  ( -15.13328091424457256, 4.485219522876138676, 25.59496128851269248 ) ) ;
#3685 = CARTESIAN_POINT ( 'NONE',  ( -15.16675089381168284, 4.459040563526039058, 25.47475991736682133 ) ) ;
#3686 = CARTESIAN_POINT ( 'NONE',  ( -15.05194774376014344, 3.900590941708220516, 25.58398318984074038 ) ) ;
#3687 = CARTESIAN_POINT ( 'NONE',  ( -8.557577577458243212, 3.900000000000001688, 25.90050326821288706 ) ) ;
#3688 = CARTESIAN_POINT ( 'NONE',  ( -15.18085774712445080, 3.926039093966526394, 25.53154555515049751 ) ) ;
#3689 = CARTESIAN_POINT ( 'NONE',  ( -15.29317334723951483, 3.899999999999999911, 25.54836198450231777 ) ) ;
#3690 = CARTESIAN_POINT ( 'NONE',  ( -15.30628588067669149, 4.499999999999572786, 25.50884102235406914 ) ) ;
#3691 = CARTESIAN_POINT ( 'NONE',  ( -15.16610745489425227, 4.350301871407412868, 25.40097929050483572 ) ) ;
#3692 = CARTESIAN_POINT ( 'NONE',  ( -7.914254113519657352, 4.500000000000000888, 25.71994684147036736 ) ) ;
#3693 = CARTESIAN_POINT ( 'NONE',  ( -15.08950543634544417, 4.497012815606904468, 25.57246281014052869 ) ) ;
#3694 = CARTESIAN_POINT ( 'NONE',  ( -15.04224886047761345, 3.899999999999999911, 25.59949407100659968 ) ) ;
#3695 = CARTESIAN_POINT ( 'NONE',  ( -15.28220311295151035, 4.300000000000820499, 25.57633297894276225 ) ) ;
#3696 = CARTESIAN_POINT ( 'NONE',  ( -15.08809084550548718, 3.903437621733464535, 25.56530435762522302 ) ) ;
#3697 = CARTESIAN_POINT ( 'NONE',  ( -15.17177528984559665, 3.945621359653291638, 25.46845624244399886 ) ) ;
#3698 = CARTESIAN_POINT ( 'NONE',  ( -15.07238158303566244, 4.498429051710274074, 25.59830325259811801 ) ) ;
#3699 = CARTESIAN_POINT ( 'NONE',  ( -15.04422062533077131, 4.499950112605818120, 25.59552897758920054 ) ) ;
#3700 = CARTESIAN_POINT ( 'NONE',  ( -15.28931172101836466, 4.300000000000820499, 25.42852888088143004 ) ) ;
#3701 = CARTESIAN_POINT ( 'NONE',  ( -8.506090244208122542, 4.299999999999999822, 29.94408348890593530 ) ) ;
#3702 = PRODUCT_DEFINITION_CONTEXT ( 'detailed design', #2316, 'design' ) ;
#3703 = CARTESIAN_POINT ( 'NONE',  ( -15.26698548810194822, 4.378731285889656100, 25.57058463703840445 ) ) ;
#3704 = CARTESIAN_POINT ( 'NONE',  ( -15.09288435853335386, 3.915829519602575193, 25.51841197611510026 ) ) ;
#3705 = CARTESIAN_POINT ( 'NONE',  ( -15.23895929212588030, 4.078087809742756420, 25.40533323307000302 ) ) ;
#3706 = CARTESIAN_POINT ( 'NONE',  ( -15.17537357270026988, 4.012673018316031737, 25.41630877085475149 ) ) ;
#3707 = CARTESIAN_POINT ( 'NONE',  ( -15.17514223970207432, 3.977348544258961560, 25.43740090684228150 ) ) ;
#3708 = CARTESIAN_POINT ( 'NONE',  ( -15.07648776479736874, 3.901818996951451179, 25.59499710097698255 ) ) ;
#3709 = CARTESIAN_POINT ( 'NONE',  ( -5.858901583573435268, 4.299999999999999822, 31.44657011412326852 ) ) ;
#3710 = CARTESIAN_POINT ( 'NONE',  ( -15.13033785373934670, 4.475376797312133448, 25.49985149068124457 ) ) ;
#3711 = CARTESIAN_POINT ( 'NONE',  ( -7.246667345739823851, 4.500000000000758504, 25.15300630201744170 ) ) ;
#3712 = CARTESIAN_POINT ( 'NONE',  ( -9.295819348168270935, 3.899999999998359446, 29.69708589851508407 ) ) ;
#3713 = CARTESIAN_POINT ( 'NONE',  ( -15.05002714873404912, 3.900213403493749009, 25.59064352213698612 ) ) ;
#3714 = CARTESIAN_POINT ( 'NONE',  ( -15.22664863119247691, 4.450699432090493346, 25.50427747993235172 ) ) ;
#3715 = CARTESIAN_POINT ( 'NONE',  ( -15.11314573250246340, 3.924210317657042424, 25.50012376770156663 ) ) ;
#3716 = ORIENTED_EDGE ( 'NONE', *, *, #6167, .F. ) ;
#3717 = CARTESIAN_POINT ( 'NONE',  ( -15.05145183577146639, 4.499348429218654744, 25.58323726926177244 ) ) ;
#3718 = CARTESIAN_POINT ( 'NONE',  ( -15.11266092071374878, 4.493427996376660793, 25.55873711889531918 ) ) ;
#3719 = CARTESIAN_POINT ( 'NONE',  ( -5.900018103691998306, 4.199999847142954046, 29.79647591788961236 ) ) ;
#3720 = CARTESIAN_POINT ( 'NONE',  ( -15.22081189449272109, 4.446838500746362222, 25.55695517047774601 ) ) ;
#3721 = CARTESIAN_POINT ( 'NONE',  ( -7.914264247724217327, 3.899999999999997247, 25.71995047027668235 ) ) ;
#3722 = CARTESIAN_POINT ( 'NONE',  ( -15.16170702800821424, 3.921595929759640775, 25.52015613633891888 ) ) ;
#3723 = CARTESIAN_POINT ( 'NONE',  ( -15.24814701320375221, 4.348122037943213058, 25.41772243901157680 ) ) ;
#3724 = CARTESIAN_POINT ( 'NONE',  ( -14.02017454967541710, 4.499999999999998224, 25.70743185223705396 ) ) ;
#3725 = CARTESIAN_POINT ( 'NONE',  ( -15.08630682879222462, 4.496903015294976491, 25.56725968270083982 ) ) ;
#3726 = CARTESIAN_POINT ( 'NONE',  ( -15.06584173390710468, 3.900742060942318012, 25.59201226140856278 ) ) ;
#3727 = DIRECTION ( 'NONE',  ( 0.000000000000000000, 0.000000000000000000, -1.000000000000000000 ) ) ;
#3728 = CARTESIAN_POINT ( 'NONE',  ( -15.08051401026645166, 3.902747225830211164, 25.56712193467412675 ) ) ;
#3729 = CARTESIAN_POINT ( 'NONE',  ( -15.15354665952423829, 3.950130154529859716, 25.46198640127194324 ) ) ;
#3730 = CARTESIAN_POINT ( 'NONE',  ( -15.06062535516756640, 4.498958241555254034, 25.57877554182782731 ) ) ;
#3731 = CARTESIAN_POINT ( 'NONE',  ( -15.04390794076813798, 4.499992967225698415, 25.59987977574639473 ) ) ;
#3732 = PRODUCT_CONTEXT ( 'NONE', #365, 'mechanical' ) ;
#3733 = CARTESIAN_POINT ( 'NONE',  ( -12.83729740939728892, 4.300000000000002487, 28.00333473518131910 ) ) ;
#3734 = CARTESIAN_POINT ( 'NONE',  ( -15.26057851673021304, 4.398313817209094090, 25.55884357691431674 ) ) ;
#3735 = CARTESIAN_POINT ( 'NONE',  ( -15.14698412329402011, 3.919600123048800899, 25.59264493341287405 ) ) ;
#3736 = CARTESIAN_POINT ( 'NONE',  ( -15.18817481942838299, 4.007083546388670037, 25.42107000986542076 ) ) ;
#3737 = CARTESIAN_POINT ( 'NONE',  ( -15.24405888495863870, 3.966599619259309151, 25.52288591489854142 ) ) ;
#3738 = CARTESIAN_POINT ( 'NONE',  ( -15.07485269374221382, 3.901342158489030876, 25.58713016585726763 ) ) ;
#3739 = CARTESIAN_POINT ( 'NONE',  ( -8.839194149375352083, 4.300000000000000711, 25.74990591827366870 ) ) ;
#3740 = CARTESIAN_POINT ( 'NONE',  ( -15.11111217848869082, 4.467416184685439440, 25.48613808609604803 ) ) ;
#3741 = CARTESIAN_POINT ( 'NONE',  ( -7.972432727085746684, 4.300000000003004530, 25.52824855232296031 ) ) ;
#3742 = CARTESIAN_POINT ( 'NONE',  ( -7.274061159414819677, 3.899999999999997691, 30.26385741615743186 ) ) ;
#3743 = CARTESIAN_POINT ( 'NONE',  ( -15.05495500926667773, 3.900278475631985931, 25.59867938724695335 ) ) ;
#3744 = CARTESIAN_POINT ( 'NONE',  ( -15.21632733494066336, 4.441230126679607260, 25.46871630614965909 ) ) ;
#3745 = CARTESIAN_POINT ( 'NONE',  ( -15.15399708602975259, 3.915848297449174620, 25.55039565631820153 ) ) ;
#3746 = ORIENTED_EDGE ( 'NONE', *, *, #5761, .T. ) ;
#3747 = CARTESIAN_POINT ( 'NONE',  ( -15.05100640282825708, 4.499888732477732134, 25.59717969271340721 ) ) ;
#3748 = CARTESIAN_POINT ( 'NONE',  ( -15.12768710243457981, 4.490785362342816889, 25.54969612575334637 ) ) ;
#3749 = CARTESIAN_POINT ( 'NONE',  ( -6.900018103691999194, 4.199999847142954046, 26.06689337877836365 ) ) ;
#3750 = CARTESIAN_POINT ( 'NONE',  ( -15.23344530927310458, 4.423549541750975145, 25.58056068504326319 ) ) ;
#3751 = CARTESIAN_POINT ( 'NONE',  ( -5.900018103691998306, 4.478005355343910310, 31.27790954862029693 ) ) ;
#3752 = CARTESIAN_POINT ( 'NONE',  ( -15.14041175506850934, 3.938552901328751688, 25.47691684696571812 ) ) ;
#3753 = CARTESIAN_POINT ( 'NONE',  ( -15.29959638461395421, 4.322034604993635121, 25.52096823510924750 ) ) ;
#3754 = CARTESIAN_POINT ( 'NONE',  ( -14.22419751223080908, 4.500000000000001776, 25.68404542673327384 ) ) ;
#3755 = CARTESIAN_POINT ( 'NONE',  ( -15.09237617314560431, 4.495901194971122727, 25.56268269957036310 ) ) ;
#3756 = CARTESIAN_POINT ( 'NONE',  ( -15.04269193806607596, 3.899999999999997691, 25.60021175737103150 ) ) ;
#3757 = CARTESIAN_POINT ( 'NONE',  ( -15.06005909076182192, 3.900734950672243961, 25.58266947915359779 ) ) ;
#3758 = CARTESIAN_POINT ( 'NONE',  ( -15.08083319500897446, 3.903696163227813987, 25.56061828338778241 ) ) ;
#3759 = CARTESIAN_POINT ( 'NONE',  ( -15.06445692792322610, 4.499287081575248592, 25.58499748478016045 ) ) ;
#3760 = ADVANCED_FACE ( 'NONE', ( #5996 ), #1692, .F. ) ;
#3761 = CARTESIAN_POINT ( 'NONE',  ( -5.900018103691998306, 4.299999999999999822, 31.41451507187543513 ) ) ;
#3762 = CARTESIAN_POINT ( 'NONE',  ( -15.19451494066641573, 4.378446988059551792, 25.41499640029323004 ) ) ;
#3763 = CARTESIAN_POINT ( 'NONE',  ( -15.14353919890827349, 3.920718726535891374, 25.51172720026053042 ) ) ;
#3764 = CARTESIAN_POINT ( 'NONE',  ( -15.24494379336107741, 3.968236626272223067, 25.52704431929705109 ) ) ;
#3765 = CARTESIAN_POINT ( 'NONE',  ( -15.06391584123188565, 3.900879702114408154, 25.58155295850642830 ) ) ;
#3766 = CARTESIAN_POINT ( 'NONE',  ( -15.19356752824906209, 3.943926578430267060, 25.58810253291649772 ) ) ;
#3767 = CARTESIAN_POINT ( 'NONE',  ( -15.12332834119245994, 4.475904089262417784, 25.50028976381137014 ) ) ;
#3768 = CARTESIAN_POINT ( 'NONE',  ( -8.674101569526994737, 4.299999999999247535, 25.72101693426194302 ) ) ;
#3769 = CARTESIAN_POINT ( 'NONE',  ( -10.25793113971538340, 3.899999999999998135, 29.19883239675418451 ) ) ;
#3770 = CARTESIAN_POINT ( 'NONE',  ( -15.04894744401300954, 3.900108737925140900, 25.59374736820145912 ) ) ;
#3771 = CARTESIAN_POINT ( 'NONE',  ( -15.19581523883224428, 4.435631553988331532, 25.45249725167390409 ) ) ;
#3772 = CARTESIAN_POINT ( 'NONE',  ( -15.11922256049304636, 3.914635909931423186, 25.52140066477030089 ) ) ;
#3773 = CARTESIAN_POINT ( 'NONE',  ( -15.28885958393155775, 4.040580390597849458, 25.50998479822532872 ) ) ;
#3774 = VECTOR ( 'NONE', #5739, 39.37007874015748143 ) ;
#3775 = CARTESIAN_POINT ( 'NONE',  ( -15.12194319928188690, 3.910586115349083514, 25.59177871902955914 ) ) ;
#3776 = EDGE_LOOP ( 'NONE', ( #4023, #2199, #5474, #219 ) ) ;
#3777 = CARTESIAN_POINT ( 'NONE',  ( -15.05522025566481581, 4.499704874674604227, 25.59924301777320110 ) ) ;
#3778 = CARTESIAN_POINT ( 'NONE',  ( -15.11469931074101325, 4.488288158844572884, 25.53005669797051880 ) ) ;
#3779 = CARTESIAN_POINT ( 'NONE',  ( -15.22606276218265542, 4.448965594326184103, 25.53542429242547485 ) ) ;
#3780 = CARTESIAN_POINT ( 'NONE',  ( -5.900018103691999194, 4.425779936618311261, 31.35832389626898831 ) ) ;
#3781 = CARTESIAN_POINT ( 'NONE',  ( -15.20191691485875651, 3.948420367287612365, 25.58411001306178179 ) ) ;
#3782 = CARTESIAN_POINT ( 'NONE',  ( -15.29538039248384784, 4.327368403691693288, 25.53295244780912299 ) ) ;
#3783 = CARTESIAN_POINT ( 'NONE',  ( -5.900018103691999194, 4.319333019936970608, 23.67441295486394282 ) ) ;
#3784 = CARTESIAN_POINT ( 'NONE',  ( -15.09027827085233753, 4.496708706134712408, 25.56903267650270806 ) ) ;
#3785 = CARTESIAN_POINT ( 'NONE',  ( -5.809273726592846465, 4.500000000000001776, 23.90857298895341998 ) ) ;
#3786 = CARTESIAN_POINT ( 'NONE',  ( -15.13206280795091807, 4.455755060280043089, 25.46945071871296662 ) ) ;
#3787 = CARTESIAN_POINT ( 'NONE',  ( -15.06311524283975345, 3.900615079062010437, 25.59492672065116281 ) ) ;
#3788 = CARTESIAN_POINT ( 'NONE',  ( -15.08991640203703888, 3.902997596848547524, 25.57303872856698490 ) ) ;
#3789 = CARTESIAN_POINT ( 'NONE',  ( -15.18212065673392885, 4.499999999999999112, 25.59583839276797690 ) ) ;
#3790 = CARTESIAN_POINT ( 'NONE',  ( -15.06444581803714300, 4.496462132503828535, 25.56099915307551740 ) ) ;
#3791 = CARTESIAN_POINT ( 'NONE',  ( -15.24969570586504908, 4.404697203519611470, 25.46243012458729638 ) ) ;
#3792 = CARTESIAN_POINT ( 'NONE',  ( -15.13687068073057951, 3.923722616891631709, 25.50288409603261286 ) ) ;
#3793 = CARTESIAN_POINT ( 'NONE',  ( -15.24086641478741377, 3.966576298782202858, 25.54136063139429424 ) ) ;
#3794 = CARTESIAN_POINT ( 'NONE',  ( -15.07414297839222073, 3.901714142275972019, 25.59735280902018673 ) ) ;
#3795 = CARTESIAN_POINT ( 'NONE',  ( -15.22863700831185163, 4.426389694434742061, 25.58516097645864917 ) ) ;
#3796 = CARTESIAN_POINT ( 'NONE',  ( -15.14514948060941713, 4.484632017131015225, 25.52966812119744944 ) ) ;
#3797 = CARTESIAN_POINT ( 'NONE',  ( -10.56817234028406816, 4.299999999999245759, 25.82589131371395297 ) ) ;
#3798 = CARTESIAN_POINT ( 'NONE',  ( -8.341047487764118529, 3.900000000000000355, 29.79069454029947295 ) ) ;
#3799 = CARTESIAN_POINT ( 'NONE',  ( -15.04649316812573012, 3.900036300320691041, 25.59696785291157894 ) ) ;
#3800 = CARTESIAN_POINT ( 'NONE',  ( -15.24281654896247140, 4.433921689330117211, 25.52895902239786352 ) ) ;
#3801 = CARTESIAN_POINT ( 'NONE',  ( -15.11717207016188702, 3.913874313748109568, 25.52342281487021580 ) ) ;
#3802 = CARTESIAN_POINT ( 'NONE',  ( -15.29470997659346310, 4.051927016363007894, 25.48446145917589334 ) ) ;
#3803 = CARTESIAN_POINT ( 'NONE',  ( -15.12275065933057405, 3.911067476371113294, 25.59323952734615659 ) ) ;
#3804 = CARTESIAN_POINT ( 'NONE',  ( -15.29934758647645054, 4.099999999998170885, 25.44257358183659079 ) ) ;
#3805 = CARTESIAN_POINT ( 'NONE',  ( -15.05403151866335065, 4.499791980854434215, 25.59730730354790396 ) ) ;
#3806 = CARTESIAN_POINT ( 'NONE',  ( -15.12069143266981364, 4.490128843416308690, 25.53875797735200237 ) ) ;
#3807 = CARTESIAN_POINT ( 'NONE',  ( -5.900018103691998306, 3.899999999999999911, 31.16203331118273212 ) ) ;
#3808 = CARTESIAN_POINT ( 'NONE',  ( -15.21365851208557629, 4.458998004268287296, 25.50203019119991055 ) ) ;
#3809 = CARTESIAN_POINT ( 'NONE',  ( -15.04217095140946725, 4.499999999999999112, 25.59937827643155117 ) ) ;
#3810 = CARTESIAN_POINT ( 'NONE',  ( -12.99994485693326851, 3.899999999999999023, 25.82349627623141686 ) ) ;
#3811 = CARTESIAN_POINT ( 'NONE',  ( -15.13957536986580799, 3.920137707170385788, 25.51169747216608030 ) ) ;
#3812 = CARTESIAN_POINT ( 'NONE',  ( -15.13222490824937161, 3.931855292976945471, 25.48710937285898126 ) ) ;
#3813 = CARTESIAN_POINT ( 'NONE',  ( -15.04136205888855216, 4.499999999999999112, 25.60037349240651849 ) ) ;
#3814 = ORIENTED_EDGE ( 'NONE', *, *, #473, .F. ) ;
#3815 = CARTESIAN_POINT ( 'NONE',  ( -15.29607989293747394, 4.323240684799084299, 25.44557147353372883 ) ) ;
#3816 = CARTESIAN_POINT ( 'NONE',  ( -15.09620783055322946, 4.496236348402375071, 25.57885534061222543 ) ) ;
#3817 = CARTESIAN_POINT ( 'NONE',  ( -15.04263395825534388, 3.899999999999998135, 25.60011753630845632 ) ) ;
#3818 = CARTESIAN_POINT ( 'NONE',  ( -15.18144774759726801, 4.473770083543101350, 25.53280390288780666 ) ) ;
#3819 = CARTESIAN_POINT ( 'NONE',  ( -15.06091807560902218, 3.900446305202132535, 25.59132788875906428 ) ) ;
#3820 = CARTESIAN_POINT ( 'NONE',  ( -8.821099912454732461, 4.100000000000001421, 29.13719684262687437 ) ) ;
#3821 = CARTESIAN_POINT ( 'NONE',  ( -15.09723298441499040, 3.904168367867894229, 25.58550075732892282 ) ) ;
#3822 = CARTESIAN_POINT ( 'NONE',  ( -5.898096302732556140, 3.899999999999999467, 24.04610214314206473 ) ) ;
#3823 = CARTESIAN_POINT ( 'NONE',  ( -15.08603855299349839, 4.496788544626634021, 25.59638499069104611 ) ) ;
#3824 = CARTESIAN_POINT ( 'NONE',  ( -15.24666481551260588, 4.390344999418323013, 25.44507871286759126 ) ) ;
#3825 = CARTESIAN_POINT ( 'NONE',  ( -15.21638072872831593, 3.951296789946099786, 25.47826743001373373 ) ) ;
#3826 = CARTESIAN_POINT ( 'NONE',  ( -15.05771623770740675, 3.901576179084466300, 25.57396737456403457 ) ) ;
#3827 = CARTESIAN_POINT ( 'NONE',  ( -15.24446590425077375, 4.408055701004217397, 25.58288473330065571 ) ) ;
#3828 = CARTESIAN_POINT ( 'NONE',  ( -15.14064457970429700, 4.483772069966167173, 25.52300241999106944 ) ) ;
#3829 = CARTESIAN_POINT ( 'NONE',  ( -11.11784709830249085, 3.900000000000000355, 25.99680402281158109 ) ) ;
#3830 = CARTESIAN_POINT ( 'NONE',  ( -6.478566099956842628, 3.899999999999999467, 30.74451853224978137 ) ) ;
#3831 = CARTESIAN_POINT ( 'NONE',  ( -15.04868970321358468, 3.900071651446008758, 25.59574194691044369 ) ) ;
#3832 = CARTESIAN_POINT ( 'NONE',  ( -15.24417765229998345, 4.418412751777260006, 25.56643842041475878 ) ) ;
#3833 = CARTESIAN_POINT ( 'NONE',  ( -15.13563717766325389, 3.910828721362786364, 25.54613118022918528 ) ) ;
#3834 = CARTESIAN_POINT ( 'NONE',  ( -15.17684605167644207, 4.033796779674081456, 25.40742870160972089 ) ) ;
#3835 = CARTESIAN_POINT ( 'NONE',  ( -15.08258058773252586, 3.910869883641009181, 25.53212664387329056 ) ) ;
#3836 = CARTESIAN_POINT ( 'NONE',  ( -15.16372391378206608, 4.090058867494768435, 25.39494789864674118 ) ) ;
#3837 = CARTESIAN_POINT ( 'NONE',  ( -15.05674253870195045, 4.499714393717338723, 25.59202095174487823 ) ) ;
#3838 = CARTESIAN_POINT ( 'NONE',  ( -10.32247286132247766, 4.499999999991815436, 29.38814512360603715 ) ) ;
#3839 = CARTESIAN_POINT ( 'NONE',  ( -15.10782720468022688, 4.486959809626589468, 25.52536520503780437 ) ) ;
#3840 = CARTESIAN_POINT ( 'NONE',  ( -13.96855242192831525, 4.100000000000000533, 27.04470911947016276 ) ) ;
#3841 = CARTESIAN_POINT ( 'NONE',  ( -15.19839460039266221, 4.462882507788121345, 25.49232192536734232 ) ) ;
#3842 = CARTESIAN_POINT ( 'NONE',  ( -15.04332595720217647, 4.499995337233925419, 25.59893661246561436 ) ) ;
#3843 = CARTESIAN_POINT ( 'NONE',  ( -15.10545244062443793, 3.899999999999999467, 25.47910638657254623 ) ) ;
#3844 = CARTESIAN_POINT ( 'NONE',  ( -15.14592562075940307, 3.918024181724020671, 25.52065855165610841 ) ) ;
#3845 = CARTESIAN_POINT ( 'NONE',  ( -15.17927612417884475, 3.926690279278625351, 25.55253417279111616 ) ) ;
#3846 = CARTESIAN_POINT ( 'NONE',  ( -15.05552468554332357, 4.499676723493422514, 25.59973877987028601 ) ) ;
#3847 = CARTESIAN_POINT ( 'NONE',  ( -15.28485376296571552, 4.342067704762796687, 25.55651270449063972 ) ) ;
#3848 = CYLINDRICAL_SURFACE ( 'NONE', #2946, 0.09999999999999947820 ) ;
#3849 = CARTESIAN_POINT ( 'NONE',  ( -15.09604962536215211, 4.495644905298894933, 25.56352291104715846 ) ) ;
#3850 = CARTESIAN_POINT ( 'NONE',  ( -15.04136205888854683, 3.899999999999998135, 25.60037349240651849 ) ) ;
#3851 = CARTESIAN_POINT ( 'NONE',  ( -15.19494176770481708, 4.466833111744954010, 25.54468878742946814 ) ) ;
#3852 = CARTESIAN_POINT ( 'NONE',  ( -15.05794417127014384, 3.900467243824197183, 25.58655883562346034 ) ) ;
#3853 = CARTESIAN_POINT ( 'NONE',  ( -13.96868491745704866, 3.899999999999998135, 26.77309489790565422 ) ) ;
#3854 = CARTESIAN_POINT ( 'NONE',  ( -15.08740778059304510, 3.903025629100548066, 25.56888973029531797 ) ) ;
#3855 = CARTESIAN_POINT ( 'NONE',  ( -5.903039691079379203, 3.899999999999999911, 23.67809378264089304 ) ) ;
#3856 = CARTESIAN_POINT ( 'NONE',  ( -15.06964476029559385, 4.498768197441079586, 25.57872162172178321 ) ) ;
#3857 = CARTESIAN_POINT ( 'NONE',  ( -15.16605595169365550, 3.920642051600383482, 25.54829773623583122 ) ) ;
#3858 = CARTESIAN_POINT ( 'NONE',  ( -15.21621908353319519, 3.948160368546343335, 25.48372995715431344 ) ) ;
#3859 = CARTESIAN_POINT ( 'NONE',  ( -15.06407139795504158, 3.900949587070615898, 25.58058682705773279 ) ) ;
#3860 = CARTESIAN_POINT ( 'NONE',  ( -15.24861308189904641, 3.996926787806893255, 25.58136335067647948 ) ) ;
#3861 = CARTESIAN_POINT ( 'NONE',  ( -15.17990401289368485, 4.468264868936466350, 25.57713451586228715 ) ) ;
#3862 = CARTESIAN_POINT ( 'NONE',  ( -14.90572098993783534, 3.900000000000564793, 25.41131201139451434 ) ) ;
#3863 = CARTESIAN_POINT ( 'NONE',  ( -5.770646435933341145, 3.899999999999999467, 31.26177709090061896 ) ) ;
#3864 = CARTESIAN_POINT ( 'NONE',  ( -15.14643474140271806, 4.402495137040252970, 25.42291361152549811 ) ) ;
#3865 = CARTESIAN_POINT ( 'NONE',  ( -15.15048311530114056, 3.917060571926348711, 25.57422617212452565 ) ) ;
#3866 = CARTESIAN_POINT ( 'NONE',  ( -15.27212007998745946, 4.036761617586654083, 25.44624438189741511 ) ) ;
#3867 = CARTESIAN_POINT ( 'NONE',  ( -15.22371840737406501, 4.099999999998174438, 25.39936533902790572 ) ) ;
#3868 = CARTESIAN_POINT ( 'NONE',  ( -15.05411325709242831, 4.499317971428467011, 25.58277586851766117 ) ) ;
#3869 = CARTESIAN_POINT ( 'NONE',  ( -15.12180338960255277, 4.491189167036002239, 25.54582712905383701 ) ) ;
#3870 = CARTESIAN_POINT ( 'NONE',  ( -5.906428654493103281, 4.300000000000071765, 23.68377532072455693 ) ) ;
#3871 = CARTESIAN_POINT ( 'NONE',  ( -15.28537941423250146, 4.100000000000054712, 25.56885859175923770 ) ) ;
#3872 = CARTESIAN_POINT ( 'NONE',  ( -15.22287579566451221, 4.453439532258387956, 25.52429198902542495 ) ) ;
#3873 = CARTESIAN_POINT ( 'NONE',  ( -15.04324146295706122, 4.499994962573854451, 25.59879348881885619 ) ) ;
#3874 = CARTESIAN_POINT ( 'NONE',  ( -15.29645725821418623, 3.900000000000025668, 25.53851425692812782 ) ) ;
#3875 = CARTESIAN_POINT ( 'NONE',  ( -15.15500457854190763, 3.917238357150588879, 25.53493297876868695 ) ) ;
#3876 = CIRCLE ( 'NONE', #75, 0.09999999999999947820 ) ;
#3877 = CARTESIAN_POINT ( 'NONE',  ( -15.11426586590502197, 3.940989038349326457, 25.47415675178294592 ) ) ;
#3878 = ORIENTED_EDGE ( 'NONE', *, *, #1283, .T. ) ;
#3879 = EDGE_CURVE ( 'NONE', #1620, #4535, #3876, .T. ) ;
#3880 = CARTESIAN_POINT ( 'NONE',  ( -15.30392332296700353, 4.322881774165279190, 25.48004711826818891 ) ) ;
#3881 = CARTESIAN_POINT ( 'NONE',  ( -5.900018103691999194, 4.472004106530329537, 23.85962939714593745 ) ) ;
#3882 = CARTESIAN_POINT ( 'NONE',  ( -15.10033560434841959, 4.495619751763410221, 25.57574698742875796 ) ) ;
#3883 = CARTESIAN_POINT ( 'NONE',  ( -6.378550710152977032, 4.100000000000002309, 24.36687427138883777 ) ) ;
#3884 = CARTESIAN_POINT ( 'NONE',  ( -15.13426687863114495, 4.457447078931622286, 25.47161094592403785 ) ) ;
#3885 =( BOUNDED_SURFACE ( )  B_SPLINE_SURFACE ( 3, 2, ( 
 ( #1245, #2239, #3209 ),
 ( #5170, #3690, #4680 ),
 ( #292, #98, #2407 ),
 ( #5851, #5422, #3372 ),
 ( #2488, #5816, #4446 ),
 ( #4944, #1012, #961 ),
 ( #2458, #4977, #519 ),
 ( #4857, #3919, #2978 ),
 ( #2013, #1444, #1928 ),
 ( #1500, #4919, #492 ),
 ( #64, #2521, #5394 ),
 ( #2047, #5454, #543 ),
 ( #3944, #987, #4365 ),
 ( #1531, #4887, #5907 ),
 ( #5338, #2923, #4418 ),
 ( #3404, #2951, #3970 ),
 ( #2435, #5877, #5367 ),
 ( #6337, #1957, #5 ),
 ( #932, #3460, #5938 ),
 ( #32, #1048, #3493 ),
 ( #4394, #3016, #465 ),
 ( #3891, #572, #4476 ),
 ( #1469, #1985, #3432 ),
 ( #1411, #2894, #5623 ),
 ( #5105, #5554, #4550 ),
 ( #606, #3530, #3177 ),
 ( #3142, #701, #734 ),
 ( #128, #228, #2657 ),
 ( #4616, #1082, #165 ),
 ( #6077, #1663, #2146 ),
 ( #2177, #2116, #1153 ),
 ( #5519, #4002, #2556 ),
 ( #4071, #1697, #4135 ),
 ( #2083, #4511, #3109 ),
 ( #3595, #2691, #4037 ),
 ( #4650, #4107, #6042 ),
 ( #6112, #3626, #638 ),
 ( #197, #1631, #3076 ),
 ( #5485, #5141, #5590 ),
 ( #5072, #669, #2588 ),
 ( #3043, #264, #6002 ),
 ( #3660, #2623, #5010 ),
 ( #1185, #5968, #4581 ),
 ( #1564, #1117, #1599 ),
 ( #3564, #5040, #6030 ),
 ( #2548, #5961, #6067 ),
 ( #3483, #4095, #3005 ),
 ( #2545, #6065, #1108 ),
 ( #4502, #3132, #5444 ),
 ( #87, #4060, #5928 ),
 ( #1522, #5096, #1039 ),
 ( #3584, #6027, #3993 ),
 ( #5510, #2037, #3553 ),
 ( #1073, #2072, #5545 ),
 ( #4026, #1588, #3066 ),
 ( #4538, #628, #2577 ),
 ( #1142, #1968, #448 ),
 ( #2933, #4279, #4899 ),
 ( #1904, #2390, #2840 ),
 ( #5888, #1358, #415 ),
 ( #17, #3322, #1483 ),
 ( #879, #2359, #6286 ),
 ( #1874, #3838, #5795 ),
 ( #2600, #4489, #3087 ),
 ( #1543, #617, #4561 ),
 ( #5433, #5916, #1612 ),
 ( #2534, #4456, #176 ),
 ( #2125, #3026, #5405 ),
 ( #2567, #140, #4082 ),
 ( #1510, #6013, #2095 ),
 ( #4049, #529, #3982 ),
 ( #553, #109, #3574 ),
 ( #3507, #4989, #3444 ),
 ( #6054, #2025, #997 ),
 ( #5533, #3470, #2960 ),
 ( #5497, #4524, #2469 ),
 ( #5051, #3541, #5021 ),
 ( #1129, #4427, #1027 ),
 ( #647, #4928, #3952 ),
 ( #43, #2059, #1996 ),
 ( #2991, #76, #4956 ),
 ( #586, #5948, #5466 ),
 ( #2499, #1061, #4014 ),
 ( #5979, #1576, #1096 ),
 ( #3056, #5636, #6126 ),
 ( #1165, #5668, #310 ),
 ( #4595, #1676, #713 ),
 ( #1260, #5218, #210 ),
 ( #1710, #243, #809 ),
 ( #1769, #3640, #3119 ),
 ( #3709, #779, #5084 ),
 ( #1231, #4728, #2159 ) ),
 .UNSPECIFIED., .F., .F., .F. ) 
 B_SPLINE_SURFACE_WITH_KNOTS ( ( 4, 2, 2, 2, 2, 2, 2, 2, 2, 2, 2, 2, 2, 2, 2, 2, 2, 2, 2, 2, 2, 2, 2, 2, 2, 2, 2, 2, 2, 2, 2, 2, 2, 2, 2, 2, 2, 2, 2, 2, 2, 2, 2, 2, 2, 4 ),
 ( 3, 3 ),
 ( 0.04520091721923333999, 0.04637229337060554124, 0.04644550438006630338, 0.04648210988479668793, 0.04649126126097928580, 0.04650041263716187673, 0.04651871538952706553, 0.04666513740844858982, 0.04695798144629163839, 0.04754366952197773555, 0.04812935759766383270, 0.04871504567334993679, 0.04988642182472213804, 0.05222917412746653359, 0.05457192643021092915, 0.05925743103569972026, 0.06394293564118851136, 0.07331394485216610746, 0.08268495406314368967, 0.09205596327412127189, 0.1014269724850988541, 0.1201689909070540324, 0.1295400001180316285, 0.1389110093290092107, 0.1482820185399867929, 0.1576530277509643752, 0.1763950461729195673, 0.1810805507784083446, 0.1857660553838971496, 0.1951370645948747318, 0.2045080738058523140, 0.2138790830168298962, 0.2326211014387850884, 0.2419921106497626706, 0.2513631198607402806, 0.2607341290717178905, 0.2701051382826954450, 0.2888471567046506094, 0.3075891751266057739, 0.3263311935485609383, 0.3357022027595385483, 0.3403877073650273255, 0.3427304596677717141, 0.3433161477434578113, 0.3439018358191439084, 0.3450732119705161027 ),
 ( 0.000000000000000000, 1.000000000000000000 ),
 .UNSPECIFIED. ) 
 GEOMETRIC_REPRESENTATION_ITEM ( )  RATIONAL_B_SPLINE_SURFACE ( (
 ( 1.000000000000000000, 0.7071067811865475727, 1.000000000000000000),
 ( 1.000000000000000000, 0.7071067811865475727, 1.000000000000000000),
 ( 1.000000000000000000, 0.7071067811865475727, 1.000000000000000000),
 ( 1.000000000000000000, 0.7071067811865475727, 1.000000000000000000),
 ( 1.000000000000000000, 0.7071067811865475727, 1.000000000000000000),
 ( 1.000000000000000000, 0.7071067811865475727, 1.000000000000000000),
 ( 1.000000000000000000, 0.7071067811865475727, 1.000000000000000000),
 ( 1.000000000000000000, 0.7071067811865475727, 1.000000000000000000),
 ( 1.000000000000000000, 0.7071067811865511255, 1.000000000000000000),
 ( 1.000000000000000000, 0.7071067811865511255, 1.000000000000000000),
 ( 1.000000000000000000, 0.7071067811865465735, 1.000000000000000000),
 ( 1.000000000000000000, 0.7071067811865465735, 1.000000000000000000),
 ( 1.000000000000000000, 0.7071067811865465735, 1.000000000000000000),
 ( 1.000000000000000000, 0.7071067811865465735, 1.000000000000000000),
 ( 1.000000000000000000, 0.7071067811865484609, 1.000000000000000000),
 ( 1.000000000000000000, 0.7071067811865484609, 1.000000000000000000),
 ( 1.000000000000000000, 0.7071067811865465735, 1.000000000000000000),
 ( 1.000000000000000000, 0.7071067811865465735, 1.000000000000000000),
 ( 1.000000000000000000, 0.7071067811865510144, 1.000000000000000000),
 ( 1.000000000000000000, 0.7071067811865510144, 1.000000000000000000),
 ( 1.000000000000000000, 0.7071067811865465735, 1.000000000000000000),
 ( 1.000000000000000000, 0.7071067811865465735, 1.000000000000000000),
 ( 1.000000000000000000, 0.7071067811865484609, 1.000000000000000000),
 ( 1.000000000000000000, 0.7071067811865484609, 1.000000000000000000),
 ( 1.000000000000000000, 0.7071067811865494601, 1.000000000000000000),
 ( 1.000000000000000000, 0.7071067811865494601, 1.000000000000000000),
 ( 1.000000000000000000, 0.7071067811865475727, 1.000000000000000000),
 ( 1.000000000000000000, 0.7071067811865475727, 1.000000000000000000),
 ( 1.000000000000000000, 0.7071067811865475727, 1.000000000000000000),
 ( 1.000000000000000000, 0.7071067811865475727, 1.000000000000000000),
 ( 1.000000000000000000, 0.7071067811865504593, 1.000000000000000000),
 ( 1.000000000000000000, 0.7071067811865504593, 1.000000000000000000),
 ( 1.000000000000000000, 0.7071067811865475727, 1.000000000000000000),
 ( 1.000000000000000000, 0.7071067811865475727, 1.000000000000000000),
 ( 1.000000000000000000, 0.7071067811865484609, 1.000000000000000000),
 ( 1.000000000000000000, 0.7071067811865484609, 1.000000000000000000),
 ( 1.000000000000000000, 0.7071067811865439090, 1.000000000000000000),
 ( 1.000000000000000000, 0.7071067811865439090, 1.000000000000000000),
 ( 1.000000000000000000, 0.7071067811865467956, 1.000000000000000000),
 ( 1.000000000000000000, 0.7071067811865467956, 1.000000000000000000),
 ( 1.000000000000000000, 0.7071067811865475727, 1.000000000000000000),
 ( 1.000000000000000000, 0.7071067811865475727, 1.000000000000000000),
 ( 1.000000000000000000, 0.7071067811865494601, 1.000000000000000000),
 ( 1.000000000000000000, 0.7071067811865494601, 1.000000000000000000),
 ( 1.000000000000000000, 0.7071067811865516806, 1.000000000000000000),
 ( 1.000000000000000000, 0.7071067811865516806, 1.000000000000000000),
 ( 1.000000000000000000, 0.7071067811865475727, 1.000000000000000000),
 ( 1.000000000000000000, 0.7071067811865475727, 1.000000000000000000),
 ( 1.000000000000000000, 0.7071067811865475727, 1.000000000000000000),
 ( 1.000000000000000000, 0.7071067811865475727, 1.000000000000000000),
 ( 1.000000000000000000, 0.7071067811865455743, 1.000000000000000000),
 ( 1.000000000000000000, 0.7071067811865455743, 1.000000000000000000),
 ( 1.000000000000000000, 0.7071067811865475727, 1.000000000000000000),
 ( 1.000000000000000000, 0.7071067811865475727, 1.000000000000000000),
 ( 1.000000000000000000, 0.7071067811865388020, 1.000000000000000000),
 ( 1.000000000000000000, 0.7071067811865388020, 1.000000000000000000),
 ( 1.000000000000000000, 0.7071067811865385799, 1.000000000000000000),
 ( 1.000000000000000000, 0.7071067811865385799, 1.000000000000000000),
 ( 1.000000000000000000, 0.7071067811865484609, 1.000000000000000000),
 ( 1.000000000000000000, 0.7071067811865484609, 1.000000000000000000),
 ( 1.000000000000000000, 0.7071067811865402453, 1.000000000000000000),
 ( 1.000000000000000000, 0.7071067811865402453, 1.000000000000000000),
 ( 1.000000000000000000, 0.7071067811865455743, 1.000000000000000000),
 ( 1.000000000000000000, 0.7071067811865455743, 1.000000000000000000),
 ( 1.000000000000000000, 0.7071067811865481278, 1.000000000000000000),
 ( 1.000000000000000000, 0.7071067811865481278, 1.000000000000000000),
 ( 1.000000000000000000, 0.7071067811865401342, 1.000000000000000000),
 ( 1.000000000000000000, 0.7071067811865401342, 1.000000000000000000),
 ( 1.000000000000000000, 0.7071067811865411334, 1.000000000000000000),
 ( 1.000000000000000000, 0.7071067811865411334, 1.000000000000000000),
 ( 1.000000000000000000, 0.7071067811865564545, 1.000000000000000000),
 ( 1.000000000000000000, 0.7071067811865564545, 1.000000000000000000),
 ( 1.000000000000000000, 0.7071067811865412445, 1.000000000000000000),
 ( 1.000000000000000000, 0.7071067811865412445, 1.000000000000000000),
 ( 1.000000000000000000, 0.7071067811865475727, 1.000000000000000000),
 ( 1.000000000000000000, 0.7071067811865475727, 1.000000000000000000),
 ( 1.000000000000000000, 0.7071067811865475727, 1.000000000000000000),
 ( 1.000000000000000000, 0.7071067811865475727, 1.000000000000000000),
 ( 1.000000000000000000, 0.7071067811865475727, 1.000000000000000000),
 ( 1.000000000000000000, 0.7071067811865475727, 1.000000000000000000),
 ( 1.000000000000000000, 0.7071067811865475727, 1.000000000000000000),
 ( 1.000000000000000000, 0.7071067811865475727, 1.000000000000000000),
 ( 1.000000000000000000, 0.7071067811865465735, 1.000000000000000000),
 ( 1.000000000000000000, 0.7071067811865465735, 1.000000000000000000),
 ( 1.000000000000000000, 0.7071067811865475727, 1.000000000000000000),
 ( 1.000000000000000000, 0.7071067811865475727, 1.000000000000000000),
 ( 1.000000000000000000, 0.7071067811865475727, 1.000000000000000000),
 ( 1.000000000000000000, 0.7071067811865475727, 1.000000000000000000),
 ( 1.000000000000000000, 0.7071067811865535679, 1.000000000000000000),
 ( 1.000000000000000000, 0.7071067811865535679, 1.000000000000000000),
 ( 1.000000000000000000, 0.7071067811865475727, 1.000000000000000000),
 ( 1.000000000000000000, 0.7071067811865475727, 1.000000000000000000) ) ) 
 REPRESENTATION_ITEM ( '' )  SURFACE ( )  );
#3886 = CARTESIAN_POINT ( 'NONE',  ( -14.87203072393307401, 3.899999999999999023, 25.82967819964403589 ) ) ;
#3887 = CARTESIAN_POINT ( 'NONE',  ( -15.07806175955532346, 3.902547534827563780, 25.56793817366807176 ) ) ;
#3888 = CARTESIAN_POINT ( 'NONE',  ( -5.724252635924890420, 3.899999999999999467, 23.76874126643606289 ) ) ;
#3889 = CARTESIAN_POINT ( 'NONE',  ( -15.06842542001697893, 4.498653101885035532, 25.57675524953593182 ) ) ;
#3890 = CARTESIAN_POINT ( 'NONE',  ( -15.16068394683875020, 3.918809434335353892, 25.53833078287966529 ) ) ;
#3891 = CARTESIAN_POINT ( 'NONE',  ( -15.24992362963213743, 4.300000000000000711, 25.64144790465261181 ) ) ;
#3892 = CARTESIAN_POINT ( 'NONE',  ( -15.11178808472281254, 3.907651158991646501, 25.59025712873063441 ) ) ;
#3893 = CARTESIAN_POINT ( 'NONE',  ( -15.22599493391931880, 3.951081938042305008, 25.49329820199929841 ) ) ;
#3894 = CARTESIAN_POINT ( 'NONE',  ( -15.06691084723071228, 3.900789337791851885, 25.58638088474974737 ) ) ;
#3895 = CARTESIAN_POINT ( 'NONE',  ( -15.28220391026125569, 4.305248358364910821, 25.57633111874610066 ) ) ;
#3896 = CARTESIAN_POINT ( 'NONE',  ( -15.14424584473052526, 4.479554936465881987, 25.51275930449826745 ) ) ;
#3897 = CARTESIAN_POINT ( 'NONE',  ( -14.98821104688861894, 3.899999999999435030, 25.40403070585577794 ) ) ;
#3898 = CARTESIAN_POINT ( 'NONE',  ( -15.21637595106453844, 4.435841516283530517, 25.46291174686790271 ) ) ;
#3899 = CARTESIAN_POINT ( 'NONE',  ( -15.13794946378185813, 3.911147152102536939, 25.55012623744044831 ) ) ;
#3900 = CARTESIAN_POINT ( 'NONE',  ( -15.22692426545300037, 4.041210676033004212, 25.41488019650925523 ) ) ;
#3901 = CARTESIAN_POINT ( 'NONE',  ( -15.09816788082113526, 3.906137928510737822, 25.55128217746492680 ) ) ;
#3902 = CARTESIAN_POINT ( 'NONE',  ( -15.22371801929061519, 4.094932246079588722, 25.39936527895909180 ) ) ;
#3903 = CARTESIAN_POINT ( 'NONE',  ( -15.13877221348299251, 4.488667732612583450, 25.55116251042795739 ) ) ;
#3904 = CARTESIAN_POINT ( 'NONE',  ( -11.56459688278995657, 4.099999999999998757, 28.84594898483631908 ) ) ;
#3905 = CARTESIAN_POINT ( 'NONE',  ( -5.900018103691999194, 4.002534058409696449, 31.38309638315340777 ) ) ;
#3906 = CARTESIAN_POINT ( 'NONE',  ( -15.13916592338874167, 3.899999999999589129, 25.81118801795682671 ) ) ;
#3907 = CARTESIAN_POINT ( 'NONE',  ( -15.14254332948682347, 4.412118189063605200, 25.42907545010647397 ) ) ;
#3908 = LINE ( 'NONE', #2880, #5823 ) ;
#3909 = CARTESIAN_POINT ( 'NONE',  ( -15.14807903871781569, 3.920194301584065677, 25.51527011134235323 ) ) ;
#3910 = CARTESIAN_POINT ( 'NONE',  ( -15.06699650913349764, 3.904288551621811543, 25.55667703449917738 ) ) ;
#3911 = CARTESIAN_POINT ( 'NONE',  ( -15.13239964244153768, 3.914271552512313956, 25.59395230767213647 ) ) ;
#3912 = CARTESIAN_POINT ( 'NONE',  ( -15.28105765976063246, 4.320270432756788459, 25.57655888125165333 ) ) ;
#3913 = CARTESIAN_POINT ( 'NONE',  ( -15.09299675785810990, 4.493570709354293591, 25.54851735628693277 ) ) ;
#3914 = CARTESIAN_POINT ( 'NONE',  ( -6.153905385178394916, 4.499999999999242384, 24.06556105621130470 ) ) ;
#3915 = CARTESIAN_POINT ( 'NONE',  ( -15.18835231516990980, 4.469689438296446049, 25.54736840971970224 ) ) ;
#3916 = CARTESIAN_POINT ( 'NONE',  ( -14.76285050150086420, 3.899999999999999467, 25.96047717128598720 ) ) ;
#3917 = CARTESIAN_POINT ( 'NONE',  ( -15.08101105754169424, 4.498020673851325313, 25.58767462287691785 ) ) ;
#3918 = CARTESIAN_POINT ( 'NONE',  ( -15.19221401046631392, 3.993306844916016729, 25.42979562686819150 ) ) ;
#3919 = CARTESIAN_POINT ( 'NONE',  ( -15.29522512427725012, 4.500000000000000000, 25.54224582485655759 ) ) ;
#3920 = CARTESIAN_POINT ( 'NONE',  ( -15.09856260455902444, 3.904112828566457249, 25.57276026157557069 ) ) ;
#3921 = CARTESIAN_POINT ( 'NONE',  ( -15.14592491623004022, 3.986836306035826727, 25.42968864954810471 ) ) ;
#3922 = CARTESIAN_POINT ( 'NONE',  ( -15.11376042935582475, 4.460730660884521193, 25.47643308065826773 ) ) ;
#3923 = CARTESIAN_POINT ( 'NONE',  ( -14.68092453050007684, 3.900000000000000799, 25.63429072473345727 ) ) ;
#3924 = CARTESIAN_POINT ( 'NONE',  ( -15.20992606057651564, 4.433581456843576518, 25.45672415935493760 ) ) ;
#3925 = CARTESIAN_POINT ( 'NONE',  ( -15.13026171659705454, 3.909475168010485557, 25.55426353799546746 ) ) ;
#3926 = CARTESIAN_POINT ( 'NONE',  ( -15.27817634112322587, 4.019467279091666789, 25.49878290502743639 ) ) ;
#3927 = CARTESIAN_POINT ( 'NONE',  ( -15.30712981347766544, 4.099999999998173550, 25.48357046088433364 ) ) ;
#3928 = CARTESIAN_POINT ( 'NONE',  ( -15.14213519635735672, 4.487666995576293338, 25.55716855393547959 ) ) ;
#3929 = CARTESIAN_POINT ( 'NONE',  ( -5.901388593453943621, 4.500000000000000000, 23.67532041481293703 ) ) ;
#3930 = CARTESIAN_POINT ( 'NONE',  ( -14.86951884442894389, 3.899999999999999467, 25.83279266561770982 ) ) ;
#3931 = CARTESIAN_POINT ( 'NONE',  ( -15.19412632143212960, 4.452559815944014510, 25.47046148778821362 ) ) ;
#3932 = CARTESIAN_POINT ( 'NONE',  ( -7.015798559441807747, 3.899999999999999023, 25.23664122774994212 ) ) ;
#3933 = CARTESIAN_POINT ( 'NONE',  ( -15.15781225405366861, 3.917670110059186861, 25.53978947351052042 ) ) ;
#3934 = CARTESIAN_POINT ( 'NONE',  ( -15.17088985418510383, 3.922445935422425034, 25.54316164460460570 ) ) ;
#3935 = CARTESIAN_POINT ( 'NONE',  ( -15.08396256669924007, 3.912789149257525967, 25.52675360092494117 ) ) ;
#3936 = CARTESIAN_POINT ( 'NONE',  ( -15.30710651105193776, 4.305242496932585539, 25.48422165038257248 ) ) ;
#3937 = CARTESIAN_POINT ( 'NONE',  ( -15.11028452100242703, 4.493826637468091967, 25.57659486149391626 ) ) ;
#3938 = CARTESIAN_POINT ( 'NONE',  ( -8.320927253759524689, 4.100000000000000533, 25.63680936659534382 ) ) ;
#3939 = CARTESIAN_POINT ( 'NONE',  ( -6.339251043450196299, 4.500000000003011813, 24.31838887920564218 ) ) ;
#3940 = CARTESIAN_POINT ( 'NONE',  ( -15.20780780730238746, 4.451721573348518035, 25.57138183253320918 ) ) ;
#3941 = CARTESIAN_POINT ( 'NONE',  ( -5.900018103691999194, 3.899999999999999911, 23.67301540326788611 ) ) ;
#3942 = CARTESIAN_POINT ( 'NONE',  ( -15.06935326106465745, 4.495220550606796373, 25.55462841961061926 ) ) ;
#3943 = CARTESIAN_POINT ( 'NONE',  ( -15.05022473953126294, 3.900104621088765544, 25.59820729838205366 ) ) ;
#3944 = CARTESIAN_POINT ( 'NONE',  ( -15.29456077046629581, 4.300000000000006040, 25.54423919955763722 ) ) ;
#3945 = CARTESIAN_POINT ( 'NONE',  ( -15.09573392577437367, 3.903941616768819234, 25.56803269844998283 ) ) ;
#3946 = CARTESIAN_POINT ( 'NONE',  ( -15.23305194138145424, 3.973342917962028764, 25.57561195891341299 ) ) ;
#3947 = CARTESIAN_POINT ( 'NONE',  ( -15.07270130301120048, 3.901647793737455849, 25.59872037518284316 ) ) ;
#3948 = CARTESIAN_POINT ( 'NONE',  ( -15.12688859209892911, 4.464702493380534598, 25.48174977220199011 ) ) ;
#3949 = CARTESIAN_POINT ( 'NONE',  ( -15.22709471912142298, 4.435594982504942330, 25.47212405426856208 ) ) ;
#3950 = CARTESIAN_POINT ( 'NONE',  ( -15.09777358582472573, 3.921098154630058286, 25.50681999185895776 ) ) ;
#3951 = CARTESIAN_POINT ( 'NONE',  ( -15.23415736688234112, 4.012795449449148677, 25.43430913554131934 ) ) ;
#3952 = CARTESIAN_POINT ( 'NONE',  ( -6.478564976194009617, 4.499999999999999112, 30.74451925627550253 ) ) ;
#3953 = CARTESIAN_POINT ( 'NONE',  ( -15.14366588867759589, 4.486431792166093224, 25.56619440707729751 ) ) ;
#3954 = CARTESIAN_POINT ( 'NONE',  ( -5.900018103691998306, 4.099999999999998757, 31.41451507187543513 ) ) ;
#3955 = CARTESIAN_POINT ( 'NONE',  ( -14.70369344420761415, 4.099999999998364508, 26.32260577339525298 ) ) ;
#3956 = CARTESIAN_POINT ( 'NONE',  ( -15.22050707663700564, 4.455603674302310857, 25.50762082992197222 ) ) ;
#3957 = CARTESIAN_POINT ( 'NONE',  ( -15.17409514098045697, 3.928438255323997819, 25.57673585124643623 ) ) ;
#3958 = CARTESIAN_POINT ( 'NONE',  ( -15.16488666016176268, 4.300000000000000711, 25.39478443551544373 ) ) ;
#3959 = ORIENTED_EDGE ( 'NONE', *, *, #2736, .F. ) ;
#3960 = CARTESIAN_POINT ( 'NONE',  ( -15.29113663760496600, 4.305246893006829723, 25.55408289295067803 ) ) ;
#3961 = CARTESIAN_POINT ( 'NONE',  ( -15.10879456546714117, 4.494257542459322075, 25.56866807324094637 ) ) ;
#3962 = CARTESIAN_POINT ( 'NONE',  ( -15.20473393572184584, 4.453754019770197026, 25.57211117090414021 ) ) ;
#3963 = VECTOR ( 'NONE', #735, 39.37007874015748143 ) ;
#3964 = CARTESIAN_POINT ( 'NONE',  ( -15.12829639165336459, 3.955263488104336922, 25.45675016795901158 ) ) ;
#3965 = CARTESIAN_POINT ( 'NONE',  ( -7.289791103813463735, 4.100000000000751932, 25.18109718141461428 ) ) ;
#3966 = CARTESIAN_POINT ( 'NONE',  ( -15.07426547355269975, 4.497995412849307151, 25.57162349929663492 ) ) ;
#3967 = CARTESIAN_POINT ( 'NONE',  ( -6.076961157233403021, 3.899999999998785327, 31.27875679661494601 ) ) ;
#3968 = CARTESIAN_POINT ( 'NONE',  ( -15.04671189639457296, 3.900036075030382854, 25.59732051877504944 ) ) ;
#3969 = CARTESIAN_POINT ( 'NONE',  ( -15.28348933651207631, 4.079106921591539425, 25.57074168450416352 ) ) ;
#3970 = CARTESIAN_POINT ( 'NONE',  ( -15.10165624594510980, 4.499999999999997335, 25.48966487532244685 ) ) ;
#3971 = CARTESIAN_POINT ( 'NONE',  ( -15.09350218390144960, 3.904604218467109256, 25.55924551472990203 ) ) ;
#3972 = CARTESIAN_POINT ( 'NONE',  ( -15.15123806665996220, 3.963299498628562123, 25.44843480470953878 ) ) ;
#3973 = CARTESIAN_POINT ( 'NONE',  ( -15.05944325701858055, 4.499612430947698805, 25.59155458890599277 ) ) ;
#3974 = CARTESIAN_POINT ( 'NONE',  ( -15.15872412104389433, 4.482097231134479109, 25.54086863530843488 ) ) ;
#3975 = CARTESIAN_POINT ( 'NONE',  ( -15.18193621708205043, 3.899999999999999467, 25.59582085428906950 ) ) ;
#3976 = CARTESIAN_POINT ( 'NONE',  ( -15.25135049111859331, 4.401605142300252460, 25.57763139267916941 ) ) ;
#3977 = CARTESIAN_POINT ( 'NONE',  ( -15.12871915616819329, 3.909167286888111548, 25.55745114605566926 ) ) ;
#3978 = CARTESIAN_POINT ( 'NONE',  ( -15.27858654397013716, 4.027275885334966610, 25.53949124654534231 ) ) ;
#3979 = B_SPLINE_CURVE_WITH_KNOTS ( 'NONE', 3,
 ( #4629, #6091, #681, #2768, #5602, #280, #338, #1197, #4150, #3225, #749, #3193, #3673, #2256, #2637, #5185, #4207, #5701, #2739, #4697, #1644, #3156, #6188, #2282, #5120, #3739, #5155, #1741, #2671, #1290, #2190, #2704, #4664, #2224, #4180, #4237, #6158, #3254, #3607, #5567, #5535, #715, #5951, #1678, #2161, #4085, #6016, #3058 ),
 .UNSPECIFIED., .F., .F.,
 ( 4, 2, 2, 2, 2, 2, 2, 2, 2, 2, 2, 2, 2, 2, 2, 2, 2, 2, 2, 2, 2, 2, 2, 4 ),
 ( 0.000000000000000000, 0.002000531506774781264, 0.004001063013549562529, 0.008002126027098986280, 0.01600425205419800032, 0.03200850410839615329, 0.06401700821679262576, 0.08002126027099085159, 0.09602551232518909130, 0.1120297643793873310, 0.1280340164335855568, 0.1440382684877838104, 0.1600425205419820640, 0.1640435835555316413, 0.1680446465690812186, 0.1760467725961804286, 0.1920510246503788210, 0.1960520876639283983, 0.2000531506774779755, 0.2080552767045769913, 0.2240595287587751061, 0.2320616547858741774, 0.2400637808129732487, 0.2560680328671715578 ),
 .UNSPECIFIED. ) ;
#3980 = CARTESIAN_POINT ( 'NONE',  ( -15.16324744906662936, 4.080441161120353044, 25.39565094940450862 ) ) ;
#3981 = CARTESIAN_POINT ( 'NONE',  ( -15.25130056244377386, 4.000799992999811039, 25.58097483155277985 ) ) ;
#3982 = CARTESIAN_POINT ( 'NONE',  ( -8.563781254745688187, 4.499999999999998224, 29.71268613363615074 ) ) ;
#3983 = CARTESIAN_POINT ( 'NONE',  ( -15.10705431798585785, 4.478673530125554691, 25.50592070398401034 ) ) ;
#3984 = CARTESIAN_POINT ( 'NONE',  ( -5.903039889348030478, 4.299999999999929656, 23.67809411563482769 ) ) ;
#3985 = CARTESIAN_POINT ( 'NONE',  ( -15.25009337821481914, 3.900000000000154898, 25.64114220426500879 ) ) ;
#3986 = CARTESIAN_POINT ( 'NONE',  ( -15.05473779513235222, 3.900223551359871976, 25.59587230870286234 ) ) ;
#3987 = CARTESIAN_POINT ( 'NONE',  ( -15.21938265724612371, 4.453616869863863847, 25.49357513068571279 ) ) ;
#3988 = CARTESIAN_POINT ( 'NONE',  ( -15.13343652745015078, 3.916988744792018196, 25.51748819844737426 ) ) ;
#3989 = DIRECTION ( 'NONE',  ( -1.411534255948957470E-16, 0.000000000000000000, -1.000000000000000000 ) ) ;
#3990 = ORIENTED_EDGE ( 'NONE', *, *, #2065, .T. ) ;
#3991 = CARTESIAN_POINT ( 'NONE',  ( -15.08677527214312164, 3.902500018044279706, 25.57740856400464580 ) ) ;
#3992 = CARTESIAN_POINT ( 'NONE',  ( -15.17672754298506277, 4.310399428476357819, 25.39533052559734116 ) ) ;
#3993 = CARTESIAN_POINT ( 'NONE',  ( -11.86037703496449502, 4.500000000000000888, 28.44458070063497956 ) ) ;
#3994 = CARTESIAN_POINT ( 'NONE',  ( -15.10943347263960490, 4.493385026643423430, 25.58590787063047856 ) ) ;
#3995 = CARTESIAN_POINT ( 'NONE',  ( -9.095607329419546971, 4.099999999999997868, 25.78949264594302093 ) ) ;
#3996 = CARTESIAN_POINT ( 'NONE',  ( -15.18743027395414913, 4.469323964667225368, 25.50452485481411458 ) ) ;
#3997 = CARTESIAN_POINT ( 'NONE',  ( -15.15813175193996010, 3.933789914573618596, 25.48572130061873153 ) ) ;
#3998 = CARTESIAN_POINT ( 'NONE',  ( -7.181812083628764221, 3.899999999999998135, 25.34946823558128770 ) ) ;
#3999 = CARTESIAN_POINT ( 'NONE',  ( -15.05696879055981086, 3.900403570419932020, 25.59959543636999513 ) ) ;
#4000 = CARTESIAN_POINT ( 'NONE',  ( -15.08587241779185284, 4.497249162888980578, 25.59094560458688861 ) ) ;
#4001 = CARTESIAN_POINT ( 'NONE',  ( -15.05114092384295255, 3.900153366718145165, 25.59971698489067649 ) ) ;
#4002 = CARTESIAN_POINT ( 'NONE',  ( -14.94573198411486992, 4.500000000000405898, 26.05336110307180064 ) ) ;
#4003 = CARTESIAN_POINT ( 'NONE',  ( -15.08780351023950494, 3.904905918311163404, 25.55514514304502072 ) ) ;
#4004 = CARTESIAN_POINT ( 'NONE',  ( -15.13896507455449303, 3.972842190142846786, 25.44030509198674750 ) ) ;
#4005 = CARTESIAN_POINT ( 'NONE',  ( -15.06491949662215468, 3.900683283372960997, 25.58682384574548507 ) ) ;
#4006 = CARTESIAN_POINT ( 'NONE',  ( -15.06404805372587674, 4.499390876448388532, 25.58927498927050692 ) ) ;
#4007 = CARTESIAN_POINT ( 'NONE',  ( -15.16640969076860124, 4.476165949222858487, 25.51463571170102895 ) ) ;
#4008 = CARTESIAN_POINT ( 'NONE',  ( -15.20197764425463305, 3.899999999999999911, 25.39682005170633872 ) ) ;
#4009 = CARTESIAN_POINT ( 'NONE',  ( -15.15651992321561359, 4.401869542496360310, 25.42259601632515498 ) ) ;
#4010 = CARTESIAN_POINT ( 'NONE',  ( -15.12700384652437258, 3.909153026955369814, 25.54871768523487319 ) ) ;
#4011 = CARTESIAN_POINT ( 'NONE',  ( -15.27612840981669429, 4.015916487729719542, 25.51564892746079849 ) ) ;
#4012 = CARTESIAN_POINT ( 'NONE',  ( -15.24760024666275093, 3.970968418641024567, 25.52160397292097471 ) ) ;
#4013 = CARTESIAN_POINT ( 'NONE',  ( -15.07691464253330871, 3.901534560423053133, 25.58063364567848907 ) ) ;
#4014 = CARTESIAN_POINT ( 'NONE',  ( -5.909950855427170247, 4.500000000000001776, 31.15431645714858533 ) ) ;
#4015 = CARTESIAN_POINT ( 'NONE',  ( -15.11371630883900785, 4.484577325182235619, 25.51897819526336519 ) ) ;
#4016 = CARTESIAN_POINT ( 'NONE',  ( -8.670766116360612230, 4.500000000000000000, 29.67735635611553491 ) ) ;
#4017 = CARTESIAN_POINT ( 'NONE',  ( -12.72428987170532366, 3.899999999999999467, 27.83790333033953956 ) ) ;
#4018 = CARTESIAN_POINT ( 'NONE',  ( -15.06044591049341541, 3.900542034623466936, 25.59795932423633502 ) ) ;
#4019 = CARTESIAN_POINT ( 'NONE',  ( -15.21218173439664767, 4.453314517649499926, 25.48270729215725794 ) ) ;
#4020 = CARTESIAN_POINT ( 'NONE',  ( -15.16032587730423309, 3.918291284657492213, 25.54767608772529641 ) ) ;
#4021 = DIRECTION ( 'NONE',  ( 1.000000000000000000, 0.000000000000000000, -1.411534255948957470E-16 ) ) ;
#4022 = CARTESIAN_POINT ( 'NONE',  ( -15.07415460688551789, 4.299999999999905675, 25.39742673529793393 ) ) ;
#4023 = ORIENTED_EDGE ( 'NONE', *, *, #435, .F. ) ;
#4024 = CARTESIAN_POINT ( 'NONE',  ( -15.07327001160572166, 3.902172463173324779, 25.56985719823867953 ) ) ;
#4025 = CARTESIAN_POINT ( 'NONE',  ( -15.04780858165392132, 4.499943772050084334, 25.59910725282515642 ) ) ;
#4026 = CARTESIAN_POINT ( 'NONE',  ( -11.43821615783307166, 4.300000000000412825, 28.91277119398817774 ) ) ;
#4027 = CARTESIAN_POINT ( 'NONE',  ( -15.11177360336432862, 3.908417483347736976, 25.59572227671776545 ) ) ;
#4028 = CARTESIAN_POINT ( 'NONE',  ( -15.12053941554193059, 4.489386642052657805, 25.59440898162562661 ) ) ;
#4029 = CARTESIAN_POINT ( 'NONE',  ( -15.18989656306885117, 4.470724289800594775, 25.52448080249469697 ) ) ;
#4030 = PRODUCT ( 'Fin_Left', 'Fin_Left', '', ( #3732 ) ) ;
#4031 = CARTESIAN_POINT ( 'NONE',  ( -15.20228806313095049, 3.935235775602083041, 25.53251062020166628 ) ) ;
#4032 = LINE ( 'NONE', #696, #1717 ) ;
#4033 = CARTESIAN_POINT ( 'NONE',  ( -7.901839473186041296, 3.899999999999997691, 25.71564279943278564 ) ) ;
#4034 = CARTESIAN_POINT ( 'NONE',  ( -15.07476161414783355, 4.498059480900939100, 25.57241575884535223 ) ) ;
#4035 = CARTESIAN_POINT ( 'NONE',  ( -15.04233256097323235, 3.899999999999999467, 25.59963370012356521 ) ) ;
#4036 = CARTESIAN_POINT ( 'NONE',  ( -15.28486493097065591, 4.074442712456662008, 25.56545755166452238 ) ) ;
#4037 = CARTESIAN_POINT ( 'NONE',  ( -14.55788539134761450, 4.499999999999998224, 26.18569473416771487 ) ) ;
#4038 = CARTESIAN_POINT ( 'NONE',  ( -15.07511054181457588, 3.907125520502738425, 25.54480328239274201 ) ) ;
#4039 = CARTESIAN_POINT ( 'NONE',  ( -15.14184056514332788, 3.978296374806884472, 25.43593004414510972 ) ) ;
#4040 = CARTESIAN_POINT ( 'NONE',  ( -15.06117425556376688, 3.900886174882925772, 25.58081229573579662 ) ) ;
#4041 = CARTESIAN_POINT ( 'NONE',  ( -15.05759519999635643, 4.499613934840610341, 25.58851177170611280 ) ) ;
#4042 = CARTESIAN_POINT ( 'NONE',  ( -15.14801865288246674, 4.479695058467752844, 25.59377748648741857 ) ) ;
#4043 = CARTESIAN_POINT ( 'NONE',  ( -15.18053475423516474, 4.471225805548143306, 25.56274848977010805 ) ) ;
#4044 = CARTESIAN_POINT ( 'NONE',  ( -15.16437977323212749, 3.899999999999998135, 25.59481331096828072 ) ) ;
#4045 = CARTESIAN_POINT ( 'NONE',  ( -15.24905900705763884, 4.426889361720781402, 25.52218551331453256 ) ) ;
#4046 = CARTESIAN_POINT ( 'NONE',  ( -15.13734994763509789, 3.911782454394006070, 25.56717179760683933 ) ) ;
#4047 = CARTESIAN_POINT ( 'NONE',  ( -15.27918897026223100, 4.021110539512083193, 25.50911146154307829 ) ) ;
#4048 = CARTESIAN_POINT ( 'NONE',  ( -15.25190576410284393, 3.988452491937382494, 25.55973376837249234 ) ) ;
#4049 = CARTESIAN_POINT ( 'NONE',  ( -8.627583398521810665, 4.299999999999998046, 29.90225209779928406 ) ) ;
#4050 = CARTESIAN_POINT ( 'NONE',  ( -15.16523908052611169, 4.471967083280484978, 25.59226920335589739 ) ) ;
#4051 = CARTESIAN_POINT ( 'NONE',  ( -8.348427519816704390, 4.499999999999999112, 29.78801938786884662 ) ) ;
#4052 = CARTESIAN_POINT ( 'NONE',  ( -12.81670065034929706, 3.899999999999999467, 27.76574712758909769 ) ) ;
#4053 = CARTESIAN_POINT ( 'NONE',  ( -15.05297366639821277, 3.900177450853387739, 25.59302894375238679 ) ) ;
#4054 = CARTESIAN_POINT ( 'NONE',  ( -15.14435923897095293, 4.407764263515436376, 25.42619139528881078 ) ) ;
#4055 = CARTESIAN_POINT ( 'NONE',  ( -15.10894234458138108, 3.934590985995495505, 25.48325173896572693 ) ) ;
#4056 = CARTESIAN_POINT ( 'NONE',  ( -15.11038711227090836, 4.464720696248698495, 25.48213301189846902 ) ) ;
#4057 = CARTESIAN_POINT ( 'NONE',  ( -15.05944374783544148, 4.300000000000188116, 25.39843287186162613 ) ) ;
#4058 = CARTESIAN_POINT ( 'NONE',  ( -15.07360875662726585, 3.903499333259442761, 25.56089297380372471 ) ) ;
#4059 = CARTESIAN_POINT ( 'NONE',  ( -15.04550188302028424, 4.499943939184021247, 25.59528276487299792 ) ) ;
#4060 = CARTESIAN_POINT ( 'NONE',  ( -12.36563379326631029, 4.499999999996744826, 28.34915520412988243 ) ) ;
#4061 = CARTESIAN_POINT ( 'NONE',  ( -15.17503077612016327, 3.932710291096537247, 25.58999393654338661 ) ) ;
#4062 = CARTESIAN_POINT ( 'NONE',  ( -15.09295684826030026, 4.488085814953305608, 25.52860725978057843 ) ) ;
#4063 = CARTESIAN_POINT ( 'NONE',  ( -15.13741977957844220, 4.099999999999998757, 25.39428766435770157 ) ) ;
#4064 = CARTESIAN_POINT ( 'NONE',  ( -15.19947888512571943, 4.464118166412433197, 25.54641400972524323 ) ) ;
#4065 = CARTESIAN_POINT ( 'NONE',  ( -15.14094426761590562, 3.955967289185567282, 25.45584353648307285 ) ) ;
#4066 = EDGE_CURVE ( 'NONE', #6295, #5772, #191, .T. ) ;
#4067 = CARTESIAN_POINT ( 'NONE',  ( -15.20587232230239039, 4.344400954650629920, 25.40386910458369485 ) ) ;
#4068 = CARTESIAN_POINT ( 'NONE',  ( -6.757773425019584224, 3.900000000000000799, 24.77240953167401827 ) ) ;
#4069 = CARTESIAN_POINT ( 'NONE',  ( -15.07524515093880524, 4.496158670747394837, 25.55905706426652557 ) ) ;
#4070 = CARTESIAN_POINT ( 'NONE',  ( -15.04325241225814658, 3.900005029319056682, 25.59879206377824445 ) ) ;
#4071 = CARTESIAN_POINT ( 'NONE',  ( -14.90597395298406447, 4.299999999999183586, 26.09923222528124143 ) ) ;
#4072 = CARTESIAN_POINT ( 'NONE',  ( -15.09703460954434995, 3.903866568468486786, 25.57782476014629935 ) ) ;
#4073 = CARTESIAN_POINT ( 'NONE',  ( -15.15171308283004414, 3.970772910151805224, 25.44182195387011447 ) ) ;
#4074 = CARTESIAN_POINT ( 'NONE',  ( -15.05598059583637038, 4.499516072508320086, 25.58585772952437054 ) ) ;
#4075 = APPLICATION_PROTOCOL_DEFINITION ( 'draft international standard', 'automotive_design', 1998, #2316 ) ;
#4076 = CARTESIAN_POINT ( 'NONE',  ( -15.16071187243906593, 4.474935098511858556, 25.50665131103409422 ) ) ;
#4077 = CARTESIAN_POINT ( 'NONE',  ( -15.19282174004269059, 4.099999999999999645, 25.39603050409269258 ) ) ;
#4078 = CARTESIAN_POINT ( 'NONE',  ( -15.24406754502718719, 4.422635121035231265, 25.47832357250448965 ) ) ;
#4079 = DIRECTION ( 'NONE',  ( 0.000000000000000000, -1.000000000000000000, 0.000000000000000000 ) ) ;
#4080 = CARTESIAN_POINT ( 'NONE',  ( -15.08868057181453004, 3.914496698460142809, 25.52187614402993177 ) ) ;
#4081 = CARTESIAN_POINT ( 'NONE',  ( -15.08120157264366590, 3.902653518940653932, 25.59814827325710240 ) ) ;
#4082 = CARTESIAN_POINT ( 'NONE',  ( -8.900919763587896938, 4.499999999999998224, 29.60495975751814512 ) ) ;
#4083 = CARTESIAN_POINT ( 'NONE',  ( -12.39552351896409377, 4.299999999999998046, 25.68531607163731323 ) ) ;
#4084 = CARTESIAN_POINT ( 'NONE',  ( -15.13575195854725308, 4.486632386978302023, 25.53014704512185418 ) ) ;
#4085 = CARTESIAN_POINT ( 'NONE',  ( -6.124506636574560403, 4.300000000000000711, 24.03059670235500889 ) ) ;
#4086 = CARTESIAN_POINT ( 'NONE',  ( -6.184343372781979653, 4.299999999999624123, 24.10819189421584952 ) ) ;
#4087 = CARTESIAN_POINT ( 'NONE',  ( -14.28261325400844051, 3.900000000000000355, 26.74838635448179502 ) ) ;
#4088 = CARTESIAN_POINT ( 'NONE',  ( -15.04935183389986619, 3.900403600654412273, 25.58695719045328687 ) ) ;
#4089 = CARTESIAN_POINT ( 'NONE',  ( -15.21891565744597230, 4.449703428749527845, 25.48341214781242670 ) ) ;
#4090 = CARTESIAN_POINT ( 'NONE',  ( -15.14432746287640086, 3.915369167592196220, 25.52865685276992380 ) ) ;
#4091 = CARTESIAN_POINT ( 'NONE',  ( -15.11274239466025193, 4.461955044420649941, 25.47815000940382291 ) ) ;
#4092 = CARTESIAN_POINT ( 'NONE',  ( -15.19682325293259062, 4.299999999999999822, 25.39635714700459701 ) ) ;
#4093 = CARTESIAN_POINT ( 'NONE',  ( -15.06709848431510324, 3.903665877956125740, 25.56015929644422613 ) ) ;
#4094 = CARTESIAN_POINT ( 'NONE',  ( -15.04529303313678668, 4.499935990884400994, 25.59491650049045930 ) ) ;
#4095 = CARTESIAN_POINT ( 'NONE',  ( -12.84661811026086475, 4.500000000001626255, 27.99614186557617757 ) ) ;
#4096 = CARTESIAN_POINT ( 'NONE',  ( -15.15844167635210660, 3.924455818635896431, 25.59158733543031872 ) ) ;
#4097 = CARTESIAN_POINT ( 'NONE',  ( -15.11547978615730869, 4.493171353964479309, 25.56340728497207593 ) ) ;
#4098 = CARTESIAN_POINT ( 'NONE',  ( -15.21706871969460551, 4.439081586771687959, 25.58320086276191319 ) ) ;
#4099 = CARTESIAN_POINT ( 'NONE',  ( -15.19648518579565533, 3.931914943150447428, 25.51930361650767765 ) ) ;
#4100 = CARTESIAN_POINT ( 'NONE',  ( -15.01458867756170967, 4.300000000000000711, 25.97129220017430384 ) ) ;
#4101 = CARTESIAN_POINT ( 'NONE',  ( -15.20216053688652913, 4.356078370485526818, 25.40720485486146529 ) ) ;
#4102 = CARTESIAN_POINT ( 'NONE',  ( -7.972263140701690176, 4.099999999998495959, 25.52818418850501558 ) ) ;
#4103 = CARTESIAN_POINT ( 'NONE',  ( -15.06125782609339403, 3.900648449482006175, 25.59936990173291349 ) ) ;
#4104 = CARTESIAN_POINT ( 'NONE',  ( -15.07798307891444978, 4.494139321029974710, 25.54961505750027584 ) ) ;
#4105 = CARTESIAN_POINT ( 'NONE',  ( -15.04342357413962539, 3.900004480886571478, 25.59907223815376653 ) ) ;
#4106 = CARTESIAN_POINT ( 'NONE',  ( -15.23745750252113318, 4.072150094798965725, 25.40647354976518102 ) ) ;
#4107 = CARTESIAN_POINT ( 'NONE',  ( -14.53732422133718671, 4.499999999995093702, 26.49567287096477131 ) ) ;
#4108 = CARTESIAN_POINT ( 'NONE',  ( -15.10613066168249752, 3.907108043693848565, 25.59619154940909524 ) ) ;
#4109 = CARTESIAN_POINT ( 'NONE',  ( -15.20691533474101576, 3.937324849240781077, 25.50449020178290382 ) ) ;
#4110 = CARTESIAN_POINT ( 'NONE',  ( -15.06541036804019562, 4.499292241226639177, 25.58656395320345922 ) ) ;
#4111 = CARTESIAN_POINT ( 'NONE',  ( -15.30543262969209550, 4.300000000000820499, 25.46029728868910524 ) ) ;
#4112 = CARTESIAN_POINT ( 'NONE',  ( -15.12261867749461608, 4.458240147485986071, 25.47279707449513708 ) ) ;
#4113 = CARTESIAN_POINT ( 'NONE',  ( -15.18655678928744734, 3.899999999999999467, 25.39561196436980239 ) ) ;
#4114 = CARTESIAN_POINT ( 'NONE',  ( -15.25237100926869260, 4.396962697243525398, 25.58165411402617906 ) ) ;
#4115 = CARTESIAN_POINT ( 'NONE',  ( -15.12890621383730227, 3.911934451540091118, 25.58742553013045296 ) ) ;
#4116 = CARTESIAN_POINT ( 'NONE',  ( -15.24131711096609543, 3.964644580156455600, 25.50036145621255912 ) ) ;
#4117 = CARTESIAN_POINT ( 'NONE',  ( -15.06801393996810567, 3.901036829145912321, 25.58082994507342178 ) ) ;
#4118 = CARTESIAN_POINT ( 'NONE',  ( -15.04136205888855038, 3.899999999999999467, 25.60037349240651849 ) ) ;
#4119 = CARTESIAN_POINT ( 'NONE',  ( -15.13009615228685689, 4.484962466145367088, 25.52211175167028756 ) ) ;
#4120 = CARTESIAN_POINT ( 'NONE',  ( -14.97658472789068718, 4.500000000000000000, 25.69463669591345578 ) ) ;
#4121 = CARTESIAN_POINT ( 'NONE',  ( -14.45316300756878114, 4.099999999999999645, 26.58051540992063266 ) ) ;
#4122 = CARTESIAN_POINT ( 'NONE',  ( -15.05553611652600488, 3.900332432444548303, 25.59966982009130732 ) ) ;
#4123 = CARTESIAN_POINT ( 'NONE',  ( -15.15116972663487438, 4.414574720306718270, 25.43066701891539338 ) ) ;
#4124 = CARTESIAN_POINT ( 'NONE',  ( -15.13774026705371156, 3.912936251144979671, 25.53331576678984405 ) ) ;
#4125 = CARTESIAN_POINT ( 'NONE',  ( -15.12066627299845756, 4.299999999999998934, 25.39503269478668557 ) ) ;
#4126 = ORIENTED_EDGE ( 'NONE', *, *, #4705, .T. ) ;
#4127 = CARTESIAN_POINT ( 'NONE',  ( -15.04841045881298989, 4.499920008719537456, 25.60006467318006784 ) ) ;
#4128 = CARTESIAN_POINT ( 'NONE',  ( -15.12062286765709551, 4.492327881198717066, 25.56072273711999188 ) ) ;
#4129 = CARTESIAN_POINT ( 'NONE',  ( -15.17676337589373325, 4.464062056853084215, 25.48479595576213086 ) ) ;
#4130 = CARTESIAN_POINT ( 'NONE',  ( -15.16895129823672939, 3.928960677763112308, 25.49841681418162764 ) ) ;
#4131 = CARTESIAN_POINT ( 'NONE',  ( -15.29481412905242266, 4.347326073659576906, 25.50219512314441417 ) ) ;
#4132 = CARTESIAN_POINT ( 'NONE',  ( -6.771316617565553919, 4.500000000000000000, 25.04687625241930249 ) ) ;
#4133 = CARTESIAN_POINT ( 'NONE',  ( -15.08175682411540919, 4.497421748257051100, 25.56931632820647948 ) ) ;
#4134 = CARTESIAN_POINT ( 'NONE',  ( -15.04685628975432543, 3.900045704558590565, 25.59991034454935033 ) ) ;
#4135 = CARTESIAN_POINT ( 'NONE',  ( -14.75533684910147691, 4.499999999999999112, 25.96766009347312831 ) ) ;
#4136 = CARTESIAN_POINT ( 'NONE',  ( -15.04136205888854683, 4.499999999999999112, 25.60037349240651849 ) ) ;
#4137 = CARTESIAN_POINT ( 'NONE',  ( -15.17927030781543785, 3.985659199342933334, 25.43215165929888855 ) ) ;
#4138 = CARTESIAN_POINT ( 'NONE',  ( -15.07977795442507052, 3.904361265446257612, 25.55663129265374778 ) ) ;
#4139 = CARTESIAN_POINT ( 'NONE',  ( -15.20058605045302080, 3.937182438108001836, 25.49411569968329516 ) ) ;
#4140 = CARTESIAN_POINT ( 'NONE',  ( -15.20057398112118641, 4.299999999999999822, 25.39669149607617271 ) ) ;
#4141 = CARTESIAN_POINT ( 'NONE',  ( -15.07043010802700600, 3.901253661478154111, 25.59601118634009964 ) ) ;
#4142 = CARTESIAN_POINT ( 'NONE',  ( -15.07353882892295793, 4.498701434304781976, 25.59013922029864929 ) ) ;
#4143 = CARTESIAN_POINT ( 'NONE',  ( -15.16731506672215346, 4.478292584001712484, 25.52945800558697798 ) ) ;
#4144 = CARTESIAN_POINT ( 'NONE',  ( -15.22732548669813823, 3.899999999999999911, 25.39915209265720364 ) ) ;
#4145 = CARTESIAN_POINT ( 'NONE',  ( -15.25274144657388398, 4.415970538883972729, 25.54769943490731876 ) ) ;
#4146 = CARTESIAN_POINT ( 'NONE',  ( -15.11491569765329146, 3.906729200553500370, 25.56254377571620751 ) ) ;
#4147 = CARTESIAN_POINT ( 'NONE',  ( -15.26626621874926215, 4.022826175539440108, 25.57439244237534481 ) ) ;
#4148 = CARTESIAN_POINT ( 'NONE',  ( -15.18218913625056032, 3.973052177971747589, 25.44158574671506656 ) ) ;
#4149 = CARTESIAN_POINT ( 'NONE',  ( -15.07087848991567469, 3.901169776182040305, 25.58057291977328518 ) ) ;
#4150 = CARTESIAN_POINT ( 'NONE',  ( -14.64153532064483976, 4.299999999999998934, 25.43733096016036654 ) ) ;
#4151 = CARTESIAN_POINT ( 'NONE',  ( -15.14386605635032268, 4.487354078480783492, 25.54849018028750507 ) ) ;
#4152 = CARTESIAN_POINT ( 'NONE',  ( -10.25070378506521784, 4.499999999999998224, 26.03517254349591425 ) ) ;
#4153 = CARTESIAN_POINT ( 'NONE',  ( -13.12600295235695036, 3.899999999996747846, 27.77450824847236888 ) ) ;
#4154 = CARTESIAN_POINT ( 'NONE',  ( -15.04651940495864437, 3.900153231886049454, 25.59205574262261251 ) ) ;
#4155 = CARTESIAN_POINT ( 'NONE',  ( -15.19981817618395503, 4.442084955387200829, 25.46012920235598997 ) ) ;
#4156 = CARTESIAN_POINT ( 'NONE',  ( -15.17027178983885705, 3.928645172346386438, 25.58522741840744175 ) ) ;
#4157 = CARTESIAN_POINT ( 'NONE',  ( -15.09831304071569136, 4.476881518678705874, 25.50270323549300500 ) ) ;
#4158 = ORIENTED_EDGE ( 'NONE', *, *, #2231, .F. ) ;
#4159 = CARTESIAN_POINT ( 'NONE',  ( -15.04736604538175015, 4.499955544972694454, 25.59839558537670712 ) ) ;
#4160 = CARTESIAN_POINT ( 'NONE',  ( -15.10783258686161190, 4.493165085616737997, 25.55100293215775054 ) ) ;
#4161 = CARTESIAN_POINT ( 'NONE',  ( -5.900018103691999194, 4.084993288093010655, 31.41451507187543868 ) ) ;
#4162 = CARTESIAN_POINT ( 'NONE',  ( -15.17429475236657055, 4.462954872547233443, 25.48218994721528219 ) ) ;
#4163 = CARTESIAN_POINT ( 'NONE',  ( -15.20283773426825213, 3.950363381929420825, 25.58710721126587728 ) ) ;
#4164 = CARTESIAN_POINT ( 'NONE',  ( -5.900018103692000082, 4.036235702225582145, 23.69299336329110162 ) ) ;
#4165 = CARTESIAN_POINT ( 'NONE',  ( -15.26899761071666184, 4.366347347695906933, 25.57883669534772508 ) ) ;
#4166 = CARTESIAN_POINT ( 'NONE',  ( -15.07850266386136440, 4.495330100937204421, 25.55494069937045865 ) ) ;
#4167 = CARTESIAN_POINT ( 'NONE',  ( -15.04220757490659643, 3.899999999999999911, 25.59942343038310497 ) ) ;
#4168 = CARTESIAN_POINT ( 'NONE',  ( -15.07798144474583957, 3.905958972069849988, 25.54924109147973255 ) ) ;
#4169 = CARTESIAN_POINT ( 'NONE',  ( -15.30661024527415748, 4.089265174016323279, 25.47791597260901852 ) ) ;
#4170 = CARTESIAN_POINT ( 'NONE',  ( -15.22753684095294524, 3.967970211053549079, 25.57660533255480573 ) ) ;
#4171 = CARTESIAN_POINT ( 'NONE',  ( -15.20068141781820259, 4.500000000000000000, 25.39670150982568586 ) ) ;
#4172 = CARTESIAN_POINT ( 'NONE',  ( -15.05863763841085046, 4.498632288723785955, 25.57557579423266603 ) ) ;
#4173 = CARTESIAN_POINT ( 'NONE',  ( -15.04466043611590109, 4.499964920020625314, 25.59631399842988841 ) ) ;
#4174 = CARTESIAN_POINT ( 'NONE',  ( -15.22462501595128792, 4.300000000000821387, 25.39951830273272648 ) ) ;
#4175 = CARTESIAN_POINT ( 'NONE',  ( -15.23419947786885409, 4.099999999999999645, 25.39978451054241759 ) ) ;
#4176 = CARTESIAN_POINT ( 'NONE',  ( -15.24641045164189102, 4.422313856095051676, 25.48271955542993794 ) ) ;
#4177 = CARTESIAN_POINT ( 'NONE',  ( -15.10453869546805272, 3.907487626506774170, 25.54568255558559287 ) ) ;
#4178 = CARTESIAN_POINT ( 'NONE',  ( -15.19368613696688008, 3.969437684496203378, 25.44730547261637454 ) ) ;
#4179 = CARTESIAN_POINT ( 'NONE',  ( -15.07537900878091541, 3.901585477625688636, 25.59306582555764820 ) ) ;
#4180 = CARTESIAN_POINT ( 'NONE',  ( -7.593222793665113102, 4.299999999999999822, 25.35537512384706815 ) ) ;
#4181 = CARTESIAN_POINT ( 'NONE',  ( -15.11498545138788785, 4.472646068697113897, 25.49448464557749716 ) ) ;
#4182 = CARTESIAN_POINT ( 'NONE',  ( -7.510035882463422574, 4.499999999998504308, 25.31267797773769246 ) ) ;
#4183 = CARTESIAN_POINT ( 'NONE',  ( -8.409463510812132725, 3.900000000000819256, 29.97864457809167149 ) ) ;
#4184 = CARTESIAN_POINT ( 'NONE',  ( -15.05146276214813028, 3.900152610125253272, 25.59300388546914817 ) ) ;
#4185 = CARTESIAN_POINT ( 'NONE',  ( -15.23107287256148368, 4.447495138287385075, 25.51604956456073481 ) ) ;
#4186 = CARTESIAN_POINT ( 'NONE',  ( -15.10485287704944035, 3.930144540169384193, 25.49029103433747778 ) ) ;
#4187 = CARTESIAN_POINT ( 'NONE',  ( -6.900018103691998306, 4.199999847142954046, 29.79647591788961236 ) ) ;
#4188 = CARTESIAN_POINT ( 'NONE',  ( -15.05537179727530095, 4.499691325601743230, 25.59948974510077946 ) ) ;
#4189 = CARTESIAN_POINT ( 'NONE',  ( -15.12350495546213835, 4.488546547647720431, 25.59413778229697201 ) ) ;
#4190 = CARTESIAN_POINT ( 'NONE',  ( -15.21153705610419848, 4.460632090660383575, 25.52553930047607622 ) ) ;
#4191 = CARTESIAN_POINT ( 'NONE',  ( -5.900018103692000082, 4.430868057658416959, 31.35293548249280704 ) ) ;
#4192 = CARTESIAN_POINT ( 'NONE',  ( -15.19800650157983490, 3.941473482199728817, 25.57229673072902187 ) ) ;
#4193 = CARTESIAN_POINT ( 'NONE',  ( -15.28260359140545432, 4.353532106290697534, 25.55274737650574934 ) ) ;
#4194 = CARTESIAN_POINT ( 'NONE',  ( -15.04136205888855216, 4.499999999999999112, 25.60037349240651849 ) ) ;
#4195 = CARTESIAN_POINT ( 'NONE',  ( -15.08437828116216473, 4.496670505246791905, 25.56417016319231905 ) ) ;
#4196 = CARTESIAN_POINT ( 'NONE',  ( -15.06612592479774726, 3.900771535795262146, 25.59248352677428429 ) ) ;
#4197 = CARTESIAN_POINT ( 'NONE',  ( -15.08929325935097765, 3.902982665770585502, 25.57200185720329344 ) ) ;
#4198 = CARTESIAN_POINT ( 'NONE',  ( -15.21270959089419961, 3.940364678873551796, 25.52763821656140308 ) ) ;
#4199 = CARTESIAN_POINT ( 'NONE',  ( -15.06350396209311171, 4.499247088857522670, 25.58344069134708221 ) ) ;
#4200 = CARTESIAN_POINT ( 'NONE',  ( -9.173112129554221283, 4.299999999999998934, 29.73130906374856508 ) ) ;
#4201 = CARTESIAN_POINT ( 'NONE',  ( -15.23954274110150564, 4.403505174747770923, 25.45052567799395504 ) ) ;
#4202 = CARTESIAN_POINT ( 'NONE',  ( -15.11761515953912749, 3.907201285514006361, 25.56717707486386004 ) ) ;
#4203 = CARTESIAN_POINT ( 'NONE',  ( -15.19261042385263138, 4.079419010168008342, 25.39733574083455281 ) ) ;
#4204 = CARTESIAN_POINT ( 'NONE',  ( -15.25793306244741743, 3.996514709303698343, 25.47478264343070364 ) ) ;
#4205 = CARTESIAN_POINT ( 'NONE',  ( -15.16515764072005545, 3.986375599195856712, 25.43035222999312239 ) ) ;
#4206 = CARTESIAN_POINT ( 'NONE',  ( -15.07602469109947130, 3.901497925892188690, 25.58910932141528960 ) ) ;
#4207 = CARTESIAN_POINT ( 'NONE',  ( -11.61260910229871257, 4.300000000000000711, 25.75853996110591382 ) ) ;
#4208 = CARTESIAN_POINT ( 'NONE',  ( -15.16406255535063963, 3.927082605645142888, 25.59105635147857782 ) ) ;
#4209 = CARTESIAN_POINT ( 'NONE',  ( -15.13411168649971117, 4.483224003737343644, 25.51841898108205697 ) ) ;
#4210 = CARTESIAN_POINT ( 'NONE',  ( -9.610485944695080107, 4.499999999997003286, 25.82983422734880463 ) ) ;
#4211 = CARTESIAN_POINT ( 'NONE',  ( -8.301602653826115841, 4.099999999999999645, 30.01868764504228082 ) ) ;
#4212 = CARTESIAN_POINT ( 'NONE',  ( -15.04661458483693259, 3.900146537425922322, 25.59222998191569332 ) ) ;
#4213 = CARTESIAN_POINT ( 'NONE',  ( -15.24196564585359148, 4.431860858485156207, 25.54215929128845630 ) ) ;
#4214 = CARTESIAN_POINT ( 'NONE',  ( -15.12323254478255485, 3.916269971557420071, 25.51738481830992811 ) ) ;
#4215 = FACE_OUTER_BOUND ( 'NONE', #1881, .T. ) ;
#4216 = CARTESIAN_POINT ( 'NONE',  ( -15.08007636501223914, 3.901786006702178344, 25.58094132552976063 ) ) ;
#4217 = CARTESIAN_POINT ( 'NONE',  ( -15.04870141430050445, 4.499691389270008557, 25.58842019855617167 ) ) ;
#4218 = CARTESIAN_POINT ( 'NONE',  ( -15.14699939304788323, 4.482029394656094290, 25.58539438690175061 ) ) ;
#4219 = CARTESIAN_POINT ( 'NONE',  ( -15.05902534910129908, 4.100000000000001421, 25.91651787742257085 ) ) ;
#4220 = CARTESIAN_POINT ( 'NONE',  ( -15.18267526583901450, 4.460682631670659148, 25.47992869331499577 ) ) ;
#4221 = CARTESIAN_POINT ( 'NONE',  ( -15.12637559409333221, 3.939345118146099445, 25.47596537585025800 ) ) ;
#4222 = CARTESIAN_POINT ( 'NONE',  ( -15.08130330127561969, 4.497309306872608659, 25.59841156893802605 ) ) ;
#4223 = EDGE_CURVE ( 'NONE', #5442, #3097, #4602, .T. ) ;
#4224 = CARTESIAN_POINT ( 'NONE',  ( -15.30249591693833366, 4.322435633023474111, 25.50357171495429043 ) ) ;
#4225 = CARTESIAN_POINT ( 'NONE',  ( -7.143596820408534498, 4.499999999999999112, 25.32458598286608620 ) ) ;
#4226 = CARTESIAN_POINT ( 'NONE',  ( -15.08960850656392694, 4.496684374638435955, 25.56794393403979626 ) ) ;
#4227 = CARTESIAN_POINT ( 'NONE',  ( -15.04136205888854327, 3.899999999999999023, 25.60037349240651139 ) ) ;
#4228 = CARTESIAN_POINT ( 'NONE',  ( -15.06267472386334205, 3.900589137410662044, 25.58686097547401062 ) ) ;
#4229 = CARTESIAN_POINT ( 'NONE',  ( -15.04136205888854683, 4.499999999999999112, 25.60037349240651849 ) ) ;
#4230 = CARTESIAN_POINT ( 'NONE',  ( -15.07368883811516547, 3.905941663482528803, 25.54945253415269946 ) ) ;
#4231 = CARTESIAN_POINT ( 'NONE',  ( -15.21454075173121367, 4.299999999999999822, 25.39799328351294250 ) ) ;
#4232 = CARTESIAN_POINT ( 'NONE',  ( -15.05997528744471126, 4.498863362747803407, 25.57772745979671924 ) ) ;
#4233 = CARTESIAN_POINT ( 'NONE',  ( -8.179810048628135988, 4.299999999999998046, 30.06599201356774742 ) ) ;
#4234 = CARTESIAN_POINT ( 'NONE',  ( -15.26885587719636028, 4.384241262750722790, 25.55694462829424651 ) ) ;
#4235 = CARTESIAN_POINT ( 'NONE',  ( -15.17619193156104629, 3.979343754136225098, 25.43607144478940896 ) ) ;
#4236 = CARTESIAN_POINT ( 'NONE',  ( -15.07346247899292280, 3.901565071683860353, 25.59615484353994930 ) ) ;
#4237 = CARTESIAN_POINT ( 'NONE',  ( -7.499844976543681874, 4.299999999999999822, 25.30590559298828168 ) ) ;
#4238 = CARTESIAN_POINT ( 'NONE',  ( -15.28060873273594211, 4.075033817045845552, 25.57623159129219204 ) ) ;
#4239 = CARTESIAN_POINT ( 'NONE',  ( -15.17099962007341141, 4.472714836238234959, 25.57867229074059523 ) ) ;
#4240 = CARTESIAN_POINT ( 'NONE',  ( -8.316198158825621078, 4.499999999999999112, 25.84379483007383982 ) ) ;
#4241 = CARTESIAN_POINT ( 'NONE',  ( -6.308536948578286285, 3.899999999999999911, 31.10804801061973279 ) ) ;
#4242 = CARTESIAN_POINT ( 'NONE',  ( -15.04975834333253282, 3.900093812023285533, 25.59506566885200485 ) ) ;
#4243 = CARTESIAN_POINT ( 'NONE',  ( -15.23257688772498497, 4.445660578907811633, 25.50599345394876138 ) ) ;
#4244 = CARTESIAN_POINT ( 'NONE',  ( -15.16276512221848272, 3.923834178468811995, 25.58122316147613518 ) ) ;
#4245 = CARTESIAN_POINT ( 'NONE',  ( -15.18879820929254265, 4.058347151571816802, 25.40090192299119920 ) ) ;
#4246 = CARTESIAN_POINT ( 'NONE',  ( -15.11236467773208503, 3.906476976125220268, 25.57484563375286157 ) ) ;
#4247 = ORIENTED_EDGE ( 'NONE', *, *, #1554, .F. ) ;
#4248 = CARTESIAN_POINT ( 'NONE',  ( -15.05492381999426499, 4.499681310642972498, 25.58902308028633144 ) ) ;
#4249 = CARTESIAN_POINT ( 'NONE',  ( -15.14413387036151271, 4.483034967930504600, 25.58590657471165031 ) ) ;
#4250 = CARTESIAN_POINT ( 'NONE',  ( -14.90957096673399285, 4.099999999999999645, 26.09508124688234432 ) ) ;
#4251 = CARTESIAN_POINT ( 'NONE',  ( -15.19959069854641243, 4.457846690466488404, 25.48149325963865763 ) ) ;
#4252 = CARTESIAN_POINT ( 'NONE',  ( -15.04240576005913965, 4.499999999999999112, 25.59977938316986013 ) ) ;
#4253 = CARTESIAN_POINT ( 'NONE',  ( -8.507178820158701527, 3.900000000000000799, 25.88952809155418322 ) ) ;
#4254 = CARTESIAN_POINT ( 'NONE',  ( -15.19901459140029232, 3.943107330198729610, 25.57523130490069363 ) ) ;
#4255 = CARTESIAN_POINT ( 'NONE',  ( -15.30200875793835102, 4.328998574274432798, 25.48698233808227087 ) ) ;
#4256 = CARTESIAN_POINT ( 'NONE',  ( -14.78569349304234670, 4.500000000000000000, 25.62371682896808878 ) ) ;
#4257 = CARTESIAN_POINT ( 'NONE',  ( -15.08721475507769938, 4.494990032276648506, 25.55448675206601195 ) ) ;
#4258 = CARTESIAN_POINT ( 'NONE',  ( -15.04136205888854683, 3.899999999999999023, 25.60037349240651849 ) ) ;
#4259 = CARTESIAN_POINT ( 'NONE',  ( -15.19546005876484962, 4.459538644771289029, 25.57418246251520344 ) ) ;
#4260 = LINE ( 'NONE', #1145, #6343 ) ;
#4261 = CARTESIAN_POINT ( 'NONE',  ( -15.06840127572728605, 3.901083180932507943, 25.59634041976231345 ) ) ;
#4262 = CARTESIAN_POINT ( 'NONE',  ( -15.07993766277033210, 3.902837756955707782, 25.56619706114804558 ) ) ;
#4263 = CARTESIAN_POINT ( 'NONE',  ( -15.06498249646672605, 4.496626136154913134, 25.56182535665160316 ) ) ;
#4264 = CARTESIAN_POINT ( 'NONE',  ( -15.20412576649559178, 3.899999999999999911, 25.39701768229542367 ) ) ;
#4265 = CARTESIAN_POINT ( 'NONE',  ( -15.23020671394498393, 4.387480746233756612, 25.43226443280966720 ) ) ;
#4266 = CARTESIAN_POINT ( 'NONE',  ( -15.28933228352917340, 4.077165056237221918, 25.43486488559918612 ) ) ;
#4267 = CARTESIAN_POINT ( 'NONE',  ( -15.16054651347977611, 3.986875259861778265, 25.42979689567187052 ) ) ;
#4268 = CARTESIAN_POINT ( 'NONE',  ( -15.06358260019458761, 3.900909085108299923, 25.58101923064815608 ) ) ;
#4269 = CARTESIAN_POINT ( 'NONE',  ( -15.28238473552703169, 4.094817326590016293, 25.57590871971954982 ) ) ;
#4270 = CARTESIAN_POINT ( 'NONE',  ( -15.12690260851144153, 4.473311943021938575, 25.49570008872400706 ) ) ;
#4271 = CARTESIAN_POINT ( 'NONE',  ( -8.983115043010720058, 4.300000000001506173, 25.77532120156670103 ) ) ;
#4272 = CARTESIAN_POINT ( 'NONE',  ( -7.982190972784657390, 4.099999999999999645, 30.14498068145327636 ) ) ;
#4273 = CARTESIAN_POINT ( 'NONE',  ( -15.04434291360633935, 3.900045623140522277, 25.59574891017747689 ) ) ;
#4274 = CARTESIAN_POINT ( 'NONE',  ( -15.24445123168390204, 4.413391041218961419, 25.57462578879690085 ) ) ;
#4275 = CARTESIAN_POINT ( 'NONE',  ( -15.14442243247693654, 3.913361772932370641, 25.56209008686138873 ) ) ;
#4276 = CARTESIAN_POINT ( 'NONE',  ( -15.28624415760253186, 4.044100423256552723, 25.53664674361064968 ) ) ;
#4277 = CARTESIAN_POINT ( 'NONE',  ( -15.12033666351961791, 3.909689430930263221, 25.58888747046859891 ) ) ;
#4278 = CARTESIAN_POINT ( 'NONE',  ( -15.05344865132351018, 4.499821920211211079, 25.59635536697123825 ) ) ;
#4279 = CARTESIAN_POINT ( 'NONE',  ( -11.10997895582793937, 4.499999999997533529, 29.07515332216566861 ) ) ;
#4280 = CARTESIAN_POINT ( 'NONE',  ( -15.10036310107064139, 4.482910070238810718, 25.51526421229251795 ) ) ;
#4281 = CARTESIAN_POINT ( 'NONE',  ( -15.17977592999916325, 4.448944081318573218, 25.46257057116811140 ) ) ;
#4282 = CARTESIAN_POINT ( 'NONE',  ( -15.04206423465098652, 4.499999999999999112, 25.59918439601873885 ) ) ;
#4283 = CARTESIAN_POINT ( 'NONE',  ( -14.78569382791651066, 3.899999999999999467, 25.62371679565398352 ) ) ;
#4284 = CARTESIAN_POINT ( 'NONE',  ( -15.17801958267038742, 3.925819081658437071, 25.54984456506086232 ) ) ;
#4285 =( BOUNDED_SURFACE ( )  B_SPLINE_SURFACE ( 3, 2, ( 
 ( #4914, #4940, #1925 ),
 ( #4414, #515, #2432 ),
 ( #2858, #6335, #957 ),
 ( #5874, #1954, #4853 ),
 ( #3888, #5363, #3369 ),
 ( #540, #1890, #2482 ),
 ( #1981, #3855, #4821 ),
 ( #28, #4390, #431 ),
 ( #3456, #1465, #3428 ),
 ( #5902, #2374, #5812 ),
 ( #1495, #5391, #461 ),
 ( #4884, #5847, #1440 ),
 ( #2947, #4442, #1856 ),
 ( #3822, #1375, #3337 ),
 ( #3488, #3073, #5550 ),
 ( #193, #2618, #5449 ),
 ( #1595, #1182, #635 ),
 ( #2008, #1560, #2584 ),
 ( #3011, #94, #5481 ),
 ( #1149, #4068, #59 ),
 ( #2516, #3525, #5933 ),
 ( #4508, #160, #1526 ),
 ( #2043, #1113, #2552 ),
 ( #124, #698, #4972 ),
 ( #3998, #6038, #3965 ),
 ( #1043, #2141, #4578 ),
 ( #2079, #1078, #3105 ),
 ( #5069, #4546, #569 ),
 ( #4033, #664, #4102 ),
 ( #6073, #3039, #3622 ),
 ( #5964, #1659, #5006 ),
 ( #5586, #5102, #5997 ),
 ( #602, #2654, #4472 ),
 ( #3558, #5516, #5036 ),
 ( #2113, #3591, #2860 ),
 ( #5849, #959, #1467 ),
 ( #5336, #3430, #985 ),
 ( #2949, #517, #5905 ),
 ( #1497, #5271, #865 ),
 ( #2825, #4666, #3195 ),
 ( #2771, #2258, #4731 ),
 ( #1772, #523, #3344 ),
 ( #3829, #2463, #5910 ),
 ( #2412, #5312, #5373 ),
 ( #937, #2866, #2899 ),
 ( #992, #3410, #6342 ),
 ( #1504, #5399, #1383 ),
 ( #3437, #3466, #4423 ),
 ( #906, #4862, #5857 ),
 ( #4893, #1864, #6277 ),
 ( #4830, #37, #440 ),
 ( #1989, #2928, #1019 ),
 ( #4950, #2382, #5822 ),
 ( #3923, #5786, #2984 ),
 ( #4337, #6311, #4398 ),
 ( #1417, #3862, #470 ),
 ( #1963, #4370, #1475 ),
 ( #1935, #3897, #966 ),
 ( #5882, #6085, #172 ),
 ( #3601, #1088, #4556 ),
 ( #4482, #5525, #3536 ),
 ( #1638, #5560, #5597 ),
 ( #4983, #5078, #1159 ),
 ( #3114, #5944, #3050 ),
 ( #5974, #3569, #676 ),
 ( #4044, #2631, #4590 ),
 ( #2562, #103, #2154 ),
 ( #5017, #612, #205 ),
 ( #1054, #4113, #1537 ),
 ( #1671, #2594, #4077 ),
 ( #3634, #3499, #578 ),
 ( #1192, #2121, #5491 ),
 ( #5046, #4517, #1570 ),
 ( #3975, #3149, #6048 ),
 ( #6008, #134, #2090 ),
 ( #2019, #5114, #3022 ),
 ( #2494, #2053, #4452 ),
 ( #69, #5460, #1605 ),
 ( #2528, #4008, #3081 ),
 ( #1124, #643, #6153 ),
 ( #333, #4264, #3666 ),
 ( #5211, #1735, #1795 ),
 ( #2251, #2219, #4624 ),
 ( #743, #6238, #804 ),
 ( #2698, #236, #2184 ),
 ( #6209, #4144, #5695 ),
 ( #2763, #2278, #4175 ),
 ( #6120, #5150, #1705 ) ),
 .UNSPECIFIED., .F., .F., .T. ) 
 B_SPLINE_SURFACE_WITH_KNOTS ( ( 4, 2, 2, 2, 2, 2, 2, 2, 2, 2, 2, 2, 2, 2, 2, 2, 2, 2, 2, 2, 2, 2, 2, 2, 2, 2, 2, 2, 2, 2, 2, 2, 2, 2, 2, 2, 2, 2, 2, 2, 2, 2, 2, 4 ),
 ( 3, 3 ),
 ( 0.04742028384389483653, 0.04845937929863902704, 0.04897892702601112924, 0.04923870088969717340, 0.04949847475338322450, 0.05157666566287161247, 0.05573304748184838148, 0.05988942930082515048, 0.06404581111980192643, 0.08067133839570903020, 0.09729686567161612010, 0.1014532474905928960, 0.1056096293095696581, 0.1139223929475232100, 0.1305479202234303138, 0.1388606838613838657, 0.1471734474993374175, 0.1637989747752445213, 0.1804245020511515973, 0.1887372656891051492, 0.1970500293270586734, 0.2136755566029657771, 0.2303010838788728809, 0.2469266111547799847, 0.2635521384306870885, 0.2801776657065941922, 0.2968031929825012405, 0.3051159566204547646, 0.3071941475299431734, 0.3092723384394315822, 0.3103114338941757588, 0.3113505293489199355, 0.3118700770762920516, 0.3121298509399781373, 0.3122597378718211525, 0.3123896248036641676, 0.3123977427369043491, 0.3124058606701445306, 0.3124220965366248937, 0.3124545682695856752, 0.3125195117355071828, 0.3126493986673501979, 0.3129091725310362282, 0.3134287202584083443 ),
 ( 0.000000000000000000, 1.000000000000000000 ),
 .UNSPECIFIED. ) 
 GEOMETRIC_REPRESENTATION_ITEM ( )  RATIONAL_B_SPLINE_SURFACE ( (
 ( 1.000000000000000000, 0.7071067811865465735, 1.000000000000000000),
 ( 1.000000000000000000, 0.7071067811865465735, 1.000000000000000000),
 ( 1.000000000000000000, 0.7071067811865465735, 1.000000000000000000),
 ( 1.000000000000000000, 0.7071067811865465735, 1.000000000000000000),
 ( 1.000000000000000000, 0.7071067811865465735, 1.000000000000000000),
 ( 1.000000000000000000, 0.7071067811865465735, 1.000000000000000000),
 ( 1.000000000000000000, 0.7071067811865465735, 1.000000000000000000),
 ( 1.000000000000000000, 0.7071067811865465735, 1.000000000000000000),
 ( 1.000000000000000000, 0.7071067811865465735, 1.000000000000000000),
 ( 1.000000000000000000, 0.7071067811865465735, 1.000000000000000000),
 ( 1.000000000000000000, 0.7071067811865475727, 1.000000000000000000),
 ( 1.000000000000000000, 0.7071067811865475727, 1.000000000000000000),
 ( 1.000000000000000000, 0.7071067811865465735, 1.000000000000000000),
 ( 1.000000000000000000, 0.7071067811865465735, 1.000000000000000000),
 ( 1.000000000000000000, 0.7071067811865465735, 1.000000000000000000),
 ( 1.000000000000000000, 0.7071067811865465735, 1.000000000000000000),
 ( 1.000000000000000000, 0.7071067811865465735, 1.000000000000000000),
 ( 1.000000000000000000, 0.7071067811865465735, 1.000000000000000000),
 ( 1.000000000000000000, 0.7071067811865484609, 1.000000000000000000),
 ( 1.000000000000000000, 0.7071067811865484609, 1.000000000000000000),
 ( 1.000000000000000000, 0.7071067811865496822, 1.000000000000000000),
 ( 1.000000000000000000, 0.7071067811865496822, 1.000000000000000000),
 ( 1.000000000000000000, 0.7071067811865465735, 1.000000000000000000),
 ( 1.000000000000000000, 0.7071067811865465735, 1.000000000000000000),
 ( 1.000000000000000000, 0.7071067811865465735, 1.000000000000000000),
 ( 1.000000000000000000, 0.7071067811865465735, 1.000000000000000000),
 ( 1.000000000000000000, 0.7071067811865493491, 1.000000000000000000),
 ( 1.000000000000000000, 0.7071067811865493491, 1.000000000000000000),
 ( 1.000000000000000000, 0.7071067811865465735, 1.000000000000000000),
 ( 1.000000000000000000, 0.7071067811865465735, 1.000000000000000000),
 ( 1.000000000000000000, 0.7071067811865465735, 1.000000000000000000),
 ( 1.000000000000000000, 0.7071067811865465735, 1.000000000000000000),
 ( 1.000000000000000000, 0.7071067811865462405, 1.000000000000000000),
 ( 1.000000000000000000, 0.7071067811865462405, 1.000000000000000000),
 ( 1.000000000000000000, 0.7071067811865484609, 1.000000000000000000),
 ( 1.000000000000000000, 0.7071067811865484609, 1.000000000000000000),
 ( 1.000000000000000000, 0.7071067811865465735, 1.000000000000000000),
 ( 1.000000000000000000, 0.7071067811865465735, 1.000000000000000000),
 ( 1.000000000000000000, 0.7071067811865465735, 1.000000000000000000),
 ( 1.000000000000000000, 0.7071067811865465735, 1.000000000000000000),
 ( 1.000000000000000000, 0.7071067811865465735, 1.000000000000000000),
 ( 1.000000000000000000, 0.7071067811865465735, 1.000000000000000000),
 ( 1.000000000000000000, 0.7071067811865484609, 1.000000000000000000),
 ( 1.000000000000000000, 0.7071067811865484609, 1.000000000000000000),
 ( 1.000000000000000000, 0.7071067811865465735, 1.000000000000000000),
 ( 1.000000000000000000, 0.7071067811865465735, 1.000000000000000000),
 ( 1.000000000000000000, 0.7071067811865465735, 1.000000000000000000),
 ( 1.000000000000000000, 0.7071067811865465735, 1.000000000000000000),
 ( 1.000000000000000000, 0.7071067811865481278, 1.000000000000000000),
 ( 1.000000000000000000, 0.7071067811865481278, 1.000000000000000000),
 ( 1.000000000000000000, 0.7071067811865484609, 1.000000000000000000),
 ( 1.000000000000000000, 0.7071067811865484609, 1.000000000000000000),
 ( 1.000000000000000000, 0.7071067811865484609, 1.000000000000000000),
 ( 1.000000000000000000, 0.7071067811865484609, 1.000000000000000000),
 ( 1.000000000000000000, 0.7071067811865465735, 1.000000000000000000),
 ( 1.000000000000000000, 0.7071067811865465735, 1.000000000000000000),
 ( 1.000000000000000000, 0.7071067811865469066, 1.000000000000000000),
 ( 1.000000000000000000, 0.7071067811865469066, 1.000000000000000000),
 ( 1.000000000000000000, 0.7071067811865487940, 1.000000000000000000),
 ( 1.000000000000000000, 0.7071067811865487940, 1.000000000000000000),
 ( 1.000000000000000000, 0.7071067811865465735, 1.000000000000000000),
 ( 1.000000000000000000, 0.7071067811865465735, 1.000000000000000000),
 ( 1.000000000000000000, 0.7071067811865465735, 1.000000000000000000),
 ( 1.000000000000000000, 0.7071067811865465735, 1.000000000000000000),
 ( 1.000000000000000000, 0.7071067811865465735, 1.000000000000000000),
 ( 1.000000000000000000, 0.7071067811865465735, 1.000000000000000000),
 ( 1.000000000000000000, 0.7071067811865465735, 1.000000000000000000),
 ( 1.000000000000000000, 0.7071067811865465735, 1.000000000000000000),
 ( 1.000000000000000000, 0.7071067811865463515, 1.000000000000000000),
 ( 1.000000000000000000, 0.7071067811865463515, 1.000000000000000000),
 ( 1.000000000000000000, 0.7071067811865465735, 1.000000000000000000),
 ( 1.000000000000000000, 0.7071067811865465735, 1.000000000000000000),
 ( 1.000000000000000000, 0.7071067811865465735, 1.000000000000000000),
 ( 1.000000000000000000, 0.7071067811865465735, 1.000000000000000000),
 ( 1.000000000000000000, 0.7071067811865462405, 1.000000000000000000),
 ( 1.000000000000000000, 0.7071067811865462405, 1.000000000000000000),
 ( 1.000000000000000000, 0.7071067811865465735, 1.000000000000000000),
 ( 1.000000000000000000, 0.7071067811865465735, 1.000000000000000000),
 ( 1.000000000000000000, 0.7071067811865465735, 1.000000000000000000),
 ( 1.000000000000000000, 0.7071067811865465735, 1.000000000000000000),
 ( 1.000000000000000000, 0.7071067811865465735, 1.000000000000000000),
 ( 1.000000000000000000, 0.7071067811865465735, 1.000000000000000000),
 ( 1.000000000000000000, 0.7071067811865462405, 1.000000000000000000),
 ( 1.000000000000000000, 0.7071067811865462405, 1.000000000000000000),
 ( 1.000000000000000000, 0.7071067811865465735, 1.000000000000000000),
 ( 1.000000000000000000, 0.7071067811865465735, 1.000000000000000000),
 ( 1.000000000000000000, 0.7071067811865465735, 1.000000000000000000),
 ( 1.000000000000000000, 0.7071067811865465735, 1.000000000000000000) ) ) 
 REPRESENTATION_ITEM ( '' )  SURFACE ( )  );
#4286 = CARTESIAN_POINT ( 'NONE',  ( -15.30083033573639462, 4.329411497537701159, 25.46945011273674453 ) ) ;
#4287 = SURFACE_STYLE_USAGE ( .BOTH. , #394 ) ;
#4288 = CARTESIAN_POINT ( 'NONE',  ( -15.07412372850288484, 3.901801115900286998, 25.59863010509860359 ) ) ;
#4289 = CARTESIAN_POINT ( 'NONE',  ( -15.10396902310822398, 4.493906152129696352, 25.59217126799002529 ) ) ;
#4290 = CARTESIAN_POINT ( 'NONE',  ( -15.04136205888854683, 3.899999999999999023, 25.60037349240651849 ) ) ;
#4291 = CARTESIAN_POINT ( 'NONE',  ( -15.15854439333357995, 4.466794603301112332, 25.48704311527801991 ) ) ;
#4292 = CARTESIAN_POINT ( 'NONE',  ( -15.05943136700305729, 3.900416352577914747, 25.58893950771441794 ) ) ;
#4293 = CARTESIAN_POINT ( 'NONE',  ( -11.84208586534330720, 3.899999999999998135, 28.45566876138857992 ) ) ;
#4294 = CARTESIAN_POINT ( 'NONE',  ( -15.09600026801921224, 3.903978583716104289, 25.58583558693612403 ) ) ;
#4295 = CARTESIAN_POINT ( 'NONE',  ( -15.06550714490270693, 4.496779062923534021, 25.56263529123531697 ) ) ;
#4296 = CARTESIAN_POINT ( 'NONE',  ( -15.16435385328060548, 4.378528164536335865, 25.41093823514152206 ) ) ;
#4297 = CARTESIAN_POINT ( 'NONE',  ( -15.24285169148675401, 3.990334447522922101, 25.45963657029675176 ) ) ;
#4298 = CARTESIAN_POINT ( 'NONE',  ( -15.15630724730997159, 3.918259289379118382, 25.53084105974332374 ) ) ;
#4299 = CARTESIAN_POINT ( 'NONE',  ( -15.29580768798659918, 4.077142942028980421, 25.44485309549317265 ) ) ;
#4300 = CARTESIAN_POINT ( 'NONE',  ( -15.21902684784203608, 3.950895477109491960, 25.48186394039971248 ) ) ;
#4301 = CARTESIAN_POINT ( 'NONE',  ( -15.07412372850288484, 3.901801115900286998, 25.59863010509860359 ) ) ;
#4302 = CARTESIAN_POINT ( 'NONE',  ( -15.28105765976063246, 4.320270432756788459, 25.57655888125165333 ) ) ;
#4303 = CARTESIAN_POINT ( 'NONE',  ( -15.13858930290604476, 4.484665459366340201, 25.52467920110219879 ) ) ;
#4304 = CARTESIAN_POINT ( 'NONE',  ( -9.240570092417092596, 3.899999999999997691, 29.50486647385043426 ) ) ;
#4305 = CARTESIAN_POINT ( 'NONE',  ( -15.04981622040919653, 3.900089933083465521, 25.59754925696349304 ) ) ;
#4306 = CARTESIAN_POINT ( 'NONE',  ( -15.21174827902177107, 4.442382714760477747, 25.46670220766817749 ) ) ;
#4307 = CARTESIAN_POINT ( 'NONE',  ( -15.14299259057112046, 3.912440312128277586, 25.54744018321207832 ) ) ;
#4308 = CARTESIAN_POINT ( 'NONE',  ( -15.23721883176076908, 4.053443793681267948, 25.41272567616136868 ) ) ;
#4309 = CARTESIAN_POINT ( 'NONE',  ( -15.21179081143187872, 4.099999999998171774, 25.39772169058696605 ) ) ;
#4310 = CARTESIAN_POINT ( 'NONE',  ( -15.05242838180588905, 4.499816182157360345, 25.59947965974221518 ) ) ;
#4311 = CARTESIAN_POINT ( 'NONE',  ( -15.11836924905181334, 4.490655919804024343, 25.54055420926379938 ) ) ;
#4312 = LINE ( 'NONE', #1812, #3774 ) ;
#4313 = CARTESIAN_POINT ( 'NONE',  ( -15.20473642235364586, 4.459045428883925410, 25.48791055489609292 ) ) ;
#4314 = CARTESIAN_POINT ( 'NONE',  ( -15.04136205888854683, 4.499999999999999112, 25.60037349240651849 ) ) ;
#4315 = CARTESIAN_POINT ( 'NONE',  ( -5.900018103691999194, 4.495895054800055135, 31.22112073043182079 ) ) ;
#4316 = CARTESIAN_POINT ( 'NONE',  ( -15.17675194828510321, 3.930467986135449898, 25.57901047130789607 ) ) ;
#4317 = CARTESIAN_POINT ( 'NONE',  ( -15.18527246117488616, 3.934218729639894274, 25.57480112212818213 ) ) ;
#4318 = CARTESIAN_POINT ( 'NONE',  ( -15.05154345227179213, 3.900662092693249150, 25.58326820491200948 ) ) ;
#4319 = EDGE_LOOP ( 'NONE', ( #3814, #84, #4436, #4737, #1778, #817, #1298, #1267 ) ) ;
#4320 = CARTESIAN_POINT ( 'NONE',  ( -15.20992659396701185, 4.327339561649139021, 25.40035861090980873 ) ) ;
#4321 = CARTESIAN_POINT ( 'NONE',  ( -5.900018103692000082, 4.486596321624885420, 23.91542717087747860 ) ) ;
#4322 = CARTESIAN_POINT ( 'NONE',  ( -15.08522378596541458, 4.493344569555170587, 25.54643256453683620 ) ) ;
#4323 = CARTESIAN_POINT ( 'NONE',  ( -15.04136205888854683, 3.899999999999999023, 25.60037349240651849 ) ) ;
#4324 = CARTESIAN_POINT ( 'NONE',  ( -15.18807582849457916, 4.471347493048187793, 25.52939559096654776 ) ) ;
#4325 = CARTESIAN_POINT ( 'NONE',  ( -15.06531269666240114, 3.900914561448507456, 25.59870100241039026 ) ) ;
#4326 = CARTESIAN_POINT ( 'NONE',  ( -10.45154589414875446, 4.299999999999999822, 30.61315444436684174 ) ) ;
#4327 = CARTESIAN_POINT ( 'NONE',  ( -15.09006365830824237, 3.902921715380539336, 25.57568259553594814 ) ) ;
#4328 = DIRECTION ( 'NONE',  ( 0.000000000000000000, 0.000000000000000000, -1.000000000000000000 ) ) ;
#4329 = CARTESIAN_POINT ( 'NONE',  ( -15.06810370556416601, 4.496678886587488932, 25.56196764421552103 ) ) ;
#4330 = CARTESIAN_POINT ( 'NONE',  ( -15.24415557288483569, 3.977939245032959370, 25.47704905466702741 ) ) ;
#4331 = CARTESIAN_POINT ( 'NONE',  ( -15.16476013808095047, 3.920078875583006273, 25.54581312539986371 ) ) ;
#4332 = CARTESIAN_POINT ( 'NONE',  ( -15.22843884006069004, 3.950397431002751425, 25.50674028129115456 ) ) ;
#4333 = CARTESIAN_POINT ( 'NONE',  ( -15.07212036840426350, 3.901304569558737168, 25.59382436950334849 ) ) ;
#4334 = CARTESIAN_POINT ( 'NONE',  ( -15.28126529904124098, 4.079880820481479375, 25.57611255736657085 ) ) ;
#4335 = CARTESIAN_POINT ( 'NONE',  ( -5.736465326730704639, 4.499999999999999112, 23.78924453012710671 ) ) ;
#4336 = CARTESIAN_POINT ( 'NONE',  ( -15.17072862274293854, 4.476758266273156650, 25.55689587140247809 ) ) ;
#4337 = CARTESIAN_POINT ( 'NONE',  ( -14.78888696524320245, 3.899999999999999467, 25.62310232789719677 ) ) ;
#4338 = CARTESIAN_POINT ( 'NONE',  ( -5.747503804884530609, 3.899999999999999467, 31.27981942555901185 ) ) ;
#4339 = CARTESIAN_POINT ( 'NONE',  ( -15.23094609297614177, 4.446599451554270388, 25.50197145986235370 ) ) ;
#4340 = CARTESIAN_POINT ( 'NONE',  ( -15.10511892021385272, 3.920617712802028088, 25.50742502392271049 ) ) ;
#4341 = ADVANCED_FACE ( 'NONE', ( #5652 ), #3885, .T. ) ;
#4342 = CARTESIAN_POINT ( 'NONE',  ( -15.27548970420827068, 4.050972785688633948, 25.43701560435215470 ) ) ;
#4343 = CARTESIAN_POINT ( 'NONE',  ( -15.09854547142728087, 3.905283122679154229, 25.55709373637291293 ) ) ;
#4344 = CARTESIAN_POINT ( 'NONE',  ( -15.16983213798834917, 4.094761763715718317, 25.39487288670075316 ) ) ;
#4345 = CARTESIAN_POINT ( 'NONE',  ( -15.06145275316122145, 4.499378897470392324, 25.58500927037610140 ) ) ;
#4346 = CARTESIAN_POINT ( 'NONE',  ( -15.10540613470974058, 4.485760374592102195, 25.52203732594764674 ) ) ;
#4347 = CARTESIAN_POINT ( 'NONE',  ( -8.911359171321802108, 4.099999999999999645, 29.81105200409778888 ) ) ;
#4348 = CARTESIAN_POINT ( 'NONE',  ( -15.23178214424599730, 4.099999999999999645, 25.67305177823145357 ) ) ;
#4349 = CARTESIAN_POINT ( 'NONE',  ( -15.21852210928791571, 4.454843257515814337, 25.53455407447994219 ) ) ;
#4350 = CARTESIAN_POINT ( 'NONE',  ( -15.04341130680148986, 4.499995515815506053, 25.59907933089200682 ) ) ;
#4351 = CARTESIAN_POINT ( 'NONE',  ( -15.29555321954620339, 4.099999999999999645, 25.54125181759188479 ) ) ;
#4352 = CARTESIAN_POINT ( 'NONE',  ( -15.12975174763853659, 3.925078231581264898, 25.49892173149953578 ) ) ;
#4353 = CARTESIAN_POINT ( 'NONE',  ( -15.13278816335281185, 3.927246717087771177, 25.49518412337035045 ) ) ;
#4354 = CARTESIAN_POINT ( 'NONE',  ( -15.08410449235808493, 3.911737867364662335, 25.52955612747130587 ) ) ;
#4355 = CARTESIAN_POINT ( 'NONE',  ( -15.19353570521508701, 4.321180945612537627, 25.39747958772893099 ) ) ;
#4356 = CARTESIAN_POINT ( 'NONE',  ( -5.900018103691999194, 4.500000000000000000, 24.04854385460160771 ) ) ;
#4357 = CARTESIAN_POINT ( 'NONE',  ( -15.07718593610920088, 4.491259980058689649, 25.53905380290898464 ) ) ;
#4358 = CARTESIAN_POINT ( 'NONE',  ( -15.12602431707390949, 4.443722168263288808, 25.45592580321393683 ) ) ;
#4359 = CARTESIAN_POINT ( 'NONE',  ( -13.29260493373137564, 3.899999999999999023, 27.37730708592608764 ) ) ;
#4360 = CARTESIAN_POINT ( 'NONE',  ( -15.07005619534995944, 3.904607024465005960, 25.55538302281184215 ) ) ;
#4361 = DIRECTION ( 'NONE',  ( 1.000000000000000000, 0.000000000000000000, -1.411534255948957470E-16 ) ) ;
#4362 = CARTESIAN_POINT ( 'NONE',  ( -15.06249632485973677, 4.497545994469470898, 25.56736291994364407 ) ) ;
#4363 = CARTESIAN_POINT ( 'NONE',  ( -15.22926904734034004, 3.979631650820937949, 25.45726612119482724 ) ) ;
#4364 = DIMENSIONAL_EXPONENTS ( 1.000000000000000000, 0.000000000000000000, 0.000000000000000000, 0.000000000000000000, 0.000000000000000000, 0.000000000000000000, 0.000000000000000000 ) ;
#4365 = CARTESIAN_POINT ( 'NONE',  ( -15.10502095862625183, 4.500000000000001776, 25.48040537914622305 ) ) ;
#4366 = CARTESIAN_POINT ( 'NONE',  ( -15.16652217798543489, 3.964157161463855772, 25.44764450291949487 ) ) ;
#4367 = CARTESIAN_POINT ( 'NONE',  ( -15.06291516570477285, 3.900977460397348384, 25.57995011320316436 ) ) ;
#4368 = CARTESIAN_POINT ( 'NONE',  ( -15.19043400820755529, 3.941863651074618335, 25.58843202496617053 ) ) ;
#4369 = CARTESIAN_POINT ( 'NONE',  ( -15.14920218572096466, 4.480980965014171424, 25.51972495045947298 ) ) ;
#4370 = CARTESIAN_POINT ( 'NONE',  ( -14.93315750515415097, 3.900000000000563904, 25.40882216221794820 ) ) ;
#4371 = CARTESIAN_POINT ( 'NONE',  ( -15.23579640868351603, 4.441135568347668539, 25.49939423287872486 ) ) ;
#4372 = CARTESIAN_POINT ( 'NONE',  ( -15.16000865575514922, 3.922668401438019092, 25.58169977990740307 ) ) ;
#4373 = CARTESIAN_POINT ( 'NONE',  ( -15.18086477563750414, 4.048662321861487889, 25.40273817913922727 ) ) ;
#4374 = CARTESIAN_POINT ( 'NONE',  ( -15.11714629454867875, 3.908124096397066705, 25.58319927601006682 ) ) ;
#4375 = CARTESIAN_POINT ( 'NONE',  ( -15.30712983774863645, 4.094865713743542912, 25.48356920749083088 ) ) ;
#4376 = CARTESIAN_POINT ( 'NONE',  ( -15.15269452351652468, 4.479924123632566868, 25.58437336908233206 ) ) ;
#4377 = CARTESIAN_POINT ( 'NONE',  ( -5.875252871612923755, 4.500000000000000000, 23.63136303384090198 ) ) ;
#4378 = CARTESIAN_POINT ( 'NONE',  ( -15.24551404417898759, 4.099999999999999645, 25.64928959452851487 ) ) ;
#4379 = CARTESIAN_POINT ( 'NONE',  ( -15.23377142132502016, 4.420922989126874647, 25.58444972939151896 ) ) ;
#4380 = CARTESIAN_POINT ( 'NONE',  ( -15.04233557139176902, 4.499999999999999112, 25.59966246479388374 ) ) ;
#4381 = CARTESIAN_POINT ( 'NONE',  ( -15.12875634509133072, 3.924369221645696015, 25.50016197406653617 ) ) ;
#4382 = PRESENTATION_LAYER_ASSIGNMENT (  '', '', ( #5106 ) ) ;
#4383 = CARTESIAN_POINT ( 'NONE',  ( -15.15370452320565420, 3.921427085331016915, 25.51453220550559209 ) ) ;
#4384 = CARTESIAN_POINT ( 'NONE',  ( -15.14725429680284918, 4.002506582581317751, 25.42000290483260017 ) ) ;
#4385 = CARTESIAN_POINT ( 'NONE',  ( -15.27479184513518540, 4.310971530190890633, 25.41775498261511856 ) ) ;
#4386 = CARTESIAN_POINT ( 'NONE',  ( -15.11815343278830426, 4.490709302677797332, 25.59019501666527674 ) ) ;
#4387 = CARTESIAN_POINT ( 'NONE',  ( -10.56073711121560343, 4.100000000000000533, 25.82620953117023888 ) ) ;
#4388 = CARTESIAN_POINT ( 'NONE',  ( -15.14505315819324416, 4.465009989816222102, 25.48261063821694705 ) ) ;
#4389 = CARTESIAN_POINT ( 'NONE',  ( -14.95955361581359355, 3.900000000000000799, 25.71758248920703949 ) ) ;
#4390 = CARTESIAN_POINT ( 'NONE',  ( -5.906428233545022444, 3.899999999999999911, 23.68377461561241759 ) ) ;
#4391 = CARTESIAN_POINT ( 'NONE',  ( -15.16384842057095206, 4.099999999998171774, 25.39476484763619268 ) ) ;
#4392 = CARTESIAN_POINT ( 'NONE',  ( -15.06157727932561663, 4.497304225982567516, 25.56592700873254387 ) ) ;
#4393 = CARTESIAN_POINT ( 'NONE',  ( -15.26322735270006881, 4.020947717207036476, 25.57916446349507211 ) ) ;
#4394 = CARTESIAN_POINT ( 'NONE',  ( -15.25911858314936964, 4.300000000000000711, 25.62446252978638839 ) ) ;
#4395 = CARTESIAN_POINT ( 'NONE',  ( -15.21077716777754851, 3.952698488157454282, 25.47151954938274088 ) ) ;
#4396 = CARTESIAN_POINT ( 'NONE',  ( -15.06830059105108255, 3.900897978847688741, 25.59113297604397985 ) ) ;
#4397 = CARTESIAN_POINT ( 'NONE',  ( -15.13232661437268511, 4.473982611346753124, 25.49740907797179901 ) ) ;
#4398 = CARTESIAN_POINT ( 'NONE',  ( -14.76882929627485197, 4.099999999998493294, 25.42410533352200375 ) ) ;
#4399 = CARTESIAN_POINT ( 'NONE',  ( -15.19763119336707469, 4.425265660853032301, 25.44457387705407214 ) ) ;
#4400 = CARTESIAN_POINT ( 'NONE',  ( -15.10065577645383961, 3.925961587396309405, 25.49755533539722663 ) ) ;
#4401 = CARTESIAN_POINT ( 'NONE',  ( -15.19396821502380668, 4.022977451651622793, 25.41444081881434158 ) ) ;
#4402 = CARTESIAN_POINT ( 'NONE',  ( -15.10583602968637429, 3.905256398863903744, 25.56914354650571397 ) ) ;
#4403 = CARTESIAN_POINT ( 'NONE',  ( -15.11765146090928269, 4.486379176839598415, 25.52430510935328911 ) ) ;
#4404 = CARTESIAN_POINT ( 'NONE',  ( -5.892676686173451195, 4.500000000000000000, 23.66066795448879390 ) ) ;
#4405 = CARTESIAN_POINT ( 'NONE',  ( -15.25009337815735577, 4.099999999999999645, 25.64114220423393320 ) ) ;
#4406 = CARTESIAN_POINT ( 'NONE',  ( -15.23866565391180217, 4.426502263787177149, 25.56357009231296828 ) ) ;
#4407 = CARTESIAN_POINT ( 'NONE',  ( -15.18951953113685427, 3.937428950601533195, 25.57694381476041556 ) ) ;
#4408 = CARTESIAN_POINT ( 'NONE',  ( -15.15120293915492056, 4.014455504571904143, 25.41386386884264326 ) ) ;
#4409 = CARTESIAN_POINT ( 'NONE',  ( -15.09559648366406392, 3.906794552100657736, 25.54721831833390766 ) ) ;
#4410 = VERTEX_POINT ( 'NONE', #4118 ) ;
#4411 = CARTESIAN_POINT ( 'NONE',  ( -15.29968202608539229, 4.305239932555974036, 25.44323378518755874 ) ) ;
#4412 = CARTESIAN_POINT ( 'NONE',  ( -15.11536022413198133, 4.490542710379451741, 25.59626408604367143 ) ) ;
#4413 = CARTESIAN_POINT ( 'NONE',  ( -15.21132184504285512, 4.453145714715725845, 25.56000137186374843 ) ) ;
#4414 = CARTESIAN_POINT ( 'NONE',  ( -5.703345429749854922, 3.899999999999999467, 23.73357766803022528 ) ) ;
#4415 = CARTESIAN_POINT ( 'NONE',  ( -15.07869955563604414, 4.498271232015331300, 25.57880623478477844 ) ) ;
#4416 = CARTESIAN_POINT ( 'NONE',  ( -15.04466384555843206, 3.900035166167341139, 25.59633278989083749 ) ) ;
#4417 = CARTESIAN_POINT ( 'NONE',  ( -15.15555011774969074, 4.012259259030344083, 25.41484740638393447 ) ) ;
#4418 = CARTESIAN_POINT ( 'NONE',  ( -15.10367821623564133, 4.499999999999997335, 25.48426205590140370 ) ) ;
#4419 = CARTESIAN_POINT ( 'NONE',  ( -15.11471970031163892, 3.909156612314417689, 25.59547440057311007 ) ) ;
#4420 = CARTESIAN_POINT ( 'NONE',  ( -15.23464491487975891, 3.956798792207684823, 25.52647060465247364 ) ) ;
#4421 = CARTESIAN_POINT ( 'NONE',  ( -15.06615683590601762, 3.900729204064919742, 25.58883401204733588 ) ) ;
#4422 = CARTESIAN_POINT ( 'NONE',  ( -15.15713881311870992, 4.481670143801159689, 25.53193807746351496 ) ) ;
#4423 = CARTESIAN_POINT ( 'NONE',  ( -12.82556570025029252, 4.099999999999999645, 25.64039470372228280 ) ) ;
#4424 = CARTESIAN_POINT ( 'NONE',  ( -15.19981464617633016, 4.429225849539188964, 25.44845198361656102 ) ) ;
#4425 = CARTESIAN_POINT ( 'NONE',  ( -15.11896532046320907, 3.909197796161100857, 25.54138265798496477 ) ) ;
#4426 = CARTESIAN_POINT ( 'NONE',  ( -15.26912296534182722, 4.033742566888363079, 25.57821077376617325 ) ) ;
#4427 = CARTESIAN_POINT ( 'NONE',  ( -6.780850880067575304, 4.500000000000000000, 30.78539150215263831 ) ) ;
#4428 = CARTESIAN_POINT ( 'NONE',  ( -14.33542298091230016, 4.300000000004518874, 25.47014792589048682 ) ) ;
#4429 = CARTESIAN_POINT ( 'NONE',  ( -15.10246197954782765, 4.477884728268380243, 25.50457133998555292 ) ) ;
#4430 = CARTESIAN_POINT ( 'NONE',  ( -8.133400854116612066, 4.099999999999999645, 30.08455128537939416 ) ) ;
#4431 = CARTESIAN_POINT ( 'NONE',  ( -15.26390335974853762, 3.900000000000209965, 25.61529668403829874 ) ) ;
#4432 = CARTESIAN_POINT ( 'NONE',  ( -15.15952485733643407, 4.426278336818665338, 25.43950079498668515 ) ) ;
#4433 = CARTESIAN_POINT ( 'NONE',  ( -15.10624347445892113, 3.899999999999999467, 25.47671102099173268 ) ) ;
#4434 = CARTESIAN_POINT ( 'NONE',  ( -15.13688155287874793, 3.917338758265854537, 25.51776210382389110 ) ) ;
#4435 = CARTESIAN_POINT ( 'NONE',  ( -15.15951482100237158, 4.042741615652202469, 25.40104385259214226 ) ) ;
#4436 = ORIENTED_EDGE ( 'NONE', *, *, #2816, .T. ) ;
#4437 = CARTESIAN_POINT ( 'NONE',  ( -15.30532839984617333, 4.305243595951147029, 25.50211555581168099 ) ) ;
#4438 = CARTESIAN_POINT ( 'NONE',  ( -15.09584375831187941, 4.493320702991429272, 25.54787035673554385 ) ) ;
#4439 = CARTESIAN_POINT ( 'NONE',  ( -7.872244195080879692, 4.099999999999999645, 25.48952706679047253 ) ) ;
#4440 = CARTESIAN_POINT ( 'NONE',  ( -15.18653102128363130, 4.471618905298435642, 25.51819161739805963 ) ) ;
#4441 = B_SPLINE_CURVE_WITH_KNOTS ( 'NONE', 3,
 ( #3266, #790, #2813, #5680, #4283, #3294, #1243, #854, #823, #6257, #3810, #5197, #5769, #4711, #884, #5260, #2781, #1363, #354, #3326, #6292, #2363, #2297, #5649, #1272, #2845, #4810, #3687, #4253, #1752, #2718, #4678, #3721, #2475, #5325, #2423, #976, #3932, #5893, #22, #919, #1517, #2001, #4962, #4874, #1946 ),
 .UNSPECIFIED., .F., .F.,
 ( 4, 2, 2, 2, 2, 2, 2, 2, 2, 2, 2, 2, 2, 2, 2, 2, 2, 2, 2, 2, 2, 2, 4 ),
 ( 0.000000000000000000, 0.003912013989351974252, 0.007824027978703948505, 0.01564805595740806354, 0.03129611191481646015, 0.06259222382963321174, 0.07824027978704167774, 0.09388833574445012986, 0.1095363917018585820, 0.1173604196805628913, 0.1251844476592672006, 0.1408325036166758193, 0.1564805595740844379, 0.1643045875527887334, 0.1682166015421409089, 0.1721286155314930844, 0.1877766714889019806, 0.2034247274463108768, 0.2073367414356631633, 0.2112487554250154775, 0.2190727834037200228, 0.2347208393611291688, 0.2503688953185383426 ),
 .UNSPECIFIED. ) ;
#4442 = CARTESIAN_POINT ( 'NONE',  ( -6.006956594536845273, 3.899999999999241851, 23.84690766991173660 ) ) ;
#4443 = CARTESIAN_POINT ( 'NONE',  ( -15.08361636261144056, 4.497801551788781715, 25.57713862531882043 ) ) ;
#4444 = CARTESIAN_POINT ( 'NONE',  ( -5.870472373144160372, 4.099999999999999645, 31.43754935683493912 ) ) ;
#4445 = CARTESIAN_POINT ( 'NONE',  ( -15.05124258214896216, 3.900160401864178894, 25.59988912024547147 ) ) ;
#4446 = CARTESIAN_POINT ( 'NONE',  ( -15.10615511335993943, 4.499999999999999112, 25.47698564080240047 ) ) ;
#4447 = CARTESIAN_POINT ( 'NONE',  ( -15.11397916627596416, 3.908745916363708162, 25.59414919169682179 ) ) ;
#4448 = CARTESIAN_POINT ( 'NONE',  ( -15.21160933487676026, 3.940956454942094567, 25.49684723656674024 ) ) ;
#4449 = CARTESIAN_POINT ( 'NONE',  ( -15.06799051394261291, 3.900892054165321809, 25.59186038959477116 ) ) ;
#4450 = CARTESIAN_POINT ( 'NONE',  ( -15.06518934704806334, 4.499317054665236348, 25.59117017187907805 ) ) ;
#4451 = CARTESIAN_POINT ( 'NONE',  ( -15.13920209856748755, 4.477501840190132754, 25.50606570284268670 ) ) ;
#4452 = CARTESIAN_POINT ( 'NONE',  ( -15.20090358313415457, 4.099999999999999645, 25.39672123641179269 ) ) ;
#4453 = CARTESIAN_POINT ( 'NONE',  ( -15.24395169753729462, 4.433490191147908988, 25.51018686048993089 ) ) ;
#4454 = CARTESIAN_POINT ( 'NONE',  ( -15.14174282418997919, 3.912659501614582425, 25.56316450363404869 ) ) ;
#4455 = CARTESIAN_POINT ( 'NONE',  ( -15.24644054295185214, 4.010656944912356359, 25.44415059304797211 ) ) ;
#4456 = CARTESIAN_POINT ( 'NONE',  ( -9.295946603146905574, 4.500000000000823341, 29.69704931530027991 ) ) ;
#4457 = CARTESIAN_POINT ( 'NONE',  ( -14.76950814149575564, 4.300000000000752998, 25.42403683091070832 ) ) ;
#4458 = CARTESIAN_POINT ( 'NONE',  ( -15.13730306056213770, 4.488993206997299090, 25.55448627274356355 ) ) ;
#4459 = CARTESIAN_POINT ( 'NONE',  ( -5.710313331335786557, 4.499999999999999112, 23.74529690450057728 ) ) ;
#4460 = CARTESIAN_POINT ( 'NONE',  ( -15.28788227210831785, 4.099999999999916156, 25.56269630877971011 ) ) ;
#4461 = CARTESIAN_POINT ( 'NONE',  ( -15.05963933180454717, 3.900453986637250736, 25.59659173817739486 ) ) ;
#4462 = CARTESIAN_POINT ( 'NONE',  ( -15.17727059278336910, 4.435986869361686402, 25.44864967548974732 ) ) ;
#4463 = CARTESIAN_POINT ( 'NONE',  ( -15.13525374740640395, 3.920936978443012588, 25.50852144640877839 ) ) ;
#4464 = CARTESIAN_POINT ( 'NONE',  ( -15.14880570424925388, 4.006922116092215269, 25.41757955294575666 ) ) ;
#4465 = EDGE_LOOP ( 'NONE', ( #4158, #2647, #3990 ) ) ;
#4466 = CARTESIAN_POINT ( 'NONE',  ( -15.07474520432450404, 3.901954625017608702, 25.57221500198424025 ) ) ;
#4467 = CARTESIAN_POINT ( 'NONE',  ( -15.21272549122869044, 4.305233704784209081, 25.39783992485850561 ) ) ;
#4468 = CARTESIAN_POINT ( 'NONE',  ( -15.10540634906037738, 4.494566932877463117, 25.56306467790074421 ) ) ;
#4469 = CARTESIAN_POINT ( 'NONE',  ( -7.226176014784204682, 4.100000000000002309, 25.13901260518774450 ) ) ;
#4470 = CARTESIAN_POINT ( 'NONE',  ( -15.16655349736948644, 4.462129979210567754, 25.47965130365018638 ) ) ;
#4471 = CARTESIAN_POINT ( 'NONE',  ( -15.21676270642774043, 3.960097893527574797, 25.58202503148675433 ) ) ;
#4472 = CARTESIAN_POINT ( 'NONE',  ( -8.673875472758474814, 4.100000000001505107, 25.72097238169597588 ) ) ;
#4473 = CARTESIAN_POINT ( 'NONE',  ( -15.07337553380462580, 4.495587581373157171, 25.55618074883492952 ) ) ;
#4474 = CARTESIAN_POINT ( 'NONE',  ( -5.905186319716476007, 4.099999999999999645, 31.41048585484702471 ) ) ;
#4475 = CARTESIAN_POINT ( 'NONE',  ( -15.04839220057533389, 3.900079915847700640, 25.60003177465065605 ) ) ;
#4476 = CARTESIAN_POINT ( 'NONE',  ( -15.07505558092548092, 4.500000000000001776, 25.54436184831240908 ) ) ;
#4477 = CARTESIAN_POINT ( 'NONE',  ( -15.09650986962845387, 3.904324541057666131, 25.56415324396052569 ) ) ;
#4478 = CARTESIAN_POINT ( 'NONE',  ( -15.21726407178907436, 3.942340237930098024, 25.50792027702272335 ) ) ;
#4479 = CARTESIAN_POINT ( 'NONE',  ( -15.07142090822335945, 3.901372676596359668, 25.59645090809251755 ) ) ;
#4480 = CARTESIAN_POINT ( 'NONE',  ( -15.05667274841130165, 4.499567588732174883, 25.58699598089696892 ) ) ;
#4481 = CARTESIAN_POINT ( 'NONE',  ( -15.18597096918301226, 4.467344826691838300, 25.56725920390008611 ) ) ;
#4482 = CARTESIAN_POINT ( 'NONE',  ( -15.08623303266355542, 3.899999999999999467, 25.59707089945863601 ) ) ;
#4483 = CARTESIAN_POINT ( 'NONE',  ( -15.17849430517016884, 4.418012699272647836, 25.43461590052809029 ) ) ;
#4484 = CARTESIAN_POINT ( 'NONE',  ( -15.11661648960779836, 3.911031558560691401, 25.53261204533536244 ) ) ;
#4485 = CARTESIAN_POINT ( 'NONE',  ( -15.25754650231961840, 4.016509383362315333, 25.44935007717864650 ) ) ;
#4486 = EDGE_CURVE ( 'NONE', #5990, #5736, #3979, .T. ) ;
#4487 = CARTESIAN_POINT ( 'NONE',  ( -15.22829631483012491, 3.962422232799829747, 25.47568472145903939 ) ) ;
#4488 = CARTESIAN_POINT ( 'NONE',  ( -15.07417026589312137, 3.901592247891574328, 25.57614335941141093 ) ) ;
#4489 = CARTESIAN_POINT ( 'NONE',  ( -9.979885916572174054, 4.500000000016370905, 29.50044620842677290 ) ) ;
#4490 = CARTESIAN_POINT ( 'NONE',  ( -13.49488022486954364, 4.499999999999999112, 25.76740709802106721 ) ) ;
#4491 = CARTESIAN_POINT ( 'NONE',  ( -15.12151561033604175, 4.487883781493386515, 25.52967983220460013 ) ) ;
#4492 = CARTESIAN_POINT ( 'NONE',  ( -15.02586771123699450, 4.499999999999999112, 25.62456606955535321 ) ) ;
#4493 = CARTESIAN_POINT ( 'NONE',  ( -11.43851163203126831, 3.900000000002464162, 28.91340833928434506 ) ) ;
#4494 = CARTESIAN_POINT ( 'NONE',  ( -15.05680843194493690, 3.900385603243834876, 25.59931772323366417 ) ) ;
#4495 = CARTESIAN_POINT ( 'NONE',  ( -15.20677478127099747, 4.452062347920732854, 25.47607727822597568 ) ) ;
#4496 = CARTESIAN_POINT ( 'NONE',  ( -15.16985370992627224, 3.926395855952119707, 25.57747344530238109 ) ) ;
#4497 = CARTESIAN_POINT ( 'NONE',  ( -15.06249713515255273, 3.902928115013471366, 25.56453449253124788 ) ) ;
#4498 = CARTESIAN_POINT ( 'NONE',  ( -15.15485111163721221, 4.499999999999998224, 25.59461468065626022 ) ) ;
#4499 = ORIENTED_EDGE ( 'NONE', *, *, #6357, .T. ) ;
#4500 = CARTESIAN_POINT ( 'NONE',  ( -15.07473928446228761, 3.903208494612957491, 25.56266523101711030 ) ) ;
#4501 = CARTESIAN_POINT ( 'NONE',  ( -15.24214085598148216, 4.305235536481784031, 25.40358429379742589 ) ) ;
#4502 = CARTESIAN_POINT ( 'NONE',  ( -12.56057365890402266, 4.299999999999186251, 28.21082392447508980 ) ) ;
#4503 = CARTESIAN_POINT ( 'NONE',  ( -15.10613066168249752, 3.907108043693848565, 25.59619154940909524 ) ) ;
#4504 = CARTESIAN_POINT ( 'NONE',  ( -15.11974120718349468, 4.489848100704350031, 25.59299465458834177 ) ) ;
#4505 = CARTESIAN_POINT ( 'NONE',  ( -15.13752112225953539, 4.449611574421244775, 25.46199924885858934 ) ) ;
#4506 = CARTESIAN_POINT ( 'NONE',  ( -15.17348563892248414, 3.935015073619236858, 25.48584057062024755 ) ) ;
#4507 = CARTESIAN_POINT ( 'NONE',  ( -14.53214032802097755, 4.299999999999999822, 26.50094180293849533 ) ) ;
#4508 = CARTESIAN_POINT ( 'NONE',  ( -7.001193009489856678, 3.900000000000000355, 25.22613875998326449 ) ) ;
#4509 = CARTESIAN_POINT ( 'NONE',  ( -15.06997941794376139, 4.495436160916241874, 25.55558174698170504 ) ) ;
#4510 = CARTESIAN_POINT ( 'NONE',  ( -15.04368486465047283, 3.900005240891132097, 25.59949002655172023 ) ) ;
#4511 = CARTESIAN_POINT ( 'NONE',  ( -14.78547960933089023, 4.500000000000000000, 26.23489405707602273 ) ) ;
#4512 = CARTESIAN_POINT ( 'NONE',  ( -15.10825098745237050, 3.906724263753512005, 25.58946271367037184 ) ) ;
#4513 = CARTESIAN_POINT ( 'NONE',  ( -15.13579832173025608, 3.975428003421393353, 25.43830671752960981 ) ) ;
#4514 = CARTESIAN_POINT ( 'NONE',  ( -15.06260191615884203, 3.900830617041834980, 25.58188291163154560 ) ) ;
#4515 = CARTESIAN_POINT ( 'NONE',  ( -15.05898257089140735, 4.499625154998939891, 25.59079468039687555 ) ) ;
#4516 = CARTESIAN_POINT ( 'NONE',  ( -15.16232909105715798, 4.478467141022769660, 25.52138379994613260 ) ) ;
#4517 = CARTESIAN_POINT ( 'NONE',  ( -15.20004433423778067, 3.899999999999999911, 25.39664218417616226 ) ) ;
#4518 = CARTESIAN_POINT ( 'NONE',  ( -15.21890324575788433, 4.418370563269306217, 25.44867604570062625 ) ) ;
#4519 = CARTESIAN_POINT ( 'NONE',  ( -15.30705525363368302, 3.899999999999999467, 25.47980003696503104 ) ) ;
#4520 = CARTESIAN_POINT ( 'NONE',  ( -15.15361114804693621, 3.921190215997838457, 25.58747319114625185 ) ) ;
#4521 = CARTESIAN_POINT ( 'NONE',  ( -15.26316606186816927, 4.009448451449754813, 25.46533638572378067 ) ) ;
#4522 = CARTESIAN_POINT ( 'NONE',  ( -15.21637594919075376, 3.965157514993621124, 25.46152491559950448 ) ) ;
#4523 = CARTESIAN_POINT ( 'NONE',  ( -15.06858202746265185, 3.902453023676919486, 25.56722934927352853 ) ) ;
#4524 = CARTESIAN_POINT ( 'NONE',  ( -7.368498940695189958, 4.500000000011298518, 30.44024874561966598 ) ) ;
#4525 = CARTESIAN_POINT ( 'NONE',  ( -12.41568215435732192, 4.499999999999998224, 25.88429853030253724 ) ) ;
#4526 = CARTESIAN_POINT ( 'NONE',  ( -15.11829030926364936, 4.479237672930822534, 25.50673289436131697 ) ) ;
#4527 = CARTESIAN_POINT ( 'NONE',  ( -6.829172642035160834, 4.500000000000000888, 30.51941438526782591 ) ) ;
#4528 = CARTESIAN_POINT ( 'NONE',  ( -13.67031770789727929, 4.099999999996734701, 27.31489378002729396 ) ) ;
#4529 = CARTESIAN_POINT ( 'NONE',  ( -15.04950799297937714, 3.900385139511723054, 25.58723728478176085 ) ) ;
#4530 = CARTESIAN_POINT ( 'NONE',  ( -15.19629432486421727, 4.446221137606809037, 25.46330456818223809 ) ) ;
#4531 = EDGE_CURVE ( 'NONE', #3262, #2681, #1380, .T. ) ;
#4532 = CARTESIAN_POINT ( 'NONE',  ( -15.11257758170437171, 3.931754291836991655, 25.48735859400038706 ) ) ;
#4533 = CARTESIAN_POINT ( 'NONE',  ( -15.13045247206170707, 4.436400972803379972, 25.44861735098842104 ) ) ;
#4534 = CARTESIAN_POINT ( 'NONE',  ( -14.92465360220859871, 4.499999999999999112, 25.61041541698825696 ) ) ;
#4535 = VERTEX_POINT ( 'NONE', #650 ) ;
#4536 = CARTESIAN_POINT ( 'NONE',  ( -15.09406209593797676, 3.904435940146942841, 25.59509016543084670 ) ) ;
#4537 = CARTESIAN_POINT ( 'NONE',  ( -15.04614716036096667, 4.499972105967316338, 25.59880034894366929 ) ) ;
#4538 = CARTESIAN_POINT ( 'NONE',  ( -11.32946360454139523, 4.299999999999586819, 28.96848699685441630 ) ) ;
#4539 = CARTESIAN_POINT ( 'NONE',  ( -15.11143583334497187, 4.492142331238163422, 25.54592417569289609 ) ) ;
#4540 = CARTESIAN_POINT ( 'NONE',  ( -15.05865010605132603, 4.099999999999996980, 25.39835519860690383 ) ) ;
#4541 = CARTESIAN_POINT ( 'NONE',  ( -15.21047171277373522, 4.445908913904466964, 25.58087719483985367 ) ) ;
#4542 = CARTESIAN_POINT ( 'NONE',  ( -15.05715940967741240, 4.498620891674873334, 25.57351813094304305 ) ) ;
#4543 = CARTESIAN_POINT ( 'NONE',  ( -15.16250629717651854, 3.931583389782862703, 25.49063570541851220 ) ) ;
#4544 = CARTESIAN_POINT ( 'NONE',  ( -14.89868718953677806, 4.300000000000003375, 26.10755150592915186 ) ) ;
#4545 = CARTESIAN_POINT ( 'NONE',  ( -15.27308082123177080, 4.372763155823916392, 25.56032531799722562 ) ) ;
#4546 = CARTESIAN_POINT ( 'NONE',  ( -7.782880140625048071, 3.899999999995516831, 25.45134217761738071 ) ) ;
#4547 = CARTESIAN_POINT ( 'NONE',  ( -15.08630354005267193, 4.497558726032141685, 25.58162638010148271 ) ) ;
#4548 = CARTESIAN_POINT ( 'NONE',  ( -15.04615510630321218, 3.900028206215182980, 25.59878119158081589 ) ) ;
#4549 = CARTESIAN_POINT ( 'NONE',  ( -15.16690845374503560, 4.060287471430695128, 25.39853906230325009 ) ) ;
#4550 = CARTESIAN_POINT ( 'NONE',  ( -15.05236620208841813, 4.499999999999998224, 25.58305242525745271 ) ) ;
#4551 = CARTESIAN_POINT ( 'NONE',  ( -15.10416300632525655, 3.905915393512620071, 25.59017661523679266 ) ) ;
#4552 = CARTESIAN_POINT ( 'NONE',  ( -15.20776122251903928, 3.943632105733795967, 25.48424440135402236 ) ) ;
#4553 = CARTESIAN_POINT ( 'NONE',  ( -15.05580049477517335, 4.498644203074069203, 25.57582152338770953 ) ) ;
#4554 = CARTESIAN_POINT ( 'NONE',  ( 0.000000000000000000, 0.000000000000000000, 0.000000000000000000 ) ) ;
#4555 = CARTESIAN_POINT ( 'NONE',  ( -15.13871174779565010, 4.463916416770186579, 25.48065546353650035 ) ) ;
#4556 = CARTESIAN_POINT ( 'NONE',  ( -15.05869039079190763, 4.100000000000188827, 25.39848569531255862 ) ) ;
#4557 = CARTESIAN_POINT ( 'NONE',  ( -15.17254248045764520, 4.398134383030113170, 25.42158051322520151 ) ) ;
#4558 = CARTESIAN_POINT ( 'NONE',  ( -15.12025897003152508, 3.907919445920190249, 25.57179936785864172 ) ) ;
#4559 = CARTESIAN_POINT ( 'NONE',  ( -15.21295792523804025, 3.997807272714695159, 25.43398268474708246 ) ) ;
#4560 = CARTESIAN_POINT ( 'NONE',  ( -15.24141172056423166, 3.966164225455188763, 25.49518740190765342 ) ) ;
#4561 = CARTESIAN_POINT ( 'NONE',  ( -9.694968627728368205, 4.499999999999999112, 29.37487159564921058 ) ) ;
#4562 = CARTESIAN_POINT ( 'NONE',  ( -15.11352552566448892, 4.476231390807217991, 25.50095847130425142 ) ) ;
#4563 = CARTESIAN_POINT ( 'NONE',  ( -7.822971614551412323, 4.500000000000000000, 29.99627676172936930 ) ) ;
#4564 = CARTESIAN_POINT ( 'NONE',  ( -11.23973235575067520, 3.899999999999998135, 28.79054462810760029 ) ) ;
#4565 = CARTESIAN_POINT ( 'NONE',  ( -15.05377800592660442, 3.900185603056625983, 25.59432249455841202 ) ) ;
#4566 = CARTESIAN_POINT ( 'NONE',  ( -15.19867416503199209, 4.443503634948823944, 25.46116885717577460 ) ) ;
#4567 = CARTESIAN_POINT ( 'NONE',  ( -15.16866369156160310, 3.923150302469645911, 25.56443399314325049 ) ) ;
#4568 = CARTESIAN_POINT ( 'NONE',  ( -15.10156537942103050, 4.473919023641141912, 25.49714110932275091 ) ) ;
#4569 = CARTESIAN_POINT ( 'NONE',  ( -15.15591180296538454, 4.499999999999903189, 25.39459165764433379 ) ) ;
#4570 = CARTESIAN_POINT ( 'NONE',  ( -15.07126498974444040, 3.904204787569284463, 25.55725025260122152 ) ) ;
#4571 = CARTESIAN_POINT ( 'NONE',  ( -15.04996014562803097, 4.499911542392862174, 25.59546621978352476 ) ) ;
#4572 = CARTESIAN_POINT ( 'NONE',  ( -15.12446131442143837, 4.491420278196872395, 25.56732591415370592 ) ) ;
#4573 = CARTESIAN_POINT ( 'NONE',  ( -14.32673794503884857, 4.099999999999997868, 25.47116639625394185 ) ) ;
#4574 = CARTESIAN_POINT ( 'NONE',  ( -15.22599018469601084, 4.429058930725699561, 25.58551829133583766 ) ) ;
#4575 = CARTESIAN_POINT ( 'NONE',  ( -15.17109329617106006, 3.936129462640594046, 25.48325997888267835 ) ) ;
#4576 = DIRECTION ( 'NONE',  ( 1.000000000000000000, 0.000000000000000000, -1.411534255948957470E-16 ) ) ;
#4577 = CARTESIAN_POINT ( 'NONE',  ( -15.27559999994147510, 4.385533717756536554, 25.51160446951411842 ) ) ;
#4578 = CARTESIAN_POINT ( 'NONE',  ( -7.420773721000696987, 4.099999999998492406, 25.26246302885744655 ) ) ;
#4579 = CARTESIAN_POINT ( 'NONE',  ( -15.09710856521581945, 4.494962098186075394, 25.59528863972421675 ) ) ;
#4580 = CARTESIAN_POINT ( 'NONE',  ( -15.04351027093018978, 3.900004531251402007, 25.59921172905038134 ) ) ;
#4581 = CARTESIAN_POINT ( 'NONE',  ( -13.36074377139315317, 4.499999999999998224, 27.31919616187269284 ) ) ;
#4582 = AXIS2_PLACEMENT_3D ( 'NONE', #3367, #2890, #4882 ) ;
#4583 = CARTESIAN_POINT ( 'NONE',  ( -15.25796466967386600, 3.997018570725213493, 25.55852599633121613 ) ) ;
#4584 = CARTESIAN_POINT ( 'NONE',  ( -15.09779525018398694, 3.904082016268955790, 25.58155907413947006 ) ) ;
#4585 = CARTESIAN_POINT ( 'NONE',  ( -15.29221440489674855, 4.089226218079427433, 25.43299750219005873 ) ) ;
#4586 = CARTESIAN_POINT ( 'NONE',  ( -15.19009281284555968, 3.937042183616283886, 25.48694782592910713 ) ) ;
#4587 = CARTESIAN_POINT ( 'NONE',  ( -15.06872644912054859, 4.498997490573692914, 25.58213123152799895 ) ) ;
#4588 = CARTESIAN_POINT ( 'NONE',  ( -15.29968250165724442, 4.300000000000821387, 25.44323473177766104 ) ) ;
#4589 = CARTESIAN_POINT ( 'NONE',  ( -15.17041666275014222, 4.477656994018207826, 25.53488804497122189 ) ) ;
#4590 = CARTESIAN_POINT ( 'NONE',  ( -15.16989470988512956, 4.099999999999951683, 25.39488317569204057 ) ) ;
#4591 = CARTESIAN_POINT ( 'NONE',  ( -15.21236124628603825, 4.422539685884115279, 25.44846542274614265 ) ) ;
#4592 = DIRECTION ( 'NONE',  ( 0.000000000000000000, -0.000000000000000000, -1.000000000000000000 ) ) ;
#4593 = CARTESIAN_POINT ( 'NONE',  ( -15.12373234954588064, 3.909192688871469201, 25.57797496062780951 ) ) ;
#4594 = CARTESIAN_POINT ( 'NONE',  ( -15.06764650983795484, 3.901453592196793885, 25.57537569080332673 ) ) ;
#4595 = CARTESIAN_POINT ( 'NONE',  ( -5.905186253606862223, 4.299999999999999822, 31.41048590638704852 ) ) ;
#4596 = CARTESIAN_POINT ( 'NONE',  ( -15.10971428266122629, 4.468858183577910204, 25.48844271705753428 ) ) ;
#4597 = CARTESIAN_POINT ( 'NONE',  ( -11.34910665940800101, 4.499999999999999112, 28.73436401232771331 ) ) ;
#4598 = CARTESIAN_POINT ( 'NONE',  ( -13.36082041933783771, 3.899999999999999467, 27.31913058720041221 ) ) ;
#4599 = CARTESIAN_POINT ( 'NONE',  ( -15.05201427373435052, 3.900199362987078811, 25.59147794546218790 ) ) ;
#4600 = CARTESIAN_POINT ( 'NONE',  ( -15.19233751799990628, 4.440429308212952009, 25.45593368119583388 ) ) ;
#4601 = CARTESIAN_POINT ( 'NONE',  ( -15.15030129057305075, 3.914739142046935516, 25.54363434386296561 ) ) ;
#4602 = B_SPLINE_CURVE_WITH_KNOTS ( 'NONE', 3,
 ( #5618, #2139, #2205, #1112, #1180, #5100, #1214, #5480, #2686, #1559, #5136, #728, #4645, #259, #4164, #3524, #1077, #2720, #763, #6142 ),
 .UNSPECIFIED., .F., .F.,
 ( 4, 2, 2, 2, 2, 2, 2, 2, 2, 4 ),
 ( 0.000000000000000000, 0.002903881610495603373, 0.004355822415743237225, 0.005807763220990871944, 0.007259704026238504929, 0.008711644831486139648, 0.009437615234110064560, 0.01016358563673398947, 0.01088955603935791612, 0.01161552644198184103 ),
 .UNSPECIFIED. ) ;
#4603 = CARTESIAN_POINT ( 'NONE',  ( -14.95167920745159051, 4.500000000000000888, 25.60796450660160062 ) ) ;
#4604 = VERTEX_POINT ( 'NONE', #3807 ) ;
#4605 = CARTESIAN_POINT ( 'NONE',  ( -15.08961547133927361, 3.903906400399034027, 25.59752240710541571 ) ) ;
#4606 = CARTESIAN_POINT ( 'NONE',  ( -15.04656531189668378, 4.499964691781163317, 25.59708545347269748 ) ) ;
#4607 = CARTESIAN_POINT ( 'NONE',  ( -15.10393034840207171, 4.492380855289749952, 25.54495757370171205 ) ) ;
#4608 = CARTESIAN_POINT ( 'NONE',  ( -15.16383365292052687, 4.450421161363253830, 25.46280736039082981 ) ) ;
#4609 = CARTESIAN_POINT ( 'NONE',  ( -15.21749796620319195, 3.956094027635040700, 25.57128490534191201 ) ) ;
#4610 = CARTESIAN_POINT ( 'NONE',  ( -14.69782632882674456, 4.299999999999998934, 26.32882787429823068 ) ) ;
#4611 = CARTESIAN_POINT ( 'NONE',  ( -15.28823910058338065, 4.349600684748995860, 25.45739762798188721 ) ) ;
#4612 = CARTESIAN_POINT ( 'NONE',  ( -12.99994224124020548, 4.499999999999999112, 25.82349656659905079 ) ) ;
#4613 = CARTESIAN_POINT ( 'NONE',  ( -15.04415106004631575, 3.900009918209864423, 25.60023976466649742 ) ) ;
#4614 = CARTESIAN_POINT ( 'NONE',  ( -15.09202307654990882, 4.496842168958851360, 25.57663171442825600 ) ) ;
#4615 = CARTESIAN_POINT ( 'NONE',  ( -15.04673996957826176, 3.900041969077069126, 25.59972013071162422 ) ) ;
#4616 = CARTESIAN_POINT ( 'NONE',  ( -15.12011366108934673, 4.300000000000204103, 25.83686568354507784 ) ) ;
#4617 = CARTESIAN_POINT ( 'NONE',  ( -15.18668775954911254, 3.981502866955843434, 25.43627443913379338 ) ) ;
#4618 = CARTESIAN_POINT ( 'NONE',  ( -15.10546723500453048, 3.906785236628932623, 25.59500482720875070 ) ) ;
#4619 = CARTESIAN_POINT ( 'NONE',  ( -15.18770369334821702, 4.089849585655533026, 25.39590961424319104 ) ) ;
#4620 = CARTESIAN_POINT ( 'NONE',  ( -15.22850180850615232, 3.972884092655238231, 25.58406971810475028 ) ) ;
#4621 = CARTESIAN_POINT ( 'NONE',  ( -15.06954310678316489, 4.498706596769839194, 25.59850975892331704 ) ) ;
#4622 = DIRECTION ( 'NONE',  ( 0.000000000000000000, 0.000000000000000000, -1.000000000000000000 ) ) ;
#4623 = CARTESIAN_POINT ( 'NONE',  ( -15.19135059847927138, 4.457048773629443517, 25.58967380763220945 ) ) ;
#4624 = CARTESIAN_POINT ( 'NONE',  ( -15.20842201097744706, 4.099999999999999645, 25.39741294347354028 ) ) ;
#4625 = CARTESIAN_POINT ( 'NONE',  ( -15.25315761087379762, 4.406980529190387408, 25.56466949099596420 ) ) ;
#4626 = CARTESIAN_POINT ( 'NONE',  ( -15.11706769644654003, 3.907321616269913811, 25.55485017769130351 ) ) ;
#4627 = CARTESIAN_POINT ( 'NONE',  ( -15.24807911077003553, 3.977611251953626414, 25.54782009704396017 ) ) ;
#4628 = CARTESIAN_POINT ( 'NONE',  ( -15.06424232622240922, 3.901463068366159970, 25.57478957300378752 ) ) ;
#4629 = CARTESIAN_POINT ( 'NONE',  ( -15.16488666016176268, 4.300000000000000711, 25.39478443551544373 ) ) ;
#4630 = CARTESIAN_POINT ( 'NONE',  ( -15.10788065157049154, 4.467464182260616035, 25.48638959884806710 ) ) ;
#4631 = CARTESIAN_POINT ( 'NONE',  ( -8.779006068333929491, 4.500000000000000000, 29.64283687937743395 ) ) ;
#4632 = CARTESIAN_POINT ( 'NONE',  ( -10.24725606367680442, 4.299999999999245759, 25.83519612052679904 ) ) ;
#4633 = CARTESIAN_POINT ( 'NONE',  ( -14.05827588314590493, 3.900000000000000355, 26.68656709747860489 ) ) ;
#4634 = CARTESIAN_POINT ( 'NONE',  ( -15.04642464108254352, 3.900160456434743406, 25.59187970496300579 ) ) ;
#4635 = CARTESIAN_POINT ( 'NONE',  ( -15.22954741640437248, 4.448011358487146794, 25.50271850112887151 ) ) ;
#4636 = CARTESIAN_POINT ( 'NONE',  ( -15.15748137148163188, 3.917483871627738701, 25.55714839356505408 ) ) ;
#4637 = CARTESIAN_POINT ( 'NONE',  ( -15.09323836504030503, 4.481000338356567525, 25.51141111461828359 ) ) ;
#4638 = CARTESIAN_POINT ( 'NONE',  ( -15.19904052899776659, 4.299999999999999822, 25.39655047994995485 ) ) ;
#4639 = VERTEX_POINT ( 'NONE', #5257 ) ;
#4640 = CARTESIAN_POINT ( 'NONE',  ( -15.04522351931218438, 4.499933128919400005, 25.59479389125733917 ) ) ;
#4641 = CARTESIAN_POINT ( 'NONE',  ( -15.10977373544901958, 4.493372276740672078, 25.55407445127838884 ) ) ;
#4642 = CARTESIAN_POINT ( 'NONE',  ( -15.21450432949051113, 4.451118167987129226, 25.55898421205489157 ) ) ;
#4643 = CARTESIAN_POINT ( 'NONE',  ( -15.14921630657884677, 3.925084736757218806, 25.50261334568358151 ) ) ;
#4644 = CARTESIAN_POINT ( 'NONE',  ( -15.29525187332354896, 4.099999999999999645, 25.54216433781314421 ) ) ;
#4645 = CARTESIAN_POINT ( 'NONE',  ( -5.900018103691998306, 4.013558564761486203, 23.71094782312707494 ) ) ;
#4646 = CARTESIAN_POINT ( 'NONE',  ( -15.16243718284561837, 4.339286381110904145, 25.39840198594263398 ) ) ;
#4647 = CARTESIAN_POINT ( 'NONE',  ( -9.114022256348246032, 4.500000000000000888, 25.99253847953575658 ) ) ;
#4648 = CARTESIAN_POINT ( 'NONE',  ( -15.09573618673002748, 4.496195966672243749, 25.58289411401475633 ) ) ;
#4649 = CARTESIAN_POINT ( 'NONE',  ( -15.04281836124880734, 3.900009485079949823, 25.59802562173825535 ) ) ;
#4650 = CARTESIAN_POINT ( 'NONE',  ( -14.53732422134513769, 4.299999999998363798, 26.49567287097242030 ) ) ;
#4651 = CARTESIAN_POINT ( 'NONE',  ( -15.24283215442756756, 3.972603195520517882, 25.48359460297984924 ) ) ;
#4652 = CARTESIAN_POINT ( 'NONE',  ( -15.08838488618943430, 3.903678440553692841, 25.56344735724250938 ) ) ;
#4653 = CARTESIAN_POINT ( 'NONE',  ( -15.13748724825667047, 3.970187985630400540, 25.44255417698465038 ) ) ;
#4654 = CARTESIAN_POINT ( 'NONE',  ( -15.18163719445637660, 4.499999999999999112, 25.59579336087531232 ) ) ;
#4655 = CARTESIAN_POINT ( 'NONE',  ( -15.06191021720182377, 4.499112988128032065, 25.58085267563080123 ) ) ;
#4656 = CARTESIAN_POINT ( 'NONE',  ( -15.04443993301320859, 4.499958231645436513, 25.59592365227634048 ) ) ;
#4657 = CARTESIAN_POINT ( 'NONE',  ( -15.28220311295151568, 4.300000000000820499, 25.57633297894276936 ) ) ;
#4658 = CARTESIAN_POINT ( 'NONE',  ( -10.18392723757199647, 4.299999999999999822, 29.43421907016364969 ) ) ;
#4659 = CARTESIAN_POINT ( 'NONE',  ( -15.15879545813469953, 4.395738501725217517, 25.41916529587527762 ) ) ;
#4660 = CARTESIAN_POINT ( 'NONE',  ( -15.13644108610936101, 3.914869043511242985, 25.58986871718964551 ) ) ;
#4661 = CARTESIAN_POINT ( 'NONE',  ( -15.15368281361577196, 4.022949817718125765, 25.41004182031394620 ) ) ;
#4662 = CARTESIAN_POINT ( 'NONE',  ( -15.24317896198718181, 3.966183439918785858, 25.52764615510123747 ) ) ;
#4663 = CARTESIAN_POINT ( 'NONE',  ( -15.07355969875663071, 3.901292243861348652, 25.58996412783017149 ) ) ;
#4664 = CARTESIAN_POINT ( 'NONE',  ( -7.877608420492970609, 4.299999999999998046, 25.49177049868962186 ) ) ;
#4665 = CARTESIAN_POINT ( 'NONE',  ( -15.16286804651032227, 4.476390635864259337, 25.58009189552659990 ) ) ;
#4666 = CARTESIAN_POINT ( 'NONE',  ( -10.46061747385821405, 3.900000000001504930, 25.82984770540830510 ) ) ;
#4667 = CARTESIAN_POINT ( 'NONE',  ( -7.420880407448088079, 4.299999999997739408, 25.26252553774218157 ) ) ;
#4668 = CARTESIAN_POINT ( 'NONE',  ( -8.675688255546404548, 3.899999999999997691, 29.67580196922878599 ) ) ;
#4669 = CARTESIAN_POINT ( 'NONE',  ( -15.05306939362547602, 3.900166419454416555, 25.59558903926652462 ) ) ;
#4670 = CARTESIAN_POINT ( 'NONE',  ( -15.18910250268734785, 4.438720500382562051, 25.45347126075428434 ) ) ;
#4671 = CARTESIAN_POINT ( 'NONE',  ( -15.14635591553548544, 3.914256437026586433, 25.53686760170206327 ) ) ;
#4672 = CARTESIAN_POINT ( 'NONE',  ( -15.06408640216608141, 4.496561747572570766, 25.56161573934463505 ) ) ;
#4673 = VERTEX_POINT ( 'NONE', #2810 ) ;
#4674 = CARTESIAN_POINT ( 'NONE',  ( -15.04579657977207141, 4.499976788586651288, 25.59823136781588815 ) ) ;
#4675 = CARTESIAN_POINT ( 'NONE',  ( -15.09064136274472467, 4.483018406159592573, 25.51587516433560765 ) ) ;
#4676 = CARTESIAN_POINT ( 'NONE',  ( -15.21276736425735265, 4.099999999999997868, 25.70403036889671000 ) ) ;
#4677 = CARTESIAN_POINT ( 'NONE',  ( -15.17203319878739087, 4.455295716715455434, 25.46982818064383025 ) ) ;
#4678 = CARTESIAN_POINT ( 'NONE',  ( -8.107541230906909036, 3.899999999999999911, 25.78632461151011412 ) ) ;
#4679 = CARTESIAN_POINT ( 'NONE',  ( -15.19925048402111756, 3.937516879468475395, 25.55559419264139009 ) ) ;
#4680 = CARTESIAN_POINT ( 'NONE',  ( -15.11642311930079430, 4.499999999999999112, 25.44597503916188685 ) ) ;
#4681 = CARTESIAN_POINT ( 'NONE',  ( -15.27442106514970277, 4.387421582109283236, 25.50151735102699035 ) ) ;
#4682 = CARTESIAN_POINT ( 'NONE',  ( -9.725298304037353958, 4.500000000000000000, 26.03400145020471612 ) ) ;
#4683 = CARTESIAN_POINT ( 'NONE',  ( -15.07645990639267453, 4.494644878274145938, 25.55179575348645216 ) ) ;
#4684 = CARTESIAN_POINT ( 'NONE',  ( -15.04136205888854683, 3.899999999999998135, 25.60037349240651849 ) ) ;
#4685 = CARTESIAN_POINT ( 'NONE',  ( -15.06926578578901932, 3.901239442232078414, 25.59785343832528781 ) ) ;
#4686 = CARTESIAN_POINT ( 'NONE',  ( -15.04136205888854683, 4.499999999999999112, 25.60037349240651849 ) ) ;
#4687 = CARTESIAN_POINT ( 'NONE',  ( -15.09360175322107622, 3.903370416478143756, 25.57925284854791315 ) ) ;
#4688 = CARTESIAN_POINT ( 'NONE',  ( -15.21489747011442972, 3.941101672043331838, 25.52242380609131089 ) ) ;
#4689 = CARTESIAN_POINT ( 'NONE',  ( -15.18179834624745794, 4.499999999999999112, 25.59580834737237609 ) ) ;
#4690 = CARTESIAN_POINT ( 'NONE',  ( -15.07844471554841448, 4.497685837525119190, 25.59857197315031030 ) ) ;
#4691 = CARTESIAN_POINT ( 'NONE',  ( -15.04367175572070181, 4.499994766491185239, 25.59950479403432055 ) ) ;
#4692 = CARTESIAN_POINT ( 'NONE',  ( -11.36488741790582147, 4.299999999999999822, 28.95416280060173975 ) ) ;
#4693 = CARTESIAN_POINT ( 'NONE',  ( -15.26563940036552758, 4.391094694111894903, 25.47126601842713356 ) ) ;
#4694 = CARTESIAN_POINT ( 'NONE',  ( -15.09625223020236895, 3.913859742627520344, 25.52318801940079140 ) ) ;
#4695 = CARTESIAN_POINT ( 'NONE',  ( -15.22994531133434215, 3.957812089171264702, 25.48568505153705743 ) ) ;
#4696 = CARTESIAN_POINT ( 'NONE',  ( -15.06170413377047623, 3.902695912496887853, 25.56591803496370829 ) ) ;
#4697 = CARTESIAN_POINT ( 'NONE',  ( -10.56413863177513512, 4.299999999999998046, 25.82695413795260109 ) ) ;
#4698 = CARTESIAN_POINT ( 'NONE',  ( -15.12356452575322407, 3.911582888667063607, 25.59471951489532060 ) ) ;
#4699 = CARTESIAN_POINT ( 'NONE',  ( -15.14858553638517513, 4.485496362200775522, 25.54017453540730287 ) ) ;
#4700 = CARTESIAN_POINT ( 'NONE',  ( -6.757825343856850075, 4.499999999992525979, 24.77245862218514461 ) ) ;
#4701 = CARTESIAN_POINT ( 'NONE',  ( -10.59056408037297636, 3.899999999999999467, 29.07816623992552962 ) ) ;
#4702 = CARTESIAN_POINT ( 'NONE',  ( -15.05233945062817646, 3.900148493017677076, 25.59441552882138993 ) ) ;
#4703 = CARTESIAN_POINT ( 'NONE',  ( -15.19377081489692394, 4.431877704436217869, 25.44864699782338491 ) ) ;
#4704 = CARTESIAN_POINT ( 'NONE',  ( -15.13279508490845338, 3.912733013700597784, 25.53087822443373867 ) ) ;
#4705 = EDGE_CURVE ( 'NONE', #4639, #4535, #5288, .T. ) ;
#4706 = ORIENTED_EDGE ( 'NONE', *, *, #4531, .F. ) ;
#4707 = CARTESIAN_POINT ( 'NONE',  ( -15.05171018657020809, 4.499857496238882426, 25.59349693122508285 ) ) ;
#4708 = CARTESIAN_POINT ( 'NONE',  ( -15.13099902079489034, 4.490371204398865501, 25.55526538898496014 ) ) ;
#4709 = DIRECTION ( 'NONE',  ( 1.000000000000000000, 0.000000000000000000, -1.411534255948957470E-16 ) ) ;
#4710 = CARTESIAN_POINT ( 'NONE',  ( -15.21920589014699310, 4.438889015133724136, 25.57931771724173586 ) ) ;
#4711 = CARTESIAN_POINT ( 'NONE',  ( -11.77411161932692174, 3.899999999999996803, 25.94524334255999065 ) ) ;
#4712 = CARTESIAN_POINT ( 'NONE',  ( -15.18903405082897251, 3.930872818916197886, 25.54903345428238381 ) ) ;
#4713 = CARTESIAN_POINT ( 'NONE',  ( -15.30291853795509915, 4.323049965131088967, 25.46827307008824093 ) ) ;
#4714 = CARTESIAN_POINT ( 'NONE',  ( -8.406476587025855096, 4.499999999999999112, 25.86591311362481704 ) ) ;
#4715 = CARTESIAN_POINT ( 'NONE',  ( -15.08421832870318546, 4.495962842913745483, 25.55932252382817893 ) ) ;
#4716 = CARTESIAN_POINT ( 'NONE',  ( -15.04136205888854683, 3.899999999999999023, 25.60037349240651849 ) ) ;
#4717 = CARTESIAN_POINT ( 'NONE',  ( -15.05622665625557133, 3.901295370807342344, 25.57639424824258256 ) ) ;
#4718 = CARTESIAN_POINT ( 'NONE',  ( -15.04136205888854683, 4.499999999999999112, 25.60037349240651849 ) ) ;
#4719 = CARTESIAN_POINT ( 'NONE',  ( -15.08337805861509118, 3.902457908997329472, 25.57177020934717859 ) ) ;
#4720 = CARTESIAN_POINT ( 'NONE',  ( -15.19492278470186442, 3.935818324196848295, 25.49310341655848688 ) ) ;
#4721 = CARTESIAN_POINT ( 'NONE',  ( -8.450408984847484817, 3.899999999999997691, 29.75171605959463506 ) ) ;
#4722 = CARTESIAN_POINT ( 'NONE',  ( -15.06013683811943338, 4.497682846317974992, 25.56839864365236181 ) ) ;
#4723 = CARTESIAN_POINT ( 'NONE',  ( -8.072411787569313546, 4.299999999999998046, 30.10955139773004774 ) ) ;
#4724 = CARTESIAN_POINT ( 'NONE',  ( -15.26615131767763422, 4.377152605238110006, 25.57510640379889821 ) ) ;
#4725 = CARTESIAN_POINT ( 'NONE',  ( -15.21015419654952971, 4.078865385934414611, 25.39924628665098183 ) ) ;
#4726 = CARTESIAN_POINT ( 'NONE',  ( -15.23600646836082539, 3.958085803442498385, 25.50294963994109665 ) ) ;
#4727 = CARTESIAN_POINT ( 'NONE',  ( -15.07208564047765975, 3.901158564814806162, 25.58254137790231653 ) ) ;
#4728 = CARTESIAN_POINT ( 'NONE',  ( -5.847330416064965064, 4.500000000000000000, 31.45559116605741323 ) ) ;
#4729 = CARTESIAN_POINT ( 'NONE',  ( -15.24353633535866592, 3.990075083431275704, 25.58208043812771493 ) ) ;
#4730 = CARTESIAN_POINT ( 'NONE',  ( -15.16560226105203668, 4.477935314582659032, 25.56670043899770661 ) ) ;
#4731 = CARTESIAN_POINT ( 'NONE',  ( -10.56779761330623657, 4.100000000001505995, 25.82590620736993614 ) ) ;
#4732 = CARTESIAN_POINT ( 'NONE',  ( -7.289879251996571163, 4.300000000001129585, 25.18115381778764572 ) ) ;
#4733 = CARTESIAN_POINT ( 'NONE',  ( -8.627468021071495130, 3.899999999999181899, 29.90229096546922349 ) ) ;
#4734 = CARTESIAN_POINT ( 'NONE',  ( -15.05263178554598902, 3.900153546006823735, 25.59488518165390403 ) ) ;
#4735 = CARTESIAN_POINT ( 'NONE',  ( -15.22046300741742719, 4.444584464677347135, 25.47686189981732241 ) ) ;
#4736 = CARTESIAN_POINT ( 'NONE',  ( -15.15234287406008740, 3.915700378756453492, 25.55901932098959861 ) ) ;
#4737 = ORIENTED_EDGE ( 'NONE', *, *, #4904, .T. ) ;
#4738 = CARTESIAN_POINT ( 'NONE',  ( -15.05411885732932831, 4.499631372297474563, 25.58769200672457345 ) ) ;
#4739 = CARTESIAN_POINT ( 'NONE',  ( -15.13828121728914056, 4.483888782513399285, 25.59269430561700176 ) ) ;
#4740 = CARTESIAN_POINT ( 'NONE',  ( -14.55394495219928608, 4.100000000000002309, 26.47865898750204749 ) ) ;
#4741 = CARTESIAN_POINT ( 'NONE',  ( -5.900018103691998306, 4.070370006638511562, 31.41240106454440451 ) ) ;
#4742 = CARTESIAN_POINT ( 'NONE',  ( -15.18850550852662984, 4.453490565579720339, 25.47009577230158683 ) ) ;
#4743 = CARTESIAN_POINT ( 'NONE',  ( -15.04277988523178067, 4.499990108246067599, 25.59797177682460401 ) ) ;
#4744 = CARTESIAN_POINT ( 'NONE',  ( -15.17072766858090738, 3.924856105544610063, 25.51406350458915284 ) ) ;
#4745 = CARTESIAN_POINT ( 'NONE',  ( -15.27781983755536110, 4.339415814643613700, 25.57719096861026031 ) ) ;
#4746 = CARTESIAN_POINT ( 'NONE',  ( -6.014545872489139633, 4.500000000000000000, 24.22050943643136733 ) ) ;
#4747 = CARTESIAN_POINT ( 'NONE',  ( -15.10315711963230889, 4.495011447568074026, 25.58050623244513488 ) ) ;
#4748 = CARTESIAN_POINT ( 'NONE',  ( -15.04136205888854683, 3.899999999999998135, 25.60037349240651849 ) ) ;
#4749 = CARTESIAN_POINT ( 'NONE',  ( -15.18636209941621651, 4.470040455246433453, 25.55148565639957781 ) ) ;
#4750 = CARTESIAN_POINT ( 'NONE',  ( -15.05769728632567883, 3.900482693043330507, 25.58616230829084159 ) ) ;
#4751 = CARTESIAN_POINT ( 'NONE',  ( -6.900018103691999194, 4.199999847142954046, 25.96689337877836223 ) ) ;
#4752 = CARTESIAN_POINT ( 'NONE',  ( -15.07341235933709633, 3.904465786246930303, 25.55592378768392692 ) ) ;
#4753 = CARTESIAN_POINT ( 'NONE',  ( -15.07962945764913698, 4.497766378304723034, 25.59548946431457139 ) ) ;
#4754 = CARTESIAN_POINT ( 'NONE',  ( -10.73091187862238094, 4.299999999999997158, 29.23787355416946099 ) ) ;
#4755 = CARTESIAN_POINT ( 'NONE',  ( -15.21707373862366097, 4.384502162226199928, 25.42473723891759363 ) ) ;
#4756 = CARTESIAN_POINT ( 'NONE',  ( -15.18204674909359753, 3.934896080702495080, 25.58375358913749409 ) ) ;
#4757 = CARTESIAN_POINT ( 'NONE',  ( -15.27644184568615415, 4.077317838059715704, 25.42251205319554686 ) ) ;
#4758 = CARTESIAN_POINT ( 'NONE',  ( -15.23776431829539391, 3.960174341029218503, 25.50209230378957059 ) ) ;
#4759 = CARTESIAN_POINT ( 'NONE',  ( -15.05809740591414680, 3.901810004995271974, 25.57215573575875212 ) ) ;
#4760 = CARTESIAN_POINT ( 'NONE',  ( -15.28038976319699849, 4.325117085753805490, 25.57669097679817583 ) ) ;
#4761 = CARTESIAN_POINT ( 'NONE',  ( -15.17415861103421904, 4.468985204502755160, 25.58610787075089377 ) ) ;
#4762 = CARTESIAN_POINT ( 'NONE',  ( -7.046001512700807545, 4.499999999999999112, 25.25817432024252440 ) ) ;
#4763 = CARTESIAN_POINT ( 'NONE',  ( -5.900018103691998306, 3.901062092578162055, 31.19188203279408356 ) ) ;
#4764 = CARTESIAN_POINT ( 'NONE',  ( -7.368476855083417654, 4.099999999998384048, 30.44026099032400268 ) ) ;
#4765 = CARTESIAN_POINT ( 'NONE',  ( -15.05104486964694388, 3.900117855191419292, 25.59713223830398121 ) ) ;
#4766 = CARTESIAN_POINT ( 'NONE',  ( -15.23857174937335479, 4.439987434015240098, 25.51259897910732377 ) ) ;
#4767 = CARTESIAN_POINT ( 'NONE',  ( -15.13444969184538635, 3.910758855063135808, 25.54413540662957871 ) ) ;
#4768 = CARTESIAN_POINT ( 'NONE',  ( -15.15770330153134537, 4.039727215971741003, 25.40392718596442378 ) ) ;
#4769 = CARTESIAN_POINT ( 'NONE',  ( -15.10830737336307017, 3.905649081979515991, 25.56790171592366789 ) ) ;
#4770 = B_SPLINE_CURVE_WITH_KNOTS ( 'NONE', 3,
 ( #320, #881, #5678, #1270, #4676, #2842, #4807, #4219, #1301, #1782, #4250, #5711, #821, #4740, #4774, #417, #6288, #387, #3840, #5797, #3204, #5166, #556, #1906, #19, #4958, #5350, #3904, #2962, #503, #5379, #5863, #1998, #916, #5407, #46, #5435, #2471, #999, #1392, #4930, #531, #2502, #4347, #3473, #1454, #1485, #2876, #4430, #1426, #2444, #3416, #944, #3386, #2027, #2419 ),
 .UNSPECIFIED., .F., .F.,
 ( 4, 2, 2, 2, 2, 2, 2, 2, 2, 2, 2, 2, 2, 2, 2, 2, 2, 2, 2, 2, 2, 2, 2, 2, 2, 2, 2, 4 ),
 ( 0.000000000000000000, 0.002216782207505079132, 0.004433564415010158265, 0.008867128830020595820, 0.01330069324503103077, 0.01773425766004146920, 0.02660138649006233910, 0.03546851532008321595, 0.04433564415010408932, 0.05320277298012495576, 0.07093703064016704252, 0.08867128830020912234, 0.1064055459602512022, 0.1241398036202932958, 0.1330069324503141692, 0.1374404968653246129, 0.1418740612803350565, 0.1507411901103558050, 0.1596083189403765257, 0.1684754477703972464, 0.1773425766004179671, 0.1950768342604593530, 0.2039439630904801015, 0.2128110919205007945, 0.2216782207505215430, 0.2305453495805422914, 0.2482796072405837329, 0.2837481225606667268 ),
 .UNSPECIFIED. ) ;
#4771 = CARTESIAN_POINT ( 'NONE',  ( -15.26400760473676499, 4.099999999998169997, 25.41118119872775338 ) ) ;
#4772 = CARTESIAN_POINT ( 'NONE',  ( -15.05714642102104683, 4.499704689468948970, 25.59268662813887829 ) ) ;
#4773 = CARTESIAN_POINT ( 'NONE',  ( -15.11256445248384495, 4.488928759784699629, 25.53204644265486323 ) ) ;
#4774 = CARTESIAN_POINT ( 'NONE',  ( -14.47222539769908778, 4.099999999999998757, 26.56136878801671131 ) ) ;
#4775 = CARTESIAN_POINT ( 'NONE',  ( -15.18272128085522787, 4.450569888493885351, 25.46499298832302216 ) ) ;
#4776 = CARTESIAN_POINT ( 'NONE',  ( -15.04315785904151603, 4.499994424241611668, 25.59864991798638556 ) ) ;
#4777 = CARTESIAN_POINT ( 'NONE',  ( -5.900018103691999194, 4.337093391329895020, 31.41029079508826527 ) ) ;
#4778 = CARTESIAN_POINT ( 'NONE',  ( -15.17245413516700836, 3.925788348522993410, 25.56895092224805310 ) ) ;
#4779 = CARTESIAN_POINT ( 'NONE',  ( -15.14462317541719827, 3.935699051251325464, 25.48137085202728258 ) ) ;
#4780 = CARTESIAN_POINT ( 'NONE',  ( -15.06984915310852280, 4.498644132262665352, 25.59903349104690307 ) ) ;
#4781 = CARTESIAN_POINT ( 'NONE',  ( -15.13151867113466409, 3.913636818176390975, 25.59229272127751997 ) ) ;
#4782 = CARTESIAN_POINT ( 'NONE',  ( -15.21103362424504013, 4.321706503523227383, 25.39943729424570051 ) ) ;
#4783 = CARTESIAN_POINT ( 'NONE',  ( -5.900018103691998306, 4.482385863048757635, 23.89673540658007767 ) ) ;
#4784 = CARTESIAN_POINT ( 'NONE',  ( -15.08281842266750949, 4.492389800254855459, 25.54274143301950417 ) ) ;
#4785 = CARTESIAN_POINT ( 'NONE',  ( -15.19855957279377634, 4.457662591902074034, 25.57351119781166204 ) ) ;
#4786 = CARTESIAN_POINT ( 'NONE',  ( -15.05622115915237913, 3.900606821381547462, 25.58377010466070089 ) ) ;
#4787 = EDGE_CURVE ( 'NONE', #2681, #2167, #4312, .T. ) ;
#4788 = CARTESIAN_POINT ( 'NONE',  ( -14.29500314688597840, 3.899999999999999467, 26.45582111029755623 ) ) ;
#4789 = CARTESIAN_POINT ( 'NONE',  ( -15.09245338869125241, 3.903212398662348814, 25.57972873851695184 ) ) ;
#4790 = CARTESIAN_POINT ( 'NONE',  ( -15.07603430393502997, 4.498490718663702204, 25.58931674138316481 ) ) ;
#4791 = CARTESIAN_POINT ( 'NONE',  ( -15.18072168603380945, 4.374121973692625787, 25.41083853267223702 ) ) ;
#4792 = CARTESIAN_POINT ( 'NONE',  ( -15.26638874748925723, 4.011000574075521463, 25.55673213769925667 ) ) ;
#4793 = CARTESIAN_POINT ( 'NONE',  ( -10.72433356067790200, 3.899999999999999467, 29.02488212550535351 ) ) ;
#4794 = CARTESIAN_POINT ( 'NONE',  ( -15.22681711788469805, 3.949520232640825856, 25.50279230112514384 ) ) ;
#4795 = CARTESIAN_POINT ( 'NONE',  ( -15.06338976331356072, 3.901021100772406935, 25.57949469445884461 ) ) ;
#4796 = CARTESIAN_POINT ( 'NONE',  ( -15.24837464429912615, 4.402779818363267594, 25.58228487571289733 ) ) ;
#4797 = CARTESIAN_POINT ( 'NONE',  ( -15.13759253985985254, 4.482844659533748555, 25.51870651728322059 ) ) ;
#4798 = AXIS2_PLACEMENT_3D ( 'NONE', #2969, #1549, #3989 ) ;
#4799 = CARTESIAN_POINT ( 'NONE',  ( -7.774526084357811229, 3.900000000003225775, 30.23760902798365890 ) ) ;
#4800 = CARTESIAN_POINT ( 'NONE',  ( -15.04838432984999486, 3.900074449090517703, 25.59524780729268656 ) ) ;
#4801 = CARTESIAN_POINT ( 'NONE',  ( -15.22717682864007926, 4.447907493850094873, 25.49401678317701325 ) ) ;
#4802 = CARTESIAN_POINT ( 'NONE',  ( -15.13649169217243617, 3.910797718228712139, 25.55345107234056101 ) ) ;
#4803 = CARTESIAN_POINT ( 'NONE',  ( -15.26029066326708161, 4.037463627797785115, 25.43393302893429819 ) ) ;
#4804 = CARTESIAN_POINT ( 'NONE',  ( -15.28701417508212401, 4.094823374984208897, 25.56482387053962668 ) ) ;
#4805 = CARTESIAN_POINT ( 'NONE',  ( -15.05254960956524357, 4.499807787087203970, 25.59967493715382147 ) ) ;
#4806 = CARTESIAN_POINT ( 'NONE',  ( -15.13721001002136823, 4.488327805401525872, 25.56636959510344198 ) ) ;
#4807 = CARTESIAN_POINT ( 'NONE',  ( -15.13021795759873811, 4.099999999999999645, 25.82391415876631768 ) ) ;
#4808 = CARTESIAN_POINT ( 'NONE',  ( -15.14692854303153169, 4.423066492440796971, 25.43690557351758486 ) ) ;
#4809 = CARTESIAN_POINT ( 'NONE',  ( -15.04244834546033260, 4.499999999999999112, 25.59984926313432396 ) ) ;
#4810 = CARTESIAN_POINT ( 'NONE',  ( -8.708939878886159391, 3.900000000000000799, 25.93111933851660922 ) ) ;
#4811 = CARTESIAN_POINT ( 'NONE',  ( -15.16665041756242438, 3.921042615068409454, 25.53525516618837088 ) ) ;
#4812 = CARTESIAN_POINT ( 'NONE',  ( -15.04799090201749756, 3.900274365768524820, 25.58924658055828516 ) ) ;
#4813 = CARTESIAN_POINT ( 'NONE',  ( -15.18694136338936396, 4.326250451187521939, 25.39769262443924092 ) ) ;
#4814 = CARTESIAN_POINT ( 'NONE',  ( -5.900018103692000082, 4.451473152621175267, 23.80584265870067640 ) ) ;
#4815 = CARTESIAN_POINT ( 'NONE',  ( -15.10877836008373443, 4.493062969091437431, 25.59017311864191413 ) ) ;
#4816 = CARTESIAN_POINT ( 'NONE',  ( -15.04136205888854683, 3.899999999999999467, 25.60037349240651849 ) ) ;
#4817 = CARTESIAN_POINT ( 'NONE',  ( -15.18141123534399206, 4.473039201170357693, 25.51710308572677732 ) ) ;
#4818 = CARTESIAN_POINT ( 'NONE',  ( -15.06354791615653355, 3.900595584246675962, 25.58826682599677227 ) ) ;
#4819 = CARTESIAN_POINT ( 'NONE',  ( -14.45452972735024666, 3.900000000000000355, 26.29390757567015413 ) ) ;
#4820 = CARTESIAN_POINT ( 'NONE',  ( -15.09958187241165817, 3.905183017439950888, 25.59213376373782367 ) ) ;
#4821 = CARTESIAN_POINT ( 'NONE',  ( -5.903039691079542628, 4.099999999999999645, 23.67809378264080067 ) ) ;
#4822 = CARTESIAN_POINT ( 'NONE',  ( -15.06382703571468795, 4.497863688928608106, 25.56945066999208294 ) ) ;
#4823 = EDGE_CURVE ( 'NONE', #4673, #5772, #5924, .T. ) ;
#4824 = CARTESIAN_POINT ( 'NONE',  ( -15.15011769810501363, 4.010898051787851415, 25.41554207119701658 ) ) ;
#4825 = CARTESIAN_POINT ( 'NONE',  ( -15.16011598955080153, 3.976623400316447565, 25.43715703496239300 ) ) ;
#4826 = CARTESIAN_POINT ( 'NONE',  ( -15.07837788281249480, 3.902287782958473006, 25.59834738355802486 ) ) ;
#4827 = CARTESIAN_POINT ( 'NONE',  ( -15.23377142132502016, 4.420922989126874647, 25.58444972939151896 ) ) ;
#4828 = CARTESIAN_POINT ( 'NONE',  ( -5.734716574115613419, 4.500000000000001776, 23.78631785731784731 ) ) ;
#4829 = CARTESIAN_POINT ( 'NONE',  ( -15.17205733334482964, 4.471526470174008061, 25.58112351262345285 ) ) ;
#4830 = CARTESIAN_POINT ( 'NONE',  ( -13.71000464521190310, 3.900000000000000355, 25.74280773280705148 ) ) ;
#4831 = CARTESIAN_POINT ( 'NONE',  ( -10.46756748072005827, 4.499999999999998224, 26.02973345404725691 ) ) ;
#4832 = CARTESIAN_POINT ( 'NONE',  ( -5.735932489361965203, 3.899999999999999467, 31.28884059288722597 ) ) ;
#4833 = CARTESIAN_POINT ( 'NONE',  ( -15.16446307097485757, 4.417234903855474570, 25.43284148430263159 ) ) ;
#4834 = CARTESIAN_POINT ( 'NONE',  ( -15.10821695113485674, 3.920791486795297320, 25.50693769563956437 ) ) ;
#4835 = CARTESIAN_POINT ( 'NONE',  ( -15.24176094686643168, 4.039320617297252447, 25.42164809635624323 ) ) ;
#4836 = CARTESIAN_POINT ( 'NONE',  ( -15.08168304272363791, 3.911367543845789552, 25.53076704636973560 ) ) ;
#4837 = CARTESIAN_POINT ( 'NONE',  ( -15.19384812827947506, 4.099999999998171774, 25.39607272023137696 ) ) ;
#4838 = CARTESIAN_POINT ( 'NONE',  ( -15.05249660114975541, 4.499481422775778228, 25.58499112698625666 ) ) ;
#4839 = CARTESIAN_POINT ( 'NONE',  ( -15.14606603017177022, 4.481444381783442843, 25.58978895974881951 ) ) ;
#4840 = DIRECTION ( 'NONE',  ( 0.000000000000000000, 0.000000000000000000, -1.000000000000000000 ) ) ;
#4841 = CARTESIAN_POINT ( 'NONE',  ( -5.900018103691996529, 3.959410105487094267, 31.34211920640604632 ) ) ;
#4842 = CARTESIAN_POINT ( 'NONE',  ( -15.16467780028349210, 4.439660173036612534, 25.45127080523739238 ) ) ;
#4843 = CARTESIAN_POINT ( 'NONE',  ( -15.04254912167596814, 4.499999999999999112, 25.60001188194546629 ) ) ;
#4844 = FACE_OUTER_BOUND ( 'NONE', #3776, .T. ) ;
#4845 = CARTESIAN_POINT ( 'NONE',  ( -15.17606977046075123, 3.925343220790043830, 25.55364962812936724 ) ) ;
#4846 = CARTESIAN_POINT ( 'NONE',  ( -15.09214881257667962, 3.907924152425155118, 25.54183266469680547 ) ) ;
#4847 = CARTESIAN_POINT ( 'NONE',  ( -15.25997568141193383, 4.329161300667759171, 25.41520938525044215 ) ) ;
#4848 = CARTESIAN_POINT ( 'NONE',  ( -15.09360001433883447, 4.496593897858001121, 25.57449525138887481 ) ) ;
#4849 = CARTESIAN_POINT ( 'NONE',  ( -6.064644003924385629, 4.500000000001514344, 23.93535432334449808 ) ) ;
#4850 = CARTESIAN_POINT ( 'NONE',  ( -15.14080079186827810, 4.462223556882845443, 25.47815819650448788 ) ) ;
#4851 = CARTESIAN_POINT ( 'NONE',  ( -15.77389670235414521, 4.299999999999999822, 25.35946722304882073 ) ) ;
#4852 = CARTESIAN_POINT ( 'NONE',  ( -15.08614012560592066, 3.902408864636312646, 25.58125183753983123 ) ) ;
#4853 = CARTESIAN_POINT ( 'NONE',  ( -5.892677167663570970, 4.099999999999999645, 23.66066876430184962 ) ) ;
#4854 = CARTESIAN_POINT ( 'NONE',  ( -15.07564072853694803, 4.498548697646024053, 25.58864961147203942 ) ) ;
#4855 = CARTESIAN_POINT ( 'NONE',  ( -15.26367718571509435, 3.994571206024489118, 25.50545464680851637 ) ) ;
#4856 = CARTESIAN_POINT ( 'NONE',  ( -15.14844254467850249, 3.919174058636554214, 25.51866561961197277 ) ) ;
#4857 = CARTESIAN_POINT ( 'NONE',  ( -15.29522512427725012, 4.299999999999999822, 25.54224582485655404 ) ) ;
#4858 = CARTESIAN_POINT ( 'NONE',  ( -15.18678009731559797, 3.959674556887756935, 25.45426735521887096 ) ) ;
#4859 = CARTESIAN_POINT ( 'NONE',  ( -15.06509157467184323, 3.900868713955039979, 25.58222322034420060 ) ) ;
#4860 = CARTESIAN_POINT ( 'NONE',  ( -15.19135059847927138, 4.457048773629443517, 25.58967380763220945 ) ) ;
#4861 = CARTESIAN_POINT ( 'NONE',  ( -15.14907280862994909, 4.477192963714227147, 25.50840156828630967 ) ) ;
#4862 = CARTESIAN_POINT ( 'NONE',  ( -13.04089802175756319, 3.900000000000001688, 25.61688284247035341 ) ) ;
#4863 = CARTESIAN_POINT ( 'NONE',  ( -15.24576706782199054, 4.431136641320805758, 25.50937367876197825 ) ) ;
#4864 = CARTESIAN_POINT ( 'NONE',  ( -15.11523073184974209, 3.916595063743847138, 25.51599552962641226 ) ) ;
#4865 = CARTESIAN_POINT ( 'NONE',  ( -15.17053186879652671, 4.050622569132132256, 25.40125304480418933 ) ) ;
#4866 = CARTESIAN_POINT ( 'NONE',  ( -15.10073098025193872, 3.905678585750170129, 25.55538478866935748 ) ) ;
#4867 = CARTESIAN_POINT ( 'NONE',  ( -15.30183404952491699, 4.094883858926110953, 25.44810345752364356 ) ) ;
#4868 = CARTESIAN_POINT ( 'NONE',  ( -15.13274128166644239, 4.489163683650810199, 25.54115759103985894 ) ) ;
#4869 = FACE_OUTER_BOUND ( 'NONE', #5708, .T. ) ;
#4870 = CARTESIAN_POINT ( 'NONE',  ( -15.04527802441302420, 4.499976359896227684, 25.59737223515547200 ) ) ;
#4871 = CARTESIAN_POINT ( 'NONE',  ( -15.25928914116594548, 3.899999999999841371, 25.62413930252336414 ) ) ;
#4872 = CARTESIAN_POINT ( 'NONE',  ( -15.20717628392396215, 4.459359436853666203, 25.49130871180942748 ) ) ;
#4873 = CARTESIAN_POINT ( 'NONE',  ( -15.04355526571731616, 4.499995315414609287, 25.59931624680148587 ) ) ;
#4874 = CARTESIAN_POINT ( 'NONE',  ( -6.014546298901283450, 3.900000000000000355, 24.22051007669718103 ) ) ;
#4875 = CARTESIAN_POINT ( 'NONE',  ( -15.11296817316185148, 3.935535739129364607, 25.48168669809445674 ) ) ;
#4876 = CARTESIAN_POINT ( 'NONE',  ( -15.17405515754734857, 3.923637296708775590, 25.54176376307410479 ) ) ;
#4877 = CARTESIAN_POINT ( 'NONE',  ( -15.15380000605923883, 4.380254397099973218, 25.41145813616109450 ) ) ;
#4878 = EDGE_LOOP ( 'NONE', ( #3481, #2069, #287, #5294 ) ) ;
#4879 = CARTESIAN_POINT ( 'NONE',  ( -15.28327898934670515, 4.321059515160137643, 25.57120297870616454 ) ) ;
#4880 = CARTESIAN_POINT ( 'NONE',  ( -15.10331412746955948, 4.494172814982906772, 25.59102888585465863 ) ) ;
#4881 = CARTESIAN_POINT ( 'NONE',  ( -15.17151929103599528, 4.471991397508089605, 25.50249621871428474 ) ) ;
#4882 = DIRECTION ( 'NONE',  ( 0.000000000000000000, -0.000000000000000000, -1.000000000000000000 ) ) ;
#4883 = CARTESIAN_POINT ( 'NONE',  ( -15.07277528827281721, 3.902259289306702961, 25.56907079510493475 ) ) ;
#4884 = CARTESIAN_POINT ( 'NONE',  ( -5.809268324540853179, 3.899999999999997247, 23.90856432082492589 ) ) ;
#4885 = CARTESIAN_POINT ( 'NONE',  ( -15.07445853004064418, 4.498694182418298659, 25.58665663642641519 ) ) ;
#4886 = CARTESIAN_POINT ( 'NONE',  ( -15.24602590071209995, 3.990015364688362265, 25.46374681985686195 ) ) ;
#4887 = CARTESIAN_POINT ( 'NONE',  ( -15.29296934688405152, 4.499999999999948486, 25.54894036625554321 ) ) ;
#4888 = CARTESIAN_POINT ( 'NONE',  ( -15.30182276064156355, 4.077229703235028424, 25.46166647608491118 ) ) ;
#4889 = CARTESIAN_POINT ( 'NONE',  ( -15.07802350787254397, 3.908475719250734226, 25.53985660808098146 ) ) ;
#4890 = CARTESIAN_POINT ( 'NONE',  ( -15.24315816736011797, 3.979834182413984234, 25.56562769293262249 ) ) ;
#4891 = CARTESIAN_POINT ( 'NONE',  ( -15.06304633137746407, 3.900725566100123221, 25.58381212980069463 ) ) ;
#4892 = CARTESIAN_POINT ( 'NONE',  ( -15.14188738877370533, 4.474055201728566189, 25.49918431073031044 ) ) ;
#4893 = CARTESIAN_POINT ( 'NONE',  ( -13.49429690635351697, 3.900000000000000799, 25.76747322002408325 ) ) ;
#4894 = CARTESIAN_POINT ( 'NONE',  ( -15.23936536600185576, 4.436660214350432341, 25.49750965487321253 ) ) ;
#4895 = CARTESIAN_POINT ( 'NONE',  ( -15.12593863068509314, 3.910822211393341075, 25.53609312633539830 ) ) ;
#4896 = CARTESIAN_POINT ( 'NONE',  ( -15.27994893182511760, 4.059223710813717467, 25.57163794042363492 ) ) ;
#4897 = CARTESIAN_POINT ( 'NONE',  ( -15.12061516150608043, 3.910739314974081893, 25.59497301966188587 ) ) ;
#4898 = CARTESIAN_POINT ( 'NONE',  ( -15.30542213923880546, 4.099999999998174438, 25.50150757868408391 ) ) ;
#4899 = CARTESIAN_POINT ( 'NONE',  ( -11.02602090382278455, 4.500000000000000888, 28.89360024755317014 ) ) ;
#4900 = CARTESIAN_POINT ( 'NONE',  ( -15.14054602460333854, 4.487906337693032377, 25.56033256266553266 ) ) ;
#4901 = CARTESIAN_POINT ( 'NONE',  ( -5.892676686173381917, 4.299999999999999822, 23.66066795448883653 ) ) ;
#4902 = CARTESIAN_POINT ( 'NONE',  ( -14.63830935976108094, 3.899999999999999467, 26.09942466904830383 ) ) ;
#4903 = CARTESIAN_POINT ( 'NONE',  ( -15.22489677280414355, 4.452486076229463130, 25.51899184411910326 ) ) ;
#4904 = EDGE_CURVE ( 'NONE', #1037, #4966, #4770, .T. ) ;
#4905 = CYLINDRICAL_SURFACE ( 'NONE', #3668, 0.09999999999999947820 ) ;
#4906 = CIRCLE ( 'NONE', #3044, 0.09999999999999947820 ) ;
#4907 = CARTESIAN_POINT ( 'NONE',  ( -15.16205425452925049, 3.920429188954377864, 25.52734196504672326 ) ) ;
#4908 = CARTESIAN_POINT ( 'NONE',  ( -5.900018103691998306, 4.199999847142954046, 29.79647591788961236 ) ) ;
#4909 = CARTESIAN_POINT ( 'NONE',  ( -11.03772202817386372, 3.899999999999999023, 28.88810106347158069 ) ) ;
#4910 = CARTESIAN_POINT ( 'NONE',  ( -15.08502588017288737, 3.911234057099417072, 25.53094548948577724 ) ) ;
#4911 = CARTESIAN_POINT ( 'NONE',  ( -15.28872151252235234, 4.311007981797989608, 25.42904948571987944 ) ) ;
#4912 = CARTESIAN_POINT ( 'NONE',  ( -15.08876152638974943, 4.492168627832255901, 25.54198051200402730 ) ) ;
#4913 = CARTESIAN_POINT ( 'NONE',  ( -15.21131503444453870, 4.443832703018410157, 25.58407040763008666 ) ) ;
#4914 = CARTESIAN_POINT ( 'NONE',  ( -5.696376361025536461, 3.899999999999999467, 23.72185646856203434 ) ) ;
#4915 = CARTESIAN_POINT ( 'NONE',  ( -15.06864173235080884, 4.496828067490737268, 25.56279890704548663 ) ) ;
#4916 = CARTESIAN_POINT ( 'NONE',  ( -15.04634837849562778, 3.900037415324905332, 25.59673259941995838 ) ) ;
#4917 = CARTESIAN_POINT ( 'NONE',  ( -15.26260154058314633, 3.993538645342462612, 25.50068978351779592 ) ) ;
#4918 = B_SPLINE_CURVE_WITH_KNOTS ( 'NONE', 3,
 ( #1624, #4161, #4741, #2716, #2750, #351, #5919, #3905, #3356, #2995, #4841, #1486, #5864, #6289, #2877, #2963, #2472, #4763, #3676, #2306 ),
 .UNSPECIFIED., .F., .F.,
 ( 4, 2, 2, 2, 2, 2, 2, 2, 2, 4 ),
 ( 0.000000000000000000, 0.001125153941580052689, 0.001687730912370033823, 0.002250307883160014739, 0.003375461824740110580, 0.004500615766320206421, 0.005625769707900301828, 0.006750923649480397234, 0.007876077591060494376, 0.009001231532640588048 ),
 .UNSPECIFIED. ) ;
#4919 = CARTESIAN_POINT ( 'NONE',  ( -15.29511187421174334, 4.499999999999997335, 25.54258785355111172 ) ) ;
#4920 = CARTESIAN_POINT ( 'NONE',  ( -15.23763964784025227, 3.959606593551331599, 25.52530931840153627 ) ) ;
#4921 = CARTESIAN_POINT ( 'NONE',  ( -15.06398222765222350, 3.900687957651713944, 25.58531343244077405 ) ) ;
#4922 = CARTESIAN_POINT ( 'NONE',  ( -15.18205202658902842, 4.462861608012875791, 25.59064556156183912 ) ) ;
#4923 = CARTESIAN_POINT ( 'NONE',  ( -15.15260183373514025, 4.478318166123392174, 25.51321220704405945 ) ) ;
#4924 = CARTESIAN_POINT ( 'NONE',  ( -15.24727206797082069, 4.429193889864678546, 25.52285744815546664 ) ) ;
#4925 = CARTESIAN_POINT ( 'NONE',  ( -15.12013060247424967, 3.909978048875391465, 25.53783811177218865 ) ) ;
#4926 = CARTESIAN_POINT ( 'NONE',  ( -15.27547423759417811, 4.032385528529052188, 25.55898377990615700 ) ) ;
#4927 = CARTESIAN_POINT ( 'NONE',  ( -15.11748249665672539, 3.908982447844452146, 25.58935639199990320 ) ) ;
#4928 = CARTESIAN_POINT ( 'NONE',  ( -6.590050591250101952, 4.500000000000000000, 30.91061479186665295 ) ) ;
#4929 = CARTESIAN_POINT ( 'NONE',  ( -15.13642459066010204, 4.489057176603655996, 25.54715141650435584 ) ) ;
#4930 = CARTESIAN_POINT ( 'NONE',  ( -9.821736205064713232, 4.100000000000002309, 29.54578514959416680 ) ) ;
#4931 = CARTESIAN_POINT ( 'NONE',  ( -15.07519052309259422, 3.899999999999999467, 25.54411870407630758 ) ) ;
#4932 = CARTESIAN_POINT ( 'NONE',  ( -15.22955871088624669, 4.448787693708022850, 25.51676438081054954 ) ) ;
#4933 = CARTESIAN_POINT ( 'NONE',  ( -15.10654482068157556, 3.899999999999999467, 25.47579850077050523 ) ) ;
#4934 = CARTESIAN_POINT ( 'NONE',  ( -15.14001369237318606, 3.918902845439329319, 25.51495810776970430 ) ) ;
#4935 = CARTESIAN_POINT ( 'NONE',  ( -15.12051595273470284, 3.949426434252209184, 25.46358164951478642 ) ) ;
#4936 = CARTESIAN_POINT ( 'NONE',  ( -15.30574823877555879, 4.310968851088389009, 25.46667525798068965 ) ) ;
#4937 = CARTESIAN_POINT ( 'NONE',  ( -15.10797615700682961, 4.493911702204059999, 25.58340277025041942 ) ) ;
#4938 = CARTESIAN_POINT ( 'NONE',  ( -8.068222088181951079, 4.099999999999999645, 25.56302468899635372 ) ) ;
#4939 = CARTESIAN_POINT ( 'NONE',  ( -15.19966374066183690, 4.461842843253595703, 25.55685045352596774 ) ) ;
#4940 = CARTESIAN_POINT ( 'NONE',  ( -5.868285427127009513, 3.899999999999999911, 23.61964456616255958 ) ) ;
#4941 = CARTESIAN_POINT ( 'NONE',  ( -15.07358864462422510, 4.496540671068470552, 25.56112313674670489 ) ) ;
#4942 = CARTESIAN_POINT ( 'NONE',  ( -6.030965309561820753, 4.099999999999998757, 31.31355295340485512 ) ) ;
#4943 = CARTESIAN_POINT ( 'NONE',  ( -15.04606171168908979, 3.900041680737689198, 25.59626109000744165 ) ) ;
#4944 = CARTESIAN_POINT ( 'NONE',  ( -15.29556487447379176, 4.299999999999999822, 25.54121973877282059 ) ) ;
#4945 = CARTESIAN_POINT ( 'NONE',  ( -15.07505332601954962, 3.907789026129572907, 25.54245323532274270 ) ) ;
#4946 = CARTESIAN_POINT ( 'NONE',  ( -15.19969568720203590, 3.945951075380943696, 25.47472832204731930 ) ) ;
#4947 = CARTESIAN_POINT ( 'NONE',  ( -15.06023625786603759, 3.900998843464068777, 25.57930337669682785 ) ) ;
#4948 = CARTESIAN_POINT ( 'NONE',  ( -15.06604391148357180, 4.499235705180726796, 25.59259685130810169 ) ) ;
#4949 = CARTESIAN_POINT ( 'NONE',  ( -15.16565654270912589, 4.479572915693801782, 25.54693416873394085 ) ) ;
#4950 = CARTESIAN_POINT ( 'NONE',  ( -14.35714283251338586, 3.900000000000000799, 25.66896907152850460 ) ) ;
#4951 = CARTESIAN_POINT ( 'NONE',  ( -15.25106452098543741, 4.398914779302185885, 25.58186231140215483 ) ) ;
#4952 = CARTESIAN_POINT ( 'NONE',  ( -15.14504135645763760, 3.916581548630176712, 25.58231233726488796 ) ) ;
#4953 = CARTESIAN_POINT ( 'NONE',  ( -15.27738911306930092, 4.018740307421922786, 25.49358626376484338 ) ) ;
#4954 = CARTESIAN_POINT ( 'NONE',  ( -15.29299224582169536, 4.089583063809827834, 25.54808798545691317 ) ) ;
#4955 = CARTESIAN_POINT ( 'NONE',  ( -15.23742322907934721, 3.965010217084652400, 25.48671727270103560 ) ) ;
#4956 = CARTESIAN_POINT ( 'NONE',  ( -6.097393553615510164, 4.499999999999999112, 31.01403202187675134 ) ) ;
#4957 = CARTESIAN_POINT ( 'NONE',  ( -15.13948197173792565, 4.488314431084266865, 25.55838558826230411 ) ) ;
#4958 = CARTESIAN_POINT ( 'NONE',  ( -12.06522355398118584, 4.099999999999997868, 28.55166448991858985 ) ) ;
#4959 = CARTESIAN_POINT ( 'NONE',  ( -15.28537941399794775, 3.900000000000189093, 25.56885859165967645 ) ) ;
#4960 = CARTESIAN_POINT ( 'NONE',  ( -15.05436175145430333, 3.900353859242849275, 25.58803583092520384 ) ) ;
#4961 = CARTESIAN_POINT ( 'NONE',  ( -15.23570830886311533, 4.423346350493826407, 25.57621177248678634 ) ) ;
#4962 = CARTESIAN_POINT ( 'NONE',  ( -6.137008294716434165, 3.899999999999998135, 24.38500913858474561 ) ) ;
#4963 = CARTESIAN_POINT ( 'NONE',  ( -15.10759186044509939, 3.933080405715221772, 25.48557184737159176 ) ) ;
#4964 = CARTESIAN_POINT ( 'NONE',  ( -15.12288203870699554, 3.932548298301655976, 25.48595334206446950 ) ) ;
#4965 = CARTESIAN_POINT ( 'NONE',  ( -15.23553365748518473, 4.300000000000820499, 25.39617485928705776 ) ) ;
#4966 = VERTEX_POINT ( 'NONE', #3954 ) ;
#4967 = CARTESIAN_POINT ( 'NONE',  ( -15.29280954939264703, 4.310550618875248041, 25.54858585669121851 ) ) ;
#4968 = CARTESIAN_POINT ( 'NONE',  ( -15.12061516150608043, 3.910739314974081893, 25.59497301966188587 ) ) ;
#4969 = CARTESIAN_POINT ( 'NONE',  ( -15.08692772633207468, 4.489902324833775715, 25.53428734530753985 ) ) ;
#4970 = CARTESIAN_POINT ( 'NONE',  ( -15.13586110400239271, 4.441009279896257489, 25.45288340561545937 ) ) ;
#4971 = CARTESIAN_POINT ( 'NONE',  ( -15.19117172930132398, 3.930833067288126870, 25.50944375611395287 ) ) ;
#4972 = CARTESIAN_POINT ( 'NONE',  ( -7.246585549467048359, 4.099999999999999645, 25.15295204601234147 ) ) ;
#4973 = CARTESIAN_POINT ( 'NONE',  ( -15.09435519042790119, 4.495456459140952710, 25.59556038578328696 ) ) ;
#4974 = CARTESIAN_POINT ( 'NONE',  ( -5.962225148763100613, 4.099999999999998757, 31.36626672312892694 ) ) ;
#4975 = CARTESIAN_POINT ( 'NONE',  ( -15.05042859068218775, 3.900113404584921728, 25.59853790932521989 ) ) ;
#4976 = CARTESIAN_POINT ( 'NONE',  ( -15.28876374682429429, 4.073888628663570266, 25.55454097968635807 ) ) ;
#4977 = CARTESIAN_POINT ( 'NONE',  ( -15.29541387438643696, 4.500000000000000000, 25.54167577703225334 ) ) ;
#4978 = CARTESIAN_POINT ( 'NONE',  ( -15.11177360336432862, 3.908417483347736976, 25.59572227671776545 ) ) ;
#4979 = CARTESIAN_POINT ( 'NONE',  ( -15.23574117892532165, 3.976118635029154191, 25.57513379008085153 ) ) ;
#4980 = CARTESIAN_POINT ( 'NONE',  ( -15.05872453727190319, 3.901372263864855583, 25.57562383777677439 ) ) ;
#4981 = CARTESIAN_POINT ( 'NONE',  ( -15.06386759384748508, 4.499181159833955057, 25.59891221988635834 ) ) ;
#4982 = CARTESIAN_POINT ( 'NONE',  ( -15.16154907189297774, 4.480979555595389741, 25.53944060273619598 ) ) ;
#4983 = CARTESIAN_POINT ( 'NONE',  ( -15.12691796609682271, 3.899999999999999467, 25.59497305121691113 ) ) ;
#4984 = CARTESIAN_POINT ( 'NONE',  ( -15.25152953453075000, 4.404136290143495280, 25.57340293355826688 ) ) ;
#4985 = CARTESIAN_POINT ( 'NONE',  ( -15.10748544152595407, 3.913314496858782743, 25.52453823326554172 ) ) ;
#4986 = CARTESIAN_POINT ( 'NONE',  ( -15.26952938886619293, 4.016369752575031704, 25.46787957137838987 ) ) ;
#4987 = CARTESIAN_POINT ( 'NONE',  ( -15.24937529428850880, 3.973273400369981445, 25.52095858676431206 ) ) ;
#4988 = CARTESIAN_POINT ( 'NONE',  ( -15.06711399916966698, 3.902818927084106715, 25.56492052817701932 ) ) ;
#4989 = CARTESIAN_POINT ( 'NONE',  ( -8.301695316741815489, 4.500000000001629807, 30.01865234214374567 ) ) ;
#4990 = CARTESIAN_POINT ( 'NONE',  ( -15.12891950231952443, 4.488668723403129057, 25.53529854820033762 ) ) ;
#4991 = CARTESIAN_POINT ( 'NONE',  ( -11.84469511034240163, 4.499999999999998224, 28.45405044818030760 ) ) ;
#4992 = CARTESIAN_POINT ( 'NONE',  ( -15.13916592337177924, 4.099999999999385025, 25.81118801794535855 ) ) ;
#4993 = CARTESIAN_POINT ( 'NONE',  ( -15.22924798346214104, 4.446618591041938906, 25.53412288472756941 ) ) ;
#4994 = CARTESIAN_POINT ( 'NONE',  ( -15.13784476579153804, 3.915451513170658426, 25.52371116149021546 ) ) ;
#4995 = CARTESIAN_POINT ( 'NONE',  ( -15.18048046600960710, 3.931685693077504595, 25.57566579254875805 ) ) ;
#4996 = B_SPLINE_CURVE_WITH_KNOTS ( 'NONE', 3,
 ( #5728, #3895, #5245, #4302, #4760, #810, #1291, #375, #3255, #5310, #5341, #2319, #6243, #4796, #5820, #3827, #1830, #904, #2897, #2864, #4827, #3795, #2769, #437, #3312, #5755, #1895, #2379, #5276, #935, #4860, #5855, #4922, #3464, #5425, #1017, #169, #6046, #673, #272, #4042, #2628, #1668, #3183, #5111, #740, #2217, #803, #6182, #6270, #369, #3296, #825, #4222, #1274, #1880, #4780, #5232, #5262, #3846, #6227, #5199, #856, #6260, #2882, #3813 ),
 .UNSPECIFIED., .F., .F.,
 ( 4, 2, 2, 2, 2, 2, 2, 2, 2, 2, 2, 2, 2, 2, 2, 2, 2, 2, 2, 2, 2, 2, 2, 2, 2, 2, 2, 2, 2, 2, 2, 2, 4 ),
 ( 0.000000000000000000, 0.04124685195858890374, 0.08249370391717780748, 0.1649874078343557260, 0.2474811117515336445, 0.2887279637101225482, 0.3093513896894170001, 0.3299748156687114520, 0.3459966331158245145, 0.3620184505629375771, 0.3940620854571638132, 0.4261057203513900493, 0.4581493552456161744, 0.4901929901398422995, 0.5222366250340685356, 0.5542802599282946607, 0.5863238948225208969, 0.6133121427012170335, 0.6403003905799131701, 0.6672886384586093067, 0.6942768863373054433, 0.7482533820946977166, 0.7752416299733939642, 0.8022298778520901008, 0.8269511431205788243, 0.8516724083890675479, 0.8763936736575562714, 0.9011149389260451059, 0.9258362041945338294, 0.9505574694630225530, 0.9752787347315112765, 0.9876393673657556382, 1.000000000000000000 ),
 .UNSPECIFIED. ) ;
#4997 = CARTESIAN_POINT ( 'NONE',  ( -15.16070997431835110, 4.350229345177277551, 25.40099285642087423 ) ) ;
#4998 = CARTESIAN_POINT ( 'NONE',  ( -15.18115381284324172, 4.499999999999999112, 25.59574917485167234 ) ) ;
#4999 = ORIENTED_EDGE ( 'NONE', *, *, #4223, .F. ) ;
#5000 = CARTESIAN_POINT ( 'NONE',  ( -15.06817781487248809, 3.903344099630838393, 25.56184038804050473 ) ) ;
#5001 = CARTESIAN_POINT ( 'NONE',  ( -15.29080073945390517, 4.310510114665310866, 25.55420704896972595 ) ) ;
#5002 = CARTESIAN_POINT ( 'NONE',  ( -15.10302583224056505, 4.494939457500768398, 25.56447961205819652 ) ) ;
#5003 = CARTESIAN_POINT ( 'NONE',  ( -15.17850448483128289, 4.467385194429632556, 25.49266394873703234 ) ) ;
#5004 = CIRCLE ( 'NONE', #1819, 0.09999999999999947820 ) ;
#5005 = CARTESIAN_POINT ( 'NONE',  ( -15.22029671044796117, 3.964923317776768652, 25.58508483541886136 ) ) ;
#5006 = CARTESIAN_POINT ( 'NONE',  ( -8.367490301062508351, 4.100000000001517542, 25.65043032436798853 ) ) ;
#5007 = CARTESIAN_POINT ( 'NONE',  ( -15.09270240059249346, 4.496041068396432472, 25.59264540742440985 ) ) ;
#5008 = CARTESIAN_POINT ( 'NONE',  ( -15.04516604015867998, 3.900025249126156890, 25.59718795252265977 ) ) ;
#5009 = CARTESIAN_POINT ( 'NONE',  ( -15.29364448417736533, 4.070728108214219709, 25.44617637934847565 ) ) ;
#5010 = CARTESIAN_POINT ( 'NONE',  ( -13.53799772457553274, 4.499999999999999112, 27.16490002035702389 ) ) ;
#5011 = CARTESIAN_POINT ( 'NONE',  ( -15.09786002606990607, 3.904044089914222582, 25.57157940581636169 ) ) ;
#5012 = CARTESIAN_POINT ( 'NONE',  ( -15.22168057089945847, 3.945236847835310368, 25.51913939601954340 ) ) ;
#5013 = EDGE_CURVE ( 'NONE', #5507, #6295, #3455, .T. ) ;
#5014 = CARTESIAN_POINT ( 'NONE',  ( -15.06642343757525815, 3.900745973017935242, 25.58804050311921685 ) ) ;
#5015 = CARTESIAN_POINT ( 'NONE',  ( -15.06347443834298439, 4.499410699616326781, 25.58832699392179322 ) ) ;
#5016 = CARTESIAN_POINT ( 'NONE',  ( -15.16569650000059788, 4.478463708274512456, 25.52674745533759193 ) ) ;
#5017 = CARTESIAN_POINT ( 'NONE',  ( -15.17293069161801888, 3.899999999999999467, 25.59516565323620441 ) ) ;
#5018 = CARTESIAN_POINT ( 'NONE',  ( -15.15471146328019003, 4.393414269549029250, 25.41772250248420306 ) ) ;
#5019 = CARTESIAN_POINT ( 'NONE',  ( -15.13463972750215625, 3.911135983067715927, 25.56820911938610053 ) ) ;
#5020 = CARTESIAN_POINT ( 'NONE',  ( -15.21566454068475061, 4.003648404797177207, 25.43138777706954201 ) ) ;
#5021 = CARTESIAN_POINT ( 'NONE',  ( -7.070897272112342868, 4.499999999999999112, 30.37643849510531879 ) ) ;
#5022 = CARTESIAN_POINT ( 'NONE',  ( -15.13214490140213364, 4.487040652405654306, 25.52984457233020876 ) ) ;
#5023 = CARTESIAN_POINT ( 'NONE',  ( -15.04136205888855216, 4.499999999999999112, 25.60037349240651849 ) ) ;
#5024 = CARTESIAN_POINT ( 'NONE',  ( -11.32951601162119459, 3.900000000001645706, 28.96928848866778239 ) ) ;
#5025 = CARTESIAN_POINT ( 'NONE',  ( -15.04876031671384773, 3.900317342011656585, 25.58844275742128005 ) ) ;
#5026 = CARTESIAN_POINT ( 'NONE',  ( -15.15687305895332848, 4.422475167119924500, 25.43647636330562278 ) ) ;
#5027 = CARTESIAN_POINT ( 'NONE',  ( -15.17515172472785778, 3.929649495035885565, 25.57924817871530720 ) ) ;
#5028 = CARTESIAN_POINT ( 'NONE',  ( -14.93385538695849668, 4.299999999999811529, 25.40875969052153138 ) ) ;
#5029 = ORIENTED_EDGE ( 'NONE', *, *, #1398, .F. ) ;
#5030 = CARTESIAN_POINT ( 'NONE',  ( -15.09676893061421055, 3.904910549589001079, 25.59477294556472415 ) ) ;
#5031 = CARTESIAN_POINT ( 'NONE',  ( -15.04892476267733592, 4.499897053719013940, 25.59374452308160031 ) ) ;
#5032 = CARTESIAN_POINT ( 'NONE',  ( -15.09846458382583556, 4.493943981585827530, 25.55195689671606374 ) ) ;
#5033 = CARTESIAN_POINT ( 'NONE',  ( -15.20501240675297794, 4.462154584560574122, 25.54043509757340402 ) ) ;
#5034 = CARTESIAN_POINT ( 'NONE',  ( -15.18498378634836854, 3.931261728203733430, 25.49997915556428296 ) ) ;
#5035 = CARTESIAN_POINT ( 'NONE',  ( -15.26284485545618708, 4.349057562416051681, 25.42635426755710171 ) ) ;
#5036 = CARTESIAN_POINT ( 'NONE',  ( -8.982857027902273472, 4.099999999996986944, 25.77528548207979853 ) ) ;
#5037 = CARTESIAN_POINT ( 'NONE',  ( -15.07181017838165005, 4.496024151767591626, 25.55838323461598804 ) ) ;
#5038 = CARTESIAN_POINT ( 'NONE',  ( -15.04243194394273431, 3.899999999999999023, 25.59979470086737052 ) ) ;
#5039 = CARTESIAN_POINT ( 'NONE',  ( -15.29978241553389395, 4.078209257120707143, 25.52036540645697471 ) ) ;
#5040 = CARTESIAN_POINT ( 'NONE',  ( -13.12594972165716456, 4.499999999998370193, 27.77455139885377022 ) ) ;
#5041 = CARTESIAN_POINT ( 'NONE',  ( -15.09397376844358263, 3.903433243373945594, 25.57505096794158561 ) ) ;
#5042 = CARTESIAN_POINT ( 'NONE',  ( -15.14516626972632451, 3.975720806899051496, 25.43787342146497821 ) ) ;
#5043 = CARTESIAN_POINT ( 'NONE',  ( -15.07073845693302516, 3.901311152223597034, 25.59654860861279246 ) ) ;
#5044 = CARTESIAN_POINT ( 'NONE',  ( -15.05957186527800928, 4.499546467397796512, 25.59668900492685495 ) ) ;
#5045 = CARTESIAN_POINT ( 'NONE',  ( -15.16434727251635017, 4.479355923439516829, 25.53117063398893904 ) ) ;
#5046 = CARTESIAN_POINT ( 'NONE',  ( -15.18172140485795296, 3.899999999999999467, 25.59580109123015745 ) ) ;
#5047 = CARTESIAN_POINT ( 'NONE',  ( -15.23514312954977434, 4.428289367346329719, 25.47237261048655910 ) ) ;
#5048 = CARTESIAN_POINT ( 'NONE',  ( -15.11783519446375834, 3.909447671627537257, 25.53964884833106197 ) ) ;
#5049 = CARTESIAN_POINT ( 'NONE',  ( -15.22791316664650019, 4.000247310549926993, 25.43955180004331140 ) ) ;
#5050 = CARTESIAN_POINT ( 'NONE',  ( -15.25306050678444514, 3.983981351853874919, 25.54662817982362810 ) ) ;
#5051 = CARTESIAN_POINT ( 'NONE',  ( -7.170072175583801943, 4.299999999999999822, 30.55018876621740986 ) ) ;
#5052 = CARTESIAN_POINT ( 'NONE',  ( -14.66082698167311982, 4.499999999996232347, 25.43530119148364932 ) ) ;
#5053 = CARTESIAN_POINT ( 'NONE',  ( -15.14758326714279413, 4.486303526025128718, 25.54935396292383132 ) ) ;
#5054 = CARTESIAN_POINT ( 'NONE',  ( -5.900018103691998306, 4.500000000000000000, 31.16203331118273212 ) ) ;
#5055 = CARTESIAN_POINT ( 'NONE',  ( -11.65855618992928200, 3.899999999999999467, 28.56654318003840487 ) ) ;
#5056 = CARTESIAN_POINT ( 'NONE',  ( -15.16273488455613183, 4.420600421534878421, 25.43521170324089198 ) ) ;
#5057 = CARTESIAN_POINT ( 'NONE',  ( -15.13536633498663520, 3.917929837720220743, 25.51566786507938289 ) ) ;
#5058 = CARTESIAN_POINT ( 'NONE',  ( -15.10551070684784136, 4.469938023795045900, 25.49041985161376189 ) ) ;
#5059 = CARTESIAN_POINT ( 'NONE',  ( -15.17623391897672747, 4.299999999999975842, 25.39508266843771622 ) ) ;
#5060 = CARTESIAN_POINT ( 'NONE',  ( -15.09297513372726840, 3.904047068486352856, 25.59314823975567421 ) ) ;
#5061 = CARTESIAN_POINT ( 'NONE',  ( -15.04638287123975893, 4.499967541784474889, 25.59917867876769648 ) ) ;
#5062 = CARTESIAN_POINT ( 'NONE',  ( -15.10204434518801087, 3.906225614589294182, 25.59652880460001612 ) ) ;
#5063 = CARTESIAN_POINT ( 'NONE',  ( -15.11763626519948289, 4.492635025211864530, 25.55575076009603563 ) ) ;
#5064 = CARTESIAN_POINT ( 'NONE',  ( -11.60981873545312659, 4.099999999999998757, 25.75877552502340251 ) ) ;
#5065 = CARTESIAN_POINT ( 'NONE',  ( -15.13470004561245652, 4.436330235485948847, 25.44841444421502530 ) ) ;
#5066 = CARTESIAN_POINT ( 'NONE',  ( -15.17647119747175566, 3.936586756592459047, 25.48338463722977210 ) ) ;
#5067 = CARTESIAN_POINT ( 'NONE',  ( -6.900018103691998306, 4.199999847142954046, 29.79647591788961236 ) ) ;
#5068 = CARTESIAN_POINT ( 'NONE',  ( -15.28578880061740009, 4.349692705499460743, 25.45208851972454767 ) ) ;
#5069 = CARTESIAN_POINT ( 'NONE',  ( -7.702319687590847508, 3.900000000000000355, 25.63474672270868027 ) ) ;
#5070 = CARTESIAN_POINT ( 'NONE',  ( -15.09087821684092390, 4.496879052192750414, 25.58444103862977315 ) ) ;
#5071 = CARTESIAN_POINT ( 'NONE',  ( -15.04551141002355230, 3.900022521923414143, 25.59775226237814394 ) ) ;
#5072 = CARTESIAN_POINT ( 'NONE',  ( -14.02250727993378554, 4.299999999997544897, 26.99487922717116817 ) ) ;
#5073 = CARTESIAN_POINT ( 'NONE',  ( -15.08544439024129602, 3.903825962948841433, 25.56102476765165221 ) ) ;
#5074 = CARTESIAN_POINT ( 'NONE',  ( -15.22874070673914915, 3.955877295770925617, 25.54527015636266896 ) ) ;
#5075 = CARTESIAN_POINT ( 'NONE',  ( -15.06854378929067906, 4.499073920617128408, 25.59178013663563078 ) ) ;
#5076 = DIRECTION ( 'NONE',  ( 1.000000000000000000, 0.000000000000000000, 0.000000000000000000 ) ) ;
#5077 = CARTESIAN_POINT ( 'NONE',  ( -15.16263997341752479, 4.475456496431050368, 25.50926340727720643 ) ) ;
#5078 = CARTESIAN_POINT ( 'NONE',  ( -15.11982211178760771, 3.900000000000282796, 25.39506353271046279 ) ) ;
#5079 = CARTESIAN_POINT ( 'NONE',  ( -15.25799082973748888, 4.414393610092416154, 25.51879343358767827 ) ) ;
#5080 = CARTESIAN_POINT ( 'NONE',  ( -15.11026174380243781, 3.906575531428210013, 25.55479654354980923 ) ) ;
#5081 = CARTESIAN_POINT ( 'NONE',  ( -15.26887681828939947, 4.002786525525122485, 25.51353431436247376 ) ) ;
#5082 = CARTESIAN_POINT ( 'NONE',  ( -15.22548920191381505, 3.962814023194538127, 25.47190305434147461 ) ) ;
#5083 = CARTESIAN_POINT ( 'NONE',  ( -15.07719470601858447, 3.901686219812574574, 25.59110396206245497 ) ) ;
#5084 = CARTESIAN_POINT ( 'NONE',  ( -5.735933015313903205, 4.499999999999999112, 31.28884018284747270 ) ) ;
#5085 = CARTESIAN_POINT ( 'NONE',  ( -11.74993703993051142, 4.300000000003012524, 25.74664955478763773 ) ) ;
#5086 = CARTESIAN_POINT ( 'NONE',  ( -15.10857209695458891, 4.472870389976887573, 25.49510226067656049 ) ) ;
#5087 = CARTESIAN_POINT ( 'NONE',  ( -14.21474106017725347, 4.499999999999999112, 26.53513958748020940 ) ) ;
#5088 = CARTESIAN_POINT ( 'NONE',  ( -12.65676212864485883, 4.099999999999999645, 28.14008597656176036 ) ) ;
#5089 = CARTESIAN_POINT ( 'NONE',  ( -15.05863337859238982, 3.900371531524771118, 25.59493082458727287 ) ) ;
#5090 = CARTESIAN_POINT ( 'NONE',  ( -15.24324579620724940, 4.414846977695187746, 25.57483720264140103 ) ) ;
#5091 = CARTESIAN_POINT ( 'NONE',  ( -15.16480046150609873, 3.926028261255574137, 25.58593327389194982 ) ) ;
#5092 = CARTESIAN_POINT ( 'NONE',  ( -15.09065189641841798, 4.482978485017475201, 25.51585609336698468 ) ) ;
#5093 = CARTESIAN_POINT ( 'NONE',  ( -15.19769756829446017, 4.299999999999999822, 25.39643147335186057 ) ) ;
#5094 = ORIENTED_EDGE ( 'NONE', *, *, #435, .T. ) ;
#5095 = CARTESIAN_POINT ( 'NONE',  ( -15.04550715264489646, 4.499977792385182696, 25.59775469163707484 ) ) ;
#5096 = CARTESIAN_POINT ( 'NONE',  ( -12.26684137464023117, 4.499999999995925926, 28.41679461500734050 ) ) ;
#5097 = CARTESIAN_POINT ( 'NONE',  ( -15.13238441635112075, 4.485873984257919389, 25.59329422731168435 ) ) ;
#5098 = CARTESIAN_POINT ( 'NONE',  ( -15.16928851132554534, 4.460444125883711308, 25.47717192801762565 ) ) ;
#5099 = CARTESIAN_POINT ( 'NONE',  ( -15.21446194969893995, 3.953796516403058625, 25.57196787004189886 ) ) ;
#5100 = CARTESIAN_POINT ( 'NONE',  ( -5.900018103691999194, 3.927870273783167221, 23.86003598599638309 ) ) ;
#5101 = CARTESIAN_POINT ( 'NONE',  ( -15.25622238774360362, 4.362962705733247404, 25.43121424171931011 ) ) ;
#5102 = CARTESIAN_POINT ( 'NONE',  ( -8.571355017461065984, 3.899999999997722178, 25.69981239769852621 ) ) ;
#5103 = CARTESIAN_POINT ( 'NONE',  ( -15.08758791952638845, 4.496989965812788981, 25.56933134476113523 ) ) ;
#5104 = CARTESIAN_POINT ( 'NONE',  ( -15.04638956173592490, 3.900032739365787648, 25.59915502724237868 ) ) ;
#5105 = CARTESIAN_POINT ( 'NONE',  ( -15.22246427745563402, 4.299999999999998934, 25.68827525352952534 ) ) ;
#5106 = STYLED_ITEM ( 'NONE', ( #424 ), #3153 ) ;
#5107 = CARTESIAN_POINT ( 'NONE',  ( -15.16397074891620811, 3.994872643813120572, 25.42487158135709535 ) ) ;
#5108 = CARTESIAN_POINT ( 'NONE',  ( -15.07646732780357191, 3.905441522400667331, 25.55145853196300365 ) ) ;
#5109 = CARTESIAN_POINT ( 'NONE',  ( -15.13447787294782643, 3.965031434036482505, 25.44716324977684607 ) ) ;
#5110 = CARTESIAN_POINT ( 'NONE',  ( -15.07243897865551396, 4.498839294062765504, 25.58828464105005551 ) ) ;
#5111 = CARTESIAN_POINT ( 'NONE',  ( -15.12134407428377969, 4.488893381726581033, 25.59584159012601745 ) ) ;
#5112 = CARTESIAN_POINT ( 'NONE',  ( -15.19482347780512654, 4.300000000000817835, 25.39614805954321852 ) ) ;
#5113 = CARTESIAN_POINT ( 'NONE',  ( -15.16738882288465184, 4.478754939935233992, 25.53645698841567935 ) ) ;
#5114 = CARTESIAN_POINT ( 'NONE',  ( -15.20068877091007842, 3.899999999999999467, 25.39670147335288064 ) ) ;
#5115 = CARTESIAN_POINT ( 'NONE',  ( -15.20405985163853302, 4.412914719946849473, 25.43780254526314977 ) ) ;
#5116 = CARTESIAN_POINT ( 'NONE',  ( -15.12284447068551074, 3.908117088361767966, 25.56473505612446573 ) ) ;
#5117 = CARTESIAN_POINT ( 'NONE',  ( -15.23947403385563781, 3.997718965410992364, 25.44941282092839430 ) ) ;
#5118 = CARTESIAN_POINT ( 'NONE',  ( -15.22825239720507895, 3.955714002441019783, 25.48670757565643186 ) ) ;
#5119 = CARTESIAN_POINT ( 'NONE',  ( -15.06845823191470579, 3.901351459039694713, 25.57667360177856608 ) ) ;
#5120 = CARTESIAN_POINT ( 'NONE',  ( -9.099323568824175368, 4.299999999999999822, 25.78994951669994506 ) ) ;
#5121 = CARTESIAN_POINT ( 'NONE',  ( -15.13852174426542696, 4.487080823430516396, 25.53431330169016533 ) ) ;
#5122 = CARTESIAN_POINT ( 'NONE',  ( -10.62244427002810632, 4.499999999999999112, 29.06567221922718147 ) ) ;
#5123 = CARTESIAN_POINT ( 'NONE',  ( -7.161147136904977728, 4.299999999999620570, 25.09462074088302685 ) ) ;
#5124 = CARTESIAN_POINT ( 'NONE',  ( -13.21788214399095551, 3.900000000004882672, 27.69928077555321622 ) ) ;
#5125 = CARTESIAN_POINT ( 'NONE',  ( -15.05267301232057875, 3.900210848166671518, 25.59981666202904194 ) ) ;
#5126 = CARTESIAN_POINT ( 'NONE',  ( -15.15914175249527673, 4.418175176233867241, 25.43332020674069227 ) ) ;
#5127 = CARTESIAN_POINT ( 'NONE',  ( -15.12082521054062489, 3.919392933182091809, 25.50966489468586218 ) ) ;
#5128 = CARTESIAN_POINT ( 'NONE',  ( -15.18782611183964093, 4.299999999999999822, 25.39568905142161626 ) ) ;
#5129 = VERTEX_POINT ( 'NONE', #2907 ) ;
#5130 = CARTESIAN_POINT ( 'NONE',  ( -15.08290777150764050, 3.902123794029753956, 25.58573149463949647 ) ) ;
#5131 = CARTESIAN_POINT ( 'NONE',  ( -15.04678252953929807, 4.499964303226712481, 25.59744416390572397 ) ) ;
#5132 = CARTESIAN_POINT ( 'NONE',  ( -15.11864239205500660, 4.492570543352753631, 25.55740908844217785 ) ) ;
#5133 = CARTESIAN_POINT ( 'NONE',  ( -15.20868940805122449, 4.462618325165080613, 25.51852664939708504 ) ) ;
#5134 = CARTESIAN_POINT ( 'NONE',  ( -15.19487820534263811, 3.936878917549935686, 25.56353009305500734 ) ) ;
#5135 = CARTESIAN_POINT ( 'NONE',  ( -15.10511251317905135, 3.899999999999999467, 25.48013266983489089 ) ) ;
#5136 = CARTESIAN_POINT ( 'NONE',  ( -5.900018103691998306, 3.987281019832253026, 23.73931870142957123 ) ) ;
#5137 = CARTESIAN_POINT ( 'NONE',  ( -15.27356608597757237, 4.388262614645589643, 25.49644181686452526 ) ) ;
#5138 = CARTESIAN_POINT ( 'NONE',  ( -8.810058491051773188, 4.500000000000000888, 25.94845218845120982 ) ) ;
#5139 = CARTESIAN_POINT ( 'NONE',  ( -15.07580651575576169, 4.493291286225367998, 25.54628332191426665 ) ) ;
#5140 = CARTESIAN_POINT ( 'NONE',  ( -15.04391856181308817, 3.900007057885709560, 25.59986197797373464 ) ) ;
#5141 = CARTESIAN_POINT ( 'NONE',  ( -14.19625031400194359, 4.500000000004090950, 26.83136001682863991 ) ) ;
#5142 = DIRECTION ( 'NONE',  ( 1.000000000000000000, -0.000000000000000000, -1.411534255948957224E-16 ) ) ;
#5143 = CARTESIAN_POINT ( 'NONE',  ( -15.09309043059964850, 3.903452445240230162, 25.57118180671673358 ) ) ;
#5144 = CARTESIAN_POINT ( 'NONE',  ( -15.18242980069932280, 3.940025492956453324, 25.47850255007529086 ) ) ;
#5145 = CARTESIAN_POINT ( 'NONE',  ( -15.22348378507916955, 4.499999999999999112, 25.59969368633073117 ) ) ;
#5146 = CARTESIAN_POINT ( 'NONE',  ( -15.06477451231380726, 4.499292941005535340, 25.58551816430144044 ) ) ;
#5147 = CARTESIAN_POINT ( 'NONE',  ( -15.04373042122514192, 4.499994390808738309, 25.59959877698924657 ) ) ;
#5148 = CARTESIAN_POINT ( 'NONE',  ( -15.25923362573920450, 4.300000000000821387, 25.40917513605600675 ) ) ;
#5149 = CARTESIAN_POINT ( 'NONE',  ( -15.17999314662503885, 4.472787874830610910, 25.55379013328676763 ) ) ;
#5150 = CARTESIAN_POINT ( 'NONE',  ( -15.24107346904006022, 3.899999999999999911, 25.40041692842746457 ) ) ;
#5151 = CARTESIAN_POINT ( 'NONE',  ( -15.15606319178375827, 4.389353241695135743, 25.41564548177031213 ) ) ;
#5152 = CARTESIAN_POINT ( 'NONE',  ( -15.10892777099027384, 3.908446590039087898, 25.54190122129619667 ) ) ;
#5153 = CARTESIAN_POINT ( 'NONE',  ( -15.23217491116395550, 3.958106958993634628, 25.48973144997745166 ) ) ;
#5154 = CARTESIAN_POINT ( 'NONE',  ( -15.07367426771657648, 3.901230335714112929, 25.58516206354414280 ) ) ;
#5155 = CARTESIAN_POINT ( 'NONE',  ( -8.787200439352346848, 4.300000000000000711, 25.74115257734628770 ) ) ;
#5156 = CARTESIAN_POINT ( 'NONE',  ( -15.13152076361946641, 4.485466697240195977, 25.52408355460149636 ) ) ;
#5157 = CARTESIAN_POINT ( 'NONE',  ( -6.782355955086208255, 4.500000000000000888, 25.06251780965849107 ) ) ;
#5158 = CARTESIAN_POINT ( 'NONE',  ( -14.31170709933751795, 3.900000000000000355, 26.43911927166123732 ) ) ;
#5159 = CARTESIAN_POINT ( 'NONE',  ( -15.05081142628350754, 3.900109779802136689, 25.59675663893074926 ) ) ;
#5160 = CARTESIAN_POINT ( 'NONE',  ( -15.14376147881936951, 4.409223064500128686, 25.42713907017521890 ) ) ;
#5161 = CARTESIAN_POINT ( 'NONE',  ( -15.10997465838685017, 3.924078619322924233, 25.50048287308997175 ) ) ;
#5162 = CARTESIAN_POINT ( 'NONE',  ( -15.08597580463947452, 4.486167579663177030, 25.52390598341377981 ) ) ;
#5163 = ORIENTED_EDGE ( 'NONE', *, *, #4486, .F. ) ;
#5164 = CARTESIAN_POINT ( 'NONE',  ( -15.04767806259092211, 4.499839226246905355, 25.59161949759922550 ) ) ;
#5165 = CARTESIAN_POINT ( 'NONE',  ( -15.11779710376376862, 4.491603127235011428, 25.58404547973522014 ) ) ;
#5166 = CARTESIAN_POINT ( 'NONE',  ( -13.18202305503590743, 4.100000000000000533, 27.73022258138911056 ) ) ;
#5167 = CARTESIAN_POINT ( 'NONE',  ( -15.15823114193595877, 4.446672023582345368, 25.45842693771166410 ) ) ;
#5168 = DIRECTION ( 'NONE',  ( 0.000000000000000000, 1.000000000000000000, 0.000000000000000000 ) ) ;
#5169 = CARTESIAN_POINT ( 'NONE',  ( -15.14553513513367555, 3.926810926203881280, 25.49794972918070002 ) ) ;
#5170 = CARTESIAN_POINT ( 'NONE',  ( -15.30628588067552975, 4.299999999999999822, 25.50884102235368545 ) ) ;
#5171 = CARTESIAN_POINT ( 'NONE',  ( -15.28782530833835374, 4.362051269027315215, 25.48902596056280956 ) ) ;
#5172 = CARTESIAN_POINT ( 'NONE',  ( -5.847329742097142180, 4.099999999999999645, 31.45559169149261436 ) ) ;
#5173 = CARTESIAN_POINT ( 'NONE',  ( -15.08407825475222275, 4.497568418244538790, 25.57307338169420419 ) ) ;
#5174 = CARTESIAN_POINT ( 'NONE',  ( -15.05918278801502197, 3.900419536688769284, 25.58854192167094865 ) ) ;
#5175 = CARTESIAN_POINT ( 'NONE',  ( -15.04136205888854683, 4.499999999999999112, 25.60037349240651849 ) ) ;
#5176 = CARTESIAN_POINT ( 'NONE',  ( -15.10091702738542452, 3.904763358414271135, 25.58449372290814594 ) ) ;
#5177 = CARTESIAN_POINT ( 'NONE',  ( -15.22348385621370070, 3.960883429038007719, 25.56992134237951930 ) ) ;
#5178 = CARTESIAN_POINT ( 'NONE',  ( -15.21454075173122078, 4.500000000000000000, 25.39799328351288210 ) ) ;
#5179 = CARTESIAN_POINT ( 'NONE',  ( -15.07804782119201192, 4.497793099055075849, 25.59787953336916644 ) ) ;
#5180 = CARTESIAN_POINT ( 'NONE',  ( -8.837857904631700734, 4.299999999999998934, 29.83395419719010633 ) ) ;
#5181 = CARTESIAN_POINT ( 'NONE',  ( -15.24270321828942087, 4.389765463926170952, 25.44153534758051904 ) ) ;
#5182 = CARTESIAN_POINT ( 'NONE',  ( -15.09281039734400132, 3.912157817752397904, 25.52791899656727992 ) ) ;
#5183 = CARTESIAN_POINT ( 'NONE',  ( -15.24876933339167095, 3.984371778857211499, 25.56034374118241104 ) ) ;
#5184 = CARTESIAN_POINT ( 'NONE',  ( -15.06967031505078403, 3.901235759051033813, 25.57861977795964137 ) ) ;
#5185 = CARTESIAN_POINT ( 'NONE',  ( -11.82186604838716271, 4.299999999999998046, 25.74024179985442018 ) ) ;
#5186 = CARTESIAN_POINT ( 'NONE',  ( -15.13107738095307475, 4.481972411947773516, 25.51435117952707898 ) ) ;
#5187 = CARTESIAN_POINT ( 'NONE',  ( -8.367688314943150019, 4.500000000001517897, 25.65048317393545929 ) ) ;
#5188 = CARTESIAN_POINT ( 'NONE',  ( -6.590051692643378090, 4.099999999999999645, 30.91061408242227060 ) ) ;
#5189 = CARTESIAN_POINT ( 'NONE',  ( -15.04871878206735936, 3.900116672911529303, 25.59336933282982329 ) ) ;
#5190 = CARTESIAN_POINT ( 'NONE',  ( -15.24290921731619619, 4.419863893794102161, 25.56669737404950027 ) ) ;
#5191 = CARTESIAN_POINT ( 'NONE',  ( -15.11783688148685023, 3.921154353256776748, 25.50587964137452701 ) ) ;
#5192 = DIMENSIONAL_EXPONENTS ( 1.000000000000000000, 0.000000000000000000, 0.000000000000000000, 0.000000000000000000, 0.000000000000000000, 0.000000000000000000, 0.000000000000000000 ) ;
#5193 = EDGE_LOOP ( 'NONE', ( #5926, #5029 ) ) ;
#5194 = CARTESIAN_POINT ( 'NONE',  ( -15.05077310806943558, 4.499896469239295982, 25.59679953806499952 ) ) ;
#5195 = CARTESIAN_POINT ( 'NONE',  ( -15.09933113180188435, 4.480198750128152163, 25.50938888317170594 ) ) ;
#5196 = CARTESIAN_POINT ( 'NONE',  ( -15.15382086300391862, 4.450950095893614566, 25.46329915749243256 ) ) ;
#5197 = CARTESIAN_POINT ( 'NONE',  ( -12.38726426293173866, 3.899999999999999911, 25.88713386204091194 ) ) ;
#5198 = CARTESIAN_POINT ( 'NONE',  ( -15.15899254667229989, 3.928043379780563171, 25.49800361670161664 ) ) ;
#5199 = CARTESIAN_POINT ( 'NONE',  ( -15.04841045881298989, 4.499920008719537456, 25.60006467318006784 ) ) ;
#5200 = CARTESIAN_POINT ( 'NONE',  ( -15.29445634005589838, 4.346896551416105758, 25.50778733572973778 ) ) ;
#5201 = CARTESIAN_POINT ( 'NONE',  ( -5.900018103691999194, 4.386618319539572930, 23.71110891538380727 ) ) ;
#5202 = CARTESIAN_POINT ( 'NONE',  ( -15.08822736181237012, 4.497012475046290092, 25.57037137037837482 ) ) ;
#5203 = CARTESIAN_POINT ( 'NONE',  ( -15.04136205888854327, 3.899999999999999023, 25.60037349240651849 ) ) ;
#5204 = CARTESIAN_POINT ( 'NONE',  ( -15.06984956142937015, 3.901358348966760481, 25.59889418559551189 ) ) ;
#5205 = CARTESIAN_POINT ( 'NONE',  ( -15.04136205888854683, 4.499999999999999112, 25.60037349240651849 ) ) ;
#5206 = CARTESIAN_POINT ( 'NONE',  ( -15.09422964747431095, 3.903554528669776147, 25.58277429278717463 ) ) ;
#5207 = CARTESIAN_POINT ( 'NONE',  ( -15.20345685847380857, 3.935596223774665781, 25.50654224461575836 ) ) ;
#5208 = CARTESIAN_POINT ( 'NONE',  ( -8.025459617716560246, 3.900000000000000355, 29.91023975529275347 ) ) ;
#5209 = CARTESIAN_POINT ( 'NONE',  ( -15.05760352176344874, 4.498428915974367115, 25.57391557633319934 ) ) ;
#5210 = CARTESIAN_POINT ( 'NONE',  ( -15.04399777193006216, 4.499992019183560288, 25.60001987098802090 ) ) ;
#5211 = CARTESIAN_POINT ( 'NONE',  ( -15.18838058380491773, 3.899999999999999467, 25.59641374605623909 ) ) ;
#5212 = CARTESIAN_POINT ( 'NONE',  ( -15.27009957942119733, 4.392444925676384671, 25.53370534336342601 ) ) ;
#5213 = VECTOR ( 'NONE', #5515, 39.37007874015748143 ) ;
#5214 = CARTESIAN_POINT ( 'NONE',  ( -15.08761343334359140, 3.915158129187029878, 25.52033256754322466 ) ) ;
#5215 = ADVANCED_FACE ( 'NONE', ( #4869 ), #405, .T. ) ;
#5216 = CARTESIAN_POINT ( 'NONE',  ( -15.19577474510803761, 3.965636418008907871, 25.45110260970681892 ) ) ;
#5217 = CARTESIAN_POINT ( 'NONE',  ( -15.08450192161077830, 3.902749712942638283, 25.59359991250885358 ) ) ;
#5218 = CARTESIAN_POINT ( 'NONE',  ( -5.893615086098298761, 4.500000000000000000, 31.41950695832113638 ) ) ;
#5219 = CARTESIAN_POINT ( 'NONE',  ( -15.21747342942397196, 3.962373383303063434, 25.58542368890005747 ) ) ;
#5220 = CARTESIAN_POINT ( 'NONE',  ( -15.15249745851396845, 4.484665413430042769, 25.54697523101653900 ) ) ;
#5221 = CARTESIAN_POINT ( 'NONE',  ( -7.161147136904616239, 4.499999999999241496, 25.09462074088244776 ) ) ;
#5222 = CARTESIAN_POINT ( 'NONE',  ( -9.979751398218237313, 3.900000000004909317, 29.50048691816319391 ) ) ;
#5223 = CARTESIAN_POINT ( 'NONE',  ( -15.04737619155718775, 3.900192538300990996, 25.59105167657988744 ) ) ;
#5224 = CARTESIAN_POINT ( 'NONE',  ( -15.22209466848368109, 4.442494193049257412, 25.47569920224855977 ) ) ;
#5225 = CARTESIAN_POINT ( 'NONE',  ( -15.17129866734263111, 3.929910923765796316, 25.58771678683309148 ) ) ;
#5226 = CARTESIAN_POINT ( 'NONE',  ( -15.16384842057095383, 4.099999999998171774, 25.39476484763618913 ) ) ;
#5227 = CARTESIAN_POINT ( 'NONE',  ( -15.05257868583299441, 4.499852267009181617, 25.59492906508221921 ) ) ;
#5228 = CARTESIAN_POINT ( 'NONE',  ( -15.13250152507725943, 4.489754996025396849, 25.56384013952481737 ) ) ;
#5229 = CARTESIAN_POINT ( 'NONE',  ( -15.20505805103733543, 4.463159602575548668, 25.50245917282507691 ) ) ;
#5230 = CARTESIAN_POINT ( 'NONE',  ( -5.900018103691999194, 4.329733273011238559, 31.41187394578361847 ) ) ;
#5231 = CARTESIAN_POINT ( 'NONE',  ( -15.16497207037718020, 3.925961246554071415, 25.50578186804863634 ) ) ;
#5232 = CARTESIAN_POINT ( 'NONE',  ( -15.06411249532840912, 4.499141888909015563, 25.59932424188647815 ) ) ;
#5233 = CARTESIAN_POINT ( 'NONE',  ( -15.29139898264912922, 4.321217115300382439, 25.54915111772917768 ) ) ;
#5234 = CARTESIAN_POINT ( 'NONE',  ( -6.542306868221086091, 4.499999999999999112, 24.84279765569560539 ) ) ;
#5235 = CARTESIAN_POINT ( 'NONE',  ( -15.08498099622225475, 4.494389222530973171, 25.55099159502894679 ) ) ;
#5236 = CARTESIAN_POINT ( 'NONE',  ( -15.04136205888854327, 3.899999999999999023, 25.60037349240651139 ) ) ;
#5237 = CARTESIAN_POINT ( 'NONE',  ( -15.05868649142286131, 3.900432412068102650, 25.58774801140366861 ) ) ;
#5238 = DIRECTION ( 'NONE',  ( 1.000000000000000000, -0.000000000000000000, -1.411534255948957224E-16 ) ) ;
#5239 = CARTESIAN_POINT ( 'NONE',  ( -15.09897832402507767, 3.904955397295189812, 25.59106495866704378 ) ) ;
#5240 = CARTESIAN_POINT ( 'NONE',  ( -15.08235575108562720, 4.497769142632860095, 25.58997381147297290 ) ) ;
#5241 = CARTESIAN_POINT ( 'NONE',  ( -8.396648489869969367, 4.299999999999999822, 29.98325636963780738 ) ) ;
#5242 = CARTESIAN_POINT ( 'NONE',  ( -15.15756327652526281, 4.366139083406900490, 25.40570855360295610 ) ) ;
#5243 = CARTESIAN_POINT ( 'NONE',  ( -15.23046109528199032, 3.956009934281881968, 25.49071411659477349 ) ) ;
#5244 = CARTESIAN_POINT ( 'NONE',  ( -15.07146989734254205, 3.901250435012255213, 25.59397364389838714 ) ) ;
#5245 = CARTESIAN_POINT ( 'NONE',  ( -15.28196473329276373, 4.310336069062341124, 25.57637895222561752 ) ) ;
#5246 = CARTESIAN_POINT ( 'NONE',  ( -15.11822159466599658, 4.472541025881142218, 25.49425583790288385 ) ) ;
#5247 = CARTESIAN_POINT ( 'NONE',  ( -9.821805202139836766, 4.300000000000000711, 25.83623491293754881 ) ) ;
#5248 = CARTESIAN_POINT ( 'NONE',  ( -7.903453083196308349, 3.899999999999999467, 29.96104699567163721 ) ) ;
#5249 = CARTESIAN_POINT ( 'NONE',  ( -15.05539053963972052, 3.900317689559870349, 25.59941875138855849 ) ) ;
#5250 = CARTESIAN_POINT ( 'NONE',  ( -15.24449930956477672, 4.410774356204734126, 25.57874157457028730 ) ) ;
#5251 = CARTESIAN_POINT ( 'NONE',  ( -15.14755415760404844, 3.913863632875833165, 25.55581894120024344 ) ) ;
#5252 = CARTESIAN_POINT ( 'NONE',  ( -15.28163375362300513, 4.047535804680932436, 25.55718709517622855 ) ) ;
#5253 = CARTESIAN_POINT ( 'NONE',  ( -15.08520997911385919, 3.909527769734692626, 25.53613776653875789 ) ) ;
#5254 = ORIENTED_EDGE ( 'NONE', *, *, #1593, .T. ) ;
#5255 = CARTESIAN_POINT ( 'NONE',  ( -15.05229043190296423, 4.499457574269140281, 25.58464596395518953 ) ) ;
#5256 = CARTESIAN_POINT ( 'NONE',  ( -15.12293504400265931, 4.491270948883705039, 25.54761244133402087 ) ) ;
#5257 = CARTESIAN_POINT ( 'NONE',  ( -6.900018103691999194, 4.199999847142954046, 26.06689337877836365 ) ) ;
#5258 = CARTESIAN_POINT ( 'NONE',  ( -15.22869667612542877, 4.443791007114353597, 25.54655637552197689 ) ) ;
#5259 = CARTESIAN_POINT ( 'NONE',  ( -15.04338276319108303, 4.499995479275044730, 25.59903180155342284 ) ) ;
#5260 = CARTESIAN_POINT ( 'NONE',  ( -11.16014593130381272, 3.899999999999998135, 25.99383137635253505 ) ) ;
#5261 = CARTESIAN_POINT ( 'NONE',  ( -15.13805796242407453, 3.930976733480767926, 25.48891745222539384 ) ) ;
#5262 = CARTESIAN_POINT ( 'NONE',  ( -15.06124494170382810, 4.499348421216877725, 25.59946491931498258 ) ) ;
#5263 = CARTESIAN_POINT ( 'NONE',  ( -15.19269799683584310, 4.326532578713908173, 25.39824964273897834 ) ) ;
#5264 = CARTESIAN_POINT ( 'NONE',  ( -10.33959724033272387, 4.499999999999998224, 26.03329711267351243 ) ) ;
#5265 = CARTESIAN_POINT ( 'NONE',  ( -15.08347558441033698, 4.493898932264297486, 25.54865749415088416 ) ) ;
#5266 = CARTESIAN_POINT ( 'NONE',  ( -15.04273537117609116, 3.899999999999998135, 25.60028326404316346 ) ) ;
#5267 = CARTESIAN_POINT ( 'NONE',  ( -15.12848480032713283, 4.445845400510165746, 25.45804802187608828 ) ) ;
#5268 = CARTESIAN_POINT ( 'NONE',  ( -15.06498630957381835, 3.900667445888201357, 25.59060438380476654 ) ) ;
#5269 = CARTESIAN_POINT ( 'NONE',  ( -15.10214201685520941, 3.905939659665508046, 25.59414905711297550 ) ) ;
#5270 = CARTESIAN_POINT ( 'NONE',  ( -15.08651536843479946, 4.496636238734623703, 25.59722484003047427 ) ) ;
#5271 = CARTESIAN_POINT ( 'NONE',  ( -10.24690052692307951, 3.899999999998494005, 25.83520219339104074 ) ) ;
#5272 = CARTESIAN_POINT ( 'NONE',  ( -15.26080024486126874, 4.404405135174246588, 25.54562516957832230 ) ) ;
#5273 = CARTESIAN_POINT ( 'NONE',  ( -10.29867887427956497, 3.899999999999999467, 29.18481790201958503 ) ) ;
#5274 = CARTESIAN_POINT ( 'NONE',  ( -15.15340562453007500, 3.973469379583580263, 25.43958950813127373 ) ) ;
#5275 = CARTESIAN_POINT ( 'NONE',  ( -15.05881643107184864, 3.901647962716498608, 25.57333365292583593 ) ) ;
#5276 = CARTESIAN_POINT ( 'NONE',  ( -15.20042736121693672, 4.450767856057160188, 25.58867086357060927 ) ) ;
#5277 = CARTESIAN_POINT ( 'NONE',  ( -15.14029328648120654, 4.480134219521361594, 25.51267970160566279 ) ) ;
#5278 = CARTESIAN_POINT ( 'NONE',  ( -10.88994305168107601, 4.300000000001507061, 25.81106213199871036 ) ) ;
#5279 = CARTESIAN_POINT ( 'NONE',  ( -7.690319162284359855, 3.899999999999997691, 30.05611043614823430 ) ) ;
#5280 = CARTESIAN_POINT ( 'NONE',  ( -15.04529887393316834, 3.900064122738165384, 25.59494606307647047 ) ) ;
#5281 = CARTESIAN_POINT ( 'NONE',  ( -15.16169279523167823, 4.412853320381400657, 25.42969047392430681 ) ) ;
#5282 = CARTESIAN_POINT ( 'NONE',  ( -15.12959473325021165, 3.910261779517550274, 25.54178455663102199 ) ) ;
#5283 = CARTESIAN_POINT ( 'NONE',  ( -15.16529087435177026, 4.050949418947360492, 25.40064982626226708 ) ) ;
#5284 = CARTESIAN_POINT ( 'NONE',  ( -15.09526149486731583, 3.905882720286751209, 25.55182506573284229 ) ) ;
#5285 = CARTESIAN_POINT ( 'NONE',  ( -15.29898892454041537, 4.094841520166786708, 25.53084193096994881 ) ) ;
#5286 = CARTESIAN_POINT ( 'NONE',  ( -15.05042033723564998, 4.499815847514624600, 25.59134794060045337 ) ) ;
#5287 = CARTESIAN_POINT ( 'NONE',  ( -15.13838071318420653, 4.487035060318535606, 25.57468312995262849 ) ) ;
#5288 = LINE ( 'NONE', #3749, #2636 ) ;
#5289 = CARTESIAN_POINT ( 'NONE',  ( -15.22765333987186409, 4.431363558350808418, 25.57773618105610325 ) ) ;
#5290 = CARTESIAN_POINT ( 'NONE',  ( -15.04280618624390442, 4.499990541312826053, 25.59802083838017595 ) ) ;
#5291 = CARTESIAN_POINT ( 'NONE',  ( -5.900018103691996529, 4.372210606639670871, 31.39809273338591566 ) ) ;
#5292 = CARTESIAN_POINT ( 'NONE',  ( -15.16505573149527919, 3.921496774230894822, 25.52550702013039796 ) ) ;
#5293 = CARTESIAN_POINT ( 'NONE',  ( -15.08774269140628199, 3.909849233185419770, 25.53506753521997652 ) ) ;
#5294 = ORIENTED_EDGE ( 'NONE', *, *, #3683, .F. ) ;
#5295 = CARTESIAN_POINT ( 'NONE',  ( -15.25691548521591479, 4.006082213649803769, 25.57590963860159405 ) ) ;
#5296 = CARTESIAN_POINT ( 'NONE',  ( -15.27013549125928726, 4.329422919216172616, 25.42105793373039191 ) ) ;
#5297 =( CONVERSION_BASED_UNIT ( 'INCH', #5774 ) LENGTH_UNIT ( ) NAMED_UNIT ( #4364 ) );
#5298 = CARTESIAN_POINT ( 'NONE',  ( -15.09603250489177206, 4.496039984166793957, 25.56861641609526359 ) ) ;
#5299 = CARTESIAN_POINT ( 'NONE',  ( -15.04136205888854327, 3.899999999999998135, 25.60037349240651139 ) ) ;
#5300 = CARTESIAN_POINT ( 'NONE',  ( -15.18652309340550133, 4.471961476580426087, 25.52631162121735642 ) ) ;
#5301 = CARTESIAN_POINT ( 'NONE',  ( -15.05473929225842511, 3.900793230069616424, 25.58130300392290835 ) ) ;
#5302 = CARTESIAN_POINT ( 'NONE',  ( -15.02585740314359342, 3.899999999999999467, 25.62458216441462966 ) ) ;
#5303 = CARTESIAN_POINT ( 'NONE',  ( -15.09481553024413536, 3.903595797072636042, 25.58132919847757947 ) ) ;
#5304 = CARTESIAN_POINT ( 'NONE',  ( -15.07138572446641334, 4.498096362150572958, 25.57183947208498864 ) ) ;
#5305 = CARTESIAN_POINT ( 'NONE',  ( -15.25985648119297799, 3.991801209998363742, 25.49116439833094461 ) ) ;
#5306 = B_SPLINE_CURVE_WITH_KNOTS ( 'NONE', 3,
 ( #1365, #887, #2848, #4812, #422, #2365, #4318, #5803, #536, #3480, #5441, #5925, #482, #4497, #3910, #2477, #2941, #5356, #2541, #1460, #595, #3935, #1976, #1068, #5957, #6355, #2033, #1519, #4935, #2449, #1005, #116, #1948, #978, #2067, #1036, #1491, #4384, #4464, #3003, #4408, #2427, #4435, #5868, #508 ),
 .UNSPECIFIED., .F., .F.,
 ( 4, 2, 1, 1, 2, 2, 1, 2, 2, 2, 1, 1, 2, 2, 2, 2, 1, 1, 1, 2, 2, 2, 2, 1, 2, 2, 4 ),
 ( 0.000000000000000000, 0.03124999999995117100, 0.04687499999991039112, 0.05468749999988486293, 0.05859374999987210925, 0.06249999999985934862, 0.09374999999981963039, 0.1093749999997953443, 0.1249999999997710720, 0.1874999999996099787, 0.2187499999995288769, 0.2343749999994996225, 0.2421874999994894362, 0.2499999999994792499, 0.3749999999994572120, 0.4374999999994595989, 0.4687499999994708677, 0.4843749999994764743, 0.4921874999994793054, 0.4960937499994947375, 0.4999999999995101696, 0.6249999999996282973, 0.6874999999996715960, 0.7187499999996932454, 0.7343749999997033484, 0.7499999999997134514, 1.000000000000000000 ),
 .UNSPECIFIED. ) ;
#5307 = CARTESIAN_POINT ( 'NONE',  ( -15.13855386135602465, 3.922876406929649562, 25.50505884085480091 ) ) ;
#5308 = CARTESIAN_POINT ( 'NONE',  ( -15.17709068811168294, 3.965304893147063137, 25.44730497440229300 ) ) ;
#5309 = CARTESIAN_POINT ( 'NONE',  ( -15.05991839697756340, 3.901570368290198765, 25.57390883367996537 ) ) ;
#5310 = CARTESIAN_POINT ( 'NONE',  ( -15.25855194446533147, 4.387033310543728248, 25.58064541728193575 ) ) ;
#5311 = CARTESIAN_POINT ( 'NONE',  ( -15.14216097718643006, 4.484136152345401527, 25.52519850930913137 ) ) ;
#5312 = CARTESIAN_POINT ( 'NONE',  ( -11.53436752714140034, 3.900000000000000355, 25.76508451433881319 ) ) ;
#5313 = CIRCLE ( 'NONE', #2014, 0.09999999999999947820 ) ;
#5314 = CARTESIAN_POINT ( 'NONE',  ( -5.887829346431057154, 4.099999999999999645, 31.42401760584040815 ) ) ;
#5315 = CARTESIAN_POINT ( 'NONE',  ( -15.04584972074761851, 3.900046368962276855, 25.59590589391527260 ) ) ;
#5316 = CARTESIAN_POINT ( 'NONE',  ( -15.24604159824896854, 4.424331007112527914, 25.54939765237572757 ) ) ;
#5317 = CARTESIAN_POINT ( 'NONE',  ( -15.10223341712895540, 3.924827770329595289, 25.49947998869078702 ) ) ;
#5318 = CARTESIAN_POINT ( 'NONE',  ( -15.28854098924696459, 4.038868525034107648, 25.49363362708713510 ) ) ;
#5319 = CARTESIAN_POINT ( 'NONE',  ( -15.30218182347783973, 4.099999999998172662, 25.51923211917771894 ) ) ;
#5320 = CARTESIAN_POINT ( 'NONE',  ( -15.05552840527046499, 4.499705822324871818, 25.59002034895318189 ) ) ;
#5321 = CARTESIAN_POINT ( 'NONE',  ( -15.09642009880491642, 4.480453938309533868, 25.51007142018804785 ) ) ;
#5322 = CARTESIAN_POINT ( 'NONE',  ( -5.731223533104953916, 4.500000000000001776, 23.78046183557601978 ) ) ;
#5323 = CARTESIAN_POINT ( 'NONE',  ( -15.21724791778055597, 4.457767975909004754, 25.50941420721639119 ) ) ;
#5324 = CARTESIAN_POINT ( 'NONE',  ( -15.04209070179082985, 4.499999999999999112, 25.59923326100688001 ) ) ;
#5325 = CARTESIAN_POINT ( 'NONE',  ( -7.360324098884975186, 3.899999999999999911, 25.46309969628037351 ) ) ;
#5326 = CARTESIAN_POINT ( 'NONE',  ( -15.18633623497428609, 3.935611851854739385, 25.57749008198791785 ) ) ;
#5327 = ORIENTED_EDGE ( 'NONE', *, *, #5564, .T. ) ;
#5328 = CARTESIAN_POINT ( 'NONE',  ( -15.24377244085084193, 4.328654740690836888, 25.40855907988885320 ) ) ;
#5329 = CARTESIAN_POINT ( 'NONE',  ( -5.900018103692000970, 4.499999999999999112, 24.00996850688062523 ) ) ;
#5330 = CARTESIAN_POINT ( 'NONE',  ( -15.08943516893592651, 4.495477193938033800, 25.55798865557638422 ) ) ;
#5331 = CARTESIAN_POINT ( 'NONE',  ( -6.808928665140602909, 4.099999999999999645, 24.81963561949742214 ) ) ;
#5332 = CARTESIAN_POINT ( 'NONE',  ( -15.12532844492726802, 4.450279623997363210, 25.46302541787807883 ) ) ;
#5333 = CARTESIAN_POINT ( 'NONE',  ( -14.21409334328487617, 3.899999999999999911, 26.53577597469993066 ) ) ;
#5334 = CARTESIAN_POINT ( 'NONE',  ( -15.08803647568723783, 3.902996660976287391, 25.56992325677411415 ) ) ;
#5335 = CARTESIAN_POINT ( 'NONE',  ( -15.07207140066713080, 4.498841484300948323, 25.58268491824935964 ) ) ;
#5336 = CARTESIAN_POINT ( 'NONE',  ( -9.817346232271736639, 3.899999999999999467, 26.03622297181653877 ) ) ;
#5337 = CARTESIAN_POINT ( 'NONE',  ( -15.25990547419323207, 4.008039788194587061, 25.57113400386808877 ) ) ;
#5338 = CARTESIAN_POINT ( 'NONE',  ( -15.29162776295918391, 4.299999999999998046, 25.55265995517121524 ) ) ;
#5339 = CARTESIAN_POINT ( 'NONE',  ( -15.24020593118370215, 3.974544085603334498, 25.56214269145817042 ) ) ;
#5340 = CARTESIAN_POINT ( 'NONE',  ( -15.06914173433220228, 3.900920691849528499, 25.58881353798999925 ) ) ;
#5341 = CARTESIAN_POINT ( 'NONE',  ( -15.25617330537857264, 4.391050125598711773, 25.58104028527678864 ) ) ;
#5342 = CARTESIAN_POINT ( 'NONE',  ( -15.13265964235989003, 4.468769362750082408, 25.48816617200973056 ) ) ;
#5343 = CARTESIAN_POINT ( 'NONE',  ( -6.030965309564619403, 3.899999999999997691, 31.31355295340850731 ) ) ;
#5344 = CARTESIAN_POINT ( 'NONE',  ( -15.18347507398595653, 4.426382166175729438, 25.44152819188547809 ) ) ;
#5345 = CARTESIAN_POINT ( 'NONE',  ( -15.11330520077357953, 3.915733396631587038, 25.51812129890977232 ) ) ;
#5346 = CARTESIAN_POINT ( 'NONE',  ( -15.26701877640305938, 4.051346186744909872, 25.42913450999073177 ) ) ;
#5347 = CARTESIAN_POINT ( 'NONE',  ( -15.28877288625243835, 4.094895955714484614, 25.42796914204722825 ) ) ;
#5348 = CARTESIAN_POINT ( 'NONE',  ( -15.06314684399953130, 4.499285480214548549, 25.59770396427005323 ) ) ;
#5349 = CARTESIAN_POINT ( 'NONE',  ( -15.11566684954052597, 4.483727390815855252, 25.51685779512542140 ) ) ;
#5350 = CARTESIAN_POINT ( 'NONE',  ( -11.86856018475331709, 4.099999999999998757, 28.67425536265077923 ) ) ;
#5351 = CARTESIAN_POINT ( 'NONE',  ( -15.01195527381036499, 3.899999999999999467, 25.64493681410097992 ) ) ;
#5352 = CARTESIAN_POINT ( 'NONE',  ( -15.15196093268723132, 4.430658258442361941, 25.44305686281832024 ) ) ;
#5353 = CARTESIAN_POINT ( 'NONE',  ( -15.04236352999411963, 4.499999999999999112, 25.59970931269462824 ) ) ;
#5354 = CARTESIAN_POINT ( 'NONE',  ( -15.11843511490503822, 3.931338917341022032, 25.48786968342261261 ) ) ;
#5355 = CARTESIAN_POINT ( 'NONE',  ( -15.14847153511231603, 3.923121277643593530, 25.50728117593727973 ) ) ;
#5356 = CARTESIAN_POINT ( 'NONE',  ( -15.07840537237981238, 3.909469897669334060, 25.53655155323980708 ) ) ;
#5357 = CARTESIAN_POINT ( 'NONE',  ( -15.21250286182024247, 4.310658498183424392, 25.39817959445649720 ) ) ;
#5358 = CARTESIAN_POINT ( 'NONE',  ( -15.09221329890577223, 4.495205156369138422, 25.55737575415023954 ) ) ;
#5359 = CARTESIAN_POINT ( 'NONE',  ( -9.303848382427235109, 4.099999999999999645, 25.80980612594328960 ) ) ;
#5360 = CARTESIAN_POINT ( 'NONE',  ( -15.15750145561558959, 4.471559649222681010, 25.49676263257611453 ) ) ;
#5361 = CARTESIAN_POINT ( 'NONE',  ( -14.97653934029091616, 3.899999999999999467, 25.69469907687142296 ) ) ;
#5362 = CARTESIAN_POINT ( 'NONE',  ( -15.07696130842958304, 3.902737955494543165, 25.56618217382452585 ) ) ;
#5363 = CARTESIAN_POINT ( 'NONE',  ( -5.896161702026363471, 3.899999999999999911, 23.66652936403659524 ) ) ;
#5364 = CARTESIAN_POINT ( 'NONE',  ( -15.07557035880603813, 4.498475020262920232, 25.57858185253942196 ) ) ;
#5365 = CARTESIAN_POINT ( 'NONE',  ( -15.15834607787072841, 4.005891678061222372, 25.41827430388496722 ) ) ;
#5366 = CARTESIAN_POINT ( 'NONE',  ( -15.16857151771146484, 3.921960176780342699, 25.55326946691487677 ) ) ;
#5367 = CARTESIAN_POINT ( 'NONE',  ( -15.10021138381890893, 4.500000000000001776, 25.49323462247781436 ) ) ;
#5368 = CARTESIAN_POINT ( 'NONE',  ( -15.08972072069193793, 3.905357456485663015, 25.55317435033950346 ) ) ;
#5369 = CARTESIAN_POINT ( 'NONE',  ( -15.20174536946926658, 3.956117715834212234, 25.46246160455520524 ) ) ;
#5370 = EDGE_CURVE ( 'NONE', #4604, #4410, #1923, .T. ) ;
#5371 = CARTESIAN_POINT ( 'NONE',  ( -15.06947387439423203, 3.900951466726998440, 25.58936421865044153 ) ) ;
#5372 = CARTESIAN_POINT ( 'NONE',  ( -15.18101578474950664, 4.464409991555378987, 25.58798288278101296 ) ) ;
#5373 = CARTESIAN_POINT ( 'NONE',  ( -11.53436752714122093, 4.099999999999999645, 25.76508451433640090 ) ) ;
#5374 = CARTESIAN_POINT ( 'NONE',  ( -15.24845835571195174, 4.415476581589905081, 25.56140487893246771 ) ) ;
#5375 = CARTESIAN_POINT ( 'NONE',  ( -15.14232841768710180, 3.912438092537461554, 25.55809926671006238 ) ) ;
#5376 = CARTESIAN_POINT ( 'NONE',  ( -15.28086908181149361, 4.036809793462431628, 25.46102807026442605 ) ) ;
#5377 = CARTESIAN_POINT ( 'NONE',  ( -15.29334151207426196, 4.094832447575499579, 25.54795220514246878 ) ) ;
#5378 = CARTESIAN_POINT ( 'NONE',  ( -15.11102837493161388, 4.483153280705570509, 25.51544329686983303 ) ) ;
#5379 = CARTESIAN_POINT ( 'NONE',  ( -11.25245502973985801, 4.099999999999998757, 29.00660429527416184 ) ) ;
#5380 = CARTESIAN_POINT ( 'NONE',  ( -15.02440491737937300, 3.899999999998774669, 25.95934612382261264 ) ) ;
#5381 = CARTESIAN_POINT ( 'NONE',  ( -15.21030473101003899, 4.457232601765061197, 25.48921046477173036 ) ) ;
#5382 = CARTESIAN_POINT ( 'NONE',  ( -15.30640168356165631, 4.099999999999999645, 25.50840108962678343 ) ) ;
#5383 = CARTESIAN_POINT ( 'NONE',  ( -15.11930537539815766, 3.932184606895645196, 25.48653312355792977 ) ) ;
#5384 = CARTESIAN_POINT ( 'NONE',  ( -15.16215162556734874, 3.919371787748604063, 25.53757926379419274 ) ) ;
#5385 = CARTESIAN_POINT ( 'NONE',  ( -15.30650099798418040, 4.300000000000820499, 25.51964378708067827 ) ) ;
#5386 = CARTESIAN_POINT ( 'NONE',  ( -11.24371067908118782, 3.899999999999997247, 28.78846824691609996 ) ) ;
#5387 = CARTESIAN_POINT ( 'NONE',  ( -15.19482326695031915, 4.305232605765668907, 25.39614804400370218 ) ) ;
#5388 = CARTESIAN_POINT ( 'NONE',  ( -15.09909949539410334, 4.495647747936031280, 25.56849659730127655 ) ) ;
#5389 = CARTESIAN_POINT ( 'NONE',  ( -6.098231012519563343, 4.099999999999999645, 23.98528077184708707 ) ) ;
#5390 = CARTESIAN_POINT ( 'NONE',  ( -15.19572219284331815, 4.467513835091584617, 25.53705240288128664 ) ) ;
#5391 = CARTESIAN_POINT ( 'NONE',  ( -5.937129899099922170, 3.899999999999997247, 23.73475612316825689 ) ) ;
#5392 = CARTESIAN_POINT ( 'NONE',  ( -15.08206675577480915, 4.497995335861689981, 25.58442891843597877 ) ) ;
#5393 = CARTESIAN_POINT ( 'NONE',  ( -15.17044099092644593, 3.998884198279476276, 25.42299864737088200 ) ) ;
#5394 = CARTESIAN_POINT ( 'NONE',  ( -15.10521133411770833, 4.500000000000001776, 25.47983587040620534 ) ) ;
#5395 = CARTESIAN_POINT ( 'NONE',  ( -15.11324555230958389, 3.908363047968481663, 25.59284214207899666 ) ) ;
#5396 = CARTESIAN_POINT ( 'NONE',  ( -15.23250638852386452, 3.953870966705288037, 25.51857945672085393 ) ) ;
#5397 = CARTESIAN_POINT ( 'NONE',  ( -15.06355883610537028, 3.900760152728754537, 25.58341567500530189 ) ) ;
#5398 = CARTESIAN_POINT ( 'NONE',  ( -15.15589115430864808, 4.482619492157055241, 25.53600203277702008 ) ) ;
#5399 = CARTESIAN_POINT ( 'NONE',  ( -12.39501598564692664, 3.899999999999999911, 25.68536743890523510 ) ) ;
#5400 = CARTESIAN_POINT ( 'NONE',  ( -15.24104628597039124, 4.435739716858242865, 25.50173548019330738 ) ) ;
#5401 = CARTESIAN_POINT ( 'NONE',  ( -15.13968390440612310, 3.911784363265197406, 25.55927501997667051 ) ) ;
#5402 = CARTESIAN_POINT ( 'NONE',  ( -15.24583892393457951, 4.017868187418414117, 25.43803076843361310 ) ) ;
#5403 = CARTESIAN_POINT ( 'NONE',  ( -15.29098635410352358, 4.089618534065947664, 25.55372361908267109 ) ) ;
#5404 = CARTESIAN_POINT ( 'NONE',  ( -15.07826545628017989, 3.901612462997864572, 25.58288118532386335 ) ) ;
#5405 = CARTESIAN_POINT ( 'NONE',  ( -9.014003372944385362, 4.499999999999999112, 29.57107721399040656 ) ) ;
#5406 = CARTESIAN_POINT ( 'NONE',  ( -15.15451907460615644, 4.479750219506065001, 25.58171026385743474 ) ) ;
#5407 = CARTESIAN_POINT ( 'NONE',  ( -10.82456696171007593, 4.100000000000001421, 29.19991928261705283 ) ) ;
#5408 = CARTESIAN_POINT ( 'NONE',  ( -14.94590007740535853, 4.100000000000815881, 26.05316504352654050 ) ) ;
#5409 = CARTESIAN_POINT ( 'NONE',  ( -15.19806421282345887, 4.448868006118421370, 25.46713354325411771 ) ) ;
#5410 = CARTESIAN_POINT ( 'NONE',  ( -6.900018103691999194, 4.199999847142954046, 25.86689337877836437 ) ) ;
#5411 = CARTESIAN_POINT ( 'NONE',  ( -15.16519261128316387, 3.920771885619291908, 25.55722566009857033 ) ) ;
#5412 =( GEOMETRIC_REPRESENTATION_CONTEXT ( 3 ) GLOBAL_UNCERTAINTY_ASSIGNED_CONTEXT ( ( #5561 ) ) GLOBAL_UNIT_ASSIGNED_CONTEXT ( ( #233, #1636, #273 ) ) REPRESENTATION_CONTEXT ( 'NONE', 'WORKASPACE' ) );
#5413 = CARTESIAN_POINT ( 'NONE',  ( -15.19043400820755529, 3.941863651074618335, 25.58843202496617053 ) ) ;
#5414 = PLANE ( 'NONE',  #4798 ) ;
#5415 = CARTESIAN_POINT ( 'NONE',  ( -15.16488665977211525, 4.305230774068107280, 25.39478443550778053 ) ) ;
#5416 = CARTESIAN_POINT ( 'NONE',  ( -15.10107695426936303, 4.494365187380185311, 25.55608316074869535 ) ) ;
#5417 = CARTESIAN_POINT ( 'NONE',  ( -15.16796911675716863, 4.468487783895233711, 25.49209651810656752 ) ) ;
#5418 = DIRECTION ( 'NONE',  ( -1.411534255948957470E-16, 0.000000000000000000, -1.000000000000000000 ) ) ;
#5419 = CARTESIAN_POINT ( 'NONE',  ( -15.09001665377445356, 4.496838968582701490, 25.58796241664897053 ) ) ;
#5420 = CARTESIAN_POINT ( 'NONE',  ( -15.04533783680172832, 3.900023396816935328, 25.59747044089211698 ) ) ;
#5421 = CARTESIAN_POINT ( 'NONE',  ( -15.25231889494747684, 3.980041782071305878, 25.49494810019445623 ) ) ;
#5422 = CARTESIAN_POINT ( 'NONE',  ( -15.29631987491051426, 4.500000000000000000, 25.53893954747571371 ) ) ;
#5423 = CARTESIAN_POINT ( 'NONE',  ( -15.07580964664879986, 3.907441468412796493, 25.54361404382366274 ) ) ;
#5424 = CARTESIAN_POINT ( 'NONE',  ( -15.19107189006594005, 3.949675021701114286, 25.46633242773638273 ) ) ;
#5425 = CARTESIAN_POINT ( 'NONE',  ( -15.17353602670265822, 4.467680668666878852, 25.59148782627182328 ) ) ;
#5426 = CARTESIAN_POINT ( 'NONE',  ( -15.12145981633894642, 4.466733803267605829, 25.48480955933986891 ) ) ;
#5427 = CARTESIAN_POINT ( 'NONE',  ( -15.23724052792216099, 4.435539219429976754, 25.48811208878175449 ) ) ;
#5428 = CARTESIAN_POINT ( 'NONE',  ( -15.12474988692894051, 3.909212545631460145, 25.54503506027268145 ) ) ;
#5429 = CARTESIAN_POINT ( 'NONE',  ( -15.26102603281824699, 4.016279446814143839, 25.45366348635026199 ) ) ;
#5430 = CARTESIAN_POINT ( 'NONE',  ( -15.08513053753406652, 3.906776772352356542, 25.54592665985421363 ) ) ;
#5431 = CARTESIAN_POINT ( 'NONE',  ( -15.24095885329696110, 4.089466292620311805, 25.40377891936957155 ) ) ;
#5432 = CARTESIAN_POINT ( 'NONE',  ( -15.25320289800011153, 3.997650082855797482, 25.57223971435597676 ) ) ;
#5433 = CARTESIAN_POINT ( 'NONE',  ( -9.409196802719311137, 4.299999999999999822, 29.66477761684689440 ) ) ;
#5434 = CARTESIAN_POINT ( 'NONE',  ( -15.11288873802492994, 4.482226906988678650, 25.51325640088310109 ) ) ;
#5435 = CARTESIAN_POINT ( 'NONE',  ( -10.49571789751953332, 4.100000000000001421, 29.32727256704859897 ) ) ;
#5436 = CARTESIAN_POINT ( 'NONE',  ( -15.27797672632658710, 4.099999999999893951, 25.58629721850863703 ) ) ;
#5437 = CARTESIAN_POINT ( 'NONE',  ( -15.06105391124141946, 3.900619391846916972, 25.59901089152029385 ) ) ;
#5438 = CARTESIAN_POINT ( 'NONE',  ( -15.17624319244085029, 4.437333448939568825, 25.44977925300011279 ) ) ;
#5439 = CARTESIAN_POINT ( 'NONE',  ( -15.10940088578888307, 3.931672862970001958, 25.48762339090965767 ) ) ;
#5440 = CARTESIAN_POINT ( 'NONE',  ( -15.18467232185392213, 3.937303124682929756, 25.58621694012322223 ) ) ;
#5441 = CARTESIAN_POINT ( 'NONE',  ( -15.05712718658712745, 3.901562245111073413, 25.57381696559221496 ) ) ;
#5442 = VERTEX_POINT ( 'NONE', #2 ) ;
#5443 = CARTESIAN_POINT ( 'NONE',  ( -15.28455685510693662, 4.305454518577579215, 25.57084142488337264 ) ) ;
#5444 = CARTESIAN_POINT ( 'NONE',  ( -12.44300067064607873, 4.499999999999999112, 28.04901653090144720 ) ) ;
#5445 = CARTESIAN_POINT ( 'NONE',  ( -15.08507530693564291, 4.488966760315346249, 25.53152002700201706 ) ) ;
#5446 = CARTESIAN_POINT ( 'NONE',  ( -6.010249166373475838, 4.099999999999997868, 23.85339211880772581 ) ) ;
#5447 = CARTESIAN_POINT ( 'NONE',  ( -15.13996648794474353, 4.451497011503770196, 25.46415461375645251 ) ) ;
#5448 = CARTESIAN_POINT ( 'NONE',  ( -15.13563587082773054, 3.960274480350473691, 25.45161849118723296 ) ) ;
#5449 = CARTESIAN_POINT ( 'NONE',  ( -6.153888136981263912, 4.099999999999999645, 24.06553659870218809 ) ) ;
#5450 = CARTESIAN_POINT ( 'NONE',  ( -15.09107894743652878, 4.496553654387198229, 25.58980393483986404 ) ) ;
#5451 = CARTESIAN_POINT ( 'NONE',  ( -6.097396100712238365, 3.900000000000000355, 31.01403015189295687 ) ) ;
#5452 = CARTESIAN_POINT ( 'NONE',  ( -15.04550245436666422, 3.900056286223891888, 25.59530963422816896 ) ) ;
#5453 = CARTESIAN_POINT ( 'NONE',  ( -15.28566014910807169, 4.079502718460662258, 25.56522067761819628 ) ) ;
#5454 = CARTESIAN_POINT ( 'NONE',  ( -15.29473881275758984, 4.499999999999995559, 25.54370924426725864 ) ) ;
#5455 = CARTESIAN_POINT ( 'NONE',  ( -15.07722189697534887, 3.908868961149022159, 25.53862918868281184 ) ) ;
#5456 = CARTESIAN_POINT ( 'NONE',  ( -15.19399330462395703, 3.948297393945050526, 25.46901379623594863 ) ) ;
#5457 = CARTESIAN_POINT ( 'NONE',  ( -15.06148653894697276, 3.900852245130959961, 25.58131337597367150 ) ) ;
#5458 = CARTESIAN_POINT ( 'NONE',  ( -15.06433386658973816, 4.499376431575559998, 25.58974848596374230 ) ) ;
#5459 = CARTESIAN_POINT ( 'NONE',  ( -15.16650279141003033, 4.478812584421605791, 25.55543158128896764 ) ) ;
#5460 = CARTESIAN_POINT ( 'NONE',  ( -15.20154801980646120, 3.899999999999999911, 25.39678052558850396 ) ) ;
#5461 = CARTESIAN_POINT ( 'NONE',  ( -15.24863529803746509, 4.408087574470036962, 25.57390116633834865 ) ) ;
#5462 = CARTESIAN_POINT ( 'NONE',  ( -15.15560065358480557, 3.923190674497792241, 25.59185252634665630 ) ) ;
#5463 = CARTESIAN_POINT ( 'NONE',  ( -15.18009245104290805, 4.027380296685000083, 25.41035121613943559 ) ) ;
#5464 = CARTESIAN_POINT ( 'NONE',  ( -15.11285110360424078, 3.906942971549203669, 25.58118580671819231 ) ) ;
#5465 = CARTESIAN_POINT ( 'NONE',  ( -15.24311852587125671, 3.967022476612343418, 25.49948140598197099 ) ) ;
#5466 = CARTESIAN_POINT ( 'NONE',  ( -5.956660647554066657, 4.499999999999999112, 31.11897997053860720 ) ) ;
#5467 = CARTESIAN_POINT ( 'NONE',  ( -15.14994111235610497, 4.479445862046985027, 25.59144716102972339 ) ) ;
#5468 = CARTESIAN_POINT ( 'NONE',  ( -15.23178214431026056, 3.900000000000310774, 25.67305177826834495 ) ) ;
#5469 = CARTESIAN_POINT ( 'NONE',  ( -15.05632926971663110, 3.900337795215468972, 25.59850098745042857 ) ) ;
#5470 = CARTESIAN_POINT ( 'NONE',  ( -15.17306282756052127, 4.441245498708206618, 25.45321738130407141 ) ) ;
#5471 = CARTESIAN_POINT ( 'NONE',  ( -15.16400974737345919, 3.920061464180805810, 25.55483453971889318 ) ) ;
#5472 = CARTESIAN_POINT ( 'NONE',  ( -15.16627246056899203, 3.920671870481176491, 25.54516690158652636 ) ) ;
#5473 = CARTESIAN_POINT ( 'NONE',  ( -15.19949344327541318, 4.499999999999992895, 25.39659140490267575 ) ) ;
#5474 = ORIENTED_EDGE ( 'NONE', *, *, #931, .F. ) ;
#5475 = CARTESIAN_POINT ( 'NONE',  ( -15.07640840829481554, 3.902846509249028095, 25.56530421163888178 ) ) ;
#5476 = CARTESIAN_POINT ( 'NONE',  ( -15.16475229116799994, 4.310301459327805063, 25.39498150925131625 ) ) ;
#5477 = CARTESIAN_POINT ( 'NONE',  ( -15.09759229610803821, 4.493757623089821074, 25.55059138468066848 ) ) ;
#5478 = CARTESIAN_POINT ( 'NONE',  ( -15.17881196271321365, 4.471641750710271701, 25.50593920969825490 ) ) ;
#5479 = CARTESIAN_POINT ( 'NONE',  ( -15.20932980076548979, 3.940563673423005397, 25.54095966390687877 ) ) ;
#5480 = CARTESIAN_POINT ( 'NONE',  ( -5.900018103691999194, 3.948496539489285695, 23.80589618707076482 ) ) ;
#5481 = CARTESIAN_POINT ( 'NONE',  ( -6.471803982986465975, 4.100000000000000533, 24.47704127763394766 ) ) ;
#5482 = CARTESIAN_POINT ( 'NONE',  ( -15.07120787660225680, 4.495837961496639501, 25.55745915448439121 ) ) ;
#5483 = CARTESIAN_POINT ( 'NONE',  ( -15.04828307993008707, 3.900076114609121625, 25.59508304987398830 ) ) ;
#5484 = CARTESIAN_POINT ( 'NONE',  ( -15.30399595684680669, 4.077522035887618301, 25.48526342574244907 ) ) ;
#5485 = CARTESIAN_POINT ( 'NONE',  ( -14.19625031399596971, 4.300000000002452971, 26.83136001682229121 ) ) ;
#5486 = CARTESIAN_POINT ( 'NONE',  ( -15.10023198004038747, 3.904412102584671196, 25.57033622068028222 ) ) ;
#5487 = CARTESIAN_POINT ( 'NONE',  ( -15.22621750625398995, 3.948772717619330574, 25.52136814523830211 ) ) ;
#5488 = CARTESIAN_POINT ( 'NONE',  ( -15.06767734271286407, 3.900835176571091356, 25.59009897810328127 ) ) ;
#5489 = CARTESIAN_POINT ( 'NONE',  ( -15.05704816932757950, 4.498873781776232761, 25.57784616741170680 ) ) ;
#5490 = CARTESIAN_POINT ( 'NONE',  ( -15.17686595588760845, 4.474125967406785698, 25.55486855616033992 ) ) ;
#5491 = CARTESIAN_POINT ( 'NONE',  ( -15.20001271415360122, 4.099999999999996980, 25.39663923631065856 ) ) ;
#5492 = CARTESIAN_POINT ( 'NONE',  ( -15.25197750235226302, 4.419994479477799665, 25.53921452960223348 ) ) ;
#5493 = CARTESIAN_POINT ( 'NONE',  ( -15.11442996447904363, 3.910436252230479859, 25.53454097149815993 ) ) ;
#5494 = CARTESIAN_POINT ( 'NONE',  ( -15.24994841695989400, 4.017305292862769051, 25.44153654781630536 ) ) ;
#5495 = CARTESIAN_POINT ( 'NONE',  ( -15.22999471829928275, 3.964825474366052482, 25.47454455281373953 ) ) ;
#5496 = CARTESIAN_POINT ( 'NONE',  ( -15.08049017205361153, 3.901881833873318328, 25.58663947529295157 ) ) ;
#5497 = CARTESIAN_POINT ( 'NONE',  ( -7.368498940691200261, 4.299999999999999822, 30.44024874562461136 ) ) ;
#5498 = CARTESIAN_POINT ( 'NONE',  ( -14.33542298091325762, 4.500000000007529977, 25.47014792589941123 ) ) ;
#5499 = CARTESIAN_POINT ( 'NONE',  ( -15.12520364850938215, 4.484640887679731236, 25.52016813482111601 ) ) ;
#5500 = CARTESIAN_POINT ( 'NONE',  ( -6.638633894435329807, 4.499999999999999112, 30.63938962676825284 ) ) ;
#5501 = CARTESIAN_POINT ( 'NONE',  ( -12.15486639248240230, 3.900000000000000355, 28.25106014146296118 ) ) ;
#5502 = CARTESIAN_POINT ( 'NONE',  ( -15.05537466191552909, 3.900260914651291877, 25.59691077937878489 ) ) ;
#5503 = CARTESIAN_POINT ( 'NONE',  ( -15.23900345099939813, 4.424120052681259629, 25.56752916610521353 ) ) ;
#5504 = CARTESIAN_POINT ( 'NONE',  ( -15.14313899215803616, 3.917863430364676880, 25.51937708825024131 ) ) ;
#5505 = CARTESIAN_POINT ( 'NONE',  ( -15.08484358064342601, 4.486891023501999420, 25.52585614863112440 ) ) ;
#5506 = CARTESIAN_POINT ( 'NONE',  ( -15.17097598415220361, 4.300000000000022027, 25.39491370762967648 ) ) ;
#5507 = VERTEX_POINT ( 'NONE', #2402 ) ;
#5508 = CARTESIAN_POINT ( 'NONE',  ( -15.07970066319278857, 3.902331091707058608, 25.57057583362959363 ) ) ;
#5509 = CARTESIAN_POINT ( 'NONE',  ( -15.04858351364703495, 4.499884968611481462, 25.59316933490540436 ) ) ;
#5510 = CARTESIAN_POINT ( 'NONE',  ( -11.75942546972930991, 4.299999999999999822, 28.73935204650905462 ) ) ;
#5511 = CARTESIAN_POINT ( 'NONE',  ( -15.08784201098726108, 4.490337586243414059, 25.53565968552590704 ) ) ;
#5512 = CARTESIAN_POINT ( 'NONE',  ( -15.19144994845083296, 4.469309832474113620, 25.51089936087756271 ) ) ;
#5513 = AXIS2_PLACEMENT_3D ( 'NONE', #5067, #2616, #2582 ) ;
#5514 = CARTESIAN_POINT ( 'NONE',  ( -15.14356251047621704, 3.953914909668615252, 25.45797317171279417 ) ) ;
#5515 = DIRECTION ( 'NONE',  ( 1.000000000000000000, -0.000000000000000000, -1.411534255948957224E-16 ) ) ;
#5516 = CARTESIAN_POINT ( 'NONE',  ( -8.982857027903264679, 3.899999999995480859, 25.77528548207415682 ) ) ;
#5517 = CARTESIAN_POINT ( 'NONE',  ( -15.07624334018796475, 4.498203768718819440, 25.57479815685843505 ) ) ;
#5518 = CARTESIAN_POINT ( 'NONE',  ( -15.04359741432784503, 3.900004795690516168, 25.59935092337679308 ) ) ;
#5519 = CARTESIAN_POINT ( 'NONE',  ( -14.94573198410934012, 4.299999999999591260, 26.05336110306580721 ) ) ;
#5520 = CARTESIAN_POINT ( 'NONE',  ( -15.07298956070125939, 3.906819305599204206, 25.54609523570456275 ) ) ;
#5521 = CARTESIAN_POINT ( 'NONE',  ( -15.22934799685971718, 3.953210825364802616, 25.53278365036015884 ) ) ;
#5522 = CARTESIAN_POINT ( 'NONE',  ( -15.06584893008835380, 3.900712483024513677, 25.58833180632013793 ) ) ;
#5523 = CARTESIAN_POINT ( 'NONE',  ( -15.06490451325083058, 4.499339520683983018, 25.59069607726802786 ) ) ;
#5524 = CARTESIAN_POINT ( 'NONE',  ( -15.19239378474957292, 4.458483994002076400, 25.58372945590868852 ) ) ;
#5525 = CARTESIAN_POINT ( 'NONE',  ( -15.07338561601766180, 3.899999999999999911, 25.39747630378683496 ) ) ;
#5526 = B_SPLINE_CURVE_WITH_KNOTS ( 'NONE', 3,
 ( #5903, #6109, #4613, #2142, #665, #161, #3139, #5998, #3999, #4103, #3526, #3559, #2619, #6074, #4288, #5717, #3270, #2785, #359, #2301, #2546, #1589, #5062, #3006, #4503, #6028, #4027, #120, #4968, #4698, #186, #88, #659, #2106, #2073, #4096, #4208, #629, #1770, #4061, #564, #2511, #2038, #339, #4368, #3766, #2350, #2799, #5219, #2410, #1319, #468, #1381, #1415, #3281, #4729, #2830, #3860, #1862, #2283, #6275, #869, #6340, #6213, #840, #1933, #5784, #1347, #4238, #4334, #3342, #4269, #1800 ),
 .UNSPECIFIED., .F., .F.,
 ( 4, 2, 2, 2, 2, 1, 2, 2, 2, 2, 2, 2, 2, 2, 2, 2, 2, 2, 2, 2, 2, 2, 2, 2, 2, 2, 2, 2, 2, 2, 2, 2, 2, 2, 2, 2, 4 ),
 ( 0.000000000000000000, 0.01234874274018604723, 0.02469748548037198344, 0.03704622822055791964, 0.04939497096074396687, 0.07409245644111606133, 0.08644119918130210856, 0.09261557055139513217, 0.09878994192148804476, 0.1234874274018600282, 0.1481849128822321227, 0.1728823983626041061, 0.1852311411027900423, 0.1975798838429760895, 0.2244710352138302722, 0.2513621865846844550, 0.3051444893263929314, 0.3320356406972471142, 0.3589267920681014079, 0.3858179434389555906, 0.4127090948098097734, 0.4289735789832267443, 0.4452380631566437152, 0.4777670315034776571, 0.5428249681971455409, 0.5753539365439793718, 0.6078829048908133137, 0.6404118732376472556, 0.6729408415844811975, 0.6933820389854511435, 0.7138232363864209784, 0.7547056311883608704, 0.7955880259903007623, 0.8364704207922406543, 0.9182352103961203271, 0.9591176051980601081, 1.000000000000000000 ),
 .UNSPECIFIED. ) ;
#5527 = CARTESIAN_POINT ( 'NONE',  ( -15.22601062990117171, 4.426806088505292891, 25.46111188445070539 ) ) ;
#5528 = CARTESIAN_POINT ( 'NONE',  ( -15.14575753985881690, 3.914830413511375173, 25.57100358328912293 ) ) ;
#5529 = CARTESIAN_POINT ( 'NONE',  ( -15.27129004447889393, 4.010907525857257738, 25.48523313993552009 ) ) ;
#5530 = CARTESIAN_POINT ( 'NONE',  ( -15.04499510617744384, 4.499972264677299272, 25.59689270895084334 ) ) ;
#5531 = CARTESIAN_POINT ( 'NONE',  ( -15.23513356052889556, 3.964723019227844869, 25.48254375383264403 ) ) ;
#5532 = CARTESIAN_POINT ( 'NONE',  ( -15.07093593195243741, 3.901993087123158066, 25.57095746780588996 ) ) ;
#5533 = CARTESIAN_POINT ( 'NONE',  ( -7.774572606045578205, 4.299999999999999822, 30.23758703220912736 ) ) ;
#5534 = CARTESIAN_POINT ( 'NONE',  ( -15.13434739919488692, 4.486303373653331761, 25.52809806950810412 ) ) ;
#5535 = CARTESIAN_POINT ( 'NONE',  ( -6.814187644894560414, 4.299999999999999822, 24.82448159841908009 ) ) ;
#5536 = CARTESIAN_POINT ( 'NONE',  ( -6.094069636441259874, 4.500000000000752287, 23.97916411982487261 ) ) ;
#5537 = CARTESIAN_POINT ( 'NONE',  ( -12.44300519120217352, 3.900000000000000355, 28.04901342191275759 ) ) ;
#5538 = CARTESIAN_POINT ( 'NONE',  ( -15.05153924145453814, 3.900221187504930853, 25.59070079770337358 ) ) ;
#5539 = CARTESIAN_POINT ( 'NONE',  ( -15.20294895732565266, 4.443452694725715801, 25.46291739040131219 ) ) ;
#5540 = CARTESIAN_POINT ( 'NONE',  ( -15.15363463409453182, 3.916673082262689398, 25.53571408891133032 ) ) ;
#5541 = CARTESIAN_POINT ( 'NONE',  ( -15.17011823463986175, 3.922596774170187484, 25.55272502011203528 ) ) ;
#5542 = CARTESIAN_POINT ( 'NONE',  ( -15.19260816219059329, 4.500000000000000000, 25.39602311295342574 ) ) ;
#5543 = CARTESIAN_POINT ( 'NONE',  ( -15.08349093950356767, 3.902188428963581757, 25.57679555516221370 ) ) ;
#5544 = CARTESIAN_POINT ( 'NONE',  ( -15.04938261006995681, 4.499908042476900683, 25.59450972734732588 ) ) ;
#5545 = CARTESIAN_POINT ( 'NONE',  ( -11.39812834102395200, 4.499999999999999112, 28.70779014646836913 ) ) ;
#5546 = CARTESIAN_POINT ( 'NONE',  ( -15.12972530922966108, 4.487636413017154879, 25.58840477822517911 ) ) ;
#5547 = CARTESIAN_POINT ( 'NONE',  ( -15.22544999145496192, 4.431545062312033600, 25.58187235478822785 ) ) ;
#5548 = CARTESIAN_POINT ( 'NONE',  ( -15.13294571689985979, 3.962529291998428960, 25.44952308112110728 ) ) ;
#5549 = CARTESIAN_POINT ( 'NONE',  ( -15.18418370884137047, 4.341981638809782496, 25.40045404138626495 ) ) ;
#5550 = CARTESIAN_POINT ( 'NONE',  ( -6.094056440162883170, 4.099999999999999645, 23.97914461827795307 ) ) ;
#5551 = CARTESIAN_POINT ( 'NONE',  ( -15.08349908651341664, 4.497549452561298011, 25.57213036822760444 ) ) ;
#5552 = CARTESIAN_POINT ( 'NONE',  ( -15.04229051292637287, 3.899999999999999023, 25.59956415326193024 ) ) ;
#5553 = CARTESIAN_POINT ( 'NONE',  ( -15.29058601752179491, 4.073624090123274755, 25.54903445483344271 ) ) ;
#5554 = CARTESIAN_POINT ( 'NONE',  ( -15.22246427742796726, 4.499999999999689138, 25.68827525351197494 ) ) ;
#5555 = CARTESIAN_POINT ( 'NONE',  ( -15.24859684286535000, 3.974527292322735494, 25.49678721391681790 ) ) ;
#5556 = CARTESIAN_POINT ( 'NONE',  ( -15.07578861550214633, 3.905690380778251036, 25.55040604204430466 ) ) ;
#5557 = CARTESIAN_POINT ( 'NONE',  ( -15.22056380343464177, 3.944550777672604536, 25.50613224169714854 ) ) ;
#5558 = CARTESIAN_POINT ( 'NONE',  ( -15.05735216518125519, 4.498923996465207686, 25.57833958782911310 ) ) ;
#5559 = CARTESIAN_POINT ( 'NONE',  ( -15.12870063436010604, 4.462954139971794021, 25.47919348101236281 ) ) ;
#5560 = CARTESIAN_POINT ( 'NONE',  ( -15.10399104598082687, 3.899999999999999911, 25.39577489740724303 ) ) ;
#5561 = UNCERTAINTY_MEASURE_WITH_UNIT (LENGTH_MEASURE( 1.000000000000000082E-05 ), #233, 'distance_accuracy_value', 'NONE');
#5562 = CARTESIAN_POINT ( 'NONE',  ( -15.16023568873876570, 4.391515205587949389, 25.41700541676942393 ) ) ;
#5563 = CARTESIAN_POINT ( 'NONE',  ( -15.10165706399239838, 3.908326823773855985, 25.54122322103306075 ) ) ;
#5564 = EDGE_CURVE ( 'NONE', #4639, #2451, #4906, .T. ) ;
#5565 = CARTESIAN_POINT ( 'NONE',  ( -15.21952693653640587, 3.964184349871833657, 25.46482447253047354 ) ) ;
#5566 = CARTESIAN_POINT ( 'NONE',  ( -15.06651215939905875, 3.901159695024294383, 25.57841811223801898 ) ) ;
#5567 = CARTESIAN_POINT ( 'NONE',  ( -6.972991844650244353, 4.299999999999999822, 24.96006885462812974 ) ) ;
#5568 = CARTESIAN_POINT ( 'NONE',  ( -12.19968591469227626, 4.500000000000000888, 25.90585089007494091 ) ) ;
#5569 = CARTESIAN_POINT ( 'NONE',  ( -15.14255627426046402, 4.487198562180005901, 25.54071831891464583 ) ) ;
#5570 = CARTESIAN_POINT ( 'NONE',  ( -14.53746199158184638, 3.900000000004907097, 26.49553276616045139 ) ) ;
#5571 = CARTESIAN_POINT ( 'NONE',  ( -15.04966388292160495, 3.900368019884039583, 25.58751362341372726 ) ) ;
#5572 = CARTESIAN_POINT ( 'NONE',  ( -15.24265659308781728, 4.422266428492128476, 25.56265157415730371 ) ) ;
#5573 = CARTESIAN_POINT ( 'NONE',  ( -15.11152878666494814, 3.923037177755392513, 25.50238525674257417 ) ) ;
#5574 = CARTESIAN_POINT ( 'NONE',  ( -15.16758079310312723, 3.921248287953915668, 25.54768596458882612 ) ) ;
#5575 = CARTESIAN_POINT ( 'NONE',  ( -15.13725772614322373, 4.423750644604367288, 25.43751459156473516 ) ) ;
#5576 = CARTESIAN_POINT ( 'NONE',  ( -15.19682325292111180, 4.499999999999999112, 25.39635714714518144 ) ) ;
#5577 = CARTESIAN_POINT ( 'NONE',  ( -15.07620977060147105, 3.901805120237191726, 25.57457732240458270 ) ) ;
#5578 = CARTESIAN_POINT ( 'NONE',  ( -15.04568052533328171, 4.499977549555223000, 25.59804103318084501 ) ) ;
#5579 = CARTESIAN_POINT ( 'NONE',  ( -15.12159721640366250, 4.492149700903790510, 25.56237805745164948 ) ) ;
#5580 = CARTESIAN_POINT ( 'NONE',  ( -15.03245833784144381, 4.099999999999996980, 25.40040118188671769 ) ) ;
#5581 = CARTESIAN_POINT ( 'NONE',  ( -15.21268514015547169, 4.454592632889025516, 25.55231135876992354 ) ) ;
#5582 = CARTESIAN_POINT ( 'NONE',  ( -15.19304470424358300, 3.931041688196528661, 25.51271601981737192 ) ) ;
#5583 = CARTESIAN_POINT ( 'NONE',  ( -15.10518857659767811, 3.899999999999999467, 25.47990478021342042 ) ) ;
#5584 = CARTESIAN_POINT ( 'NONE',  ( -14.77953013045685893, 4.300000000000000711, 26.24132916747311128 ) ) ;
#5585 = CARTESIAN_POINT ( 'NONE',  ( -15.26745503033406948, 4.349294310383925222, 25.42982123890704216 ) ) ;
#5586 = CARTESIAN_POINT ( 'NONE',  ( -8.528685573289751076, 3.899999999999999467, 25.89526048001460978 ) ) ;
#5587 = CARTESIAN_POINT ( 'NONE',  ( -15.07576959723897403, 4.494397834074661091, 25.55073747466224887 ) ) ;
#5588 = CARTESIAN_POINT ( 'NONE',  ( -15.04356832207903416, 3.900004684991919657, 25.59930455061213905 ) ) ;
#5589 = CARTESIAN_POINT ( 'NONE',  ( -15.30158545758601640, 4.071655525239965989, 25.49794445684922906 ) ) ;
#5590 = CARTESIAN_POINT ( 'NONE',  ( -14.05816881398565243, 4.499999999999998224, 26.68666923025484294 ) ) ;
#5591 = CARTESIAN_POINT ( 'NONE',  ( -15.15613828334960900, 3.999825208130225462, 25.42159504108358448 ) ) ;
#5592 = CARTESIAN_POINT ( 'NONE',  ( -15.09040659296821651, 3.903486737089729708, 25.56674536552206689 ) ) ;
#5593 = CARTESIAN_POINT ( 'NONE',  ( -15.17980678046195564, 3.941270878967806368, 25.47588149964867910 ) ) ;
#5594 = CARTESIAN_POINT ( 'NONE',  ( -15.07207203239296867, 4.498877135009216488, 25.58766894315997575 ) ) ;
#5595 = DIRECTION ( 'NONE',  ( 1.000000000000000000, 0.000000000000000000, -1.411534255948957470E-16 ) ) ;
#5596 = CARTESIAN_POINT ( 'NONE',  ( -15.12151109608948296, 4.450491769299692812, 25.46342661704388277 ) ) ;
#5597 = CARTESIAN_POINT ( 'NONE',  ( -15.10399104597743403, 4.099999999999999645, 25.39577489735299309 ) ) ;
#5598 = CARTESIAN_POINT ( 'NONE',  ( -15.25763468377019549, 4.409213552124434443, 25.54644669108162347 ) ) ;
#5599 = CARTESIAN_POINT ( 'NONE',  ( -15.13064488494860349, 3.913042935970158176, 25.59065743845970786 ) ) ;
#5600 = CARTESIAN_POINT ( 'NONE',  ( -15.15815888424034874, 3.981983007472956970, 25.43312303707172717 ) ) ;
#5601 = CARTESIAN_POINT ( 'NONE',  ( -15.07246672209165794, 3.901156998040161472, 25.58812721454748740 ) ) ;
#5602 = CARTESIAN_POINT ( 'NONE',  ( -15.03366271642348551, 4.300000000000000711, 25.40030628122101319 ) ) ;
#5603 = CARTESIAN_POINT ( 'NONE',  ( -15.10510875939241515, 4.470364695876223315, 25.49110494135467064 ) ) ;
#5604 = CARTESIAN_POINT ( 'NONE',  ( -14.68756556655372592, 4.500000000000000000, 26.04490783072160198 ) ) ;
#5605 = CARTESIAN_POINT ( 'NONE',  ( -7.783031133758713693, 4.500000000002988720, 25.45140974285052593 ) ) ;
#5606 = CARTESIAN_POINT ( 'NONE',  ( -12.25170637152401376, 3.900000000000000355, 28.18476078123896400 ) ) ;
#5607 = CARTESIAN_POINT ( 'NONE',  ( -15.05255672157485236, 3.900201564342643756, 25.59961839084440172 ) ) ;
#5608 = CARTESIAN_POINT ( 'NONE',  ( -15.22825449628092187, 4.449769462440992918, 25.50820341115255019 ) ) ;
#5609 = CARTESIAN_POINT ( 'NONE',  ( -15.11608943938326988, 3.920110820905700955, 25.50804942108938178 ) ) ;
#5610 = CARTESIAN_POINT ( 'NONE',  ( -15.07339097649646220, 4.499999999999999112, 25.59794781349826209 ) ) ;
#5611 = ORIENTED_EDGE ( 'NONE', *, *, #931, .T. ) ;
#5612 = CARTESIAN_POINT ( 'NONE',  ( -15.05007605569747220, 4.499910700486256410, 25.59565719539049411 ) ) ;
#5613 = CARTESIAN_POINT ( 'NONE',  ( -15.09530184941261766, 4.485803688061824168, 25.52234503456447356 ) ) ;
#5614 = CARTESIAN_POINT ( 'NONE',  ( -15.13185309635673725, 4.433950318965324655, 25.44633427876644660 ) ) ;
#5615 = B_SPLINE_CURVE_WITH_KNOTS ( 'NONE', 3,
 ( #3958, #3032, #3515, #4997, #1433, #3393, #951, #2912, #4877, #6099, #3128, #655, #5575, #2711, #4533, #3095, #2232, #1684, #6061, #148, #2679, #2102, #4091, #4056, #689, #6022, #5058, #3580, #4568, #4157, #4637, #5092, #1173, #5162, #5988, #5505, #2645, #217, #721, #756, #6133, #5643, #3647, #4672, #1103, #3164, #251, #4542, #156, #2109 ),
 .UNSPECIFIED., .F., .F.,
 ( 4, 2, 2, 1, 2, 2, 2, 2, 1, 1, 2, 2, 2, 1, 1, 2, 2, 2, 1, 1, 1, 2, 2, 2, 1, 1, 1, 1, 2, 2, 4 ),
 ( 0.000000000000000000, 0.1250000000000430211, 0.1875000000000592026, 0.2187500000000692224, 0.2343750000000785760, 0.2500000000000879297, 0.3750000000002136624, 0.4375000000002783329, 0.4687500000003121947, 0.4843750000003413381, 0.4921875000003611555, 0.5000000000003809175, 0.5625000000006376011, 0.5937500000007532863, 0.6093750000008140155, 0.6171875000008555379, 0.6250000000008971712, 0.6875000000011307622, 0.7187500000012325696, 0.7343750000012685408, 0.7421875000012814194, 0.7460937500012766455, 0.7500000000012718715, 0.8125000000013355983, 0.8437500000013674617, 0.8593750000013792301, 0.8671875000013802293, 0.8710937500013811174, 0.8730468750013815615, 0.8750000000013821166, 1.000000000000000000 ),
 .UNSPECIFIED. ) ;
#5616 = CARTESIAN_POINT ( 'NONE',  ( -15.20526999518139277, 3.947180084086431506, 25.57396840572735641 ) ) ;
#5617 = CARTESIAN_POINT ( 'NONE',  ( -15.29495328403613286, 3.899999999999978595, 25.54306701413272052 ) ) ;
#5618 = CARTESIAN_POINT ( 'NONE',  ( -5.900018103691999194, 3.899999999999999911, 24.04854385460160771 ) ) ;
#5619 = CARTESIAN_POINT ( 'NONE',  ( -15.26062603560140829, 4.363313937177955459, 25.43472729495650597 ) ) ;
#5620 = CARTESIAN_POINT ( 'NONE',  ( -8.557559277790284469, 4.500000000000000888, 25.90049939463596118 ) ) ;
#5621 = CARTESIAN_POINT ( 'NONE',  ( -15.08243753055223912, 4.496323182468445978, 25.56109381379225454 ) ) ;
#5622 = CARTESIAN_POINT ( 'NONE',  ( -15.04365568561357414, 3.900005073640123054, 25.59944366134658011 ) ) ;
#5623 = CARTESIAN_POINT ( 'NONE',  ( -15.06014012600543595, 4.499999999999997335, 25.57033767399292756 ) ) ;
#5624 = LINE ( 'NONE', #5658, #1095 ) ;
#5625 = CARTESIAN_POINT ( 'NONE',  ( -15.09833303101367719, 3.904119095394123828, 25.58004248580641971 ) ) ;
#5626 = CARTESIAN_POINT ( 'NONE',  ( -15.20493405754316285, 3.937070325783958769, 25.50095383948922390 ) ) ;
#5627 = CARTESIAN_POINT ( 'NONE',  ( -15.07537767581753840, 4.498402690289194261, 25.59326685821877945 ) ) ;
#5628 = APPLICATION_PROTOCOL_DEFINITION ( 'draft international standard', 'automotive_design', 1998, #365 ) ;
#5629 = CARTESIAN_POINT ( 'NONE',  ( -15.15703980637843173, 4.477665106657546801, 25.51358577219902202 ) ) ;
#5630 = CARTESIAN_POINT ( 'NONE',  ( -7.546269285561215234, 4.299999999999999822, 30.35063604515725189 ) ) ;
#5631 = CARTESIAN_POINT ( 'NONE',  ( -15.25706161812088091, 4.395980058267578983, 25.57243472331130363 ) ) ;
#5632 = CARTESIAN_POINT ( 'NONE',  ( -15.13827241882958319, 3.916274585430888688, 25.59343191229207903 ) ) ;
#5633 = CARTESIAN_POINT ( 'NONE',  ( -15.26849246805174154, 4.017649162644007177, 25.56071700396526580 ) ) ;
#5634 = CARTESIAN_POINT ( 'NONE',  ( -15.24717149157044815, 3.973539049870598916, 25.53951024499926703 ) ) ;
#5635 = CARTESIAN_POINT ( 'NONE',  ( -15.07007326063081898, 3.901207866238288524, 25.57926943270258846 ) ) ;
#5636 = CARTESIAN_POINT ( 'NONE',  ( -5.939353551477118742, 4.499999999999184652, 31.38392495732429666 ) ) ;
#5637 = CARTESIAN_POINT ( 'NONE',  ( -15.15333115743776382, 4.483846046514412542, 25.56012487026716329 ) ) ;
#5638 = CARTESIAN_POINT ( 'NONE',  ( -6.911207209940882557, 4.300000000001517719, 24.90913541431469014 ) ) ;
#5639 = CARTESIAN_POINT ( 'NONE',  ( -11.86031130122190547, 3.900000000000000355, 28.44462243678185942 ) ) ;
#5640 = CARTESIAN_POINT ( 'NONE',  ( -15.04770784836437691, 3.900168579310088646, 25.59164334569119248 ) ) ;
#5641 = CARTESIAN_POINT ( 'NONE',  ( -15.17924833649806438, 4.433205648022099155, 25.44643050693510844 ) ) ;
#5642 = CARTESIAN_POINT ( 'NONE',  ( -15.15868088639105515, 3.919953076359625754, 25.57209280396840967 ) ) ;
#5643 = CARTESIAN_POINT ( 'NONE',  ( -15.06655934972760491, 4.495764539064609266, 25.55736282751166755 ) ) ;
#5644 = EDGE_LOOP ( 'NONE', ( #3289, #5840, #2291, #4706 ) ) ;
#5645 = CARTESIAN_POINT ( 'NONE',  ( -15.04671004180795357, 4.499964641659464526, 25.59732475644563721 ) ) ;
#5646 = CARTESIAN_POINT ( 'NONE',  ( -15.10934314562234171, 4.491679076363642942, 25.54273254929407599 ) ) ;
#5647 = CARTESIAN_POINT ( 'NONE',  ( -15.14575390792677467, 4.445039653295736137, 25.45683702289705863 ) ) ;
#5648 = CARTESIAN_POINT ( 'NONE',  ( -15.05235170479997997, 3.900539605069334836, 25.58468111729848360 ) ) ;
#5649 = CARTESIAN_POINT ( 'NONE',  ( -9.317420886761892618, 3.899999999999999023, 26.01141145395992993 ) ) ;
#5650 = CARTESIAN_POINT ( 'NONE',  ( -15.13424251550591215, 3.933483572723853516, 25.48455328483329652 ) ) ;
#5651 = CARTESIAN_POINT ( 'NONE',  ( -15.29317334616223789, 4.100000000000039613, 25.54836198413988413 ) ) ;
#5652 = FACE_OUTER_BOUND ( 'NONE', #5644, .T. ) ;
#5653 = ADVANCED_FACE ( 'NONE', ( #1854 ), #2084, .T. ) ;
#5654 = CARTESIAN_POINT ( 'NONE',  ( -15.27230610335505645, 4.363916433118032678, 25.44713382122154854 ) ) ;
#5655 = CARTESIAN_POINT ( 'NONE',  ( -10.54480153191847336, 4.499999999999999112, 26.02695280766495500 ) ) ;
#5656 = CARTESIAN_POINT ( 'NONE',  ( -15.10386761490727459, 4.493309528389192842, 25.59703665672219230 ) ) ;
#5657 = CARTESIAN_POINT ( 'NONE',  ( -15.04226269889982248, 3.899999999999999023, 25.59951749658974762 ) ) ;
#5658 = CARTESIAN_POINT ( 'NONE',  ( -6.900018103691999194, 4.199999847142954046, 25.86689337877836437 ) ) ;
#5659 = CARTESIAN_POINT ( 'NONE',  ( -15.08431180648717351, 3.904452446961146794, 25.55690565107543222 ) ) ;
#5660 = CARTESIAN_POINT ( 'NONE',  ( -15.21205267419220597, 3.939149382601355054, 25.51523386501323643 ) ) ;
#5661 = CARTESIAN_POINT ( 'NONE',  ( -15.07271825726405545, 4.498352907924177302, 25.59888341763582886 ) ) ;
#5662 = CARTESIAN_POINT ( 'NONE',  ( -15.30616439522717265, 4.300000000000820499, 25.49617400692027758 ) ) ;
#5663 = CARTESIAN_POINT ( 'NONE',  ( -9.399006136909010323, 4.299999999999999822, 29.66801183550646925 ) ) ;
#5664 = CARTESIAN_POINT ( 'NONE',  ( -15.19918709011697366, 4.392398473424180771, 25.42315022818917214 ) ) ;
#5665 = CARTESIAN_POINT ( 'NONE',  ( -15.13735250915506647, 3.915548883762625998, 25.59163502247113442 ) ) ;
#5666 = CARTESIAN_POINT ( 'NONE',  ( -15.24015529861995866, 3.961588900453308693, 25.51529610216821453 ) ) ;
#5667 = CARTESIAN_POINT ( 'NONE',  ( -15.06190002960112295, 3.901920069287396764, 25.57104278403615183 ) ) ;
#5668 = CARTESIAN_POINT ( 'NONE',  ( -5.910816604527733276, 4.500000000000203393, 31.40610264720824318 ) ) ;
#5669 = CARTESIAN_POINT ( 'NONE',  ( -15.13561229492733773, 4.483766286054522432, 25.52047939191792736 ) ) ;
#5670 = CARTESIAN_POINT ( 'NONE',  ( -7.972432727080322579, 4.500000000006009415, 25.52824855233052759 ) ) ;
#5671 = CARTESIAN_POINT ( 'NONE',  ( -10.32233325639778165, 3.899999999997542766, 29.38819257791215733 ) ) ;
#5672 = CARTESIAN_POINT ( 'NONE',  ( -15.05174329057245330, 3.900148810579981085, 25.59826413001794521 ) ) ;
#5673 = CARTESIAN_POINT ( 'NONE',  ( -15.23771673906984958, 4.436081309772291981, 25.54349031595498687 ) ) ;
#5674 = CARTESIAN_POINT ( 'NONE',  ( -15.13145018743646553, 3.913080328902749816, 25.52888722721726822 ) ) ;
#5675 = ORIENTED_EDGE ( 'NONE', *, *, #4787, .F. ) ;
#5676 = CARTESIAN_POINT ( 'NONE',  ( -15.05654029163161844, 4.499717048081897097, 25.59168767304151615 ) ) ;
#5677 = CARTESIAN_POINT ( 'NONE',  ( -15.12884483840486283, 4.488171241045120219, 25.58680077439477785 ) ) ;
#5678 = CARTESIAN_POINT ( 'NONE',  ( -15.25720413575511003, 4.099999999999998757, 25.62885812105529837 ) ) ;
#5679 = CARTESIAN_POINT ( 'NONE',  ( -15.20177985177955726, 4.465866317253988527, 25.52219858466928670 ) ) ;
#5680 = CARTESIAN_POINT ( 'NONE',  ( -14.83678526054918301, 3.899999999999999023, 25.61865959253062996 ) ) ;
#5681 = CARTESIAN_POINT ( 'NONE',  ( -15.15083961720547201, 3.932036077758009451, 25.48831606120959847 ) ) ;
#5682 = CARTESIAN_POINT ( 'NONE',  ( -15.28858822258420957, 4.359758694497072540, 25.51080064997452723 ) ) ;
#5683 = CARTESIAN_POINT ( 'NONE',  ( -9.317418783355476464, 4.499999999999999112, 26.01141130160804238 ) ) ;
#5684 = CARTESIAN_POINT ( 'NONE',  ( -15.10130760396888050, 4.494428633770402470, 25.59252330726772939 ) ) ;
#5685 = CARTESIAN_POINT ( 'NONE',  ( -15.04251817453489615, 3.899999999999999023, 25.59993239889707439 ) ) ;
#5686 = CARTESIAN_POINT ( 'NONE',  ( -15.05498770844343959, 3.900758114472959281, 25.58172149232417780 ) ) ;
#5687 = ADVANCED_FACE ( 'NONE', ( #1373 ), #2917, .F. ) ;
#5688 = CARTESIAN_POINT ( 'NONE',  ( -15.04136205888854683, 4.499999999999999112, 25.60037349240651849 ) ) ;
#5689 = CARTESIAN_POINT ( 'NONE',  ( -15.07021222938932503, 3.905611057140550013, 25.55099603017773902 ) ) ;
#5690 = CARTESIAN_POINT ( 'NONE',  ( -15.22386455626807589, 3.954940654948327694, 25.55469060361592781 ) ) ;
#5691 = CARTESIAN_POINT ( 'NONE',  ( -7.214306789995479363, 3.900000000000000799, 30.29660309429052489 ) ) ;
#5692 = CARTESIAN_POINT ( 'NONE',  ( -15.06823169421520880, 4.499109671782914432, 25.59125610851280541 ) ) ;
#5693 = CARTESIAN_POINT ( 'NONE',  ( -15.04411836588632134, 4.499990538916575744, 25.60020653478532537 ) ) ;
#5694 = CARTESIAN_POINT ( 'NONE',  ( -15.29883142254866257, 4.300000000000820499, 25.53137720658302001 ) ) ;
#5695 = CARTESIAN_POINT ( 'NONE',  ( -15.22732548669811870, 4.099999999999999645, 25.39915209265740970 ) ) ;
#5696 = CARTESIAN_POINT ( 'NONE',  ( -15.26342731617482151, 4.402725041095177261, 25.49039307458619064 ) ) ;
#5697 = CARTESIAN_POINT ( 'NONE',  ( -15.10789854069046179, 3.908744894791666091, 25.54032896063698388 ) ) ;
#5698 = CARTESIAN_POINT ( 'NONE',  ( -15.24462139260050897, 4.077950432287491545, 25.40700753756805241 ) ) ;
#5699 = CARTESIAN_POINT ( 'NONE',  ( -15.20374104996705000, 3.964522701478499833, 25.45510104868476020 ) ) ;
#5700 = CARTESIAN_POINT ( 'NONE',  ( -15.06763906514018814, 3.901060643592121124, 25.58022647345624279 ) ) ;
#5701 = CARTESIAN_POINT ( 'NONE',  ( -11.19370373427528698, 4.299999999999999822, 25.79102914605018881 ) ) ;
#5702 = CARTESIAN_POINT ( 'NONE',  ( -15.13605417065702063, 4.482285023036424398, 25.51659996653449269 ) ) ;
#5703 = CARTESIAN_POINT ( 'NONE',  ( -7.136277005672916118, 4.499999999999999112, 25.31980636471459789 ) ) ;
#5704 = CARTESIAN_POINT ( 'NONE',  ( -7.170058669450629196, 3.900000000006453860, 30.55019666562980873 ) ) ;
#5705 = CARTESIAN_POINT ( 'NONE',  ( -15.04759705824627147, 3.900176141176628253, 25.59144736836383061 ) ) ;
#5706 = CARTESIAN_POINT ( 'NONE',  ( -15.22023741901008975, 4.448295175751358244, 25.48251863928024008 ) ) ;
#5707 = CARTESIAN_POINT ( 'NONE',  ( -15.13363236911988174, 3.913817264492269743, 25.52713707866976023 ) ) ;
#5708 = EDGE_LOOP ( 'NONE', ( #3959, #5163, #5254, #1686 ) ) ;
#5709 = CARTESIAN_POINT ( 'NONE',  ( -15.05127836016205656, 4.499849453694397816, 25.59278105074881893 ) ) ;
#5710 = CARTESIAN_POINT ( 'NONE',  ( -15.11830910120389504, 4.489514788565872827, 25.53523902529837741 ) ) ;
#5711 = CARTESIAN_POINT ( 'NONE',  ( -14.79387971369335553, 4.099999999999999645, 26.22561981831809419 ) ) ;
#5712 = CARTESIAN_POINT ( 'NONE',  ( -15.19347000471693043, 4.461747983044912047, 25.48606729426954587 ) ) ;
#5713 = CARTESIAN_POINT ( 'NONE',  ( -5.900018103691998306, 4.397662800556850549, 31.38241432066887171 ) ) ;
#5714 = CARTESIAN_POINT ( 'NONE',  ( -15.19193171805994247, 3.930714055043081245, 25.53728166794574861 ) ) ;
#5715 = CARTESIAN_POINT ( 'NONE',  ( -15.16424455379213043, 4.320202897822471577, 25.39572931367385777 ) ) ;
#5716 = CARTESIAN_POINT ( 'NONE',  ( -5.724361173837716699, 3.899999999999999467, 31.29786176021694644 ) ) ;
#5717 = CARTESIAN_POINT ( 'NONE',  ( -15.07483385566801637, 3.901880219621172596, 25.59858394972349771 ) ) ;
#5718 = CARTESIAN_POINT ( 'NONE',  ( -15.09457173481873227, 4.496038864227631215, 25.56623206696486861 ) ) ;
#5719 = CARTESIAN_POINT ( 'NONE',  ( -15.04136205888854327, 3.899999999999999023, 25.60037349240651849 ) ) ;
#5720 = CARTESIAN_POINT ( 'NONE',  ( -15.05398813626872290, 3.900910333885940773, 25.58002243559791822 ) ) ;
#5721 = CARTESIAN_POINT ( 'NONE',  ( -15.08701885326105341, 3.902851248853022259, 25.57061669246716207 ) ) ;
#5722 = CARTESIAN_POINT ( 'NONE',  ( -15.06221217269719759, 4.498163555951642856, 25.57167338597479400 ) ) ;
#5723 = CARTESIAN_POINT ( 'NONE',  ( -7.139651288670093798, 4.300000000000001599, 30.57007077473907586 ) ) ;
#5724 = CARTESIAN_POINT ( 'NONE',  ( -15.15548732832374412, 4.374546417106846441, 25.40885879150270910 ) ) ;
#5725 = CARTESIAN_POINT ( 'NONE',  ( -15.16207647768074729, 3.919161187006847680, 25.54083252154140737 ) ) ;
#5726 = CARTESIAN_POINT ( 'NONE',  ( -15.24638705672845695, 3.975600795454932168, 25.54822695838478808 ) ) ;
#5727 = CARTESIAN_POINT ( 'NONE',  ( -15.06304837523449436, 3.901061878405316818, 25.57894781316123911 ) ) ;
#5728 = CARTESIAN_POINT ( 'NONE',  ( -15.28220311295151035, 4.300000000000820499, 25.57633297894276225 ) ) ;
#5729 = CARTESIAN_POINT ( 'NONE',  ( -15.17624367909053085, 4.466195021965543077, 25.59122447341607298 ) ) ;
#5730 = CARTESIAN_POINT ( 'NONE',  ( -9.170968617828428648, 4.499999999999999112, 25.99843381616786431 ) ) ;
#5731 = CARTESIAN_POINT ( 'NONE',  ( -8.900795847273526462, 3.899999999999997691, 29.60499752913507621 ) ) ;
#5732 = CARTESIAN_POINT ( 'NONE',  ( -15.05116147189148990, 3.900122396280840675, 25.59732023170344917 ) ) ;
#5733 = CARTESIAN_POINT ( 'NONE',  ( -15.22802594569736989, 4.444889614405416189, 25.48823858819286770 ) ) ;
#5734 = CARTESIAN_POINT ( 'NONE',  ( -15.13907426408260193, 3.911395716542640066, 25.55212552105209767 ) ) ;
#5735 = CARTESIAN_POINT ( 'NONE',  ( -15.28290514646005249, 4.046645486868248653, 25.55209590150567323 ) ) ;
#5736 = VERTEX_POINT ( 'NONE', #1791 ) ;
#5737 = CARTESIAN_POINT ( 'NONE',  ( -15.05187426596742384, 4.499405994100842854, 25.58394788458146607 ) ) ;
#5738 = CARTESIAN_POINT ( 'NONE',  ( -15.11711204755922289, 4.489144112587219126, 25.53350251691465544 ) ) ;
#5739 = DIRECTION ( 'NONE',  ( -1.411534255948957470E-16, -0.000000000000000000, -1.000000000000000000 ) ) ;
#5740 = CARTESIAN_POINT ( 'NONE',  ( -15.21164135967927677, 4.459336540106350277, 25.49837358765027417 ) ) ;
#5741 = CARTESIAN_POINT ( 'NONE',  ( -15.04136205888854683, 4.499999999999999112, 25.60037349240651849 ) ) ;
#5742 = CARTESIAN_POINT ( 'NONE',  ( -5.900018103691999194, 4.445149094614969876, 31.33568224795592627 ) ) ;
#5743 = CARTESIAN_POINT ( 'NONE',  ( -15.12029188137176128, 3.944335102950726313, 25.46959138489333085 ) ) ;
#5744 = CARTESIAN_POINT ( 'NONE',  ( -15.28038976319699849, 4.325117085753805490, 25.57669097679817583 ) ) ;
#5745 = CARTESIAN_POINT ( 'NONE',  ( -10.95525883992995730, 4.499999999999996447, 26.00739624381440507 ) ) ;
#5746 = CARTESIAN_POINT ( 'NONE',  ( -15.09384069193033540, 4.496010547856910122, 25.56504583390559660 ) ) ;
#5747 = CARTESIAN_POINT ( 'NONE',  ( -15.17820096173990230, 4.474921979034476749, 25.53445456397931679 ) ) ;
#5748 = CARTESIAN_POINT ( 'NONE',  ( -15.06360031166307856, 3.900669067641047150, 25.59573988758686625 ) ) ;
#5749 = CARTESIAN_POINT ( 'NONE',  ( -15.09542050012803927, 3.903726454655769729, 25.58236942721005391 ) ) ;
#5750 = CARTESIAN_POINT ( 'NONE',  ( -15.20020729726090281, 4.500000000000000000, 25.39665732836108347 ) ) ;
#5751 = CARTESIAN_POINT ( 'NONE',  ( -15.06653653161960271, 4.497063922257471091, 25.56422921420275074 ) ) ;
#5752 = CARTESIAN_POINT ( 'NONE',  ( -15.17315733110400267, 4.382286230170999275, 25.41343957793002062 ) ) ;
#5753 = CARTESIAN_POINT ( 'NONE',  ( -15.17042774947013584, 3.969582772409701921, 25.44309784729725266 ) ) ;
#5754 = CARTESIAN_POINT ( 'NONE',  ( -15.07145888723505500, 3.901197529840437994, 25.59269544939849794 ) ) ;
#5755 = CARTESIAN_POINT ( 'NONE',  ( -15.21213042454086839, 4.441652996393039565, 25.58729172151998199 ) ) ;
#5756 = CARTESIAN_POINT ( 'NONE',  ( -15.13701900311359694, 4.478757524558692360, 25.50833843900102949 ) ) ;
#5757 = CARTESIAN_POINT ( 'NONE',  ( -8.409463510810480713, 4.099999999999999645, 29.97864457809161820 ) ) ;
#5758 = CARTESIAN_POINT ( 'NONE',  ( -15.04991844671616796, 3.900093380398757859, 25.59771355338943977 ) ) ;
#5759 = CARTESIAN_POINT ( 'NONE',  ( -15.22314984802268967, 4.444916625291273959, 25.48054734452394499 ) ) ;
#5760 = CARTESIAN_POINT ( 'NONE',  ( -15.12096805091060325, 3.912304724011432366, 25.52876943706483459 ) ) ;
#5761 = EDGE_CURVE ( 'NONE', #2451, #1620, #5624, .T. ) ;
#5762 = CARTESIAN_POINT ( 'NONE',  ( -15.29077045780253563, 4.055761972413037597, 25.53462679498507626 ) ) ;
#5763 = CARTESIAN_POINT ( 'NONE',  ( -15.08346447904150089, 3.910402712356233934, 25.53347115382511490 ) ) ;
#5764 = CARTESIAN_POINT ( 'NONE',  ( -15.30623888206550731, 4.099999999998173550, 25.49554957279137568 ) ) ;
#5765 = CARTESIAN_POINT ( 'NONE',  ( -15.04970867789920241, 4.499774582805333267, 25.59014641798378165 ) ) ;
#5766 = CARTESIAN_POINT ( 'NONE',  ( -15.12422994727831771, 4.490698421277524055, 25.54416337062151854 ) ) ;
#5767 = CARTESIAN_POINT ( 'NONE',  ( -15.22163760452606240, 4.454717020766383762, 25.52057838178586024 ) ) ;
#5768 = CARTESIAN_POINT ( 'NONE',  ( -15.04259286590020217, 4.499999999999999112, 25.60008152086962241 ) ) ;
#5769 = CARTESIAN_POINT ( 'NONE',  ( -12.18295852934221735, 3.899999999999999467, 25.90742276799119281 ) ) ;
#5770 = CARTESIAN_POINT ( 'NONE',  ( -15.14434889686223862, 3.918449532260125601, 25.51836871734985479 ) ) ;
#5771 = CARTESIAN_POINT ( 'NONE',  ( -15.14670861574548333, 3.923839726009376250, 25.50494135038542254 ) ) ;
#5772 = VERTEX_POINT ( 'NONE', #1311 ) ;
#5773 = CARTESIAN_POINT ( 'NONE',  ( -15.28152822539654565, 4.340782086986510357, 25.56693517011783356 ) ) ;
#5774 = LENGTH_MEASURE_WITH_UNIT ( LENGTH_MEASURE( 0.02539999999999999897 ), #6262 );
#5775 = CARTESIAN_POINT ( 'NONE',  ( -15.08826693485942094, 4.496590409752160511, 25.56577521577762013 ) ) ;
#5776 = CARTESIAN_POINT ( 'NONE',  ( -15.18319211831102855, 4.472808871140467879, 25.52016501843628760 ) ) ;
#5777 = CARTESIAN_POINT ( 'NONE',  ( -15.05573008025976023, 3.900660862646947447, 25.58296234763804122 ) ) ;
#5778 = CARTESIAN_POINT ( 'NONE',  ( -7.150802795949897650, 4.100000000000001421, 25.77669631803756189 ) ) ;
#5779 = CARTESIAN_POINT ( 'NONE',  ( -15.07229743189744120, 3.906509520830604654, 25.54731688854156957 ) ) ;
#5780 = CARTESIAN_POINT ( 'NONE',  ( -15.06587391554248079, 4.495998659360497918, 25.55854293233832664 ) ) ;
#5781 = CARTESIAN_POINT ( 'NONE',  ( -15.25399875209680545, 4.391133812676109471, 25.45291630915709646 ) ) ;
#5782 = CARTESIAN_POINT ( 'NONE',  ( -15.24190739276400208, 3.970667079523936938, 25.54939709768998313 ) ) ;
#5783 = CARTESIAN_POINT ( 'NONE',  ( -15.06746818498462837, 3.900823873841524847, 25.58606530697907289 ) ) ;
#5784 = CARTESIAN_POINT ( 'NONE',  ( -15.27556575464019417, 4.051378114930582086, 25.57712599143892263 ) ) ;
#5785 = CARTESIAN_POINT ( 'NONE',  ( -15.14006838669076238, 4.485018716485679846, 25.52682523153826466 ) ) ;
#5786 = CARTESIAN_POINT ( 'NONE',  ( -14.66015742319592796, 3.900000000000000799, 25.43537110927213263 ) ) ;
#5787 = CARTESIAN_POINT ( 'NONE',  ( -6.590051692639086411, 3.899999999999999911, 30.91061408241615283 ) ) ;
#5788 = CARTESIAN_POINT ( 'NONE',  ( -15.04810173625301672, 3.900067215722041070, 25.59955153805932682 ) ) ;
#5789 = CARTESIAN_POINT ( 'NONE',  ( -15.22503131115512431, 4.448268447505018486, 25.49008596810440253 ) ) ;
#5790 = CARTESIAN_POINT ( 'NONE',  ( -15.10675861298823186, 3.921738943709663250, 25.50509846698694361 ) ) ;
#5791 = CARTESIAN_POINT ( 'NONE',  ( -15.18161666516437869, 4.032412044107294591, 25.40855532290433061 ) ) ;
#5792 = CARTESIAN_POINT ( 'NONE',  ( -8.774043779434194334, 3.899999999999997691, 29.64439871357005174 ) ) ;
#5793 = CARTESIAN_POINT ( 'NONE',  ( -15.16968983245967806, 4.089657927762541334, 25.39506981834751187 ) ) ;
#5794 = CARTESIAN_POINT ( 'NONE',  ( -15.05142205186770354, 4.499852884261207109, 25.59301958806426569 ) ) ;
#5795 = CARTESIAN_POINT ( 'NONE',  ( -10.25806786949311622, 4.500000000000000888, 29.19878591612845753 ) ) ;
#5796 = CARTESIAN_POINT ( 'NONE',  ( -15.12839755836084699, 4.490883823166220701, 25.55663715986650075 ) ) ;
#5797 = CARTESIAN_POINT ( 'NONE',  ( -13.71070897470838545, 4.099999999999999645, 27.27910450254874775 ) ) ;
#5798 = CARTESIAN_POINT ( 'NONE',  ( -15.15517649114138976, 4.432988762137672012, 25.44507691816178152 ) ) ;
#5799 = CARTESIAN_POINT ( 'NONE',  ( -15.04241991533469580, 4.499999999999999112, 25.59980269360045924 ) ) ;
#5800 = CARTESIAN_POINT ( 'NONE',  ( -15.30158014399910194, 3.899999999999572253, 25.52300141316585780 ) ) ;
#5801 = CARTESIAN_POINT ( 'NONE',  ( -15.17884563446147617, 3.933116447061367538, 25.58415187292817450 ) ) ;
#5802 = CARTESIAN_POINT ( 'NONE',  ( -15.17122943325695239, 3.922564976346589294, 25.53635562683789573 ) ) ;
#5803 = CARTESIAN_POINT ( 'NONE',  ( -15.05197649291349826, 3.900719951688620846, 25.58253894441935472 ) ) ;
#5804 = CARTESIAN_POINT ( 'NONE',  ( -15.22137076006955603, 4.327825675684403350, 25.40233574987480480 ) ) ;
#5805 = CARTESIAN_POINT ( 'NONE',  ( -6.900018103691998306, 4.199999847142954046, 29.79647591788961236 ) ) ;
#5806 = CARTESIAN_POINT ( 'NONE',  ( -15.09681432365584364, 4.495675962406316728, 25.56476228728450906 ) ) ;
#5807 = CARTESIAN_POINT ( 'NONE',  ( -15.04136205888854683, 3.899999999999999023, 25.60037349240651849 ) ) ;
#5808 = CARTESIAN_POINT ( 'NONE',  ( -15.19649196171761218, 4.457925694425785679, 25.57705034566333779 ) ) ;
#5809 = CARTESIAN_POINT ( 'NONE',  ( -15.06093007885022139, 3.900661787044116036, 25.58406631350411331 ) ) ;
#5810 = CARTESIAN_POINT ( 'NONE',  ( -5.900018103691998306, 4.100000000000001421, 31.41451507187543513 ) ) ;
#5811 = CARTESIAN_POINT ( 'NONE',  ( -15.10277170044548711, 3.906216412292768059, 25.59527269026148488 ) ) ;
#5812 = CARTESIAN_POINT ( 'NONE',  ( -5.923410200143790938, 4.100000000000945555, 23.71215079622405142 ) ) ;
#5813 = CARTESIAN_POINT ( 'NONE',  ( -15.07232294272990814, 4.498229390456057075, 25.57333309383891518 ) ) ;
#5814 = CARTESIAN_POINT ( 'NONE',  ( -15.23237092759010025, 3.992236575420813782, 25.44858204580241079 ) ) ;
#5815 = CARTESIAN_POINT ( 'NONE',  ( -15.14188812044486809, 3.921374461751780061, 25.50948039296876502 ) ) ;
#5816 = CARTESIAN_POINT ( 'NONE',  ( -15.29601787473583485, 4.500000000000000000, 25.53985162399458275 ) ) ;
#5817 = CARTESIAN_POINT ( 'NONE',  ( -9.756918300423141233, 3.900000000000001688, 29.35686727526609729 ) ) ;
#5818 = CARTESIAN_POINT ( 'NONE',  ( -15.24050584521891061, 3.976906977933422294, 25.56615663038588693 ) ) ;
#5819 = CARTESIAN_POINT ( 'NONE',  ( -15.06558040561839285, 3.900788324423041242, 25.58422659393030330 ) ) ;
#5820 = CARTESIAN_POINT ( 'NONE',  ( -15.24699125589606652, 4.404692775365688817, 25.58249924264766051 ) ) ;
#5821 = CARTESIAN_POINT ( 'NONE',  ( -15.12096662518852952, 4.460164572440975306, 25.47538755714626646 ) ) ;
#5822 = CARTESIAN_POINT ( 'NONE',  ( -14.33478003370179188, 4.100000000000000533, 25.47022036114630339 ) ) ;
#5823 = VECTOR ( 'NONE', #1457, 39.37007874015748143 ) ;
#5824 = CARTESIAN_POINT ( 'NONE',  ( -10.56817234028356545, 4.499999999999245937, 25.82589131370304969 ) ) ;
#5825 = CARTESIAN_POINT ( 'NONE',  ( -5.858901057620554909, 3.900000000001828671, 31.44657052416258836 ) ) ;
#5826 = CARTESIAN_POINT ( 'NONE',  ( -15.15415023389377858, 4.407824185982931908, 25.42618301651923929 ) ) ;
#5827 = CARTESIAN_POINT ( 'NONE',  ( -15.11066292649571352, 3.917189902265757251, 25.51460144025653420 ) ) ;
#5828 = CARTESIAN_POINT ( 'NONE',  ( -15.27834567627408191, 4.036705931339834130, 25.45585336517593689 ) ) ;
#5829 = CARTESIAN_POINT ( 'NONE',  ( -15.19384793248812926, 4.094947367065045363, 25.39607270625648638 ) ) ;
#5830 = CARTESIAN_POINT ( 'NONE',  ( -15.06174135326785368, 4.499452395030997920, 25.59536026195561220 ) ) ;
#5831 = CARTESIAN_POINT ( 'NONE',  ( -15.10979835319534992, 4.486194188092869517, 25.52323214626932923 ) ) ;
#5832 = CARTESIAN_POINT ( 'NONE',  ( -5.906428654493150354, 4.500000000000096811, 23.68377532072452851 ) ) ;
#5833 = CARTESIAN_POINT ( 'NONE',  ( -15.08584227596226057, 3.899999999999999467, 25.52417538380880657 ) ) ;
#5834 = CARTESIAN_POINT ( 'NONE',  ( -15.23171993176798367, 4.433218016380386928, 25.56528579600179185 ) ) ;
#5835 = CARTESIAN_POINT ( 'NONE',  ( -15.04250568739713501, 4.500000000000001776, 25.59994223342154029 ) ) ;
#5836 = CARTESIAN_POINT ( 'NONE',  ( -15.10541477234660590, 3.899999999999999467, 25.47922045160020588 ) ) ;
#5837 = CARTESIAN_POINT ( 'NONE',  ( -15.16305594752452457, 3.919426727597416615, 25.54948132813381179 ) ) ;
#5838 = CARTESIAN_POINT ( 'NONE',  ( -15.15459321865739462, 3.918900554363190292, 25.52496895816021194 ) ) ;
#5839 = CARTESIAN_POINT ( 'NONE',  ( -15.09473669220927405, 3.907055171391666359, 25.54587007173644153 ) ) ;
#5840 = ORIENTED_EDGE ( 'NONE', *, *, #3563, .F. ) ;
#5841 = CARTESIAN_POINT ( 'NONE',  ( -15.25923299335423344, 4.305236635500329534, 25.40917487044017875 ) ) ;
#5842 = CARTESIAN_POINT ( 'NONE',  ( -15.07953290217779774, 4.490906801929497760, 25.53774239252226863 ) ) ;
#5843 = CARTESIAN_POINT ( 'NONE',  ( -8.474444205636231686, 4.099999999999999645, 25.67665037057352961 ) ) ;
#5844 = CARTESIAN_POINT ( 'NONE',  ( -15.14961019967560318, 4.461719800722470985, 25.47764609076029174 ) ) ;
#5845 = CARTESIAN_POINT ( 'NONE',  ( -9.883982941741843220, 4.100000000000001421, 26.06340232508422261 ) ) ;
#5846 = CARTESIAN_POINT ( 'NONE',  ( -15.09506459107562115, 3.904282766399856719, 25.59173531674021618 ) ) ;
#5847 = CARTESIAN_POINT ( 'NONE',  ( -5.978698457405766220, 3.899999999999997247, 23.80228037825500920 ) ) ;
#5848 = CARTESIAN_POINT ( 'NONE',  ( -15.07721661040624284, 4.498298048065037413, 25.59132838116249431 ) ) ;
#5849 = CARTESIAN_POINT ( 'NONE',  ( -9.601354046841564127, 3.900000000000000355, 26.02970650547741727 ) ) ;
#5850 = CARTESIAN_POINT ( 'NONE',  ( -15.15424287659529767, 4.008245741071968737, 25.41685360656665083 ) ) ;
#5851 = CARTESIAN_POINT ( 'NONE',  ( -15.29631987491052847, 4.299999999999999822, 25.53893954747571371 ) ) ;
#5852 = CARTESIAN_POINT ( 'NONE',  ( -15.11106423110242503, 3.907322138410035617, 25.58897916500007952 ) ) ;
#5853 = CARTESIAN_POINT ( 'NONE',  ( -15.23904962931428742, 3.967787882444436587, 25.55016185806214324 ) ) ;
#5854 = CARTESIAN_POINT ( 'NONE',  ( -15.06027445149892152, 3.901500217484449085, 25.57448526123061328 ) ) ;
#5855 = CARTESIAN_POINT ( 'NONE',  ( -15.18517501665442104, 4.460975741153714758, 25.59032525338772146 ) ) ;
#5856 = CARTESIAN_POINT ( 'NONE',  ( -15.14672007854089841, 4.482097872444097852, 25.52168024382541134 ) ) ;
#5857 = CARTESIAN_POINT ( 'NONE',  ( -13.04089802175909973, 4.100000000000000533, 25.61688284248413083 ) ) ;
#5858 = CARTESIAN_POINT ( 'NONE',  ( -15.14856746379514618, 4.396687072088417914, 25.41956783788483065 ) ) ;
#5859 = CARTESIAN_POINT ( 'NONE',  ( -15.16304246293828584, 3.925889779570758353, 25.58865292364426836 ) ) ;
#5860 = CARTESIAN_POINT ( 'NONE',  ( -15.23193310747881135, 4.040537917800124390, 25.41693029764910250 ) ) ;
#5861 = CARTESIAN_POINT ( 'NONE',  ( -15.24708846001158058, 4.094920149291229272, 25.40495262241534036 ) ) ;
#5862 = CARTESIAN_POINT ( 'NONE',  ( -15.10541130930131537, 4.473007677372878632, 25.49549181175908430 ) ) ;
#5863 = CARTESIAN_POINT ( 'NONE',  ( -11.14654267868268001, 4.100000000000001421, 29.05728839470537750 ) ) ;
#5864 = CARTESIAN_POINT ( 'NONE',  ( -5.900018103691996529, 3.934779283966643781, 31.30488787493832348 ) ) ;
#5865 = CARTESIAN_POINT ( 'NONE',  ( -15.24551404414685685, 3.899999999999843592, 25.64928959451006563 ) ) ;
#5866 = CARTESIAN_POINT ( 'NONE',  ( -15.16674542080563270, 4.437148542064742074, 25.44893858171182544 ) ) ;
#5867 = CARTESIAN_POINT ( 'NONE',  ( -15.15771798095443224, 3.918807413343704305, 25.52998396934211556 ) ) ;
#5868 = CARTESIAN_POINT ( 'NONE',  ( -15.16384841875237832, 4.071011749453710138, 25.39476484760336206 ) ) ;
#5869 = CARTESIAN_POINT ( 'NONE',  ( -15.19464799779043318, 4.310534462108196685, 25.39642995758721966 ) ) ;
#5870 = CARTESIAN_POINT ( 'NONE',  ( -15.09551787985062710, 4.494201448524104414, 25.55245655679421901 ) ) ;
#5871 = CARTESIAN_POINT ( 'NONE',  ( -8.526109344554754443, 4.099999999999998757, 25.68877591501978230 ) ) ;
#5872 = CARTESIAN_POINT ( 'NONE',  ( -15.19543354825013282, 4.462387272252779979, 25.56474718520578548 ) ) ;
#5873 = CARTESIAN_POINT ( 'NONE',  ( -14.60411216255401712, 4.299999999999999822, 25.41741117035399711 ) ) ;
#5874 = CARTESIAN_POINT ( 'NONE',  ( -5.720768101562097030, 3.899999999999999467, 23.76288066670132082 ) ) ;
#5875 = CARTESIAN_POINT ( 'NONE',  ( -15.07921716115840027, 4.498284872498371278, 25.58463519164117272 ) ) ;
#5876 = CARTESIAN_POINT ( 'NONE',  ( -15.20761411440737731, 3.986738325568053298, 25.43922531630849448 ) ) ;
#5877 = CARTESIAN_POINT ( 'NONE',  ( -15.28519491128535179, 4.500000000000108358, 25.56930721169395682 ) ) ;
#5878 = CARTESIAN_POINT ( 'NONE',  ( -15.09996056164034783, 3.904299519344317293, 25.57512247571349917 ) ) ;
#5879 = CARTESIAN_POINT ( 'NONE',  ( -15.19926137503685837, 3.953348515335585844, 25.46458203036763379 ) ) ;
#5880 = CARTESIAN_POINT ( 'NONE',  ( -15.06196327802318180, 3.900892989833591340, 25.58085961309875245 ) ) ;
#5881 = CARTESIAN_POINT ( 'NONE',  ( -15.16949869602149015, 4.477557492345548340, 25.55440378882095587 ) ) ;
#5882 = CARTESIAN_POINT ( 'NONE',  ( -15.03209563264990756, 3.900000000000000799, 25.60101883442244741 ) ) ;
#5883 = CARTESIAN_POINT ( 'NONE',  ( -11.10477811680466687, 4.500000000003010037, 25.79722595478904523 ) ) ;
#5884 = CARTESIAN_POINT ( 'NONE',  ( -15.22111235805132168, 4.434365175380870383, 25.46496186608521839 ) ) ;
#5885 = CARTESIAN_POINT ( 'NONE',  ( -15.12231869124635786, 3.908729987133765960, 25.54666793826349647 ) ) ;
#5886 = CARTESIAN_POINT ( 'NONE',  ( -15.27648221260426986, 4.019212328557475900, 25.53061217723090337 ) ) ;
#5887 = CARTESIAN_POINT ( 'NONE',  ( -15.29934713414920289, 4.094886883123201926, 25.44257270830456008 ) ) ;
#5888 = CARTESIAN_POINT ( 'NONE',  ( -10.77559168336634521, 4.299999999999998046, 29.22005527898111765 ) ) ;
#5889 = CARTESIAN_POINT ( 'NONE',  ( -15.10539314788678666, 4.479779130993840397, 25.50824191643923200 ) ) ;
#5890 = CARTESIAN_POINT ( 'NONE',  ( -5.729479527352470569, 4.499999999999999112, 23.77753231721240468 ) ) ;
#5891 = CARTESIAN_POINT ( 'NONE',  ( -15.28788227289200208, 3.899999999999886224, 25.56269630907177870 ) ) ;
#5892 = CARTESIAN_POINT ( 'NONE',  ( -15.15608516706488018, 4.423876056460877670, 25.43755071828034886 ) ) ;
#5893 = CARTESIAN_POINT ( 'NONE',  ( -6.973815487322334583, 3.899999999999998135, 25.20603011232921631 ) ) ;
#5894 = CARTESIAN_POINT ( 'NONE',  ( -15.17022322110457822, 3.923840015245080082, 25.56404313331029599 ) ) ;
#5895 = CARTESIAN_POINT ( 'NONE',  ( -15.11867131708179457, 3.942284525286890329, 25.47223808802457867 ) ) ;
#5896 = CARTESIAN_POINT ( 'NONE',  ( -15.28220311295151035, 4.300000000000820499, 25.57633297894276225 ) ) ;
#5897 = CARTESIAN_POINT ( 'NONE',  ( -15.26430772993537133, 4.310932830672454585, 25.41202732112868290 ) ) ;
#5898 = CARTESIAN_POINT ( 'NONE',  ( -15.09046429336471817, 4.492796728285105345, 25.54459374486468803 ) ) ;
#5899 = CARTESIAN_POINT ( 'NONE',  ( -7.248315250066625026, 4.099999999999998757, 25.15376679497647672 ) ) ;
#5900 = CARTESIAN_POINT ( 'NONE',  ( -6.183026910759859440, 4.500000000000000888, 24.44352430086880545 ) ) ;
#5901 = CARTESIAN_POINT ( 'NONE',  ( -15.14381641298132664, 4.447251773961002463, 25.45926062409910884 ) ) ;
#5902 = CARTESIAN_POINT ( 'NONE',  ( -5.752222681637434221, 3.899999999999999467, 23.81556985450067998 ) ) ;
#5903 = CARTESIAN_POINT ( 'NONE',  ( -15.04136205888855038, 3.899999999999999467, 25.60037349240651849 ) ) ;
#5904 = CARTESIAN_POINT ( 'NONE',  ( -15.08469753709090000, 4.497735239575766819, 25.57893352135105047 ) ) ;
#5905 = CARTESIAN_POINT ( 'NONE',  ( -10.14031004384823476, 4.099999999999999645, 25.83661814964409587 ) ) ;
#5906 = CARTESIAN_POINT ( 'NONE',  ( -15.04693141775632625, 3.900037636821693798, 25.59767221157558126 ) ) ;
#5907 = CARTESIAN_POINT ( 'NONE',  ( -15.10432779753026900, 4.500000000000001776, 25.48245302052060168 ) ) ;
#5908 = CARTESIAN_POINT ( 'NONE',  ( -15.22498481028460660, 3.947514230067138197, 25.51756220954740684 ) ) ;
#5909 = CARTESIAN_POINT ( 'NONE',  ( -15.14512507933027941, 4.481712633749202368, 25.51938023815593937 ) ) ;
#5910 = CARTESIAN_POINT ( 'NONE',  ( -11.10436283532060209, 4.099999999999999645, 25.79725390528863826 ) ) ;
#5911 = CARTESIAN_POINT ( 'NONE',  ( -15.23746160323105947, 4.440200759840911005, 25.50352902876815264 ) ) ;
#5912 = CARTESIAN_POINT ( 'NONE',  ( -15.10312169722207543, 3.917660235947058922, 25.51384881474723798 ) ) ;
#5913 = CARTESIAN_POINT ( 'NONE',  ( -15.17544799191451332, 4.028912941367837952, 25.40914297029977931 ) ) ;
#5914 = CARTESIAN_POINT ( 'NONE',  ( -15.07960298799069498, 3.901754597673337877, 25.58513217408389195 ) ) ;
#5915 = AXIS2_PLACEMENT_3D ( 'NONE', #4554, #170, #5076 ) ;
#5916 = CARTESIAN_POINT ( 'NONE',  ( -9.409196802721446318, 4.500000000006555645, 29.66477761684862813 ) ) ;
#5917 = CARTESIAN_POINT ( 'NONE',  ( -15.14871055371828845, 4.483260976352824834, 25.57610063905514508 ) ) ;
#5918 = CARTESIAN_POINT ( 'NONE',  ( -5.868283345788527505, 4.500000000000000000, 23.61964106558243159 ) ) ;
#5919 = CARTESIAN_POINT ( 'NONE',  ( -5.900018103691998306, 4.021641092571351273, 31.39441768304193658 ) ) ;
#5920 = CARTESIAN_POINT ( 'NONE',  ( -14.39475023542614451, 3.899999999999999467, 26.35539756417268009 ) ) ;
#5921 = CARTESIAN_POINT ( 'NONE',  ( -15.05843164056501671, 3.900357467985280824, 25.59460110616970496 ) ) ;
#5922 = CARTESIAN_POINT ( 'NONE',  ( -15.18578115599106226, 4.442789808234882010, 25.45678680961826501 ) ) ;
#5923 = CARTESIAN_POINT ( 'NONE',  ( -15.15220553839827744, 3.916580040170612786, 25.53332367387995561 ) ) ;
#5924 = CIRCLE ( 'NONE', #1406, 0.09999999999999947820 ) ;
#5925 = CARTESIAN_POINT ( 'NONE',  ( -15.05984429869884345, 3.902217622069393599, 25.56913354132447225 ) ) ;
#5926 = ORIENTED_EDGE ( 'NONE', *, *, #4823, .F. ) ;
#5927 = CARTESIAN_POINT ( 'NONE',  ( -15.29328037034320253, 4.305239199876941036, 25.43309816223167630 ) ) ;
#5928 = CARTESIAN_POINT ( 'NONE',  ( -12.25172260415829584, 4.499999999999999112, 28.18474936124841790 ) ) ;
#5929 = CARTESIAN_POINT ( 'NONE',  ( -15.11045910060753172, 4.493959908364213440, 25.57146168523450669 ) ) ;
#5930 = CARTESIAN_POINT ( 'NONE',  ( -5.900018103691999194, 4.099999999999998757, 23.67301540326788611 ) ) ;
#5931 = CARTESIAN_POINT ( 'NONE',  ( -15.16572352209395902, 4.467516691378921934, 25.48954048758276159 ) ) ;
#5932 = CARTESIAN_POINT ( 'NONE',  ( -15.13069646523410761, 3.953204592298583009, 25.45887923327839886 ) ) ;
#5933 = CARTESIAN_POINT ( 'NONE',  ( -6.911148675356720616, 4.100000000001517542, 24.90908603225277673 ) ) ;
#5934 = CARTESIAN_POINT ( 'NONE',  ( -15.08307213161215010, 4.497818805750876336, 25.57624059452258436 ) ) ;
#5935 = CARTESIAN_POINT ( 'NONE',  ( -5.910816741293122512, 4.099999999999997868, 31.40610254074467989 ) ) ;
#5936 = CARTESIAN_POINT ( 'NONE',  ( -15.04744446430836469, 3.900046826583029702, 25.59849109057953243 ) ) ;
#5937 = CARTESIAN_POINT ( 'NONE',  ( -15.25932088060489811, 4.071393739851395743, 25.41475044214441681 ) ) ;
#5938 = CARTESIAN_POINT ( 'NONE',  ( -15.09244052358288712, 4.499999999999999112, 25.51080409346155520 ) ) ;
#5939 = CARTESIAN_POINT ( 'NONE',  ( -15.08340224504276073, 3.906208558035896505, 25.54818750805555538 ) ) ;
#5940 = CARTESIAN_POINT ( 'NONE',  ( -15.16017424075042541, 3.956762671360469330, 25.45471173952750021 ) ) ;
#5941 = CARTESIAN_POINT ( 'NONE',  ( -15.06579126844108352, 3.900722066558379719, 25.58701194897028586 ) ) ;
#5942 = CARTESIAN_POINT ( 'NONE',  ( -15.06019118935497758, 4.499480709806787715, 25.59771449590976289 ) ) ;
#5943 = CARTESIAN_POINT ( 'NONE',  ( -15.18310147365760976, 4.464094938566694815, 25.58497302144523644 ) ) ;
#5944 = CARTESIAN_POINT ( 'NONE',  ( -15.14587684129903700, 3.899999999999857359, 25.39462933464362493 ) ) ;
#5945 = CARTESIAN_POINT ( 'NONE',  ( -15.25165567157260682, 4.409051650041980963, 25.56496308105667126 ) ) ;
#5946 = CARTESIAN_POINT ( 'NONE',  ( -15.13073568565284788, 3.909674784953982574, 25.56103671966747726 ) ) ;
#5947 = CARTESIAN_POINT ( 'NONE',  ( -15.27579910508797489, 4.014898927661112893, 25.51061710820527750 ) ) ;
#5948 = CARTESIAN_POINT ( 'NONE',  ( -6.076959376557927506, 4.499999999998375522, 31.27875813899760260 ) ) ;
#5949 = CARTESIAN_POINT ( 'NONE',  ( -11.76743099556032668, 4.500000000000000888, 25.94588527683279366 ) ) ;
#5950 = CARTESIAN_POINT ( 'NONE',  ( -15.13147781142700588, 4.489059547901237401, 25.53918550254978470 ) ) ;
#5951 = CARTESIAN_POINT ( 'NONE',  ( -6.519770761774047685, 4.299999999999999822, 24.52517629573134528 ) ) ;
#5952 = CARTESIAN_POINT ( 'NONE',  ( -15.05251124860597045, 3.899999999999998135, 25.58281790364199182 ) ) ;
#5953 = CARTESIAN_POINT ( 'NONE',  ( -15.05569241375609302, 3.900283381007859873, 25.59743413376872212 ) ) ;
#5954 = CARTESIAN_POINT ( 'NONE',  ( -15.18691759496376648, 4.441468689364519662, 25.45566541151109163 ) ) ;
#5955 = ADVANCED_FACE ( 'NONE', ( #768 ), #3215, .F. ) ;
#5956 = CARTESIAN_POINT ( 'NONE',  ( -15.13491380358945015, 3.916416125200830489, 25.51953664735194849 ) ) ;
#5957 = CARTESIAN_POINT ( 'NONE',  ( -15.10837576475500832, 3.933876301781320528, 25.48418511041116830 ) ) ;
#5958 = CARTESIAN_POINT ( 'NONE',  ( -15.09734622338864085, 3.905141578805632285, 25.59580830892082659 ) ) ;
#5959 = CARTESIAN_POINT ( 'NONE',  ( -15.22435831550603957, 4.310732425819815639, 25.39989902692123636 ) ) ;
#5960 = CARTESIAN_POINT ( 'NONE',  ( -15.08615514581585693, 4.491048360663625338, 25.53801775736760504 ) ) ;
#5961 = CARTESIAN_POINT ( 'NONE',  ( -12.94034456708313208, 4.500000000001625367, 27.92295583577460150 ) ) ;
#5962 = CARTESIAN_POINT ( 'NONE',  ( -15.20871809920265783, 4.449853349069520903, 25.57453290729141315 ) ) ;
#5963 = CARTESIAN_POINT ( 'NONE',  ( -15.17400186000116413, 3.937747039146037409, 25.48079015955867277 ) ) ;
#5964 = CARTESIAN_POINT ( 'NONE',  ( -8.315991196772491989, 3.899999999999999467, 25.84373960143565085 ) ) ;
#5965 = CARTESIAN_POINT ( 'NONE',  ( -15.08789752061872491, 4.497296661613877866, 25.58432945658210755 ) ) ;
#5966 = CARTESIAN_POINT ( 'NONE',  ( -15.04656589627973595, 3.900036016698382291, 25.59708540014755229 ) ) ;
#5967 = CARTESIAN_POINT ( 'NONE',  ( -15.19179884710401929, 4.074173994837219759, 25.39807073929575054 ) ) ;
#5968 = CARTESIAN_POINT ( 'NONE',  ( -13.49110794897251431, 4.499999999998370193, 27.47089536481979621 ) ) ;
#5969 = CARTESIAN_POINT ( 'NONE',  ( -15.08997925060859657, 3.904444642616020200, 25.55863095716356170 ) ) ;
#5970 = CARTESIAN_POINT ( 'NONE',  ( -15.18270780088725935, 3.943174859992365278, 25.47344154682701856 ) ) ;
#5971 = CARTESIAN_POINT ( 'NONE',  ( -15.05905541164377048, 3.901311001662736366, 25.57616409550338687 ) ) ;
#5972 = CARTESIAN_POINT ( 'NONE',  ( -15.06747398809395122, 4.499061157554760548, 25.59499730505115878 ) ) ;
#5973 = CARTESIAN_POINT ( 'NONE',  ( -15.17178747572261166, 4.476347408520559235, 25.52302210762560719 ) ) ;
#5974 = CARTESIAN_POINT ( 'NONE',  ( -15.15413962931042313, 3.899999999999998135, 25.59461141230455894 ) ) ;
#5975 = CARTESIAN_POINT ( 'NONE',  ( -15.18691358633811639, 4.419919453347396221, 25.43744853612223267 ) ) ;
#5976 = CARTESIAN_POINT ( 'NONE',  ( -15.11213714553341525, 3.911278450715621968, 25.53118720201753433 ) ) ;
#5977 = CARTESIAN_POINT ( 'NONE',  ( -15.17256072311705140, 4.019316665768752017, 25.41286364895832861 ) ) ;
#5978 = CARTESIAN_POINT ( 'NONE',  ( -15.25141456570004550, 3.981802667173808263, 25.54702364632153788 ) ) ;
#5979 = CARTESIAN_POINT ( 'NONE',  ( -5.962224407643491375, 4.300000000000611777, 31.36626729481911724 ) ) ;
#5980 = CARTESIAN_POINT ( 'NONE',  ( -13.68788064201505961, 4.300000000004519762, 25.54403425365616442 ) ) ;
#5981 = CARTESIAN_POINT ( 'NONE',  ( -15.12278794109627000, 4.488300231114421557, 25.53149292660761915 ) ) ;
#5982 = CARTESIAN_POINT ( 'NONE',  ( -8.030571729036946493, 4.499999999999999112, 29.90815306299895582 ) ) ;
#5983 = CARTESIAN_POINT ( 'NONE',  ( -11.34587073653429989, 3.899999999999999467, 28.73613124386331208 ) ) ;
#5984 = CARTESIAN_POINT ( 'NONE',  ( -15.05782473745286332, 3.900321687251149694, 25.59361488799411788 ) ) ;
#5985 = CARTESIAN_POINT ( 'NONE',  ( -15.23601049712503652, 4.420787395735655601, 25.58013454800192576 ) ) ;
#5986 = CARTESIAN_POINT ( 'NONE',  ( -15.12604958862385551, 3.922548917030471038, 25.50342646481422193 ) ) ;
#5987 = CARTESIAN_POINT ( 'NONE',  ( -15.17494035528718932, 3.925952220187348463, 25.56282635233343825 ) ) ;
#5988 = CARTESIAN_POINT ( 'NONE',  ( -15.08529708276476100, 4.486602832299313448, 25.52507500474622049 ) ) ;
#5989 = CARTESIAN_POINT ( 'NONE',  ( -15.07415460688204334, 4.499999999999811706, 25.39742673524172645 ) ) ;
#5990 = VERTEX_POINT ( 'NONE', #2822 ) ;
#5991 = CARTESIAN_POINT ( 'NONE',  ( -15.04756468763389243, 4.499831972398236957, 25.59142287951087980 ) ) ;
#5992 = CARTESIAN_POINT ( 'NONE',  ( -15.10504970826618099, 4.494746978219152922, 25.57842504490941593 ) ) ;
#5993 = CARTESIAN_POINT ( 'NONE',  ( -14.64018096182836715, 4.099999999999998757, 25.43747304049278313 ) ) ;
#5994 = CARTESIAN_POINT ( 'NONE',  ( -15.20495981563657928, 4.457012773582274434, 25.56197071905569373 ) ) ;
#5995 = CARTESIAN_POINT ( 'NONE',  ( -15.20476950575351616, 3.937517554862636882, 25.53907936914077226 ) ) ;
#5996 = FACE_OUTER_BOUND ( 'NONE', #2913, .T. ) ;
#5997 = CARTESIAN_POINT ( 'NONE',  ( -8.571355017464167503, 4.099999999998480860, 25.69981239769199632 ) ) ;
#5998 = CARTESIAN_POINT ( 'NONE',  ( -15.05553611652600488, 3.900332432444548303, 25.59966982009130732 ) ) ;
#5999 = CARTESIAN_POINT ( 'NONE',  ( -15.07125488054465379, 4.497473003479650622, 25.56686329381629719 ) ) ;
#6000 = CARTESIAN_POINT ( 'NONE',  ( -15.04691433807741063, 3.900047712813059064, 25.60000588599476501 ) ) ;
#6001 = CARTESIAN_POINT ( 'NONE',  ( -15.20907610651623187, 4.073332347777180118, 25.40013061068962230 ) ) ;
#6002 = CARTESIAN_POINT ( 'NONE',  ( -13.79984616634686567, 4.499999999999999112, 26.92811812091819590 ) ) ;
#6003 = CARTESIAN_POINT ( 'NONE',  ( -15.09525474609635687, 3.903595414781153128, 25.57721749053538218 ) ) ;
#6004 = CARTESIAN_POINT ( 'NONE',  ( -15.16445337941414984, 3.961600109709576323, 25.44997502926186073 ) ) ;
#6005 = CARTESIAN_POINT ( 'NONE',  ( -15.06211070746044811, 3.900792756062443800, 25.58231379763060431 ) ) ;
#6006 = CARTESIAN_POINT ( 'NONE',  ( -15.05528718817479117, 4.499454419844179931, 25.58471578086920672 ) ) ;
#6007 = CARTESIAN_POINT ( 'NONE',  ( -15.12669448009287088, 4.461447131745446271, 25.47705537531143705 ) ) ;
#6008 = CARTESIAN_POINT ( 'NONE',  ( -15.18204362319410095, 3.899999999999999467, 25.59583073581852375 ) ) ;
#6009 = CARTESIAN_POINT ( 'NONE',  ( -15.16684973760156829, 4.400413725340892590, 25.42228170758484396 ) ) ;
#6010 = CARTESIAN_POINT ( 'NONE',  ( -15.10943405288342234, 3.914092661054446420, 25.52239291368382013 ) ) ;
#6011 = CARTESIAN_POINT ( 'NONE',  ( -15.15678435195660967, 4.035476033787816164, 25.40531615668707133 ) ) ;
#6012 = CARTESIAN_POINT ( 'NONE',  ( -15.25194706204922568, 3.990777173869914041, 25.56397404175096710 ) ) ;
#6013 = CARTESIAN_POINT ( 'NONE',  ( -8.737528589296831072, 4.500000000000820677, 29.86600977362856213 ) ) ;
#6014 = CARTESIAN_POINT ( 'NONE',  ( -12.18029073463180190, 4.299999999996988009, 25.70679125479336946 ) ) ;
#6015 = CARTESIAN_POINT ( 'NONE',  ( -15.14736882094459958, 4.486252377832277816, 25.55480154803560566 ) ) ;
#6016 = CARTESIAN_POINT ( 'NONE',  ( -6.008092031533772470, 4.299999999999999822, 23.85478374500743470 ) ) ;
#6017 = CARTESIAN_POINT ( 'NONE',  ( -14.02260978561323235, 3.899999999998364331, 26.99478413179858194 ) ) ;
#6018 = CARTESIAN_POINT ( 'NONE',  ( -15.06085085268626855, 3.900592360572757489, 25.59865737074196446 ) ) ;
#6019 = CARTESIAN_POINT ( 'NONE',  ( -15.14812944054540722, 4.410491099094000944, 25.42790186319903256 ) ) ;
#6020 = CARTESIAN_POINT ( 'NONE',  ( -15.17400269274583913, 3.931313945973801793, 25.58741635613150933 ) ) ;
#6021 = CARTESIAN_POINT ( 'NONE',  ( -15.18154739883192939, 3.932996787605826050, 25.57827375388309932 ) ) ;
#6022 = CARTESIAN_POINT ( 'NONE',  ( -15.10633300024941583, 4.469087239874380835, 25.48902039145525933 ) ) ;
#6023 = CARTESIAN_POINT ( 'NONE',  ( -15.17536150863388045, 4.499999999999999112, 25.59530571817288802 ) ) ;
#6024 = ORIENTED_EDGE ( 'NONE', *, *, #6357, .F. ) ;
#6025 = CARTESIAN_POINT ( 'NONE',  ( -15.09562811445769981, 3.904481143386113740, 25.59273644947441184 ) ) ;
#6026 = CARTESIAN_POINT ( 'NONE',  ( -15.04592283062638636, 4.499955795812850212, 25.59600667460561141 ) ) ;
#6027 = CARTESIAN_POINT ( 'NONE',  ( -11.96598876876204542, 4.500000000008151702, 28.61449746103198422 ) ) ;
#6028 = CARTESIAN_POINT ( 'NONE',  ( -15.10748570226827958, 3.907414520409364211, 25.59607902270494506 ) ) ;
#6029 = CARTESIAN_POINT ( 'NONE',  ( -15.12445749248645122, 4.490500579291208716, 25.57891017726497651 ) ) ;
#6030 = CARTESIAN_POINT ( 'NONE',  ( -12.99983588883725005, 4.500000000000000888, 27.61931698244404743 ) ) ;
#6031 = CARTESIAN_POINT ( 'NONE',  ( -15.16384842057095206, 4.099999999998171774, 25.39476484763619268 ) ) ;
#6032 = CARTESIAN_POINT ( 'NONE',  ( -15.20751149200355989, 4.448136040516639689, 25.58138020819118807 ) ) ;
#6033 = AXIS2_PLACEMENT_3D ( 'NONE', #4187, #6165, #2264 ) ;
#6034 = CARTESIAN_POINT ( 'NONE',  ( -5.900018103691999194, 4.199999847142954046, 25.86689337877836437 ) ) ;
#6035 = CARTESIAN_POINT ( 'NONE',  ( -15.21673069089839458, 3.954072167835064544, 25.56788072955900759 ) ) ;
#6036 = CARTESIAN_POINT ( 'NONE',  ( -15.16035614060117709, 4.299999999999999822, 25.78292959948369756 ) ) ;
#6037 = CARTESIAN_POINT ( 'NONE',  ( -15.23259329538589135, 4.346898530564164531, 25.41128673116696746 ) ) ;
#6038 = CARTESIAN_POINT ( 'NONE',  ( -7.289791103812246931, 3.900000000001127898, 25.18109718141657538 ) ) ;
#6039 = CARTESIAN_POINT ( 'NONE',  ( -15.09829334271592316, 4.494470365419915403, 25.59739394046648897 ) ) ;
#6040 = CARTESIAN_POINT ( 'NONE',  ( -15.04697224917332044, 3.900049876133716342, 25.60010197083942174 ) ) ;
#6041 = CARTESIAN_POINT ( 'NONE',  ( -15.29686220180744982, 4.078497403322120185, 25.53179433739087401 ) ) ;
#6042 = CARTESIAN_POINT ( 'NONE',  ( -14.39461461809496967, 4.499999999999998224, 26.35553548632137222 ) ) ;
#6043 = CARTESIAN_POINT ( 'NONE',  ( -15.08743091257506386, 3.903513855002618271, 25.56423155761072508 ) ) ;
#6044 = CARTESIAN_POINT ( 'NONE',  ( -15.21364512055958329, 3.941229510033754657, 25.50051127428705655 ) ) ;
#6045 = CARTESIAN_POINT ( 'NONE',  ( -15.05828832839362796, 4.499629087083720336, 25.58965139313589532 ) ) ;
#6046 = CARTESIAN_POINT ( 'NONE',  ( -15.15958017170515149, 4.474673978521649609, 25.59278117524681662 ) ) ;
#6047 = CARTESIAN_POINT ( 'NONE',  ( -15.11844281050498751, 4.454742792636674054, 25.46855795072072226 ) ) ;
#6048 = CARTESIAN_POINT ( 'NONE',  ( -15.20025914646187815, 4.099999999999999645, 25.39666194723507076 ) ) ;
#6049 = CARTESIAN_POINT ( 'NONE',  ( -15.25042817039503795, 4.421151598031209495, 25.49164810674018611 ) ) ;
#6050 = CARTESIAN_POINT ( 'NONE',  ( -15.13372750215278906, 3.913007515994492813, 25.58466799154953009 ) ) ;
#6051 = CARTESIAN_POINT ( 'NONE',  ( -15.25547391050571910, 3.996298607062314989, 25.47009958472805380 ) ) ;
#6052 = CARTESIAN_POINT ( 'NONE',  ( -15.17825288348055679, 3.983500160218101716, 25.43344682399908052 ) ) ;
#6053 = CARTESIAN_POINT ( 'NONE',  ( -15.08078631868826314, 3.902531466974670682, 25.59740243881003963 ) ) ;
#6054 = CARTESIAN_POINT ( 'NONE',  ( -7.982253405723756856, 4.300000000004881251, 30.14495332674775696 ) ) ;
#6055 = CARTESIAN_POINT ( 'NONE',  ( -15.15442685385181143, 4.483200421899530497, 25.56228837046198521 ) ) ;
#6056 = CARTESIAN_POINT ( 'NONE',  ( -6.022147189862155692, 4.500000000000000888, 24.22522373425438502 ) ) ;
#6057 = CARTESIAN_POINT ( 'NONE',  ( -13.93504275498991163, 3.900000000002450840, 27.07550731117664000 ) ) ;
#6058 = CARTESIAN_POINT ( 'NONE',  ( -15.05355687531519671, 3.900413748460969110, 25.58671510327938137 ) ) ;
#6059 = CARTESIAN_POINT ( 'NONE',  ( -15.21616606310646169, 4.452377686753000496, 25.48526746616058247 ) ) ;
#6060 = CARTESIAN_POINT ( 'NONE',  ( -15.15644424582342786, 3.916753690956119804, 25.54935007672745684 ) ) ;
#6061 = CARTESIAN_POINT ( 'NONE',  ( -15.12389847511290242, 4.446957605370433164, 25.45945454189071455 ) ) ;
#6062 = CARTESIAN_POINT ( 'NONE',  ( -14.90641550462131981, 4.499999999999623412, 25.41124839014388925 ) ) ;
#6063 = CARTESIAN_POINT ( 'NONE',  ( -15.08844174185683862, 3.902677383941961509, 25.58022595656698428 ) ) ;
#6064 = CARTESIAN_POINT ( 'NONE',  ( -15.04649321842156517, 4.499964396242279285, 25.59696580279758393 ) ) ;
#6065 = CARTESIAN_POINT ( 'NONE',  ( -12.65674802946665700, 4.499999999998372857, 28.14009632386108706 ) ) ;
#6066 = CARTESIAN_POINT ( 'NONE',  ( -15.12023269618440224, 4.490404332400346199, 25.58832550180611420 ) ) ;
#6067 = CARTESIAN_POINT ( 'NONE',  ( -12.81666217585784651, 4.500000000000000888, 27.76577730998639737 ) ) ;
#6068 = CARTESIAN_POINT ( 'NONE',  ( -14.11790446626663353, 4.099999999999998757, 25.49499775951410996 ) ) ;
#6069 = CARTESIAN_POINT ( 'NONE',  ( -15.21516375116673636, 4.456807378258432095, 25.53602243871521082 ) ) ;
#6070 = CARTESIAN_POINT ( 'NONE',  ( -15.20156817285615247, 3.934064169409026146, 25.52076898813421124 ) ) ;
#6071 = CARTESIAN_POINT ( 'NONE',  ( -15.22747974844348917, 4.359766105800686020, 25.41545938965531803 ) ) ;
#6072 = B_SPLINE_CURVE_WITH_KNOTS ( 'NONE', 3,
 ( #1755, #4746, #225, #2722, #5234, #4132, #2271, #3269, #2300, #1306, #4225, #1787, #3657, #3692, #765, #6108, #4714, #1694, #5620, #2784, #5138, #4647, #5683, #4682, #2207, #261, #5264, #5655, #1216, #5745, #859, #2241, #1276, #3174, #827, #4612, #358, #3724, #3754, #6203, #6144, #4256, #2755, #2174, #6229, #4194 ),
 .UNSPECIFIED., .F., .F.,
 ( 4, 2, 2, 2, 2, 2, 2, 2, 2, 2, 2, 2, 2, 2, 2, 2, 2, 2, 2, 2, 2, 2, 4 ),
 ( 0.000000000000000000, 0.01552293444519798823, 0.03104586889039597647, 0.03880733611299495150, 0.04268806972429452923, 0.04656880333559410695, 0.06209173778079246642, 0.07761467222599081894, 0.08149540583729046606, 0.08537613944859009929, 0.09313760667118942127, 0.1086605411163879681, 0.1241834755615865288, 0.1319449427841857259, 0.1397064100067849091, 0.1552293444519833032, 0.1707522788971817251, 0.1862752133423801193, 0.2173210822327770742, 0.2328440166779754683, 0.2406054839005746793, 0.2444862175118742709, 0.2483669511231738902 ),
 .UNSPECIFIED. ) ;
#6073 = CARTESIAN_POINT ( 'NONE',  ( -8.211197003364514302, 3.899999999999997691, 25.81451647160709229 ) ) ;
#6074 = CARTESIAN_POINT ( 'NONE',  ( -15.07270130301120048, 3.901647793737455849, 25.59872037518284316 ) ) ;
#6075 = CARTESIAN_POINT ( 'NONE',  ( -15.08523579023277783, 4.497568355209698332, 25.57497018979118764 ) ) ;
#6076 = CARTESIAN_POINT ( 'NONE',  ( -15.04377248221594954, 3.900005833540473699, 25.59962924399385642 ) ) ;
#6077 = CARTESIAN_POINT ( 'NONE',  ( -15.06297775247724147, 4.299999999999590372, 25.91167736501903462 ) ) ;
#6078 = CARTESIAN_POINT ( 'NONE',  ( -15.24048734109272552, 3.972328674888906619, 25.47928772014816090 ) ) ;
#6079 = CARTESIAN_POINT ( 'NONE',  ( -15.09507350593552921, 3.903592763880329830, 25.57450376623833677 ) ) ;
#6080 = CARTESIAN_POINT ( 'NONE',  ( -15.22527973253534661, 3.967723258141190978, 25.58074488356067988 ) ) ;
#6081 = CARTESIAN_POINT ( 'NONE',  ( -15.18136862784679231, 4.499999999999999112, 25.59576859005132476 ) ) ;
#6082 = CARTESIAN_POINT ( 'NONE',  ( -15.06056482086317239, 4.497790421295572827, 25.56907204957880353 ) ) ;
#6083 = CARTESIAN_POINT ( 'NONE',  ( -15.28683366224925955, 4.300000000000820499, 25.56527465997339732 ) ) ;
#6084 = CARTESIAN_POINT ( 'NONE',  ( -15.15523099218761161, 4.477198643198787131, 25.51106614341689749 ) ) ;
#6085 = CARTESIAN_POINT ( 'NONE',  ( -15.01555899249872361, 3.899999999999435918, 25.40169645850920688 ) ) ;
#6086 = CARTESIAN_POINT ( 'NONE',  ( -15.17083095666081327, 4.402657128332828407, 25.42395554130671798 ) ) ;
#6087 = CARTESIAN_POINT ( 'NONE',  ( -15.11404478660008799, 3.907456651849099849, 25.54991901030134827 ) ) ;
#6088 = CARTESIAN_POINT ( 'NONE',  ( -15.24649811098889529, 3.996680607226831494, 25.45706843369023886 ) ) ;
#6089 = CARTESIAN_POINT ( 'NONE',  ( -15.24549499468162495, 3.968077837943610575, 25.51310866336685734 ) ) ;
#6090 = CARTESIAN_POINT ( 'NONE',  ( -15.07099974856989455, 3.901035890625023317, 25.58569267434052819 ) ) ;
#6091 = CARTESIAN_POINT ( 'NONE',  ( -15.13851977120624603, 4.300000000000001599, 25.39426550116377257 ) ) ;
#6092 = CARTESIAN_POINT ( 'NONE',  ( -15.16596332650892265, 4.473058651131257335, 25.58713606146710973 ) ) ;
#6093 = CARTESIAN_POINT ( 'NONE',  ( -13.80307701871874926, 4.500000000000000888, 26.92654145327228932 ) ) ;
#6094 = CARTESIAN_POINT ( 'NONE',  ( -12.26681315748926870, 4.099999999999999645, 28.41681390328018963 ) ) ;
#6095 = CARTESIAN_POINT ( 'NONE',  ( -15.05045412418238548, 3.900189981744910828, 25.59135501154639414 ) ) ;
#6096 = CARTESIAN_POINT ( 'NONE',  ( -15.24057130365308232, 4.433296417222967634, 25.54258675790342537 ) ) ;
#6097 = CARTESIAN_POINT ( 'NONE',  ( -15.29525187332354719, 3.900000000000001688, 25.54216433781313711 ) ) ;
#6098 = CARTESIAN_POINT ( 'NONE',  ( -15.14547199341650874, 3.913151886339983676, 25.54613559017332491 ) ) ;
#6099 = CARTESIAN_POINT ( 'NONE',  ( -15.15332521724417880, 4.381902133417177048, 25.41218782290094325 ) ) ;
#6100 = CARTESIAN_POINT ( 'NONE',  ( -15.14681364553845100, 4.299999999999998934, 25.39462277771804821 ) ) ;
#6101 = ORIENTED_EDGE ( 'NONE', *, *, #1361, .F. ) ;
#6102 = CARTESIAN_POINT ( 'NONE',  ( -15.04810774279930641, 4.499933048168944794, 25.59958415136479459 ) ) ;
#6103 = CARTESIAN_POINT ( 'NONE',  ( -15.12726061940750100, 4.490417524677253525, 25.57227365964616439 ) ) ;
#6104 = CARTESIAN_POINT ( 'NONE',  ( -15.21696265084946376, 4.445269427156457454, 25.56909890158330256 ) ) ;
#6105 = CARTESIAN_POINT ( 'NONE',  ( -15.16884053414481137, 3.925108054106810851, 25.51124751269293256 ) ) ;
#6106 = CARTESIAN_POINT ( 'NONE',  ( -14.01884929707099126, 4.299999999999998046, 26.99983710228561762 ) ) ;
#6107 = CARTESIAN_POINT ( 'NONE',  ( -15.28088180022041342, 4.363768049072792365, 25.46196294296060714 ) ) ;
#6108 = CARTESIAN_POINT ( 'NONE',  ( -8.356288569708647529, 4.500000000000000888, 25.85329686246255321 ) ) ;
#6109 = CARTESIAN_POINT ( 'NONE',  ( -15.04274982232132096, 3.899999999999998135, 25.60030736230481097 ) ) ;
#6110 = CARTESIAN_POINT ( 'NONE',  ( -15.07292245615733428, 4.493273092585851280, 25.54640321581485907 ) ) ;
#6111 = CARTESIAN_POINT ( 'NONE',  ( -15.04580332790530051, 3.900023535118235074, 25.59822079817491414 ) ) ;
#6112 = CARTESIAN_POINT ( 'NONE',  ( -14.45303360770659395, 4.300000000002457412, 26.58064470008315894 ) ) ;
#6113 = CARTESIAN_POINT ( 'NONE',  ( -15.04136205888854683, 4.499999999999999112, 25.60037349240651849 ) ) ;
#6114 = CARTESIAN_POINT ( 'NONE',  ( -15.19746921305064014, 3.976028754359048900, 25.44333812327725042 ) ) ;
#6115 = CARTESIAN_POINT ( 'NONE',  ( -15.08170541754605587, 3.903879218992529321, 25.55968591384928601 ) ) ;
#6116 = CARTESIAN_POINT ( 'NONE',  ( -15.22069006187570750, 3.952661239948399796, 25.55570228919430420 ) ) ;
#6117 = CARTESIAN_POINT ( 'NONE',  ( -15.22829264894741996, 4.500000000000000000, 25.39927504345065046 ) ) ;
#6118 = CARTESIAN_POINT ( 'NONE',  ( -15.05897517680166153, 4.498693500263882150, 25.57611833574882709 ) ) ;
#6119 = CARTESIAN_POINT ( 'NONE',  ( -15.14888083958147824, 4.469973094099731092, 25.49199012087313676 ) ) ;
#6120 = CARTESIAN_POINT ( 'NONE',  ( -15.22275053966022895, 3.899999999999999467, 25.59957583548145976 ) ) ;
#6121 = CARTESIAN_POINT ( 'NONE',  ( -15.22270725672301772, 4.425942615798194701, 25.45770599422483826 ) ) ;
#6122 = CARTESIAN_POINT ( 'NONE',  ( -15.10583044493622928, 3.909429108357585836, 25.53720226131759929 ) ) ;
#6123 = CARTESIAN_POINT ( 'NONE',  ( -15.26530422658633945, 4.025163445397657469, 25.57883266690617674 ) ) ;
#6124 = CARTESIAN_POINT ( 'NONE',  ( -15.14999262806935043, 3.996562976893172969, 25.42342520777847170 ) ) ;
#6125 = CARTESIAN_POINT ( 'NONE',  ( -15.07136787882019036, 3.901059368887021872, 25.58630044619658861 ) ) ;
#6126 = CARTESIAN_POINT ( 'NONE',  ( -5.816961717623662764, 4.499999999999999112, 31.22574651621585673 ) ) ;
#6127 = CARTESIAN_POINT ( 'NONE',  ( -15.15069364596585544, 4.484686083098310405, 25.56111096939361005 ) ) ;
#6128 = CARTESIAN_POINT ( 'NONE',  ( -10.46098608306498789, 4.300000000000752109, 25.82983562581830483 ) ) ;
#6129 = CARTESIAN_POINT ( 'NONE',  ( -12.84664938856925431, 4.099999999999999645, 27.99611780878713319 ) ) ;
#6130 = CARTESIAN_POINT ( 'NONE',  ( -15.04999254313644030, 3.900093966952618452, 25.59544252638275097 ) ) ;
#6131 = CARTESIAN_POINT ( 'NONE',  ( -15.21359018006129382, 4.452048125905378129, 25.48171824400553476 ) ) ;
#6132 = CARTESIAN_POINT ( 'NONE',  ( -15.16820962263528827, 3.926272359590289529, 25.58033561426957192 ) ) ;
#6133 = CARTESIAN_POINT ( 'NONE',  ( -15.06980050027696727, 4.494602558976795059, 25.55178299087359406 ) ) ;
#6134 = ORIENTED_EDGE ( 'NONE', *, *, #1120, .T. ) ;
#6135 = CARTESIAN_POINT ( 'NONE',  ( -15.06509075464345848, 3.903387650130596409, 25.56174886367485044 ) ) ;
#6136 = CARTESIAN_POINT ( 'NONE',  ( -15.04722333403491241, 4.499807830457370095, 25.59082733530082976 ) ) ;
#6137 = CARTESIAN_POINT ( 'NONE',  ( -15.09802321683066140, 4.490443415394049786, 25.53604556668596359 ) ) ;
#6138 = CARTESIAN_POINT ( 'NONE',  ( -15.21990179850852698, 4.436621723052677879, 25.58275792459464881 ) ) ;
#6139 = CARTESIAN_POINT ( 'NONE',  ( -15.05174511772165147, 3.900618588824242394, 25.58362963511001809 ) ) ;
#6140 = CARTESIAN_POINT ( 'NONE',  ( -15.12735581535322993, 3.948793481275762574, 25.46391230798220917 ) ) ;
#6141 = CARTESIAN_POINT ( 'NONE',  ( -15.10442305640328620, 3.899999999999999467, 25.48218206022009014 ) ) ;
#6142 = CARTESIAN_POINT ( 'NONE',  ( -5.900018103691999194, 4.099999999999998757, 23.67301540326788611 ) ) ;
#6143 = CARTESIAN_POINT ( 'NONE',  ( -15.27116973921138943, 4.389692567699658099, 25.48629314582580108 ) ) ;
#6144 = CARTESIAN_POINT ( 'NONE',  ( -14.63246786223753837, 4.499999999999999112, 25.63933832257766454 ) ) ;
#6145 = CARTESIAN_POINT ( 'NONE',  ( -15.08233837119501253, 4.497476117567553722, 25.57025184148374564 ) ) ;
#6146 = AXIS2_PLACEMENT_3D ( 'NONE', #4908, #2508, #83 ) ;
#6147 = CARTESIAN_POINT ( 'NONE',  ( -15.04412215091743654, 3.900009489242191929, 25.60019201874618844 ) ) ;
#6148 = CARTESIAN_POINT ( 'NONE',  ( -15.08143191559398133, 3.904782175854811133, 25.55463678510603742 ) ) ;
#6149 = CARTESIAN_POINT ( 'NONE',  ( -15.14641715411846512, 3.963088553450971219, 25.44870449505039645 ) ) ;
#6150 = CARTESIAN_POINT ( 'NONE',  ( -15.20006686695019660, 4.500000000000000888, 25.39664429381009469 ) ) ;
#6151 = CARTESIAN_POINT ( 'NONE',  ( -15.06684610562170690, 4.498880198331515423, 25.57907689269321949 ) ) ;
#6152 = CARTESIAN_POINT ( 'NONE',  ( -15.24792262593244274, 4.300000000000821387, 25.40520331610369809 ) ) ;
#6153 = CARTESIAN_POINT ( 'NONE',  ( -15.20326651759921077, 4.099999999999999645, 25.39693863005977192 ) ) ;
#6154 = CARTESIAN_POINT ( 'NONE',  ( -15.16846697143985523, 4.395988049774154582, 25.41997276777662762 ) ) ;
#6155 = CARTESIAN_POINT ( 'NONE',  ( -15.10740820482972246, 3.906893113518254079, 25.55020303219047051 ) ) ;
#6156 = CARTESIAN_POINT ( 'NONE',  ( -15.21485315714094888, 3.957620437139761638, 25.46843684040219102 ) ) ;
#6157 = CARTESIAN_POINT ( 'NONE',  ( -15.06109272959409573, 3.902105750665876283, 25.56974738222661969 ) ) ;
#6158 = CARTESIAN_POINT ( 'NONE',  ( -7.453444514617868499, 4.299999999999999822, 25.27999657724405225 ) ) ;
#6159 = CARTESIAN_POINT ( 'NONE',  ( -15.14662158655027469, 4.484763799537391904, 25.53194164376774111 ) ) ;
#6160 = CARTESIAN_POINT ( 'NONE',  ( -7.118750660025232158, 4.299999999999620570, 25.06431091474750872 ) ) ;
#6161 = CARTESIAN_POINT ( 'NONE',  ( -10.36936770416712328, 3.899999999999999467, 29.16021753387682480 ) ) ;
#6162 = CARTESIAN_POINT ( 'NONE',  ( -15.04778169832636969, 3.900089037911504963, 25.59425698972390251 ) ) ;
#6163 = CARTESIAN_POINT ( 'NONE',  ( -15.23116898226294147, 4.447074288888689608, 25.50670887611228466 ) ) ;
#6164 = CARTESIAN_POINT ( 'NONE',  ( -15.16684241158186985, 3.928444248516283377, 25.59079055844315320 ) ) ;
#6165 = DIRECTION ( 'NONE',  ( 1.000000000000000000, 0.000000000000000000, -1.411534255948957470E-16 ) ) ;
#6166 = CARTESIAN_POINT ( 'NONE',  ( -15.05171046980392013, 4.499858966689554762, 25.59832155262128595 ) ) ;
#6167 = EDGE_CURVE ( 'NONE', #4966, #5129, #1219, .T. ) ;
#6168 = CARTESIAN_POINT ( 'NONE',  ( -15.10098665622060565, 4.491505693823959255, 25.54048902896044382 ) ) ;
#6169 = CARTESIAN_POINT ( 'NONE',  ( -15.21622539835448684, 4.455330572433144454, 25.53951060576980936 ) ) ;
#6170 = CARTESIAN_POINT ( 'NONE',  ( -5.900018103691999194, 4.307517206390020448, 31.41451507187543868 ) ) ;
#6171 = CARTESIAN_POINT ( 'NONE',  ( -15.15697245344198230, 3.928921588673528476, 25.49551949882998514 ) ) ;
#6172 = CARTESIAN_POINT ( 'NONE',  ( -15.28133633994458940, 4.352623637303575599, 25.55781798477486788 ) ) ;
#6173 = CARTESIAN_POINT ( 'NONE',  ( -5.847329742097144845, 3.899999999999995914, 31.45559169149261081 ) ) ;
#6174 = CARTESIAN_POINT ( 'NONE',  ( -15.07431075205719040, 4.492647945317485458, 25.54400998156768665 ) ) ;
#6175 = CARTESIAN_POINT ( 'NONE',  ( -15.04136205888854683, 3.899999999999999023, 25.60037349240651849 ) ) ;
#6176 = CARTESIAN_POINT ( 'NONE',  ( -15.05154151614521219, 3.900648384585780004, 25.58327048175129192 ) ) ;
#6177 = CARTESIAN_POINT ( 'NONE',  ( -15.09185889384775514, 3.903121248947093225, 25.57871651897279008 ) ) ;
#6178 = CARTESIAN_POINT ( 'NONE',  ( -15.14549862237598710, 3.956164875095469657, 25.45555221356066511 ) ) ;
#6179 = CARTESIAN_POINT ( 'NONE',  ( -6.260435205942383341, 3.900000000000001688, 30.88761526271169089 ) ) ;
#6180 = CARTESIAN_POINT ( 'NONE',  ( -15.06864506551339922, 4.498872688709829148, 25.59698029853444723 ) ) ;
#6181 = CARTESIAN_POINT ( 'NONE',  ( -15.04358428112572987, 4.499995206211390375, 25.59936345991322426 ) ) ;
#6182 = CARTESIAN_POINT ( 'NONE',  ( -15.10386761490727459, 4.493309528389192842, 25.59703665672219230 ) ) ;
#6183 = CARTESIAN_POINT ( 'NONE',  ( -7.859788435486475322, 4.299999999999999822, 30.20133502984892004 ) ) ;
#6184 = CARTESIAN_POINT ( 'NONE',  ( -15.25533790929087452, 4.404674798342345099, 25.47131511211706112 ) ) ;
#6185 = CARTESIAN_POINT ( 'NONE',  ( -15.09514305968153103, 3.914487996541656134, 25.52160739894977937 ) ) ;
#6186 = CARTESIAN_POINT ( 'NONE',  ( -15.24890683546326997, 3.991674233541346428, 25.57292434278085835 ) ) ;
#6187 = CARTESIAN_POINT ( 'NONE',  ( -15.06026562035852301, 3.902312729298827332, 25.56841678267452167 ) ) ;
#6188 = CARTESIAN_POINT ( 'NONE',  ( -9.725878082345232656, 4.299999999999999822, 25.83412192127966378 ) ) ;
#6189 = CARTESIAN_POINT ( 'NONE',  ( -15.13137282128358407, 4.480259600333995174, 25.51039507490576597 ) ) ;
#6190 = CARTESIAN_POINT ( 'NONE',  ( -9.821805202139826108, 4.500000000000000888, 25.83623491294791918 ) ) ;
#6191 = CARTESIAN_POINT ( 'NONE',  ( -7.774526084358959643, 4.100000000001612577, 30.23760902798596106 ) ) ;
#6192 = CARTESIAN_POINT ( 'NONE',  ( -15.05350584135154612, 3.900184755655045077, 25.59629377338405476 ) ) ;
#6193 = CARTESIAN_POINT ( 'NONE',  ( -15.20376127801845101, 4.436644893206064921, 25.45650180606856239 ) ) ;
#6194 = CARTESIAN_POINT ( 'NONE',  ( -15.12518449322503500, 3.917144717455177894, 25.51539021569271526 ) ) ;
#6195 = ORIENTED_EDGE ( 'NONE', *, *, #4223, .T. ) ;
#6196 = CARTESIAN_POINT ( 'NONE',  ( -15.08055141364234331, 3.901823159112641548, 25.58173723956450374 ) ) ;
#6197 = CARTESIAN_POINT ( 'NONE',  ( -15.05228915747131957, 4.499857145818237925, 25.59445261448676945 ) ) ;
#6198 = CARTESIAN_POINT ( 'NONE',  ( -15.14895695459307845, 4.480343840638512987, 25.58940582198939495 ) ) ;
#6199 = CARTESIAN_POINT ( 'NONE',  ( -15.13750300224853795, 4.438610032185395404, 25.45050161903139951 ) ) ;
#6200 = CARTESIAN_POINT ( 'NONE',  ( -5.900018103691999194, 4.440545508351524617, 31.34162722983079163 ) ) ;
#6201 = CARTESIAN_POINT ( 'NONE',  ( -15.18096109759734702, 3.926953630418967389, 25.51574125288301431 ) ) ;
#6202 = CARTESIAN_POINT ( 'NONE',  ( -15.28463963117485669, 4.325729185283250899, 25.56594819298483401 ) ) ;
#6203 = CARTESIAN_POINT ( 'NONE',  ( -14.53038133490567851, 4.500000000000000888, 25.65034076459534873 ) ) ;
#6204 = CARTESIAN_POINT ( 'NONE',  ( -15.09750100601283229, 4.495976188916685601, 25.58103966102705940 ) ) ;
#6205 = CARTESIAN_POINT ( 'NONE',  ( -15.04136205888854683, 3.899999999999999023, 25.60037349240651849 ) ) ;
#6206 = CARTESIAN_POINT ( 'NONE',  ( -15.06238354368444021, 3.900593762695258260, 25.58639386593327458 ) ) ;
#6207 = CARTESIAN_POINT ( 'NONE',  ( -15.10027869461456085, 3.905187722033040654, 25.59084338490789889 ) ) ;
#6208 = CARTESIAN_POINT ( 'NONE',  ( -15.06572641871751017, 4.499285789953051840, 25.58708540634072293 ) ) ;
#6209 = CARTESIAN_POINT ( 'NONE',  ( -15.20900255731831052, 3.899999999999999467, 25.59831099971119528 ) ) ;
#6210 = CARTESIAN_POINT ( 'NONE',  ( -15.19058992821260112, 4.389262129240784738, 25.41946628018694909 ) ) ;
#6211 = CARTESIAN_POINT ( 'NONE',  ( -15.15384141501513504, 3.993920827664423356, 25.42507429625888449 ) ) ;
#6212 = CARTESIAN_POINT ( 'NONE',  ( -15.05952083627838256, 3.901502765307204967, 25.57448116963748674 ) ) ;
#6213 = CARTESIAN_POINT ( 'NONE',  ( -15.26530422658633945, 4.025163445397657469, 25.57883266690617674 ) ) ;
#6214 = CARTESIAN_POINT ( 'NONE',  ( -15.14722520628018998, 4.485626186193313991, 25.53791101477654379 ) ) ;
#6215 = CARTESIAN_POINT ( 'NONE',  ( -8.983115043009076928, 4.500000000003013589, 25.77532120157604112 ) ) ;
#6216 = CARTESIAN_POINT ( 'NONE',  ( -6.308536948576140446, 4.099999999999999645, 31.10804801061667035 ) ) ;
#6217 = CARTESIAN_POINT ( 'NONE',  ( -15.05034373446047979, 3.900098073897943607, 25.59600619372902841 ) ) ;
#6218 = CARTESIAN_POINT ( 'NONE',  ( -15.17530664498686477, 4.424186900307163661, 25.43867303640474020 ) ) ;
#6219 = CARTESIAN_POINT ( 'NONE',  ( -15.10346437779005768, 3.928719254903822566, 25.49269011289751319 ) ) ;
#6220 = CARTESIAN_POINT ( 'NONE',  ( -15.16019765239915529, 4.052697167705846759, 25.40017372573138132 ) ) ;
#6221 = VERTEX_POINT ( 'NONE', #3695 ) ;
#6222 = CARTESIAN_POINT ( 'NONE',  ( -15.04999319920618994, 4.499792769113616586, 25.59062869368075255 ) ) ;
#6223 = CARTESIAN_POINT ( 'NONE',  ( -15.10164060062193059, 4.483660265850826221, 25.51696727032920009 ) ) ;
#6224 = CARTESIAN_POINT ( 'NONE',  ( -15.22239077947616082, 4.448384439009049451, 25.54880612833474274 ) ) ;
#6225 = CARTESIAN_POINT ( 'NONE',  ( -15.04291257922147906, 4.499992032881729997, 25.59821587235530771 ) ) ;
#6226 = CARTESIAN_POINT ( 'NONE',  ( -15.18608654640935285, 3.927862434004130154, 25.52496803376033796 ) ) ;
#6227 = CARTESIAN_POINT ( 'NONE',  ( -15.05267173602946507, 4.499798735925138793, 25.59987162592800303 ) ) ;
#6228 = CARTESIAN_POINT ( 'NONE',  ( -15.28756878174899292, 4.329709050030679407, 25.43693000560049455 ) ) ;
#6229 = CARTESIAN_POINT ( 'NONE',  ( -14.99016141288931436, 4.500000000000000000, 25.60442606816510036 ) ) ;
#6230 = CARTESIAN_POINT ( 'NONE',  ( -15.10104358493186005, 4.495491044696174221, 25.57693517083118451 ) ) ;
#6231 = CARTESIAN_POINT ( 'NONE',  ( -15.04136205888854683, 3.899999999999999023, 25.60037349240651849 ) ) ;
#6232 = CARTESIAN_POINT ( 'NONE',  ( -15.18572617624068322, 4.471572636902287456, 25.54155900893771403 ) ) ;
#6233 = CARTESIAN_POINT ( 'NONE',  ( -15.06238597744044938, 3.900546642346509163, 25.59372022764121368 ) ) ;
#6234 = CARTESIAN_POINT ( 'NONE',  ( -15.04136205888854683, 4.499999999999999112, 25.60037349240651849 ) ) ;
#6235 = CARTESIAN_POINT ( 'NONE',  ( -15.09363876550452943, 3.903429038523690053, 25.58175762542414589 ) ) ;
#6236 = CARTESIAN_POINT ( 'NONE',  ( -15.07418286617090430, 4.498414595065384880, 25.57632417627145216 ) ) ;
#6237 = ADVANCED_FACE ( 'NONE', ( #831 ), #2028, .T. ) ;
#6238 = CARTESIAN_POINT ( 'NONE',  ( -15.21357750435589828, 3.899999999999999467, 25.39788725688741877 ) ) ;
#6239 = CARTESIAN_POINT ( 'NONE',  ( -15.22409954319973835, 4.400074413124744233, 25.43763710130679101 ) ) ;
#6240 = PRODUCT_DEFINITION_FORMATION_WITH_SPECIFIED_SOURCE ( 'ANY', '', #4030, .NOT_KNOWN. ) ;
#6241 = CARTESIAN_POINT ( 'NONE',  ( -15.14347319181192120, 3.992534921213509502, 25.42598037100571773 ) ) ;
#6242 = CARTESIAN_POINT ( 'NONE',  ( -15.06985060523007469, 3.901019354335124145, 25.59123289801065582 ) ) ;
#6243 = CARTESIAN_POINT ( 'NONE',  ( -15.25106452098543741, 4.398914779302185885, 25.58186231140215483 ) ) ;
#6244 = CARTESIAN_POINT ( 'NONE',  ( -15.15742088130136445, 4.482859601129755234, 25.55045476408990623 ) ) ;
#6245 = CARTESIAN_POINT ( 'NONE',  ( -7.320240522344442446, 4.499999999999999112, 25.43545542080970634 ) ) ;
#6246 = CARTESIAN_POINT ( 'NONE',  ( -10.70032437841815565, 3.899999999999999467, 29.03473120716940414 ) ) ;
#6247 = CARTESIAN_POINT ( 'NONE',  ( -15.04889450362815140, 3.900071769037241065, 25.59607158636712754 ) ) ;
#6248 = CARTESIAN_POINT ( 'NONE',  ( -15.23569031582068511, 4.442281933783316816, 25.50441644799428786 ) ) ;
#6249 = CARTESIAN_POINT ( 'NONE',  ( -15.10652654326149147, 3.919717860228967510, 25.50923051959177812 ) ) ;
#6250 = CARTESIAN_POINT ( 'NONE',  ( -15.26236721775458705, 4.051607778967100337, 25.42570585959541063 ) ) ;
#6251 = CARTESIAN_POINT ( 'NONE',  ( -15.10581965390819725, 3.905427618345072460, 25.56372261035349780 ) ) ;
#6252 = CARTESIAN_POINT ( 'NONE',  ( -15.17585730025655799, 4.094956439656316505, 25.39506280914723391 ) ) ;
#6253 = CARTESIAN_POINT ( 'NONE',  ( -15.05359410777871965, 4.499814914447143543, 25.59659312769222339 ) ) ;
#6254 = CARTESIAN_POINT ( 'NONE',  ( -15.10204852579655288, 4.481897700724311484, 25.51291398438778657 ) ) ;
#6255 = CARTESIAN_POINT ( 'NONE',  ( -15.13921224479937422, 4.428633935851025605, 25.44152204630037772 ) ) ;
#6256 = CARTESIAN_POINT ( 'NONE',  ( -15.04253460259570829, 4.500000000000001776, 25.59998867070367012 ) ) ;
#6257 = CARTESIAN_POINT ( 'NONE',  ( -13.40807231141995359, 3.899999999999997691, 25.77726297015521695 ) ) ;
#6258 = CARTESIAN_POINT ( 'NONE',  ( -15.11187498791800188, 3.938035207031811424, 25.47823225232220423 ) ) ;
#6259 = CARTESIAN_POINT ( 'NONE',  ( -15.16810264350788984, 3.921432563517039505, 25.53789931489488652 ) ) ;
#6260 = CARTESIAN_POINT ( 'NONE',  ( -15.04414871946140941, 4.499990108246084475, 25.60025320072222499 ) ) ;
#6261 = CARTESIAN_POINT ( 'NONE',  ( -15.26182539010253691, 4.322888826220585123, 25.41386539609054296 ) ) ;
#6262 =( LENGTH_UNIT ( ) NAMED_UNIT ( * ) SI_UNIT ( $, .METRE. ) );
#6263 = CARTESIAN_POINT ( 'NONE',  ( -15.09144308727613470, 4.495062332381837500, 25.55615497699444560 ) ) ;
#6264 = CARTESIAN_POINT ( 'NONE',  ( -15.04246060025368514, 3.899999999999999023, 25.59984057100443877 ) ) ;
#6265 = CARTESIAN_POINT ( 'NONE',  ( -15.15953494616134734, 4.472395696318608671, 25.49924878460064548 ) ) ;
#6266 = CARTESIAN_POINT ( 'NONE',  ( -15.05976880019503383, 3.900764135164438873, 25.58220270070244950 ) ) ;
#6267 = DIRECTION ( 'NONE',  ( 0.000000000000000000, 0.000000000000000000, -1.000000000000000000 ) ) ;
#6268 = CARTESIAN_POINT ( 'NONE',  ( -15.09844103211445088, 3.904531147307853001, 25.58760781634385850 ) ) ;
#6269 = CARTESIAN_POINT ( 'NONE',  ( -15.06704126990051051, 4.497195854822787275, 25.56501320258647425 ) ) ;
#6270 = CARTESIAN_POINT ( 'NONE',  ( -15.09829334271592316, 4.494470365419915403, 25.59739394046648897 ) ) ;
#6271 = CARTESIAN_POINT ( 'NONE',  ( -15.17753635082816288, 4.384089558139328879, 25.41483335703350832 ) ) ;
#6272 = CARTESIAN_POINT ( 'NONE',  ( -15.21874163005287706, 3.982660596870878145, 25.44752331130920453 ) ) ;
#6273 = CARTESIAN_POINT ( 'NONE',  ( -15.24353633535866592, 3.990075083431275704, 25.58208043812771493 ) ) ;
#6274 = CARTESIAN_POINT ( 'NONE',  ( -15.05737262488036521, 3.901652901987781252, 25.57339826351112677 ) ) ;
#6275 = CARTESIAN_POINT ( 'NONE',  ( -15.25639841821927867, 4.008675942731131592, 25.58022072905943389 ) ) ;
#6276 = CARTESIAN_POINT ( 'NONE',  ( -15.15849435797128741, 4.482021086371839935, 25.55827189648294606 ) ) ;
#6277 = CARTESIAN_POINT ( 'NONE',  ( -13.47176209485162346, 4.100000000000000533, 25.56874654391989310 ) ) ;
#6278 = CARTESIAN_POINT ( 'NONE',  ( -7.368476855084566957, 3.899999999996770050, 30.44026099032630128 ) ) ;
#6279 = CARTESIAN_POINT ( 'NONE',  ( -15.04766404357851961, 3.900052389344316417, 25.59884247159664739 ) ) ;
#6280 = CARTESIAN_POINT ( 'NONE',  ( -15.23403590927837570, 4.443220663981496621, 25.50032464838742285 ) ) ;
#6281 = CARTESIAN_POINT ( 'NONE',  ( -15.15900010850360502, 3.921688263868052804, 25.57944266439566405 ) ) ;
#6282 = CARTESIAN_POINT ( 'NONE',  ( -15.20148975203478336, 4.045017600000022640, 25.40674131596959384 ) ) ;
#6283 = CARTESIAN_POINT ( 'NONE',  ( -15.10498031922311313, 3.905403364834134639, 25.56232733486874054 ) ) ;
#6284 = CARTESIAN_POINT ( 'NONE',  ( -15.27967061807807525, 4.094902004108671889, 25.42013077979923708 ) ) ;
#6285 = CARTESIAN_POINT ( 'NONE',  ( -15.05099160229409705, 4.499840645772917647, 25.59230382620728150 ) ) ;
#6286 = CARTESIAN_POINT ( 'NONE',  ( -10.36950613462203385, 4.499999999999999112, 29.16016846853770161 ) ) ;
#6287 = CARTESIAN_POINT ( 'NONE',  ( -15.13550993433685576, 4.485907948757760444, 25.58742195448906287 ) ) ;
#6288 = CARTESIAN_POINT ( 'NONE',  ( -14.22302167722746802, 4.100000000000002309, 26.80572638944089192 ) ) ;
#6289 = CARTESIAN_POINT ( 'NONE',  ( -5.900018103691996529, 3.922077451333603637, 31.27811688801274670 ) ) ;
#6290 = CARTESIAN_POINT ( 'NONE',  ( -15.15365831685018350, 4.428004178781110411, 25.44081847213759318 ) ) ;
#6291 = CARTESIAN_POINT ( 'NONE',  ( -15.04228011554812916, 4.500000000000001776, 25.59956838103915189 ) ) ;
#6292 = CARTESIAN_POINT ( 'NONE',  ( -10.23707686044069121, 3.899999999999999023, 26.03539172535881718 ) ) ;
#6293 = CARTESIAN_POINT ( 'NONE',  ( -15.14117515341750853, 3.919507944594161852, 25.51389151609842543 ) ) ;
#6294 = CARTESIAN_POINT ( 'NONE',  ( -15.18841777540072790, 3.938591710620648723, 25.58291917423715844 ) ) ;
#6295 = VERTEX_POINT ( 'NONE', #3147 ) ;
#6296 = CARTESIAN_POINT ( 'NONE',  ( -15.28369633919955639, 4.329671666098376726, 25.43239555919015160 ) ) ;
#6297 = CARTESIAN_POINT ( 'NONE',  ( -5.900018103691999194, 4.496659335829466642, 23.97186596602620767 ) ) ;
#6298 = CARTESIAN_POINT ( 'NONE',  ( -15.08036528087125028, 4.491304190897663418, 25.53900369992146935 ) ) ;
#6299 = CARTESIAN_POINT ( 'NONE',  ( -15.04247496510364535, 3.899999999999998135, 25.59986350500313179 ) ) ;
#6300 = CARTESIAN_POINT ( 'NONE',  ( -15.19098935614637291, 4.469819662460838394, 25.53553266303311986 ) ) ;
#6301 = CARTESIAN_POINT ( 'NONE',  ( -15.06955641606419150, 3.901296780761030369, 25.59836878841980479 ) ) ;
#6302 = CARTESIAN_POINT ( 'NONE',  ( -12.22140689791729429, 3.899999999999999023, 28.20814962055754194 ) ) ;
#6303 = CARTESIAN_POINT ( 'NONE',  ( -15.07087326843092434, 3.905356000204378120, 25.55200831462401823 ) ) ;
#6304 = FACE_OUTER_BOUND ( 'NONE', #2397, .T. ) ;
#6305 = CARTESIAN_POINT ( 'NONE',  ( -15.07510837081754396, 4.498462647231614930, 25.57782750648844683 ) ) ;
#6306 = CARTESIAN_POINT ( 'NONE',  ( -15.25636402463823416, 3.983145971739948887, 25.50859404782937645 ) ) ;
#6307 = CARTESIAN_POINT ( 'NONE',  ( -15.19862390599509006, 3.957540282568480006, 25.45970575503189082 ) ) ;
#6308 = CARTESIAN_POINT ( 'NONE',  ( -15.06258097225225967, 3.901016452692506409, 25.57941472361644486 ) ) ;
#6309 = CARTESIAN_POINT ( 'NONE',  ( -5.923411739256202679, 4.299999999999999822, 23.71215335758667209 ) ) ;
#6310 = CARTESIAN_POINT ( 'NONE',  ( -15.11573607515867224, 4.462345860525305241, 25.47853519627076935 ) ) ;
#6311 = CARTESIAN_POINT ( 'NONE',  ( -14.76882929627467078, 3.899999999997740385, 25.42410533352004620 ) ) ;
#6312 = CARTESIAN_POINT ( 'NONE',  ( -5.858901057621540787, 4.099999999999999645, 31.44657052416308574 ) ) ;
#6313 = CARTESIAN_POINT ( 'NONE',  ( -15.24298782500597049, 4.427703786101937489, 25.55020258060269001 ) ) ;
#6314 = CARTESIAN_POINT ( 'NONE',  ( -15.09923567437701308, 3.924629205154356981, 25.50002147933691532 ) ) ;
#6315 = CARTESIAN_POINT ( 'NONE',  ( -15.28178118585737266, 4.059333998089489803, 25.56639406071062837 ) ) ;
#6316 = CARTESIAN_POINT ( 'NONE',  ( -15.11316588268762295, 3.906706803255302951, 25.57623409806335246 ) ) ;
#6317 = CARTESIAN_POINT ( 'NONE',  ( -15.25844655443412989, 4.094914100897045550, 25.40886216860243962 ) ) ;
#6318 = CARTESIAN_POINT ( 'NONE',  ( -15.05690329160597152, 4.499581772686478409, 25.58737483073803531 ) ) ;
#6319 = CARTESIAN_POINT ( 'NONE',  ( -15.14317320684584978, 4.483777872895206684, 25.58399821518510819 ) ) ;
#6320 = CARTESIAN_POINT ( 'NONE',  ( -5.720767620071977255, 4.499999999999999112, 23.76287985688826865 ) ) ;
#6321 = CARTESIAN_POINT ( 'NONE',  ( -14.90652226199777175, 3.900000000000000355, 25.78703214706115077 ) ) ;
#6322 = CARTESIAN_POINT ( 'NONE',  ( -15.22592679093122747, 4.438244598705993305, 25.56677629668857676 ) ) ;
#6323 = CARTESIAN_POINT ( 'NONE',  ( -15.04299327409869669, 4.499992989496333529, 25.59836133835901606 ) ) ;
#6324 = CARTESIAN_POINT ( 'NONE',  ( -15.29536487815704504, 4.099999999999999645, 25.54182214273016882 ) ) ;
#6325 = CARTESIAN_POINT ( 'NONE',  ( -15.15355432884229359, 3.917143632599817682, 25.53250849698862979 ) ) ;
#6326 = CARTESIAN_POINT ( 'NONE',  ( -15.14307146769881740, 3.921991154142540736, 25.50835632443379808 ) ) ;
#6327 = CARTESIAN_POINT ( 'NONE',  ( -15.20127357438548366, 3.983143744410170495, 25.43937242201699789 ) ) ;
#6328 = CARTESIAN_POINT ( 'NONE',  ( -15.27212076249902140, 4.323058103923510309, 25.41966270304911646 ) ) ;
#6329 = CARTESIAN_POINT ( 'NONE',  ( -5.900018103692000970, 4.465859663926216250, 23.84133261081259647 ) ) ;
#6330 = CARTESIAN_POINT ( 'NONE',  ( -15.08116417163712519, 4.493019582818946311, 25.54510547709947588 ) ) ;
#6331 = CARTESIAN_POINT ( 'NONE',  ( -5.978703690125644954, 4.300000000000000711, 23.80228877463597570 ) ) ;
#6332 = CARTESIAN_POINT ( 'NONE',  ( -15.19226773406989928, 4.464077983717440468, 25.56562013318467663 ) ) ;
#6333 = CARTESIAN_POINT ( 'NONE',  ( -12.76734968706286288, 3.900000000000000799, 27.80640618080057891 ) ) ;
#6334 = CARTESIAN_POINT ( 'NONE',  ( -15.07027161168911000, 3.902780490197220065, 25.56511521220433991 ) ) ;
#6335 = CARTESIAN_POINT ( 'NONE',  ( -5.882223564576870345, 3.899999999999999911, 23.64308696509996466 ) ) ;
#6336 = CARTESIAN_POINT ( 'NONE',  ( -15.06949403985184155, 4.497766261761792173, 25.56884604963637031 ) ) ;
#6337 = CARTESIAN_POINT ( 'NONE',  ( -15.27780088101965283, 4.300000000000000711, 25.58668188386181797 ) ) ;
#6338 = CARTESIAN_POINT ( 'NONE',  ( -15.15662507931276082, 3.979075689299949037, 25.43523951587515342 ) ) ;
#6339 = CARTESIAN_POINT ( 'NONE',  ( -15.06202163090308765, 3.901197333359528674, 25.57730132020541802 ) ) ;
#6340 = CARTESIAN_POINT ( 'NONE',  ( -15.26322735270006881, 4.020947717207036476, 25.57916446349507211 ) ) ;
#6341 = CARTESIAN_POINT ( 'NONE',  ( -15.17125338612077812, 4.475490469434910246, 25.56518063339045455 ) ) ;
#6342 = CARTESIAN_POINT ( 'NONE',  ( -12.17979831714624872, 4.099999999998493294, 25.70683915615957105 ) ) ;
#6343 = VECTOR ( 'NONE', #5168, 39.37007874015748143 ) ;
#6344 = CARTESIAN_POINT ( 'NONE',  ( -15.24773849619270116, 4.422328216516231869, 25.54896596243002804 ) ) ;
#6345 = CARTESIAN_POINT ( 'NONE',  ( -15.15078556384293229, 3.915462236102956961, 25.56211780434411551 ) ) ;
#6346 = CARTESIAN_POINT ( 'NONE',  ( -15.20511272634806055, 4.056499921153902122, 25.40352303457877881 ) ) ;
#6347 = CARTESIAN_POINT ( 'NONE',  ( -15.16985267550898797, 4.099999999998171774, 25.39487325767728976 ) ) ;
#6348 = CARTESIAN_POINT ( 'NONE',  ( -15.15552440190539407, 4.478825046204145899, 25.58386245747989207 ) ) ;
#6349 = CARTESIAN_POINT ( 'NONE',  ( -5.703343805511450704, 4.499999999999999112, 23.73357493624037318 ) ) ;
#6350 = CARTESIAN_POINT ( 'NONE',  ( -15.19508004579203408, 3.899999999999999911, 25.73144910454983858 ) ) ;
#6351 = CARTESIAN_POINT ( 'NONE',  ( -15.22829939065617744, 4.448248076864342870, 25.53034152559309433 ) ) ;
#6352 = CARTESIAN_POINT ( 'NONE',  ( -5.900018103691999194, 4.500000000000000000, 24.04854385460160771 ) ) ;
#6353 = CARTESIAN_POINT ( 'NONE',  ( -15.16671557953870852, 3.921415078448887925, 25.55674353576468150 ) ) ;
#6354 = CARTESIAN_POINT ( 'NONE',  ( -15.13797345127339256, 3.924390867672957306, 25.50169344660854520 ) ) ;
#6355 = CARTESIAN_POINT ( 'NONE',  ( -15.11146474247714977, 3.937456299061538711, 25.47889801279330513 ) ) ;
#6356 = ORIENTED_EDGE ( 'NONE', *, *, #3172, .T. ) ;
#6357 = EDGE_CURVE ( 'NONE', #2451, #4639, #5313, .T. ) ;
#6358 = CARTESIAN_POINT ( 'NONE',  ( -15.29267158951932970, 4.311013364485161148, 25.43361378943183482 ) ) ;
#6359 = CARTESIAN_POINT ( 'NONE',  ( -15.11500174445608913, 4.492218534998167812, 25.58468597718744775 ) ) ;
#6360 = CARTESIAN_POINT ( 'NONE',  ( -10.98099230554089623, 4.099999999999998757, 25.80549315382934239 ) ) ;
#6361 = CARTESIAN_POINT ( 'NONE',  ( -15.18246598436297923, 4.472840406679304159, 25.54299165781811354 ) ) ;
ENDSEC;
END-ISO-10303-21;
