ISO-10303-21;
HEADER;
FILE_DESCRIPTION (( 'STEP AP214' ),
    '1' );
FILE_NAME ('Shell_Right_6.STEP',
    '2026-03-25T04:59:39',
    ( '' ),
    ( '' ),
    'SwSTEP 2.0',
    'SolidWorks 2024',
    '' );
FILE_SCHEMA (( 'AUTOMOTIVE_DESIGN' ));
ENDSEC;

DATA;
#1 = CARTESIAN_POINT ( 'NONE',  ( -0.01855567127833080907, 11.04402140671858490, 12.13588139759318274 ) ) ;
#2 = CARTESIAN_POINT ( 'NONE',  ( 2.298330666310642201, 10.55724062443782074, 8.737966129674061833 ) ) ;
#3 = CARTESIAN_POINT ( 'NONE',  ( 5.693795882126338803, 5.885227820490144701, 7.923932068847761911 ) ) ;
#4 = CARTESIAN_POINT ( 'NONE',  ( 3.066686734147181959, 1.562499999999997335, 56.83445830059950765 ) ) ;
#5 = CARTESIAN_POINT ( 'NONE',  ( 3.888622925198698344, 4.543711386690112874, 54.87722217302609096 ) ) ;
#6 = EDGE_CURVE ( 'NONE', #4144, #2715, #4742, .T. ) ;
#7 = CARTESIAN_POINT ( 'NONE',  ( 4.041217336543384775, 8.103578159985369567, 50.26654083777567195 ) ) ;
#8 = CARTESIAN_POINT ( 'NONE',  ( 1.885871902862184868, 10.74101213447002046, 20.74956109058688014 ) ) ;
#9 = CARTESIAN_POINT ( 'NONE',  ( 2.083155664059153978, 10.85059338260673378, 12.13866521873529791 ) ) ;
#10 = CARTESIAN_POINT ( 'NONE',  ( 4.929876800072658050, 8.204284225984283196, 8.758516723847874275 ) ) ;
#11 = ORIENTED_EDGE ( 'NONE', *, *, #3035, .T. ) ;
#12 = CARTESIAN_POINT ( 'NONE',  ( -0.003937007874059043205, 11.09373438554020908, 12.95146459653335036 ) ) ;
#13 = CARTESIAN_POINT ( 'NONE',  ( -0.007874015748283209534, 10.98282005020366370, 37.31655843375411763 ) ) ;
#14 = CARTESIAN_POINT ( 'NONE',  ( 3.368555777116481131, 8.791212889504315342, 2.043812248106429585 ) ) ;
#15 = CARTESIAN_POINT ( 'NONE',  ( 0.8219816282355919546, 8.203485331089011012, -5.808121340098751695 ) ) ;
#16 = EDGE_CURVE ( 'NONE', #1796, #603, #852, .T. ) ;
#17 = CARTESIAN_POINT ( 'NONE',  ( 0.3685491917508664783, 9.267488878129535479, 53.35409283797893920 ) ) ;
#18 = CARTESIAN_POINT ( 'NONE',  ( 0.9193553397519251824, 10.91138851617805905, 10.22494550210710962 ) ) ;
#19 = VECTOR ( 'NONE', #985, 39.37007874015748854 ) ;
#20 = CARTESIAN_POINT ( 'NONE',  ( 5.241973903925380540, 2.664136553283929842, -5.886947155568250878 ) ) ;
#21 = CARTESIAN_POINT ( 'NONE',  ( 0.1978410113973581852, 11.08571368682075864, 24.06560968988564753 ) ) ;
#22 = CARTESIAN_POINT ( 'NONE',  ( 1.669679528511334166, 10.76091316966126321, 9.161048063910905981 ) ) ;
#23 = CARTESIAN_POINT ( 'NONE',  ( 5.488403884911780217, 4.223683567801257865, 10.22765940828962705 ) ) ;
#24 = CARTESIAN_POINT ( 'NONE',  ( 0.09568433936377643279, 11.09635644328725768, 12.98216424679335290 ) ) ;
#25 = CARTESIAN_POINT ( 'NONE',  ( 4.273151236805878384, 9.174295167149065122, 9.176531252212686951 ) ) ;
#26 = CARTESIAN_POINT ( 'NONE',  ( 5.896758150800703646, 3.980509402310712819, 10.24452840491610317 ) ) ;
#27 = CARTESIAN_POINT ( 'NONE',  ( 5.892125858776174674, 1.562181602707389150, 14.07201154357357353 ) ) ;
#28 = CARTESIAN_POINT ( 'NONE',  ( 5.455806278538757326, 3.955553902267661126, 50.27613903977619714 ) ) ;
#29 = CARTESIAN_POINT ( 'NONE',  ( 0.06001016664715886489, 8.130021811420293787, -6.555165170926367857 ) ) ;
#30 = CARTESIAN_POINT ( 'NONE',  ( 2.378948381756285535, 9.885239088296108534, 48.56112809037176703 ) ) ;
#31 = CARTESIAN_POINT ( 'NONE',  ( 0.6027042147460874855, 10.40145787060991367, 48.58062380794677182 ) ) ;
#32 = CARTESIAN_POINT ( 'NONE',  ( -0.01566643396380878323, 10.90195667581091143, 10.01258299812229957 ) ) ;
#33 = CARTESIAN_POINT ( 'NONE',  ( 2.261900205081427195, 10.71740177298676500, 10.86587234688950510 ) ) ;
#34 = CARTESIAN_POINT ( 'NONE',  ( 5.721665271822837795, 5.762655850984381267, 8.346463243762769935 ) ) ;
#35 = CARTESIAN_POINT ( 'NONE',  ( 3.483575980854780596, 9.835317711217557601, 7.955401604407375871 ) ) ;
#36 = CARTESIAN_POINT ( 'NONE',  ( 4.821447524029938592, 5.431803727523567105, -1.852834083645534813 ) ) ;
#37 = B_SPLINE_CURVE_WITH_KNOTS ( 'NONE', 3,
 ( #1188, #3420, #2109, #5728 ),
 .UNSPECIFIED., .F., .F.,
 ( 4, 4 ),
 ( 0.000000000000000000, 0.002534804400148782909 ),
 .UNSPECIFIED. ) ;
#38 = CARTESIAN_POINT ( 'NONE',  ( 1.721358498379091939, 4.282338576466888647, -13.02595614542640945 ) ) ;
#39 = CARTESIAN_POINT ( 'NONE',  ( 2.030359392020846698, 10.15956328935305564, 7.838954936263660578 ) ) ;
#40 = CARTESIAN_POINT ( 'NONE',  ( 2.117747565593198988, 10.86121752693258102, 12.56244476901824925 ) ) ;
#41 = CARTESIAN_POINT ( 'NONE',  ( 4.727458043605015980, 8.575971396229046917, 9.392362361736680043 ) ) ;
#42 = EDGE_LOOP ( 'NONE', ( #5388, #751, #4061, #4735 ) ) ;
#43 = CARTESIAN_POINT ( 'NONE',  ( 5.810390172808475029, 4.360497926422723936, 11.54026869725333881 ) ) ;
#44 = CARTESIAN_POINT ( 'NONE',  ( -0.007874015748394819908, 9.323996619911319783, 53.35895475456529624 ) ) ;
#45 = CARTESIAN_POINT ( 'NONE',  ( 3.506694362739306126, 9.387347794105751930, 9.118933636976535695 ) ) ;
#46 = CARTESIAN_POINT ( 'NONE',  ( 1.196899985423334867, 8.927102886773399248, -2.380854112834247527 ) ) ;
#47 = CARTESIAN_POINT ( 'NONE',  ( 0.3708108489027669985, 8.975216073187469945, -2.959830186914254924 ) ) ;
#48 = CARTESIAN_POINT ( 'NONE',  ( 0.7148276392048954486, 10.90054238982477131, 10.01216093243539262 ) ) ;
#49 = CARTESIAN_POINT ( 'NONE',  ( 5.494911555237472989, 2.226859317897658563, 34.88856371756516239 ) ) ;
#50 = ADVANCED_FACE ( 'NONE', ( #1567 ), #3770, .F. ) ;
#51 = CARTESIAN_POINT ( 'NONE',  ( 4.498439869935698887, 8.269913751167109695, 10.78408530245516239 ) ) ;
#52 = CARTESIAN_POINT ( 'NONE',  ( 0.2104145985203136060, 10.05939351664492243, 51.11389116501862873 ) ) ;
#53 = CARTESIAN_POINT ( 'NONE',  ( 1.799862478914945552, 10.75136134940526844, 9.374657446867146859 ) ) ;
#54 = CARTESIAN_POINT ( 'NONE',  ( 5.488772851567175870, 4.217802651649249945, 10.25289846645528513 ) ) ;
#55 = CARTESIAN_POINT ( 'NONE',  ( 0.1784775891959634042, 10.93195518436544234, 10.43775466843096389 ) ) ;
#56 = CARTESIAN_POINT ( 'NONE',  ( 4.122709941776506959, 9.286465994325354245, 8.326543684075463858 ) ) ;
#57 = DIRECTION ( 'NONE',  ( -1.000000000000000000, 0.000000000000000000, 0.000000000000000000 ) ) ;
#58 = CARTESIAN_POINT ( 'NONE',  ( 4.745062501749127470, 3.713344211796164807, -6.581328107597363086 ) ) ;
#59 = CARTESIAN_POINT ( 'NONE',  ( 2.224633221561537422, 9.547501620875607387, 50.26134181169191351 ) ) ;
#60 = CARTESIAN_POINT ( 'NONE',  ( 0.6084020596499720712, 10.94837973035649092, 18.26467122041693258 ) ) ;
#61 = CARTESIAN_POINT ( 'NONE',  ( -0.01069803424701090515, 10.90195670590311749, 10.01258200929077447 ) ) ;
#62 = CARTESIAN_POINT ( 'NONE',  ( 2.686851221419123803, 10.46304069870540410, 9.804558754713941227 ) ) ;
#63 = CARTESIAN_POINT ( 'NONE',  ( 5.852037808043392353, 4.901798689283716648, 10.45931381882377664 ) ) ;
#64 = CARTESIAN_POINT ( 'NONE',  ( 5.744510912093780064, 5.577156794348940849, 7.955401604407403404 ) ) ;
#65 = CARTESIAN_POINT ( 'NONE',  ( 5.256450451311124539, 5.528444889189453093, 4.137195633915313309 ) ) ;
#66 = CARTESIAN_POINT ( 'NONE',  ( 3.113862640621186451, 6.351437168555788659, -6.569210536928685507 ) ) ;
#67 = CARTESIAN_POINT ( 'NONE',  ( 2.092092087212808149, 10.67358329892428870, 20.74958895219711508 ) ) ;
#68 = CARTESIAN_POINT ( 'NONE',  ( 2.055386694527820080, 10.90083235981357213, 12.98569327211767188 ) ) ;
#69 = CARTESIAN_POINT ( 'NONE',  ( 5.902679703281600965, 2.775663433491046383, 9.408500274371057515 ) ) ;
#70 = CARTESIAN_POINT ( 'NONE',  ( 4.680602406126458170, 8.758773854602539544, 11.29798771908039079 ) ) ;
#71 = ORIENTED_EDGE ( 'NONE', *, *, #2643, .T. ) ;
#72 = LENGTH_MEASURE_WITH_UNIT ( LENGTH_MEASURE( 0.02539999999999999897 ), #1879 );
#73 = CARTESIAN_POINT ( 'NONE',  ( 4.235649053963582489, 6.063537611173084763, -3.678078037563668357 ) ) ;
#74 = CARTESIAN_POINT ( 'NONE',  ( -0.007874015748037602180, 9.779552821031902710, 2.014140161015306685 ) ) ;
#75 = CARTESIAN_POINT ( 'NONE',  ( 3.525668337790862861, 9.475967058185341685, 10.78515069180129871 ) ) ;
#76 = CARTESIAN_POINT ( 'NONE',  ( 0.7790283688731444167, 6.750818281677584132, -10.02343224631049168 ) ) ;
#77 = CARTESIAN_POINT ( 'NONE',  ( -0.007874015747917769217, 1.562500000000000000, -14.99999999999999822 ) ) ;
#78 = CARTESIAN_POINT ( 'NONE',  ( 0.9211154890765342884, 10.92609717169371386, 10.43753938706077555 ) ) ;
#79 = CARTESIAN_POINT ( 'NONE',  ( 5.454934954509001344, 2.139927762459628013, -4.364969071561767500 ) ) ;
#80 = CARTESIAN_POINT ( 'NONE',  ( 3.160915663870728753, 5.613327517724069793, 54.93697183056559652 ) ) ;
#81 = CARTESIAN_POINT ( 'NONE',  ( 0.1563106351503300573, 9.467692953124002386, -0.1911864349242662908 ) ) ;
#82 = CARTESIAN_POINT ( 'NONE',  ( 1.736778620431810083, 10.76385433841146089, 9.374455744238767707 ) ) ;
#83 = CARTESIAN_POINT ( 'NONE',  ( 5.497019144554175618, 3.959680227302813549, 10.21022914903228695 ) ) ;
#84 = CARTESIAN_POINT ( 'NONE',  ( 0.1990299636478268519, 10.74248016608156142, 7.879676303341513588 ) ) ;
#85 = AXIS2_PLACEMENT_3D ( 'NONE', #5536, #4295, #222 ) ;
#86 = CARTESIAN_POINT ( 'NONE',  ( 0.09222057231856918558, 1.564271374611953647, -15.39847374031774407 ) ) ;
#87 = CARTESIAN_POINT ( 'NONE',  ( 4.500337404487729565, 3.339196204108195509, 54.81747251548679856 ) ) ;
#88 = CARTESIAN_POINT ( 'NONE',  ( 0.06784093790523747225, 11.06516362905453654, 28.18484234170431080 ) ) ;
#89 = CARTESIAN_POINT ( 'NONE',  ( -0.007874015748423630195, 1.562500000000000000, 57.50000000000000000 ) ) ;
#90 = CARTESIAN_POINT ( 'NONE',  ( 0.4144906734514081093, 6.895941147967050711, -10.03004557739316560 ) ) ;
#91 = CARTESIAN_POINT ( 'NONE',  ( -0.005804324163549022877, 10.93155638146762776, 10.43798618201373074 ) ) ;
#92 = CARTESIAN_POINT ( 'NONE',  ( 2.833434650264991639, 10.50605809852940808, 11.71505416367755714 ) ) ;
#93 = CARTESIAN_POINT ( 'NONE',  ( 5.821629015849847377, 5.116921758531141506, 9.192638890018976383 ) ) ;
#94 = CARTESIAN_POINT ( 'NONE',  ( 5.488580283186082376, 1.562500000000000666, 50.89422370907608695 ) ) ;
#95 = CARTESIAN_POINT ( 'NONE',  ( 4.878554296077737717, 4.779522791192725606, 52.74675829711510744 ) ) ;
#96 = CARTESIAN_POINT ( 'NONE',  ( 4.253659908836136871, 8.472063293904614767, 7.846452209247879672 ) ) ;
#97 = CARTESIAN_POINT ( 'NONE',  ( -0.007874015747917769217, 1.562500000000000000, -14.99999999999999822 ) ) ;
#98 = CARTESIAN_POINT ( 'NONE',  ( 5.492126003400566780, 1.562499999999999556, 12.95146459653338944 ) ) ;
#99 = CARTESIAN_POINT ( 'NONE',  ( 5.905918657260642135, 3.168389493142973912, 11.30500676165123863 ) ) ;
#100 = AXIS2_PLACEMENT_3D ( 'NONE', #1506, #2043, #5128 ) ;
#101 = CARTESIAN_POINT ( 'NONE',  ( 5.094785282051352837, 8.038157545244235536, 11.72443059138690558 ) ) ;
#102 = EDGE_LOOP ( 'NONE', ( #1974, #912, #1598, #1018 ) ) ;
#103 = CARTESIAN_POINT ( 'NONE',  ( -0.003937007874056518315, 10.85590676278952671, 12.27144099227121110 ) ) ;
#104 = CARTESIAN_POINT ( 'NONE',  ( 4.942390152276385784, 6.554049534897878893, 50.27054008860926615 ) ) ;
#105 = CARTESIAN_POINT ( 'NONE',  ( 5.892125859303629198, 1.562164125519301727, 12.43414023545892988 ) ) ;
#106 = CARTESIAN_POINT ( 'NONE',  ( 0.007733301960728705508, 9.472340085827733347, -0.1909506407971078012 ) ) ;
#107 = CARTESIAN_POINT ( 'NONE',  ( 3.783372322322812398, 9.823228774051294465, 42.64020179025337853 ) ) ;
#108 = CARTESIAN_POINT ( 'NONE',  ( 1.538274246423111835, 10.83225844488233491, 34.88708690589932360 ) ) ;
#109 = CARTESIAN_POINT ( 'NONE',  ( 0.6054187253037769390, 10.33840348052881453, 7.834956390672064508 ) ) ;
#110 = CARTESIAN_POINT ( 'NONE',  ( 0.6464179046862172928, 10.90136808376656141, 10.01215882590944517 ) ) ;
#111 = CARTESIAN_POINT ( 'NONE',  ( 5.205618495898105103, 7.822459767485180571, 12.95146459653337878 ) ) ;
#112 = CARTESIAN_POINT ( 'NONE',  ( 5.510111876749976823, 2.071839032420283555, 42.52652133232197684 ) ) ;
#113 = CARTESIAN_POINT ( 'NONE',  ( 4.927760537519851880, 8.286998326057593900, 39.76262269855083531 ) ) ;
#114 = CARTESIAN_POINT ( 'NONE',  ( 0.1797870866687937552, 9.503636265769168645, 52.96290033994542767 ) ) ;
#115 = CIRCLE ( 'NONE', #4195, 0.09999999999999947820 ) ;
#116 = CARTESIAN_POINT ( 'NONE',  ( 1.610524110176662749, 10.78717124733113408, 9.374086533406334354 ) ) ;
#117 = PRODUCT_CONTEXT ( 'NONE', #5356, 'mechanical' ) ;
#118 = CARTESIAN_POINT ( 'NONE',  ( 0.1815854571740774803, 10.74253779739037284, 7.879652721135834703 ) ) ;
#119 = CARTESIAN_POINT ( 'NONE',  ( 5.795637324027305581, 5.246063094045883446, 8.334251705435091750 ) ) ;
#120 = CARTESIAN_POINT ( 'NONE',  ( 5.460861308381667278, 4.862678373399772269, 20.75067555499497729 ) ) ;
#121 = CARTESIAN_POINT ( 'NONE',  ( 2.274459757164033480, 10.52004702059138275, 15.74379101131484937 ) ) ;
#122 = CARTESIAN_POINT ( 'NONE',  ( 0.3079921252497702100, 5.484323928400418602, -13.06656532754760747 ) ) ;
#123 = CARTESIAN_POINT ( 'NONE',  ( 0.003359830919066480754, 11.07036364963984099, 12.55933472595842915 ) ) ;
#124 = CARTESIAN_POINT ( 'NONE',  ( 2.590260470505598711, 10.65345301239364950, 12.13891128315044554 ) ) ;
#125 = CARTESIAN_POINT ( 'NONE',  ( 5.848281830637052536, 4.866091684648254478, 9.615096482379991372 ) ) ;
#126 = CARTESIAN_POINT ( 'NONE',  ( 5.492095583738722198, 1.562500000000005551, 45.40122855853380912 ) ) ;
#127 = CARTESIAN_POINT ( 'NONE',  ( 5.329791052306473098, 5.661467034012591881, 7.854449300431035397 ) ) ;
#128 = CARTESIAN_POINT ( 'NONE',  ( 4.529128253611482080, 8.963469801006652915, 39.76769990921828679 ) ) ;
#129 = CARTESIAN_POINT ( 'NONE',  ( 1.809072745469241017, 9.108650106562794946, -0.5935840902546599684 ) ) ;
#130 = CARTESIAN_POINT ( 'NONE',  ( -0.05576029348827480497, 11.09554594602065514, 12.98244510992148193 ) ) ;
#131 = CARTESIAN_POINT ( 'NONE',  ( 5.903912322826547765, 2.844428647689658529, 10.46151988576188252 ) ) ;
#132 = CARTESIAN_POINT ( 'NONE',  ( 5.360744684356870238, 7.205326655636816291, 8.340149807169288110 ) ) ;
#133 = EDGE_LOOP ( 'NONE', ( #1587, #1465 ) ) ;
#134 = CARTESIAN_POINT ( 'NONE',  ( 2.149893294359754847, 10.12580967205913751, 7.955401604407366989 ) ) ;
#135 = CARTESIAN_POINT ( 'NONE',  ( 5.210393231522926882, 7.069821625399836051, 37.30318387191741181 ) ) ;
#136 = CARTESIAN_POINT ( 'NONE',  ( 5.805621539297137090, 2.423630342976938135, 12.65146459653338873 ) ) ;
#137 = CARTESIAN_POINT ( 'NONE',  ( 0.06544958386765498126, 10.16138357557928451, 50.59331003421829820 ) ) ;
#138 = CARTESIAN_POINT ( 'NONE',  ( 3.495170581250041764, 9.313358004726442374, 7.843453300054189725 ) ) ;
#139 = CARTESIAN_POINT ( 'NONE',  ( 1.561544333531332818, 10.48999838068781720, 10.78674877582043479 ) ) ;
#140 = CARTESIAN_POINT ( 'NONE',  ( 0.7121254853877658775, 10.88519430791708231, 9.799267922179611290 ) ) ;
#141 = FACE_BOUND ( 'NONE', #5622, .T. ) ;
#142 = CARTESIAN_POINT ( 'NONE',  ( 5.484124351227126049, 2.180533591297508789, -1.257040067296339325 ) ) ;
#143 = CARTESIAN_POINT ( 'NONE',  ( 4.518732191000061071, 8.321745756078691159, 12.44700852879704556 ) ) ;
#144 = CARTESIAN_POINT ( 'NONE',  ( 0.02208024037466081377, 2.238430071487517825, 57.50000000000001421 ) ) ;
#145 = CARTESIAN_POINT ( 'NONE',  ( 1.701236411713191066, 10.99240361379720987, 12.98500258967631638 ) ) ;
#146 = CARTESIAN_POINT ( 'NONE',  ( 0.2165347277852005259, 10.99028924553414122, 11.28741752689205846 ) ) ;
#147 = CARTESIAN_POINT ( 'NONE',  ( 5.853537851600250086, 1.559196857701891759, -4.780480337001256075 ) ) ;
#148 = CARTESIAN_POINT ( 'NONE',  ( 5.473636065448743260, 4.615082375777880941, 10.78142182908992730 ) ) ;
#149 = CARTESIAN_POINT ( 'NONE',  ( 2.477308936280322893, 9.495597435374747874, 49.94203142310584553 ) ) ;
#150 = CARTESIAN_POINT ( 'NONE',  ( 0.7488283349151821922, 10.66562907146511385, 12.45317416738769367 ) ) ;
#151 = CARTESIAN_POINT ( 'NONE',  ( -0.01044185988935266915, 10.84058581266730492, 9.160165373960749591 ) ) ;
#152 = CARTESIAN_POINT ( 'NONE',  ( 2.973243958105336482, 10.49505865203325428, 12.98504548179055895 ) ) ;
#153 = CARTESIAN_POINT ( 'NONE',  ( 5.786607080384284174, 5.621052618176689997, 12.99403495813397491 ) ) ;
#154 = CARTESIAN_POINT ( 'NONE',  ( 3.899524434107360271, 1.562499999999998446, 56.21736401351140699 ) ) ;
#155 = CARTESIAN_POINT ( 'NONE',  ( 5.679111037721784605, 5.884647520469293625, 42.57767753839101488 ) ) ;
#156 = CARTESIAN_POINT ( 'NONE',  ( 2.143434662210797370, 10.66472571418136184, 37.31247176208177052 ) ) ;
#157 = EDGE_CURVE ( 'NONE', #3146, #3369, #3905, .T. ) ;
#158 = CARTESIAN_POINT ( 'NONE',  ( -0.09708965209581602029, 10.98927390336941734, 11.28788040536840676 ) ) ;
#159 = CARTESIAN_POINT ( 'NONE',  ( 5.901232706544867312, 3.507896174413072554, 8.775531410904077845 ) ) ;
#160 = CARTESIAN_POINT ( 'NONE',  ( 5.184390117336397985, 7.755050780095026575, 10.24366367093199948 ) ) ;
#161 = VERTEX_POINT ( 'NONE', #613 ) ;
#162 = CARTESIAN_POINT ( 'NONE',  ( 3.913027133829417359, 8.894756035254197002, 7.955401604407379423 ) ) ;
#163 = CARTESIAN_POINT ( 'NONE',  ( 1.799720299582213023, 2.850469216044995591, 57.25269742639466131 ) ) ;
#164 = CARTESIAN_POINT ( 'NONE',  ( 1.968033402055632264, 10.50714158787416608, 12.95146459653336279 ) ) ;
#165 = CARTESIAN_POINT ( 'NONE',  ( 0.01291599173796885436, 8.557004877259752007, -4.964536283478421019 ) ) ;
#166 = CARTESIAN_POINT ( 'NONE',  ( 0.3555689675942148020, 2.056434814402907651, 57.50000000000000000 ) ) ;
#167 = CARTESIAN_POINT ( 'NONE',  ( 1.217795651600400486, 9.552538161931831695, 51.94947462100062552 ) ) ;
#168 = CARTESIAN_POINT ( 'NONE',  ( 1.434249139941798035, 10.87465898315121038, 10.22559356284422627 ) ) ;
#169 = CARTESIAN_POINT ( 'NONE',  ( 4.236838190826585304, 9.441542302298302047, 12.98664689901093361 ) ) ;
#170 = CARTESIAN_POINT ( 'NONE',  ( 3.660953057450147430, 10.00937248887608000, 12.95146459653337878 ) ) ;
#171 = PLANE ( 'NONE',  #1147 ) ;
#172 = CARTESIAN_POINT ( 'NONE',  ( 1.732373163632394464, 1.615265837591467912, -14.99999999999997513 ) ) ;
#173 = CARTESIAN_POINT ( 'NONE',  ( 4.100101807537371634, 7.107899212265934352, 52.01969420164031987 ) ) ;
#174 = CARTESIAN_POINT ( 'NONE',  ( 0.1860274802813330075, 8.549692585722715066, -4.968234992561535890 ) ) ;
#175 = CARTESIAN_POINT ( 'NONE',  ( 1.866305441294567879, 10.75192557177247110, 9.587995604824682161 ) ) ;
#176 = CARTESIAN_POINT ( 'NONE',  ( 0.1707606002833534919, 11.09720655067241424, 12.98197221256479850 ) ) ;
#177 = CARTESIAN_POINT ( 'NONE',  ( 4.820865038073364417, 7.536988425535586344, 9.120739813902577708 ) ) ;
#178 = CARTESIAN_POINT ( 'NONE',  ( 5.744510912093780064, 5.577156794348940849, 7.955401604407403404 ) ) ;
#179 = CARTESIAN_POINT ( 'NONE',  ( 4.781539661300482358, 3.401272232692570174, -6.993626045285164849 ) ) ;
#180 = CARTESIAN_POINT ( 'NONE',  ( 2.371827340670746853, 10.03024989831149405, 7.839954572661545384 ) ) ;
#181 = CARTESIAN_POINT ( 'NONE',  ( 0.6531881629756279839, 11.04850797124021788, 24.06588480377662975 ) ) ;
#182 = CARTESIAN_POINT ( 'NONE',  ( 0.004113023118851785558, 10.90195720230741117, 10.01257867825510672 ) ) ;
#183 = CARTESIAN_POINT ( 'NONE',  ( 2.595034378840317402, 10.67326869713289028, 12.56241563777773074 ) ) ;
#184 = CARTESIAN_POINT ( 'NONE',  ( 5.856615469644786742, 5.004381102470000897, 12.57104813716706992 ) ) ;
#185 = CARTESIAN_POINT ( 'NONE',  ( 4.919769320047668870, 1.562500000000011990, 54.65170752622240258 ) ) ;
#186 = CARTESIAN_POINT ( 'NONE',  ( 4.771658284880857970, 4.915136056327865433, -3.709239770033098349 ) ) ;
#187 = CARTESIAN_POINT ( 'NONE',  ( 1.201231866306935014, 10.51483272060529472, 8.255401604407364147 ) ) ;
#188 = CARTESIAN_POINT ( 'NONE',  ( 5.901343180811192468, 2.796393702007379023, 12.99254530957539977 ) ) ;
#189 = CARTESIAN_POINT ( 'NONE',  ( 5.258724145320608834, 7.443951308967494462, 7.915517363697866848 ) ) ;
#190 = ORIENTED_EDGE ( 'NONE', *, *, #5056, .T. ) ;
#191 = FACE_OUTER_BOUND ( 'NONE', #2729, .T. ) ;
#192 = CARTESIAN_POINT ( 'NONE',  ( 4.192261254670563098, 5.790503657696246975, 53.30061175552872754 ) ) ;
#193 = DIRECTION ( 'NONE',  ( 1.000000000000000000, 0.000000000000000000, 1.092739197465698976E-14 ) ) ;
#194 = CARTESIAN_POINT ( 'NONE',  ( 0.01512842860816845415, 7.473905103619087775, -8.677150841494096767 ) ) ;
#195 = CARTESIAN_POINT ( 'NONE',  ( 3.830493092175678793, 9.278054012786684623, 12.44851848110494252 ) ) ;
#196 = CARTESIAN_POINT ( 'NONE',  ( -0.007874015748423630195, 1.562500000000000000, 57.50000000000000000 ) ) ;
#197 = CARTESIAN_POINT ( 'NONE',  ( 1.056520538917101737, 11.00456592728964011, 11.71169340638318701 ) ) ;
#198 = CARTESIAN_POINT ( 'NONE',  ( 4.162856252668257540, 9.211592418464890741, 7.902435420076685979 ) ) ;
#199 = CARTESIAN_POINT ( 'NONE',  ( -0.003937007874030351746, 10.87511906108143123, 9.619950620191691115 ) ) ;
#200 = CARTESIAN_POINT ( 'NONE',  ( 5.892246271750019027, 4.143099466858418012, 10.33848872861745072 ) ) ;
#201 = CARTESIAN_POINT ( 'NONE',  ( 5.492257709207174265, 1.765336003245774998, -0.2020034905076586451 ) ) ;
#202 = CARTESIAN_POINT ( 'NONE',  ( 1.889619004840044081, 6.964938465565559511, 55.02062135112074515 ) ) ;
#203 = CARTESIAN_POINT ( 'NONE',  ( 0.2314442463230723945, 8.991071440122611946, -2.955990234337038114 ) ) ;
#204 = CARTESIAN_POINT ( 'NONE',  ( 1.955474511112260894, 10.88810608365884569, 12.13844311242182528 ) ) ;
#205 = CARTESIAN_POINT ( 'NONE',  ( 0.3292253513278803889, 10.99072929800782283, 11.28725801165580656 ) ) ;
#206 = CARTESIAN_POINT ( 'NONE',  ( 4.641129727166003249, 7.835072240559630252, 7.848451482043683924 ) ) ;
#207 = CARTESIAN_POINT ( 'NONE',  ( 4.938078509265277027, 7.938892328307831647, 12.65146459653338340 ) ) ;
#208 = CARTESIAN_POINT ( 'NONE',  ( 5.504292814463897621, 4.219770473086762230, 15.73295830750710600 ) ) ;
#209 = CARTESIAN_POINT ( 'NONE',  ( 2.181446478319954529, 9.052146777505829078, -0.1932201592710002525 ) ) ;
#210 = CARTESIAN_POINT ( 'NONE',  ( 0.6900680783320359835, 10.99505608403316970, 20.74939856452743570 ) ) ;
#211 = CARTESIAN_POINT ( 'NONE',  ( 0.02373103844777996185, 10.90196521562696930, 10.01256788230675454 ) ) ;
#212 = CARTESIAN_POINT ( 'NONE',  ( 3.566946112384330458, 10.09610244610848717, 12.98470195338386368 ) ) ;
#213 = CARTESIAN_POINT ( 'NONE',  ( 5.893117770488348839, 4.088198518716442464, 9.827473249864810967 ) ) ;
#214 = CARTESIAN_POINT ( 'NONE',  ( 1.351134402282831548, 1.575731463242321828, 57.80392616512278181 ) ) ;
#215 = CARTESIAN_POINT ( 'NONE',  ( 5.274056943188508484, 4.647232725951933929, 51.20874533751435820 ) ) ;
#216 = CARTESIAN_POINT ( 'NONE',  ( -0.07681458664453076624, 10.98928171380022079, 11.28786482664899715 ) ) ;
#217 = CARTESIAN_POINT ( 'NONE',  ( 5.892125957193613317, 1.562484996773210622, 10.04018439776995919 ) ) ;
#218 = CARTESIAN_POINT ( 'NONE',  ( 5.214200884106216627, 7.799572768650220311, 12.99368497988210258 ) ) ;
#219 = ORIENTED_EDGE ( 'NONE', *, *, #2028, .F. ) ;
#220 = CARTESIAN_POINT ( 'NONE',  ( 5.339785621180878294, 5.577156794348941737, 7.955401604407396299 ) ) ;
#221 = CARTESIAN_POINT ( 'NONE',  ( 2.360041709878381244, 3.521768505242463654, -13.00429791496177856 ) ) ;
#222 = DIRECTION ( 'NONE',  ( 3.414809992080346871E-15, 0.000000000000000000, -1.000000000000000000 ) ) ;
#223 = CARTESIAN_POINT ( 'NONE',  ( 0.02395642298495672534, 10.99161762235139861, 36.13044260656368323 ) ) ;
#224 = CARTESIAN_POINT ( 'NONE',  ( 3.259038356992113084, 7.803871913577994590, -2.425706575086182148 ) ) ;
#225 = CARTESIAN_POINT ( 'NONE',  ( -0.007874015747917769217, 1.562500000000000000, -14.99999999999999822 ) ) ;
#226 = CARTESIAN_POINT ( 'NONE',  ( 1.178813324233119353, 10.89711016460984006, 10.22520826864437637 ) ) ;
#227 = CARTESIAN_POINT ( 'NONE',  ( 4.258078779990482232, 9.322103171357660756, 11.29509151234773512 ) ) ;
#228 = VERTEX_POINT ( 'NONE', #5663 ) ;
#229 = CARTESIAN_POINT ( 'NONE',  ( 3.863670447297722799, 9.830481635520168737, 12.95146459653337345 ) ) ;
#230 = CARTESIAN_POINT ( 'NONE',  ( 0.8414182610590448252, 1.562500000000000000, 57.50000000000001421 ) ) ;
#231 = CARTESIAN_POINT ( 'NONE',  ( 2.597367497600317598, 9.924757652273699549, 7.840620996926806363 ) ) ;
#232 = CARTESIAN_POINT ( 'NONE',  ( 0.2259251335550184203, 9.550821518374059238, 0.4065435644219819733 ) ) ;
#233 = CARTESIAN_POINT ( 'NONE',  ( 1.971841243448239300, 10.62743247207350628, 8.309362381539045828 ) ) ;
#234 = CARTESIAN_POINT ( 'NONE',  ( 0.3027290855020801086, 10.74216044551519822, 7.879813703908624234 ) ) ;
#235 = CARTESIAN_POINT ( 'NONE',  ( 3.468979532861295123, 5.926833370005052615, -6.571413731595732166 ) ) ;
#236 = ADVANCED_FACE ( 'NONE', ( #2427 ), #171, .F. ) ;
#237 = LINE ( 'NONE', #3479, #1298 ) ;
#238 = CARTESIAN_POINT ( 'NONE',  ( 5.392675366278807836, 3.415527854422687692, -0.2002350345539656018 ) ) ;
#239 = CARTESIAN_POINT ( 'NONE',  ( 2.487179594554115081, 10.51939953183686427, 20.74964467541751389 ) ) ;
#240 = CARTESIAN_POINT ( 'NONE',  ( 0.8161463987834103317, 10.94156589541080393, 37.31501045206004363 ) ) ;
#241 = CARTESIAN_POINT ( 'NONE',  ( 0.06232130151690997572, 10.87163957225937594, 9.586611593638281192 ) ) ;
#242 = CARTESIAN_POINT ( 'NONE',  ( 3.500452061511714508, 9.827470684840111659, 7.896335445035428613 ) ) ;
#243 = CARTESIAN_POINT ( 'NONE',  ( 5.866211856038123784, 4.612193933973350646, 9.826544009029687388 ) ) ;
#244 = CARTESIAN_POINT ( 'NONE',  ( 2.172186392390692333, 1.562499999999999778, -14.03637561017878888 ) ) ;
#245 = CARTESIAN_POINT ( 'NONE',  ( 5.368079952141403766, 5.125684914453086272, 49.93938887886572076 ) ) ;
#246 = DIMENSIONAL_EXPONENTS ( 1.000000000000000000, 0.000000000000000000, 0.000000000000000000, 0.000000000000000000, 0.000000000000000000, 0.000000000000000000, 0.000000000000000000 ) ;
#247 = CARTESIAN_POINT ( 'NONE',  ( -0.02544373516451787706, 10.88680270942721506, 9.799607717426406239 ) ) ;
#248 = CARTESIAN_POINT ( 'NONE',  ( 5.897535043103735219, 2.309374149912023277, 10.04019739749289286 ) ) ;
#249 = CARTESIAN_POINT ( 'NONE',  ( 5.590382478820859369, 6.428123189996535203, 8.343769371814135027 ) ) ;
#250 = ORIENTED_EDGE ( 'NONE', *, *, #5248, .T. ) ;
#251 = DIRECTION ( 'NONE',  ( -1.000000000000000000, 0.000000000000000000, -3.478615742371893810E-15 ) ) ;
#252 = CARTESIAN_POINT ( 'NONE',  ( 3.309114154370871752, 4.302129713592624860, -9.964857028149770812 ) ) ;
#253 = CARTESIAN_POINT ( 'NONE',  ( 0.2960629921259554931, 10.60898108575325693, 8.819128414726787213 ) ) ;
#254 = CARTESIAN_POINT ( 'NONE',  ( 3.747125327942611328, 8.938712005683621342, 6.181577763284937355 ) ) ;
#255 = CARTESIAN_POINT ( 'NONE',  ( 1.731033176933211237, 10.78298430825494947, 34.88711530612363987 ) ) ;
#256 = CARTESIAN_POINT ( 'NONE',  ( 1.442499485971377338, 11.03942406290485323, 12.98415834743318520 ) ) ;
#257 = CARTESIAN_POINT ( 'NONE',  ( 4.305262283085760977, 9.080102667738561451, 8.328183595409381468 ) ) ;
#258 = CARTESIAN_POINT ( 'NONE',  ( 0.1902925566803543855, 10.89405064193698358, 42.69420000777063962 ) ) ;
#259 = DIRECTION ( 'NONE',  ( 1.000000000000000000, 0.000000000000000000, 6.957231484743787620E-15 ) ) ;
#260 = CARTESIAN_POINT ( 'NONE',  ( -0.007874015748423630195, 2.241098641572417005, 57.50000000000000711 ) ) ;
#261 = CARTESIAN_POINT ( 'NONE',  ( 5.372585365243938149, 1.740423166339563066, -5.897457264297532475 ) ) ;
#262 = CARTESIAN_POINT ( 'NONE',  ( 2.511420639529450938, 9.323889570047596109, 2.035405156763948842 ) ) ;
#263 = CARTESIAN_POINT ( 'NONE',  ( 0.2866680305574601517, 10.04994390125205861, 51.11495694223768993 ) ) ;
#264 = CARTESIAN_POINT ( 'NONE',  ( 0.2214931518877191474, 10.77631503781703515, 8.306662918496106940 ) ) ;
#265 = CARTESIAN_POINT ( 'NONE',  ( 3.391927408867119631, 5.821682070661597486, -6.993519521628014601 ) ) ;
#266 = CARTESIAN_POINT ( 'NONE',  ( 5.810390172808478582, 4.360497926422723936, 10.95146459653339122 ) ) ;
#267 = CARTESIAN_POINT ( 'NONE',  ( 5.465621986446497438, 4.043039919101525825, 6.210080252973277481 ) ) ;
#268 = CARTESIAN_POINT ( 'NONE',  ( 2.347842653237795840, 9.222820943247269199, 51.14124611364098172 ) ) ;
#269 = CARTESIAN_POINT ( 'NONE',  ( 0.5625795393916837028, 8.274665884448520359, -5.805231060198209114 ) ) ;
#270 = CARTESIAN_POINT ( 'NONE',  ( 0.02370542796013305753, 10.96094920274791029, 10.86320208959240574 ) ) ;
#271 = CARTESIAN_POINT ( 'NONE',  ( 3.718591229166784196, 9.672452537779909321, 8.323180285755526597 ) ) ;
#272 = CARTESIAN_POINT ( 'NONE',  ( 5.888384771344648883, 4.525219970093390387, 12.57094149409071093 ) ) ;
#273 = CARTESIAN_POINT ( 'NONE',  ( 5.492024557470963408, 1.562500000000001998, -2.771531739269448735 ) ) ;
#274 = CARTESIAN_POINT ( 'NONE',  ( 5.473582411700895101, 5.382303062890357204, 37.30021174706480735 ) ) ;
#275 = CARTESIAN_POINT ( 'NONE',  ( -0.03109104914104991735, 10.96090846296963051, 10.86324616980154545 ) ) ;
#276 = CARTESIAN_POINT ( 'NONE',  ( 5.898271541961359610, 2.504008596200838710, 12.99209426118681776 ) ) ;
#277 = CARTESIAN_POINT ( 'NONE',  ( 5.625165196677106572, 6.492453603703220111, 12.57271494525743272 ) ) ;
#278 = ORIENTED_EDGE ( 'NONE', *, *, #3575, .F. ) ;
#279 = CARTESIAN_POINT ( 'NONE',  ( 5.368737177861413024, 5.411937663673475285, 8.144451665736918144 ) ) ;
#280 = CARTESIAN_POINT ( 'NONE',  ( -0.007874015747917769217, 1.562500000000000000, -14.99999999999999822 ) ) ;
#281 = CARTESIAN_POINT ( 'NONE',  ( 2.843527581840795904, 10.10425037442729668, 12.95146459653336279 ) ) ;
#282 = CARTESIAN_POINT ( 'NONE',  ( 3.422167552147269642, 8.396161492951483396, 51.15758803099985386 ) ) ;
#283 = CARTESIAN_POINT ( 'NONE',  ( 1.077045722565718622, 7.151115376425124737, -8.664140522891580432 ) ) ;
#284 = CARTESIAN_POINT ( 'NONE',  ( 1.315416000616817627, 11.03334540652334361, 12.56034085350197316 ) ) ;
#285 = CARTESIAN_POINT ( 'NONE',  ( 4.493278164811714603, 8.914879383521865819, 9.390340266941679559 ) ) ;
#286 = ORIENTED_EDGE ( 'NONE', *, *, #5800, .F. ) ;
#287 = PLANE ( 'NONE',  #5144 ) ;
#288 = DIRECTION ( 'NONE',  ( -1.000000000000000000, 0.000000000000000000, 0.000000000000000000 ) ) ;
#289 = CARTESIAN_POINT ( 'NONE',  ( 5.491333513268008559, 1.728631088280434991, 46.22411883568162239 ) ) ;
#290 = CARTESIAN_POINT ( 'NONE',  ( 2.874155822403152261, 9.770898332041243251, 7.841454027258403237 ) ) ;
#291 = CARTESIAN_POINT ( 'NONE',  ( 0.2877062359019735283, 9.305664262697103339, -1.177921339396650779 ) ) ;
#292 = CARTESIAN_POINT ( 'NONE',  ( 0.3229687238120833581, 11.07276941364095002, 12.55868268565651213 ) ) ;
#293 = CARTESIAN_POINT ( 'NONE',  ( 4.824862803185810733, 7.739301019887237842, 33.64164210974065838 ) ) ;
#294 = CARTESIAN_POINT ( 'NONE',  ( 5.896482683631036892, 3.979789504032353431, 10.17533405188678763 ) ) ;
#295 = CARTESIAN_POINT ( 'NONE',  ( 5.499344071441480963, 3.459859315347409758, 49.93861689964941775 ) ) ;
#296 = CARTESIAN_POINT ( 'NONE',  ( 1.258077595730111575, 10.90251066201689234, 20.74947750575628191 ) ) ;
#297 = CARTESIAN_POINT ( 'NONE',  ( 0.6955364831881933885, 11.02485628283331742, 28.18499141797565599 ) ) ;
#298 = CARTESIAN_POINT ( 'NONE',  ( 0.02247717495612160457, 10.77680700472364705, 8.306503136192295855 ) ) ;
#299 = CARTESIAN_POINT ( 'NONE',  ( 3.056684570168604065, 10.28402654462970034, 10.23091979603892021 ) ) ;
#300 = CARTESIAN_POINT ( 'NONE',  ( 5.891665244273954549, 4.064682125763642517, 9.405892731751732683 ) ) ;
#301 = CARTESIAN_POINT ( 'NONE',  ( 5.476160018133822582, 1.562500000000000000, -4.184554357857715345 ) ) ;
#302 = CARTESIAN_POINT ( 'NONE',  ( 4.061963728103583193, 3.937591709684072239, -8.612590203900497343 ) ) ;
#303 = CARTESIAN_POINT ( 'NONE',  ( -0.02102779865592819056, 11.07034588836313027, 12.55936073490438787 ) ) ;
#304 = CARTESIAN_POINT ( 'NONE',  ( 5.896914555420497805, 2.271855488983129057, 9.198914941267030798 ) ) ;
#305 = CARTESIAN_POINT ( 'NONE',  ( 5.441747166529120605, 6.947854307321328804, 8.341384528828648115 ) ) ;
#306 = CARTESIAN_POINT ( 'NONE',  ( 5.895383955847737667, 4.042375269116879721, 10.32521850112947881 ) ) ;
#307 = CARTESIAN_POINT ( 'NONE',  ( 1.791992118481006591, 10.64079085092797072, 7.955401604407365213 ) ) ;
#308 = CARTESIAN_POINT ( 'NONE',  ( 4.343217373919312507, 5.280019835922144189, -5.069487153711777161 ) ) ;
#309 = CARTESIAN_POINT ( 'NONE',  ( 3.371180833484671346, 9.729506308565229133, 12.95146459653336812 ) ) ;
#310 = EDGE_CURVE ( 'NONE', #1239, #2715, #645, .T. ) ;
#311 = CARTESIAN_POINT ( 'NONE',  ( 3.477717551406582785, 7.578081488204876592, -2.432114069693591674 ) ) ;
#312 = CARTESIAN_POINT ( 'NONE',  ( 1.728568240328050232, 10.45680064712364121, 10.78661560215215509 ) ) ;
#313 = CARTESIAN_POINT ( 'NONE',  ( 1.547266555499864804, 10.79650059072520030, 9.373950384104167810 ) ) ;
#314 = CARTESIAN_POINT ( 'NONE',  ( 4.443704010250984382, 9.118657841313019929, 11.71933669211403917 ) ) ;
#315 = ORIENTED_EDGE ( 'NONE', *, *, #1464, .T. ) ;
#316 = DIRECTION ( 'NONE',  ( -6.957231484743787620E-15, 0.000000000000000000, 1.000000000000000000 ) ) ;
#317 = CARTESIAN_POINT ( 'NONE',  ( 5.489728182927839484, 4.172906818117900762, 10.10489459700717774 ) ) ;
#318 = CARTESIAN_POINT ( 'NONE',  ( 5.492125984309155662, 1.562499999999998446, 31.92487956372525559 ) ) ;
#319 = CARTESIAN_POINT ( 'NONE',  ( 2.604716273953123107, 9.057901849950996009, 51.14479870437127573 ) ) ;
#320 = CARTESIAN_POINT ( 'NONE',  ( 0.5076866501090867567, 10.33937851441746680, 7.834706481572591308 ) ) ;
#321 = CARTESIAN_POINT ( 'NONE',  ( 0.2391543900969602954, 10.77627916946995512, 8.306676700149482784 ) ) ;
#322 = CARTESIAN_POINT ( 'NONE',  ( 4.233558350518556779, 6.306687682187374300, 52.73165801461203017 ) ) ;
#323 = FACE_OUTER_BOUND ( 'NONE', #813, .T. ) ;
#324 = B_SPLINE_CURVE_WITH_KNOTS ( 'NONE', 3,
 ( #2064, #4769, #4433, #4797, #336, #5769, #1173, #1734, #5211, #3941, #2985, #726, #3996, #3882, #279, #4825 ),
 .UNSPECIFIED., .F., .F.,
 ( 4, 2, 2, 2, 2, 2, 2, 4 ),
 ( 6.206335383118182794E-17, 0.01932682356538703919, 0.03865364713077401593, 0.07730729426154782369, 0.1159609413923216453, 0.1256243531750151354, 0.1352877649577086394, 0.1546145885230957306 ),
 .UNSPECIFIED. ) ;
#325 = CARTESIAN_POINT ( 'NONE',  ( 5.448541723524806812, 2.846724313800427897, -0.2008245198718630886 ) ) ;
#326 = CARTESIAN_POINT ( 'NONE',  ( 0.6540453339629647145, 7.694826087564178962, -7.654636860589657310 ) ) ;
#327 = CARTESIAN_POINT ( 'NONE',  ( 0.06248233949579178048, 10.98948679807017648, 11.28771436675702233 ) ) ;
#328 = CARTESIAN_POINT ( 'NONE',  ( 3.335441653125253758, 10.26925299683369630, 12.98470559686658987 ) ) ;
#329 = CARTESIAN_POINT ( 'NONE',  ( 5.887743060511117399, 4.465886895466094408, 11.72646365285759451 ) ) ;
#330 = CARTESIAN_POINT ( 'NONE',  ( 4.178100971739667990, 1.562500000000000888, -10.78960934814555372 ) ) ;
#331 = CARTESIAN_POINT ( 'NONE',  ( 4.608643990476775087, 4.144998322331375995, 53.94869492883969286 ) ) ;
#332 = CARTESIAN_POINT ( 'NONE',  ( -0.03118688203134276776, 11.04401458631723365, 12.13589346589406937 ) ) ;
#333 = CARTESIAN_POINT ( 'NONE',  ( 5.892125877846167370, 1.562232575493345266, 11.30376480568434694 ) ) ;
#334 = CARTESIAN_POINT ( 'NONE',  ( 5.528471457801619415, 6.700583324811191233, 8.765616417988798759 ) ) ;
#335 = ORIENTED_EDGE ( 'NONE', *, *, #1185, .F. ) ;
#336 = CARTESIAN_POINT ( 'NONE',  ( 5.498252226362525086, 2.411099044795932400, 11.57812622036904493 ) ) ;
#337 = CARTESIAN_POINT ( 'NONE',  ( 5.187960757420841951, 6.599022409896278418, 34.88793891262957914 ) ) ;
#338 = CARTESIAN_POINT ( 'NONE',  ( 0.2664945398919444375, 11.09629001319000707, 12.95146459653335391 ) ) ;
#339 = CARTESIAN_POINT ( 'NONE',  ( 2.196775168885249929, 4.677407824061623920, 56.33154076818306066 ) ) ;
#340 = CARTESIAN_POINT ( 'NONE',  ( 0.7442434793478008848, 5.213017753167525470, -13.05483378604593092 ) ) ;
#341 = CARTESIAN_POINT ( 'NONE',  ( 1.949694302836831206, 10.84206410957439815, 11.28983737044022106 ) ) ;
#342 = CARTESIAN_POINT ( 'NONE',  ( 4.367467519435340506, 9.260822400105386265, 12.56480713002164151 ) ) ;
#343 = EDGE_LOOP ( 'NONE', ( #2831, #3499, #5001, #5119 ) ) ;
#344 = CARTESIAN_POINT ( 'NONE',  ( 5.892125809772602807, 1.562951856407087448, 8.779907677673495670 ) ) ;
#345 = FACE_OUTER_BOUND ( 'NONE', #5472, .T. ) ;
#346 = CARTESIAN_POINT ( 'NONE',  ( 5.492071138105910855, 1.562499999999995781, -1.905800837726559838 ) ) ;
#347 = CARTESIAN_POINT ( 'NONE',  ( 2.551677603013141837, 8.517959137941714332, -1.799867329564517560 ) ) ;
#348 = CARTESIAN_POINT ( 'NONE',  ( 0.3079918413142838096, 9.391693343364332591, 53.14686955173748828 ) ) ;
#349 = CARTESIAN_POINT ( 'NONE',  ( 0.5818878986528340791, 10.99020986623516016, 11.28711364045401133 ) ) ;
#350 = CARTESIAN_POINT ( 'NONE',  ( 3.802035834464391417, 5.731099973999095099, 54.00420826262357110 ) ) ;
#351 = DIRECTION ( 'NONE',  ( 0.9980147384364559393, 0.04144477510886680066, -0.04742270004742072526 ) ) ;
#352 = CARTESIAN_POINT ( 'NONE',  ( 5.443995443547589907, 2.841040888874938997, -0.6199802877588329597 ) ) ;
#353 = CARTESIAN_POINT ( 'NONE',  ( 1.054264911896011903, 10.96658263340285089, 28.18506595611122734 ) ) ;
#354 = CARTESIAN_POINT ( 'NONE',  ( 0.08148274805623302586, 10.87164287337560431, 9.586598179179276258 ) ) ;
#355 = CARTESIAN_POINT ( 'NONE',  ( 3.943932838636006188, 9.553796797604965363, 9.598507551782221370 ) ) ;
#356 = CARTESIAN_POINT ( 'NONE',  ( 5.907201706187371393, 3.796216525152551480, 12.57122196772222544 ) ) ;
#357 = CARTESIAN_POINT ( 'NONE',  ( 5.892122118539687037, 1.564294697571875448, 41.32083223155356677 ) ) ;
#358 = CARTESIAN_POINT ( 'NONE',  ( 4.939997867883930915, 4.249999203037814866, -4.314585878341999248 ) ) ;
#359 = CARTESIAN_POINT ( 'NONE',  ( -0.03225482271762434433, 10.74316503824039515, 7.879322949095725725 ) ) ;
#360 = CARTESIAN_POINT ( 'NONE',  ( 2.413679453696256694, 10.44684795936536581, 7.886347785277077804 ) ) ;
#361 = CARTESIAN_POINT ( 'NONE',  ( 5.478488961733503082, 7.006992847048585382, 11.72680226636310863 ) ) ;
#362 = DIRECTION ( 'NONE',  ( -4.578234462024356151E-15, 0.7529706814304262252, 0.6580540653367318304 ) ) ;
#363 = CARTESIAN_POINT ( 'NONE',  ( 5.636809057943905188, 6.331825083469798443, 42.58336156128782335 ) ) ;
#364 = CARTESIAN_POINT ( 'NONE',  ( 5.502288852597033042, 4.137709992104821488, 12.95146459653338766 ) ) ;
#365 = CARTESIAN_POINT ( 'NONE',  ( 3.357147576545541412, 7.069233990082533836, 53.31681814415009057 ) ) ;
#366 = CARTESIAN_POINT ( 'NONE',  ( 1.921856343595110150, 10.72647001678079448, 34.88714370634794193 ) ) ;
#367 = CARTESIAN_POINT ( 'NONE',  ( 1.939647211122427217, 10.63578274933422740, 8.309178183786944061 ) ) ;
#368 = CARTESIAN_POINT ( 'NONE',  ( 4.625204175787454020, 8.927202030829935353, 12.98911873895544744 ) ) ;
#369 = VERTEX_POINT ( 'NONE', #1689 ) ;
#370 = DIRECTION ( 'NONE',  ( -6.957231484743788408E-15, 0.000000000000000000, 1.000000000000000000 ) ) ;
#371 = DIRECTION ( 'NONE',  ( 0.04149145669668412306, -0.9991388587284487643, 0.000000000000000000 ) ) ;
#372 = CARTESIAN_POINT ( 'NONE',  ( 5.492126173015116741, 1.562500000000000666, 7.865445300807873075 ) ) ;
#373 = CARTESIAN_POINT ( 'NONE',  ( -0.007874015747917769217, 1.562500000000000000, -14.99999999999999822 ) ) ;
#374 = CARTESIAN_POINT ( 'NONE',  ( 0.2997134704256352866, 8.983971917751079062, -2.957910210625646297 ) ) ;
#375 = CARTESIAN_POINT ( 'NONE',  ( 0.3599558879503294007, 10.87178944751790866, 9.586433039261043731 ) ) ;
#376 = CARTESIAN_POINT ( 'NONE',  ( 4.001858027671301166, 6.215936812065139705, -4.264202685122238989 ) ) ;
#377 = CARTESIAN_POINT ( 'NONE',  ( 5.592809911788274135, 1.562415445327536512, 12.43597896081306864 ) ) ;
#378 = CARTESIAN_POINT ( 'NONE',  ( 5.287419549432829768, 3.277799892219761979, -3.750788746659005746 ) ) ;
#379 = CARTESIAN_POINT ( 'NONE',  ( 0.8627346050418510659, 9.567333253628106604, 52.33799014298289620 ) ) ;
#380 = VECTOR ( 'NONE', #1776, 39.37007874015748143 ) ;
#381 = VECTOR ( 'NONE', #2633, 39.37007874015748854 ) ;
#382 = CARTESIAN_POINT ( 'NONE',  ( 0.1000890788966218997, 10.85620929664824352, 9.373438296794496694 ) ) ;
#383 = AXIS2_PLACEMENT_3D ( 'NONE', #1266, #1210, #1240 ) ;
#384 = CARTESIAN_POINT ( 'NONE',  ( 3.961199526542444005, 9.616383383029358356, 10.87014299625510816 ) ) ;
#385 = CARTESIAN_POINT ( 'NONE',  ( 5.892125975124629988, 1.562771041823388662, 9.101826804926794523 ) ) ;
#386 = CARTESIAN_POINT ( 'NONE',  ( 5.445450812828196874, 4.987326698694654503, 10.78168817642645827 ) ) ;
#387 = CARTESIAN_POINT ( 'NONE',  ( -0.02098034012356293429, 10.96091132444529315, 10.86323976109660450 ) ) ;
#388 = CARTESIAN_POINT ( 'NONE',  ( 2.309628714643647385, 10.61475192459025685, 9.590024017421587388 ) ) ;
#389 = CARTESIAN_POINT ( 'NONE',  ( 5.688731039173661408, 6.063249245208178095, 9.824520986889652363 ) ) ;
#390 = CARTESIAN_POINT ( 'NONE',  ( 3.519614006891905955, 9.807705035781106417, 7.955401604407383864 ) ) ;
#391 = CARTESIAN_POINT ( 'NONE',  ( 3.074259839236193059, 3.662596323833218648, 56.26328717570729054 ) ) ;
#392 = CARTESIAN_POINT ( 'NONE',  ( 1.742900622614292683, 10.98188555596811256, 12.95146459653335569 ) ) ;
#393 = CARTESIAN_POINT ( 'NONE',  ( 3.324903569366830069, 7.616367116651942659, 52.71655773210910212 ) ) ;
#394 = CARTESIAN_POINT ( 'NONE',  ( 1.289666131474124233, 8.329179944542412173, 54.11523493019115705 ) ) ;
#395 = PRESENTATION_LAYER_ASSIGNMENT (  '', '', ( #2587 ) ) ;
#396 = CARTESIAN_POINT ( 'NONE',  ( 2.024889370441583125, 10.70979602534688979, 9.588654724283838249 ) ) ;
#397 = CARTESIAN_POINT ( 'NONE',  ( 4.847924485726966992, 8.562624072144734200, 12.99086912024034035 ) ) ;
#398 = VERTEX_POINT ( 'NONE', #3023 ) ;
#399 = CARTESIAN_POINT ( 'NONE',  ( 0.8327819911673057796, 10.34157456858904922, 7.955401604407365213 ) ) ;
#400 = CARTESIAN_POINT ( 'NONE',  ( -0.007874015748257648384, 11.01148403380618923, 33.64228512919903835 ) ) ;
#401 = CARTESIAN_POINT ( 'NONE',  ( 5.492166468094579201, 1.562500000000000666, 49.93760738836669333 ) ) ;
#402 = CARTESIAN_POINT ( 'NONE',  ( 3.366353910234687330, 10.02905346302101464, 37.30987115283568301 ) ) ;
#403 = CARTESIAN_POINT ( 'NONE',  ( 1.375078643037517701, 10.86319166535732883, 37.31395782450810117 ) ) ;
#404 = CARTESIAN_POINT ( 'NONE',  ( 0.3771183617077464301, 10.13085793348275310, 50.59535489682272669 ) ) ;
#405 = CARTESIAN_POINT ( 'NONE',  ( 0.5743452610748768228, 10.88649040869914764, 9.799276733263246442 ) ) ;
#406 = CARTESIAN_POINT ( 'NONE',  ( 4.078881836557115115, 6.332809370886036682, -3.670287604446311747 ) ) ;
#407 = FACE_OUTER_BOUND ( 'NONE', #2358, .T. ) ;
#408 = CARTESIAN_POINT ( 'NONE',  ( 5.519318260486944183, 2.844334988849177126, 37.29575355978591489 ) ) ;
#409 = CARTESIAN_POINT ( 'NONE',  ( 0.6561556652843506532, 7.828482243868788437, 55.08037100866002334 ) ) ;
#410 = CARTESIAN_POINT ( 'NONE',  ( 0.1520596794168661836, 11.09700290657673882, 12.98201733188228957 ) ) ;
#411 = CARTESIAN_POINT ( 'NONE',  ( 3.848861166235740150, 9.683786731750940291, 10.23399578282976563 ) ) ;
#412 = ADVANCED_FACE ( 'NONE', ( #2103 ), #1267, .F. ) ;
#413 = CARTESIAN_POINT ( 'NONE',  ( 5.892139754993267253, 1.560979138475977468, -1.048473033808895893 ) ) ;
#414 = CARTESIAN_POINT ( 'NONE',  ( 5.188668147600072444, 4.543908308776235749, -0.6141144660912353226 ) ) ;
#415 = CARTESIAN_POINT ( 'NONE',  ( -0.01501291937936594274, 10.80925895061945852, 8.733566366349545973 ) ) ;
#416 = CARTESIAN_POINT ( 'NONE',  ( 2.180485649401546766, 10.64657746087949164, 9.376382755191938756 ) ) ;
#417 = CARTESIAN_POINT ( 'NONE',  ( 5.743994126643181097, 5.628656632744453603, 8.346982741690339935 ) ) ;
#418 = CARTESIAN_POINT ( 'NONE',  ( 3.264003880386852074, 9.993738368841940556, 7.955401604407381200 ) ) ;
#419 = CARTESIAN_POINT ( 'NONE',  ( 3.437557522625923401, 4.109419260880565083, -9.961077981816815807 ) ) ;
#420 = CARTESIAN_POINT ( 'NONE',  ( 3.158273688725596440, 6.973102782250120590, -5.030650708339067023 ) ) ;
#421 = CARTESIAN_POINT ( 'NONE',  ( 1.936918904740996483, 10.38405635486368972, 46.39596738592094738 ) ) ;
#422 = B_SPLINE_CURVE_WITH_KNOTS ( 'NONE', 3,
 ( #1320, #958, #4033, #4496 ),
 .UNSPECIFIED., .F., .F.,
 ( 4, 4 ),
 ( 0.6182462677413838037, 0.6247457015881051623 ),
 .UNSPECIFIED. ) ;
#423 = CARTESIAN_POINT ( 'NONE',  ( 2.033443633826741870, 10.75131737619434169, 10.22731214806360356 ) ) ;
#424 = CARTESIAN_POINT ( 'NONE',  ( 4.724198167008915483, 8.567822922328053536, 9.180365075959207033 ) ) ;
#425 = ORIENTED_EDGE ( 'NONE', *, *, #3476, .T. ) ;
#426 = CARTESIAN_POINT ( 'NONE',  ( -0.003937007874041505151, 10.34788510452478327, 7.955401604407356331 ) ) ;
#427 = CARTESIAN_POINT ( 'NONE',  ( -0.007874015748015418537, 9.320758399420395079, -1.174481394705359616 ) ) ;
#428 = CARTESIAN_POINT ( 'NONE',  ( 5.375311414446422908, 1.562499999999992895, 52.77695886212109144 ) ) ;
#429 = EDGE_CURVE ( 'NONE', #4986, #1497, #2723, .T. ) ;
#430 = CARTESIAN_POINT ( 'NONE',  ( 2.995286137810446725, 8.744369933321628707, 0.4124897803294201304 ) ) ;
#431 = CARTESIAN_POINT ( 'NONE',  ( -0.007874015747917769217, 1.562500000000000000, -14.99999999999999822 ) ) ;
#432 = CARTESIAN_POINT ( 'NONE',  ( 0.3405120120037248288, 8.805623280816449849, 54.14761770823182019 ) ) ;
#433 = CARTESIAN_POINT ( 'NONE',  ( 0.4380536915775889995, 10.93241768523330215, 10.43749891969732424 ) ) ;
#434 = LINE ( 'NONE', #1273, #4934 ) ;
#435 = CARTESIAN_POINT ( 'NONE',  ( 5.354668563068657683, 2.812473557588339279, 52.47552341170889889 ) ) ;
#436 = CARTESIAN_POINT ( 'NONE',  ( 0.9823841110624496054, 10.32857330055334444, 7.835956027069959973 ) ) ;
#437 =( LENGTH_UNIT ( ) NAMED_UNIT ( * ) SI_UNIT ( $, .METRE. ) );
#438 = CARTESIAN_POINT ( 'NONE',  ( 0.1002683781485620568, 11.01713890530984941, 11.71165001981966647 ) ) ;
#439 = CARTESIAN_POINT ( 'NONE',  ( 3.846057054078324544, 9.673068785017028048, 10.02204368006290203 ) ) ;
#440 = EDGE_CURVE ( 'NONE', #1435, #3175, #761, .T. ) ;
#441 = ORIENTED_EDGE ( 'NONE', *, *, #918, .T. ) ;
#442 = CARTESIAN_POINT ( 'NONE',  ( 5.778673150840193173, 1.562010957459561311, 52.77852046092878169 ) ) ;
#443 = CARTESIAN_POINT ( 'NONE',  ( 5.454321993300429661, 4.352566886923575851, 49.93903258076588969 ) ) ;
#444 = CARTESIAN_POINT ( 'NONE',  ( 0.04198636553582953818, 9.221605289246113557, -1.765659634220538177 ) ) ;
#445 = CARTESIAN_POINT ( 'NONE',  ( 1.718658812065477992, 8.065993969398672192, -4.997362326591050952 ) ) ;
#446 = CARTESIAN_POINT ( 'NONE',  ( -0.01766142852709432637, 10.84058845263677107, 9.160161938278879035 ) ) ;
#447 = CARTESIAN_POINT ( 'NONE',  ( 2.277547236369865225, 10.80564406213784778, 12.56253184427429304 ) ) ;
#448 = CARTESIAN_POINT ( 'NONE',  ( 5.741523199093663266, 5.823064983711017106, 10.88150728394833422 ) ) ;
#449 = CARTESIAN_POINT ( 'NONE',  ( 5.479226016580517111, 6.799682424398295844, 7.955401604407403404 ) ) ;
#450 = CARTESIAN_POINT ( 'NONE',  ( 4.234782494048614510, 4.967321667866759327, 53.97645159573158935 ) ) ;
#451 = CARTESIAN_POINT ( 'NONE',  ( 4.314308753483109271, 8.658169847990304646, 12.44751184623302720 ) ) ;
#452 = CARTESIAN_POINT ( 'NONE',  ( 1.526447269937154294, 8.694016173840902084, -2.986709854954754384 ) ) ;
#453 = CARTESIAN_POINT ( 'NONE',  ( 2.107442122457664713, 10.62224851346112509, 8.736722235458008967 ) ) ;
#454 = CARTESIAN_POINT ( 'NONE',  ( 4.652414333998695639, 8.690627455025392578, 9.391692691040875118 ) ) ;
#455 = ORIENTED_EDGE ( 'NONE', *, *, #3593, .F. ) ;
#456 = CARTESIAN_POINT ( 'NONE',  ( 1.706377681775323563, 10.24777379646422304, 7.955401604407369653 ) ) ;
#457 = CARTESIAN_POINT ( 'NONE',  ( -0.007874015748361625974, 10.44863700122230199, 48.58780644073765131 ) ) ;
#458 = CARTESIAN_POINT ( 'NONE',  ( 5.555609763832722869, 4.349917604965124696, 10.95146459653338944 ) ) ;
#459 = CARTESIAN_POINT ( 'NONE',  ( 2.336055116749246263, 7.959475840185632478, -4.206621892871082125 ) ) ;
#460 = CARTESIAN_POINT ( 'NONE',  ( 0.8701576563822625010, 8.580061790429638791, 54.12911326363715148 ) ) ;
#461 = CARTESIAN_POINT ( 'NONE',  ( 0.6353698227160295975, 10.43606512630325511, 9.116374886331280791 ) ) ;
#462 = CARTESIAN_POINT ( 'NONE',  ( 0.4053575341140218669, 10.74175945180698299, 7.879936982756195363 ) ) ;
#463 = CARTESIAN_POINT ( 'NONE',  ( 5.493537622764028683, 2.186104086805315205, 6.220259713576252736 ) ) ;
#464 = CARTESIAN_POINT ( 'NONE',  ( 0.1974244374565256865, 9.871047723658618267, 51.92872792672064008 ) ) ;
#465 = CARTESIAN_POINT ( 'NONE',  ( 1.803357922151647585, 10.76616034769721963, 9.587770444606215747 ) ) ;
#466 = CARTESIAN_POINT ( 'NONE',  ( 0.1357001021030352361, 11.07140846139179935, 12.55903033376706723 ) ) ;
#467 = CARTESIAN_POINT ( 'NONE',  ( 4.103498834544775598, 9.442859456831410370, 10.44716805664435810 ) ) ;
#468 = ORIENTED_EDGE ( 'NONE', *, *, #4048, .F. ) ;
#469 = CARTESIAN_POINT ( 'NONE',  ( 5.892123137770793662, 1.564058407878621937, 40.51748542896419281 ) ) ;
#470 = CARTESIAN_POINT ( 'NONE',  ( 5.425686776895891406, 4.335858847082546319, 50.27533918960949677 ) ) ;
#471 = CARTESIAN_POINT ( 'NONE',  ( 0.04011267151161290734, 4.055324125024393211, 57.30114037610422173 ) ) ;
#472 = CARTESIAN_POINT ( 'NONE',  ( 1.705324117082317681, 8.035930337946727064, 54.10135659674522657 ) ) ;
#473 = CARTESIAN_POINT ( 'NONE',  ( 0.5653184023957424920, 11.00764636393652474, 20.74937999012059109 ) ) ;
#474 = CARTESIAN_POINT ( 'NONE',  ( -0.01780578082454269823, 10.85625252036110844, 9.373460771031517424 ) ) ;
#475 = CARTESIAN_POINT ( 'NONE',  ( 2.435658436303807406, 10.56687529571434325, 9.590659386541911857 ) ) ;
#476 = CARTESIAN_POINT ( 'NONE',  ( 5.746534702111008031, 5.849549280624620096, 12.14960028077834941 ) ) ;
#477 = CARTESIAN_POINT ( 'NONE',  ( 4.627130772669177716, 8.629457357938184359, 7.955401604407384752 ) ) ;
#478 = CARTESIAN_POINT ( 'NONE',  ( 5.228695624224136473, 5.987859866396570752, 6.199900792370311997 ) ) ;
#479 = CARTESIAN_POINT ( 'NONE',  ( 3.814303817309815603, 7.251850649418761563, 52.39850478122231436 ) ) ;
#480 = CARTESIAN_POINT ( 'NONE',  ( 0.9794766807670379771, 5.732427555070844782, 56.40466961726427542 ) ) ;
#481 = CARTESIAN_POINT ( 'NONE',  ( 2.149739962785752745, 10.85046347647511311, 12.56246860511895669 ) ) ;
#482 = CARTESIAN_POINT ( 'NONE',  ( 4.740035819538274353, 8.606220166804305904, 10.23986724601560283 ) ) ;
#483 = ADVANCED_FACE ( 'NONE', ( #2578 ), #4778, .F. ) ;
#484 = ORIENTED_EDGE ( 'NONE', *, *, #4267, .T. ) ;
#485 = CARTESIAN_POINT ( 'NONE',  ( -0.007874015747983248090, 8.342712056005252563, -5.798662242242414777 ) ) ;
#486 = CARTESIAN_POINT ( 'NONE',  ( 2.654449122160599916, 7.932184935733729958, -3.615754572624826135 ) ) ;
#487 = CARTESIAN_POINT ( 'NONE',  ( 0.8456831305154097755, 9.010151287916833951, -2.374446618226829120 ) ) ;
#488 = CARTESIAN_POINT ( 'NONE',  ( 0.3842321490433473485, 8.717137344708801194, -4.159837499167036157 ) ) ;
#489 = EDGE_CURVE ( 'NONE', #3400, #759, #1332, .T. ) ;
#490 = CARTESIAN_POINT ( 'NONE',  ( 0.7821972773734876538, 10.89915667272644484, 10.01217593756981472 ) ) ;
#491 = CARTESIAN_POINT ( 'NONE',  ( 5.504551604036442392, 2.071494917842987782, 39.72454361854626370 ) ) ;
#492 = CARTESIAN_POINT ( 'NONE',  ( 3.419819643335114456, 6.330006503455562594, -5.842804698905346150 ) ) ;
#493 = CARTESIAN_POINT ( 'NONE',  ( 0.2040284671383586490, 9.973917133973925431, 51.52531748111456267 ) ) ;
#494 = CARTESIAN_POINT ( 'NONE',  ( 1.740356045630679693, 10.77874027086015118, 9.587574621380477780 ) ) ;
#495 = CARTESIAN_POINT ( 'NONE',  ( 5.491385455320932252, 4.158544361021673907, 10.32520010951175138 ) ) ;
#496 = CARTESIAN_POINT ( 'NONE',  ( 0.1957439209291823023, 10.88695545199981929, 9.799452220803377855 ) ) ;
#497 = CARTESIAN_POINT ( 'NONE',  ( 4.291246430372556375, 9.232088115850464405, 10.44828854380892835 ) ) ;
#498 = CARTESIAN_POINT ( 'NONE',  ( 3.264054471684704417, 1.584399104905031663, -13.35985247429033329 ) ) ;
#499 = CARTESIAN_POINT ( 'NONE',  ( 5.204001253397319005, 3.827816791788850370, 52.45901941946189595 ) ) ;
#500 = CARTESIAN_POINT ( 'NONE',  ( 0.06613682931712346058, 10.00648365600870626, 4.074818156289174098 ) ) ;
#501 = CARTESIAN_POINT ( 'NONE',  ( 2.180690717201184459, 9.952107820743655964, 6.171398302681970094 ) ) ;
#502 = CARTESIAN_POINT ( 'NONE',  ( 0.6151207355570963431, 9.892505519575447437, 51.53332371919616151 ) ) ;
#503 = CARTESIAN_POINT ( 'NONE',  ( -0.02050925362320840661, 10.88680231801853537, 9.799607466861036897 ) ) ;
#504 = CARTESIAN_POINT ( 'NONE',  ( 2.812727190880824679, 10.41409758062734525, 10.01767391492666981 ) ) ;
#505 = CARTESIAN_POINT ( 'NONE',  ( 5.766012321331683843, 5.713400874118194750, 11.72684870782299704 ) ) ;
#506 = CARTESIAN_POINT ( 'NONE',  ( 4.601416207285892845, 8.666678730037299161, 7.955401604407393634 ) ) ;
#507 = CARTESIAN_POINT ( 'NONE',  ( 5.302732020792651824, 5.507949922079404814, 49.93956702791550839 ) ) ;
#508 = CARTESIAN_POINT ( 'NONE',  ( 3.618172007451088135, 7.509840054090124895, 52.39300345047336549 ) ) ;
#509 = CARTESIAN_POINT ( 'NONE',  ( 1.724487720131550716, 8.761901926709368738, -2.390465354745376469 ) ) ;
#510 = CARTESIAN_POINT ( 'NONE',  ( 2.115040034939196900, 10.84038632134439162, 12.13870825041047041 ) ) ;
#511 = CARTESIAN_POINT ( 'NONE',  ( 4.952021134484779097, 8.251235299229293219, 10.24165905013412114 ) ) ;
#512 = ORIENTED_EDGE ( 'NONE', *, *, #4221, .F. ) ;
#513 = DIRECTION ( 'NONE',  ( 0.04149145669646647078, -0.9991388587284578682, 2.886656688765400002E-16 ) ) ;
#514 = CARTESIAN_POINT ( 'NONE',  ( 4.041533849015457314, 6.061991211445825201, 53.30385303325311241 ) ) ;
#515 = CARTESIAN_POINT ( 'NONE',  ( -0.007874015748007204621, 9.115803202329148647, -2.355224134404577008 ) ) ;
#516 = CARTESIAN_POINT ( 'NONE',  ( 1.772204086187090910, 5.091766992933957070, 56.36079230781545135 ) ) ;
#517 = CARTESIAN_POINT ( 'NONE',  ( 1.570144458891937767, 10.82383523510145196, 37.31358630890158423 ) ) ;
#518 = CARTESIAN_POINT ( 'NONE',  ( 0.2742519820574090827, 6.128621142271767575, 56.44123404180484727 ) ) ;
#519 = CARTESIAN_POINT ( 'NONE',  ( 0.7830995875472196444, 11.06775068231924841, 12.55883857641894785 ) ) ;
#520 = CARTESIAN_POINT ( 'NONE',  ( 5.493230634309312244, 2.300096662609355747, 33.64107946771442670 ) ) ;
#521 = CARTESIAN_POINT ( 'NONE',  ( 4.363815474977656095, 7.940604849866784498, 4.116152629414923325 ) ) ;
#522 = CARTESIAN_POINT ( 'NONE',  ( 0.09516360013316316202, 9.411475164519282899, -0.5877182685870729895 ) ) ;
#523 = CARTESIAN_POINT ( 'NONE',  ( 1.825865939209341482, 10.89773734935292815, 11.71383917171834632 ) ) ;
#524 = DIRECTION ( 'NONE',  ( 0.000000000000000000, 0.000000000000000000, 1.000000000000000000 ) ) ;
#525 = CARTESIAN_POINT ( 'NONE',  ( 0.2037697552079921481, 10.77635196905406900, 8.306649037263980517 ) ) ;
#526 = CARTESIAN_POINT ( 'NONE',  ( 5.891763514307513994, 1.558767443142986764, -2.983790614807573238 ) ) ;
#527 = CARTESIAN_POINT ( 'NONE',  ( 5.466979138888522272, 4.534639129580154027, 9.123148049803976534 ) ) ;
#528 = CARTESIAN_POINT ( 'NONE',  ( 0.07822256142324264527, 10.95808672136263162, 18.26488769628770470 ) ) ;
#529 = CARTESIAN_POINT ( 'NONE',  ( 2.293374527046044609, 10.59962111465595136, 20.74961681380736778 ) ) ;
#530 = CARTESIAN_POINT ( 'NONE',  ( 0.6982481142827589027, 10.92929886520487592, 39.79625921922172438 ) ) ;
#531 = AXIS2_PLACEMENT_3D ( 'NONE', #4594, #2344, #57 ) ;
#533 = ADVANCED_FACE ( 'NONE', ( #5363, #345 ), #1137, .F. ) ;
#532 = CARTESIAN_POINT ( 'NONE',  ( -0.007816384063241461552, 10.77684868311595601, 8.306465972405890241 ) ) ;
#534 = CARTESIAN_POINT ( 'NONE',  ( 2.815175452933573297, 10.42650804146621368, 10.23009169546252295 ) ) ;
#535 = CARTESIAN_POINT ( 'NONE',  ( 5.794636408206347511, 5.415291126892433304, 10.24776699974637495 ) ) ;
#536 = CARTESIAN_POINT ( 'NONE',  ( 4.660916806027390891, 1.562500000000004441, 55.20464233568024071 ) ) ;
#537 = CARTESIAN_POINT ( 'NONE',  ( 4.809802076017264838, 4.721144843152970338, 52.97029396819816327 ) ) ;
#538 = CARTESIAN_POINT ( 'NONE',  ( 1.463811177395030638, 3.155753295867301578, 57.26377010061401052 ) ) ;
#539 = CARTESIAN_POINT ( 'NONE',  ( 1.568482164684350755, 8.136868181636691233, 54.10598270789399322 ) ) ;
#540 = CARTESIAN_POINT ( 'NONE',  ( 5.831550815723799630, 3.850937108471218284, 10.95146459653339122 ) ) ;
#541 = CARTESIAN_POINT ( 'NONE',  ( 5.905597362612226675, 3.132434198083941190, 10.88300581870102768 ) ) ;
#542 = CARTESIAN_POINT ( 'NONE',  ( 5.392704905485161682, 7.257815675785367127, 10.88024629657472886 ) ) ;
#543 = ORIENTED_EDGE ( 'NONE', *, *, #1357, .T. ) ;
#544 = CARTESIAN_POINT ( 'NONE',  ( 4.732110355366463850, 7.642327792212458171, 7.955401604407399851 ) ) ;
#545 = CARTESIAN_POINT ( 'NONE',  ( 4.483399676369726805, 6.119521559171936076, 52.42051010421851487 ) ) ;
#546 = DIRECTION ( 'NONE',  ( -6.957231484743787620E-15, -0.000000000000000000, 1.000000000000000000 ) ) ;
#547 = CARTESIAN_POINT ( 'NONE',  ( 0.02772001090742927040, 10.34137703595927249, 7.833540239108374159 ) ) ;
#548 = CARTESIAN_POINT ( 'NONE',  ( 2.621080149170265106, 7.152543647710242425, -5.830192568430200062 ) ) ;
#549 = CARTESIAN_POINT ( 'NONE',  ( 1.011735885026625148, 8.849390180723476718, -2.975189997223107508 ) ) ;
#550 = CARTESIAN_POINT ( 'NONE',  ( 0.4680602548125582518, 10.17001575432032645, 50.25734256085832641 ) ) ;
#551 = CARTESIAN_POINT ( 'NONE',  ( 0.8827564346252998462, 10.76934516683162002, 8.307004862638711629 ) ) ;
#552 = CARTESIAN_POINT ( 'NONE',  ( 5.483108270608148871, 2.175458926435342111, -1.896973045379721556 ) ) ;
#553 = CARTESIAN_POINT ( 'NONE',  ( 4.197756658288386511, 7.224867653557176084, 51.61088415061167467 ) ) ;
#554 = CARTESIAN_POINT ( 'NONE',  ( 0.1593753139895706661, 8.848307001020355500, 54.15455687495478543 ) ) ;
#555 = CARTESIAN_POINT ( 'NONE',  ( 1.636672941635559209, 11.00529775082954842, 12.98480671375621220 ) ) ;
#556 = CARTESIAN_POINT ( 'NONE',  ( 0.1789482335689165926, 10.96150146769768341, 10.86294439910499854 ) ) ;
#557 = CARTESIAN_POINT ( 'NONE',  ( 5.892189793238510553, 1.559265034910953140, -2.342081401122137585 ) ) ;
#558 = CARTESIAN_POINT ( 'NONE',  ( 5.000289731437399077, 3.700903591975503559, 53.27792281145917030 ) ) ;
#559 = CARTESIAN_POINT ( 'NONE',  ( 2.084886486242753634, 9.237381750902526889, 51.55984438284146165 ) ) ;
#560 = CARTESIAN_POINT ( 'NONE',  ( 0.4419609375807571627, 9.445198477589714869, -0.1915401261150032064 ) ) ;
#561 = CARTESIAN_POINT ( 'NONE',  ( -0.005715243792624205912, 10.88680116582365187, 9.799606681247396978 ) ) ;
#562 = CARTESIAN_POINT ( 'NONE',  ( 2.689270230802196071, 10.47603621404314644, 10.01717882557927730 ) ) ;
#563 = CARTESIAN_POINT ( 'NONE',  ( 5.772637095578524224, 5.523101039426639325, 9.402861550608438534 ) ) ;
#564 = CARTESIAN_POINT ( 'NONE',  ( 5.492137373085844487, 1.562499999999999556, 0.8549816775526670742 ) ) ;
#565 = CARTESIAN_POINT ( 'NONE',  ( 5.360353324709222989, 5.820256719396887490, 15.73579967244030975 ) ) ;
#566 = CARTESIAN_POINT ( 'NONE',  ( 2.326622860700616968, 4.539871254393974986, 56.32179025497220692 ) ) ;
#567 = CARTESIAN_POINT ( 'NONE',  ( 1.665582167962790461, 9.168207733616593913, 52.35174346985551352 ) ) ;
#568 = VECTOR ( 'NONE', #5785, 39.37007874015748854 ) ;
#569 = CARTESIAN_POINT ( 'NONE',  ( -0.07528723056540873038, 10.90195631455985747, 10.01259486373361973 ) ) ;
#570 = CARTESIAN_POINT ( 'NONE',  ( 5.904800162398175623, 2.986733769910561165, 12.14900791961119353 ) ) ;
#571 = VECTOR ( 'NONE', #4271, 39.37007874015748854 ) ;
#572 = CARTESIAN_POINT ( 'NONE',  ( 5.375622158035624487, 7.231181047304494847, 9.398610569872451137 ) ) ;
#573 = EDGE_LOOP ( 'NONE', ( #900, #725 ) ) ;
#574 = CARTESIAN_POINT ( 'NONE',  ( 5.038078509265276672, 7.938892328307831647, 12.65146459653338340 ) ) ;
#575 = CARTESIAN_POINT ( 'NONE',  ( 2.156650538601649458, 3.784799185048240755, -13.01151732511665315 ) ) ;
#576 = CARTESIAN_POINT ( 'NONE',  ( 4.979167021931662163, 7.352715131837944007, 8.255401604407389016 ) ) ;
#577 = CARTESIAN_POINT ( 'NONE',  ( 0.06287112758214280506, 10.07041288359404696, 51.11175961058054895 ) ) ;
#578 = CARTESIAN_POINT ( 'NONE',  ( 2.007627123749808895, 6.474718935503851469, -8.650884726579601391 ) ) ;
#579 = CARTESIAN_POINT ( 'NONE',  ( 1.225453816797815731, 9.153261785136241002, -1.185489217717486055 ) ) ;
#580 = CARTESIAN_POINT ( 'NONE',  ( 0.4523180101626324001, 9.442429205078200383, 52.96324827539260127 ) ) ;
#581 = CARTESIAN_POINT ( 'NONE',  ( 0.6521797110681935017, 10.96099908295447456, 10.86258386017101429 ) ) ;
#582 = DIRECTION ( 'NONE',  ( 6.957231484743787620E-15, -0.000000000000000000, -1.000000000000000000 ) ) ;
#583 = CARTESIAN_POINT ( 'NONE',  ( 5.888291165644707448, 4.236900240960392416, 10.24463740442234183 ) ) ;
#584 = CARTESIAN_POINT ( 'NONE',  ( 4.846900930019823583, 2.026567475027734933, -8.589024343790288896 ) ) ;
#585 = CARTESIAN_POINT ( 'NONE',  ( 4.520991124010875772, 8.444750180826551045, 24.06834363417722500 ) ) ;
#586 = CARTESIAN_POINT ( 'NONE',  ( 0.1296954500997362647, 7.797699928453787344, -7.657601791871107011 ) ) ;
#587 = CARTESIAN_POINT ( 'NONE',  ( 1.749580554539942101, 10.82161434091358210, 10.22638592455944107 ) ) ;
#588 = CARTESIAN_POINT ( 'NONE',  ( 0.1974723866307511178, 10.99019240698730471, 11.28745140437712635 ) ) ;
#589 = CARTESIAN_POINT ( 'NONE',  ( 5.834464441552245084, 4.914220321904578803, 8.713958923168245718 ) ) ;
#590 = CARTESIAN_POINT ( 'NONE',  ( 4.967302382497662094, 3.875930936764116819, -5.097227471835128476 ) ) ;
#591 = EDGE_CURVE ( 'NONE', #398, #2547, #3511, .T. ) ;
#592 = CARTESIAN_POINT ( 'NONE',  ( 1.297074730689655953, 5.494319871162831603, 56.38841876191276015 ) ) ;
#593 = CARTESIAN_POINT ( 'NONE',  ( 0.4889062312946549360, 8.755737904413120276, 54.14222057855835146 ) ) ;
#594 = CARTESIAN_POINT ( 'NONE',  ( -0.009907804239830420370, 10.74314059197931748, 7.879367611816432415 ) ) ;
#595 = CARTESIAN_POINT ( 'NONE',  ( 2.950135262131057701, 10.41598300111237840, 11.29139200079917060 ) ) ;
#596 = CARTESIAN_POINT ( 'NONE',  ( 5.845863041499661961, 4.849911670335621316, 9.193251838640460250 ) ) ;
#597 = CARTESIAN_POINT ( 'NONE',  ( 5.402536558169843239, 1.562499999999994005, 52.57302175817805079 ) ) ;
#598 = CARTESIAN_POINT ( 'NONE',  ( 4.153679974683908149, 4.331725016812637108, -7.627211246236247355 ) ) ;
#599 = CARTESIAN_POINT ( 'NONE',  ( 1.758033751412572787, 9.422229680892117543, 51.55383970428028562 ) ) ;
#600 = CARTESIAN_POINT ( 'NONE',  ( 0.2960629921259434472, 10.85590676278952671, 12.27144099227121288 ) ) ;
#601 = CARTESIAN_POINT ( 'NONE',  ( 5.905104528752914028, 3.100635045619885233, 10.46135198019305967 ) ) ;
#602 = CARTESIAN_POINT ( 'NONE',  ( 5.078789563483818270, 8.011048605525807886, 10.45448982373859970 ) ) ;
#603 = VERTEX_POINT ( 'NONE', #3134 ) ;
#604 = CARTESIAN_POINT ( 'NONE',  ( 2.304396428284857912, 10.06513656007467539, 7.955401604407370542 ) ) ;
#605 = CARTESIAN_POINT ( 'NONE',  ( 4.308557917990965436, 5.685893214925910932, -4.278597883185030426 ) ) ;
#606 = CARTESIAN_POINT ( 'NONE',  ( 1.655007193782406905, 10.59284619198216859, 12.95146459653336457 ) ) ;
#607 = CARTESIAN_POINT ( 'NONE',  ( 0.08233545654608553921, 10.67127345647915959, 46.42696538390708838 ) ) ;
#608 = CARTESIAN_POINT ( 'NONE',  ( 0.7491308107584716547, 3.148830950756978719, -14.99999999999999645 ) ) ;
#609 = CARTESIAN_POINT ( 'NONE',  ( 1.462042002905920235, 10.87441581419837711, 28.18514727044109591 ) ) ;
#610 = CARTESIAN_POINT ( 'NONE',  ( 1.055802110053940313, 11.03117438959417385, 12.13583733995859326 ) ) ;
#611 = CARTESIAN_POINT ( 'NONE',  ( 4.183494409565990502, 9.480414581982261168, 12.56381149371904549 ) ) ;
#612 = CARTESIAN_POINT ( 'NONE',  ( 5.349224554135059151, 7.442771821894698547, 12.95146459653339832 ) ) ;
#613 = CARTESIAN_POINT ( 'NONE',  ( 4.838078509265276494, 7.938892328307831647, 12.95146459653338411 ) ) ;
#614 = CARTESIAN_POINT ( 'NONE',  ( 5.492196809251581158, 2.086676173739526519, 18.26040183518847826 ) ) ;
#615 = CARTESIAN_POINT ( 'NONE',  ( 3.485211877846666972, 6.208317412393616230, 54.02271270721820429 ) ) ;
#616 = CARTESIAN_POINT ( 'NONE',  ( 0.1940500901217023788, 7.461431000762805077, -8.675187019818247691 ) ) ;
#617 = CARTESIAN_POINT ( 'NONE',  ( 1.958077583166940361, 10.71299858066581479, 9.375296399689611704 ) ) ;
#618 = CARTESIAN_POINT ( 'NONE',  ( 0.1937643632973049534, 10.85621639776834257, 9.373390223687858125 ) ) ;
#619 = B_SPLINE_CURVE_WITH_KNOTS ( 'NONE', 3,
 ( #5098, #1566, #199, #5631, #2840, #1056 ),
 .UNSPECIFIED., .F., .F.,
 ( 4, 2, 4 ),
 ( 0.1406855385986590379, 0.2042774301635026934, 0.2678693217283464323 ),
 .UNSPECIFIED. ) ;
#620 = CARTESIAN_POINT ( 'NONE',  ( 4.968426612353339600, 7.846336238359553406, 37.30466993434377088 ) ) ;
#621 = CARTESIAN_POINT ( 'NONE',  ( 5.819240105836905208, 1.559797920266273508, -5.361798846642057192 ) ) ;
#622 = CARTESIAN_POINT ( 'NONE',  ( 5.428075066297171958, 3.941597959260323414, 50.64392038367865467 ) ) ;
#623 = CARTESIAN_POINT ( 'NONE',  ( 0.9277319567592664518, 5.048719923118546227, -13.04941922842977320 ) ) ;
#624 = CARTESIAN_POINT ( 'NONE',  ( 0.8137587907756536065, 10.84405523725176401, 15.74587763868762202 ) ) ;
#625 = EDGE_CURVE ( 'NONE', #2271, #228, #3530, .T. ) ;
#626 = CARTESIAN_POINT ( 'NONE',  ( 0.004025194602332133123, 10.96091966332820533, 10.86322329741663140 ) ) ;
#627 = CARTESIAN_POINT ( 'NONE',  ( 2.555930757337488757, 10.48391254775332548, 9.165568654991325559 ) ) ;
#628 = CARTESIAN_POINT ( 'NONE',  ( 5.827664675018633389, 5.153346704016986024, 10.24795456852560172 ) ) ;
#629 = CARTESIAN_POINT ( 'NONE',  ( 5.180913930844257109, 1.562500000000015543, 53.80460446111163719 ) ) ;
#630 = CARTESIAN_POINT ( 'NONE',  ( -0.007874015748423630195, 1.562500000000000000, 57.50000000000000000 ) ) ;
#631 = CARTESIAN_POINT ( 'NONE',  ( 1.874247598750498955, 9.207726519712441160, 51.96224181748056026 ) ) ;
#632 = DIRECTION ( 'NONE',  ( 0.04149145669670870756, -0.9991388587284478762, 2.886656688782253029E-16 ) ) ;
#633 = CARTESIAN_POINT ( 'NONE',  ( 5.907292733758040093, 3.426023229541719228, 11.30499245191570346 ) ) ;
#634 = CARTESIAN_POINT ( 'NONE',  ( 5.054409952697934472, 7.963901328208973673, 8.759875091906526023 ) ) ;
#635 = EDGE_LOOP ( 'NONE', ( #3850, #190, #4796, #3768 ) ) ;
#636 = CARTESIAN_POINT ( 'NONE',  ( 5.887937320766575944, 4.241142370551007623, 10.21022914903312895 ) ) ;
#637 = CARTESIAN_POINT ( 'NONE',  ( 4.974884473628985226, 6.625018179976671640, 4.128177203415151375 ) ) ;
#638 = CYLINDRICAL_SURFACE ( 'NONE', #4734, 0.1000000000000005745 ) ;
#639 = CARTESIAN_POINT ( 'NONE',  ( 0.008878630587324541634, 9.115961884907457957, -2.355758092288528616 ) ) ;
#640 = CARTESIAN_POINT ( 'NONE',  ( 3.861186572572577358, 9.437639890230180129, 31.92480636667188776 ) ) ;
#641 = CARTESIAN_POINT ( 'NONE',  ( 1.493477389143814227, 10.81437522505405191, 18.26434650661085612 ) ) ;
#642 = CARTESIAN_POINT ( 'NONE',  ( 1.186788333131120421, 10.96790226295361492, 11.28783543293980429 ) ) ;
#643 = CARTESIAN_POINT ( 'NONE',  ( 4.277355976805189641, 9.371972025649926152, 12.56428559388433186 ) ) ;
#644 = CARTESIAN_POINT ( 'NONE',  ( 3.392235299568687967, 10.21736820313068961, 12.95146459653336990 ) ) ;
#645 = LINE ( 'NONE', #2457, #571 ) ;
#646 = CARTESIAN_POINT ( 'NONE',  ( 5.492267741711904350, 1.827248519115199477, 10.77946861528873512 ) ) ;
#647 = CARTESIAN_POINT ( 'NONE',  ( 2.381302358554954424, 8.885268543869120350, -0.5955393641438569974 ) ) ;
#648 = CARTESIAN_POINT ( 'NONE',  ( 0.2781706336037158556, 9.964035475596276115, 51.52681865075487622 ) ) ;
#649 = CARTESIAN_POINT ( 'NONE',  ( 1.915681001143099360, 10.67578010582696812, 8.735658239569909611 ) ) ;
#650 = SHAPE_DEFINITION_REPRESENTATION ( #4272, #5583 ) ;
#651 = CARTESIAN_POINT ( 'NONE',  ( 0.2887069867763533138, 10.88707353557138191, 9.799382567695687385 ) ) ;
#652 = CARTESIAN_POINT ( 'NONE',  ( 4.116580296466267441, 6.926273951834914122, -1.830764602778447658 ) ) ;
#653 = CARTESIAN_POINT ( 'NONE',  ( 5.894336847540525781, 4.042455436402362601, 10.09517326946529359 ) ) ;
#654 = CARTESIAN_POINT ( 'NONE',  ( 2.945473807062421123, 2.645238884697733273, -12.98263968449714412 ) ) ;
#655 = CARTESIAN_POINT ( 'NONE',  ( 2.415681729801027355, 10.31396062401034541, 12.45078340956683860 ) ) ;
#656 = CARTESIAN_POINT ( 'NONE',  ( 0.7283223217498897561, 9.746301402654587775, 51.93989922364058742 ) ) ;
#657 = AXIS2_PLACEMENT_3D ( 'NONE', #4771, #1977, #2834 ) ;
#658 = CARTESIAN_POINT ( 'NONE',  ( 0.06198868743023066424, 10.85622248889506558, 9.373456697639390711 ) ) ;
#659 = CARTESIAN_POINT ( 'NONE',  ( 3.093976523111975574, 10.41979010030006769, 12.98493218681590200 ) ) ;
#660 = CARTESIAN_POINT ( 'NONE',  ( 5.856535631835808609, 5.026350606720733971, 12.99317462363949893 ) ) ;
#661 = CARTESIAN_POINT ( 'NONE',  ( 5.272270652655928203, 1.562499999999997780, 53.38987999174208454 ) ) ;
#662 = CARTESIAN_POINT ( 'NONE',  ( 4.938375724586312465, 4.676193223614610872, -3.117268242580064186 ) ) ;
#663 = LINE ( 'NONE', #540, #1626 ) ;
#664 = CARTESIAN_POINT ( 'NONE',  ( 5.892094681433065695, 1.804266248554537988, 9.829828964344441644 ) ) ;
#665 = CARTESIAN_POINT ( 'NONE',  ( 5.407286301985714694, 7.275190821965337840, 12.57231433285242161 ) ) ;
#666 = ORIENTED_EDGE ( 'NONE', *, *, #5491, .T. ) ;
#667 = CARTESIAN_POINT ( 'NONE',  ( 3.436262797956870063, 9.363536065375653195, 7.955401604407369653 ) ) ;
#668 = CARTESIAN_POINT ( 'NONE',  ( 4.006421250678680046, 4.921885192640037765, -6.993562131090869549 ) ) ;
#669 = CARTESIAN_POINT ( 'NONE',  ( 0.2960629921259561592, 10.60898108575325693, 8.619128414726787923 ) ) ;
#670 = CARTESIAN_POINT ( 'NONE',  ( 0.02280686300569894145, 10.19963056969485216, 6.159352607635097954 ) ) ;
#671 = CARTESIAN_POINT ( 'NONE',  ( 3.320717623114501027, 7.927350769953671161, -1.813109018084775315 ) ) ;
#672 = CARTESIAN_POINT ( 'NONE',  ( 1.519741425654086431, 9.629456898636275852, 2.027492600206309170 ) ) ;
#673 = VECTOR ( 'NONE', #351, 39.37007874015748143 ) ;
#674 = CIRCLE ( 'NONE', #3710, 0.09999999999999947820 ) ;
#675 = EDGE_CURVE ( 'NONE', #5682, #4144, #3080, .T. ) ;
#676 = CARTESIAN_POINT ( 'NONE',  ( 1.041014873107842353, 10.86093438263687361, 9.586438213162274735 ) ) ;
#677 = CARTESIAN_POINT ( 'NONE',  ( 4.270896816581770672, 9.355955068115832773, 12.14141706499191642 ) ) ;
#678 = CARTESIAN_POINT ( 'NONE',  ( 3.555777252698636648, 10.09492685243865395, 12.95146459653336457 ) ) ;
#679 = CARTESIAN_POINT ( 'NONE',  ( 5.887983697982179798, 4.241144296467677322, 10.21887700767465645 ) ) ;
#680 = CARTESIAN_POINT ( 'NONE',  ( -0.007874015748423630195, 1.562500000000000000, 57.50000000000000000 ) ) ;
#681 = CARTESIAN_POINT ( 'NONE',  ( 2.582990150983881961, 9.783047419461228245, 6.173773510155990074 ) ) ;
#682 = CARTESIAN_POINT ( 'NONE',  ( 0.3648441098303654151, 10.19677892371551842, 6.161218842078976188 ) ) ;
#683 = CARTESIAN_POINT ( 'NONE',  ( 1.769970337327885446, 10.63851194079422413, 7.881803745503580316 ) ) ;
#684 = CARTESIAN_POINT ( 'NONE',  ( 0.3095373697804323920, 10.77613777345519530, 8.306731093770480356 ) ) ;
#685 = CARTESIAN_POINT ( 'NONE',  ( 4.858399199118569101, 7.611706219311422217, 12.44600189392511069 ) ) ;
#686 = CARTESIAN_POINT ( 'NONE',  ( 5.889880719832148337, 4.175102026767167018, 10.09526118562155617 ) ) ;
#687 = CARTESIAN_POINT ( 'NONE',  ( 5.508143192960853973, 3.553935421238392678, 36.12770699060978785 ) ) ;
#688 = CARTESIAN_POINT ( 'NONE',  ( 2.458492686888263279, 10.52094203820294283, 28.18535055626558261 ) ) ;
#689 = CARTESIAN_POINT ( 'NONE',  ( 0.9689906558113283719, 10.93117888612281519, 36.13019075620599097 ) ) ;
#690 = CARTESIAN_POINT ( 'NONE',  ( 0.05803251532991438727, 10.74297962199220535, 7.879482598096629431 ) ) ;
#691 = CARTESIAN_POINT ( 'NONE',  ( 3.303968740686494598, 10.17021102953583345, 10.86801993911859832 ) ) ;
#692 = CARTESIAN_POINT ( 'NONE',  ( 5.880444438231338999, 4.318523089969058759, 9.194554360458743858 ) ) ;
#693 = CARTESIAN_POINT ( 'NONE',  ( 5.480913622869216795, 1.562500000000001332, -3.989744446090873087 ) ) ;
#694 = CARTESIAN_POINT ( 'NONE',  ( 5.320430083167581259, 5.147914584841659646, 4.140201777415371431 ) ) ;
#695 = CARTESIAN_POINT ( 'NONE',  ( -0.05636782168479263777, 10.96090130926974204, 10.86326219153959372 ) ) ;
#696 = CARTESIAN_POINT ( 'NONE',  ( 5.892125947412716336, 1.562695510399543686, 9.409637608358712768 ) ) ;
#697 = CARTESIAN_POINT ( 'NONE',  ( 5.646337881201849207, 6.162737676160591427, 8.344863741109298516 ) ) ;
#698 = EDGE_LOOP ( 'NONE', ( #4292, #4890, #4405, #2576 ) ) ;
#699 = DIRECTION ( 'NONE',  ( 0.9991388587284487643, 0.04149145669668402592, 6.951240325576538662E-15 ) ) ;
#700 = CARTESIAN_POINT ( 'NONE',  ( 5.071552083405126865, 6.493217629379648415, 28.18636698538820795 ) ) ;
#701 = DIRECTION ( 'NONE',  ( 0.9991388587284488754, 0.04149145669668403286, 6.951240325576539451E-15 ) ) ;
#702 = CARTESIAN_POINT ( 'NONE',  ( -0.007874015747917769217, 1.562500000000000000, -14.99999999999999822 ) ) ;
#703 = CARTESIAN_POINT ( 'NONE',  ( 1.143374351192422145, 7.483989475444207784, -7.651671929308199616 ) ) ;
#704 = CARTESIAN_POINT ( 'NONE',  ( 1.169483198192843298, 10.85209620265717056, 9.586538711044321204 ) ) ;
#705 = CARTESIAN_POINT ( 'NONE',  ( 4.285099146180644247, 9.213509755500870924, 10.02461492197072879 ) ) ;
#706 = CARTESIAN_POINT ( 'NONE',  ( 0.1357742844083824896, 10.06624434048709205, 51.11282538779958884 ) ) ;
#707 = CARTESIAN_POINT ( 'NONE',  ( 4.490415349549766511, 9.119994165757987048, 12.95146459653338056 ) ) ;
#708 = CARTESIAN_POINT ( 'NONE',  ( 5.492042404213658635, 2.116253010718910144, 24.07192011475974880 ) ) ;
#709 = CARTESIAN_POINT ( 'NONE',  ( 3.027383534483117700, 10.24237174717646148, 20.74972826024819739 ) ) ;
#710 = CARTESIAN_POINT ( 'NONE',  ( 0.3446045913859939192, 11.02109304015231039, 31.92477151093238419 ) ) ;
#711 = CARTESIAN_POINT ( 'NONE',  ( 0.3554065073735322433, 11.09839096624857113, 12.98168522573331174 ) ) ;
#712 = CARTESIAN_POINT ( 'NONE',  ( 0.4893203574134925571, 1.955185284253352584, 57.50000000000001421 ) ) ;
#713 = CARTESIAN_POINT ( 'NONE',  ( 5.895627314152579679, 4.003525963582520220, 10.12924540671398432 ) ) ;
#714 = CARTESIAN_POINT ( 'NONE',  ( 5.174896105008468972, 3.322306998950811163, 52.97180168846932702 ) ) ;
#715 = CARTESIAN_POINT ( 'NONE',  ( 1.714244441158707444, 7.536463460440423923, -6.562050154260839818 ) ) ;
#716 = CARTESIAN_POINT ( 'NONE',  ( 0.7912325938099350475, 10.95899681467164122, 34.88697803837263223 ) ) ;
#717 = CARTESIAN_POINT ( 'NONE',  ( 0.06071430345633500175, 10.80916661439051119, 8.733610935060738711 ) ) ;
#718 = CARTESIAN_POINT ( 'NONE',  ( 3.295976348227195540, 10.13590966869243104, 10.23174723218465054 ) ) ;
#719 = CARTESIAN_POINT ( 'NONE',  ( 5.886408987047379249, 4.409689876282761212, 10.88190923494495443 ) ) ;
#720 = CARTESIAN_POINT ( 'NONE',  ( 2.498191288169975710, 1.585313320590515440, 57.52878328645182648 ) ) ;
#721 = CARTESIAN_POINT ( 'NONE',  ( 5.204246519838052087, 5.010944417210531299, 51.20448222863820575 ) ) ;
#722 = CARTESIAN_POINT ( 'NONE',  ( -0.03312576358388791276, 10.77686953041422058, 8.306430415720448934 ) ) ;
#723 = CARTESIAN_POINT ( 'NONE',  ( 5.897978047077301333, 2.355728236278503918, 10.88281895760241369 ) ) ;
#724 = CARTESIAN_POINT ( 'NONE',  ( 5.481697504664682974, 7.011071325645275465, 12.14977459671568560 ) ) ;
#725 = ORIENTED_EDGE ( 'NONE', *, *, #860, .F. ) ;
#726 = CARTESIAN_POINT ( 'NONE',  ( 5.431928870331780068, 4.913237194124872254, 8.715083855652091316 ) ) ;
#727 = CARTESIAN_POINT ( 'NONE',  ( 5.205287660240038861, 6.502816362094942626, 18.26218174790348314 ) ) ;
#728 = CARTESIAN_POINT ( 'NONE',  ( -0.003937007874059043205, 11.09373438554020908, 12.95146459653335036 ) ) ;
#729 = CARTESIAN_POINT ( 'NONE',  ( -0.007874015748423630195, 1.562500000000000000, 57.50000000000000000 ) ) ;
#730 = CARTESIAN_POINT ( 'NONE',  ( 1.667774956155437582, 10.81760297673810456, 28.18518792760599823 ) ) ;
#731 = CARTESIAN_POINT ( 'NONE',  ( 1.293977286199807120, 10.82787204392030489, 9.373529299184029995 ) ) ;
#732 = CARTESIAN_POINT ( 'NONE',  ( 4.409231224384622116, 9.024426515000683935, 9.389659152824817667 ) ) ;
#733 = CARTESIAN_POINT ( 'NONE',  ( 5.892125901532678789, 1.562780959068724940, 9.199727631463641586 ) ) ;
#734 = CARTESIAN_POINT ( 'NONE',  ( 4.880161745220247482, 1.714878388152174971, -8.585096700438583639 ) ) ;
#735 = CARTESIAN_POINT ( 'NONE',  ( 2.605882663110072439, 10.01262757838045481, 9.118080720094768665 ) ) ;
#736 = CARTESIAN_POINT ( 'NONE',  ( 0.06373967132183276652, 3.725016719955450917, -15.00000000000000000 ) ) ;
#737 = CARTESIAN_POINT ( 'NONE',  ( 0.2355090653336281703, 10.99037876192018359, 11.28738651499298129 ) ) ;
#738 = CARTESIAN_POINT ( 'NONE',  ( 4.862426465265409448, 7.770817674140319653, 34.88776851128361045 ) ) ;
#739 = DIRECTION ( 'NONE',  ( 0.9991388587284487643, 0.04149145669668402592, 6.951240325576538662E-15 ) ) ;
#740 = CARTESIAN_POINT ( 'NONE',  ( 2.458485537349728745, 2.120726054492001911, 57.22962935510459204 ) ) ;
#741 = CARTESIAN_POINT ( 'NONE',  ( 0.1056424865703665950, 2.210436766521941099, 57.50000000000000000 ) ) ;
#742 = CARTESIAN_POINT ( 'NONE',  ( 0.8818472136027231123, 10.55130264896208381, 10.78725927488210701 ) ) ;
#743 = CARTESIAN_POINT ( 'NONE',  ( 0.06254569906647051980, 10.88681681944277280, 9.799573922977547369 ) ) ;
#744 = CARTESIAN_POINT ( 'NONE',  ( 3.529175707826400998, 9.976494758258429130, 10.44456902400685294 ) ) ;
#745 = CARTESIAN_POINT ( 'NONE',  ( 5.894914332070775309, 4.127260659186656078, 10.46021087230523783 ) ) ;
#746 = CARTESIAN_POINT ( 'NONE',  ( 4.751615538764051294, 1.562499999999999556, -9.027331727782295090 ) ) ;
#747 = CARTESIAN_POINT ( 'NONE',  ( 5.277777952229823377, 5.463042429089419727, 28.18661092837758275 ) ) ;
#748 = CARTESIAN_POINT ( 'NONE',  ( -0.02092354848570637110, 11.09556782643019091, 12.98240853570584896 ) ) ;
#749 = CARTESIAN_POINT ( 'NONE',  ( 5.897251096087341438, 2.289301122775445396, 9.619339229283776049 ) ) ;
#750 = CARTESIAN_POINT ( 'NONE',  ( 5.640373529749998838, 6.151347355305662568, 7.922615871273886334 ) ) ;
#751 = ORIENTED_EDGE ( 'NONE', *, *, #2164, .F. ) ;
#752 = CARTESIAN_POINT ( 'NONE',  ( 0.8984533847189822842, 10.74125562554965008, 7.955401604407366989 ) ) ;
#753 = CARTESIAN_POINT ( 'NONE',  ( 4.645674541725979267, 5.669938785951885052, -2.476966531945529848 ) ) ;
#754 = CARTESIAN_POINT ( 'NONE',  ( 0.6716880280666164271, 11.09480774862162100, 12.95146459653335214 ) ) ;
#755 = CARTESIAN_POINT ( 'NONE',  ( 3.808769208521234351, 8.368899707245391895, 50.26574098760900711 ) ) ;
#756 = CARTESIAN_POINT ( 'NONE',  ( 1.723234464042495917, 10.70171984927690900, 15.74459014520228806 ) ) ;
#757 = CARTESIAN_POINT ( 'NONE',  ( 1.551055835422344042, 10.81162756244941292, 9.587075926316249053 ) ) ;
#758 = CARTESIAN_POINT ( 'NONE',  ( 4.502620282269617746, 8.941240983386190777, 10.02617062069723808 ) ) ;
#759 = VERTEX_POINT ( 'NONE', #842 ) ;
#760 = DIRECTION ( 'NONE',  ( 6.957231484743787620E-15, 0.000000000000000000, -1.000000000000000000 ) ) ;
#761 = LINE ( 'NONE', #4416, #5697 ) ;
#762 = CARTESIAN_POINT ( 'NONE',  ( 5.492125982444543197, 1.562500000000004219, 28.18742407167565744 ) ) ;
#763 = CARTESIAN_POINT ( 'NONE',  ( 3.034977679311523957, 9.960320510248054759, 46.37638970298230134 ) ) ;
#764 = CARTESIAN_POINT ( 'NONE',  ( 0.4855598423932751539, 10.96753170693866508, 37.31562964473769028 ) ) ;
#765 = CARTESIAN_POINT ( 'NONE',  ( 0.2487232179098440854, 11.07236227689258889, 12.55879286489415314 ) ) ;
#766 = CARTESIAN_POINT ( 'NONE',  ( 0.5153033702398043259, 1.934255817575996517, 57.50000000000001421 ) ) ;
#767 = CARTESIAN_POINT ( 'NONE',  ( 5.888277750494840923, 4.223677749262674475, 10.14390391884814591 ) ) ;
#768 = CARTESIAN_POINT ( 'NONE',  ( 5.486149626471354068, 2.865478816638596271, 4.158238638415683752 ) ) ;
#769 = CARTESIAN_POINT ( 'NONE',  ( 0.6813194323593255719, 8.661317123949880070, -4.167035098198426546 ) ) ;
#770 = CARTESIAN_POINT ( 'NONE',  ( 0.04105210717060226583, 10.77677234186060140, 8.306523310088122614 ) ) ;
#771 = CARTESIAN_POINT ( 'NONE',  ( 3.054203586740274812, 10.27194277033624914, 10.01863275500658901 ) ) ;
#772 = CARTESIAN_POINT ( 'NONE',  ( 5.867918987694242361, 4.632441734985300208, 10.24851018402698166 ) ) ;
#773 = CARTESIAN_POINT ( 'NONE',  ( 0.07922770965376915719, 1.562500000000000888, -14.99867528179229126 ) ) ;
#774 = CARTESIAN_POINT ( 'NONE',  ( 4.287675063384007501, 4.089428038079859995, -7.625728780595522949 ) ) ;
#775 = CARTESIAN_POINT ( 'NONE',  ( -0.03389135580197914083, 10.80926988313725090, 8.733549617655411268 ) ) ;
#776 = CARTESIAN_POINT ( 'NONE',  ( 5.895063886815790077, 2.115646141984588002, 11.30433686462164999 ) ) ;
#777 = VECTOR ( 'NONE', #2355, 39.37007874015748143 ) ;
#778 = CARTESIAN_POINT ( 'NONE',  ( 5.659611138288512144, 6.191027663344470966, 9.612900816680998162 ) ) ;
#779 = ORIENTED_EDGE ( 'NONE', *, *, #3789, .F. ) ;
#780 = CARTESIAN_POINT ( 'NONE',  ( -0.6816686618016818411, 3.968324914039600859, 10.21022914903224255 ) ) ;
#781 = CARTESIAN_POINT ( 'NONE',  ( 5.212837543272943464, 6.501316472714235850, 12.44449194161719952 ) ) ;
#782 = CARTESIAN_POINT ( 'NONE',  ( 5.494092704503616531, 2.077586764404778297, 12.95146459653339122 ) ) ;
#783 = CARTESIAN_POINT ( 'NONE',  ( 3.692296246509309210, 7.980482663225315854, -0.1951654608200530661 ) ) ;
#784 = CARTESIAN_POINT ( 'NONE',  ( 0.8825345911669929544, 5.799750527989878890, 56.40954487386959926 ) ) ;
#785 = CARTESIAN_POINT ( 'NONE',  ( 1.851870595490814342, 10.69164763020203068, 8.735346045179534613 ) ) ;
#786 = CARTESIAN_POINT ( 'NONE',  ( 4.496387875927349675, 8.923826078445731724, 9.602347028138272123 ) ) ;
#787 = EDGE_LOOP ( 'NONE', ( #1658, #3580 ) ) ;
#788 = CARTESIAN_POINT ( 'NONE',  ( 5.079167021931661807, 7.352715131837944007, 8.255401604407390792 ) ) ;
#789 = CARTESIAN_POINT ( 'NONE',  ( -0.007874015748407046239, 8.028771121439072900, 55.11622080318368688 ) ) ;
#790 = CARTESIAN_POINT ( 'NONE',  ( 5.492109591913667543, 1.562500000000000000, 2.109090839706871723 ) ) ;
#791 = CARTESIAN_POINT ( 'NONE',  ( 2.334626939795517053, 7.517237700871037376, 54.07822604100202568 ) ) ;
#792 = CARTESIAN_POINT ( 'NONE',  ( 0.2965668529900126749, 9.546235133511258297, 0.4067293836690892839 ) ) ;
#793 = CARTESIAN_POINT ( 'NONE',  ( 0.5026843786822419169, 10.87161617507214828, 9.586390347032285320 ) ) ;
#794 = CARTESIAN_POINT ( 'NONE',  ( 4.948592611777377748, 7.357089128244409970, 33.64160192102448832 ) ) ;
#795 = CARTESIAN_POINT ( 'NONE',  ( 1.301231866306935547, 10.51483272060529472, 8.255401604407364147 ) ) ;
#796 = CARTESIAN_POINT ( 'NONE',  ( 5.493351945160710237, 3.975231623915310486, 20.75084272465617019 ) ) ;
#797 = CARTESIAN_POINT ( 'NONE',  ( 1.107010983826981487, 10.93304256096877580, 31.92477848208021740 ) ) ;
#798 = CARTESIAN_POINT ( 'NONE',  ( 0.09922568915937346468, 11.04460024203668844, 12.13566241271545287 ) ) ;
#799 = CARTESIAN_POINT ( 'NONE',  ( 3.938580561155604176, 9.531592695906978108, 9.174118541032715513 ) ) ;
#800 = CARTESIAN_POINT ( 'NONE',  ( 5.902315232998978978, 4.003373355498077046, 12.14898505336959289 ) ) ;
#801 = CARTESIAN_POINT ( 'NONE',  ( 0.02891650226428173209, 1.562500035778941143, 57.89999999999998437 ) ) ;
#802 = CARTESIAN_POINT ( 'NONE',  ( 5.458119742555719078, 4.949381208680300404, 36.12805437041345868 ) ) ;
#803 = CARTESIAN_POINT ( 'NONE',  ( -0.05541363169822308837, 10.90195643501526668, 10.01259090862731327 ) ) ;
#804 = CARTESIAN_POINT ( 'NONE',  ( 2.430435454105754900, 10.53876585080577399, 9.164787624626340445 ) ) ;
#805 = CARTESIAN_POINT ( 'NONE',  ( 5.522749648701370973, 6.690381959005841317, 8.342619250488009897 ) ) ;
#806 = CARTESIAN_POINT ( 'NONE',  ( 2.805138721451850614, 10.27245778135537257, 7.955401604407376759 ) ) ;
#807 = CARTESIAN_POINT ( 'NONE',  ( 5.375332373991382084, 6.244201128042084825, 37.30169780949114511 ) ) ;
#808 = CARTESIAN_POINT ( 'NONE',  ( 3.469886662569710900, 9.646240826988654149, 12.95146459653337878 ) ) ;
#809 = CARTESIAN_POINT ( 'NONE',  ( 3.995051394753124097, 8.665906431098729712, 6.183613655405552301 ) ) ;
#810 = CARTESIAN_POINT ( 'NONE',  ( 2.008437293007967472, 10.65749257674308126, 42.66862190473619876 ) ) ;
#811 = CARTESIAN_POINT ( 'NONE',  ( 1.907571162212402305, 10.64363192241384226, 8.309007606511460864 ) ) ;
#812 = CARTESIAN_POINT ( 'NONE',  ( 4.534090315361941848, 9.019515834585828173, 12.14307602526823082 ) ) ;
#813 = EDGE_LOOP ( 'NONE', ( #2892, #3596, #2478, #512 ) ) ;
#814 = FILL_AREA_STYLE_COLOUR ( '', #5505 ) ;
#815 = CARTESIAN_POINT ( 'NONE',  ( 5.496408475629748658, 3.973116088860005224, 10.15142671516678341 ) ) ;
#816 = CARTESIAN_POINT ( 'NONE',  ( -0.6706734257770604613, 3.703553116476560714, 10.21022914903224255 ) ) ;
#817 = CARTESIAN_POINT ( 'NONE',  ( 3.305755912988818768, 9.995139612239109184, 28.18555384209003734 ) ) ;
#818 = CARTESIAN_POINT ( 'NONE',  ( 0.3538203512759964808, 9.951527113662169910, 51.52831982039516845 ) ) ;
#819 = CARTESIAN_POINT ( 'NONE',  ( 0.5801290349155545645, 11.01782288152898737, 11.71111686232710802 ) ) ;
#820 = CARTESIAN_POINT ( 'NONE',  ( 2.906268698036917453, 4.851061401758576253, -9.976194167148616287 ) ) ;
#821 = CYLINDRICAL_SURFACE ( 'NONE', #837, 0.1325000000000007283 ) ;
#822 = CARTESIAN_POINT ( 'NONE',  ( 5.463251626819731754, 2.838793021632542324, 51.23006088189540463 ) ) ;
#823 = CARTESIAN_POINT ( 'NONE',  ( 1.162685699267077322, 10.80962206775080325, 15.74538927908973740 ) ) ;
#824 = CARTESIAN_POINT ( 'NONE',  ( 0.07588155430889223507, 10.74291418723601055, 7.879507775888930254 ) ) ;
#825 = CARTESIAN_POINT ( 'NONE',  ( 3.890032760844784665, 9.807955027735914655, 12.98531422101423161 ) ) ;
#826 = CARTESIAN_POINT ( 'NONE',  ( 5.702809169987765436, 1.563157522213258543, 53.25856910707281600 ) ) ;
#827 = CARTESIAN_POINT ( 'NONE',  ( 5.208241167722225562, 4.210874824032281971, 52.07714658580012923 ) ) ;
#828 = CARTESIAN_POINT ( 'NONE',  ( -0.01557477208187174784, 10.88680192660893908, 9.799607216293289014 ) ) ;
#829 = CARTESIAN_POINT ( 'NONE',  ( 2.213724757170859370, 10.82895537556017018, 12.56251627732036980 ) ) ;
#830 = CARTESIAN_POINT ( 'NONE',  ( 5.733257267719260142, 5.794065342307767708, 9.613610535152011138 ) ) ;
#831 = CARTESIAN_POINT ( 'NONE',  ( 3.697766474617417920, 9.667408665828988390, 7.955401604407386529 ) ) ;
#832 = CARTESIAN_POINT ( 'NONE',  ( 5.117297646505301500, 5.799411033365988288, 50.63369607065646250 ) ) ;
#833 = CARTESIAN_POINT ( 'NONE',  ( 5.060418818670450847, 7.043126410690019767, 12.95146459653338944 ) ) ;
#834 = CARTESIAN_POINT ( 'NONE',  ( 2.853561037628840502, 6.434032430616709597, -6.993487564530843414 ) ) ;
#835 = CARTESIAN_POINT ( 'NONE',  ( 1.629954404323380679, 9.611984865102877862, 51.13200937774255550 ) ) ;
#836 = CARTESIAN_POINT ( 'NONE',  ( 2.125705370538898631, 10.70865375126026997, 10.01488948635436316 ) ) ;
#837 = AXIS2_PLACEMENT_3D ( 'NONE', #2638, #701, #3822 ) ;
#838 = CARTESIAN_POINT ( 'NONE',  ( 4.658725581590184461, 8.706774013148411484, 9.815550599457500525 ) ) ;
#839 = ORIENTED_EDGE ( 'NONE', *, *, #591, .T. ) ;
#840 = CARTESIAN_POINT ( 'NONE',  ( 4.938078509265277027, 7.938892328307831647, 12.65146459653338340 ) ) ;
#841 = CARTESIAN_POINT ( 'NONE',  ( -0.007874015747970310522, 7.802617843766335604, -7.658343024691466994 ) ) ;
#842 = CARTESIAN_POINT ( 'NONE',  ( 5.605621539297136913, 2.423630342976938135, 12.95146459653338944 ) ) ;
#843 = CARTESIAN_POINT ( 'NONE',  ( 2.640336432915610043, 8.751478268089440959, -0.5965170010884541796 ) ) ;
#844 = CARTESIAN_POINT ( 'NONE',  ( 1.285073875508752073, 10.15164293278721530, 6.166308572380472697 ) ) ;
#845 = CARTESIAN_POINT ( 'NONE',  ( 0.3428216572817086583, 9.847778674126439924, 51.93191972584062910 ) ) ;
#846 = CARTESIAN_POINT ( 'NONE',  ( 0.4371994568204299325, 10.91755394008932356, 10.22492988014785276 ) ) ;
#847 = CARTESIAN_POINT ( 'NONE',  ( 4.437594434373632879, 6.526241855181639018, 52.03246139812027593 ) ) ;
#848 = DIRECTION ( 'NONE',  ( 6.957231484743787620E-15, -0.000000000000000000, -1.000000000000000000 ) ) ;
#849 = CARTESIAN_POINT ( 'NONE',  ( 2.564939885936355690, 1.958991454639971375, 57.22501574084639486 ) ) ;
#850 = CARTESIAN_POINT ( 'NONE',  ( 0.2051187143668569135, 3.661814214801274669, -14.99999999999999822 ) ) ;
#851 = AXIS2_PLACEMENT_3D ( 'NONE', #2694, #546, #1438 ) ;
#852 = CIRCLE ( 'NONE', #5410, 0.09999999999999947820 ) ;
#853 = CARTESIAN_POINT ( 'NONE',  ( 0.1321677808484988115, 10.77652317017715156, 8.306595136750658526 ) ) ;
#854 = CARTESIAN_POINT ( 'NONE',  ( 4.128724228613599223, 9.516870353650659808, 12.14070761091016060 ) ) ;
#855 = CARTESIAN_POINT ( 'NONE',  ( 5.531362263170819915, 1.568023154332970348, 54.04858213243977616 ) ) ;
#856 = CARTESIAN_POINT ( 'NONE',  ( 5.369856794731444616, 4.862513648424712898, 28.18677355703717780 ) ) ;
#857 = CARTESIAN_POINT ( 'NONE',  ( -0.01592498561479420080, 10.96091275518204533, 10.86323655674170396 ) ) ;
#858 = CARTESIAN_POINT ( 'NONE',  ( 2.337472673818517865, 10.76030192856743639, 12.13888669498111916 ) ) ;
#859 = CARTESIAN_POINT ( 'NONE',  ( 5.751694432639371080, 5.650735202704296967, 9.191448798142246801 ) ) ;
#860 = EDGE_CURVE ( 'NONE', #5057, #5832, #4937, .T. ) ;
#861 = CARTESIAN_POINT ( 'NONE',  ( 0.5394816715573235166, 1.562500000000000000, 57.48535477662486670 ) ) ;
#862 = CARTESIAN_POINT ( 'NONE',  ( 4.146529938917777436, 4.681870428158201314, -6.993572783456582620 ) ) ;
#863 = CARTESIAN_POINT ( 'NONE',  ( 2.638908215086804621, 10.67110342168796855, 12.95146459653338056 ) ) ;
#864 = CARTESIAN_POINT ( 'NONE',  ( 0.1255390288701761781, 11.08577955804037529, 24.06555810603104817 ) ) ;
#865 = CARTESIAN_POINT ( 'NONE',  ( 3.582606292759705546, 8.030041586329833336, 51.59287011492821051 ) ) ;
#866 = CARTESIAN_POINT ( 'NONE',  ( 1.471559548759650227, 8.412153227160407809, -4.185029095776909180 ) ) ;
#867 = AXIS2_PLACEMENT_3D ( 'NONE', #2359, #1944, #3340 ) ;
#868 = CARTESIAN_POINT ( 'NONE',  ( 2.059541184798585167, 10.71461396531033294, 9.801716636531123683 ) ) ;
#869 = CARTESIAN_POINT ( 'NONE',  ( 4.736914981219478626, 8.598918367418963982, 10.02806581853954349 ) ) ;
#870 = EDGE_LOOP ( 'NONE', ( #3698, #3161, #2299, #2003 ) ) ;
#871 =( NAMED_UNIT ( * ) SI_UNIT ( $, .STERADIAN. ) SOLID_ANGLE_UNIT ( ) );
#872 = CARTESIAN_POINT ( 'NONE',  ( -0.007874015747932639267, 5.551547312399922163, -13.07288231143312807 ) ) ;
#873 = CARTESIAN_POINT ( 'NONE',  ( 5.492157860967576077, 1.562500000000005329, -1.262543978802407318 ) ) ;
#874 = CARTESIAN_POINT ( 'NONE',  ( 3.348295865206460498, 10.02038662885035514, 20.74978398346847897 ) ) ;
#875 = CARTESIAN_POINT ( 'NONE',  ( 0.8314140465480602815, 8.424708961280000352, -4.980718135717040695 ) ) ;
#876 = CARTESIAN_POINT ( 'NONE',  ( -0.007874015747917769217, 1.562500000000000000, -14.99999999999999822 ) ) ;
#877 = EDGE_CURVE ( 'NONE', #369, #5298, #4527, .T. ) ;
#878 = CARTESIAN_POINT ( 'NONE',  ( 0.4905629536900242282, 10.80839949680379242, 8.733720687723430132 ) ) ;
#879 = DIRECTION ( 'NONE',  ( -1.000000000000000000, 0.000000000000000000, -3.478615742371893810E-15 ) ) ;
#880 = CARTESIAN_POINT ( 'NONE',  ( 4.994698449375336580, 3.080408940783097904, -6.583898501375576195 ) ) ;
#881 = CARTESIAN_POINT ( 'NONE',  ( 0.6824627951928767811, 8.464944604538406026, -4.977944103904710538 ) ) ;
#882 = CARTESIAN_POINT ( 'NONE',  ( 5.495693823905531517, 4.025777218504820176, 10.32521848211003856 ) ) ;
#883 = CARTESIAN_POINT ( 'NONE',  ( 0.08209859848409038763, 10.90201832272241056, 10.01251512122770038 ) ) ;
#884 = CARTESIAN_POINT ( 'NONE',  ( 3.973898371923575645, 9.654493830097493401, 11.71686877184543185 ) ) ;
#885 = ORIENTED_EDGE ( 'NONE', *, *, #5077, .T. ) ;
#886 = PRODUCT_DEFINITION_FORMATION_WITH_SPECIFIED_SOURCE ( 'ANY', '', #2469, .NOT_KNOWN. ) ;
#887 = CARTESIAN_POINT ( 'NONE',  ( 5.892090916570446701, 1.564434011955672110, 45.40125104555458790 ) ) ;
#888 = CARTESIAN_POINT ( 'NONE',  ( 5.134928444411756665, 4.168551610738358448, 52.45351808871282628 ) ) ;
#889 = CARTESIAN_POINT ( 'NONE',  ( 0.1115424077534324515, 10.55597275326495144, 10.78774757833239129 ) ) ;
#890 = CARTESIAN_POINT ( 'NONE',  ( 1.891652558846544485, 8.696485601416172884, -2.393669102049084785 ) ) ;
#891 = CARTESIAN_POINT ( 'NONE',  ( -0.02107003504126167548, 11.01666161752465989, 11.71185289813167429 ) ) ;
#892 = CARTESIAN_POINT ( 'NONE',  ( 2.341201534502552306, 10.78057402913875507, 12.56252557222575383 ) ) ;
#893 = CARTESIAN_POINT ( 'NONE',  ( 5.674315582392344126, 6.030044919242619983, 8.345410925756878484 ) ) ;
#894 = CARTESIAN_POINT ( 'NONE',  ( 3.374488667663738894, 9.915878744472673034, 7.955401604407383864 ) ) ;
#895 = CARTESIAN_POINT ( 'NONE',  ( 5.178073781498140349, 5.902021374726817093, 4.134189490415262291 ) ) ;
#896 = CARTESIAN_POINT ( 'NONE',  ( 4.506730970399828173, 8.772693088650997950, 46.34376023141791734 ) ) ;
#897 = CARTESIAN_POINT ( 'NONE',  ( 1.676226139612198685, 9.726560886790000637, 50.60302313158949516 ) ) ;
#898 = CARTESIAN_POINT ( 'NONE',  ( 2.091227269074335204, 10.70495082822711197, 9.801852442155059464 ) ) ;
#899 = CARTESIAN_POINT ( 'NONE',  ( 4.642692140125709521, 8.665081943755927441, 8.755636928263005103 ) ) ;
#900 = ORIENTED_EDGE ( 'NONE', *, *, #4230, .F. ) ;
#901 = FACE_OUTER_BOUND ( 'NONE', #957, .T. ) ;
#902 = CARTESIAN_POINT ( 'NONE',  ( -0.007874015748390099725, 9.640359893738191133, 52.68031705410176357 ) ) ;
#903 = CARTESIAN_POINT ( 'NONE',  ( 4.938078509265277027, 7.938892328307831647, 12.65146459653338340 ) ) ;
#904 = CARTESIAN_POINT ( 'NONE',  ( 2.665965571198233519, 8.822977424010929326, -0.1937506960571055425 ) ) ;
#905 = CARTESIAN_POINT ( 'NONE',  ( 0.8862368755254370623, 9.482877919370134023, 0.4080301183988402913 ) ) ;
#906 = CARTESIAN_POINT ( 'NONE',  ( 0.5154354015021490598, 10.95442757698667968, 18.26470729972875162 ) ) ;
#907 = CARTESIAN_POINT ( 'NONE',  ( 0.5094930160727548785, 10.93229879617200062, 10.43746709227293401 ) ) ;
#908 = CARTESIAN_POINT ( 'NONE',  ( 5.496686491151580256, 2.258689985879082318, 9.124954226730014994 ) ) ;
#909 = CARTESIAN_POINT ( 'NONE',  ( 0.2874061265189071235, 10.97699059164415125, 37.31600116034424275 ) ) ;
#910 = CARTESIAN_POINT ( 'NONE',  ( 0.1210285591169969754, 10.93178726202395623, 10.43783717226428109 ) ) ;
#911 = CARTESIAN_POINT ( 'NONE',  ( 4.031444473930672068, 9.409425053737473732, 8.750405596129283481 ) ) ;
#912 = ORIENTED_EDGE ( 'NONE', *, *, #625, .F. ) ;
#913 = CARTESIAN_POINT ( 'NONE',  ( 5.892125995073729250, 1.562533847556556887, 24.03306731154345499 ) ) ;
#914 = CARTESIAN_POINT ( 'NONE',  ( 5.391836401963843173, 4.316367459055485689, 50.64187552107422619 ) ) ;
#915 = CARTESIAN_POINT ( 'NONE',  ( -0.007874015748423630195, 1.562500000000000000, 57.50000000000000000 ) ) ;
#916 = CARTESIAN_POINT ( 'NONE',  ( 1.958475948462325977, 8.937751350028472430, -1.190993129223549385 ) ) ;
#917 = CARTESIAN_POINT ( 'NONE',  ( 0.6615734050673355293, 10.97167168690142702, 34.88695910488975471 ) ) ;
#918 = EDGE_CURVE ( 'NONE', #2284, #2801, #3430, .T. ) ;
#919 = CARTESIAN_POINT ( 'NONE',  ( -0.01701702661702854738, 10.77685619293764141, 8.306453023085337506 ) ) ;
#920 = CARTESIAN_POINT ( 'NONE',  ( 2.312270917184095609, 10.62830341613396534, 9.802841852778891862 ) ) ;
#921 = CARTESIAN_POINT ( 'NONE',  ( 5.711477018393020799, 5.926586544255453504, 9.613391980520640701 ) ) ;
#922 = CARTESIAN_POINT ( 'NONE',  ( 5.239831281348887870, 7.480985249156653083, 7.955401604407391858 ) ) ;
#923 = CARTESIAN_POINT ( 'NONE',  ( 5.172652441842195081, 5.844374902697363261, 50.27213978894272373 ) ) ;
#924 = CARTESIAN_POINT ( 'NONE',  ( 4.091485879764959144, 8.172956540135865922, 49.94099222031481844 ) ) ;
#925 = CARTESIAN_POINT ( 'NONE',  ( 1.737664553431453651, 8.800737310392403145, 52.96472700104320097 ) ) ;
#926 = CARTESIAN_POINT ( 'NONE',  ( 2.053639552574557214, 10.88136069975578302, 12.56237249346639473 ) ) ;
#927 = CARTESIAN_POINT ( 'NONE',  ( 4.649173602707699970, 8.682112284602236940, 9.179674103448252964 ) ) ;
#928 = VERTEX_POINT ( 'NONE', #3164 ) ;
#929 = DIRECTION ( 'NONE',  ( 6.957231484743787620E-15, 0.000000000000000000, -1.000000000000000000 ) ) ;
#930 = CARTESIAN_POINT ( 'NONE',  ( -0.007874015748098643630, 10.55571291520804600, 10.78781416516652136 ) ) ;
#931 = CARTESIAN_POINT ( 'NONE',  ( 3.593837795704035276, 9.734561371268089403, 28.18563515642002670 ) ) ;
#932 = CARTESIAN_POINT ( 'NONE',  ( 0.9929115302951686539, 9.366404357083114363, 52.69088725185390842 ) ) ;
#933 = CARTESIAN_POINT ( 'NONE',  ( 0.3614408216830505838, 9.197954736560459921, -1.771177004437311853 ) ) ;
#934 = AXIS2_PLACEMENT_3D ( 'NONE', #4644, #1021, #5153 ) ;
#935 = CARTESIAN_POINT ( 'NONE',  ( 0.7182837139112683289, 10.93044621663316995, 10.43745530520425291 ) ) ;
#936 = CARTESIAN_POINT ( 'NONE',  ( 5.495603235969690026, 2.160529492843632049, 50.28013829060981266 ) ) ;
#937 = CARTESIAN_POINT ( 'NONE',  ( 4.422587014826770080, 8.072637709574028264, 6.187685439646715579 ) ) ;
#938 = CARTESIAN_POINT ( 'NONE',  ( 0.1135613522243047180, 8.745222944656489972, -4.152639900135639550 ) ) ;
#939 = CARTESIAN_POINT ( 'NONE',  ( 1.637582790341793437, 10.98411895398012028, 12.56144489632890604 ) ) ;
#940 = CARTESIAN_POINT ( 'NONE',  ( 5.496516089487034407, 3.992398243239625000, 10.29782523033701302 ) ) ;
#941 = CARTESIAN_POINT ( 'NONE',  ( 0.2081210884455778898, 11.09757483152444557, 12.98189109900097016 ) ) ;
#942 = CARTESIAN_POINT ( 'NONE',  ( 4.204752648460159392, 9.357271900005327936, 10.87138977395558648 ) ) ;
#943 = CARTESIAN_POINT ( 'NONE',  ( 5.892120706232071292, 1.564565883915176592, 42.93774044625977382 ) ) ;
#944 = CARTESIAN_POINT ( 'NONE',  ( 5.575605977643508737, 4.016067739927710711, 48.48519740086904051 ) ) ;
#945 = CARTESIAN_POINT ( 'NONE',  ( 0.05818150937429115988, 8.342466396916877969, -5.799450500397111519 ) ) ;
#946 = CARTESIAN_POINT ( 'NONE',  ( 1.171746066819276288, 5.590989007347917372, 56.39491910405339326 ) ) ;
#947 = CARTESIAN_POINT ( 'NONE',  ( 0.5782643189174608844, 9.667526268456633431, 52.33294725646292989 ) ) ;
#948 = CARTESIAN_POINT ( 'NONE',  ( -0.01349361307472753124, 11.07035036065246203, 12.55935310605050681 ) ) ;
#949 = CARTESIAN_POINT ( 'NONE',  ( 2.810350339889664539, 10.40128417838247543, 9.805122695718022641 ) ) ;
#950 = CARTESIAN_POINT ( 'NONE',  ( 5.703909574086124756, 5.907166528371255332, 8.768300829860965706 ) ) ;
#951 = FACE_OUTER_BOUND ( 'NONE', #1766, .T. ) ;
#952 = CARTESIAN_POINT ( 'NONE',  ( 4.650107986349320655, 4.987454997187491301, 53.11918600053426331 ) ) ;
#953 = CARTESIAN_POINT ( 'NONE',  ( 4.073191846875100275, 8.039960836138083877, 2.052713874233769165 ) ) ;
#954 = CARTESIAN_POINT ( 'NONE',  ( 2.203557669202556468, 10.60415314132737663, 42.66577989328781229 ) ) ;
#955 = CARTESIAN_POINT ( 'NONE',  ( 2.082040899653899046, 10.66184487259398139, 9.162774097312579968 ) ) ;
#956 = CARTESIAN_POINT ( 'NONE',  ( 4.761328893814098961, 8.652697619450862021, 11.72172254567962746 ) ) ;
#957 = EDGE_LOOP ( 'NONE', ( #3611, #3491 ) ) ;
#958 = CARTESIAN_POINT ( 'NONE',  ( 5.892125857975076819, 1.562158251678070986, 12.77902718292257056 ) ) ;
#959 = CARTESIAN_POINT ( 'NONE',  ( 4.333240154905750430, 6.417241727703475895, 52.41500877346950915 ) ) ;
#960 = CARTESIAN_POINT ( 'NONE',  ( -0.007874015748167947568, 11.01917637831255803, 20.74928247448490026 ) ) ;
#961 = CARTESIAN_POINT ( 'NONE',  ( 2.715573062839463869, 8.075321295525958121, -3.017429475572476427 ) ) ;
#962 = CARTESIAN_POINT ( 'NONE',  ( 0.9024819166766192557, 7.600684036911433239, -7.653154394948921357 ) ) ;
#963 = CARTESIAN_POINT ( 'NONE',  ( -0.007874015748423630195, 1.562500000000000000, 57.50000000000000000 ) ) ;
#964 = B_SPLINE_CURVE_WITH_KNOTS ( 'NONE', 3,
 ( #5757, #5229, #1607, #4337 ),
 .UNSPECIFIED., .F., .F.,
 ( 4, 4 ),
 ( 0.000000000000000000, 0.002475777717181940323 ),
 .UNSPECIFIED. ) ;
#965 = CARTESIAN_POINT ( 'NONE',  ( 0.9151499059774073075, 11.08812496118446234, 12.98224959984811733 ) ) ;
#966 = CARTESIAN_POINT ( 'NONE',  ( 5.485224228092747900, 2.185181240813217407, -0.2015319022533400561 ) ) ;
#967 = CARTESIAN_POINT ( 'NONE',  ( -0.007874015747917769217, 1.562500000000000000, -14.99999999999999822 ) ) ;
#968 = EDGE_CURVE ( 'NONE', #2271, #1435, #4977, .T. ) ;
#969 = CARTESIAN_POINT ( 'NONE',  ( 0.2228624985962642246, 10.20240546697742978, 50.25674267323329047 ) ) ;
#970 = CARTESIAN_POINT ( 'NONE',  ( 1.513447869391187250, 10.68206031711761916, 7.880922926156451069 ) ) ;
#971 = CARTESIAN_POINT ( 'NONE',  ( 0.1752137591465029731, 10.85621097408243685, 9.373398812279090109 ) ) ;
#972 = CARTESIAN_POINT ( 'NONE',  ( 3.506948760380990571, 1.582901430486778338, -12.99248789409235272 ) ) ;
#973 = CARTESIAN_POINT ( 'NONE',  ( 5.441479584157781879, 4.435207412316848341, 6.208044360852690069 ) ) ;
#974 = CARTESIAN_POINT ( 'NONE',  ( 0.08501752862333110394, 10.19917729361216097, 6.159691922988529633 ) ) ;
#975 = CARTESIAN_POINT ( 'NONE',  ( 2.493423329935730681, 10.51559896936837468, 36.12977390044158454 ) ) ;
#976 = CARTESIAN_POINT ( 'NONE',  ( 0.5283469113472555323, 9.218012765886715698, 53.35220209263978575 ) ) ;
#977 = EDGE_CURVE ( 'NONE', #3975, #4509, #663, .T. ) ;
#978 = CARTESIAN_POINT ( 'NONE',  ( -0.005862146191284638673, 10.96091572688797378, 10.86323010512224840 ) ) ;
#979 = CARTESIAN_POINT ( 'NONE',  ( 2.719727285437178566, 10.60991940006750944, 12.56231345206530392 ) ) ;
#980 = CARTESIAN_POINT ( 'NONE',  ( 5.802235613236578438, 5.487918869455296722, 12.57160642927383876 ) ) ;
#981 = CARTESIAN_POINT ( 'NONE',  ( 5.492125984248331427, 1.562500000000000888, 36.47861303538216049 ) ) ;
#982 = CARTESIAN_POINT ( 'NONE',  ( 4.976831275615674954, 5.169163462615360416, -1.232272465519038240 ) ) ;
#983 = CARTESIAN_POINT ( 'NONE',  ( 4.196242206075337045, 7.746394712778726266, 50.62142689502956472 ) ) ;
#984 = CARTESIAN_POINT ( 'NONE',  ( 0.6663620030072966438, 3.768186045836762865, 57.28591544905273025 ) ) ;
#985 = DIRECTION ( 'NONE',  ( 0.9991388587284577572, 0.04149145669646646384, 6.951240325576601771E-15 ) ) ;
#986 = CARTESIAN_POINT ( 'NONE',  ( 5.901388682401974783, 2.719762199452802953, 12.14873726047176206 ) ) ;
#987 = CARTESIAN_POINT ( 'NONE',  ( 5.156916845427263141, 7.703779562245119727, 8.337429754916040991 ) ) ;
#988 = ORIENTED_EDGE ( 'NONE', *, *, #5497, .F. ) ;
#989 = CARTESIAN_POINT ( 'NONE',  ( 0.2960629921259434472, 10.85590676278952671, 12.27144099227121288 ) ) ;
#990 = CARTESIAN_POINT ( 'NONE',  ( 4.252689709961784637, 5.864862756297585911, 53.12339109691940564 ) ) ;
#991 = CARTESIAN_POINT ( 'NONE',  ( 5.525687304118427789, 1.562471813891289862, 12.43636487183626826 ) ) ;
#992 = CARTESIAN_POINT ( 'NONE',  ( 0.05269033825519298803, 9.516551077916888701, 52.96272637222181601 ) ) ;
#993 = CARTESIAN_POINT ( 'NONE',  ( 2.874543317047952407, 8.081328009022447745, 52.71051761910771205 ) ) ;
#994 = CARTESIAN_POINT ( 'NONE',  ( 0.8571989161333264384, 7.267218035053063296, -8.667086255405353157 ) ) ;
#995 = CARTESIAN_POINT ( 'NONE',  ( 0.3041197320266383342, 7.975031043344658066, 55.09829590592191551 ) ) ;
#996 = CARTESIAN_POINT ( 'NONE',  ( 0.7094233315706364174, 10.86984622600939510, 9.586374911923833508 ) ) ;
#997 = CARTESIAN_POINT ( 'NONE',  ( 5.330300179646325631, 2.153389231209178689, 52.97307745177570126 ) ) ;
#998 = CARTESIAN_POINT ( 'NONE',  ( 4.733720338589699317, 7.856166754452851286, 48.52624101681637114 ) ) ;
#999 = CARTESIAN_POINT ( 'NONE',  ( 0.1289868556583011749, 7.998270571228792036, -6.993365062325136883 ) ) ;
#1000 = CARTESIAN_POINT ( 'NONE',  ( 1.626090317490192616, 10.85944555966247194, 10.43874122225998313 ) ) ;
#1001 = CARTESIAN_POINT ( 'NONE',  ( 5.497021999109515278, 3.966459682312290624, 10.25294376173846089 ) ) ;
#1002 = CARTESIAN_POINT ( 'NONE',  ( 0.1974341127110130212, 10.93201011222598673, 10.43772958330963796 ) ) ;
#1003 = CARTESIAN_POINT ( 'NONE',  ( 0.1171322179176806089, 1.564706390003780534, -15.39755992857233657 ) ) ;
#1004 = CARTESIAN_POINT ( 'NONE',  ( 5.081735601451049966, 3.755864667613666441, 52.97133777453971959 ) ) ;
#1005 = CARTESIAN_POINT ( 'NONE',  ( 0.8659693448307631547, 5.105024047080723548, -13.05122408096848829 ) ) ;
#1006 = CARTESIAN_POINT ( 'NONE',  ( 0.6326052813846188005, 9.981441441597867836, 51.11957531018690304 ) ) ;
#1007 =( GEOMETRIC_REPRESENTATION_CONTEXT ( 3 ) GLOBAL_UNCERTAINTY_ASSIGNED_CONTEXT ( ( #2156 ) ) GLOBAL_UNIT_ASSIGNED_CONTEXT ( ( #4534, #4957, #4506 ) ) REPRESENTATION_CONTEXT ( 'NONE', 'WORKASPACE' ) );
#1008 = CARTESIAN_POINT ( 'NONE',  ( -0.007936272195714100600, 10.80925492882797023, 8.733572680866744875 ) ) ;
#1009 = CARTESIAN_POINT ( 'NONE',  ( 2.798784337945405820, 10.33423191122217233, 8.741551635404224641 ) ) ;
#1010 = CARTESIAN_POINT ( 'NONE',  ( 5.853639210665371628, 4.920578784023986962, 10.88155900734662040 ) ) ;
#1011 = CARTESIAN_POINT ( 'NONE',  ( 5.244565291071705104, 1.562500000000008438, 53.52714871370766758 ) ) ;
#1012 = CARTESIAN_POINT ( 'NONE',  ( 5.377372850399682491, 5.799422338872946447, 36.12826279829569387 ) ) ;
#1013 = CARTESIAN_POINT ( 'NONE',  ( -0.007874015747917769217, 1.562500000000000000, -14.99999999999999822 ) ) ;
#1014 = CARTESIAN_POINT ( 'NONE',  ( 1.850860025911153395, 9.646485687596930703, 50.60404556289169165 ) ) ;
#1015 = CARTESIAN_POINT ( 'NONE',  ( -0.07568450188639774812, 10.91687090496085766, 10.22538680926635557 ) ) ;
#1016 = CARTESIAN_POINT ( 'NONE',  ( 5.900375424347852338, 2.560753470548610800, 10.04017566560217922 ) ) ;
#1017 = CARTESIAN_POINT ( 'NONE',  ( 5.396846030213054313, 7.263287670556157316, 11.30347367912985668 ) ) ;
#1018 = ORIENTED_EDGE ( 'NONE', *, *, #1215, .T. ) ;
#1019 = CARTESIAN_POINT ( 'NONE',  ( 5.039221928491791402, 6.867709323503150998, 7.955401604407393634 ) ) ;
#1020 = CARTESIAN_POINT ( 'NONE',  ( 4.685178079005466678, 6.204974433863514882, -0.6082486444236392398 ) ) ;
#1021 = DIRECTION ( 'NONE',  ( 0.9991388587284479872, 0.04149145669670870756, 6.951240325576533929E-15 ) ) ;
#1022 = CARTESIAN_POINT ( 'NONE',  ( 0.05165656925980123548, 9.429875762101053382, 53.14827125053257362 ) ) ;
#1023 = CARTESIAN_POINT ( 'NONE',  ( 3.622125363015650468, 9.740754198530828134, 34.88742770859150255 ) ) ;
#1024 = CARTESIAN_POINT ( 'NONE',  ( 1.003765014042971471, 8.718786257212626012, -3.572907190479358785 ) ) ;
#1025 = CARTESIAN_POINT ( 'NONE',  ( 0.4034651383450686413, 8.785749644288660676, 54.14530465265748660 ) ) ;
#1026 = CARTESIAN_POINT ( 'NONE',  ( 0.6066737155514436708, 10.74007080074357923, 7.880123904303635740 ) ) ;
#1027 = CARTESIAN_POINT ( 'NONE',  ( 5.850365018708337139, 5.076484141708518472, 12.95146459653338766 ) ) ;
#1028 = CARTESIAN_POINT ( 'NONE',  ( 5.509616738373858347, 2.115044551881249291, 46.23282002809875024 ) ) ;
#1029 = CARTESIAN_POINT ( 'NONE',  ( 4.680435054143919693, 8.050724677175093547, 24.06854996959532755 ) ) ;
#1030 = CARTESIAN_POINT ( 'NONE',  ( -0.007874015748423630195, 1.562500000000000000, 57.50000000000000000 ) ) ;
#1031 = CARTESIAN_POINT ( 'NONE',  ( 1.762530346807399839, 10.91143095668621221, 11.71366942462428362 ) ) ;
#1032 = CARTESIAN_POINT ( 'NONE',  ( 0.2136225190120344397, 11.04551002731146170, 12.13540732275484224 ) ) ;
#1033 = CARTESIAN_POINT ( 'NONE',  ( -0.007873816379598670701, 1.562500031429758574, -15.39999999999994884 ) ) ;
#1034 = CARTESIAN_POINT ( 'NONE',  ( 2.364338246260897058, 2.247066686859366946, 57.23332024651099914 ) ) ;
#1035 = CARTESIAN_POINT ( 'NONE',  ( 2.826408858149590309, 10.38251575801094440, 42.65630652179363835 ) ) ;
#1036 = CARTESIAN_POINT ( 'NONE',  ( 0.4364870926215536073, 9.188838815002645433, -1.772280478480666055 ) ) ;
#1037 = CARTESIAN_POINT ( 'NONE',  ( -0.008450484622940509366, 11.07035293154219602, 12.55934809691730614 ) ) ;
#1038 = CARTESIAN_POINT ( 'NONE',  ( 2.570737162319284952, 10.56304287950191956, 10.44168108488542224 ) ) ;
#1039 = CARTESIAN_POINT ( 'NONE',  ( 5.763620827776001931, 5.494086664853582214, 8.347487195254771564 ) ) ;
#1040 = CARTESIAN_POINT ( 'NONE',  ( 5.492125984201313038, 1.562500000000003553, 34.41600310357163295 ) ) ;
#1041 = CARTESIAN_POINT ( 'NONE',  ( 4.709954786769001700, 4.631578503948690972, 53.28764664463191991 ) ) ;
#1042 = CARTESIAN_POINT ( 'NONE',  ( 4.256750780543934631, 7.822464385723494118, 50.26734068794227284 ) ) ;
#1043 = CARTESIAN_POINT ( 'NONE',  ( 1.520361859668871052, 7.908396881373038312, -5.816003921645701347 ) ) ;
#1044 = CARTESIAN_POINT ( 'NONE',  ( -0.07369306780067436113, 10.85626716424360083, 9.373445336204001777 ) ) ;
#1045 = CARTESIAN_POINT ( 'NONE',  ( 5.899948612174569895, 3.213298276228560013, 7.936040203645921665 ) ) ;
#1046 = CARTESIAN_POINT ( 'NONE',  ( 5.201891846812468856, 7.782806301073708077, 11.72519761470675270 ) ) ;
#1047 = ORIENTED_EDGE ( 'NONE', *, *, #3789, .T. ) ;
#1048 = DIRECTION ( 'NONE',  ( -6.957231484743787620E-15, -0.000000000000000000, 1.000000000000000000 ) ) ;
#1049 = CARTESIAN_POINT ( 'NONE',  ( 5.341144463700115530, 7.139736326000474698, 39.75500688255012705 ) ) ;
#1050 = CARTESIAN_POINT ( 'NONE',  ( 0.6377066297924601779, 10.69461529333617023, 12.95146459653335036 ) ) ;
#1051 = CARTESIAN_POINT ( 'NONE',  ( 0.06848833162890274884, 10.25735313652321423, 49.94326362070096792 ) ) ;
#1052 = CARTESIAN_POINT ( 'NONE',  ( 3.221118626115633266, 8.439629455233502497, -0.1944580784385789574 ) ) ;
#1053 = CARTESIAN_POINT ( 'NONE',  ( 1.284380837147000687, 9.764141131583338407, 51.12774626886639595 ) ) ;
#1054 = CARTESIAN_POINT ( 'NONE',  ( 0.7793579148131410950, 10.88382603264067150, 9.799279180133156686 ) ) ;
#1055 = CARTESIAN_POINT ( 'NONE',  ( 4.316601251216158452, 9.301142860695486903, 12.14167360773094728 ) ) ;
#1056 = CARTESIAN_POINT ( 'NONE',  ( -0.003937007874059043205, 11.09373438554020908, 12.95146459653335036 ) ) ;
#1057 = CARTESIAN_POINT ( 'NONE',  ( 1.301231866306937324, 10.51483272060529472, 7.955401604407365213 ) ) ;
#1058 = CARTESIAN_POINT ( 'NONE',  ( 5.375851621978886108, 1.755800435819161454, 52.77494549112068967 ) ) ;
#1059 = CARTESIAN_POINT ( 'NONE',  ( 3.544461805083557238, 6.528938907514986845, -5.041746835588429398 ) ) ;
#1060 = CARTESIAN_POINT ( 'NONE',  ( 0.2968729904371219530, 10.14212807449138687, 50.59484368117161779 ) ) ;
#1061 = CARTESIAN_POINT ( 'NONE',  ( 1.828301364646562233, 10.92123088923687035, 12.13816707437758780 ) ) ;
#1062 = CARTESIAN_POINT ( 'NONE',  ( 0.1859419401531919314, 10.77639245290133552, 8.306635515708055806 ) ) ;
#1063 = CARTESIAN_POINT ( 'NONE',  ( 4.724857535010013265, 8.027319621235173841, 15.73899620799009291 ) ) ;
#1064 = CARTESIAN_POINT ( 'NONE',  ( 5.906118850225371197, 3.247522657273595126, 10.62105826710059198 ) ) ;
#1065 = CARTESIAN_POINT ( 'NONE',  ( 5.044465783055913199, 3.731209254819321419, 53.11357920535383670 ) ) ;
#1066 = CARTESIAN_POINT ( 'NONE',  ( 2.051780552410346736, 8.470897609674407747, 53.13857616719967325 ) ) ;
#1067 = CARTESIAN_POINT ( 'NONE',  ( 0.9455397905561734317, 10.59760757089750349, 46.41228212170305767 ) ) ;
#1068 = CARTESIAN_POINT ( 'NONE',  ( -0.01064029054055983491, 10.88680153519659832, 9.799606965718425045 ) ) ;
#1069 = CARTESIAN_POINT ( 'NONE',  ( 2.944686256166133109, 10.39371925914803008, 10.86728274180047116 ) ) ;
#1070 = CARTESIAN_POINT ( 'NONE',  ( 5.785628487665547048, 5.598517288007470505, 12.14931667586208874 ) ) ;
#1071 = CARTESIAN_POINT ( 'NONE',  ( 5.492125996503287588, 1.562500000000002887, 24.03306731155077713 ) ) ;
#1072 = CARTESIAN_POINT ( 'NONE',  ( 4.363840888666437046, 4.503191980705052444, -6.578023315596821519 ) ) ;
#1073 = CARTESIAN_POINT ( 'NONE',  ( 1.969065382883332660, 9.440358165157135772, 51.13627248661876479 ) ) ;
#1074 = CARTESIAN_POINT ( 'NONE',  ( 5.038078509265276672, 7.938892328307831647, 12.65146459653338340 ) ) ;
#1075 = CARTESIAN_POINT ( 'NONE',  ( 5.905995508048017761, 3.340581893291508564, 10.25031308876381431 ) ) ;
#1076 = CARTESIAN_POINT ( 'NONE',  ( 5.287507486073991458, 7.495405372741089423, 9.821155921734805005 ) ) ;
#1077 = EDGE_LOOP ( 'NONE', ( #441, #1376, #779, #3799 ) ) ;
#1078 = CARTESIAN_POINT ( 'NONE',  ( 3.884914550590232274, 8.926107997955297080, 7.955401604407390970 ) ) ;
#1079 = CARTESIAN_POINT ( 'NONE',  ( 5.124320706471115372, 6.884904226986625631, 15.73739794021521732 ) ) ;
#1080 = DIRECTION ( 'NONE',  ( -1.000000000000000000, 0.000000000000000000, -6.957231484743787620E-15 ) ) ;
#1081 = CARTESIAN_POINT ( 'NONE',  ( 0.02289082340227664367, 10.95568336084827976, 18.26491174916221283 ) ) ;
#1082 = CARTESIAN_POINT ( 'NONE',  ( 3.604307338139085548, 8.690103575930651303, 49.94134851841460687 ) ) ;
#1083 = CARTESIAN_POINT ( 'NONE',  ( 0.9269256795196368914, 7.805096059128382890, -6.993397019422272542 ) ) ;
#1084 = CARTESIAN_POINT ( 'NONE',  ( 1.431415262131925603, 10.86018111036107925, 10.01275904196037914 ) ) ;
#1085 = CARTESIAN_POINT ( 'NONE',  ( 4.192565186150264189, 9.319016181776969887, 10.02401685973361367 ) ) ;
#1086 = CARTESIAN_POINT ( 'NONE',  ( -0.003937007874043814068, 10.60898108575325693, 8.619128414726786147 ) ) ;
#1087 = CARTESIAN_POINT ( 'NONE',  ( 5.891948589029705197, 4.151354386544874764, 10.33598641942458940 ) ) ;
#1088 = CARTESIAN_POINT ( 'NONE',  ( 5.487636929719329260, 1.755806219578331495, -3.789740912245791460 ) ) ;
#1089 = CARTESIAN_POINT ( 'NONE',  ( 1.010610196703643604, 4.972338285599645857, -13.04701275837815011 ) ) ;
#1090 = CARTESIAN_POINT ( 'NONE',  ( 0.2468212250075151326, 9.772938014809291474, 2.017107369724419286 ) ) ;
#1091 = CARTESIAN_POINT ( 'NONE',  ( 2.001773547969667444, 10.76059633640929114, 10.22719934772288219 ) ) ;
#1092 = CARTESIAN_POINT ( 'NONE',  ( 0.2258592444778702579, 10.80891599017432547, 8.733645826805263468 ) ) ;
#1093 = CARTESIAN_POINT ( 'NONE',  ( 4.236208262430687377, 7.114742893347479225, -0.6047291514230841436 ) ) ;
#1094 = LINE ( 'NONE', #5258, #4459 ) ;
#1095 = CARTESIAN_POINT ( 'NONE',  ( 5.141805567135401489, 3.304115466789644184, 53.11171027362706809 ) ) ;
#1096 = CARTESIAN_POINT ( 'NONE',  ( 2.714330102625468033, 10.39263365943428319, 34.88726677398669551 ) ) ;
#1097 = CARTESIAN_POINT ( 'NONE',  ( 0.5503362535608515849, 8.823189371202664333, -3.561870743563109176 ) ) ;
#1098 = CARTESIAN_POINT ( 'NONE',  ( -0.008131278762988853118, 10.87164595363631747, 9.586632207584981913 ) ) ;
#1099 = CARTESIAN_POINT ( 'NONE',  ( 3.521278764087734992, 9.942294504841123981, 9.808324616635911042 ) ) ;
#1100 = CARTESIAN_POINT ( 'NONE',  ( 5.790873679215330583, 5.396256489537951673, 9.614238516572074289 ) ) ;
#1101 = CARTESIAN_POINT ( 'NONE',  ( 5.492125984246106540, 1.562500000000001998, 33.16948141286968621 ) ) ;
#1102 = CARTESIAN_POINT ( 'NONE',  ( 5.558749612420364805, 4.831913373355420482, 48.49340612405855211 ) ) ;
#1103 = EDGE_CURVE ( 'NONE', #2801, #3278, #5530, .T. ) ;
#1104 = CARTESIAN_POINT ( 'NONE',  ( -0.09313212414009031104, 10.85627225763406045, 9.373439967209806767 ) ) ;
#1105 = CARTESIAN_POINT ( 'NONE',  ( 5.907494009128322787, 3.465389329615355951, 11.72709003965560193 ) ) ;
#1106 = CARTESIAN_POINT ( 'NONE',  ( 5.172993423558401638, 7.734533048102230524, 9.396595964280166413 ) ) ;
#1107 = VERTEX_POINT ( 'NONE', #1461 ) ;
#1108 = CYLINDRICAL_SURFACE ( 'NONE', #867, 0.09999999999999947820 ) ;
#1109 = CARTESIAN_POINT ( 'NONE',  ( 4.199931565607614381, 5.543905584523247221, -5.063939090087103523 ) ) ;
#1110 = DIRECTION ( 'NONE',  ( -0.04149145669672580500, 0.9991388587284470990, -2.886656688783441744E-16 ) ) ;
#1111 = CARTESIAN_POINT ( 'NONE',  ( 0.008080559969918523280, 9.558791441592216387, 0.4058622271825882422 ) ) ;
#1112 = CARTESIAN_POINT ( 'NONE',  ( 2.496211183340692585, 6.392959369008203829, 54.98477155659698212 ) ) ;
#1113 = CARTESIAN_POINT ( 'NONE',  ( 1.154512161429298800, 8.528573519161353644, -4.177831496745511686 ) ) ;
#1114 = CARTESIAN_POINT ( 'NONE',  ( 1.571948456414165252, 11.01667318818798336, 12.98459059164853713 ) ) ;
#1115 = CARTESIAN_POINT ( 'NONE',  ( 4.239450753878315936, 9.266649257566850650, 10.02431321002197784 ) ) ;
#1116 = ORIENTED_EDGE ( 'NONE', *, *, #877, .T. ) ;
#1117 = CARTESIAN_POINT ( 'NONE',  ( 5.414489567523842695, 7.249572460461888745, 12.95146459653338233 ) ) ;
#1118 = CARTESIAN_POINT ( 'NONE',  ( 5.887937320766575944, 4.241142370551007623, 10.21022914903312895 ) ) ;
#1119 = CARTESIAN_POINT ( 'NONE',  ( -0.007874015747917769217, 1.562500000000000000, -14.99999999999999822 ) ) ;
#1120 = CARTESIAN_POINT ( 'NONE',  ( 2.710787541888712404, 9.271137631411493274, 50.26254158694210616 ) ) ;
#1121 = CARTESIAN_POINT ( 'NONE',  ( 0.2537191777937241044, 8.543114760067362923, -4.969622008467704077 ) ) ;
#1122 = CARTESIAN_POINT ( 'NONE',  ( 1.882669058195031386, 10.83424120895260678, 10.86484596858455731 ) ) ;
#1123 = CARTESIAN_POINT ( 'NONE',  ( 0.2744768665154426190, 10.77620743277579507, 8.306704263456236248 ) ) ;
#1124 = CARTESIAN_POINT ( 'NONE',  ( 4.072793483307558304, 6.587079189334819063, 52.72863795811153409 ) ) ;
#1125 = CARTESIAN_POINT ( 'NONE',  ( 5.889162766418324146, 4.196308629589883488, 10.11049132653699445 ) ) ;
#1126 = CARTESIAN_POINT ( 'NONE',  ( 5.440370162029718237, 3.464323451605494597, 2.092276657021915121 ) ) ;
#1127 = CARTESIAN_POINT ( 'NONE',  ( -0.007874015748423630195, 1.562500000000000000, 57.50000000000000000 ) ) ;
#1128 = CARTESIAN_POINT ( 'NONE',  ( 0.6852548585455300323, 9.494614675647033764, 52.68786719535326313 ) ) ;
#1129 = AXIS2_PLACEMENT_3D ( 'NONE', #2426, #4241, #5159 ) ;
#1130 = CARTESIAN_POINT ( 'NONE',  ( 0.06277009661603105695, 10.90199406662616965, 10.01253625231681532 ) ) ;
#1131 = CARTESIAN_POINT ( 'NONE',  ( 3.768933790505368364, 9.868647601839217742, 12.13949263461370620 ) ) ;
#1132 = CARTESIAN_POINT ( 'NONE',  ( 5.881443684792578175, 4.328255182386002708, 9.405279903637906003 ) ) ;
#1133 = CARTESIAN_POINT ( 'NONE',  ( 5.492136961846503240, 1.562499999999998668, -2.123955212431702488 ) ) ;
#1134 = CARTESIAN_POINT ( 'NONE',  ( 4.867390414579936930, 4.367745774183394047, 53.11638260294399316 ) ) ;
#1135 = CARTESIAN_POINT ( 'NONE',  ( -0.03508536366322756450, 10.87165042904599943, 9.586629483661891271 ) ) ;
#1136 = CARTESIAN_POINT ( 'NONE',  ( 5.897393069595538329, 2.299337636343734115, 9.829768313388335343 ) ) ;
#1137 = B_SPLINE_SURFACE_WITH_KNOTS ( 'NONE', 3, 3, ( 
 ( #1241, #260, #3053, #4864, #789, #3977, #44, #5508, #5030, #902, #2330, #4918, #3222, #5474, #1378, #2218, #1852, #457, #1405, #2272, #4118, #13, #1798, #1321, #400, #3702, #5862, #1826, #960, #4091, #2775, #4976, #930, #1881, #4583, #4147, #4946, #74, #3643, #4470, #1350, #427, #2245, #515, #4063, #5418, #5447, #2746, #485, #3107, #4034, #841, #5834, #3613, #872, #1768, #4554 ),
 ( #2659, #2688, #3132, #3192, #2301, #4497, #5002, #3582, #3670, #3163, #2717, #4526, #5390, #4207, #5154, #4709, #4739, #3282, #1560, #2451, #1947, #2391, #223, #1978, #4296, #4236, #2362, #3733, #2896, #1081, #1530, #3854, #3254, #3373, #547, #670, #3764, #5537, #1111, #106, #2805, #5567, #5061, #639, #3794, #3343, #4614, #165, #5123, #4264, #3823, #5597, #194, #2007, #4176, #2924, #1469 ),
 ( #5626, #2482, #1914, #4678, #5183, #2037, #5093, #1022, #992, #2835, #1501, #1439, #4645, #577, #137, #3313, #1051, #2865, #607, #2421, #1143, #5214, #2956, #5656, #1591, #3405, #88, #3629, #3237, #528, #4540, #1812, #889, #4512, #3150, #974, #500, #2315, #4989, #4963, #5877, #4078, #444, #5043, #4568, #2259, #5434, #3684, #945, #29, #5488, #2788, #1365, #3178, #4596, #2732, #2704 ),
 ( #915, #1420, #471, #2287, #4104, #3656, #5460, #1392, #3206, #2961, #3410, #4745, #2487, #706, #4301, #1597, #5219, #1151, #2516, #258, #2072, #2780, #1886, #1951, #4436, #4940, #5827, #864, #4490, #4000, #5855, #1790, #3606, #2446, #5069, #3261, #3292, #1832, #3650, #5102, #522, #1358, #4125, #3199, #5009, #5546, #938, #2308, #2783, #5515, #999, #586, #3171, #2843, #2725, #2753, #5454 ),
 ( #1030, #2813, #1385, #4622, #1446, #554, #4533, #2369, #114, #5427, #4561, #464, #493, #52, #1925, #969, #4184, #3622, #4983, #1477, #1859, #909, #3230, #3677, #2279, #4097, #5481, #21, #1413, #3742, #5037, #4656, #2400, #4590, #5870, #1889, #2339, #4154, #1806, #81, #3712, #2967, #4244, #3863, #2430, #4334, #1603, #174, #1184, #2875, #3353, #3832, #616, #1570, #5131, #736, #4275 ),
 ( #1987, #144, #1957, #3773, #2997, #2933, #5575, #5163, #4781, #5255, #5666, #4749, #648, #263, #1060, #1509, #4807, #3416, #1156, #4214, #2077, #2015, #3447, #3322, #3893, #710, #2492, #4687, #2521, #5693, #3803, #5606, #4718, #1539, #5223, #682, #4306, #1090, #232, #5635, #2046, #1633, #2904, #2461, #203, #3383, #5193, #1121, #4445, #5339, #1299, #1773, #1663, #5782, #3110, #4921, #5283 ),
 ( #3475, #5725, #1325, #2195, #5366, #4950, #4474, #348, #3586, #4362, #2665, #845, #818, #1214, #404, #1719, #2222, #3532, #3558, #1270, #1244, #764, #3026, #3138, #5311, #3082, #4039, #4895, #5838, #4419, #1746, #5810, #5394, #4391, #320, #2552, #2635, #3924, #792, #5753, #1692, #291, #3504, #4867, #374, #4010, #2106, #4837, #2581, #2135, #3953, #3056, #2610, #2163, #3980, #4179, #77 ),
 ( #2333, #5511, #5423, #1442, #995, #432, #17, #3617, #1381, #2721, #2808, #1855, #3705, #4501, #2249, #550, #2276, #1802, #4121, #3195, #1354, #5866, #5005, #3167, #4067, #3257, #4980, #3736, #5540, #906, #4617, #2778, #4530, #461, #109, #4094, #1884, #5064, #1829, #3646, #5450, #2365, #933, #2749, #47, #4557, #488, #2304, #3673, #5477, #1408, #1918, #3225, #1472, #3285, #5033, #876 ),
 ( #963, #2692, #4586, #518, #4150, #1025, #4648, #2838, #580, #2395, #5096, #1963, #3658, #4133, #4598, #1394, #2347, #31, #1516, #5045, #530, #1840, #2761, #917, #2734, #4542, #3779, #3718, #473, #60, #3748, #150, #4629, #5522, #1423, #5108, #5462, #2289, #5582, #560, #1931, #4991, #1036, #2790, #4220, #4107, #2850, #1483, #3267, #3208, #5552, #4161, #3298, #90, #122, #1897, #3686 ),
 ( #5018, #1867, #1453, #4662, #5076, #593, #976, #4190, #2375, #2406, #947, #4570, #502, #1006, #2317, #3239, #5490, #2820, #3003, #2468, #5642, #240, #2974, #716, #3930, #4694, #297, #181, #210, #5170, #624, #1162, #742, #2528, #4725, #4340, #4787, #2083, #1994, #3899, #3453, #2882, #4283, #3810, #3840, #1097, #5261, #4313, #269, #5702, #2499, #1577, #1610, #1639, #2437, #2911, #1191 ),
 ( #2022, #2941, #4815, #3390, #2559, #5200, #4368, #3872, #2112, #1128, #5731, #656, #1547, #2053, #3329, #3360, #5673, #5139, #1067, #4758, #4251, #5613, #689, #3423, #5232, #4424, #5372, #4927, #4956, #3510, #1778, #2670, #2171, #2615, #436, #2201, #4505, #4452, #2586, #3958, #3115, #1304, #1751, #4071, #3482, #3591, #769, #881, #3986, #5759, #1330, #326, #3032, #5787, #5289, #850, #4015 ),
 ( #5344, #4480, #4044, #5816, #409, #2227, #4396, #3143, #1697, #3563, #379, #5843, #2696, #2140, #4900, #5399, #2253, #5316, #4844, #1221, #1249, #1724, #1669, #3061, #4872, #797, #353, #3537, #1275, #3088, #823, #2640, #5449, #2720, #4529, #3136, #2275, #4949, #905, #2691, #4473, #3929, #3002, #487, #2663, #4500, #4093, #875, #15, #1771, #4979, #3166, #3194, #1668, #3481, #5004, #431 ),
 ( #1828, #741, #4814, #4556, #5422, #460, #2303, #3645, #3585, #932, #1638, #4066, #5865, #1380, #2748, #5701, #2248, #3452, #1801, #5260, #3616, #403, #5730, #2558, #1190, #2221, #1353, #4367, #296, #2111, #5393, #5288, #1220, #3031, #4843, #844, #4038, #5837, #1324, #2364, #1441, #3256, #3796, #5063, #549, #1024, #3766, #1503, #4711, #5476, #1083, #962, #994, #76, #1407, #1949, #1532 ),
 ( #5125, #5569, #2867, #2777, #4680, #4238, #3672, #2807, #4585, #4616, #1883, #167, #5095, #1053, #1854, #3224, #5599, #5510, #5032, #1471, #4178, #517, #2332, #108, #4149, #3704, #609, #1917, #2898, #641, #3735, #1980, #139, #5539, #3284, #3345, #2837, #3315, #2423, #4647, #5156, #579, #4120, #46, #2394, #4209, #1113, #1593, #2069, #4741, #5687, #3375, #4858, #2513, #3886, #5185, #225 ),
 ( #196, #5303, #1177, #2009, #3407, #1206, #3496, #2097, #3825, #5216, #3017, #1235, #3915, #2989, #4773, #2573, #2926, #5628, #3047, #5717, #5275, #2453, #4383, #255, #1683, #4266, #730, #2543, #2127, #4829, #756, #1624, #312, #3439, #3467, #5247, #1145, #672, #1562, #2484, #2958, #4801, #3945, #4354, #5745, #4327, #1655, #4298, #2039, #3856, #5658, #703, #283, #2154, #4913, #4002, #5802 ),
 ( #2628, #5413, #2185, #784, #1738, #394, #2712, #3102, #2240, #3550, #4492, #1316, #1344, #835, #897, #4438, #4886, #5385, #421, #810, #1763, #3158, #5857, #366, #1792, #4086, #1290, #5358, #8, #2654, #4058, #3608, #1820, #4465, #4521, #4971, #2213, #4029, #5442, #3127, #3638, #3577, #1711, #3074, #452, #2268, #866, #3187, #2602, #1373, #5773, #4410, #5829, #4942, #340, #5331, #3972 ),
 ( #3524, #2683, #1262, #480, #3725, #2797, #2827, #1492, #5529, #4636, #567, #4114, #599, #5025, #1014, #1906, #3755, #4227, #2413, #954, #2768, #156, #1460, #2296, #3246, #2324, #4140, #4670, #67, #1431, #3274, #2383, #4199, #5589, #39, #1970, #1847, #1874, #4577, #3665, #129, #3785, #1939, #509, #5559, #3305, #5115, #5469, #1043, #2857, #4549, #3694, #1401, #5499, #5052, #1522, #97 ),
 ( #3217, #4998, #984, #4605, #2354, #539, #4168, #5084, #925, #2741, #3335, #631, #5146, #1073, #2888, #4701, #3266, #5044, #4079, #2705, #2374, #2733, #2346, #1896, #3179, #2789, #1366, #5075, #529, #4990, #121, #1813, #2288, #2760, #5435, #501, #5878, #5551, #3207, #4569, #3631, #916, #4964, #890, #4513, #1930, #1866, #445, #4106, #3717, #4189, #4597, #3685, #5461, #1005, #4541, #2260 ),
 ( #89, #3151, #2819, #946, #3747, #472, #1422, #3238, #4628, #5521, #1452, #2316, #559, #4132, #4160, #59, #1839, #30, #3657, #1393, #5017, #5489, #975, #2467, #5672, #3359, #688, #4757, #239, #4724, #3871, #655, #2498, #4282, #180, #5581, #4661, #2082, #4250, #209, #1609, #2021, #3422, #5169, #4312, #2052, #4786, #3328, #5138, #715, #3839, #2849, #5612, #4693, #623, #1161, #2436 ),
 ( #1127, #5231, #3898, #592, #4339, #4219, #1993, #1066, #2405, #5199, #2527, #2973, #2881, #268, #2940, #1482, #149, #3297, #5107, #1035, #3809, #1962, #1546, #1096, #3778, #5641, #1515, #2910, #1576, #3389, #3415, #4717, #5724, #735, #231, #681, #4390, #262, #2580, #2520, #647, #2014, #1183, #3446, #5692, #2134, #1538, #1662, #2460, #3025, #2045, #3831, #5282, #4274, #1089, #3862, #3352 ),
 ( #4748, #5222, #5634, #2966, #202, #5605, #5665, #1155, #1569, #3382, #5162, #2903, #5192, #319, #4333, #1120, #2491, #4361, #763, #5254, #2076, #1602, #3474, #2932, #4305, #4780, #2996, #2551, #709, #1213, #3892, #4836, #1632, #4806, #290, #2105, #3923, #2719, #4472, #904, #843, #4866, #347, #5392, #1770, #4037, #459, #5752, #4065, #3055, #1352, #4444, #2162, #3615, #2609, #5310, #373 ),
 ( #4418, #3081, #3557, #3979, #1297, #791, #3952, #4009, #5365, #5781, #1718, #1691, #3503, #1243, #4528, #2662, #3531, #4894, #2690, #4978, #3584, #402, #2193, #5864, #5338, #1269, #817, #1323, #874, #2634, #1800, #1745, #3165, #5809, #2220, #5836, #5421, #4499, #430, #3109, #2247, #4920, #4948, #3135, #961, #486, #5448, #2866, #5031, #5062, #4646, #3255, #578, #4148, #1470, #5538, #5568 ),
 ( #1502, #2806, #3644, #516, #5475, #1406, #1948, #3223, #4584, #993, #1916, #3283, #4679, #1379, #5124, #5003, #2776, #4119, #3193, #107, #3314, #5094, #3671, #1023, #3734, #2836, #931, #2393, #4208, #1827, #2331, #2747, #75, #45, #138, #4615, #3765, #14, #4555, #1052, #4092, #2274, #2302, #1882, #1853, #3703, #5509, #1440, #548, #2363, #4177, #3914, #5686, #2008, #1623, #2068, #5246 ),
 ( #729, #166, #5627, #3344, #1112, #2452, #2542, #1592, #3438, #4237, #1979, #4353, #2422, #282, #3795, #2925, #1082, #5598, #4740, #1531, #5155, #1176, #2897, #3466, #5274, #640, #2096, #2512, #4710, #4265, #5716, #195, #2988, #4800, #3824, #254, #1561, #1654, #3885, #3374, #1205, #5184, #671, #224, #2483, #3855, #4297, #3016, #2038, #5657, #3406, #5215, #1144, #2957, #4772, #608, #702 ),
 ( #4326, #5856, #4464, #5357, #1261, #4941, #5744, #2126, #3607, #393, #1762, #1343, #865, #2627, #4057, #755, #3101, #4912, #4491, #3576, #5384, #2184, #1315, #4001, #5828, #1737, #3523, #3046, #3944, #5412, #1710, #3549, #3126, #5801, #2682, #809, #4028, #2212, #2239, #783, #2601, #1791, #1289, #311, #3073, #2153, #3971, #420, #5772, #4885, #834, #4828, #2572, #4382, #1682, #3495, #5302 ),
 ( #1234, #4857, #4409, #339, #5330, #4437, #365, #2653, #2767, #5441, #508, #4085, #5558, #3216, #4576, #7, #924, #4970, #896, #2711, #128, #1873, #4520, #2295, #1905, #4198, #2796, #3693, #5468, #3273, #1819, #451, #1938, #4604, #96, #3157, #5083, #953, #2382, #2267, #1430, #3245, #2826, #3724, #5528, #2323, #1459, #4139, #4167, #66, #1846, #1372, #3637, #3754, #38, #5498, #1013 ),
 ( #5024, #2353, #538, #566, #4997, #2740, #3186, #5051, #4548, #1400, #479, #4113, #4635, #3664, #983, #1042, #2856, #4669, #1491, #3304, #5114, #4124, #4153, #3229, #4560, #5101, #4686, #585, #2782, #2399, #2842, #143, #51, #1956, #1508, #937, #521, #1858, #1888, #5036, #3321, #2368, #4213, #5008, #2752, #5130, #3198, #1059, #492, #3711, #3676, #2307, #5514, #5480, #1412, #3772, #967 ),
 ( #4589, #2874, #3291, #2338, #80, #615, #1445, #2429, #5574, #4243, #4621, #173, #553, #1986, #4183, #3260, #5068, #998, #3802, #2812, #113, #1384, #1924, #3741, #5545, #1476, #4655, #1029, #3419, #2049, #1063, #3868, #1158, #4754, #206, #5669, #3895, #2878, #1542, #4336, #1093, #5578, #652, #5196, #1635, #2018, #2970, #2464, #5228, #235, #265, #5638, #5698, #3356, #3806, #4309, #4783 ),
 ( #2079, #712, #5609, #2523, #2999, #3835, #5166, #4811, #4279, #1124, #2495, #3386, #4690, #3449, #5257, #1573, #2936, #4364, #1606, #2554, #1187, #620, #1990, #738, #293, #2108, #1512, #3325, #5134, #2433, #4247, #685, #2907, #177, #4721, #5285, #4421, #5727, #5369, #4448, #4012, #1217, #2637, #1721, #1748, #406, #376, #3560, #1301, #3028, #5396, #3955, #5813, #820, #2667, #3140, #4839 ),
 ( #2224, #766, #2583, #1665, #3478, #350, #514, #2137, #4393, #322, #959, #847, #5756, #1694, #3506, #3112, #2166, #2198, #4924, #4477, #4582, #5313, #2774, #1246, #794, #3058, #4869, #4041, #1327, #5840, #2612, #1775, #3588, #4953, #3982, #3926, #5784, #3534, #5341, #1272, #3085, #4897, #4262, #3311, #5152, #73, #3701, #2449, #4146, #2005, #5507, #4643, #2803, #1437, #575, #3252, #1880 ),
 ( #4612, #3792, #163, #2419, #4737, #5059, #192, #990, #5624, #2833, #545, #3821, #2360, #4174, #2389, #104, #5595, #2863, #4234, #1912, #1049, #135, #1976, #4707, #4676, #1528, #3341, #3731, #1558, #5535, #1079, #5121, #2894, #3371, #1467, #5565, #637, #5181, #3280, #5091, #1020, #4205, #1945, #2329, #3762, #1499, #605, #1109, #2922, #1589, #2954, #3403, #3942, #4407, #3464, #5212, #280 ),
 ( #1680, #5272, #5244, #4770, #3852, #1259, #3436, #1203, #3044, #1651, #4855, #2540, #5742, #3493, #3969, #2510, #2035, #1174, #4351, #1232, #4798, #3883, #5684, #337, #1621, #2986, #700, #5654, #3071, #727, #3014, #781, #4826, #2598, #2094, #5300, #2151, #5770, #4324, #1141, #3911, #5714, #1708, #753, #2570, #4380, #3521, #308, #2124, #5328, #668, #2480, #4294, #252, #221, #2066, #1760 ),
 ( #2710, #2294, #4084, #391, #5, #450, #3636, #3547, #5440, #4996, #4434, #4026, #1735, #5382, #832, #923, #5854, #1818, #2625, #363, #2739, #807, #4547, #2182, #1313, #5354, #3998, #3124, #5798, #1286, #1371, #3099, #1845, #3663, #4910, #478, #895, #2651, #4462, #4112, #2210, #3185, #36, #5825, #4519, #3573, #5467, #2266, #4938, #1399, #862, #2680, #4489, #419, #2238, #4056, #4882 ),
 ( #1789, #3604, #5411, #1342, #3156, #4969, #1937, #952, #2352, #1968, #4256, #2855, #3753, #5527, #3334, #4138, #507, #1999, #4668, #155, #5618, #5145, #1012, #2442, #5023, #1490, #3303, #2887, #3784, #5588, #565, #1521, #2381, #4226, #127, #4197, #65, #3214, #3272, #4634, #1872, #982, #2766, #4575, #2322, #186, #5557, #3691, #4166, #1072, #3815, #598, #5113, #1458, #4699, #5496, #1429 ),
 ( #630, #3244, #5050, #2825, #2795, #4603, #1041, #2411, #537, #95, #1904, #3723, #5082, #721, #2564, #4345, #245, #5648, #4730, #2145, #4318, #274, #3935, #2533, #5736, #3429, #747, #4820, #4849, #3395, #2916, #2058, #5237, #2118, #5678, #4763, #694, #1226, #2504, #3877, #2088, #1197, #4374, #3963, #662, #4401, #4288, #1615, #5205, #2474, #5266, #774, #302, #2947, #1674, #3008, #3487 ),
 ( #3904, #5294, #3038, #1582, #2592, #331, #1168, #1134, #1552, #2979, #4792, #5707, #1645, #215, #3365, #5175, #3458, #1102, #2027, #3846, #2731, #2675, #802, #2176, #1337, #3598, #5849, #2286, #1702, #5876, #4877, #3177, #386, #3991, #5433, #4429, #1254, #2205, #3516, #3149, #414, #1784, #3066, #4484, #3567, #2620, #358, #4539, #2703, #5793, #1730, #3542, #4962, #3628, #2232, #5349, #5377 ),
 ( #1281, #4077, #4988, #4456, #3093, #5322, #4905, #5764, #1811, #5405, #888, #827, #2645, #4511, #914, #470, #443, #4050, #4020, #2258, #1364, #4931, #5820, #1755, #1308, #3119, #856, #2848, #5487, #4103, #5042, #3716, #148, #527, #5550, #973, #1929, #4627, #4660, #4159, #4218, #1865, #2314, #2818, #3746, #4131, #5074, #590, #3296, #58, #5106, #1514, #4595, #3683, #3327, #2787, #5520 ),
 ( #3205, #1961, #1034, #2345, #87, #2880, #558, #1065, #1004, #5016, #499, #1481, #2404, #4188, #622, #28, #3777, #944, #5137, #1894, #1419, #5580, #2759, #5459, #1451, #1838, #4692, #2373, #120, #1391, #3655, #3265, #4567, #3236, #2972, #267, #3897, #1545, #3928, #2466, #4338, #5230, #1189, #1667, #3358, #5671, #3001, #4813, #5168, #5611, #179, #1992, #2938, #4842, #654, #2435, #4366 ),
 ( #3838, #3808, #740, #3480, #5287, #2081, #4785, #1095, #714, #5700, #1608, #4756, #2526, #2557, #2909, #4281, #295, #5640, #4249, #3388, #2051, #2110, #687, #1637, #5198, #3451, #5259, #5729, #2497, #1219, #208, #2020, #1160, #3030, #1575, #3421, #4723, #1126, #4311, #238, #3870, #1274, #2614, #5869, #3536, #378, #3562, #4451, #5758, #880, #1777, #3087, #1723, #5426, #1303, #3621, #5371 ),
 ( #2226, #4479, #849, #3170, #2585, #2695, #1696, #4070, #4899, #3060, #435, #5315, #2139, #822, #4395, #4043, #3114, #2669, #3957, #4926, #2200, #408, #3142, #5842, #3590, #5398, #3509, #2252, #796, #1329, #4955, #4504, #1805, #1248, #4014, #1356, #768, #4871, #4423, #325, #352, #2639, #2170, #3985, #5786, #5343, #5815, #1750, #20, #1383, #1831, #2367, #2841, #1887, #3648, #4588, #4123 ),
 ( #3709, #3675, #3197, #2278, #5573, #1955, #5007, #5100, #997, #5453, #4532, #4212, #4559, #4182, #3740, #936, #4619, #2751, #1028, #112, #491, #3771, #2306, #49, #520, #1857, #2336, #5479, #1507, #5035, #4152, #1411, #3227, #908, #2724, #463, #4982, #5513, #4096, #966, #5544, #142, #552, #1444, #2781, #4653, #79, #3259, #5067, #1923, #1475, #2811, #584, #3290, #2398, #5129, #1601 ),
 ( #4242, #2930, #2458, #4360, #3351, #1631, #2550, #2013, #1537, #1058, #2428, #5723, #5253, #3414, #5221, #4716, #2873, #2075, #289, #2104, #1154, #5664, #4685, #2965, #4779, #2490, #3830, #708, #3445, #614, #5161, #3891, #646, #3320, #4273, #4747, #1182, #5633, #2519, #201, #4332, #3861, #5691, #3381, #2995, #1088, #2902, #2044, #261, #1568, #4304, #4805, #734, #5191, #3922, #172, #1119 ),
 ( #680, #230, #1985, #3801, #5604, #1769, #2661, #2161, #2608, #428, #2192, #4498, #4443, #2579, #3951, #4893, #401, #4035, #4389, #4835, #5281, #1212, #3978, #4064, #5751, #318, #762, #2246, #4471, #2133, #1690, #3502, #4919, #5391, #372, #5309, #1268, #790, #2689, #1242, #5835, #873, #346, #3054, #3024, #4865, #1661, #3583, #1744, #3556, #4417, #5780, #2219, #3473, #1717, #5364, #4008 ) ),
 .UNSPECIFIED., .F., .F., .F.,
 ( 4, 1, 1, 1, 1, 1, 1, 1, 1, 1, 1, 1, 1, 1, 1, 1, 1, 1, 1, 1, 1, 1, 1, 1, 1, 1, 1, 1, 1, 1, 1, 1, 1, 1, 1, 1, 1, 1, 1, 1, 4 ),
 ( 4, 1, 1, 1, 1, 1, 1, 1, 1, 1, 1, 1, 1, 1, 1, 1, 1, 1, 1, 1, 1, 1, 1, 1, 1, 1, 1, 1, 1, 1, 1, 1, 1, 1, 1, 1, 1, 1, 1, 1, 1, 1, 1, 1, 1, 1, 1, 1, 1, 1, 1, 1, 1, 1, 4 ),
 ( 0.000000000000000000, 0.007812500000000000000, 0.01562500000000000000, 0.02343750000000000000, 0.03125000000000000000, 0.03906250000000000000, 0.04687500000000000000, 0.05468750000000000000, 0.06250000000000000000, 0.07812500000000000000, 0.09375000000000000000, 0.1093750000000000000, 0.1250000000000000000, 0.1406250000000000000, 0.1562500000000000000, 0.1718750000000000000, 0.1875000000000000000, 0.2031250000000000000, 0.2187500000000000000, 0.2500000000000000000, 0.2812500000000000000, 0.3125000000000000000, 0.3437500000000000000, 0.3750000000000000000, 0.4062500000000000000, 0.4375000000000000000, 0.4687500000000000000, 0.5000000000000000000, 0.5312500000000000000, 0.5625000000000000000, 0.5937500000000000000, 0.6250000000000000000, 0.6562500000000000000, 0.6875000000000000000, 0.7187500000000000000, 0.7500000000000000000, 0.7812500000000000000, 0.8125000000000000000, 0.8750000000000000000, 0.9375000000000000000, 1.000000000000000000 ),
 ( 0.000000000000000000, 0.02343750000000000000, 0.06250000000000000000, 0.07812500000000000000, 0.1054687500000000000, 0.1093750000000000000, 0.1132812500000000000, 0.1144476432969474267, 0.1171875000000000000, 0.1250000000000000000, 0.1289062500000000000, 0.1328125000000000000, 0.1406250000000000000, 0.1445312500000000000, 0.1523437500000000000, 0.1532350075252634780, 0.1562500000000000000, 0.2031250000000000000, 0.2343750000000000000, 0.2968750000000000000, 0.3125000000000000000, 0.3281250000000000000, 0.3416163961991939280, 0.3593750000000000000, 0.3750000000000000000, 0.4062500000000000000, 0.5000000000000000000, 0.5297627487251538314, 0.5312500000000000000, 0.5937500000000000000, 0.6250000000000000000, 0.6553503411625909436, 0.6562500000000000000, 0.6875000000000000000, 0.7031250000000000000, 0.7187500000000000000, 0.7656250000000000000, 0.7812500000000000000, 0.7814068372761135972, 0.7890625000000000000, 0.7968750000000000000, 0.8046875000000000000, 0.8125000000000000000, 0.8203125000000000000, 0.8281250000000000000, 0.8359375000000000000, 0.8437500000000000000, 0.8593750000000000000, 0.8671875000000000000, 0.8712016975803168473, 0.8750000000000000000, 0.8906250000000000000, 0.9062500000000000000, 0.9218750000000000000, 1.000000000000000000 ),
 .UNSPECIFIED. ) ;
#1138 = CARTESIAN_POINT ( 'NONE',  ( 5.661410658111031502, 6.195133798693864158, 9.824303045623002717 ) ) ;
#1139 = EDGE_LOOP ( 'NONE', ( #5506, #3411, #335, #3626 ) ) ;
#1140 = DIRECTION ( 'NONE',  ( -5.238591331936744585E-15, -0.6580540653367317194, 0.7529706814304261142 ) ) ;
#1141 = CARTESIAN_POINT ( 'NONE',  ( 4.840600122632032765, 5.925177767276218255, -0.1976412991552173315 ) ) ;
#1142 = CYLINDRICAL_SURFACE ( 'NONE', #3507, 0.09999999999999947820 ) ;
#1143 = CARTESIAN_POINT ( 'NONE',  ( 0.09187032960905526513, 10.95756560157603055, 39.80006712722220641 ) ) ;
#1144 = CARTESIAN_POINT ( 'NONE',  ( 2.388070566370957160, 6.135718723550886544, -8.644993261552052388 ) ) ;
#1145 = CARTESIAN_POINT ( 'NONE',  ( 1.588579495526126317, 9.886748560071167091, 4.087594266164400025 ) ) ;
#1146 = AXIS2_PLACEMENT_3D ( 'NONE', #795, #5060, #3535 ) ;
#1147 = AXIS2_PLACEMENT_3D ( 'NONE', #5603, #1536, #4715 ) ;
#1148 = AXIS2_PLACEMENT_3D ( 'NONE', #4006, #5721, #5335 ) ;
#1149 = CARTESIAN_POINT ( 'NONE',  ( 1.304733754746451257, 10.87328583706190166, 10.01255914850199247 ) ) ;
#1150 = CARTESIAN_POINT ( 'NONE',  ( 4.223935059212061027, 9.409880114308204924, 12.14117575459375686 ) ) ;
#1151 = CARTESIAN_POINT ( 'NONE',  ( 0.1591244563101966991, 10.44489702071463988, 48.58575425994024499 ) ) ;
#1152 = CARTESIAN_POINT ( 'NONE',  ( 5.806211779231635006, 5.476910267510160857, 12.95146459653337878 ) ) ;
#1153 = CARTESIAN_POINT ( 'NONE',  ( 5.888781405554282422, 4.227756643429196437, 10.26895888606040863 ) ) ;
#1154 = CARTESIAN_POINT ( 'NONE',  ( 5.491631926873887792, 1.709306871648026860, 39.72115881143475491 ) ) ;
#1155 = CARTESIAN_POINT ( 'NONE',  ( 2.281442005183657251, 8.294693486283275519, 53.13740808487062850 ) ) ;
#1156 = CARTESIAN_POINT ( 'NONE',  ( 0.3621657006125372225, 10.65935101554774178, 46.42207096317235937 ) ) ;
#1157 = CARTESIAN_POINT ( 'NONE',  ( 0.3283910968774991224, 10.93233060727333417, 10.43758482879220040 ) ) ;
#1158 = CARTESIAN_POINT ( 'NONE',  ( 4.680834591923449750, 7.930050676274715826, 10.78381895511867050 ) ) ;
#1159 = CARTESIAN_POINT ( 'NONE',  ( 5.492139519047097629, 1.576587811583950227, 12.53300595598990341 ) ) ;
#1160 = CARTESIAN_POINT ( 'NONE',  ( 5.506042908639659395, 3.743297603236984905, 10.78080035197135800 ) ) ;
#1161 = CARTESIAN_POINT ( 'NONE',  ( 0.4637098828490384683, 3.439661979296198879, -14.99999999999999467 ) ) ;
#1162 = CARTESIAN_POINT ( 'NONE',  ( 0.8787441524034776963, 10.66166657588201261, 12.45300639490905148 ) ) ;
#1163 = VECTOR ( 'NONE', #4525, 39.37007874015748143 ) ;
#1164 = CARTESIAN_POINT ( 'NONE',  ( 0.02348390464579680134, 10.98935528210236789, 11.28777730736808671 ) ) ;
#1165 = CARTESIAN_POINT ( 'NONE',  ( 3.560140276665159753, 10.07848366993115263, 12.56199171724597718 ) ) ;
#1166 = CARTESIAN_POINT ( 'NONE',  ( 5.854660562907238130, 4.536463031830615833, 7.930145974500986128 ) ) ;
#1167 = CARTESIAN_POINT ( 'NONE',  ( 5.292189467997830299, 1.574531048181199600, 54.79921150741778746 ) ) ;
#1168 = CARTESIAN_POINT ( 'NONE',  ( 4.816603116017462938, 4.325126053344964916, 53.28440536690761320 ) ) ;
#1169 = CARTESIAN_POINT ( 'NONE',  ( -0.03625191103727924691, 11.01665459638527622, 11.71186598116024591 ) ) ;
#1170 = CARTESIAN_POINT ( 'NONE',  ( 5.892125857853605986, 1.562166717968203278, 12.14720580883844114 ) ) ;
#1171 = CARTESIAN_POINT ( 'NONE',  ( 5.553714807391590291, 6.742541066347632395, 11.30418619289120663 ) ) ;
#1172 = CARTESIAN_POINT ( 'NONE',  ( 5.896338899641984987, 4.003399429903836904, 10.29100576062003292 ) ) ;
#1173 = CARTESIAN_POINT ( 'NONE',  ( 5.508102353699355191, 3.245596722852313931, 10.62326199507672619 ) ) ;
#1174 = CARTESIAN_POINT ( 'NONE',  ( 5.328711723505915820, 6.439010835556378431, 48.50982357043744031 ) ) ;
#1175 = CARTESIAN_POINT ( 'NONE',  ( 4.936774286095657160, 7.410019063587870214, 12.95146459653338233 ) ) ;
#1176 = CARTESIAN_POINT ( 'NONE',  ( 3.956656556309976036, 9.508348736985196226, 37.30838509040938078 ) ) ;
#1177 = CARTESIAN_POINT ( 'NONE',  ( 0.4868388538557494871, 3.879921044283138887, 57.29006770188485831 ) ) ;
#1178 = CARTESIAN_POINT ( 'NONE',  ( 1.037103437133436445, 10.84538876388557505, 9.373354559228255667 ) ) ;
#1179 = CARTESIAN_POINT ( 'NONE',  ( 4.508904505789860018, 8.957973155320855696, 10.44979191463762369 ) ) ;
#1180 = CARTESIAN_POINT ( 'NONE',  ( -0.003937007874041505151, 10.34788510452478327, 7.955401604407356331 ) ) ;
#1181 = CARTESIAN_POINT ( 'NONE',  ( 5.705621539297137446, 2.423630342976938135, 12.65146459653338873 ) ) ;
#1182 = CARTESIAN_POINT ( 'NONE',  ( 5.490880509957006161, 1.755322927465993610, 4.168259116749196913 ) ) ;
#1183 = CARTESIAN_POINT ( 'NONE',  ( 2.302503792589331688, 8.653086089755293031, -1.796189082753340882 ) ) ;
#1184 = CARTESIAN_POINT ( 'NONE',  ( 0.1927657239897101471, 8.334688851771616669, -5.801027016706501449 ) ) ;
#1185 = EDGE_CURVE ( 'NONE', #1435, #3975, #3786, .T. ) ;
#1186 = CARTESIAN_POINT ( 'NONE',  ( 0.3275651895082697940, 11.01841960429699085, 11.71124484775385000 ) ) ;
#1187 = CARTESIAN_POINT ( 'NONE',  ( 5.089203941876954573, 7.921181301603385627, 39.76008409321740089 ) ) ;
#1188 = CARTESIAN_POINT ( 'NONE',  ( 5.892125859303629198, 1.562164125519301727, 12.43414023545892988 ) ) ;
#1189 = CARTESIAN_POINT ( 'NONE',  ( 5.269386603768889010, 3.802256703890162459, -1.874903564512627296 ) ) ;
#1190 = CARTESIAN_POINT ( 'NONE',  ( 1.327179701917738264, 10.88167419818958237, 33.64214446869247155 ) ) ;
#1191 = CARTESIAN_POINT ( 'NONE',  ( -0.007874015747917769217, 1.562500000000000000, -14.99999999999999822 ) ) ;
#1192 = CARTESIAN_POINT ( 'NONE',  ( 0.02365382977931820146, 10.88680342689645286, 9.799598386217022394 ) ) ;
#1193 = B_SPLINE_CURVE_WITH_KNOTS ( 'NONE', 3,
 ( #728, #1681, #2541, #4352, #3465, #338, #1204, #3015, #754, #2571, #2152, #3970, #392, #5383, #1761, #3574, #1314, #3125, #4939, #5826, #863, #2681, #2211, #4027, #2901, #3828, #644, #678, #170, #229, #3769, #4211, #4714, #2042, #1599, #707, #2456, #1474, #5662, #2397, #2012, #111, #1984, #3412, #612, #3859, #1117, #4270, #3379, #3800, #5602, #1152, #5220, #1027, #3738, #2929, #5542, #3288, #1535, #2488, #2962, #2517, #1920, #4777 ),
 .UNSPECIFIED., .F., .F.,
 ( 4, 2, 2, 2, 2, 2, 2, 2, 2, 2, 2, 2, 2, 2, 2, 2, 2, 2, 2, 2, 2, 2, 2, 2, 2, 2, 2, 2, 2, 2, 2, 4 ),
 ( 0.000000000000000000, 0.002564452992759742086, 0.005128905985519485906, 0.01025781197103897355, 0.02051562394207795750, 0.04103124788415591501, 0.04616015386967540352, 0.04872460686243516165, 0.05128905985519492672, 0.06154687182623395231, 0.07180468379727299177, 0.08206249576831202430, 0.08719140175383154057, 0.09232030773935105683, 0.1025781197103900616, 0.1128359316814290664, 0.1230937436524680711, 0.1282226496379876013, 0.1333515556235071176, 0.1436093675945462056, 0.1641249915366242984, 0.1743828035076633309, 0.1795117094931829305, 0.1846406154787024467, 0.2051562394207807061, 0.2256718633628589654, 0.2359296753338980812, 0.2461874873049371970, 0.2667031112470155119, 0.2872187351890938545, 0.3077343591311721416, 0.3282499830732504287 ),
 .UNSPECIFIED. ) ;
#1194 = CARTESIAN_POINT ( 'NONE',  ( 3.540746853945309969, 10.01981836640786483, 11.29226009537515019 ) ) ;
#1195 = CARTESIAN_POINT ( 'NONE',  ( 5.882329909772002097, 4.338609527229769114, 9.616093046712700598 ) ) ;
#1196 = CARTESIAN_POINT ( 'NONE',  ( 2.936241120370550295, 1.562499999999999556, -13.13044095605885708 ) ) ;
#1197 = CARTESIAN_POINT ( 'NONE',  ( 5.070878898134299817, 4.838219606687090391, -1.235024421272072237 ) ) ;
#1198 = CARTESIAN_POINT ( 'NONE',  ( -0.03084878099189290734, 10.93155255363884848, 10.43799693139827767 ) ) ;
#1199 = CARTESIAN_POINT ( 'NONE',  ( 5.895181057855061191, 2.161484346467985151, 12.14797406131942203 ) ) ;
#1200 = CARTESIAN_POINT ( 'NONE',  ( 5.618628701825852723, 6.480708602472743607, 11.30432998024206093 ) ) ;
#1201 = VERTEX_POINT ( 'NONE', #2828 ) ;
#1202 = CARTESIAN_POINT ( 'NONE',  ( 1.257673787213192007, 10.71991643825915297, 7.955401604407371430 ) ) ;
#1203 = CARTESIAN_POINT ( 'NONE',  ( 4.394369308812760444, 5.579971900293227094, 53.12198939812432741 ) ) ;
#1204 = CARTESIAN_POINT ( 'NONE',  ( 0.3340775240962238768, 11.09663723683450520, 12.95146459653335214 ) ) ;
#1205 = CARTESIAN_POINT ( 'NONE',  ( 3.433098083131420619, 8.151282990904606507, -0.6000364940890092758 ) ) ;
#1206 = CARTESIAN_POINT ( 'NONE',  ( 1.149276721787100053, 8.418693689553128578, 54.11986104133981712 ) ) ;
#1207 = CARTESIAN_POINT ( 'NONE',  ( 1.443759702681510548, 10.94352517721582352, 11.28846531678857268 ) ) ;
#1208 = CARTESIAN_POINT ( 'NONE',  ( 4.563241860067656752, 8.776109065399253950, 8.754895175246607764 ) ) ;
#1209 = ORIENTED_EDGE ( 'NONE', *, *, #3605, .T. ) ;
#1210 = DIRECTION ( 'NONE',  ( 0.9991388587284479872, 0.04149145669670870756, 6.951240325576533929E-15 ) ) ;
#1211 = CARTESIAN_POINT ( 'NONE',  ( 5.496944981070413405, 3.959677147499694350, 10.19272373633536333 ) ) ;
#1212 = CARTESIAN_POINT ( 'NONE',  ( 5.492125984321886811, 1.562499999999997113, 37.29278143493322517 ) ) ;
#1213 = CARTESIAN_POINT ( 'NONE',  ( 3.012684394732902060, 10.21679444274670168, 18.26376923762227733 ) ) ;
#1214 = CARTESIAN_POINT ( 'NONE',  ( 0.3644169390482598914, 10.03797618226403898, 51.11602271945672982 ) ) ;
#1215 = EDGE_CURVE ( 'NONE', #4509, #369, #4228, .T. ) ;
#1216 = CARTESIAN_POINT ( 'NONE',  ( 0.3238818999577819935, 10.87180076553293340, 9.586446677031569052 ) ) ;
#1217 = CARTESIAN_POINT ( 'NONE',  ( 4.342485914237609101, 6.736777399980576675, -1.218512686753871810 ) ) ;
#1218 = CARTESIAN_POINT ( 'NONE',  ( 5.566188853741299347, 4.095166852420907055, 10.21022914903228695 ) ) ;
#1219 = CARTESIAN_POINT ( 'NONE',  ( 5.494455787662878343, 4.441353825544497980, 18.26112342142424794 ) ) ;
#1220 = CARTESIAN_POINT ( 'NONE',  ( 1.391779866790213038, 10.51505069948961690, 10.78688194948868784 ) ) ;
#1221 = CARTESIAN_POINT ( 'NONE',  ( 1.204900855934963211, 10.81330477795395417, 42.67998995052927569 ) ) ;
#1222 = CARTESIAN_POINT ( 'NONE',  ( 0.02374169333414949748, 10.93157732808719373, 10.43796534005828391 ) ) ;
#1223 = CARTESIAN_POINT ( 'NONE',  ( 3.514098461934080930, 9.906277997239362421, 9.171419605064421887 ) ) ;
#1224 = CARTESIAN_POINT ( 'NONE',  ( 5.887249113120304855, 4.437004470892963681, 11.30419586093409201 ) ) ;
#1225 = CARTESIAN_POINT ( 'NONE',  ( 0.5628490132502639298, 1.568176168222775946, 57.88467855595018818 ) ) ;
#1226 = CARTESIAN_POINT ( 'NONE',  ( 5.253309676964518005, 5.056913656711343741, 2.079418752615770138 ) ) ;
#1227 = CARTESIAN_POINT ( 'NONE',  ( -0.03072764691731440234, 10.91687459897345569, 10.22537231219664555 ) ) ;
#1228 = CARTESIAN_POINT ( 'NONE',  ( 5.892170065729392725, 1.813979737892436273, 10.25058124485432920 ) ) ;
#1229 = CARTESIAN_POINT ( 'NONE',  ( 5.678383438540335781, 6.241073392103386297, 12.99491438250276154 ) ) ;
#1230 = ORIENTED_EDGE ( 'NONE', *, *, #2544, .T. ) ;
#1231 = CARTESIAN_POINT ( 'NONE',  ( 1.968573035628949697, 10.59821455252305178, 7.955401604407370542 ) ) ;
#1232 = CARTESIAN_POINT ( 'NONE',  ( 5.570012926851173773, 6.765697478530589670, 42.58904558418416286 ) ) ;
#1233 = CARTESIAN_POINT ( 'NONE',  ( 5.171146430824153484, 6.671208627279130887, 12.95146459653339299 ) ) ;
#1234 = CARTESIAN_POINT ( 'NONE',  ( -0.007874015748423630195, 1.562500000000000000, 57.50000000000000000 ) ) ;
#1235 = CARTESIAN_POINT ( 'NONE',  ( 1.383348934717392398, 9.474098444902995908, 51.95266642012057901 ) ) ;
#1236 = CARTESIAN_POINT ( 'NONE',  ( 2.019311720670728949, 10.87007075998572603, 12.13856451519255586 ) ) ;
#1237 = CARTESIAN_POINT ( 'NONE',  ( 1.534674099839800965, 10.74979664415855929, 8.734320881566395300 ) ) ;
#1238 = CARTESIAN_POINT ( 'NONE',  ( 4.320501744289039436, 9.131097841270433335, 9.388989410040984751 ) ) ;
#1239 = VERTEX_POINT ( 'NONE', #2798 ) ;
#1240 = DIRECTION ( 'NONE',  ( -0.04149145669670985248, 0.9991388587284476541, 0.000000000000000000 ) ) ;
#1241 = CARTESIAN_POINT ( 'NONE',  ( -0.007874015748423630195, 1.562500000000000000, 57.50000000000000000 ) ) ;
#1242 = CARTESIAN_POINT ( 'NONE',  ( 5.492123030013355667, 1.562499999999998668, -0.2022392846348178841 ) ) ;
#1243 = CARTESIAN_POINT ( 'NONE',  ( 2.894322180273270817, 8.849343543971192716, 51.14906181324742107 ) ) ;
#1244 = CARTESIAN_POINT ( 'NONE',  ( 0.4961108255448072879, 10.94283757972596938, 39.79752852188854462 ) ) ;
#1245 = CARTESIAN_POINT ( 'NONE',  ( 0.5114091619045942894, 10.99077326823886303, 11.28711467796514256 ) ) ;
#1246 = CARTESIAN_POINT ( 'NONE',  ( 4.988216409555324304, 7.389519311745095465, 34.88782531173227852 ) ) ;
#1247 = CARTESIAN_POINT ( 'NONE',  ( 5.825915180515043978, 1.562219709286363223, 12.43463891077630912 ) ) ;
#1248 = CARTESIAN_POINT ( 'NONE',  ( 5.505192335934892434, 2.997295676390585140, 9.124352167754675946 ) ) ;
#1249 = CARTESIAN_POINT ( 'NONE',  ( 1.201041478807353791, 10.87535113539630238, 39.79308596255464892 ) ) ;
#1250 = CARTESIAN_POINT ( 'NONE',  ( 0.01389748560756691280, 10.88680136295112533, 9.799602918716946220 ) ) ;
#1251 = CARTESIAN_POINT ( 'NONE',  ( 4.100476834828564066, 9.433040650541057559, 10.23531733182464798 ) ) ;
#1252 = CARTESIAN_POINT ( 'NONE',  ( 5.883118731733754103, 4.349657688022672275, 9.826979367990787750 ) ) ;
#1253 = CARTESIAN_POINT ( 'NONE',  ( 5.074898526525013942, 1.562500000000002887, -7.716267824454450697 ) ) ;
#1254 = CARTESIAN_POINT ( 'NONE',  ( 5.371456669770394043, 4.763221086101485646, 4.143207920915414455 ) ) ;
#1255 = CARTESIAN_POINT ( 'NONE',  ( -0.02605058904339484227, 11.07034290683679245, 12.55936582080672537 ) ) ;
#1256 = CARTESIAN_POINT ( 'NONE',  ( 5.892346917020019781, 1.856585121983583830, 11.72571592034065979 ) ) ;
#1257 = CARTESIAN_POINT ( 'NONE',  ( 5.610597916890740500, 6.466063754164451005, 10.24683154567230225 ) ) ;
#1258 = PLANE ( 'NONE',  #5846 ) ;
#1259 = CARTESIAN_POINT ( 'NONE',  ( 4.096356409333620441, 5.228124703232885473, 53.98570381802884555 ) ) ;
#1260 = CARTESIAN_POINT ( 'NONE',  ( 3.750484951519800436, 9.381326681390943278, 12.95146459653338233 ) ) ;
#1261 = CARTESIAN_POINT ( 'NONE',  ( 2.674840624781005261, 6.200918948362228456, 54.97282162508918901 ) ) ;
#1262 = CARTESIAN_POINT ( 'NONE',  ( 0.6065925186113850787, 3.806929244377055710, 57.28729953333009917 ) ) ;
#1263 = CARTESIAN_POINT ( 'NONE',  ( 1.970059550278369098, 10.76938646238782304, 10.22708827758130212 ) ) ;
#1264 = CARTESIAN_POINT ( 'NONE',  ( 4.386546517106774346, 8.953070390370120535, 7.904671472511695995 ) ) ;
#1265 = VERTEX_POINT ( 'NONE', #4169 ) ;
#1266 = CARTESIAN_POINT ( 'NONE',  ( 5.820969262717060388, 4.105747173878562251, 10.21022914903228873 ) ) ;
#1267 = CYLINDRICAL_SURFACE ( 'NONE', #2664, 0.09999999999999947820 ) ;
#1268 = CARTESIAN_POINT ( 'NONE',  ( 5.492127419881016159, 1.562499999999999778, 4.170263212415899368 ) ) ;
#1269 = CARTESIAN_POINT ( 'NONE',  ( 3.300829838594716570, 9.983536888016416810, 31.92479939552399770 ) ) ;
#1270 = CARTESIAN_POINT ( 'NONE',  ( 0.4924559664986251084, 10.88136597930277816, 42.68993699059820557 ) ) ;
#1271 = CARTESIAN_POINT ( 'NONE',  ( 0.5096069654348428513, 11.01845498254859379, 11.71110697788532029 ) ) ;
#1272 = CARTESIAN_POINT ( 'NONE',  ( 4.583628466853861383, 6.567630615815256867, -0.1969339167737413909 ) ) ;
#1273 = CARTESIAN_POINT ( 'NONE',  ( 6.927459034753744582, 5.577156794348943514, 7.955401604407404292 ) ) ;
#1274 = CARTESIAN_POINT ( 'NONE',  ( 5.367645452614642210, 3.385079200958252876, -1.246949562868550299 ) ) ;
#1275 = CARTESIAN_POINT ( 'NONE',  ( 1.052168819094106089, 10.94220633149839550, 20.74944964414613224 ) ) ;
#1276 = CARTESIAN_POINT ( 'NONE',  ( 0.1377638478241048348, 10.85620653332303220, 9.373418100637064043 ) ) ;
#1277 = CARTESIAN_POINT ( 'NONE',  ( 4.019966142968647738, 9.361493855131191921, 7.901065473001954054 ) ) ;
#1278 = CARTESIAN_POINT ( 'NONE',  ( 5.903125579620412289, 3.542772047492745102, 9.407063873276321431 ) ) ;
#1279 = CARTESIAN_POINT ( 'NONE',  ( 5.892122090214826358, 1.564492918989687453, 5.813873702909877927 ) ) ;
#1280 = B_SPLINE_CURVE_WITH_KNOTS ( 'NONE', 3,
 ( #426, #3699, #5058, #3131, #5833, #2658, #2244, #4469, #399, #4062, #1767, #5861, #1349, #2716, #456, #3851, #5534, #134, #604, #3279, #4233, #3370, #1527, #4706, #2448, #667, #2479, #5090, #2802, #1078, #162, #2004, #3761, #1975, #5623, #5180, #3730, #4173, #4611, #544, #1498, #2418, #4293, #1019, #4261, #2921, #4675, #220 ),
 .UNSPECIFIED., .F., .F.,
 ( 4, 2, 2, 2, 2, 2, 2, 2, 2, 2, 2, 2, 2, 2, 2, 2, 2, 2, 2, 2, 2, 2, 2, 4 ),
 ( 9.984070424975694663E-05, 0.003283807837745604790, 0.006467774971241452633, 0.01283570923823315266, 0.02557157777221655270, 0.03830744630619996316, 0.04149141343969579149, 0.04467538057319163369, 0.05104331484018329729, 0.06377918337416665917, 0.07651505190815002799, 0.08288298617514174016, 0.08925092044213343845, 0.1019867889761168350, 0.1083547232431084639, 0.1115386903766043408, 0.1147226575101001761, 0.1274585260440835865, 0.1401943945780670109, 0.1465623288450586814, 0.1529302631120503519, 0.1656661316460336930, 0.1784020001800170341, 0.2038737372479837162 ),
 .UNSPECIFIED. ) ;
#1281 = CARTESIAN_POINT ( 'NONE',  ( -0.007874015748423630195, 1.562500000000000000, 57.50000000000000000 ) ) ;
#1282 = CARTESIAN_POINT ( 'NONE',  ( -0.01548311019993471246, 10.87164717740696496, 9.586631434464276680 ) ) ;
#1283 = CARTESIAN_POINT ( 'NONE',  ( 2.193983240499555176, 10.71438892207552662, 10.44049493613079704 ) ) ;
#1284 = CARTESIAN_POINT ( 'NONE',  ( 5.759247772976595847, 5.677462782321311963, 10.24758905643202311 ) ) ;
#1285 = CARTESIAN_POINT ( 'NONE',  ( 3.833319117135971510, 9.548457529794660559, 7.955401604407380312 ) ) ;
#1286 = CARTESIAN_POINT ( 'NONE',  ( 5.281625218141300593, 6.155618923598725978, 18.26203743065628871 ) ) ;
#1287 = CARTESIAN_POINT ( 'NONE',  ( 4.745959438077656856, 7.886885114758221071, 12.95146459653337523 ) ) ;
#1288 = EDGE_CURVE ( 'NONE', #1201, #3146, #4671, .T. ) ;
#1289 = CARTESIAN_POINT ( 'NONE',  ( 3.541339311169409143, 7.697990837941432574, -1.817522914258186795 ) ) ;
#1290 = CARTESIAN_POINT ( 'NONE',  ( 1.871675224117024028, 10.75389812141845525, 28.18522858477083659 ) ) ;
#1291 = CARTESIAN_POINT ( 'NONE',  ( 1.981349317440484592, 10.83352121035149551, 11.28991704477076752 ) ) ;
#1292 = CARTESIAN_POINT ( 'NONE',  ( 4.613385882545118832, 8.902189120283120261, 12.14367030984264773 ) ) ;
#1293 = ORIENTED_EDGE ( 'NONE', *, *, #2524, .T. ) ;
#1294 = FACE_OUTER_BOUND ( 'NONE', #573, .T. ) ;
#1295 = CARTESIAN_POINT ( 'NONE',  ( 5.493876178904585572, 4.049531268752691204, 10.08446168926464104 ) ) ;
#1296 = CARTESIAN_POINT ( 'NONE',  ( 5.492126003124878864, 1.562499999999999556, 12.60819926718230732 ) ) ;
#1297 = CARTESIAN_POINT ( 'NONE',  ( 2.105351318460714882, 6.774282052363552964, 55.00867141961282414 ) ) ;
#1298 = VECTOR ( 'NONE', #739, 39.37007874015748854 ) ;
#1299 = CARTESIAN_POINT ( 'NONE',  ( 0.2648502749210475682, 7.984935161789102231, -6.993370388507993418 ) ) ;
#1300 = CARTESIAN_POINT ( 'NONE',  ( 0.5795472626334441379, 10.93180583650332238, 10.43745628611636711 ) ) ;
#1301 = CARTESIAN_POINT ( 'NONE',  ( 3.763061568791134182, 5.873414656532765399, -5.849110764142889884 ) ) ;
#1302 = CARTESIAN_POINT ( 'NONE',  ( 5.179167021931663228, 7.352715131837944007, 7.955401604407391858 ) ) ;
#1303 = CARTESIAN_POINT ( 'NONE',  ( 3.059533099725217919, 2.437928271886109499, -12.97782674439389083 ) ) ;
#1304 = CARTESIAN_POINT ( 'NONE',  ( 0.6804197571939343270, 9.257196313494402418, -1.181361284087940611 ) ) ;
#1305 = CARTESIAN_POINT ( 'NONE',  ( 0.1391333828134811157, 10.88688455044620973, 9.799503046011569296 ) ) ;
#1306 = CARTESIAN_POINT ( 'NONE',  ( 4.094654808006310098, 9.412741186998935916, 9.811433875745001032 ) ) ;
#1307 = CARTESIAN_POINT ( 'NONE',  ( 5.892112083184123605, 1.564926821377288890, 3.345437325836941422 ) ) ;
#1308 = CARTESIAN_POINT ( 'NONE',  ( 5.421032560045273563, 4.595064792372911988, 33.64132060001129787 ) ) ;
#1309 = CARTESIAN_POINT ( 'NONE',  ( -0.01339730836042126241, 10.96091347054988852, 10.86323495456303867 ) ) ;
#1310 = CARTESIAN_POINT ( 'NONE',  ( 2.270186700795803869, 10.76317629765521922, 11.71469384081584586 ) ) ;
#1311 = CARTESIAN_POINT ( 'NONE',  ( 5.756485800558223787, 5.666863855612658263, 9.825071794542909132 ) ) ;
#1312 = CARTESIAN_POINT ( 'NONE',  ( 4.548979235045968572, 8.740598298755475781, 7.955401604407395411 ) ) ;
#1313 = CARTESIAN_POINT ( 'NONE',  ( 5.224831825093254167, 6.173915573452122274, 33.64148135487597102 ) ) ;
#1314 = CARTESIAN_POINT ( 'NONE',  ( 1.974393078459035555, 10.92334638446711814, 12.95146459653337168 ) ) ;
#1315 = CARTESIAN_POINT ( 'NONE',  ( 4.176401134030591322, 9.184372350856158107, 36.12920072376562075 ) ) ;
#1316 = CARTESIAN_POINT ( 'NONE',  ( 1.548565203013473113, 9.389979014225501075, 51.95585821924053960 ) ) ;
#1317 = CARTESIAN_POINT ( 'NONE',  ( 2.056643571734381837, 10.70066969594004469, 9.588795693542044418 ) ) ;
#1318 = CARTESIAN_POINT ( 'NONE',  ( 4.810697591187109268, 8.487891877612634417, 10.24046451405510716 ) ) ;
#1319 = VERTEX_POINT ( 'NONE', #2443 ) ;
#1320 = CARTESIAN_POINT ( 'NONE',  ( 5.892125857824932034, 1.562158435612438501, 12.95146459640288406 ) ) ;
#1321 = CARTESIAN_POINT ( 'NONE',  ( -0.007874015748266306389, 11.00114223685225312, 34.88685970410452342 ) ) ;
#1322 = CARTESIAN_POINT ( 'NONE',  ( 5.492126003400566780, 1.562499999999999556, 12.95146459653338944 ) ) ;
#1323 = CARTESIAN_POINT ( 'NONE',  ( 3.350676147986042519, 10.03657498913914203, 24.06731195708594129 ) ) ;
#1324 = CARTESIAN_POINT ( 'NONE',  ( 1.075953661928408023, 9.453486079505742268, 0.4084017568930565223 ) ) ;
#1325 = CARTESIAN_POINT ( 'NONE',  ( 0.1165060464574610433, 4.041883709251802514, 57.29906424968810796 ) ) ;
#1326 = CARTESIAN_POINT ( 'NONE',  ( 0.5000104932417556158, 10.85601758063567424, 9.373312163430446375 ) ) ;
#1327 = CARTESIAN_POINT ( 'NONE',  ( 4.980713901138493327, 7.253475585355914745, 20.75022976923174767 ) ) ;
#1328 = DIRECTION ( 'NONE',  ( 1.000000000000000000, -0.000000000000000000, 3.478615742371893810E-15 ) ) ;
#1329 = CARTESIAN_POINT ( 'NONE',  ( 5.500454204775929057, 3.893061435985577745, 18.26088289267903519 ) ) ;
#1330 = CARTESIAN_POINT ( 'NONE',  ( 0.6659674161059059294, 7.898200462805468725, -6.993386367056567465 ) ) ;
#1331 = CARTESIAN_POINT ( 'NONE',  ( 4.938078509265277027, 7.938892328307831647, 12.65146459653338340 ) ) ;
#1332 = CIRCLE ( 'NONE', #4652, 0.09999999999999947820 ) ;
#1333 = CARTESIAN_POINT ( 'NONE',  ( 0.1167448768120717267, 11.07122480635629103, 12.55907672862480240 ) ) ;
#1334 = CARTESIAN_POINT ( 'NONE',  ( 4.054095343346921787, 9.493875447296840520, 10.44690589853933282 ) ) ;
#1335 = ORIENTED_EDGE ( 'NONE', *, *, #429, .T. ) ;
#1336 = CARTESIAN_POINT ( 'NONE',  ( 5.569229800167611266, 1.566904211615069320, 53.90072623727891710 ) ) ;
#1337 = CARTESIAN_POINT ( 'NONE',  ( 5.386989270696728838, 4.986476002843775568, 33.64136078872750346 ) ) ;
#1338 = CARTESIAN_POINT ( 'NONE',  ( -0.01600940970922352588, 11.01666395790359587, 11.71184853712033025 ) ) ;
#1339 = CARTESIAN_POINT ( 'NONE',  ( 2.329261356171894448, 10.71647510406367410, 11.29062774339325692 ) ) ;
#1340 = CARTESIAN_POINT ( 'NONE',  ( 5.704348682803813908, 6.114141547337595739, 12.99479516220138819 ) ) ;
#1341 = CARTESIAN_POINT ( 'NONE',  ( 4.440910203832697967, 8.886100178744573697, 7.955401604407385641 ) ) ;
#1342 = CARTESIAN_POINT ( 'NONE',  ( 3.195270439308398824, 3.505062589208588264, 56.25353666249661444 ) ) ;
#1343 = CARTESIAN_POINT ( 'NONE',  ( 3.497410809671567922, 7.898286187030263861, 52.00054340692049948 ) ) ;
#1344 = CARTESIAN_POINT ( 'NONE',  ( 1.590469454920256709, 9.508769546538688999, 51.55083736499967983 ) ) ;
#1345 = VECTOR ( 'NONE', #4642, 39.37007874015748143 ) ;
#1346 = CARTESIAN_POINT ( 'NONE',  ( 2.068270304967090301, 10.60045208052137866, 8.309962367493545443 ) ) ;
#1347 = CARTESIAN_POINT ( 'NONE',  ( 4.703150556540029115, 8.514607116483714933, 7.908165607922792439 ) ) ;
#1348 = ORIENTED_EDGE ( 'NONE', *, *, #3842, .F. ) ;
#1349 = CARTESIAN_POINT ( 'NONE',  ( 1.582108568481366495, 10.27158065299699885, 7.955401604407369653 ) ) ;
#1350 = CARTESIAN_POINT ( 'NONE',  ( -0.007874015748019505545, 9.413373376133046477, -0.5871316864203132146 ) ) ;
#1351 = DIRECTION ( 'NONE',  ( 6.957231484743787620E-15, -0.000000000000000000, -1.000000000000000000 ) ) ;
#1352 = CARTESIAN_POINT ( 'NONE',  ( 2.020201767366461620, 7.161078220359286206, -6.993444955067983138 ) ) ;
#1353 = CARTESIAN_POINT ( 'NONE',  ( 1.256998126320101550, 10.92409009903030181, 28.18510661327611899 ) ) ;
#1354 = CARTESIAN_POINT ( 'NONE',  ( 0.5972053569411425178, 10.93661884470060386, 39.79689387055512384 ) ) ;
#1355 = CARTESIAN_POINT ( 'NONE',  ( 0.5783701711782750499, 11.04543589682281457, 12.13512008420020294 ) ) ;
#1356 = CARTESIAN_POINT ( 'NONE',  ( 5.496098070979609673, 2.894709835108853824, 6.216187929335066364 ) ) ;
#1357 = EDGE_CURVE ( 'NONE', #2701, #398, #4922, .T. ) ;
#1358 = CARTESIAN_POINT ( 'NONE',  ( 0.09557023280032321544, 9.318886413870348662, -1.175857372581876392 ) ) ;
#1359 = CARTESIAN_POINT ( 'NONE',  ( 5.489321968507324456, 4.207017819104819978, 10.27670213604627847 ) ) ;
#1360 = CARTESIAN_POINT ( 'NONE',  ( 0.1207157490353322205, 10.98978393282950705, 11.28759764118428777 ) ) ;
#1361 = CARTESIAN_POINT ( 'NONE',  ( 4.109542833977200438, 9.462497069412117767, 10.87086950628378368 ) ) ;
#1362 = ORIENTED_EDGE ( 'NONE', *, *, #3209, .F. ) ;
#1363 = CARTESIAN_POINT ( 'NONE',  ( 5.892125976759926331, 1.562404724056476235, 29.01776200848659570 ) ) ;
#1364 = CARTESIAN_POINT ( 'NONE',  ( 5.603808230989413275, 4.490980352098875805, 39.73977525054813498 ) ) ;
#1365 = CARTESIAN_POINT ( 'NONE',  ( 0.06075857043872544966, 7.472432700487025237, -8.676659886075135830 ) ) ;
#1366 = CARTESIAN_POINT ( 'NONE',  ( 2.268868229432670969, 10.60569886474169898, 28.18530989910076912 ) ) ;
#1367 = CARTESIAN_POINT ( 'NONE',  ( -0.01852377347218631468, 10.98930416870984850, 11.28782003765918951 ) ) ;
#1368 = CARTESIAN_POINT ( 'NONE',  ( 2.472577694867390097, 10.74891821080011489, 12.98568416492443589 ) ) ;
#1369 = CARTESIAN_POINT ( 'NONE',  ( 5.683143182881354782, 6.049756827307840368, 9.190498672401481883 ) ) ;
#1370 = DIRECTION ( 'NONE',  ( -1.000000000000000000, 0.000000000000000000, -3.478615742371893810E-15 ) ) ;
#1371 = CARTESIAN_POINT ( 'NONE',  ( 5.297503850200274478, 6.156812384362905455, 15.73633242836526414 ) ) ;
#1372 = CARTESIAN_POINT ( 'NONE',  ( 2.928276912084265771, 6.058934611263413927, -7.639070971362036389 ) ) ;
#1373 = CARTESIAN_POINT ( 'NONE',  ( 1.336384953779618412, 7.755978474483642415, -6.560397758260562817 ) ) ;
#1374 = CARTESIAN_POINT ( 'NONE',  ( 2.044827347756821734, 10.81493389442483455, 11.29006888922226892 ) ) ;
#1375 = CARTESIAN_POINT ( 'NONE',  ( 4.778285145201283335, 8.686455544856107380, 12.99030737702188532 ) ) ;
#1376 = ORIENTED_EDGE ( 'NONE', *, *, #1103, .T. ) ;
#1377 =( CONVERSION_BASED_UNIT ( 'INCH', #72 ) LENGTH_UNIT ( ) NAMED_UNIT ( #246 ) );
#1378 = CARTESIAN_POINT ( 'NONE',  ( -0.007874015748375576620, 10.16226814213391449, 50.59279881856718930 ) ) ;
#1379 = CARTESIAN_POINT ( 'NONE',  ( 3.166426857980566556, 8.629105066599912277, 51.15332492212355930 ) ) ;
#1380 = CARTESIAN_POINT ( 'NONE',  ( 1.111650586265524820, 9.831240660940284926, 51.12561471442829486 ) ) ;
#1381 = CARTESIAN_POINT ( 'NONE',  ( 0.3821602528622065065, 9.461889263379372750, 52.96316129153080965 ) ) ;
#1382 = CARTESIAN_POINT ( 'NONE',  ( 0.7858943056330236487, 10.92899653498668577, 10.43748333248976046 ) ) ;
#1383 = CARTESIAN_POINT ( 'NONE',  ( 5.137299279725081824, 2.625229814489713043, -6.585734496931420878 ) ) ;
#1384 = CARTESIAN_POINT ( 'NONE',  ( 4.815993265453753835, 8.213487648659928198, 37.30541296555675501 ) ) ;
#1385 = CARTESIAN_POINT ( 'NONE',  ( 0.06504261391549431837, 4.052086855879121430, 57.30044833396552661 ) ) ;
#1386 = CARTESIAN_POINT ( 'NONE',  ( 1.760346832870385292, 10.88767900816508316, 11.28933969468077692 ) ) ;
#1387 = DIRECTION ( 'NONE',  ( 1.000000000000000000, 0.000000000000000000, 0.000000000000000000 ) ) ;
#1388 = CARTESIAN_POINT ( 'NONE',  ( 0.1400700175942110326, 10.91709249328830822, 10.22520875440709887 ) ) ;
#1389 = CARTESIAN_POINT ( 'NONE',  ( 4.128445796256265510, 9.308921770364218418, 8.751159577405832835 ) ) ;
#1390 = CARTESIAN_POINT ( 'NONE',  ( 5.892125855257023481, 1.562142767886578243, 13.24304762529459012 ) ) ;
#1391 = CARTESIAN_POINT ( 'NONE',  ( 5.478087354857415825, 4.807823479272792078, 18.26131584442051903 ) ) ;
#1392 = CARTESIAN_POINT ( 'NONE',  ( 0.1133050822735966606, 9.424942753880825919, 53.14792082583381472 ) ) ;
#1393 = CARTESIAN_POINT ( 'NONE',  ( 2.582199103335160562, 10.47908278642031377, 42.66009587039123119 ) ) ;
#1394 = CARTESIAN_POINT ( 'NONE',  ( 0.5523648649908110553, 10.15483128809298208, 50.25754252340000505 ) ) ;
#1395 = CARTESIAN_POINT ( 'NONE',  ( -0.01973252848503027554, 10.80926168375507501, 8.733562179193087971 ) ) ;
#1396 = CARTESIAN_POINT ( 'NONE',  ( 2.186170513190044851, 10.67452867146294260, 9.802267731713778076 ) ) ;
#1397 = CARTESIAN_POINT ( 'NONE',  ( 5.748006600822666456, 5.865569116692793017, 12.99444224309541163 ) ) ;
#1398 = CARTESIAN_POINT ( 'NONE',  ( 5.620417724951972893, 6.280632399799750409, 7.955401604407403404 ) ) ;
#1399 = CARTESIAN_POINT ( 'NONE',  ( 4.227776538902017656, 4.755808793040580795, -6.576921718263301742 ) ) ;
#1400 = CARTESIAN_POINT ( 'NONE',  ( 3.721001244504846817, 7.119875503509051740, 52.72259784511015113 ) ) ;
#1401 = CARTESIAN_POINT ( 'NONE',  ( 1.290628863311147789, 7.017713175403635262, -8.661194790377804154 ) ) ;
#1402 = CARTESIAN_POINT ( 'NONE',  ( 2.027820248461248642, 10.72379106747385258, 9.801585084680565885 ) ) ;
#1403 = CARTESIAN_POINT ( 'NONE',  ( 4.665009414344603478, 8.722417237965007786, 10.23924571599566669 ) ) ;
#1404 = ORIENTED_EDGE ( 'NONE', *, *, #3215, .T. ) ;
#1405 = CARTESIAN_POINT ( 'NONE',  ( -0.007874015748346605004, 10.67192090994640452, 46.42859685748531007 ) ) ;
#1406 = CARTESIAN_POINT ( 'NONE',  ( 2.556105466806116944, 7.307538777666753305, 54.06897381870457053 ) ) ;
#1407 = CARTESIAN_POINT ( 'NONE',  ( 0.5577247795238700068, 5.357140488235104137, -13.06024834366208154 ) ) ;
#1408 = CARTESIAN_POINT ( 'NONE',  ( 0.3996656099407072116, 7.963333356010490860, -6.993375714690852618 ) ) ;
#1409 = CIRCLE ( 'NONE', #85, 0.09999999999999947820 ) ;
#1410 = CARTESIAN_POINT ( 'NONE',  ( 0.7505208384861230542, 10.77211791882997005, 8.306965449671801949 ) ) ;
#1411 = CARTESIAN_POINT ( 'NONE',  ( 5.498153233162416775, 2.471069095593724008, 12.43895544982149737 ) ) ;
#1412 = CARTESIAN_POINT ( 'NONE',  ( 1.834837661664933117, 4.160568708593751275, -13.02234644034898814 ) ) ;
#1413 = CARTESIAN_POINT ( 'NONE',  ( 0.2199419792002880736, 11.02534209550321442, 20.74932426690022069 ) ) ;
#1414 = CARTESIAN_POINT ( 'NONE',  ( 1.779671240330901183, 10.67306922321323626, 8.308378169633714450 ) ) ;
#1415 = DIRECTION ( 'NONE',  ( -1.000000000000000000, 0.000000000000000000, 0.000000000000000000 ) ) ;
#1416 = CARTESIAN_POINT ( 'NONE',  ( 0.1739720012705603391, 10.84046754834392168, 9.160143665333063012 ) ) ;
#1417 = CARTESIAN_POINT ( 'NONE',  ( 4.261113774595589376, 9.132568603417466235, 8.327776699070145838 ) ) ;
#1418 = CARTESIAN_POINT ( 'NONE',  ( 5.689921185902797163, 1.561516135651216608, -6.543679544467035925 ) ) ;
#1419 = CARTESIAN_POINT ( 'NONE',  ( 5.597789918553194966, 4.041874870535521858, 39.73723664521445187 ) ) ;
#1420 = CARTESIAN_POINT ( 'NONE',  ( 0.006773344072946394304, 2.240509865131639078, 57.50000000000001421 ) ) ;
#1421 = AXIS2_PLACEMENT_3D ( 'NONE', #3589, #1328, #3561 ) ;
#1422 = CARTESIAN_POINT ( 'NONE',  ( 1.828510492905397467, 8.498907595027199946, 53.33788644935766854 ) ) ;
#1423 = CARTESIAN_POINT ( 'NONE',  ( 0.7016004972454880084, 10.33692368319140797, 7.835206299771545702 ) ) ;
#1424 = AXIS2_PLACEMENT_3D ( 'NONE', #1659, #3078, #3471 ) ;
#1425 = CARTESIAN_POINT ( 'NONE',  ( 0.003912075328125179906, 10.98931455388108347, 11.28780203409627880 ) ) ;
#1426 = CARTESIAN_POINT ( 'NONE',  ( 2.545832208123308682, 10.42563843305147309, 8.313584050665479452 ) ) ;
#1427 = CARTESIAN_POINT ( 'NONE',  ( 5.828576451856761764, 5.161147252582623857, 10.45913401827544575 ) ) ;
#1428 = CARTESIAN_POINT ( 'NONE',  ( 5.492125993000795070, 1.562500000000003553, 25.69466126557013652 ) ) ;
#1429 = CARTESIAN_POINT ( 'NONE',  ( -0.007874015747917769217, 1.562500000000000000, -14.99999999999999822 ) ) ;
#1430 = CARTESIAN_POINT ( 'NONE',  ( 3.865837363376421809, 7.662714795703671200, -0.6023828227560458215 ) ) ;
#1431 = CARTESIAN_POINT ( 'NONE',  ( 2.094381668764366822, 10.64276366078231462, 18.26413003074010888 ) ) ;
#1432 = CARTESIAN_POINT ( 'NONE',  ( -0.06801005228070060304, 10.74320415200270773, 7.879251488007417592 ) ) ;
#1433 = CARTESIAN_POINT ( 'NONE',  ( 5.904544580763245065, 2.910755756744228595, 11.30502107138677381 ) ) ;
#1434 = CARTESIAN_POINT ( 'NONE',  ( 4.773759664100517774, 8.400199114229419450, 7.909016259982307950 ) ) ;
#1435 = VERTEX_POINT ( 'NONE', #1971 ) ;
#1436 = CARTESIAN_POINT ( 'NONE',  ( 5.571686471753610981, 3.962780953639387427, 10.21022914903228695 ) ) ;
#1437 = CARTESIAN_POINT ( 'NONE',  ( 3.044262083351399806, 4.672497071655512535, -9.972415120815663059 ) ) ;
#1438 = DIRECTION ( 'NONE',  ( 1.000000000000000000, 0.000000000000000000, 1.092739197465698976E-14 ) ) ;
#1439 = CARTESIAN_POINT ( 'NONE',  ( 0.05853393868468047267, 9.883046601330047309, 51.92553612760066528 ) ) ;
#1440 = CARTESIAN_POINT ( 'NONE',  ( 2.729463482095339621, 7.379634132659277590, -5.019554581089725076 ) ) ;
#1441 = CARTESIAN_POINT ( 'NONE',  ( 1.051009518702040513, 9.294375023863029384, -0.5912377615876248660 ) ) ;
#1442 = CARTESIAN_POINT ( 'NONE',  ( 0.2311610970759192529, 6.143017752201041404, 56.44367167010755537 ) ) ;
#1443 = CARTESIAN_POINT ( 'NONE',  ( 0.6483124082571034563, 10.91646977377472894, 10.22487628985419228 ) ) ;
#1444 = CARTESIAN_POINT ( 'NONE',  ( 5.481994967222630244, 2.168815298273491621, -2.547448972627146979 ) ) ;
#1445 = CARTESIAN_POINT ( 'NONE',  ( 3.716186918987834709, 6.581366175382044048, 53.31033558870163347 ) ) ;
#1446 = CARTESIAN_POINT ( 'NONE',  ( 0.1418576810297107194, 8.015293919046998283, 55.10725835455281185 ) ) ;
#1447 = CARTESIAN_POINT ( 'NONE',  ( 1.765599782992590017, 10.97788945594637866, 12.98516713608847439 ) ) ;
#1448 = CARTESIAN_POINT ( 'NONE',  ( 5.492279206605471309, 4.134757087017097099, 10.33598646779915953 ) ) ;
#1449 = CARTESIAN_POINT ( 'NONE',  ( 0.1681141250983917146, 10.77643293674860026, 8.306621994152132871 ) ) ;
#1450 = CARTESIAN_POINT ( 'NONE',  ( 5.893219078797255150, 1.910779671128524759, 12.15061082242134027 ) ) ;
#1451 = CARTESIAN_POINT ( 'NONE',  ( 5.446921922438606956, 4.206039896998510663, 33.64128041129517754 ) ) ;
#1452 = CARTESIAN_POINT ( 'NONE',  ( 1.978880240132095070, 8.974081787940617616, 52.35724480060452635 ) ) ;
#1453 = CARTESIAN_POINT ( 'NONE',  ( 0.2063618219224781780, 4.014968092755082374, 57.29675744255908398 ) ) ;
#1454 = CARTESIAN_POINT ( 'NONE',  ( -0.008404618498080159567, 11.01666718650195165, 11.71184206246485715 ) ) ;
#1455 = CARTESIAN_POINT ( 'NONE',  ( 2.803367916037161844, 10.36157720838385643, 9.167105268059714263 ) ) ;
#1456 = CARTESIAN_POINT ( 'NONE',  ( 5.830400005533015850, 5.176748349713901298, 10.88149291777513561 ) ) ;
#1457 = CARTESIAN_POINT ( 'NONE',  ( 5.492125957227579569, 1.562499999999999778, 19.05083222109076502 ) ) ;
#1458 = CARTESIAN_POINT ( 'NONE',  ( 3.564371111395198799, 3.911366509699956584, -9.957298935483869684 ) ) ;
#1459 = CARTESIAN_POINT ( 'NONE',  ( 3.466030850091339932, 6.948460145086944095, -4.242609888028058052 ) ) ;
#1460 = CARTESIAN_POINT ( 'NONE',  ( 2.126368094370983730, 10.66359074472348212, 36.12987811438271990 ) ) ;
#1461 = CARTESIAN_POINT ( 'NONE',  ( 0.2960629921259431141, 10.85590676278952671, 12.37144099227121252 ) ) ;
#1462 = CARTESIAN_POINT ( 'NONE',  ( 5.905642192002557245, 3.325372827040354196, 10.03952444369765651 ) ) ;
#1463 = CARTESIAN_POINT ( 'NONE',  ( 5.104363062245176330, 8.052975300479070953, 12.57039724011553083 ) ) ;
#1464 = EDGE_CURVE ( 'NONE', #1107, #4537, #3346, .T. ) ;
#1465 = ORIENTED_EDGE ( 'NONE', *, *, #157, .T. ) ;
#1466 = CARTESIAN_POINT ( 'NONE',  ( -0.003937007874041505151, 0.7593198816405254403, 7.955401604407356331 ) ) ;
#1467 = CARTESIAN_POINT ( 'NONE',  ( 5.066982062749400662, 6.788744074909057957, 7.851450391237349891 ) ) ;
#1468 = CARTESIAN_POINT ( 'NONE',  ( -0.003937007874059043205, 10.69301956602252091, 12.95146459653335036 ) ) ;
#1469 = CARTESIAN_POINT ( 'NONE',  ( -0.007874015747917769217, 1.562500000000000000, -14.99999999999999822 ) ) ;
#1470 = CARTESIAN_POINT ( 'NONE',  ( 1.239370012667258214, 4.758863292437722770, -13.04039496573617996 ) ) ;
#1471 = CARTESIAN_POINT ( 'NONE',  ( 1.609985197056038819, 10.74660011559910622, 42.67430592763283670 ) ) ;
#1472 = CARTESIAN_POINT ( 'NONE',  ( 0.3583249375988931673, 6.910567925261344335, -10.03099033897640346 ) ) ;
#1473 = CARTESIAN_POINT ( 'NONE',  ( 0.7781302133635691343, 11.09267623227828281, 12.98196628173594114 ) ) ;
#1474 = CARTESIAN_POINT ( 'NONE',  ( 4.646003129412584087, 8.896847787271244812, 12.95146459653336990 ) ) ;
#1475 = CARTESIAN_POINT ( 'NONE',  ( 5.181604446762522187, 2.073366458791267242, -6.993679307113747079 ) ) ;
#1476 = CARTESIAN_POINT ( 'NONE',  ( 4.650703995948632041, 8.081286890261601741, 31.92482030896783840 ) ) ;
#1477 = CARTESIAN_POINT ( 'NONE',  ( 0.2905695246415535005, 10.89086946356277252, 42.69277900204648546 ) ) ;
#1478 = CARTESIAN_POINT ( 'NONE',  ( 1.699194754405458196, 10.92512456401949450, 11.71349967753022092 ) ) ;
#1479 = CARTESIAN_POINT ( 'NONE',  ( 0.2112248079151839153, 11.07209481196436052, 12.55885987186415598 ) ) ;
#1480 = CARTESIAN_POINT ( 'NONE',  ( 5.566188853741299347, 4.095166852420907055, 10.21022914903228695 ) ) ;
#1481 = CARTESIAN_POINT ( 'NONE',  ( 5.269956407485929084, 3.861395832207745293, 52.08353018404012147 ) ) ;
#1482 = CARTESIAN_POINT ( 'NONE',  ( 2.445499273672965046, 9.428584793854991375, 50.26187504513643489 ) ) ;
#1483 = CARTESIAN_POINT ( 'NONE',  ( 0.4640506052190187525, 8.511782449260817174, -4.973783056186207752 ) ) ;
#1484 = ADVANCED_FACE ( 'NONE', ( #4637, #5560 ), #5066, .T. ) ;
#1485 = AXIS2_PLACEMENT_3D ( 'NONE', #1588, #2388, #4204 ) ;
#1486 = CARTESIAN_POINT ( 'NONE',  ( -0.006146798869445337099, 11.09557747598786825, 12.98239280395721096 ) ) ;
#1487 = CARTESIAN_POINT ( 'NONE',  ( 2.955792437644189530, 10.43681312280115314, 11.71510094579439354 ) ) ;
#1488 = CARTESIAN_POINT ( 'NONE',  ( 5.850328130047935282, 4.883368675199803555, 10.03712081775717913 ) ) ;
#1489 = CARTESIAN_POINT ( 'NONE',  ( 5.457913471592343413, 1.562500000000000000, 51.92058952893606261 ) ) ;
#1490 = CARTESIAN_POINT ( 'NONE',  ( 5.254042618752170490, 5.771795819565737062, 31.92484122241172884 ) ) ;
#1491 = CARTESIAN_POINT ( 'NONE',  ( 4.738421744473483521, 8.463969952114052120, 46.33723433710492401 ) ) ;
#1492 = CARTESIAN_POINT ( 'NONE',  ( 1.562404178817236700, 8.808308224818595988, 53.14091233185831697 ) ) ;
#1493 = CARTESIAN_POINT ( 'NONE',  ( -0.07428987058973493540, 10.87165693221214724, 9.586625581761863302 ) ) ;
#1494 = CARTESIAN_POINT ( 'NONE',  ( 5.899981432353147426, 2.536347058718767755, 9.619185582435065385 ) ) ;
#1495 = CARTESIAN_POINT ( 'NONE',  ( 5.064019004783605560, 7.983109279194184005, 9.395521379774121939 ) ) ;
#1496 = ADVANCED_FACE ( 'NONE', ( #4833, #2073, #2548 ), #5251, .T. ) ;
#1497 = VERTEX_POINT ( 'NONE', #3889 ) ;
#1498 = CARTESIAN_POINT ( 'NONE',  ( 4.767510728895653749, 7.566005280694704460, 7.955401604407391858 ) ) ;
#1499 = CARTESIAN_POINT ( 'NONE',  ( 4.382560848027265088, 5.786411491722470934, -3.685868470681027631 ) ) ;
#1500 = LINE ( 'NONE', #3372, #4449 ) ;
#1501 = CARTESIAN_POINT ( 'NONE',  ( 0.05630919677949623725, 9.767303892178953006, 52.32286148342303278 ) ) ;
#1502 = CARTESIAN_POINT ( 'NONE',  ( -0.007874015748423630195, 1.562500000000000000, 57.50000000000000000 ) ) ;
#1503 = CARTESIAN_POINT ( 'NONE',  ( 0.9816453136336265040, 8.378219790491737484, -4.983492167529374406 ) ) ;
#1504 = CARTESIAN_POINT ( 'NONE',  ( 0.6345107166891045258, 10.83913917709802810, 9.160120919718767851 ) ) ;
#1505 = DIRECTION ( 'NONE',  ( 6.957231484743787620E-15, 0.000000000000000000, -1.000000000000000000 ) ) ;
#1506 = CARTESIAN_POINT ( 'NONE',  ( 6.927459034753713496, 1.562134558564074904, 12.43405595105235228 ) ) ;
#1507 = CARTESIAN_POINT ( 'NONE',  ( 5.494060092507894844, 3.031079455756448215, 20.75095417109695006 ) ) ;
#1508 = CARTESIAN_POINT ( 'NONE',  ( 4.458406627363771690, 8.160392419674771247, 7.847451845645742274 ) ) ;
#1509 = CARTESIAN_POINT ( 'NONE',  ( 0.3031863359944538261, 10.19387110089988191, 50.25694263577497622 ) ) ;
#1510 = CARTESIAN_POINT ( 'NONE',  ( 1.725059947550027672, 10.71778850937305627, 8.734858219489384012 ) ) ;
#1511 = CARTESIAN_POINT ( 'NONE',  ( 0.2160613056077678173, 10.91727135737134269, 10.22511486718634011 ) ) ;
#1512 = CARTESIAN_POINT ( 'NONE',  ( 4.758778455618999814, 7.653103395302795597, 28.18612304239881539 ) ) ;
#1513 = CARTESIAN_POINT ( 'NONE',  ( 0.3884661165988146925, 1.569291589438039480, -15.37583264459768984 ) ) ;
#1514 = CARTESIAN_POINT ( 'NONE',  ( 4.541039895478645505, 3.590728496416724536, -7.622763849314065254 ) ) ;
#1515 = CARTESIAN_POINT ( 'NONE',  ( 2.702283450350366323, 10.39845376639013708, 28.18540476581867793 ) ) ;
#1516 = CARTESIAN_POINT ( 'NONE',  ( 0.6509348852156108256, 10.63446262790244390, 46.41717654243767299 ) ) ;
#1517 = CARTESIAN_POINT ( 'NONE',  ( -0.007678854531149002099, 10.74313828744694987, 7.879372106481749682 ) ) ;
#1518 = CARTESIAN_POINT ( 'NONE',  ( 2.932219280520925953, 10.33320095439707131, 9.805673811746471458 ) ) ;
#1519 = CARTESIAN_POINT ( 'NONE',  ( 5.824334112941876640, 5.131023000537661360, 9.614653074654675891 ) ) ;
#1520 = CARTESIAN_POINT ( 'NONE',  ( 5.320189008904125494, 1.562500000000001110, 53.12344341049505658 ) ) ;
#1521 = CARTESIAN_POINT ( 'NONE',  ( 5.360447172984130759, 5.767668978639320265, 12.44348530674525932 ) ) ;
#1522 = CARTESIAN_POINT ( 'NONE',  ( 0.4007419329493280835, 3.501676246482344990, -14.99999999999999467 ) ) ;
#1523 = CARTESIAN_POINT ( 'NONE',  ( -0.09686917794696708883, 11.04397912020393235, 12.13595622100657856 ) ) ;
#1524 = CARTESIAN_POINT ( 'NONE',  ( 5.903521480979897262, 3.030047821723676371, 9.408057897776915368 ) ) ;
#1525 = CARTESIAN_POINT ( 'NONE',  ( 5.292822603180846741, 7.504145632352069661, 10.24457535779766459 ) ) ;
#1526 = EDGE_LOOP ( 'NONE', ( #4203, #71, #278, #5720 ) ) ;
#1527 = CARTESIAN_POINT ( 'NONE',  ( 3.035786434655138866, 9.664199164750696625, 7.955401604407376759 ) ) ;
#1528 = CARTESIAN_POINT ( 'NONE',  ( 5.017056341080495585, 6.931383002450210995, 31.92483076568969125 ) ) ;
#1529 = DIRECTION ( 'NONE',  ( 0.02731695641222212437, -0.6578084942442837812, 0.7526896895749539684 ) ) ;
#1530 = CARTESIAN_POINT ( 'NONE',  ( 0.02851706281412057231, 10.85459035144568318, 15.74694315053753790 ) ) ;
#1531 = CARTESIAN_POINT ( 'NONE',  ( 4.083457949768126483, 9.572821640646919761, 42.63451776735678322 ) ) ;
#1532 = CARTESIAN_POINT ( 'NONE',  ( -0.007874015747917769217, 1.562500000000000000, -14.99999999999999822 ) ) ;
#1533 = CARTESIAN_POINT ( 'NONE',  ( 1.314170898368212548, 10.93076086559771909, 10.86336685499666999 ) ) ;
#1534 = CARTESIAN_POINT ( 'NONE',  ( 4.169250610909845278, 9.235410463559812655, 8.326955623354136193 ) ) ;
#1535 = CARTESIAN_POINT ( 'NONE',  ( 5.907295507162394266, 3.457373960240281985, 12.95146459653339299 ) ) ;
#1536 = DIRECTION ( 'NONE',  ( -6.957231484743787620E-15, 0.000000000000000000, 1.000000000000000000 ) ) ;
#1537 = CARTESIAN_POINT ( 'NONE',  ( 5.344852485561983890, 1.754493127544399345, 52.97354136570518790 ) ) ;
#1538 = CARTESIAN_POINT ( 'NONE',  ( 2.111165141159648595, 8.098179420262580308, -4.200623893678266718 ) ) ;
#1539 = CARTESIAN_POINT ( 'NONE',  ( 0.4320066044320320930, 10.43719115981762968, 9.116224371587435371 ) ) ;
#1540 = CARTESIAN_POINT ( 'NONE',  ( 1.926352632923494568, 10.72107206640198740, 9.375161722427055366 ) ) ;
#1541 = CARTESIAN_POINT ( 'NONE',  ( 0.2874187630703164964, 10.87177891077345038, 9.586462458433503642 ) ) ;
#1542 = CARTESIAN_POINT ( 'NONE',  ( 4.323473719704258755, 7.253276222489718705, 0.4169494422599947514 ) ) ;
#1543 = ADVANCED_FACE ( 'NONE', ( #5690 ), #3052, .T. ) ;
#1544 = CARTESIAN_POINT ( 'NONE',  ( 0.2410845892569800919, 1.566837266461341249, -15.39028029977985312 ) ) ;
#1545 = CARTESIAN_POINT ( 'NONE',  ( 5.400351623527511080, 3.951715834107879743, 2.088320378743099059 ) ) ;
#1546 = CARTESIAN_POINT ( 'NONE',  ( 2.730865159584997315, 10.40073654157611216, 36.12970442448082053 ) ) ;
#1547 = CARTESIAN_POINT ( 'NONE',  ( 0.7501476898435283092, 9.853723039624602720, 51.53582566859667224 ) ) ;
#1548 = CARTESIAN_POINT ( 'NONE',  ( -0.01058254683410876293, 10.87164636449007915, 9.586631922146072071 ) ) ;
#1549 = CARTESIAN_POINT ( 'NONE',  ( 3.526409671835305293, 9.965379137118519637, 10.23256849690878489 ) ) ;
#1550 = CARTESIAN_POINT ( 'NONE',  ( 5.849304980342493465, 4.874730179924029017, 9.826108650068585249 ) ) ;
#1551 = CARTESIAN_POINT ( 'NONE',  ( 5.492125948774663868, 1.562500000000001110, 15.73081927430728122 ) ) ;
#1552 = CARTESIAN_POINT ( 'NONE',  ( 4.910756316735342963, 4.402821864019551334, 52.97064190364529424 ) ) ;
#1553 = CARTESIAN_POINT ( 'NONE',  ( -0.09566532631707541645, 10.91686926311293249, 10.22539325224810014 ) ) ;
#1554 = CARTESIAN_POINT ( 'NONE',  ( 5.904704755095790958, 3.069506768304523625, 12.99289682135649038 ) ) ;
#1555 = CARTESIAN_POINT ( 'NONE',  ( 5.304892727941320274, 7.522155488923566224, 11.30290206746761505 ) ) ;
#1556 = ORIENTED_EDGE ( 'NONE', *, *, #157, .F. ) ;
#1557 = DIRECTION ( 'NONE',  ( 1.000000000000000000, -0.000000000000000000, 3.478615742371893810E-15 ) ) ;
#1558 = CARTESIAN_POINT ( 'NONE',  ( 5.087737398292689228, 6.865297735787810218, 20.75028549245213583 ) ) ;
#1559 = DIRECTION ( 'NONE',  ( 6.957231484743788408E-15, -0.000000000000000000, -1.000000000000000000 ) ) ;
#1560 = CARTESIAN_POINT ( 'NONE',  ( 0.02190407548668424700, 10.67192646372983589, 46.42805303295923380 ) ) ;
#1561 = CARTESIAN_POINT ( 'NONE',  ( 3.702358534109701171, 8.776850005476013905, 4.107134198914767609 ) ) ;
#1562 = CARTESIAN_POINT ( 'NONE',  ( 1.465558611474706563, 9.378242380495420250, 0.4091450338814853760 ) ) ;
#1563 = CARTESIAN_POINT ( 'NONE',  ( 1.420751446146268915, 10.81515927751333273, 9.373678085499834722 ) ) ;
#1564 = CARTESIAN_POINT ( 'NONE',  ( 4.145679618422213331, 9.371383105987087347, 10.02372050944524950 ) ) ;
#1565 = ORIENTED_EDGE ( 'NONE', *, *, #3476, .F. ) ;
#1566 = CARTESIAN_POINT ( 'NONE',  ( -0.003937007874024482310, 10.81449590045978937, 8.787445586238700201 ) ) ;
#1567 = FACE_OUTER_BOUND ( 'NONE', #2920, .T. ) ;
#1568 = CARTESIAN_POINT ( 'NONE',  ( 5.276856136780336826, 1.734093100480623928, -6.589406488043156429 ) ) ;
#1569 = CARTESIAN_POINT ( 'NONE',  ( 2.313706894598746011, 8.386023295958002777, 52.96542287193760501 ) ) ;
#1570 = CARTESIAN_POINT ( 'NONE',  ( 0.1819926296116242126, 6.943747106226883403, -10.03382462372611350 ) ) ;
#1571 = CARTESIAN_POINT ( 'NONE',  ( 1.996099312123912561, 10.73296816963737044, 9.801453532830008086 ) ) ;
#1572 = CARTESIAN_POINT ( 'NONE',  ( 0.2837573095165797921, 10.84045178723069469, 9.160123153182798461 ) ) ;
#1573 = CARTESIAN_POINT ( 'NONE',  ( 4.635784107238450247, 7.215492773010064198, 50.26894038827585831 ) ) ;
#1574 = CARTESIAN_POINT ( 'NONE',  ( 5.890973811529229387, 4.143067316892929064, 10.08197708740280873 ) ) ;
#1575 = CARTESIAN_POINT ( 'NONE',  ( 5.497452371392092196, 3.572954375355149370, 7.859780694553137437 ) ) ;
#1576 = CARTESIAN_POINT ( 'NONE',  ( 2.735604004589973659, 10.40377085625421749, 20.74968182423105034 ) ) ;
#1577 = CARTESIAN_POINT ( 'NONE',  ( 0.5478794478903178389, 7.725920541767965055, -7.655254554606625739 ) ) ;
#1578 = CARTESIAN_POINT ( 'NONE',  ( 0.02357662111085644108, 10.87164163816593643, 9.586628890127290248 ) ) ;
#1579 = CARTESIAN_POINT ( 'NONE',  ( 3.775597983101800725, 9.886873671258621599, 12.56244681082825387 ) ) ;
#1580 = CARTESIAN_POINT ( 'NONE',  ( 5.891031076271619149, 3.735752746203261587, 7.933750094892638494 ) ) ;
#1581 = CARTESIAN_POINT ( 'NONE',  ( 4.841923543317837364, 1.582992799549065133, 55.68927108274002791 ) ) ;
#1582 = CARTESIAN_POINT ( 'NONE',  ( 3.428113049989817807, 3.176004633862337556, 56.23403563607489275 ) ) ;
#1583 = AXIS2_PLACEMENT_3D ( 'NONE', #3155, #5409, #4574 ) ;
#1584 = CARTESIAN_POINT ( 'NONE',  ( -0.02612692301640388848, 10.98930123981309670, 11.28782587971112683 ) ) ;
#1585 = CARTESIAN_POINT ( 'NONE',  ( 5.898203115739933722, 2.411606580238080610, 11.72647956194935226 ) ) ;
#1586 = CARTESIAN_POINT ( 'NONE',  ( 5.089807863007847821, 8.030222339209812432, 11.30131637657233767 ) ) ;
#1587 = ORIENTED_EDGE ( 'NONE', *, *, #4372, .T. ) ;
#1588 = CARTESIAN_POINT ( 'NONE',  ( 0.2960629921259558262, 10.60898108575325693, 8.719128414726787568 ) ) ;
#1589 = CARTESIAN_POINT ( 'NONE',  ( 3.942517687785001446, 5.242696854110424631, -6.574718523596269293 ) ) ;
#1590 = FACE_OUTER_BOUND ( 'NONE', #5270, .T. ) ;
#1591 = CARTESIAN_POINT ( 'NONE',  ( 0.08311511469461355106, 11.01135718601194391, 33.64227508202000649 ) ) ;
#1592 = CARTESIAN_POINT ( 'NONE',  ( 3.002395385422940155, 7.636263520128523830, 53.13320298848519485 ) ) ;
#1593 = CARTESIAN_POINT ( 'NONE',  ( 1.132225338890175736, 8.325873843924743056, -4.986266199341708116 ) ) ;
#1594 = CARTESIAN_POINT ( 'NONE',  ( 1.128383272131155524, 10.72115995517460796, 7.880382783627664978 ) ) ;
#1595 = ADVANCED_FACE ( 'NONE', ( #1688 ), #3442, .F. ) ;
#1596 = CARTESIAN_POINT ( 'NONE',  ( 4.209264296866519928, 9.160875848276997857, 7.902887949678211399 ) ) ;
#1597 = CARTESIAN_POINT ( 'NONE',  ( 0.1441099893851297553, 10.20858707329801973, 50.25654271069161894 ) ) ;
#1598 = ORIENTED_EDGE ( 'NONE', *, *, #4036, .F. ) ;
#1599 = CARTESIAN_POINT ( 'NONE',  ( 4.408553526659317434, 9.229314199942217911, 12.95146459653338233 ) ) ;
#1600 = CARTESIAN_POINT ( 'NONE',  ( 5.892838222094490597, 4.126114449103225112, 10.34187138243616033 ) ) ;
#1601 = CARTESIAN_POINT ( 'NONE',  ( -0.007874015747917769217, 1.562500000000000000, -14.99999999999999822 ) ) ;
#1602 = CARTESIAN_POINT ( 'NONE',  ( 3.038190531763668822, 10.24997449551623063, 37.31061418404900110 ) ) ;
#1603 = CARTESIAN_POINT ( 'NONE',  ( 0.1781092950109176287, 8.741022100054353317, -4.154439299893487814 ) ) ;
#1604 = CARTESIAN_POINT ( 'NONE',  ( 1.877734071255821036, 10.80755351804578979, 10.43946014773456632 ) ) ;
#1605 = CARTESIAN_POINT ( 'NONE',  ( 0.2857511488691326651, 10.85624786170765610, 9.373354500090949060 ) ) ;
#1606 = CARTESIAN_POINT ( 'NONE',  ( 5.128313716234127462, 7.785526194611073869, 46.32418254847924999 ) ) ;
#1607 = CARTESIAN_POINT ( 'NONE',  ( 5.492134467393644748, 1.571891874400894062, 12.50085658402424116 ) ) ;
#1608 = CARTESIAN_POINT ( 'NONE',  ( 5.282197218626910384, 3.374046371497150254, 52.46635452712732217 ) ) ;
#1609 = CARTESIAN_POINT ( 'NONE',  ( 2.160909416212303480, 8.981348171550163073, -0.5947572545881777417 ) ) ;
#1610 = CARTESIAN_POINT ( 'NONE',  ( 0.5286723559137795903, 7.393274582727213051, -8.671259376466549540 ) ) ;
#1611 = CARTESIAN_POINT ( 'NONE',  ( 0.05843524825788163485, 11.09595069636912434, 12.98226485985724032 ) ) ;
#1612 = CARTESIAN_POINT ( 'NONE',  ( 3.738629874961526323, 9.766706511490934162, 10.02153206411594333 ) ) ;
#1613 = CARTESIAN_POINT ( 'NONE',  ( 5.902371857528622812, 4.040855064645928252, 12.57113438952817752 ) ) ;
#1614 = CARTESIAN_POINT ( 'NONE',  ( 4.177074897990790348, 1.589087537815696338, 56.50620894749401657 ) ) ;
#1615 = CARTESIAN_POINT ( 'NONE',  ( 4.736405022981035273, 4.451715661537271274, -5.086131344585791858 ) ) ;
#1616 = CARTESIAN_POINT ( 'NONE',  ( -0.03107337943085912435, 11.07033992531022371, 12.55937090670857614 ) ) ;
#1617 = CARTESIAN_POINT ( 'NONE',  ( 5.892201693914087990, 1.819464390870252579, 10.46115912576643048 ) ) ;
#1618 = CARTESIAN_POINT ( 'NONE',  ( 5.550413223224190062, 6.737679858026353052, 10.88109404491643417 ) ) ;
#1619 = ORIENTED_EDGE ( 'NONE', *, *, #2990, .T. ) ;
#1620 = DIRECTION ( 'NONE',  ( 3.478615742371893810E-15, 0.000000000000000000, -1.000000000000000000 ) ) ;
#1621 = CARTESIAN_POINT ( 'NONE',  ( 5.147074285713595820, 6.571826251150648446, 33.64152154359211266 ) ) ;
#1622 = CARTESIAN_POINT ( 'NONE',  ( 5.499056506502594033, 2.592654215571867038, 12.95146459653339122 ) ) ;
#1623 = CARTESIAN_POINT ( 'NONE',  ( 1.363132385832050320, 4.641055417966223118, -13.03678526065872134 ) ) ;
#1624 = CARTESIAN_POINT ( 'NONE',  ( 1.736421422084894362, 10.55503961675024982, 12.45179004443877524 ) ) ;
#1625 = AXIS2_PLACEMENT_3D ( 'NONE', #5314, #848, #4450 ) ;
#1626 = VECTOR ( 'NONE', #632, 39.37007874015747433 ) ;
#1627 = CARTESIAN_POINT ( 'NONE',  ( 1.185039713715670961, 10.94040840036912599, 10.86313339382478205 ) ) ;
#1628 = CARTESIAN_POINT ( 'NONE',  ( 4.335731984768256275, 9.177867584369053588, 10.44858308737869557 ) ) ;
#1629 = FACE_OUTER_BOUND ( 'NONE', #343, .T. ) ;
#1630 = CARTESIAN_POINT ( 'NONE',  ( 5.488260819791251244, 4.220316381384854765, 10.17591417159871803 ) ) ;
#1631 = CARTESIAN_POINT ( 'NONE',  ( 5.176878959316049134, 1.744788270202326297, 53.87159307636215289 ) ) ;
#1632 = CARTESIAN_POINT ( 'NONE',  ( 2.898552803131722033, 9.952686678244930363, 10.78568338647435354 ) ) ;
#1633 = CARTESIAN_POINT ( 'NONE',  ( 0.2193363098987944626, 9.311423559800015681, -1.177233350458392280 ) ) ;
#1634 = CARTESIAN_POINT ( 'NONE',  ( 0.2924629271302147671, 10.96191190645310876, 10.86278009250101562 ) ) ;
#1635 = CARTESIAN_POINT ( 'NONE',  ( 3.983757019930073806, 6.711065753281102886, -3.063508906499056827 ) ) ;
#1636 = CARTESIAN_POINT ( 'NONE',  ( 0.2960629921259558262, 10.60898108575325693, 8.719128414726787568 ) ) ;
#1637 = CARTESIAN_POINT ( 'NONE',  ( 5.487662766978372630, 3.612418564782173380, 34.88835544925331078 ) ) ;
#1638 = CARTESIAN_POINT ( 'NONE',  ( 1.021914589770469117, 9.500544335258775064, 52.34074080835745946 ) ) ;
#1639 = CARTESIAN_POINT ( 'NONE',  ( 0.4877959788623436044, 6.874204229068920924, -10.02878589528218001 ) ) ;
#1640 = MECHANICAL_DESIGN_GEOMETRIC_PRESENTATION_REPRESENTATION (  '', ( #2587 ), #4952 ) ;
#1641 = CARTESIAN_POINT ( 'NONE',  ( 0.01349015229709262485, 10.80923760955338686, 8.733589345613156141 ) ) ;
#1642 = CARTESIAN_POINT ( 'NONE',  ( 3.075868855875469876, 10.36191092179532980, 11.71517808989881360 ) ) ;
#1643 = CARTESIAN_POINT ( 'NONE',  ( 5.896645335132499888, 3.792627486211973764, 9.195896589762638129 ) ) ;
#1644 = CARTESIAN_POINT ( 'NONE',  ( 5.491780505614238805, 1.562499999999999556, -2.982799516696910125 ) ) ;
#1645 = CARTESIAN_POINT ( 'NONE',  ( 5.209983941622069459, 4.606453304860764320, 51.65892157910131033 ) ) ;
#1646 = CARTESIAN_POINT ( 'NONE',  ( -0.02445213759069567172, 10.80926441688904482, 8.733557992032071837 ) ) ;
#1647 = CARTESIAN_POINT ( 'NONE',  ( 5.892011358485114592, 1.795442189843925451, 9.409397093474122897 ) ) ;
#1648 = CARTESIAN_POINT ( 'NONE',  ( 5.664870932723021113, 6.203118208177653692, 10.24712193078435440 ) ) ;
#1649 = EDGE_LOOP ( 'NONE', ( #1362, #1335, #4945, #2605 ) ) ;
#1650 = CARTESIAN_POINT ( 'NONE',  ( 0.3571998033560883079, 10.74799669756945697, 7.955401604407349225 ) ) ;
#1651 = CARTESIAN_POINT ( 'NONE',  ( 4.523886838643488950, 5.719765705492166674, 52.73769812761316444 ) ) ;
#1652 = CARTESIAN_POINT ( 'NONE',  ( 5.375266794798932324, 5.667382625676721908, 12.95146459653337878 ) ) ;
#1653 = ADVANCED_FACE ( 'NONE', ( #1294 ), #287, .T. ) ;
#1654 = CARTESIAN_POINT ( 'NONE',  ( 3.624751177428724880, 8.559446296184665570, 2.046779456815545295 ) ) ;
#1655 = CARTESIAN_POINT ( 'NONE',  ( 1.313818963810070573, 8.472930506655286464, -4.181430296261207324 ) ) ;
#1656 = CARTESIAN_POINT ( 'NONE',  ( 1.176129773460292238, 10.88233471574721634, 10.01242120097384181 ) ) ;
#1657 = CARTESIAN_POINT ( 'NONE',  ( 4.594800865870765527, 8.859643522974582908, 10.87398939269059817 ) ) ;
#1658 = ORIENTED_EDGE ( 'NONE', *, *, #1922, .T. ) ;
#1659 = CARTESIAN_POINT ( 'NONE',  ( 5.831550815723796966, 3.850937108471218284, 11.54026869725333881 ) ) ;
#1660 = CARTESIAN_POINT ( 'NONE',  ( 5.496262443701031231, 3.977249736558117199, 10.14369629665657691 ) ) ;
#1661 = CARTESIAN_POINT ( 'NONE',  ( 5.471406413398423041, 1.562499999999998668, -4.379364269624558048 ) ) ;
#1662 = CARTESIAN_POINT ( 'NONE',  ( 2.036929446914064634, 7.884848645301289594, -5.003835067486508414 ) ) ;
#1663 = CARTESIAN_POINT ( 'NONE',  ( 0.2589783326424767718, 7.452778014906269455, -8.674450586689806286 ) ) ;
#1664 = CARTESIAN_POINT ( 'NONE',  ( 0.2505392405014658652, 10.87174984438754244, 9.586482491488931501 ) ) ;
#1665 = CARTESIAN_POINT ( 'NONE',  ( 2.704533385537666312, 4.114157480914594878, 56.29253871533983755 ) ) ;
#1666 = DIRECTION ( 'NONE',  ( -1.000000000000000000, 0.000000000000000000, -3.478615742371893810E-15 ) ) ;
#1667 = CARTESIAN_POINT ( 'NONE',  ( 5.243450610162803116, 3.768730775758852403, -2.515411499590046951 ) ) ;
#1668 = CARTESIAN_POINT ( 'NONE',  ( 0.6794482660333898139, 6.799625167467919340, -10.02532176947697096 ) ) ;
#1669 = CARTESIAN_POINT ( 'NONE',  ( 1.165162712592015648, 10.90298930031534930, 36.13013864923541263 ) ) ;
#1670 = CARTESIAN_POINT ( 'NONE',  ( 0.04331622553430356654, 10.90197536633708530, 10.01255541401992843 ) ) ;
#1671 = CARTESIAN_POINT ( 'NONE',  ( 3.782337211357966744, 9.904004167193438235, 12.98511013180410956 ) ) ;
#1672 = CARTESIAN_POINT ( 'NONE',  ( 5.892434944796673513, 4.076018743312646464, 9.616641423418418100 ) ) ;
#1673 = CARTESIAN_POINT ( 'NONE',  ( 5.420364811225900858, 1.562499999999999556, -5.331098807135226991 ) ) ;
#1674 = CARTESIAN_POINT ( 'NONE',  ( 2.659877182054985134, 3.099482876693469890, -12.99346879972946311 ) ) ;
#1675 = CARTESIAN_POINT ( 'NONE',  ( -0.03623936633254389722, 11.04401185815608422, 12.13589829321321467 ) ) ;
#1676 = CARTESIAN_POINT ( 'NONE',  ( 5.892402776746281212, 1.884820810971666427, 12.56932894562666014 ) ) ;
#1677 = CARTESIAN_POINT ( 'NONE',  ( 5.602658972411266092, 6.451145881905999246, 9.400910489253613278 ) ) ;
#1678 = CARTESIAN_POINT ( 'NONE',  ( 5.895175674368616114, 4.050086316825447952, 10.32933411291026715 ) ) ;
#1679 = LINE ( 'NONE', #780, #1772 ) ;
#1680 = CARTESIAN_POINT ( 'NONE',  ( -0.007874015748423630195, 1.562500000000000000, 57.50000000000000000 ) ) ;
#1681 = CARTESIAN_POINT ( 'NONE',  ( 0.02984390088034195171, 11.09378403567053439, 12.95146459653334681 ) ) ;
#1682 = CARTESIAN_POINT ( 'NONE',  ( 1.604674423854718368, 4.402884498250489997, -13.02956585050384142 ) ) ;
#1683 = CARTESIAN_POINT ( 'NONE',  ( 1.716228053946292409, 10.78694034540234625, 33.64210427997635833 ) ) ;
#1684 = ADVANCED_FACE ( 'NONE', ( #1629 ), #2577, .F. ) ;
#1685 = CARTESIAN_POINT ( 'NONE',  ( 1.557698513917945782, 10.84104306126771178, 10.01304528552365980 ) ) ;
#1686 = CARTESIAN_POINT ( 'NONE',  ( 4.317477320616387004, 9.121134090636100922, 9.176878997307905905 ) ) ;
#1687 = EDGE_LOOP ( 'NONE', ( #3077, #5028, #11, #468 ) ) ;
#1688 = FACE_OUTER_BOUND ( 'NONE', #1687, .T. ) ;
#1689 = CARTESIAN_POINT ( 'NONE',  ( 5.831550815723807624, 3.850937108471218284, 9.930608326227210014 ) ) ;
#1690 = CARTESIAN_POINT ( 'NONE',  ( 5.492125919955405777, 1.562500000000001776, 15.72993935726564274 ) ) ;
#1691 = CARTESIAN_POINT ( 'NONE',  ( 2.763858222469071979, 8.594005780857143506, 51.98139261220049434 ) ) ;
#1692 = CARTESIAN_POINT ( 'NONE',  ( 0.2883693611538710733, 9.399223673296036807, -0.5885981418372113749 ) ) ;
#1693 = CARTESIAN_POINT ( 'NONE',  ( 0.4325479810512050105, 11.07299338995472304, 12.55857797434701872 ) ) ;
#1694 = CARTESIAN_POINT ( 'NONE',  ( 4.629858494348641607, 6.721871704419356774, 51.18316668425705984 ) ) ;
#1695 = DIRECTION ( 'NONE',  ( -0.9991388587284489864, -0.04149145669668402592, -6.951240325576541029E-15 ) ) ;
#1696 = CARTESIAN_POINT ( 'NONE',  ( 5.202789816736781425, 2.758015909920622732, 53.26819897828622885 ) ) ;
#1697 = CARTESIAN_POINT ( 'NONE',  ( 0.8182284917191599005, 9.309331425401440541, 52.96368319470156649 ) ) ;
#1698 = CARTESIAN_POINT ( 'NONE',  ( 0.06156389277226544110, 10.84053719739354804, 9.160174776779840045 ) ) ;
#1699 = CARTESIAN_POINT ( 'NONE',  ( 4.042498695199284953, 9.452918334478995988, 9.599128571723026582 ) ) ;
#1700 = CARTESIAN_POINT ( 'NONE',  ( 5.864292703797343798, 4.593045938623917301, 9.404709191086116249 ) ) ;
#1701 = CARTESIAN_POINT ( 'NONE',  ( 0.6993452940041706700, 1.569512948763752025, 57.87556893034090422 ) ) ;
#1702 = CARTESIAN_POINT ( 'NONE',  ( 5.407539356105094619, 5.331737189178846315, 20.75056410855420097 ) ) ;
#1703 = AXIS2_PLACEMENT_3D ( 'NONE', #5182, #1110, #2923 ) ;
#1704 = CARTESIAN_POINT ( 'NONE',  ( -0.03585358205823333672, 11.09555844911204048, 12.98242421037018701 ) ) ;
#1705 = CARTESIAN_POINT ( 'NONE',  ( 5.895199903111527640, 2.211623490394297953, 12.99164321279823575 ) ) ;
#1706 = CARTESIAN_POINT ( 'NONE',  ( 5.475280418802322302, 7.002914368451895299, 11.30382993601053165 ) ) ;
#1707 = CARTESIAN_POINT ( 'NONE',  ( 2.315908618881948211, 10.49247977015001609, 7.955401604407376759 ) ) ;
#1708 = CARTESIAN_POINT ( 'NONE',  ( 4.703017021979220225, 5.746122923195033927, -1.848420187472116005 ) ) ;
#1709 = CARTESIAN_POINT ( 'NONE',  ( 3.059289619922616055, 9.962614813475600073, 12.95146459653336457 ) ) ;
#1710 = CARTESIAN_POINT ( 'NONE',  ( 4.125641212934223034, 9.091905512591818450, 15.74059447576506088 ) ) ;
#1711 = CARTESIAN_POINT ( 'NONE',  ( 1.576023787994929037, 8.942738750112287249, -1.786625641044269353 ) ) ;
#1712 = CARTESIAN_POINT ( 'NONE',  ( 1.972525253109381094, 10.78257185165520049, 10.43976337223812578 ) ) ;
#1713 = CARTESIAN_POINT ( 'NONE',  ( 4.421563018556359026, 9.060779825084487982, 10.23736838152947293 ) ) ;
#1714 = ORIENTED_EDGE ( 'NONE', *, *, #429, .F. ) ;
#1715 = SURFACE_SIDE_STYLE ('',( #3022 ) ) ;
#1716 = CARTESIAN_POINT ( 'NONE',  ( 5.488216816963601197, 4.223704279847138920, 10.19299078386760549 ) ) ;
#1717 = CARTESIAN_POINT ( 'NONE',  ( 3.337413969395941038, 1.562499999999998890, -12.95737174895507060 ) ) ;
#1718 = CARTESIAN_POINT ( 'NONE',  ( 2.693779605628688678, 8.450173203541490707, 52.37099812747718630 ) ) ;
#1719 = CARTESIAN_POINT ( 'NONE',  ( 0.3849598641757676631, 10.18305173730281510, 50.25714259831665487 ) ) ;
#1720 = CARTESIAN_POINT ( 'NONE',  ( 0.5748133549570599854, 11.07196754629965696, 12.55860052176350550 ) ) ;
#1721 = CARTESIAN_POINT ( 'NONE',  ( 4.217355991290607342, 6.547283359588772278, -2.457744048123270186 ) ) ;
#1722 = CYLINDRICAL_SURFACE ( 'NONE', #2946, 0.09999999999999947820 ) ;
#1723 = CARTESIAN_POINT ( 'NONE',  ( 4.572986616976131735, 2.910348386255668718, -8.599825363007468582 ) ) ;
#1724 = CARTESIAN_POINT ( 'NONE',  ( 1.178655481562653984, 10.89628553961774493, 37.31432934011461100 ) ) ;
#1725 = CARTESIAN_POINT ( 'NONE',  ( 0.1399838815243983625, 10.98988797710665288, 11.28755971527110269 ) ) ;
#1726 = CARTESIAN_POINT ( 'NONE',  ( 3.980338362154155707, 9.673059740238249660, 12.14008496776880364 ) ) ;
#1727 = EDGE_CURVE ( 'NONE', #603, #1796, #3997, .T. ) ;
#1728 = CARTESIAN_POINT ( 'NONE',  ( 5.905095890194806074, 3.597471133611259919, 10.24997049683294925 ) ) ;
#1729 = CARTESIAN_POINT ( 'NONE',  ( 5.736684917437018250, 1.562461731194342507, 53.05639728428081270 ) ) ;
#1730 = CARTESIAN_POINT ( 'NONE',  ( 4.545066674554728792, 3.926472985732946341, -6.993604740553728050 ) ) ;
#1731 = CARTESIAN_POINT ( 'NONE',  ( -0.01853972237525856187, 11.01666278771421581, 11.71185071762618612 ) ) ;
#1732 = CARTESIAN_POINT ( 'NONE',  ( 2.177412145940091026, 10.63187481781580956, 9.163292897253064950 ) ) ;
#1733 = CARTESIAN_POINT ( 'NONE',  ( 5.736323359294904556, 5.803954258263983590, 10.03617692367008019 ) ) ;
#1734 = CARTESIAN_POINT ( 'NONE',  ( 5.499549840446896098, 3.912963735137964250, 9.859635082829358410 ) ) ;
#1735 = CARTESIAN_POINT ( 'NONE',  ( 4.938739712867434406, 5.654520753806380640, 51.64090754341778222 ) ) ;
#1736 = CARTESIAN_POINT ( 'NONE',  ( 2.506221072662050187, 10.29030935318927931, 12.95146459653336457 ) ) ;
#1737 = CARTESIAN_POINT ( 'NONE',  ( 4.099724717304883193, 9.127823706723429353, 31.92480985224599621 ) ) ;
#1738 = CARTESIAN_POINT ( 'NONE',  ( 1.157302313629740009, 7.527043182502075602, 55.05647114564425237 ) ) ;
#1739 = CARTESIAN_POINT ( 'NONE',  ( 1.894151433063684387, 10.94726094583503695, 12.98546654262587019 ) ) ;
#1740 = CARTESIAN_POINT ( 'NONE',  ( 4.323496794529065212, 9.140767450709224917, 9.601036358959852635 ) ) ;
#1741 = ORIENTED_EDGE ( 'NONE', *, *, #5323, .F. ) ;
#1742 = DIRECTION ( 'NONE',  ( -1.000000000000000000, 0.000000000000000000, -6.957231484743787620E-15 ) ) ;
#1743 = CARTESIAN_POINT ( 'NONE',  ( 5.488229305805235825, 4.224543608878192025, 10.20158337222722444 ) ) ;
#1744 = CARTESIAN_POINT ( 'NONE',  ( 5.371466201213469738, 1.562499999999997335, -5.899559286043386308 ) ) ;
#1745 = CARTESIAN_POINT ( 'NONE',  ( 3.243383064444882002, 9.811438155193407340, 12.44952511597689693 ) ) ;
#1746 = CARTESIAN_POINT ( 'NONE',  ( 0.4909893197360880035, 10.85805504328143201, 15.74632160195839781 ) ) ;
#1747 = CARTESIAN_POINT ( 'NONE',  ( 0.5499964028860758747, 10.77497221785224113, 8.306885174264770910 ) ) ;
#1748 = CARTESIAN_POINT ( 'NONE',  ( 4.150363923876136063, 6.443222570043859676, -3.071188811653478012 ) ) ;
#1749 = LINE ( 'NONE', #5397, #5225 ) ;
#1750 = CARTESIAN_POINT ( 'NONE',  ( 5.320025928237686053, 2.703515941428261016, -5.119419726333808818 ) ) ;
#1751 = CARTESIAN_POINT ( 'NONE',  ( 0.6774642708568601179, 9.153573997592353351, -1.775590900610728218 ) ) ;
#1752 = CARTESIAN_POINT ( 'NONE',  ( 0.1113934313977362617, 10.74278177000505252, 7.879557364673340558 ) ) ;
#1753 = CARTESIAN_POINT ( 'NONE',  ( 3.843360994519616991, 9.662103744898914215, 9.809976257785631759 ) ) ;
#1754 = CARTESIAN_POINT ( 'NONE',  ( 5.892137326854451906, 1.563621655351295159, 0.8549904315049091652 ) ) ;
#1755 = CARTESIAN_POINT ( 'NONE',  ( 5.447419697280221129, 4.553013523484198188, 34.88822291487299054 ) ) ;
#1756 = CARTESIAN_POINT ( 'NONE',  ( -0.01345853169943523296, 11.09557251508896769, 12.98240069837302713 ) ) ;
#1757 = CARTESIAN_POINT ( 'NONE',  ( 2.468510130767926469, 10.73043396314056963, 12.56251302812867721 ) ) ;
#1758 = CARTESIAN_POINT ( 'NONE',  ( 5.757934084070949865, 5.672183570865234614, 10.03631449930243669 ) ) ;
#1759 = DIRECTION ( 'NONE',  ( 6.957231484743788408E-15, -0.000000000000000000, -1.000000000000000000 ) ) ;
#1760 = CARTESIAN_POINT ( 'NONE',  ( -0.007874015747917769217, 1.562500000000000000, -14.99999999999999822 ) ) ;
#1761 = CARTESIAN_POINT ( 'NONE',  ( 1.875289393111697622, 10.95005096220915242, 12.95146459653336102 ) ) ;
#1762 = CARTESIAN_POINT ( 'NONE',  ( 3.409041075047132718, 7.758230548991503994, 52.38750211972439530 ) ) ;
#1763 = CARTESIAN_POINT ( 'NONE',  ( 1.987444042678264022, 10.71479277863883439, 39.78800875188743191 ) ) ;
#1764 = CARTESIAN_POINT ( 'NONE',  ( 2.120044663686911690, 10.68096646735117439, 9.589092257661567587 ) ) ;
#1765 = CARTESIAN_POINT ( 'NONE',  ( 4.807607863212878918, 8.480978923946778991, 10.02867119600377421 ) ) ;
#1766 = EDGE_LOOP ( 'NONE', ( #543, #839, #3967, #4090 ) ) ;
#1767 = CARTESIAN_POINT ( 'NONE',  ( 1.333202846781919693, 10.30994774042657980, 7.955401604407365213 ) ) ;
#1768 = CARTESIAN_POINT ( 'NONE',  ( -0.007874015747919231589, 3.742782928143616239, -15.00000000000000000 ) ) ;
#1769 = CARTESIAN_POINT ( 'NONE',  ( 5.180243783679340908, 1.562500000000027311, 53.86542492816394656 ) ) ;
#1770 = CARTESIAN_POINT ( 'NONE',  ( 2.450226245533474234, 8.254684422495008889, -3.009749570418036591 ) ) ;
#1771 = CARTESIAN_POINT ( 'NONE',  ( 0.8075106038330676084, 7.985810330659077749, -6.558194563593530368 ) ) ;
#1772 = VECTOR ( 'NONE', #699, 39.37007874015748854 ) ;
#1773 = CARTESIAN_POINT ( 'NONE',  ( 0.2644501041801456953, 7.783617904399513066, -7.656860559050745252 ) ) ;
#1774 = CARTESIAN_POINT ( 'NONE',  ( 0.5043087977415117162, 11.07275797140436424, 12.55856568391658890 ) ) ;
#1775 = CARTESIAN_POINT ( 'NONE',  ( 4.995965534347543091, 7.244468291516243497, 12.44549857648914148 ) ) ;
#1776 = DIRECTION ( 'NONE',  ( -1.000000000000000000, 0.000000000000000000, -3.478615742371893810E-15 ) ) ;
#1777 = CARTESIAN_POINT ( 'NONE',  ( 4.920738844418797164, 3.046883718628997428, -6.993640248439455753 ) ) ;
#1778 = CARTESIAN_POINT ( 'NONE',  ( 0.9729928765027020532, 10.83130859269157753, 15.74565565705218795 ) ) ;
#1779 = CARTESIAN_POINT ( 'NONE',  ( 5.488322054504320313, 4.224547460473591087, 10.21887701484035915 ) ) ;
#1780 = CARTESIAN_POINT ( 'NONE',  ( 0.1145594876478396029, 11.09658064493212493, 12.98211298569193062 ) ) ;
#1781 = CARTESIAN_POINT ( 'NONE',  ( 4.072827309736408274, 9.550870079512041144, 11.71730464956451634 ) ) ;
#1782 = EDGE_LOOP ( 'NONE', ( #2861, #455, #885, #1619 ) ) ;
#1783 = CARTESIAN_POINT ( 'NONE',  ( 5.747228985245642185, 1.562314635512896732, 52.98965264505120132 ) ) ;
#1784 = CARTESIAN_POINT ( 'NONE',  ( 5.154951541066234100, 4.504366478776522520, -1.237776377025103569 ) ) ;
#1785 = CARTESIAN_POINT ( 'NONE',  ( -0.01804201285255367312, 10.88680212231419553, 9.799607341578353115 ) ) ;
#1786 = CARTESIAN_POINT ( 'NONE',  ( 2.344584782209833573, 10.79931091832674817, 12.98574815083316558 ) ) ;
#1787 = CARTESIAN_POINT ( 'NONE',  ( 5.696319185946419061, 6.083397783911751233, 10.88148067337148461 ) ) ;
#1788 = CARTESIAN_POINT ( 'NONE',  ( 1.401231866306937857, 10.51483272060529472, 7.955401604407366101 ) ) ;
#1789 = CARTESIAN_POINT ( 'NONE',  ( -0.007874015748423630195, 1.562500000000000000, 57.50000000000000000 ) ) ;
#1790 = CARTESIAN_POINT ( 'NONE',  ( 0.2244329583439581000, 10.66845033721337188, 12.45380331418265385 ) ) ;
#1791 = CARTESIAN_POINT ( 'NONE',  ( 3.601741974528074319, 7.810530542441543211, -1.207504863741740042 ) ) ;
#1792 = CARTESIAN_POINT ( 'NONE',  ( 1.908302105382767788, 10.72876983629253544, 33.64208418561823777 ) ) ;
#1793 = CARTESIAN_POINT ( 'NONE',  ( 2.099203648938678946, 10.74525518225190623, 10.44018121943369692 ) ) ;
#1794 = CARTESIAN_POINT ( 'NONE',  ( 4.655579429355513277, 8.698828430781222920, 9.603664186221131160 ) ) ;
#1795 = PRODUCT_RELATED_PRODUCT_CATEGORY ( 'part', '', ( #2469 ) ) ;
#1796 = VERTEX_POINT ( 'NONE', #3554 ) ;
#1797 = CARTESIAN_POINT ( 'NONE',  ( 5.339785621180878294, 5.577156794348941737, 7.955401604407396299 ) ) ;
#1798 = CARTESIAN_POINT ( 'NONE',  ( -0.007874015748274959189, 10.99161574593829727, 36.13045129105877606 ) ) ;
#1799 = CARTESIAN_POINT ( 'NONE',  ( 5.926745519836987164, 1.558592235648326829, 12.55359718365452970 ) ) ;
#1800 = CARTESIAN_POINT ( 'NONE',  ( 3.297815185374860292, 9.939631742623982191, 15.74219274353989029 ) ) ;
#1801 = CARTESIAN_POINT ( 'NONE',  ( 1.343349555017420371, 10.52828555814742195, 46.40575622739032013 ) ) ;
#1802 = CARTESIAN_POINT ( 'NONE',  ( 0.5116023746933722194, 10.41377037982271681, 48.58164989834545366 ) ) ;
#1803 = CARTESIAN_POINT ( 'NONE',  ( 0.4995640656269938473, 11.09824239349274322, 12.98162175437178867 ) ) ;
#1804 = CARTESIAN_POINT ( 'NONE',  ( 5.705621539297137446, 2.423630342976938135, 12.65146459653338873 ) ) ;
#1805 = CARTESIAN_POINT ( 'NONE',  ( 5.507580031685416877, 3.115357214310694456, 10.78035643974383184 ) ) ;
#1806 = CARTESIAN_POINT ( 'NONE',  ( 0.1597181245456834042, 9.554360586482674833, 0.4063577451748737746 ) ) ;
#1807 = CARTESIAN_POINT ( 'NONE',  ( 0.1196562991738494286, 10.87165346943531041, 9.586570065623368109 ) ) ;
#1808 = CARTESIAN_POINT ( 'NONE',  ( 3.933246978023149154, 9.509080056774092071, 8.749652471907261031 ) ) ;
#1809 = ORIENTED_EDGE ( 'NONE', *, *, #4021, .T. ) ;
#1810 = CARTESIAN_POINT ( 'NONE',  ( 5.892125954508642849, 1.562345680772125212, 32.75461412981734810 ) ) ;
#1811 = CARTESIAN_POINT ( 'NONE',  ( 5.001418690040287274, 4.080438374227894016, 52.97098983909248204 ) ) ;
#1812 = CARTESIAN_POINT ( 'NONE',  ( 0.1109566516130901098, 10.66738753505539350, 12.45392914354165548 ) ) ;
#1813 = CARTESIAN_POINT ( 'NONE',  ( 2.245162777563500356, 10.38930140911785749, 12.45103506828484363 ) ) ;
#1814 = CARTESIAN_POINT ( 'NONE',  ( -0.02073723470202618047, 10.91687541984814658, 10.22536909058336896 ) ) ;
#1815 = CARTESIAN_POINT ( 'NONE',  ( 2.285603215958055934, 10.49307194205394289, 7.885276124992191882 ) ) ;
#1816 = CARTESIAN_POINT ( 'NONE',  ( 5.687023442740603230, 6.058954787711268608, 9.613157336198421277 ) ) ;
#1817 = CARTESIAN_POINT ( 'NONE',  ( 3.371106011530362601, 1.562499999999997335, 56.64457176487078982 ) ) ;
#1818 = CARTESIAN_POINT ( 'NONE',  ( 5.417688909438703959, 6.049134331814038035, 48.50571920884292609 ) ) ;
#1819 = CARTESIAN_POINT ( 'NONE',  ( 4.349672202945348509, 8.755214196957567196, 15.74006171984003011 ) ) ;
#1820 = CARTESIAN_POINT ( 'NONE',  ( 1.894463835509661465, 10.41459061096710315, 10.78648242848389494 ) ) ;
#1821 = AXIS2_PLACEMENT_3D ( 'NONE', #600, #5619, #2414 ) ;
#1822 = CARTESIAN_POINT ( 'NONE',  ( 2.079849905935241328, 10.82799634734724492, 11.71440401138767662 ) ) ;
#1823 = CARTESIAN_POINT ( 'NONE',  ( 4.733773072773570512, 8.591357884120759181, 9.816191347422158486 ) ) ;
#1824 = ORIENTED_EDGE ( 'NONE', *, *, #2412, .F. ) ;
#1825 = DIRECTION ( 'NONE',  ( -1.000000000000000000, 0.000000000000000000, -3.478615742371893810E-15 ) ) ;
#1826 = CARTESIAN_POINT ( 'NONE',  ( -0.007874015748191019390, 11.08059619324933287, 24.06545493832194893 ) ) ;
#1827 = CARTESIAN_POINT ( 'NONE',  ( 3.631367244161953778, 9.742259149905676097, 18.26348060312795241 ) ) ;
#1828 = CARTESIAN_POINT ( 'NONE',  ( -0.007874015748423630195, 1.562500000000000000, 57.50000000000000000 ) ) ;
#1829 = CARTESIAN_POINT ( 'NONE',  ( 0.3713104909478347482, 9.540570028598148511, 0.4069152029161960948 ) ) ;
#1830 = CARTESIAN_POINT ( 'NONE',  ( 0.7021875567817223995, 10.83832093009033137, 9.160125620046294159 ) ) ;
#1831 = CARTESIAN_POINT ( 'NONE',  ( 5.066204986812185673, 2.601851770219572035, -6.993658002382296957 ) ) ;
#1832 = CARTESIAN_POINT ( 'NONE',  ( 0.1096713407295323572, 9.777604712564285094, 2.015623765369862319 ) ) ;
#1833 = CARTESIAN_POINT ( 'NONE',  ( 1.620840139810955982, 10.83147403672102804, 10.01318840730530191 ) ) ;
#1834 = APPLICATION_PROTOCOL_DEFINITION ( 'draft international standard', 'automotive_design', 1998, #5356 ) ;
#1835 = CARTESIAN_POINT ( 'NONE',  ( 0.08189670331677120774, 10.98958218332659342, 11.28767599684045209 ) ) ;
#1836 = CARTESIAN_POINT ( 'NONE',  ( 4.267179701935138070, 9.154018492636581072, 8.752284679339920714 ) ) ;
#1837 = CARTESIAN_POINT ( 'NONE',  ( 5.850803167864436105, 1.561771070668405592, 52.05015980595237579 ) ) ;
#1838 = CARTESIAN_POINT ( 'NONE',  ( 5.425815531999872654, 4.306139898117718801, 31.92485516470751961 ) ) ;
#1839 = CARTESIAN_POINT ( 'NONE',  ( 2.254307792333529736, 9.612074419453048080, 49.94215018913905624 ) ) ;
#1840 = CARTESIAN_POINT ( 'NONE',  ( 0.6839506271803548199, 10.95343136103434034, 37.31525812913110940 ) ) ;
#1841 = CARTESIAN_POINT ( 'NONE',  ( -0.01350318697709037424, 11.04402413487868095, 12.13587657027194666 ) ) ;
#1842 = CARTESIAN_POINT ( 'NONE',  ( 2.210569368941289081, 10.80839302068895336, 12.13881687600951054 ) ) ;
#1843 = CARTESIAN_POINT ( 'NONE',  ( 5.722409224119018312, 5.960937140489900976, 11.30432283135030680 ) ) ;
#1844 = CARTESIAN_POINT ( 'NONE',  ( 5.336656808956953491, 7.227828279166058856, 7.955401604407395411 ) ) ;
#1845 = CARTESIAN_POINT ( 'NONE',  ( 5.285474466027515916, 6.106969321208661761, 10.78248721843603697 ) ) ;
#1846 = CARTESIAN_POINT ( 'NONE',  ( 3.041245623917983920, 6.235987982183430312, -6.993498216896570696 ) ) ;
#1847 = CARTESIAN_POINT ( 'NONE',  ( 1.965344453387775303, 9.799386049010315958, 4.090600409664473247 ) ) ;
#1848 = CARTESIAN_POINT ( 'NONE',  ( 2.018348490939744888, 10.68038309263517860, 9.162447117395860374 ) ) ;
#1849 = CARTESIAN_POINT ( 'NONE',  ( 4.717678413816713601, 8.551525974526066776, 8.756370504404261013 ) ) ;
#1850 = ORIENTED_EDGE ( 'NONE', *, *, #3836, .F. ) ;
#1851 = CARTESIAN_POINT ( 'NONE',  ( 0.2960629921259434472, 10.85590676278952671, 12.27144099227121288 ) ) ;
#1852 = CARTESIAN_POINT ( 'NONE',  ( -0.007874015748371057666, 10.25817259538964521, 49.94330815796344325 ) ) ;
#1853 = CARTESIAN_POINT ( 'NONE',  ( 2.963029899468943906, 7.881126371349438386, -3.025109380726894059 ) ) ;
#1854 = CARTESIAN_POINT ( 'NONE',  ( 1.322514262787081174, 9.871607257111399747, 50.60097826898509510 ) ) ;
#1855 = CARTESIAN_POINT ( 'NONE',  ( 0.4176725927913881864, 9.832151970938554086, 51.93351562540060939 ) ) ;
#1856 = CARTESIAN_POINT ( 'NONE',  ( 0.6729042329568566405, 10.73911257573519151, 7.880168133297356547 ) ) ;
#1857 = CARTESIAN_POINT ( 'NONE',  ( 5.491551098176375767, 2.418819707665580410, 31.92487259257735843 ) ) ;
#1858 = CARTESIAN_POINT ( 'NONE',  ( 4.269193199286353213, 7.755029191105494490, 2.055681082942876436 ) ) ;
#1859 = CARTESIAN_POINT ( 'NONE',  ( 0.2938788802583294779, 10.95214188073292050, 39.79879782455535064 ) ) ;
#1860 = CARTESIAN_POINT ( 'NONE',  ( 1.796065263764430986, 10.73608495446938882, 9.161465074733708747 ) ) ;
#1861 = CARTESIAN_POINT ( 'NONE',  ( 5.494017780897105574, 4.083468145129903526, 10.34272573923573901 ) ) ;
#1862 = CARTESIAN_POINT ( 'NONE',  ( 0.1735413100776924955, 11.07177028111596684, 12.55893989325437943 ) ) ;
#1863 = CARTESIAN_POINT ( 'NONE',  ( 4.251719924236382120, 9.304267684288191731, 10.87165449331900469 ) ) ;
#1864 = CARTESIAN_POINT ( 'NONE',  ( 2.736155468385601974, 1.586374112308649220, -14.02557983835420963 ) ) ;
#1865 = CARTESIAN_POINT ( 'NONE',  ( 5.229251241426670305, 4.168735206917994596, -1.240528332778137344 ) ) ;
#1866 = CARTESIAN_POINT ( 'NONE',  ( 1.776785313944815314, 8.276551649071592465, -4.192226694808300458 ) ) ;
#1867 = CARTESIAN_POINT ( 'NONE',  ( 0.05705427947052069820, 2.229596727257776578, 57.50000000000001421 ) ) ;
#1868 = CARTESIAN_POINT ( 'NONE',  ( -0.008457830646206003153, 11.09557516571110014, 12.98239555496609654 ) ) ;
#1869 = CARTESIAN_POINT ( 'NONE',  ( 2.704291932166575041, 10.54786212252757061, 11.29112042696933393 ) ) ;
#1870 = CARTESIAN_POINT ( 'NONE',  ( 5.840194167927614366, 4.819530889390545525, 8.349990859923293485 ) ) ;
#1871 = CARTESIAN_POINT ( 'NONE',  ( 5.492126018130362830, 1.562500000000008882, 42.93774039134520137 ) ) ;
#1872 = CARTESIAN_POINT ( 'NONE',  ( 5.020512634470524205, 5.222013611563311564, -0.6117681374241971115 ) ) ;
#1873 = CARTESIAN_POINT ( 'NONE',  ( 4.439835574566379783, 8.898517351227800631, 37.30689902798314250 ) ) ;
#1874 = CARTESIAN_POINT ( 'NONE',  ( 1.911038288680779518, 9.538050180507459785, 2.030459808915428876 ) ) ;
#1875 = CARTESIAN_POINT ( 'NONE',  ( 2.030751126480914603, 10.73778610960081359, 10.01451544507729530 ) ) ;
#1876 = CARTESIAN_POINT ( 'NONE',  ( 5.901686057066854119, 2.742373325297442488, 8.777614919213988287 ) ) ;
#1877 = CARTESIAN_POINT ( 'NONE',  ( 4.966652270133160130, 8.279428237171810423, 11.30029647987830543 ) ) ;
#1878 = EDGE_LOOP ( 'NONE', ( #2328, #5768 ) ) ;
#1879 =( LENGTH_UNIT ( ) NAMED_UNIT ( * ) SI_UNIT ( $, .METRE. ) );
#1880 = CARTESIAN_POINT ( 'NONE',  ( -0.007874015747917769217, 1.562500000000000000, -14.99999999999999822 ) ) ;
#1881 = CARTESIAN_POINT ( 'NONE',  ( -0.007874015748087012309, 10.43748798498713448, 9.115923342099762294 ) ) ;
#1882 = CARTESIAN_POINT ( 'NONE',  ( 3.024790280146631982, 8.014858208632052339, -2.419299080478753528 ) ) ;
#1883 = CARTESIAN_POINT ( 'NONE',  ( 1.182683408033557759, 9.426448233124620657, 52.34349147373198718 ) ) ;
#1884 = CARTESIAN_POINT ( 'NONE',  ( 0.4752470572196213494, 9.997487519179466986, 4.078575835664245197 ) ) ;
#1885 = CARTESIAN_POINT ( 'NONE',  ( 0.9169365537106722863, 10.89638523852979368, 10.01220594783866247 ) ) ;
#1886 = CARTESIAN_POINT ( 'NONE',  ( 0.1852758838083049253, 10.98913202788644128, 36.13039918408823326 ) ) ;
#1887 = CARTESIAN_POINT ( 'NONE',  ( 4.328686172493430462, 2.416369845973371788, -9.930845611153202412 ) ) ;
#1888 = CARTESIAN_POINT ( 'NONE',  ( 4.145697943277161457, 7.541850615371346045, 0.4162061652715638438 ) ) ;
#1889 = CARTESIAN_POINT ( 'NONE',  ( 0.2717402601504015358, 10.19770198315729637, 6.160709869048824672 ) ) ;
#1890 = CARTESIAN_POINT ( 'NONE',  ( 1.829963154271988746, 10.96337529809554745, 12.98533168250063241 ) ) ;
#1891 = LENGTH_MEASURE_WITH_UNIT ( LENGTH_MEASURE( 0.02539999999999999897 ), #437 );
#1892 = CARTESIAN_POINT ( 'NONE',  ( 0.2300397979148294247, 11.07223978801196829, 12.55882427830809611 ) ) ;
#1893 = CARTESIAN_POINT ( 'NONE',  ( 5.466259296424095915, 1.564060907315410809, -7.799406662920825184 ) ) ;
#1894 = CARTESIAN_POINT ( 'NONE',  ( 5.672275735224110882, 4.053650026778862880, 42.55494144680479707 ) ) ;
#1895 = CIRCLE ( 'NONE', #851, 0.1000000000000005745 ) ;
#1896 = CARTESIAN_POINT ( 'NONE',  ( 2.295556641854749280, 10.59051278084257319, 34.88720050679668105 ) ) ;
#1897 = CARTESIAN_POINT ( 'NONE',  ( 0.1481691642657700647, 3.692152178645928817, -15.00000000000000000 ) ) ;
#1898 = AXIS2_PLACEMENT_3D ( 'NONE', #3614, #5863, #2718 ) ;
#1899 = EDGE_CURVE ( 'NONE', #5682, #1239, #2196, .T. ) ;
#1900 = CARTESIAN_POINT ( 'NONE',  ( 0.003869544079121817540, 10.77683805137844963, 8.306481855804836556 ) ) ;
#1901 = CARTESIAN_POINT ( 'NONE',  ( 2.967314856935552747, 10.47704028668449361, 12.56210439429440306 ) ) ;
#1902 = CARTESIAN_POINT ( 'NONE',  ( 5.856291453130361369, 4.982633948554019199, 12.14875072504363018 ) ) ;
#1903 = CARTESIAN_POINT ( 'NONE',  ( 5.492171222168868105, 1.562500000000000666, 49.96313854581644875 ) ) ;
#1904 = CARTESIAN_POINT ( 'NONE',  ( 4.964203904311724536, 4.843688470618269903, 52.44251542721478643 ) ) ;
#1905 = CARTESIAN_POINT ( 'NONE',  ( 4.333147021958524192, 8.814458841680279377, 33.64176267588900515 ) ) ;
#1906 = CARTESIAN_POINT ( 'NONE',  ( 1.880956680907181156, 9.715059059662735308, 50.26054196152521314 ) ) ;
#1907 = CARTESIAN_POINT ( 'NONE',  ( -0.09697941502139155456, 11.01662651178667396, 11.71191831318749266 ) ) ;
#1908 = CARTESIAN_POINT ( 'NONE',  ( 5.903094494127053338, 3.018578845413732559, 9.197689619739575662 ) ) ;
#1909 = CARTESIAN_POINT ( 'NONE',  ( 5.075957631491949229, 8.005955927837984376, 10.24275198406633614 ) ) ;
#1910 = VERTEX_POINT ( 'NONE', #1180 ) ;
#1911 = CARTESIAN_POINT ( 'NONE',  ( 5.892125857824932034, 1.562158435612438501, 12.95146459640288406 ) ) ;
#1912 = CARTESIAN_POINT ( 'NONE',  ( 5.476446907015880328, 7.183219233658043379, 42.59472960708098555 ) ) ;
#1913 = CARTESIAN_POINT ( 'NONE',  ( 6.705871544839686393, 3.887245215551879074, 9.889063198600073434 ) ) ;
#1914 = CARTESIAN_POINT ( 'NONE',  ( 0.01575459354905253684, 4.057255723315527085, 57.30183241824291684 ) ) ;
#1915 = AXIS2_PLACEMENT_3D ( 'NONE', #5029, #3642, #4581 ) ;
#1916 = CARTESIAN_POINT ( 'NONE',  ( 2.947483933280665269, 8.228145155300060409, 52.37649945822613518 ) ) ;
#1917 = CARTESIAN_POINT ( 'NONE',  ( 1.443130129209271084, 10.89364220299592745, 24.06628027999487784 ) ) ;
#1918 = CARTESIAN_POINT ( 'NONE',  ( 0.3966269907128343597, 7.761289731606520803, -7.656119326230383493 ) ) ;
#1919 = CARTESIAN_POINT ( 'NONE',  ( 0.6381971373086094967, 10.85504082673805470, 9.373305672386782916 ) ) ;
#1920 = CARTESIAN_POINT ( 'NONE',  ( 5.892356796087353743, 1.832913207165205005, 12.95146459653338944 ) ) ;
#1921 = CARTESIAN_POINT ( 'NONE',  ( 5.893965535311282089, 4.091471753042327464, 10.34188505965222049 ) ) ;
#1922 = EDGE_CURVE ( 'NONE', #5777, #2417, #3228, .T. ) ;
#1923 = CARTESIAN_POINT ( 'NONE',  ( 5.249648015510630650, 2.084869521155741978, -6.587937691598471091 ) ) ;
#1924 = CARTESIAN_POINT ( 'NONE',  ( 4.764501801209363840, 8.176310039643922778, 36.12888808194220047 ) ) ;
#1925 = CARTESIAN_POINT ( 'NONE',  ( 0.2180988340376080192, 10.15102128225247391, 50.59433246552049468 ) ) ;
#1926 = CARTESIAN_POINT ( 'NONE',  ( 1.630907369192284850, 10.88699698441644337, 10.86414942260352845 ) ) ;
#1927 = CARTESIAN_POINT ( 'NONE',  ( 0.2163906362260625826, 10.93206504008653113, 10.43770449818831025 ) ) ;
#1928 = CARTESIAN_POINT ( 'NONE',  ( 5.892008233359390168, 1.558894260541779042, -2.771891946506586546 ) ) ;
#1929 = CARTESIAN_POINT ( 'NONE',  ( 5.410997605820182521, 4.377111756248988073, 4.146214064415475242 ) ) ;
#1930 = CARTESIAN_POINT ( 'NONE',  ( 1.817494186273028278, 8.425088288854125196, -3.592383273272749644 ) ) ;
#1931 = CARTESIAN_POINT ( 'NONE',  ( 0.4380877107281469507, 9.384827884825245548, -0.5891847240039709277 ) ) ;
#1932 = ADVANCED_FACE ( 'NONE', ( #2102, #5362 ), #5806, .T. ) ;
#1933 = CARTESIAN_POINT ( 'NONE',  ( 0.004102506528539918117, 10.87164396418976509, 9.586633058540158459 ) ) ;
#1934 = CARTESIAN_POINT ( 'NONE',  ( 2.724839467663640491, 10.62813062968658429, 12.98536867080356494 ) ) ;
#1935 = CARTESIAN_POINT ( 'NONE',  ( 5.836354044822860132, 4.805897784727451771, 7.928924897264405303 ) ) ;
#1936 = CARTESIAN_POINT ( 'NONE',  ( 5.308837861806861902, 1.562499999999997780, 53.18933863894223180 ) ) ;
#1937 = CARTESIAN_POINT ( 'NONE',  ( 4.593811783373597635, 4.931925544792283844, 53.29088792235617689 ) ) ;
#1938 = CARTESIAN_POINT ( 'NONE',  ( 4.292921353089166558, 8.596503060186311274, 10.78435164979171290 ) ) ;
#1939 = CARTESIAN_POINT ( 'NONE',  ( 1.754030640107548722, 8.884354597633130624, -1.788832589130977091 ) ) ;
#1940 = CARTESIAN_POINT ( 'NONE',  ( -0.07478855057757183289, 10.88680662338600236, 9.799610222747741517 ) ) ;
#1941 = CARTESIAN_POINT ( 'NONE',  ( 5.904363258678193560, 3.284432209956305915, 9.407615521182771445 ) ) ;
#1942 = CARTESIAN_POINT ( 'NONE',  ( 5.278978000153463412, 7.480665111614722029, 9.185906214450026752 ) ) ;
#1943 = ORIENTED_EDGE ( 'NONE', *, *, #4620, .F. ) ;
#1944 = DIRECTION ( 'NONE',  ( -1.000000000000000000, 0.000000000000000000, -3.478615742371893810E-15 ) ) ;
#1945 = CARTESIAN_POINT ( 'NONE',  ( 4.573951659307492257, 6.053860610158771749, -1.844006291298697642 ) ) ;
#1946 = FACE_OUTER_BOUND ( 'NONE', #3130, .T. ) ;
#1947 = CARTESIAN_POINT ( 'NONE',  ( 0.02493779356772439851, 10.95835837555120840, 39.80049022811115123 ) ) ;
#1948 = CARTESIAN_POINT ( 'NONE',  ( 2.732875359902581014, 7.753588214098105169, 53.32654197732271939 ) ) ;
#1949 = CARTESIAN_POINT ( 'NONE',  ( 0.2741516684960034200, 3.614266858163783347, -14.99999999999999112 ) ) ;
#1950 = CARTESIAN_POINT ( 'NONE',  ( 0.7843642193464351875, 10.91421458347275220, 10.22490306335322963 ) ) ;
#1951 = CARTESIAN_POINT ( 'NONE',  ( 0.1806459144541952833, 10.99905703530764356, 34.88688810432887522 ) ) ;
#1952 = ORIENTED_EDGE ( 'NONE', *, *, #3575, .T. ) ;
#1953 = CARTESIAN_POINT ( 'NONE',  ( -9.507874015748081220, 0.7593198816405254403, 12.95146459653328463 ) ) ;
#1954 = CARTESIAN_POINT ( 'NONE',  ( 5.888065543058519147, 4.240280405763960481, 10.22765939319599049 ) ) ;
#1955 = CARTESIAN_POINT ( 'NONE',  ( 5.149892843470747827, 2.118514642760201738, 53.88392937275867922 ) ) ;
#1956 = CARTESIAN_POINT ( 'NONE',  ( 4.476545115728894686, 8.211039188985806092, 9.120137754927204909 ) ) ;
#1957 = CARTESIAN_POINT ( 'NONE',  ( 0.09051765919957749373, 4.047590469712218031, 57.29975629182681729 ) ) ;
#1958 = CARTESIAN_POINT ( 'NONE',  ( 1.819852177560574047, 10.84910038255255316, 10.86466872953332263 ) ) ;
#1959 = CARTESIAN_POINT ( 'NONE',  ( 0.1574537189909303025, 10.87167518143195011, 9.586542203423018549 ) ) ;
#1960 = CARTESIAN_POINT ( 'NONE',  ( 4.550618985543800399, 1.574164086467000345, -10.93630841199994563 ) ) ;
#1961 = CARTESIAN_POINT ( 'NONE',  ( 0.7170970386857761225, 1.748788614423764542, 57.50000000000002132 ) ) ;
#1962 = CARTESIAN_POINT ( 'NONE',  ( 2.749917601388675692, 10.40942289458856251, 37.31123337672647722 ) ) ;
#1963 = CARTESIAN_POINT ( 'NONE',  ( 0.4938042325839379076, 9.813988976467294734, 51.93511152496061101 ) ) ;
#1964 = CARTESIAN_POINT ( 'NONE',  ( -0.008274625200560364185, 10.93155582676637216, 10.43798734415636531 ) ) ;
#1965 = CARTESIAN_POINT ( 'NONE',  ( 2.822722334704266256, 10.46257422480582022, 10.86705081340931400 ) ) ;
#1966 = CARTESIAN_POINT ( 'NONE',  ( 5.832649938457623584, 5.209922595285513047, 11.72646378611960927 ) ) ;
#1967 = CARTESIAN_POINT ( 'NONE',  ( 5.341730645183333515, 1.562500000000001110, 52.99303634368506266 ) ) ;
#1968 = CARTESIAN_POINT ( 'NONE',  ( 4.771128495583341511, 5.100110437749230563, 52.74373824061449056 ) ) ;
#1969 = B_SPLINE_CURVE_WITH_KNOTS ( 'NONE', 3,
 ( #2006, #5625, #2511, #3732, #5655, #3404 ),
 .UNSPECIFIED., .F., .F.,
 ( 4, 2, 4 ),
 ( 0.1523277809233627156, 0.2159181355688937209, 0.2795084902144246430 ),
 .UNSPECIFIED. ) ;
#1970 = CARTESIAN_POINT ( 'NONE',  ( 2.004402683089731241, 10.01000447822541517, 6.170380356621675944 ) ) ;
#1971 = CARTESIAN_POINT ( 'NONE',  ( 5.555609763832722869, 4.349917604965124696, 10.95146459653338944 ) ) ;
#1972 = CARTESIAN_POINT ( 'NONE',  ( 5.904858111823258149, 3.084735469387857254, 10.25052506093907745 ) ) ;
#1973 = CARTESIAN_POINT ( 'NONE',  ( 5.308998411573584875, 7.527455056903180619, 11.72596463802660161 ) ) ;
#1974 = ORIENTED_EDGE ( 'NONE', *, *, #4700, .F. ) ;
#1975 = CARTESIAN_POINT ( 'NONE',  ( 4.128893960404917074, 8.638472374823505717, 7.955401604407381200 ) ) ;
#1976 = CARTESIAN_POINT ( 'NONE',  ( 5.150717852600333657, 7.034066789936489705, 36.12857544011896493 ) ) ;
#1977 = DIRECTION ( 'NONE',  ( -6.957231484743787620E-15, -0.000000000000000000, 1.000000000000000000 ) ) ;
#1978 = CARTESIAN_POINT ( 'NONE',  ( 0.02334247037384461210, 11.00114060281530648, 34.88686443747524635 ) ) ;
#1979 = CARTESIAN_POINT ( 'NONE',  ( 3.185689186146544838, 7.997582764813885525, 52.38200078897524747 ) ) ;
#1980 = CARTESIAN_POINT ( 'NONE',  ( 1.566482500849699866, 10.59106324887910944, 12.45204170315677139 ) ) ;
#1981 = EDGE_CURVE ( 'NONE', #2149, #4610, #674, .T. ) ;
#1982 = CARTESIAN_POINT ( 'NONE',  ( 1.424658084106332989, 10.83043207401532904, 9.586801518807583022 ) ) ;
#1983 = CARTESIAN_POINT ( 'NONE',  ( 4.195566685753587599, 9.328741108275705685, 10.23588657512437194 ) ) ;
#1984 = CARTESIAN_POINT ( 'NONE',  ( 5.255838911288649662, 7.697078045436848370, 12.95146459653338944 ) ) ;
#1985 = CARTESIAN_POINT ( 'NONE',  ( 2.740098545773046901, 1.562499999999996891, 57.21394306662717355 ) ) ;
#1986 = CARTESIAN_POINT ( 'NONE',  ( 4.288309653210373718, 7.331610139623687239, 51.17464046650461995 ) ) ;
#1987 = CARTESIAN_POINT ( 'NONE',  ( -0.007874015748423630195, 1.562500000000000000, 57.50000000000000000 ) ) ;
#1988 = CARTESIAN_POINT ( 'NONE',  ( 1.932689560335060897, 10.74982813818314931, 9.801205640403310326 ) ) ;
#1989 = CARTESIAN_POINT ( 'NONE',  ( 0.2135565525171903845, 10.87171914701808006, 9.586503744437637309 ) ) ;
#1990 = CARTESIAN_POINT ( 'NONE',  ( 4.912996723500983265, 7.808243156552637565, 36.12878386800124986 ) ) ;
#1991 = CARTESIAN_POINT ( 'NONE',  ( 4.178522627568979075, 1.577975558804821654, -11.81747010067788928 ) ) ;
#1992 = CARTESIAN_POINT ( 'NONE',  ( 4.656907337543124470, 3.336429247279337318, -7.621281383673346177 ) ) ;
#1993 = CARTESIAN_POINT ( 'NONE',  ( 2.017886685327560325, 8.360737954462406307, 53.33572559754141196 ) ) ;
#1994 = CARTESIAN_POINT ( 'NONE',  ( 0.5590810977238935831, 9.523244132515928939, 0.4073487811594465602 ) ) ;
#1995 = CARTESIAN_POINT ( 'NONE',  ( 0.004107764823695851837, 10.88680058324858813, 9.799605868397632591 ) ) ;
#1996 = CARTESIAN_POINT ( 'NONE',  ( 2.709425863041115434, 10.56905855242557379, 11.71499995455026166 ) ) ;
#1997 = CARTESIAN_POINT ( 'NONE',  ( 5.833547274145802319, 5.226707154993603943, 12.14891811265533050 ) ) ;
#1998 = CARTESIAN_POINT ( 'NONE',  ( 5.473773038103922239, 1.562499999999996447, 51.59650109396417861 ) ) ;
#1999 = CARTESIAN_POINT ( 'NONE',  ( 5.483733452622100657, 5.648860809727831445, 48.50161484724794292 ) ) ;
#2000 = CARTESIAN_POINT ( 'NONE',  ( 5.810390172808478582, 4.360497926422723936, 10.95146459653339122 ) ) ;
#2001 = CARTESIAN_POINT ( 'NONE',  ( 5.900692812185445391, 2.588380092060268645, 10.46154364962868222 ) ) ;
#2002 = CARTESIAN_POINT ( 'NONE',  ( 5.316743606663701271, 7.536938768880735218, 12.57184622019890341 ) ) ;
#2003 = ORIENTED_EDGE ( 'NONE', *, *, #3318, .F. ) ;
#2004 = CARTESIAN_POINT ( 'NONE',  ( 3.968258279000184796, 8.831508212181226725, 7.955401604407376759 ) ) ;
#2005 = CARTESIAN_POINT ( 'NONE',  ( 3.791643943478099743, 5.476920038593230622, -6.573616926262750404 ) ) ;
#2006 = CARTESIAN_POINT ( 'NONE',  ( -0.003937007874041505151, 10.34788510452478327, 7.955401604407356331 ) ) ;
#2007 = CARTESIAN_POINT ( 'NONE',  ( 0.01397183694479297092, 6.958444683378267825, -10.03634398794807936 ) ) ;
#2008 = CARTESIAN_POINT ( 'NONE',  ( 1.967520237636215530, 5.847000046150155228, -9.998868445146305461 ) ) ;
#2009 = CARTESIAN_POINT ( 'NONE',  ( 0.7856859496524517539, 5.863868523505746388, 56.41442013047500836 ) ) ;
#2010 = CARTESIAN_POINT ( 'NONE',  ( 1.573277996985255722, 10.99517910074775706, 12.56123653014063457 ) ) ;
#2011 = CARTESIAN_POINT ( 'NONE',  ( 4.283719591190665810, 9.387035048135700777, 12.98688055647696160 ) ) ;
#2012 = CARTESIAN_POINT ( 'NONE',  ( 5.044786556816937662, 8.193497695932103753, 12.95146459653337523 ) ) ;
#2013 = CARTESIAN_POINT ( 'NONE',  ( 5.323278223735986359, 1.753449293595974456, 53.10470177965148508 ) ) ;
#2014 = CARTESIAN_POINT ( 'NONE',  ( 2.343637464524825464, 8.772875377871544700, -1.194203744268754752 ) ) ;
#2015 = CARTESIAN_POINT ( 'NONE',  ( 0.3864385376002643646, 10.97281506905297377, 37.31581540254097717 ) ) ;
#2016 = CARTESIAN_POINT ( 'NONE',  ( 1.989922532078778561, 10.70441195105448884, 9.375440006633512624 ) ) ;
#2017 = CARTESIAN_POINT ( 'NONE',  ( 0.2527715425858198528, 10.90230643528986221, 10.01233489933163945 ) ) ;
#2018 = CARTESIAN_POINT ( 'NONE',  ( 3.911499150767143718, 6.593459239873397770, -3.662497171328964018 ) ) ;
#2019 = CARTESIAN_POINT ( 'NONE',  ( 5.890686549648464165, 4.151488565114118678, 10.08453573464703545 ) ) ;
#2020 = CARTESIAN_POINT ( 'NONE',  ( 5.507858792360676325, 3.886292674063786645, 12.44080094708671957 ) ) ;
#2021 = CARTESIAN_POINT ( 'NONE',  ( 2.127379317560904592, 8.870067714990524266, -1.192369107100065495 ) ) ;
#2022 = CARTESIAN_POINT ( 'NONE',  ( -0.007874015748423630195, 1.562500000000000000, 57.50000000000000000 ) ) ;
#2023 = CARTESIAN_POINT ( 'NONE',  ( 0.02310699649144587822, 11.01672718710304899, 11.71180323818177982 ) ) ;
#2024 = CARTESIAN_POINT ( 'NONE',  ( 3.518782011447541436, 9.930607045243501574, 9.596140401049799706 ) ) ;
#2025 = CARTESIAN_POINT ( 'NONE',  ( 5.889057656461399226, 4.032960396345993459, 8.773934917615633822 ) ) ;
#2026 = CARTESIAN_POINT ( 'NONE',  ( 0.4209058354417462566, 1.562500000000000000, -14.96661128614960923 ) ) ;
#2027 = CARTESIAN_POINT ( 'NONE',  ( 5.681825230864647303, 4.918631555243743847, 46.27850128828896459 ) ) ;
#2028 = EDGE_CURVE ( 'NONE', #5361, #2417, #3106, .T. ) ;
#2029 = CARTESIAN_POINT ( 'NONE',  ( -0.07301145474938096347, 10.84060869216190959, 9.160135597397536245 ) ) ;
#2030 = CARTESIAN_POINT ( 'NONE',  ( 5.893593441901037622, 1.997247023103403629, 7.940709171695165658 ) ) ;
#2031 = CARTESIAN_POINT ( 'NONE',  ( 5.404136729158114605, 7.271975036083751398, 12.14952167874954014 ) ) ;
#2032 = ORIENTED_EDGE ( 'NONE', *, *, #5248, .F. ) ;
#2033 = DIRECTION ( 'NONE',  ( 3.478837679431853666E-15, 0.000000000000000000, -1.000000000000000000 ) ) ;
#2034 = B_SPLINE_CURVE_WITH_KNOTS ( 'NONE', 3,
 ( #5868, #991, #4870, #377, #4069, #4175, #5370, #4898, #1247, #105 ),
 .UNSPECIFIED., .F., .F.,
 ( 4, 3, 3, 4 ),
 ( 0.000000000000000000, 0.002557414520548483266, 0.005114829041096917092, 0.01016016788081126193 ),
 .UNSPECIFIED. ) ;
#2035 = CARTESIAN_POINT ( 'NONE',  ( 5.117922510723622587, 6.249841579523018886, 49.93992332601526130 ) ) ;
#2036 = LINE ( 'NONE', #4325, #3983 ) ;
#2037 = CARTESIAN_POINT ( 'NONE',  ( 0.04599961467522852010, 8.861526104270012638, 54.15918298610340997 ) ) ;
#2038 = CARTESIAN_POINT ( 'NONE',  ( 2.835296364673121960, 6.959183763723757465, -5.833345601049009232 ) ) ;
#2039 = CARTESIAN_POINT ( 'NONE',  ( 1.245350784598726168, 8.041702573633552120, -5.812850889026917933 ) ) ;
#2040 = CARTESIAN_POINT ( 'NONE',  ( 1.316337698481977236, 10.95784706092212168, 11.28812139307183315 ) ) ;
#2041 = CARTESIAN_POINT ( 'NONE',  ( 4.227639033663479040, 9.226759009052495131, 9.176184482365046691 ) ) ;
#2042 = CARTESIAN_POINT ( 'NONE',  ( 4.366663826305885898, 9.282996852398632370, 12.95146459653338233 ) ) ;
#2043 = DIRECTION ( 'NONE',  ( -1.005546269668445135E-15, -0.9895000493756160864, 0.1445325301987527844 ) ) ;
#2044 = CARTESIAN_POINT ( 'NONE',  ( 5.438291618997139309, 1.746795557699608148, -5.137913271749391164 ) ) ;
#2045 = CARTESIAN_POINT ( 'NONE',  ( 1.829073797981375815, 7.298463003313377051, -6.993436078096575415 ) ) ;
#2046 = CARTESIAN_POINT ( 'NONE',  ( 0.2194499596729083957, 9.404541020539241458, -0.5883048507538316541 ) ) ;
#2047 = CARTESIAN_POINT ( 'NONE',  ( 1.859225353454673879, 10.72202856865023257, 9.161710260327808442 ) ) ;
#2048 = CARTESIAN_POINT ( 'NONE',  ( 0.2331295939272876316, 10.88700544197236297, 9.799421759267584520 ) ) ;
#2049 = CARTESIAN_POINT ( 'NONE',  ( 4.726330198742804356, 8.043482253164867757, 18.26275901689205838 ) ) ;
#2050 = CARTESIAN_POINT ( 'NONE',  ( 5.890140216334659229, 4.167499363699223025, 10.09118873218188384 ) ) ;
#2051 = CARTESIAN_POINT ( 'NONE',  ( 5.579848167241794776, 3.459399032873767599, 39.73385183810292887 ) ) ;
#2052 = CARTESIAN_POINT ( 'NONE',  ( 1.968605518862673875, 8.352019490060690998, -3.596278489831429948 ) ) ;
#2053 = CARTESIAN_POINT ( 'NONE',  ( 0.7709990031823846790, 9.944248660741720869, 51.12135160555201452 ) ) ;
#2054 = CARTESIAN_POINT ( 'NONE',  ( 0.04316651812282078227, 10.88680755478710616, 9.799589321217172966 ) ) ;
#2055 = CARTESIAN_POINT ( 'NONE',  ( 3.749959962496632215, 9.809721559666156665, 10.86933241075148260 ) ) ;
#2056 = CARTESIAN_POINT ( 'NONE',  ( 5.872500120494717812, 4.764800536281695642, 12.57099481562889132 ) ) ;
#2057 = CARTESIAN_POINT ( 'NONE',  ( 2.070146088136395335, 1.582083179506661219, 57.66474371233105956 ) ) ;
#2058 = CARTESIAN_POINT ( 'NONE',  ( 5.411717192412632826, 5.411835150038265319, 12.44298198930927235 ) ) ;
#2059 = CIRCLE ( 'NONE', #3867, 0.1325000000000007283 ) ;
#2060 = CARTESIAN_POINT ( 'NONE',  ( -0.02528423693160522512, 10.87164880323334870, 9.586630459081193933 ) ) ;
#2061 = CARTESIAN_POINT ( 'NONE',  ( 5.894694661859617213, 2.057994829275435311, 10.04021912938360650 ) ) ;
#2062 = CARTESIAN_POINT ( 'NONE',  ( 5.669458514256366044, 6.214105228970941752, 10.88142738965916578 ) ) ;
#2063 = ORIENTED_EDGE ( 'NONE', *, *, #1899, .T. ) ;
#2064 = CARTESIAN_POINT ( 'NONE',  ( 5.492139519047097629, 1.576587811583950227, 12.53300595598990341 ) ) ;
#2065 = MANIFOLD_SOLID_BREP ( 'Stock-Shell_Left_6-1', #2194 ) ;
#2066 = CARTESIAN_POINT ( 'NONE',  ( 1.203814494761667131, 2.602202682549251467, -14.99999999999998401 ) ) ;
#2067 = CARTESIAN_POINT ( 'NONE',  ( 5.440217809273701022, 5.160512242519200932, 12.95146459653338944 ) ) ;
#2068 = CARTESIAN_POINT ( 'NONE',  ( 0.6865544915479527832, 3.214210599776589294, -14.99999999999998579 ) ) ;
#2069 = CARTESIAN_POINT ( 'NONE',  ( 1.105085900666073817, 8.101189792266165313, -5.811274372717527115 ) ) ;
#2070 = CARTESIAN_POINT ( 'NONE',  ( 1.050103653672141091, 10.90629048389509492, 10.22504646686125973 ) ) ;
#2071 = CARTESIAN_POINT ( 'NONE',  ( 4.406129488237403358, 9.014811937610172521, 9.177574487498343814 ) ) ;
#2072 = CARTESIAN_POINT ( 'NONE',  ( 0.1928866230551345984, 10.95529135052465719, 39.79943247588877142 ) ) ;
#2073 = FACE_BOUND ( 'NONE', #4705, .T. ) ;
#2074 = CARTESIAN_POINT ( 'NONE',  ( 5.488275674552940409, 4.224545534443262085, 10.21022914903229228 ) ) ;
#2075 = CARTESIAN_POINT ( 'NONE',  ( 5.491181271329659275, 1.743247363346245971, 48.45920311076903886 ) ) ;
#2076 = CARTESIAN_POINT ( 'NONE',  ( 3.083331049995444939, 10.26949067712799568, 39.78039293588654601 ) ) ;
#2077 = CARTESIAN_POINT ( 'NONE',  ( 0.3949974572581703702, 10.94799141106741835, 39.79816317322195829 ) ) ;
#2078 = CARTESIAN_POINT ( 'NONE',  ( 0.2336904752993922141, 10.74237256258175144, 7.879723178236415215 ) ) ;
#2079 = CARTESIAN_POINT ( 'NONE',  ( -0.007874015748423630195, 1.562500000000000000, 57.50000000000000000 ) ) ;
#2080 = CARTESIAN_POINT ( 'NONE',  ( 5.887922564864208397, 4.236913227887862732, 10.17591419709279776 ) ) ;
#2081 = CARTESIAN_POINT ( 'NONE',  ( 4.933814050307798738, 3.183172226396538296, 53.91785418784877493 ) ) ;
#2082 = CARTESIAN_POINT ( 'NONE',  ( 2.279349794118302963, 9.418001392278718242, 2.033427017624539701 ) ) ;
#2083 = CARTESIAN_POINT ( 'NONE',  ( 0.5951707065494239446, 9.752034567570547097, 2.020321845825957308 ) ) ;
#2084 = CARTESIAN_POINT ( 'NONE',  ( 0.07874518432068311480, 11.07085578951638993, 12.55917443151877322 ) ) ;
#2085 = CARTESIAN_POINT ( 'NONE',  ( 3.713438167911559784, 9.645693805158922274, 7.898255061476710637 ) ) ;
#2086 = CARTESIAN_POINT ( 'NONE',  ( 5.884285429369724874, 3.999175819505834450, 7.932580933453773575 ) ) ;
#2087 = CARTESIAN_POINT ( 'NONE',  ( 4.621043151514498959, 1.562500000000000000, -9.471530576801857393 ) ) ;
#2088 = CARTESIAN_POINT ( 'NONE',  ( 5.109819723216263654, 4.884369533540638741, -0.6129413017577166611 ) ) ;
#2089 = CARTESIAN_POINT ( 'NONE',  ( -0.03018480029740456400, 10.87164961614178615, 9.586629971377112369 ) ) ;
#2090 = CARTESIAN_POINT ( 'NONE',  ( 5.897765279253355253, 2.332136815125585905, 10.46145556532371224 ) ) ;
#2091 = CARTESIAN_POINT ( 'NONE',  ( 5.606769895985771690, 6.458902905665237171, 9.823867163089703425 ) ) ;
#2092 = EDGE_LOOP ( 'NONE', ( #5431, #4832 ) ) ;
#2093 = CARTESIAN_POINT ( 'NONE',  ( 0.1766313554335615654, 10.74854341602556040, 7.955401604407363436 ) ) ;
#2094 = CARTESIAN_POINT ( 'NONE',  ( 5.171397903569291188, 6.420429821608957255, 7.852450027635237362 ) ) ;
#2095 = CARTESIAN_POINT ( 'NONE',  ( 4.448896956747601550, 8.455169908514093891, 12.95146459653337168 ) ) ;
#2096 = CARTESIAN_POINT ( 'NONE',  ( 3.854317805518455931, 9.445855971068828794, 28.18571647074960751 ) ) ;
#2097 = CARTESIAN_POINT ( 'NONE',  ( 1.258553234259738751, 8.991571901814609191, 53.14231403065335968 ) ) ;
#2098 = VECTOR ( 'NONE', #5420, 39.37007874015748854 ) ;
#2099 = CARTESIAN_POINT ( 'NONE',  ( 1.161060273543858656, 10.82079495345174891, 9.160247767384491979 ) ) ;
#2100 = CARTESIAN_POINT ( 'NONE',  ( 4.579114830344334308, 8.819653772032186367, 9.814904711937629145 ) ) ;
#2101 = VERTEX_POINT ( 'NONE', #12 ) ;
#2102 = FACE_BOUND ( 'NONE', #3378, .T. ) ;
#2103 = FACE_OUTER_BOUND ( 'NONE', #1526, .T. ) ;
#2104 = CARTESIAN_POINT ( 'NONE',  ( 5.491300674017242756, 1.709172394663232231, 42.51894263512660643 ) ) ;
#2105 = CARTESIAN_POINT ( 'NONE',  ( 2.860282881958739143, 9.634878563414781993, 6.175470086923163571 ) ) ;
#2106 = CARTESIAN_POINT ( 'NONE',  ( 0.3136141389582761674, 8.726938529114281806, -4.158038099409185229 ) ) ;
#2107 = CARTESIAN_POINT ( 'NONE',  ( 0.2307470786008426200, 10.85622903662006600, 9.373374110226187383 ) ) ;
#2108 = CARTESIAN_POINT ( 'NONE',  ( 4.789875410030805192, 7.704765520070736784, 31.92482379454190422 ) ) ;
#2109 = CARTESIAN_POINT ( 'NONE',  ( 5.892134545477748730, 1.571779915402498506, 12.50009008921308507 ) ) ;
#2110 = CARTESIAN_POINT ( 'NONE',  ( 5.530514371351790359, 3.513810760565275970, 37.29699194514109450 ) ) ;
#2111 = CARTESIAN_POINT ( 'NONE',  ( 1.292191294431427551, 10.85693902140437395, 18.26441866523440538 ) ) ;
#2112 = CARTESIAN_POINT ( 'NONE',  ( 0.6689661120463690214, 9.370036370218354449, 52.96350922697798325 ) ) ;
#2113 = VECTOR ( 'NONE', #4736, 39.37007874015748143 ) ;
#2114 = CARTESIAN_POINT ( 'NONE',  ( 0.04278892223643397663, 10.85623158272258593, 9.373464210340626934 ) ) ;
#2115 = CARTESIAN_POINT ( 'NONE',  ( 3.309824993836211871, 10.19179351136261502, 11.29185395086305732 ) ) ;
#2116 = CARTESIAN_POINT ( 'NONE',  ( 5.875995466947630419, 4.282083320492128919, 8.352002676644859847 ) ) ;
#2117 = CARTESIAN_POINT ( 'NONE',  ( 0.2086065764097043973, 1.562499999999999556, -14.99157093524568296 ) ) ;
#2118 = CARTESIAN_POINT ( 'NONE',  ( 5.396197085879775202, 5.309429423173238405, 9.122545990828630380 ) ) ;
#2119 = CARTESIAN_POINT ( 'NONE',  ( -0.03531269824711726069, 10.88680349223360189, 9.799608218528652159 ) ) ;
#2120 = CARTESIAN_POINT ( 'NONE',  ( 5.896561102234540108, 2.255237151752468083, 8.778637468661173671 ) ) ;
#2121 = CARTESIAN_POINT ( 'NONE',  ( 5.434662036375683236, 6.935394838296904396, 7.918469497831511994 ) ) ;
#2122 = VERTEX_POINT ( 'NONE', #1436 ) ;
#2123 = CARTESIAN_POINT ( 'NONE',  ( 1.924469329624376668, 10.60949857282065878, 7.955401604407366101 ) ) ;
#2124 = CARTESIAN_POINT ( 'NONE',  ( 4.218583496150890788, 5.138094042909438386, -5.858569861999236572 ) ) ;
#2125 = CARTESIAN_POINT ( 'NONE',  ( 4.007345337085688186, 9.093288756101665982, 12.95146459653336812 ) ) ;
#2126 = CARTESIAN_POINT ( 'NONE',  ( 3.213367346125695967, 7.405374359719258948, 53.13180128969018767 ) ) ;
#2127 = CARTESIAN_POINT ( 'NONE',  ( 1.677291239737051409, 10.80164231264135033, 20.74953322897675534 ) ) ;
#2128 = CARTESIAN_POINT ( 'NONE',  ( 1.543069070279843524, 10.78093260853631996, 9.160740549924911491 ) ) ;
#2129 = CARTESIAN_POINT ( 'NONE',  ( 4.499504079098484155, 8.932533530915961251, 9.814258824417755989 ) ) ;
#2130 = ORIENTED_EDGE ( 'NONE', *, *, #1981, .T. ) ;
#2131 = CARTESIAN_POINT ( 'NONE',  ( -0.003937007874044161880, 10.60898108575325693, 8.719128414726785792 ) ) ;
#2132 = CARTESIAN_POINT ( 'NONE',  ( -0.6761710437893710957, 3.835939015258080786, 10.21022914903224255 ) ) ;
#2133 = CARTESIAN_POINT ( 'NONE',  ( 5.492125955982931629, 1.562499999999999778, 18.26030562369037114 ) ) ;
#2134 = CARTESIAN_POINT ( 'NONE',  ( 2.163414717988515701, 8.249201582228939955, -3.601472111909670204 ) ) ;
#2135 = CARTESIAN_POINT ( 'NONE',  ( 0.3323903881340021238, 8.104448661019727496, -6.556266768259884969 ) ) ;
#2136 = CARTESIAN_POINT ( 'NONE',  ( 0.2539629880060556566, 10.93216448117479089, 10.43766052205526584 ) ) ;
#2137 = CARTESIAN_POINT ( 'NONE',  ( 4.101964788910096082, 6.142070430144432436, 53.12479279571461177 ) ) ;
#2138 = DIRECTION ( 'NONE',  ( 3.414809992080346871E-15, 0.000000000000000000, -1.000000000000000000 ) ) ;
#2139 = CARTESIAN_POINT ( 'NONE',  ( 5.437384090358037270, 2.833040432801557262, 51.68894497190728998 ) ) ;
#2140 = CARTESIAN_POINT ( 'NONE',  ( 0.9402144126041583894, 9.891490401881323891, 51.12348315999014403 ) ) ;
#2141 = CARTESIAN_POINT ( 'NONE',  ( 0.06288736969920658004, 10.93163920209134687, 10.43792174307222886 ) ) ;
#2142 = CARTESIAN_POINT ( 'NONE',  ( 3.291064812922332550, 10.11207541339958560, 9.807295059627691103 ) ) ;
#2143 = CARTESIAN_POINT ( 'NONE',  ( 5.897344989304372120, 4.320910196880209497, 12.99307385198680542 ) ) ;
#2144 = CARTESIAN_POINT ( 'NONE',  ( 1.307313265340164454, 1.562500000000000000, -14.68052484883740938 ) ) ;
#2145 = CARTESIAN_POINT ( 'NONE',  ( 5.700545349735509859, 5.427427574598699067, 42.57199351549462563 ) ) ;
#2146 = CARTESIAN_POINT ( 'NONE',  ( -0.02995519103675341535, 10.85625570384562799, 9.373457415719389729 ) ) ;
#2147 = CARTESIAN_POINT ( 'NONE',  ( 5.892125904265204994, 1.562288727867554128, 10.88219155729448495 ) ) ;
#2148 = CARTESIAN_POINT ( 'NONE',  ( 5.465232938596855661, 6.988060499256524949, 10.24587399976153890 ) ) ;
#2149 = VERTEX_POINT ( 'NONE', #4145 ) ;
#2150 = CARTESIAN_POINT ( 'NONE',  ( 0.2960629921259558262, 10.60898108575325693, 8.719128414726787568 ) ) ;
#2151 = CARTESIAN_POINT ( 'NONE',  ( 5.084404158047400202, 6.267995500504196293, 4.131183346915201504 ) ) ;
#2152 = CARTESIAN_POINT ( 'NONE',  ( 1.344024309851948429, 11.05736026359031143, 12.95146459653336457 ) ) ;
#2153 = CARTESIAN_POINT ( 'NONE',  ( 3.340464346047526512, 7.315834926763617574, -3.639125871976879978 ) ) ;
#2154 = CARTESIAN_POINT ( 'NONE',  ( 0.9708583250569666756, 6.638974611787610058, -10.01965319997754555 ) ) ;
#2155 = CARTESIAN_POINT ( 'NONE',  ( 1.872491417291819893, 10.78042042064056538, 10.01393305334916128 ) ) ;
#2156 = UNCERTAINTY_MEASURE_WITH_UNIT (LENGTH_MEASURE( 1.000000000000000082E-05 ), #4534, 'distance_accuracy_value', 'NONE');
#2157 = CARTESIAN_POINT ( 'NONE',  ( 4.437361972085588135, 9.103138072886430621, 11.29619066412729822 ) ) ;
#2158 = ORIENTED_EDGE ( 'NONE', *, *, #4267, .F. ) ;
#2159 = DIRECTION ( 'NONE',  ( -1.000000000000000000, 0.000000000000000000, 0.000000000000000000 ) ) ;
#2160 = CARTESIAN_POINT ( 'NONE',  ( 5.495748255307190355, 3.992411230178490200, 10.12258153559452545 ) ) ;
#2161 = CARTESIAN_POINT ( 'NONE',  ( 5.323578423787172831, 1.562500000000001776, 53.10376731378807591 ) ) ;
#2162 = CARTESIAN_POINT ( 'NONE',  ( 1.808851166103781605, 6.637244446735989456, -8.653830459093349248 ) ) ;
#2163 = CARTESIAN_POINT ( 'NONE',  ( 0.3009026351833916091, 6.923454151764651954, -10.03193510055963955 ) ) ;
#2164 = EDGE_CURVE ( 'NONE', #3527, #2101, #3919, .T. ) ;
#2165 = CARTESIAN_POINT ( 'NONE',  ( 0.5656860150401414877, 10.83964203156153872, 9.160117962290104998 ) ) ;
#2166 = CARTESIAN_POINT ( 'NONE',  ( 4.852342181503703777, 6.946195450164814211, 49.94027962411512078 ) ) ;
#2167 = FACE_OUTER_BOUND ( 'NONE', #2538, .T. ) ;
#2168 = B_SPLINE_CURVE_WITH_KNOTS ( 'NONE', 3,
 ( #2509, #4323, #3492, #2093, #3910, #1650, #3463, #5271, #752, #1202, #2569, #4379, #307, #2123, #1231, #3043, #2597, #1707, #5327, #806, #2624, #4546, #418, #894, #2293, #35, #390, #831, #1285, #3097, #4054, #5853, #1341, #2709, #1312, #506, #477, #4461, #5824, #2209, #922, #3213, #4111, #1844, #4518, #3662, #449, #1398, #2265, #64 ),
 .UNSPECIFIED., .F., .F.,
 ( 4, 2, 2, 2, 2, 2, 2, 2, 2, 2, 2, 2, 2, 2, 2, 2, 2, 2, 2, 2, 2, 2, 2, 2, 4 ),
 ( 0.002124114848732708109, 0.005563959438768726479, 0.009003804028804743981, 0.01588349320887678245, 0.02964287156902085593, 0.04340224992916492247, 0.05028193910923695054, 0.05372178369927297498, 0.05716162828930899248, 0.07092100664945319433, 0.08468038500959737536, 0.09156007418966945199, 0.09499991877970551113, 0.09843976336974157026, 0.1121991417298858901, 0.1259585200900301960, 0.1328382092701023975, 0.1362780538601384983, 0.1397178984501746268, 0.1672366551704636828, 0.1741163443505359953, 0.1775561889405721239, 0.1809960335306083079, 0.1947554118907527942, 0.2222741686110416559 ),
 .UNSPECIFIED. ) ;
#2169 = EDGE_CURVE ( 'NONE', #2701, #1265, #422, .T. ) ;
#2170 = CARTESIAN_POINT ( 'NONE',  ( 5.428542522108792845, 2.816649322707566405, -1.888145253032881055 ) ) ;
#2171 = CARTESIAN_POINT ( 'NONE',  ( 1.037894264843930658, 10.54521125466062337, 10.78714829682521170 ) ) ;
#2172 = CARTESIAN_POINT ( 'NONE',  ( 0.1017094364171499676, 10.93173307659149707, 10.43786638404627531 ) ) ;
#2173 = CARTESIAN_POINT ( 'NONE',  ( 4.060095064832281331, 9.513792507284531297, 10.87062733627422517 ) ) ;
#2174 = CARTESIAN_POINT ( 'NONE',  ( 5.906927616803368863, 3.717963108690651275, 11.72696205890105325 ) ) ;
#2175 = CARTESIAN_POINT ( 'NONE',  ( 5.892125958464337288, 1.562354904579549286, 33.16948141288846585 ) ) ;
#2176 = CARTESIAN_POINT ( 'NONE',  ( 5.417672657682251369, 4.962569637686928381, 34.88816611442434379 ) ) ;
#2177 = AXIS2_PLACEMENT_3D ( 'NONE', #1331, #3201, #1415 ) ;
#2178 = CARTESIAN_POINT ( 'NONE',  ( -0.02613066037326790270, 11.01665927714554982, 11.71185725914264886 ) ) ;
#2179 = CARTESIAN_POINT ( 'NONE',  ( 2.243787169899932987, 10.62458215235687042, 9.376723653835089323 ) ) ;
#2180 = CARTESIAN_POINT ( 'NONE',  ( 5.604786529384328198, 6.455173414610876570, 9.612387777646150155 ) ) ;
#2181 = PLANE ( 'NONE',  #3289 ) ;
#2182 = CARTESIAN_POINT ( 'NONE',  ( 5.264637367278677260, 6.193774162091842506, 34.88799571307831116 ) ) ;
#2183 = CARTESIAN_POINT ( 'NONE',  ( 4.125985317243057615, 8.939732863584859857, 12.95146459653336990 ) ) ;
#2184 = CARTESIAN_POINT ( 'NONE',  ( 4.212638734315742539, 9.213525268944803059, 37.30764205919635401 ) ) ;
#2185 = CARTESIAN_POINT ( 'NONE',  ( 0.5466672495480989769, 3.844306910106861874, 57.28868361760745387 ) ) ;
#2186 = CARTESIAN_POINT ( 'NONE',  ( 1.958598550806524008, 10.92925881186784665, 12.98556802092073958 ) ) ;
#2187 = CARTESIAN_POINT ( 'NONE',  ( 4.415372197926547670, 9.042831437651972948, 9.813609396984984912 ) ) ;
#2188 = ORIENTED_EDGE ( 'NONE', *, *, #2544, .F. ) ;
#2189 = CARTESIAN_POINT ( 'NONE',  ( 5.892125077996428040, 1.563374015760107261, 7.942212432147321977 ) ) ;
#2190 = CARTESIAN_POINT ( 'NONE',  ( 5.495931357458410993, 3.986927727029585089, 10.12924537500169819 ) ) ;
#2191 = CIRCLE ( 'NONE', #5500, 0.1325000000000007283 ) ;
#2192 = CARTESIAN_POINT ( 'NONE',  ( 5.412614706650063390, 1.562499999999994005, 52.49752873470518466 ) ) ;
#2193 = CARTESIAN_POINT ( 'NONE',  ( 3.342776054305428790, 10.01192274537545401, 36.12951336558880655 ) ) ;
#2194 = CLOSED_SHELL ( 'NONE', ( #2555, #4018, #4276, #4840, #412, #5811, #4808, #3168, #3083, #533, #1484, #3286, #50, #3402, #5696, #1496, #1932, #5135, #5754, #2263, #236, #483, #4514, #1595, #3700, #2968, #1653, #1684, #2337, #4889, #1543, #3396, #2980, #4089, #2600 ) ) ;
#2195 = CARTESIAN_POINT ( 'NONE',  ( 0.1888937729893663542, 6.155421404644037864, 56.44610929841024927 ) ) ;
#2196 = CIRCLE ( 'NONE', #383, 0.1325000000000008671 ) ;
#2197 = CARTESIAN_POINT ( 'NONE',  ( 0.3579251256994715469, 10.85623194916192702, 9.373336527238421922 ) ) ;
#2198 = CARTESIAN_POINT ( 'NONE',  ( 5.077725046360369809, 7.177880637253614360, 48.51803229362695191 ) ) ;
#2199 = LINE ( 'NONE', #5814, #568 ) ;
#2200 = CARTESIAN_POINT ( 'NONE',  ( 5.545241935278420797, 2.775572824379649806, 39.72962082921367966 ) ) ;
#2201 = CARTESIAN_POINT ( 'NONE',  ( 0.9195541569671868976, 10.18127773826399718, 6.164272680259875514 ) ) ;
#2202 = CARTESIAN_POINT ( 'NONE',  ( 0.1209228450991078757, 10.91704882696704892, 10.22523361127646879 ) ) ;
#2203 = CARTESIAN_POINT ( 'NONE',  ( 3.922291952413988536, 9.459842707314036758, 7.900145576755860155 ) ) ;
#2204 = CARTESIAN_POINT ( 'NONE',  ( 5.714538292086818849, 1.562884201529451733, 53.19046566554214905 ) ) ;
#2205 = CARTESIAN_POINT ( 'NONE',  ( 5.312994252198047995, 4.689035804242174699, 2.082385961324876078 ) ) ;
#2206 = CARTESIAN_POINT ( 'NONE',  ( -0.01884661163105873227, 10.74315037050080690, 7.879349746777250196 ) ) ;
#2207 = CARTESIAN_POINT ( 'NONE',  ( 2.306884431813104541, 10.60074273822402446, 9.377070822499502967 ) ) ;
#2208 = CARTESIAN_POINT ( 'NONE',  ( 5.720240369185737528, 5.952970460303758315, 10.88150374806055964 ) ) ;
#2209 = CARTESIAN_POINT ( 'NONE',  ( 5.205337754752076940, 7.564219349015410820, 7.955401604407399851 ) ) ;
#2210 = CARTESIAN_POINT ( 'NONE',  ( 4.920359068247338818, 5.555573068529978009, -0.6105949730906780060 ) ) ;
#2211 = CARTESIAN_POINT ( 'NONE',  ( 2.995557369011522919, 10.48001332627223725, 12.95146459653337345 ) ) ;
#2212 = CARTESIAN_POINT ( 'NONE',  ( 3.858824845406755522, 8.308528984237934623, 2.049746665524655675 ) ) ;
#2213 = CARTESIAN_POINT ( 'NONE',  ( 1.778128301154787039, 9.847198995433910085, 4.089097337914439301 ) ) ;
#2214 = CARTESIAN_POINT ( 'NONE',  ( 2.096748164927272562, 10.73227416166436754, 10.22753948995218920 ) ) ;
#2215 = CARTESIAN_POINT ( 'NONE',  ( 4.842779288510000946, 8.553164606886438648, 12.56828331788692488 ) ) ;
#2216 = ORIENTED_EDGE ( 'NONE', *, *, #3318, .T. ) ;
#2217 = DIRECTION ( 'NONE',  ( 6.957231484743787620E-15, 0.000000000000000000, -1.000000000000000000 ) ) ;
#2218 = CARTESIAN_POINT ( 'NONE',  ( -0.007874015748373233009, 10.21319570790663356, 50.25614278560829007 ) ) ;
#2219 = CARTESIAN_POINT ( 'NONE',  ( 4.882187926013602741, 1.562499999999998668, -8.583132878762732787 ) ) ;
#2220 = CARTESIAN_POINT ( 'NONE',  ( 3.193547435075866581, 9.555238821961136608, 7.842453663656286267 ) ) ;
#2221 = CARTESIAN_POINT ( 'NONE',  ( 1.304083592924996093, 10.89415569453137600, 31.92478022486722011 ) ) ;
#2222 = CARTESIAN_POINT ( 'NONE',  ( 0.3919390663074213133, 10.22914166153464421, 49.94308547165103107 ) ) ;
#2223 = CARTESIAN_POINT ( 'NONE',  ( 0.5048066357534563009, 10.88696879124462491, 9.799286568464143699 ) ) ;
#2224 = CARTESIAN_POINT ( 'NONE',  ( -0.007874015748423630195, 1.562500000000000000, 57.50000000000000000 ) ) ;
#2225 = DIRECTION ( 'NONE',  ( 6.957231484743787620E-15, -0.000000000000000000, -1.000000000000000000 ) ) ;
#2226 = CARTESIAN_POINT ( 'NONE',  ( -0.007874015748423630195, 1.562500000000000000, 57.50000000000000000 ) ) ;
#2227 = CARTESIAN_POINT ( 'NONE',  ( 0.7329226026936567218, 8.650137319065278163, 54.13373937478579734 ) ) ;
#2228 = CARTESIAN_POINT ( 'NONE',  ( 5.491683813358446464, 4.150789185783031243, 10.32935064949612780 ) ) ;
#2229 = CARTESIAN_POINT ( 'NONE',  ( 0.1546553273939987871, 11.07159211642730590, 12.55898393890933207 ) ) ;
#2230 = CARTESIAN_POINT ( 'NONE',  ( 3.830354602719616697, 9.605295847378565455, 8.748902443458129952 ) ) ;
#2231 = CARTESIAN_POINT ( 'NONE',  ( 5.892125981098568666, 1.562531012088394178, 20.71136690040412631 ) ) ;
#2232 = CARTESIAN_POINT ( 'NONE',  ( 2.758402032173537854, 2.950862581372914129, -12.98985909465201871 ) ) ;
#2233 = EDGE_CURVE ( 'NONE', #3975, #5298, #3612, .T. ) ;
#2234 = CARTESIAN_POINT ( 'NONE',  ( -0.01471577847888690289, 10.77685428757858332, 8.306456252694037090 ) ) ;
#2235 = CARTESIAN_POINT ( 'NONE',  ( 2.191536654520723104, 10.70155382507206632, 10.22788467608250684 ) ) ;
#2236 = CARTESIAN_POINT ( 'NONE',  ( 5.738885478804866658, 5.616918636074523796, 7.925211464469798628 ) ) ;
#2237 = CARTESIAN_POINT ( 'NONE',  ( 2.364310019429708198, 1.562499999999997780, 57.15108041990743715 ) ) ;
#2238 = CARTESIAN_POINT ( 'NONE',  ( 2.460134713149675800, 3.385088249273758176, -13.00068820988433771 ) ) ;
#2239 = CARTESIAN_POINT ( 'NONE',  ( 3.741493556425904199, 8.075021913607155710, 0.4147196112947070246 ) ) ;
#2240 = CARTESIAN_POINT ( 'NONE',  ( 1.432309848191714696, 8.992161439849351012, 52.96437906559592079 ) ) ;
#2241 = CARTESIAN_POINT ( 'NONE',  ( 2.011595393481035998, 10.65047726310274001, 8.736160591564447131 ) ) ;
#2242 = CARTESIAN_POINT ( 'NONE',  ( 4.698554426736217593, 8.796980635404812787, 12.56712547257126111 ) ) ;
#2243 = VERTEX_POINT ( 'NONE', #1797 ) ;
#2244 = CARTESIAN_POINT ( 'NONE',  ( 0.4145270283014548252, 10.34653689912188668, 7.955401604407358107 ) ) ;
#2245 = CARTESIAN_POINT ( 'NONE',  ( -0.007874015748011314181, 9.221688554700632423, -1.764556160177183974 ) ) ;
#2246 = CARTESIAN_POINT ( 'NONE',  ( 5.492126004247532833, 1.562500000000003331, 24.07205767170523458 ) ) ;
#2247 = CARTESIAN_POINT ( 'NONE',  ( 2.926372279117602559, 8.570576809161178033, -0.5976901654219732851 ) ) ;
#2248 = CARTESIAN_POINT ( 'NONE',  ( 1.184071991061224294, 10.04735468217358019, 49.94268463628886678 ) ) ;
#2249 = CARTESIAN_POINT ( 'NONE',  ( 0.4587126140808708841, 10.11728480534316432, 50.59586611247382848 ) ) ;
#2250 = CARTESIAN_POINT ( 'NONE',  ( 0.3663268970731363705, 10.96205329447877475, 10.86270514528779074 ) ) ;
#2251 = DIRECTION ( 'NONE',  ( 1.000000000000000000, 0.000000000000000000, 6.957231484743788408E-15 ) ) ;
#2252 = CARTESIAN_POINT ( 'NONE',  ( 5.483033118677682616, 3.975476605400943608, 24.07123233003234120 ) ) ;
#2253 = CARTESIAN_POINT ( 'NONE',  ( 1.003245734893811081, 10.10065784834353408, 49.94277371081376771 ) ) ;
#2254 = CARTESIAN_POINT ( 'NONE',  ( 0.1184682887086402486, 11.04476384389633736, 12.13561543392241049 ) ) ;
#2255 = CARTESIAN_POINT ( 'NONE',  ( 3.993594633277170569, 9.707208620613348771, 12.98561256249661255 ) ) ;
#2256 = ORIENTED_EDGE ( 'NONE', *, *, #860, .T. ) ;
#2257 = CARTESIAN_POINT ( 'NONE',  ( 5.835787553117560478, 1.561833733681742054, 52.25365692715043053 ) ) ;
#2258 = CARTESIAN_POINT ( 'NONE',  ( 5.693826297856050545, 4.506535791847052330, 42.56062546970142080 ) ) ;
#2259 = CARTESIAN_POINT ( 'NONE',  ( 0.04866313573729895425, 8.879713336523099798, -3.547588282847956798 ) ) ;
#2260 = CARTESIAN_POINT ( 'NONE',  ( -0.007874015747917769217, 1.562500000000000000, -14.99999999999999822 ) ) ;
#2261 = CARTESIAN_POINT ( 'NONE',  ( -0.01318223410540984505, 10.90195669085701446, 10.01258250370653791 ) ) ;
#2262 = CARTESIAN_POINT ( 'NONE',  ( 2.257017935745059933, 10.69191444903184696, 10.44070143014995011 ) ) ;
#2263 = ADVANCED_FACE ( 'NONE', ( #3581 ), #5389, .T. ) ;
#2264 = CARTESIAN_POINT ( 'NONE',  ( 5.725706263640802263, 5.975725026630039238, 12.14973112029838553 ) ) ;
#2265 = CARTESIAN_POINT ( 'NONE',  ( 5.691410105891328008, 5.930485273371518318, 7.955401604407400740 ) ) ;
#2266 = CARTESIAN_POINT ( 'NONE',  ( 4.479863220163208481, 5.009709891237930535, -5.075035217336446358 ) ) ;
#2267 = CARTESIAN_POINT ( 'NONE',  ( 3.901284905670733938, 7.725523935608393344, -0.1955191520107912861 ) ) ;
#2268 = CARTESIAN_POINT ( 'NONE',  ( 1.499924567948768939, 8.557595956066563758, -3.584592840155396143 ) ) ;
#2269 = CARTESIAN_POINT ( 'NONE',  ( 2.100350850426876193, 10.59066235177333226, 8.310179242698403357 ) ) ;
#2270 = CARTESIAN_POINT ( 'NONE',  ( 4.942826158156880645, 8.232242074810427468, 9.606209789942987243 ) ) ;
#2271 = VERTEX_POINT ( 'NONE', #3251 ) ;
#2272 = CARTESIAN_POINT ( 'NONE',  ( -0.007874015748320643132, 10.89699701221530148, 42.69704201921896924 ) ) ;
#2273 = DIRECTION ( 'NONE',  ( -1.000000000000000000, 0.000000000000000000, 0.000000000000000000 ) ) ;
#2274 = CARTESIAN_POINT ( 'NONE',  ( 3.138959773763652983, 8.259543451956742999, -1.202000952235675157 ) ) ;
#2275 = CARTESIAN_POINT ( 'NONE',  ( 1.018907701665342058, 9.964673919597997198, 4.083085050914317726 ) ) ;
#2276 = CARTESIAN_POINT ( 'NONE',  ( 0.4763661744050539104, 10.21658184420989457, 49.94304093438854153 ) ) ;
#2277 = CARTESIAN_POINT ( 'NONE',  ( 0.4269099132965273324, 10.84033270837441520, 9.160113617003952768 ) ) ;
#2278 = CARTESIAN_POINT ( 'NONE',  ( 4.041642618569709633, 1.927439295510642747, 56.16578204359923632 ) ) ;
#2279 = CARTESIAN_POINT ( 'NONE',  ( 0.2674918193873367933, 11.00725668039092398, 33.64225498766193567 ) ) ;
#2280 = CARTESIAN_POINT ( 'NONE',  ( 1.634010914025574746, 10.91287011898653603, 11.28899112040888575 ) ) ;
#2281 = CARTESIAN_POINT ( 'NONE',  ( 5.488275674552940409, 4.224545534443262085, 10.21022914903229228 ) ) ;
#2282 = CARTESIAN_POINT ( 'NONE',  ( 0.1375763236661225186, 11.04492029638438666, 12.13557118374848542 ) ) ;
#2283 = CARTESIAN_POINT ( 'NONE',  ( 4.045336887363793821, 9.463327293429150799, 9.811136785035799335 ) ) ;
#2284 = VERTEX_POINT ( 'NONE', #2745 ) ;
#2285 = CARTESIAN_POINT ( 'NONE',  ( 5.892125913798188286, 1.562331842728085007, 16.56066310485156734 ) ) ;
#2286 = CARTESIAN_POINT ( 'NONE',  ( 5.371814105022836294, 5.323163385744956067, 24.07020065294124933 ) ) ;
#2287 = CARTESIAN_POINT ( 'NONE',  ( 0.06760475461160786459, 6.179816552108036376, 56.45342218331835227 ) ) ;
#2288 = CARTESIAN_POINT ( 'NONE',  ( 2.229101020234692143, 10.29825930749459495, 10.78621608114739416 ) ) ;
#2289 = CARTESIAN_POINT ( 'NONE',  ( 0.4818907965398666615, 9.760121509492096337, 2.019332776256255624 ) ) ;
#2290 = CARTESIAN_POINT ( 'NONE',  ( -0.01574202859432820636, 10.91687583028353714, 10.22536747977189187 ) ) ;
#2291 = CARTESIAN_POINT ( 'NONE',  ( 2.234921773946779489, 10.58077607040640444, 8.737532917399915888 ) ) ;
#2292 = CARTESIAN_POINT ( 'NONE',  ( 5.768562098991243836, 5.742331880316825732, 12.99425136615040977 ) ) ;
#2293 = CARTESIAN_POINT ( 'NONE',  ( 3.411037425949138058, 9.889385236550305436, 7.955401604407374982 ) ) ;
#2294 = CARTESIAN_POINT ( 'NONE',  ( 0.5931241033147849340, 1.869121656565364553, 57.50000000000000000 ) ) ;
#2295 = CARTESIAN_POINT ( 'NONE',  ( 4.360574105734617234, 8.836098588321744884, 34.88759810993744992 ) ) ;
#2296 = CARTESIAN_POINT ( 'NONE',  ( 2.110219550456175153, 10.66243706603146713, 34.88717210657230794 ) ) ;
#2297 = CARTESIAN_POINT ( 'NONE',  ( 1.963354827236520883, 10.59328175664233385, 7.882867462021256877 ) ) ;
#2298 = CARTESIAN_POINT ( 'NONE',  ( 4.982521346917132554, 8.307256731569204078, 12.56940928051281858 ) ) ;
#2299 = ORIENTED_EDGE ( 'NONE', *, *, #4372, .F. ) ;
#2300 = CARTESIAN_POINT ( 'NONE',  ( 0.2960629921259431141, 10.85590676278952671, 12.37144099227121252 ) ) ;
#2301 = CARTESIAN_POINT ( 'NONE',  ( 0.008009669528103969052, 8.028792211769603782, 55.11522497555803568 ) ) ;
#2302 = CARTESIAN_POINT ( 'NONE',  ( 3.083524748952169325, 8.140936825926317510, -1.808695121911350956 ) ) ;
#2303 = CARTESIAN_POINT ( 'NONE',  ( 0.9376638983671511385, 9.043402027851440650, 53.34761028253043946 ) ) ;
#2304 = CARTESIAN_POINT ( 'NONE',  ( 0.3928518847285485949, 8.524108894508019674, -4.972396040280042229 ) ) ;
#2305 = CARTESIAN_POINT ( 'NONE',  ( 0.6506511043962663887, 11.01719078050938094, 11.71112674676889398 ) ) ;
#2306 = CARTESIAN_POINT ( 'NONE',  ( 5.497071892118216674, 2.170204334660847501, 36.12732487282575988 ) ) ;
#2307 = CARTESIAN_POINT ( 'NONE',  ( 3.103682436231773867, 5.862279260462352148, -7.637588505721334187 ) ) ;
#2308 = CARTESIAN_POINT ( 'NONE',  ( 0.1197417638421087727, 8.554255424939031016, -4.966847976655368591 ) ) ;
#2309 = CARTESIAN_POINT ( 'NONE',  ( 1.829593979094660705, 10.94307533261377152, 12.56197074959851889 ) ) ;
#2310 = CARTESIAN_POINT ( 'NONE',  ( 5.495487314937783196, 4.033488319061266481, 10.32933408612612070 ) ) ;
#2311 = CARTESIAN_POINT ( 'NONE',  ( 0.2078111038315586245, 10.80893542264336560, 8.733641266093384203 ) ) ;
#2312 = CARTESIAN_POINT ( 'NONE',  ( 4.245558239543877121, 9.285565115316883222, 10.44800088700396756 ) ) ;
#2313 = CARTESIAN_POINT ( 'NONE',  ( 0.4855497699801306632, 1.570837523415747672, -15.36147347119269391 ) ) ;
#2314 = CARTESIAN_POINT ( 'NONE',  ( 5.198769792186735295, 4.132111324128844743, -1.870489668339207823 ) ) ;
#2315 = CARTESIAN_POINT ( 'NONE',  ( 0.04785803861414667654, 9.778966438356549773, 2.014881963192584724 ) ) ;
#2316 = CARTESIAN_POINT ( 'NONE',  ( 2.032772491726377417, 9.111160970244950974, 51.96543361660048532 ) ) ;
#2317 = CARTESIAN_POINT ( 'NONE',  ( 0.6534366955154975454, 10.07753747438866831, 50.59705894899310863 ) ) ;
#2318 = CARTESIAN_POINT ( 'NONE',  ( -0.006031127853003185289, 11.04402843766986031, 12.13586927753087252 ) ) ;
#2319 = CARTESIAN_POINT ( 'NONE',  ( 2.558425705120707772, 10.49800436644297363, 9.378479773596930968 ) ) ;
#2320 = CARTESIAN_POINT ( 'NONE',  ( 5.731583628099444105, 5.789021550972687002, 9.402351101510614484 ) ) ;
#2321 = CARTESIAN_POINT ( 'NONE',  ( 5.805621539297136202, 2.423630342976938135, 12.95146459653338944 ) ) ;
#2322 = CARTESIAN_POINT ( 'NONE',  ( 4.828738446928574568, 4.985286403360828622, -3.109588337425631899 ) ) ;
#2323 = CARTESIAN_POINT ( 'NONE',  ( 3.542649492022675428, 7.085794082296073881, -3.646916305094243693 ) ) ;
#2324 = CARTESIAN_POINT ( 'NONE',  ( 2.085802636921063158, 10.66753775648751912, 31.92478719601520254 ) ) ;
#2325 = CARTESIAN_POINT ( 'NONE',  ( 2.104114616961491269, 10.77121722342698185, 10.86546467839671593 ) ) ;
#2326 = CARTESIAN_POINT ( 'NONE',  ( 5.905234223517157766, 3.311345347651041937, 9.828850903646554116 ) ) ;
#2327 = CARTESIAN_POINT ( 'NONE',  ( 4.914977879221495982, 8.171383109720826710, 7.910717564101337196 ) ) ;
#2328 = ORIENTED_EDGE ( 'NONE', *, *, #2524, .F. ) ;
#2329 = CARTESIAN_POINT ( 'NONE',  ( 4.513675507516849983, 5.970223251432635436, -2.470559037338110109 ) ) ;
#2330 = CARTESIAN_POINT ( 'NONE',  ( -0.007874015748387603458, 9.768373196363459243, 52.32148615073577247 ) ) ;
#2331 = CARTESIAN_POINT ( 'NONE',  ( 3.599380343429710027, 9.684683958462791509, 15.74165998761499097 ) ) ;
#2332 = CARTESIAN_POINT ( 'NONE',  ( 1.554877036141577129, 10.82794516420936937, 36.13003443529443359 ) ) ;
#2333 = CARTESIAN_POINT ( 'NONE',  ( -0.007874015748423630195, 1.562500000000000000, 57.50000000000000000 ) ) ;
#2334 = CARTESIAN_POINT ( 'NONE',  ( 0.7894991318518979062, 10.98701680257177848, 11.28720382695368585 ) ) ;
#2335 = AXIS2_PLACEMENT_3D ( 'NONE', #3715, #3235, #2786 ) ;
#2336 = CARTESIAN_POINT ( 'NONE',  ( 5.489663887240260998, 2.712806621406773200, 28.18726144301607306 ) ) ;
#2337 = ADVANCED_FACE ( 'NONE', ( #901 ), #3221, .T. ) ;
#2338 = CARTESIAN_POINT ( 'NONE',  ( 2.453913033709217206, 4.400562610822918330, 56.31203974176151661 ) ) ;
#2339 = CARTESIAN_POINT ( 'NONE',  ( 0.2235292354741765519, 10.00405043862446242, 4.076321228039198274 ) ) ;
#2340 = CARTESIAN_POINT ( 'NONE',  ( 1.809664450612018083, 10.79485130768417633, 10.01372602153421809 ) ) ;
#2341 = CARTESIAN_POINT ( 'NONE',  ( 5.497053364462052727, 3.963910782093682528, 10.24452843410452729 ) ) ;
#2342 = CARTESIAN_POINT ( 'NONE',  ( 0.1757066488159809425, 11.04522955207066026, 12.13548470302029614 ) ) ;
#2343 = EDGE_CURVE ( 'NONE', #1107, #4552, #5473, .T. ) ;
#2344 = DIRECTION ( 'NONE',  ( 6.957231484743787620E-15, -0.000000000000000000, -1.000000000000000000 ) ) ;
#2345 = CARTESIAN_POINT ( 'NONE',  ( 3.641633694484839978, 2.830578819683220004, 56.21453460965329896 ) ) ;
#2346 = CARTESIAN_POINT ( 'NONE',  ( 2.311603297149755765, 10.59368475365375417, 36.12982600741218420 ) ) ;
#2347 = CARTESIAN_POINT ( 'NONE',  ( 0.5619734194486671885, 10.20194573750520384, 49.94299639712607330 ) ) ;
#2348 = CARTESIAN_POINT ( 'NONE',  ( 0.004102722675578443501, 10.91687806874487698, 10.22536065145648010 ) ) ;
#2349 = CARTESIAN_POINT ( 'NONE',  ( 2.699191426235810098, 10.52513328928813152, 10.86680844255357314 ) ) ;
#2350 = CARTESIAN_POINT ( 'NONE',  ( 5.801601416492299101, 5.474580577002847726, 12.14918382145983600 ) ) ;
#2351 = CARTESIAN_POINT ( 'NONE',  ( 5.492124482762634763, 1.562499999999999778, 4.169197599319776515 ) ) ;
#2352 = CARTESIAN_POINT ( 'NONE',  ( 4.698608909196074990, 5.033533833840056815, 52.96994603275098257 ) ) ;
#2353 = CARTESIAN_POINT ( 'NONE',  ( 0.4371769546669738160, 1.995965763359905942, 57.50000000000000000 ) ) ;
#2354 = CARTESIAN_POINT ( 'NONE',  ( 1.409415507348021901, 7.347134110929014916, 55.04452121413653742 ) ) ;
#2355 = DIRECTION ( 'NONE',  ( 6.957231484743787620E-15, 0.000000000000000000, -1.000000000000000000 ) ) ;
#2356 = CARTESIAN_POINT ( 'NONE',  ( 5.904568858772394790, 3.069889401251771233, 10.03978557058887588 ) ) ;
#2357 = CARTESIAN_POINT ( 'NONE',  ( 5.187055797075612595, 7.759529520391824420, 10.45537385499613414 ) ) ;
#2358 = EDGE_LOOP ( 'NONE', ( #3462, #315, #4117, #3105 ) ) ;
#2359 = CARTESIAN_POINT ( 'NONE',  ( 0.2960629921259434472, 10.85590676278952671, 12.27144099227121288 ) ) ;
#2360 = CARTESIAN_POINT ( 'NONE',  ( 4.686286693640396628, 6.313998410227388725, 51.62889818629530936 ) ) ;
#2361 = FACE_OUTER_BOUND ( 'NONE', #870, .T. ) ;
#2362 = CARTESIAN_POINT ( 'NONE',  ( 0.01853350966505138558, 11.06383595611288229, 28.18482878931599700 ) ) ;
#2363 = CARTESIAN_POINT ( 'NONE',  ( 2.516135461132377849, 6.937700307920304788, -6.565905744928129728 ) ) ;
#2364 = CARTESIAN_POINT ( 'NONE',  ( 1.060483344825006835, 9.358849997255397568, -0.1921590856987907547 ) ) ;
#2365 = CARTESIAN_POINT ( 'NONE',  ( 0.3599709408553271039, 9.298551115253500754, -1.178609328334909057 ) ) ;
#2366 = CARTESIAN_POINT ( 'NONE',  ( 0.8700976700273368447, 10.73473752199395115, 7.880272582997401187 ) ) ;
#2367 = CARTESIAN_POINT ( 'NONE',  ( 4.947600333816225771, 2.565554796188956210, -7.616833986751157859 ) ) ;
#2368 = CARTESIAN_POINT ( 'NONE',  ( 4.000718015432616959, 7.299603565978177500, -1.213008775247807591 ) ) ;
#2369 = CARTESIAN_POINT ( 'NONE',  ( 0.1766466766658936483, 9.416863671772558675, 53.14757040113503450 ) ) ;
#2370 = CARTESIAN_POINT ( 'NONE',  ( 1.635679895262458272, 10.93715039320408167, 11.71331721292404815 ) ) ;
#2371 = CARTESIAN_POINT ( 'NONE',  ( 0.1894408443644656770, 11.09739069109843079, 12.98193165578288344 ) ) ;
#2372 = CARTESIAN_POINT ( 'NONE',  ( 5.627211401389269341, 1.562212514602624003, -6.950647531019741976 ) ) ;
#2373 = CARTESIAN_POINT ( 'NONE',  ( 5.434863391682158706, 4.857463347380754470, 24.07061332377767471 ) ) ;
#2374 = CARTESIAN_POINT ( 'NONE',  ( 2.366183401044668955, 10.59505838826176216, 39.78547014655369907 ) ) ;
#2375 = CARTESIAN_POINT ( 'NONE',  ( 0.5474235945082577270, 9.413021323850133015, 52.96336425387498537 ) ) ;
#2376 = AXIS2_PLACEMENT_3D ( 'NONE', #903, #1351, #2273 ) ;
#2377 = CARTESIAN_POINT ( 'NONE',  ( -0.005974547821442047386, 11.01666881621010496, 11.71183976622855916 ) ) ;
#2378 = CARTESIAN_POINT ( 'NONE',  ( 2.844420192034039285, 10.54657010300212860, 12.56221126635287710 ) ) ;
#2379 = CARTESIAN_POINT ( 'NONE',  ( 5.770965771820677936, 5.517311851652547006, 9.191744526629499035 ) ) ;
#2380 = CARTESIAN_POINT ( 'NONE',  ( 5.492126005138085354, 1.562500000000005551, 38.90879550114888019 ) ) ;
#2381 = CARTESIAN_POINT ( 'NONE',  ( 5.353015117977323989, 5.732796943079944363, 10.78222087109950955 ) ) ;
#2382 = CARTESIAN_POINT ( 'NONE',  ( 3.951874530639467586, 7.816245167335994282, 0.4154628882831356562 ) ) ;
#2383 = CARTESIAN_POINT ( 'NONE',  ( 2.074805716547682088, 10.45478486386166495, 12.45128672700281847 ) ) ;
#2384 = CARTESIAN_POINT ( 'NONE',  ( -0.07164822864679416814, 10.80929174799853065, 8.733516119784606957 ) ) ;
#2385 = CARTESIAN_POINT ( 'NONE',  ( 5.902794983775876858, 3.248908460290246936, 8.776291208115800657 ) ) ;
#2386 = CARTESIAN_POINT ( 'NONE',  ( 5.372783659520304234, 7.226323863287611893, 9.186915167859366349 ) ) ;
#2387 = ORIENTED_EDGE ( 'NONE', *, *, #977, .T. ) ;
#2388 = DIRECTION ( 'NONE',  ( 1.000000000000000000, -0.000000000000000000, 3.478615742371893810E-15 ) ) ;
#2389 = CARTESIAN_POINT ( 'NONE',  ( 4.881104853009549771, 6.496740064390061242, 50.62960634544749894 ) ) ;
#2390 = LINE ( 'NONE', #4206, #5014 ) ;
#2391 = CARTESIAN_POINT ( 'NONE',  ( 0.02438971100525670274, 10.98282347168085948, 37.31649651448636007 ) ) ;
#2392 = AXIS2_PLACEMENT_3D ( 'NONE', #43, #513, #5446 ) ;
#2393 = CARTESIAN_POINT ( 'NONE',  ( 3.639161230237417222, 9.782660592456265292, 24.06751829250432095 ) ) ;
#2394 = CARTESIAN_POINT ( 'NONE',  ( 1.183393193224995699, 8.803007439367908304, -2.979029949800322097 ) ) ;
#2395 = CARTESIAN_POINT ( 'NONE',  ( 0.4636456351868533665, 9.566112690890630432, 52.68560215297782889 ) ) ;
#2396 = CARTESIAN_POINT ( 'NONE',  ( 0.7060814942954213302, 10.85423075875409538, 9.373307022949628475 ) ) ;
#2397 = CARTESIAN_POINT ( 'NONE',  ( 4.924100098969530492, 8.434094750118729777, 12.95146459653338056 ) ) ;
#2398 = CARTESIAN_POINT ( 'NONE',  ( 3.292380234281236717, 1.864642852717213861, -12.96459115910994697 ) ) ;
#2399 = CARTESIAN_POINT ( 'NONE',  ( 4.555929339396418420, 8.428438629106686619, 18.26290333413930256 ) ) ;
#2400 = CARTESIAN_POINT ( 'NONE',  ( 0.3376541178345937588, 10.55677130782487261, 10.78761440466412580 ) ) ;
#2401 = CARTESIAN_POINT ( 'NONE',  ( 1.715934176199751082, 10.68520013303018779, 8.308138721680776939 ) ) ;
#2402 = CARTESIAN_POINT ( 'NONE',  ( 0.1581232119663200375, 10.88690617402933292, 9.799485343488013811 ) ) ;
#2403 = CARTESIAN_POINT ( 'NONE',  ( 5.136606051165778730, 1.567821032488392996, -9.136124448627123584 ) ) ;
#2404 = CARTESIAN_POINT ( 'NONE',  ( 5.329236961168630771, 3.891155373177180188, 51.67093093622374056 ) ) ;
#2405 = CARTESIAN_POINT ( 'NONE',  ( 2.081239029992606238, 8.562108237551713685, 52.96513292573142451 ) ) ;
#2406 = CARTESIAN_POINT ( 'NONE',  ( 0.5609551297564077110, 9.537073673913868177, 52.68660883847800847 ) ) ;
#2407 = CARTESIAN_POINT ( 'NONE',  ( -0.01086963110604832576, 10.96091418591773348, 10.86323335238437338 ) ) ;
#2408 = CARTESIAN_POINT ( 'NONE',  ( 2.937038681139308327, 10.35808498259833499, 10.23050607796605505 ) ) ;
#2409 = CARTESIAN_POINT ( 'NONE',  ( 5.823056902417336644, 5.123883204034884287, 9.403614150749213252 ) ) ;
#2410 = CARTESIAN_POINT ( 'NONE',  ( 5.437144012003773952, 1.562500000000001332, 52.22054371246627369 ) ) ;
#2411 = CARTESIAN_POINT ( 'NONE',  ( 4.763693396126196689, 4.680611245404183940, 53.11778430173914245 ) ) ;
#2412 = EDGE_CURVE ( 'NONE', #2417, #5777, #5709, .T. ) ;
#2413 = CARTESIAN_POINT ( 'NONE',  ( 2.130290242341656537, 10.32574048134917710, 46.39270443876439032 ) ) ;
#2414 = DIRECTION ( 'NONE',  ( 3.414809992080346871E-15, 0.000000000000000000, -1.000000000000000000 ) ) ;
#2415 = CARTESIAN_POINT ( 'NONE',  ( 5.903840500377421030, 3.272590960067619736, 9.197174083493781183 ) ) ;
#2416 = CARTESIAN_POINT ( 'NONE',  ( 5.099762701094857853, 8.046092751278658639, 12.14754480620147170 ) ) ;
#2417 = VERTEX_POINT ( 'NONE', #3162 ) ;
#2418 = CARTESIAN_POINT ( 'NONE',  ( 4.868546924002732368, 7.336058173758492451, 7.955401604407390970 ) ) ;
#2419 = CARTESIAN_POINT ( 'NONE',  ( 2.828657499922145213, 3.966573432563970769, 56.28278820212882749 ) ) ;
#2420 = CARTESIAN_POINT ( 'NONE',  ( 1.780669473021100790, 10.56334839196671282, 12.95146459653335569 ) ) ;
#2421 = CARTESIAN_POINT ( 'NONE',  ( 0.09041997897924153316, 10.89627674661449142, 42.69562101349483640 ) ) ;
#2422 = CARTESIAN_POINT ( 'NONE',  ( 3.347998766003300375, 8.274315954549177121, 51.58686543636692790 ) ) ;
#2423 = CARTESIAN_POINT ( 'NONE',  ( 1.269935551029840681, 9.418693614523217406, 0.4087733953872705883 ) ) ;
#2424 = CARTESIAN_POINT ( 'NONE',  ( 1.436562630424419673, 10.88874526619140504, 10.43828256108426800 ) ) ;
#2425 = CARTESIAN_POINT ( 'NONE',  ( 4.157785372683937553, 9.410276115722462364, 10.87112505459216827 ) ) ;
#2426 = CARTESIAN_POINT ( 'NONE',  ( 5.555609763832719317, 4.349917604965124696, 11.54026869725333526 ) ) ;
#2427 = FACE_OUTER_BOUND ( 'NONE', #4776, .T. ) ;
#2428 = CARTESIAN_POINT ( 'NONE',  ( 5.413318433073682989, 1.756591265450353712, 52.49386118087248576 ) ) ;
#2429 = CARTESIAN_POINT ( 'NONE',  ( 3.774628002365461032, 6.671814422193415695, 53.12759619330484639 ) ) ;
#2430 = CARTESIAN_POINT ( 'NONE',  ( 0.1662496861466845333, 8.996486173755640081, -2.954070258048431263 ) ) ;
#2431 = CARTESIAN_POINT ( 'NONE',  ( 1.990822109677943708, 10.92025774488424972, 12.98561876006817606 ) ) ;
#2432 = CARTESIAN_POINT ( 'NONE',  ( 0.1592171900893141478, 10.91713615960956574, 10.22518389753773072 ) ) ;
#2433 = CARTESIAN_POINT ( 'NONE',  ( 4.875060832996203963, 7.650866662483568170, 18.26261469964494566 ) ) ;
#2434 = CARTESIAN_POINT ( 'NONE',  ( 0.01722782239181065364, 1.562500031429758574, -15.39999999999994884 ) ) ;
#2435 = CARTESIAN_POINT ( 'NONE',  ( 1.512666261064667506, 2.134952701945166620, -14.99999999999997868 ) ) ;
#2436 = CARTESIAN_POINT ( 'NONE',  ( -0.007874015747917769217, 1.562500000000000000, -14.99999999999999822 ) ) ;
#2437 = CARTESIAN_POINT ( 'NONE',  ( 0.3598445691735556728, 5.464377980214690567, -13.06536209252179503 ) ) ;
#2438 = CARTESIAN_POINT ( 'NONE',  ( 0.003579394442095620160, 11.04403611620435299, 12.13585912847045734 ) ) ;
#2439 = CARTESIAN_POINT ( 'NONE',  ( 2.540401188381506081, 10.39333123479516985, 7.887501330909099551 ) ) ;
#2440 = CARTESIAN_POINT ( 'NONE',  ( 5.779235153208329479, 5.552087345613000657, 10.45894748047790301 ) ) ;
#2441 = CARTESIAN_POINT ( 'NONE',  ( 5.451616959357009407, 1.562500000000001998, 52.02440245032800448 ) ) ;
#2442 = CARTESIAN_POINT ( 'NONE',  ( 5.327603056003408000, 5.784730672065656165, 34.88805251352700765 ) ) ;
#2443 = CARTESIAN_POINT ( 'NONE',  ( 5.892139751071492348, 1.576587811583950227, 12.53300595598990697 ) ) ;
#2444 = CARTESIAN_POINT ( 'NONE',  ( 5.906083190354515899, 3.207067046471375527, 11.72705226757729235 ) ) ;
#2445 = CARTESIAN_POINT ( 'NONE',  ( 5.210553334454438357, 7.794957034679902641, 12.57112173015721801 ) ) ;
#2446 = CARTESIAN_POINT ( 'NONE',  ( 0.2181254709409811698, 10.43730869005763928, 9.116073856843597056 ) ) ;
#2447 = ORIENTED_EDGE ( 'NONE', *, *, #2990, .F. ) ;
#2448 = CARTESIAN_POINT ( 'NONE',  ( 3.239610180882384505, 9.518119677945206192, 7.955401604407366989 ) ) ;
#2449 = CARTESIAN_POINT ( 'NONE',  ( 4.049232052855884945, 5.801149962939428306, -5.058391026462430773 ) ) ;
#2450 = CARTESIAN_POINT ( 'NONE',  ( 5.079167021931661807, 7.352715131837944007, 8.255401604407390792 ) ) ;
#2451 = CARTESIAN_POINT ( 'NONE',  ( 0.02448002432674604642, 10.89700443894224158, 42.69656835064425593 ) ) ;
#2452 = CARTESIAN_POINT ( 'NONE',  ( 2.764105502469284215, 7.094868814738277685, 54.05972159640732855 ) ) ;
#2453 = CARTESIAN_POINT ( 'NONE',  ( 1.763445362544599382, 10.77785342439272220, 37.31321479329498203 ) ) ;
#2454 = CARTESIAN_POINT ( 'NONE',  ( 1.385210573129767253, 10.70010516622478924, 7.880604665128645436 ) ) ;
#2455 = CARTESIAN_POINT ( 'NONE',  ( 4.242477397197625066, 9.276213830831228080, 10.23617408384645167 ) ) ;
#2456 = CARTESIAN_POINT ( 'NONE',  ( 4.530206542428457439, 9.064600290075180311, 12.95146459653337168 ) ) ;
#2457 = CARTESIAN_POINT ( 'NONE',  ( -0.6816686618016818411, 3.968324914039600859, 10.21022914903224255 ) ) ;
#2458 = CARTESIAN_POINT ( 'NONE',  ( 2.720314590134614186, 1.628702800020938479, 57.21578851233039131 ) ) ;
#2459 = CIRCLE ( 'NONE', #5775, 0.1000000000000000194 ) ;
#2460 = CARTESIAN_POINT ( 'NONE',  ( 1.955261925268980461, 7.652639691620508167, -5.821258976010344810 ) ) ;
#2461 = CARTESIAN_POINT ( 'NONE',  ( 0.2257902406186380884, 9.105375635596910655, -2.361631629011996303 ) ) ;
#2462 = CARTESIAN_POINT ( 'NONE',  ( 1.984347586862945434, 10.85642943758691104, 11.71421181122691557 ) ) ;
#2463 = CARTESIAN_POINT ( 'NONE',  ( 0.2163824504009072003, 10.74242590547839882, 7.879699988361948293 ) ) ;
#2464 = CARTESIAN_POINT ( 'NONE',  ( 3.722196371405984472, 6.294090029819039422, -5.047294899213097708 ) ) ;
#2465 = CARTESIAN_POINT ( 'NONE',  ( 5.888156600422240317, 4.227771803954161633, 10.15159206977828177 ) ) ;
#2466 = CARTESIAN_POINT ( 'NONE',  ( 5.330692543817806772, 3.875709516429483248, -0.1997634462996473459 ) ) ;
#2467 = CARTESIAN_POINT ( 'NONE',  ( 2.477302086494072242, 10.51032462940139744, 34.88722890702095469 ) ) ;
#2468 = CARTESIAN_POINT ( 'NONE',  ( 0.8312554002957269761, 10.85608488245621039, 42.68520030485106531 ) ) ;
#2469 = PRODUCT ( 'Shell_Right_6', 'Shell_Right_6', '', ( #117 ) ) ;
#2470 = CARTESIAN_POINT ( 'NONE',  ( 0.08008765055516307851, 11.04445222592995535, 12.13570796466843760 ) ) ;
#2471 = CARTESIAN_POINT ( 'NONE',  ( 3.286427024114115358, 10.08757497575664530, 9.382577263846895832 ) ) ;
#2472 = CARTESIAN_POINT ( 'NONE',  ( 5.833989306757604076, 5.243887218704784914, 12.57127429848448941 ) ) ;
#2473 = CARTESIAN_POINT ( 'NONE',  ( 5.492126111648373055, 1.562500000000000000, 8.277572453950536868 ) ) ;
#2474 = CARTESIAN_POINT ( 'NONE',  ( 4.496539941802919493, 4.244466400785745996, -6.579124912930336855 ) ) ;
#2475 = CARTESIAN_POINT ( 'NONE',  ( -0.07665924074212024375, 11.04399003286076208, 12.13593691175424993 ) ) ;
#2476 = CARTESIAN_POINT ( 'NONE',  ( 5.892125944483328936, 1.562428814460719462, 10.25059060807270050 ) ) ;
#2477 = CARTESIAN_POINT ( 'NONE',  ( 5.181635545398732390, 7.750258621670239378, 10.03193813148855362 ) ) ;
#2478 = ORIENTED_EDGE ( 'NONE', *, *, #1922, .F. ) ;
#2479 = CARTESIAN_POINT ( 'NONE',  ( 3.561693895467627158, 9.253755595105582543, 7.955401604407375871 ) ) ;
#2480 = CARTESIAN_POINT ( 'NONE',  ( 3.877789182110757960, 4.797824150933038823, -7.630176177517696168 ) ) ;
#2481 = LINE ( 'NONE', #576, #3692 ) ;
#2482 = CARTESIAN_POINT ( 'NONE',  ( -0.0006498088375230151158, 2.241021972126894024, 57.50000000000000711 ) ) ;
#2483 = CARTESIAN_POINT ( 'NONE',  ( 3.194325282751591999, 7.672801644941307231, -3.032789285881336561 ) ) ;
#2484 = CARTESIAN_POINT ( 'NONE',  ( 1.445686304551252910, 9.279815815929282508, -0.1925127768895271152 ) ) ;
#2485 = CARTESIAN_POINT ( 'NONE',  ( 0.9996303370000940713, 10.72981639384497754, 7.880300630880537227 ) ) ;
#2486 = CARTESIAN_POINT ( 'NONE',  ( 4.230583220072272610, 9.237066477021731004, 9.388321519750167710 ) ) ;
#2487 = CARTESIAN_POINT ( 'NONE',  ( 0.1315093996793545994, 9.981085160656238742, 51.52381631147426333 ) ) ;
#2488 = CARTESIAN_POINT ( 'NONE',  ( 5.903129218790377664, 2.915883108866426099, 12.95146459653339832 ) ) ;
#2489 = CARTESIAN_POINT ( 'NONE',  ( 5.079167021931661807, 7.352715131837944007, 8.255401604407390792 ) ) ;
#2490 = CARTESIAN_POINT ( 'NONE',  ( 5.492252457397700738, 1.857113166509969160, 31.92487724000928040 ) ) ;
#2491 = CARTESIAN_POINT ( 'NONE',  ( 2.745297441887311063, 9.340656193346603686, 49.94188296556432505 ) ) ;
#2492 = CARTESIAN_POINT ( 'NONE',  ( 0.3061201466704984164, 11.06119363703284897, 28.18490332745168203 ) ) ;
#2493 = CARTESIAN_POINT ( 'NONE',  ( 1.964335125855994235, 10.74165570917146617, 9.801326296061503740 ) ) ;
#2494 = CARTESIAN_POINT ( 'NONE',  ( 0.2438293732557381410, 10.80889720620847427, 8.733650704325670588 ) ) ;
#2495 = CARTESIAN_POINT ( 'NONE',  ( 4.171530073140002237, 6.705475339806258539, 52.40950744272058159 ) ) ;
#2496 = CARTESIAN_POINT ( 'NONE',  ( 5.892716284003088667, 4.091442154077767235, 10.07857628291299434 ) ) ;
#2497 = CARTESIAN_POINT ( 'NONE',  ( 5.481715217454522282, 4.512509785355439007, 20.75074985262212834 ) ) ;
#2498 = CARTESIAN_POINT ( 'NONE',  ( 2.397505557405433585, 10.22460945479590322, 10.78608290747911624 ) ) ;
#2499 = CARTESIAN_POINT ( 'NONE',  ( 0.5555767118660721593, 7.928765444749283020, -6.993381928570850725 ) ) ;
#2500 = CARTESIAN_POINT ( 'NONE',  ( 0.02273008833709495163, 11.04409909210373009, 12.13582916899547115 ) ) ;
#2501 = CARTESIAN_POINT ( 'NONE',  ( 3.553463179983258780, 10.05969684949728382, 12.13897923005387014 ) ) ;
#2502 = CARTESIAN_POINT ( 'NONE',  ( 5.872264230516146100, 4.738701634296622167, 12.14874108491236449 ) ) ;
#2503 = CARTESIAN_POINT ( 'NONE',  ( 5.492128953347021003, 1.562500000000002220, -1.476962931777124899 ) ) ;
#2504 = CARTESIAN_POINT ( 'NONE',  ( 5.168876686556701294, 4.954586310010802741, 0.4221523811789909542 ) ) ;
#2505 = CARTESIAN_POINT ( 'NONE',  ( -0.02573244080969373793, 10.91687500941210054, 10.22537070139323134 ) ) ;
#2506 = CARTESIAN_POINT ( 'NONE',  ( 5.899015196284479678, 2.494812836363009545, 8.778173413948188397 ) ) ;
#2507 = CARTESIAN_POINT ( 'NONE',  ( 5.623342719725939354, 6.489175157527419913, 12.15004248998468483 ) ) ;
#2508 = ORIENTED_EDGE ( 'NONE', *, *, #675, .T. ) ;
#2509 = CARTESIAN_POINT ( 'NONE',  ( -0.003937007874039468586, 10.74912062664211909, 7.955401604407358995 ) ) ;
#2510 = CARTESIAN_POINT ( 'NONE',  ( 5.067394083934550153, 6.204921065871301877, 50.27133993877581020 ) ) ;
#2511 = CARTESIAN_POINT ( 'NONE',  ( -0.003937007874047298260, 10.47408980843513504, 9.619960970042939152 ) ) ;
#2512 = CARTESIAN_POINT ( 'NONE',  ( 3.899493075915130724, 9.496880078681160242, 24.06772462792237732 ) ) ;
#2513 = CARTESIAN_POINT ( 'NONE',  ( 0.8759731164277460014, 6.697096428685926917, -10.02154272314401418 ) ) ;
#2514 = CARTESIAN_POINT ( 'NONE',  ( 1.055908529063129153, 10.95005593514053110, 10.86289993265289233 ) ) ;
#2515 = CARTESIAN_POINT ( 'NONE',  ( 4.585381751858792931, 8.836067474549464507, 10.23862061438709148 ) ) ;
#2516 = CARTESIAN_POINT ( 'NONE',  ( 0.1744556378646172079, 10.66875247860627418, 46.42533391032881696 ) ) ;
#2517 = CARTESIAN_POINT ( 'NONE',  ( 5.894293909376954410, 2.103659339174345444, 12.95146459653339122 ) ) ;
#2518 = CARTESIAN_POINT ( 'NONE',  ( 5.493040334977588479, 4.074844684208238199, 10.07857628858431909 ) ) ;
#2519 = CARTESIAN_POINT ( 'NONE',  ( 5.491845469372797162, 1.765038107349202079, 0.4290896330709815243 ) ) ;
#2520 = CARTESIAN_POINT ( 'NONE',  ( 2.404171760704727934, 8.956625947795981091, -0.1934559533981584645 ) ) ;
#2521 = CARTESIAN_POINT ( 'NONE',  ( 0.3014825296240142283, 11.02400555190163800, 20.74933819770530263 ) ) ;
#2522 = CARTESIAN_POINT ( 'NONE',  ( 0.3625721655913047292, 11.04618202109977254, 12.13519493479928890 ) ) ;
#2523 = CARTESIAN_POINT ( 'NONE',  ( 2.579604275414316028, 4.258841878927039026, 56.30228922855069840 ) ) ;
#2524 = EDGE_CURVE ( 'NONE', #4537, #1107, #5239, .T. ) ;
#2525 = CARTESIAN_POINT ( 'NONE',  ( 4.938078509265276139, 7.938892328307831647, 12.95146459653338411 ) ) ;
#2526 = CARTESIAN_POINT ( 'NONE',  ( 5.387688094014072782, 3.416453040602146274, 51.67893717430536071 ) ) ;
#2527 = CARTESIAN_POINT ( 'NONE',  ( 2.180915491393544681, 8.838923995330079109, 52.36091235443716840 ) ) ;
#2528 = CARTESIAN_POINT ( 'NONE',  ( 0.8615418806806836027, 10.43211408175248778, 9.116550486865762082 ) ) ;
#2529 = CARTESIAN_POINT ( 'NONE',  ( 0.01282275098142458825, 10.74310724076330636, 7.879410474909284368 ) ) ;
#2530 = CARTESIAN_POINT ( 'NONE',  ( 3.728362361893387433, 9.721010495451078981, 9.172770216777319519 ) ) ;
#2531 = CARTESIAN_POINT ( 'NONE',  ( 5.897051814576157902, 4.218265926921825226, 11.72664143886387933 ) ) ;
#2532 = CARTESIAN_POINT ( 'NONE',  ( 5.462720897022995459, 1.562499999999998890, -4.569926197426545045 ) ) ;
#2533 = CARTESIAN_POINT ( 'NONE',  ( 5.378174011969626633, 5.373736402521536171, 34.88810931397567572 ) ) ;
#2534 = VECTOR ( 'NONE', #5683, 39.37007874015748143 ) ;
#2535 = CARTESIAN_POINT ( 'NONE',  ( -0.05468761712651954571, 10.87165368066285964, 9.586627532801010432 ) ) ;
#2536 = CARTESIAN_POINT ( 'NONE',  ( 5.895122472335425634, 2.138565244226286577, 11.72615546297053513 ) ) ;
#2537 = CARTESIAN_POINT ( 'NONE',  ( 5.463002682965208301, 6.984508141310820761, 10.03427407283255768 ) ) ;
#2538 = EDGE_LOOP ( 'NONE', ( #4580, #4322, #5874, #5748 ) ) ;
#2539 = DIRECTION ( 'NONE',  ( 0.04149145669668412306, -0.9991388587284487643, 0.000000000000000000 ) ) ;
#2540 = CARTESIAN_POINT ( 'NONE',  ( 4.723310513799241050, 5.903962863104553982, 52.04522859460015383 ) ) ;
#2541 = CARTESIAN_POINT ( 'NONE',  ( 0.06365207321337822133, 11.09415302136750903, 12.95146459653334148 ) ) ;
#2542 = CARTESIAN_POINT ( 'NONE',  ( 2.954329172950874938, 7.530873267265897120, 53.32330069959854768 ) ) ;
#2543 = CARTESIAN_POINT ( 'NONE',  ( 1.659638991700008059, 10.83567544184800546, 24.06638344770401616 ) ) ;
#2544 = EDGE_CURVE ( 'NONE', #1910, #2243, #1280, .T. ) ;
#2545 = CARTESIAN_POINT ( 'NONE',  ( 1.269548785631916976, 10.74739491317810014, 8.307146995999744377 ) ) ;
#2546 = CARTESIAN_POINT ( 'NONE',  ( 4.470039091659248953, 8.846037449621274362, 7.905552813872129825 ) ) ;
#2547 = VERTEX_POINT ( 'NONE', #2862 ) ;
#2548 = FACE_OUTER_BOUND ( 'NONE', #5150, .T. ) ;
#2549 = CARTESIAN_POINT ( 'NONE',  ( 5.491019240068053975, 4.134891424801664606, 10.08453571100311841 ) ) ;
#2550 = CARTESIAN_POINT ( 'NONE',  ( 5.296655105871908020, 1.751990970657506086, 53.25739471920557122 ) ) ;
#2551 = CARTESIAN_POINT ( 'NONE',  ( 3.031870008352719026, 10.26046625395318124, 24.06710562166787071 ) ) ;
#2552 = CARTESIAN_POINT ( 'NONE',  ( 0.4577525596439914191, 10.19557447177676046, 6.161727815109132145 ) ) ;
#2553 = CARTESIAN_POINT ( 'NONE',  ( 0.2453531782652220994, 11.09787369258971701, 12.98182449832676433 ) ) ;
#2554 = CARTESIAN_POINT ( 'NONE',  ( 5.210150418116730187, 7.966111140722113682, 42.60609765287401984 ) ) ;
#2555 = ADVANCED_FACE ( 'NONE', ( #191 ), #1108, .F. ) ;
#2556 = CARTESIAN_POINT ( 'NONE',  ( 5.887890954739545712, 4.241140445098979583, 10.20158337670050130 ) ) ;
#2557 = CARTESIAN_POINT ( 'NONE',  ( 5.425521280847431349, 3.431662679182980291, 51.22295570043507951 ) ) ;
#2558 = CARTESIAN_POINT ( 'NONE',  ( 1.344110749476218780, 10.87456986471852538, 34.88705850567492206 ) ) ;
#2559 = CARTESIAN_POINT ( 'NONE',  ( 0.5352793959827935044, 7.886673881285299892, 55.08634597441399450 ) ) ;
#2560 = CARTESIAN_POINT ( 'NONE',  ( 0.04244926596629957499, 11.01678979231229860, 11.71177346612672743 ) ) ;
#2561 = CARTESIAN_POINT ( 'NONE',  ( 3.031856045808291267, 10.13605621790104649, 7.892064416554005923 ) ) ;
#2562 = CARTESIAN_POINT ( 'NONE',  ( 5.893800596180025053, 4.100378294120239353, 10.03830507631120206 ) ) ;
#2563 = CARTESIAN_POINT ( 'NONE',  ( 0.1381573669647559732, 1.563961900543816119, 57.89903262412067875 ) ) ;
#2564 = CARTESIAN_POINT ( 'NONE',  ( 5.283560006713052815, 5.066190041057144100, 50.63778579586533368 ) ) ;
#2565 = CARTESIAN_POINT ( 'NONE',  ( -0.05653952119327544656, 10.98928952421523597, 11.28784924789528965 ) ) ;
#2566 = CARTESIAN_POINT ( 'NONE',  ( 5.894837746321265115, 2.075893538190903165, 10.46136748101874225 ) ) ;
#2567 = CARTESIAN_POINT ( 'NONE',  ( 5.657667822882610942, 6.186692264758018034, 9.401509416842367628 ) ) ;
#2568 = ORIENTED_EDGE ( 'NONE', *, *, #6, .T. ) ;
#2569 = CARTESIAN_POINT ( 'NONE',  ( 1.436618419511425326, 10.70229702420974327, 7.955401604407358995 ) ) ;
#2570 = CARTESIAN_POINT ( 'NONE',  ( 4.585471321339870343, 5.588692832418430179, -3.094228527116771321 ) ) ;
#2571 = CARTESIAN_POINT ( 'NONE',  ( 1.075753172934881707, 11.08010931188874970, 12.95146459653335569 ) ) ;
#2572 = CARTESIAN_POINT ( 'NONE',  ( 2.568964136201525861, 5.959510619850328261, -8.642047529038242359 ) ) ;
#2573 = CARTESIAN_POINT ( 'NONE',  ( 1.525320624885743603, 9.865703838076568033, 50.25974211135856251 ) ) ;
#2574 = CARTESIAN_POINT ( 'NONE',  ( 1.567668116591411032, 10.89697060036822585, 10.86398646759047004 ) ) ;
#2575 = CARTESIAN_POINT ( 'NONE',  ( 4.556582956488906433, 8.757115737078555284, 8.330609173494218922 ) ) ;
#2576 = ORIENTED_EDGE ( 'NONE', *, *, #2233, .T. ) ;
#2577 = CYLINDRICAL_SURFACE ( 'NONE', #1148, 0.09999999999999947820 ) ;
#2578 = FACE_OUTER_BOUND ( 'NONE', #1649, .T. ) ;
#2579 = CARTESIAN_POINT ( 'NONE',  ( 5.483572664226676885, 1.562499999999998446, 51.24711331740027020 ) ) ;
#2580 = CARTESIAN_POINT ( 'NONE',  ( 2.436406349424768969, 9.060800659396347712, 0.4111271058506324461 ) ) ;
#2581 = CARTESIAN_POINT ( 'NONE',  ( 0.3299092622004083375, 8.318538602107540925, -5.802603533015892268 ) ) ;
#2582 = CARTESIAN_POINT ( 'NONE',  ( 0.2543532556794947386, 10.99045716676050510, 11.28735856908669710 ) ) ;
#2583 = CARTESIAN_POINT ( 'NONE',  ( 1.715952908652146336, 2.928837022957248237, 57.25546559494959808 ) ) ;
#2584 = CARTESIAN_POINT ( 'NONE',  ( 5.892427234337600517, 4.100083204457532382, 10.07772182282145046 ) ) ;
#2585 = CARTESIAN_POINT ( 'NONE',  ( 4.770049280006858794, 2.574556211700321118, 54.78162272096291474 ) ) ;
#2586 = CARTESIAN_POINT ( 'NONE',  ( 0.7034069620266558687, 9.507128169069471113, 0.4076584799046260033 ) ) ;
#2587 = STYLED_ITEM ( 'NONE', ( #3528 ), #2065 ) ;
#2588 = CARTESIAN_POINT ( 'NONE',  ( 0.04002230820540824546, 10.74304154426345015, 7.879456207185996597 ) ) ;
#2589 = CARTESIAN_POINT ( 'NONE',  ( 3.547105016964284374, 10.03975760795257521, 11.71561966271450927 ) ) ;
#2590 = CARTESIAN_POINT ( 'NONE',  ( 5.901989715689762939, 3.968114517806237806, 11.72680174888246540 ) ) ;
#2591 = CARTESIAN_POINT ( 'NONE',  ( 0.01398305352168938663, 1.562500000000000000, -14.99999999999999822 ) ) ;
#2592 = CARTESIAN_POINT ( 'NONE',  ( 4.276478829619507316, 3.836474929150427648, 54.84137237850249846 ) ) ;
#2593 = CARTESIAN_POINT ( 'NONE',  ( -0.03037821670580374486, 10.88680310083223723, 9.799607967982275625 ) ) ;
#2594 = CARTESIAN_POINT ( 'NONE',  ( 5.894970749006493094, 2.094457440514700064, 10.88262798919738472 ) ) ;
#2595 = CARTESIAN_POINT ( 'NONE',  ( 5.535966748733234688, 6.713741957105625602, 9.400230617934957067 ) ) ;
#2596 = ORIENTED_EDGE ( 'NONE', *, *, #4036, .T. ) ;
#2597 = CARTESIAN_POINT ( 'NONE',  ( 2.100063390430349841, 10.56096006519143593, 7.955401604407374982 ) ) ;
#2598 = CARTESIAN_POINT ( 'NONE',  ( 5.186313642699153625, 6.451054107194072351, 9.121642902365596939 ) ) ;
#2599 = CARTESIAN_POINT ( 'NONE',  ( 2.151899320730769727, 10.44349915026773523, 12.95146459653336279 ) ) ;
#2600 = ADVANCED_FACE ( 'NONE', ( #3820 ), #2893, .T. ) ;
#2601 = CARTESIAN_POINT ( 'NONE',  ( 3.657744179705463949, 7.915076617395806480, -0.6012096584225261608 ) ) ;
#2602 = CARTESIAN_POINT ( 'NONE',  ( 1.383975402161829127, 7.977275797242560529, -5.814427405336313193 ) ) ;
#2603 = CARTESIAN_POINT ( 'NONE',  ( 2.013110547702314346, 10.82446847676191126, 11.28999497440448252 ) ) ;
#2604 = CARTESIAN_POINT ( 'NONE',  ( 4.361082850282898882, 9.245487777043527089, 12.14194331185422548 ) ) ;
#2605 = ORIENTED_EDGE ( 'NONE', *, *, #4021, .F. ) ;
#2606 = DIRECTION ( 'NONE',  ( -6.957231484743787620E-15, -0.000000000000000000, 1.000000000000000000 ) ) ;
#2607 = CARTESIAN_POINT ( 'NONE',  ( 5.495344257643127506, 4.004645731804548525, 10.11035844155417607 ) ) ;
#2608 = CARTESIAN_POINT ( 'NONE',  ( 5.344773491461591419, 1.562500000000000444, 52.97377332266997740 ) ) ;
#2609 = CARTESIAN_POINT ( 'NONE',  ( 1.114648713129860802, 4.875637727579636760, -13.04400467081359771 ) ) ;
#2610 = CARTESIAN_POINT ( 'NONE',  ( 0.3228261975660731697, 7.442112928374036152, -8.673714153561363105 ) ) ;
#2611 = CARTESIAN_POINT ( 'NONE',  ( 0.3649452951108624332, 10.93235963325999016, 10.43755619242724109 ) ) ;
#2612 = CARTESIAN_POINT ( 'NONE',  ( 5.011184695481318840, 7.264767630746136184, 15.73793069614016993 ) ) ;
#2613 = CYLINDRICAL_SURFACE ( 'NONE', #3133, 0.1325000000000007283 ) ;
#2614 = CARTESIAN_POINT ( 'NONE',  ( 5.350786968075208705, 3.362738146947354068, -1.880788759410520594 ) ) ;
#2615 = CARTESIAN_POINT ( 'NONE',  ( 1.016672960734220421, 10.42672459841227628, 9.116675915818955644 ) ) ;
#2616 = CARTESIAN_POINT ( 'NONE',  ( 0.1387801025952604406, 11.01740413674552066, 11.71156544950979317 ) ) ;
#2617 = CARTESIAN_POINT ( 'NONE',  ( 4.066392346345698350, 9.532806676510890753, 11.29410923593265714 ) ) ;
#2618 = CARTESIAN_POINT ( 'NONE',  ( 5.907179892067695448, 3.755836655953561198, 12.14910322514940333 ) ) ;
#2619 = CARTESIAN_POINT ( 'NONE',  ( 5.492202785587094738, 1.562500000000001332, -2.342109587136845139 ) ) ;
#2620 = CARTESIAN_POINT ( 'NONE',  ( 4.993560209845972153, 4.308905162142150580, -3.724820636267808016 ) ) ;
#2621 = CARTESIAN_POINT ( 'NONE',  ( -0.03586403656659208766, 10.93155180309803320, 10.43799907337879951 ) ) ;
#2622 = CARTESIAN_POINT ( 'NONE',  ( 2.425148451038368069, 10.51016973250064979, 8.738832554222357274 ) ) ;
#2623 = CARTESIAN_POINT ( 'NONE',  ( 5.626452950013379528, 6.494937081634966525, 12.99515282310551001 ) ) ;
#2624 = CARTESIAN_POINT ( 'NONE',  ( 2.961493669706673604, 10.18612353064222553, 7.955401604407373206 ) ) ;
#2625 = CARTESIAN_POINT ( 'NONE',  ( 5.593508089865127708, 6.219142053547098037, 46.29807897122779536 ) ) ;
#2626 = CARTESIAN_POINT ( 'NONE',  ( 5.472830401778552734, 4.778208580459996746, 12.95146459653338056 ) ) ;
#2627 = CARTESIAN_POINT ( 'NONE',  ( 3.661896394316822789, 8.150116631997748939, 51.16185113987614130 ) ) ;
#2628 = CARTESIAN_POINT ( 'NONE',  ( -0.007874015748423630195, 1.562500000000000000, 57.50000000000000000 ) ) ;
#2629 = CARTESIAN_POINT ( 'NONE',  ( 1.977456658771405529, 10.80894263018995893, 10.86511356155178021 ) ) ;
#2630 = CARTESIAN_POINT ( 'NONE',  ( 4.341955525506010716, 9.195875598743961987, 10.87221272512202930 ) ) ;
#2631 = ORIENTED_EDGE ( 'NONE', *, *, #968, .T. ) ;
#2632 = CARTESIAN_POINT ( 'NONE',  ( 5.494402520567215120, 4.033467527059927171, 10.09110748457943885 ) ) ;
#2633 = DIRECTION ( 'NONE',  ( 0.9991388587284487643, 0.04149145669668402592, 6.951240325576538662E-15 ) ) ;
#2634 = CARTESIAN_POINT ( 'NONE',  ( 3.334946171583495378, 9.994598652043379161, 18.26362492037501539 ) ) ;
#2635 = CARTESIAN_POINT ( 'NONE',  ( 0.3894692394380580014, 10.00019658980764703, 4.077824299789233109 ) ) ;
#2636 = CARTESIAN_POINT ( 'NONE',  ( 0.5818484944345115872, 10.96151469320678906, 10.86259244342898711 ) ) ;
#2637 = CARTESIAN_POINT ( 'NONE',  ( 4.281386203622879805, 6.645098689570900774, -1.835178498951860249 ) ) ;
#2638 = CARTESIAN_POINT ( 'NONE',  ( -0.6761710437893710957, 3.835939015258080786, 10.21022914903224255 ) ) ;
#2639 = CARTESIAN_POINT ( 'NONE',  ( 5.436705481510899496, 2.830124461150022253, -1.251536155790270444 ) ) ;
#2640 = CARTESIAN_POINT ( 'NONE',  ( 1.217603787311840158, 10.63957247447907406, 12.45254502059273172 ) ) ;
#2641 = CARTESIAN_POINT ( 'NONE',  ( 0.1010356474738528937, 10.88684437665524207, 9.799539377429431042 ) ) ;
#2642 = CARTESIAN_POINT ( 'NONE',  ( 3.949469253521519008, 9.575202214974192216, 10.02257765545257762 ) ) ;
#2643 = EDGE_CURVE ( 'NONE', #5057, #3400, #5151, .T. ) ;
#2644 = CARTESIAN_POINT ( 'NONE',  ( 5.827288874045033040, 1.561862799171075400, 52.34965751479044371 ) ) ;
#2645 = CARTESIAN_POINT ( 'NONE',  ( 5.275167844022257135, 4.248986890463556598, 51.66492625766252900 ) ) ;
#2646 = CIRCLE ( 'NONE', #934, 0.1325000000000008671 ) ;
#2647 = CARTESIAN_POINT ( 'NONE',  ( -0.01537589878208758462, 10.85625188366203986, 9.373461442088139250 ) ) ;
#2648 = CARTESIAN_POINT ( 'NONE',  ( 2.216403003544030970, 10.84796759958734924, 12.98578847400487390 ) ) ;
#2649 = CARTESIAN_POINT ( 'NONE',  ( 5.700475049516210646, 6.096904610827071025, 11.72709335535489394 ) ) ;
#2650 = CARTESIAN_POINT ( 'NONE',  ( 0.02751316245188750731, 1.562500000000000000, 57.50000000000000000 ) ) ;
#2651 = CARTESIAN_POINT ( 'NONE',  ( 5.096131582610825106, 5.781289108118266462, 2.073484335197547601 ) ) ;
#2652 = CARTESIAN_POINT ( 'NONE',  ( 5.232679301189496535, 6.421655184307168085, 12.95146459653338944 ) ) ;
#2653 = CARTESIAN_POINT ( 'NONE',  ( 3.411230080076957272, 7.168321540472545550, 53.13039959089503128 ) ) ;
#2654 = CARTESIAN_POINT ( 'NONE',  ( 1.895622144767921124, 10.70740414668588514, 18.26420218936366169 ) ) ;
#2655 = CARTESIAN_POINT ( 'NONE',  ( 2.122875017112904938, 10.69481010930572218, 9.801990872007966260 ) ) ;
#2656 = CARTESIAN_POINT ( 'NONE',  ( 4.945909892678279185, 8.238671055906417351, 9.818045870437611455 ) ) ;
#2657 = ORIENTED_EDGE ( 'NONE', *, *, #5056, .F. ) ;
#2658 = CARTESIAN_POINT ( 'NONE',  ( 0.3308349732275202570, 10.34681954236219426, 7.955401604407362548 ) ) ;
#2659 = CARTESIAN_POINT ( 'NONE',  ( -0.007874015748423630195, 1.562500000000000000, 57.50000000000000000 ) ) ;
#2660 = CIRCLE ( 'NONE', #5694, 0.09999999999999947820 ) ;
#2661 = CARTESIAN_POINT ( 'NONE',  ( 5.297486714709600086, 1.562499999999994671, 53.25523386738940701 ) ) ;
#2662 = CARTESIAN_POINT ( 'NONE',  ( 3.011028017030114690, 9.068323279029032236, 50.26334143710874969 ) ) ;
#2663 = CARTESIAN_POINT ( 'NONE',  ( 0.8425787747684253537, 8.890090721470615520, -2.971350044645892918 ) ) ;
#2664 = AXIS2_PLACEMENT_3D ( 'NONE', #1181, #4442, #288 ) ;
#2665 = CARTESIAN_POINT ( 'NONE',  ( 0.3316521079495206026, 9.730816409428303615, 52.32836281417207402 ) ) ;
#2666 = CARTESIAN_POINT ( 'NONE',  ( 0.4339768114060041926, 10.88710788792575990, 9.799307461026339539 ) ) ;
#2667 = CARTESIAN_POINT ( 'NONE',  ( 2.052172070847816165, 3.912165164583081278, -13.01512703019409400 ) ) ;
#2668 = LINE ( 'NONE', #3113, #380 ) ;
#2669 = CARTESIAN_POINT ( 'NONE',  ( 5.539800456847136623, 2.844439778727590795, 48.47288431608494363 ) ) ;
#2670 = CARTESIAN_POINT ( 'NONE',  ( 1.035824282515105832, 10.65402460662295603, 12.45279667931071366 ) ) ;
#2671 = CARTESIAN_POINT ( 'NONE',  ( 0.1290025023928912107, 10.74271880021345638, 7.879581430877461656 ) ) ;
#2672 = CARTESIAN_POINT ( 'NONE',  ( 3.863798669789091811, 9.735198630816475074, 11.29325990137043334 ) ) ;
#2673 = CARTESIAN_POINT ( 'NONE',  ( 5.892117218387286748, 1.561934276486961704, -0.4091916969519416303 ) ) ;
#2674 = CIRCLE ( 'NONE', #4666, 0.1000000000000005745 ) ;
#2675 = CARTESIAN_POINT ( 'NONE',  ( 5.502366466668228817, 4.944634593800614653, 37.29946871585161006 ) ) ;
#2676 = CARTESIAN_POINT ( 'NONE',  ( -0.01241453034073691959, 10.77685238221758723, 8.306459482297274377 ) ) ;
#2677 = CARTESIAN_POINT ( 'NONE',  ( 2.314913119724544277, 10.64185490767767561, 10.01565968813619634 ) ) ;
#2678 = CARTESIAN_POINT ( 'NONE',  ( 5.748182296361854071, 5.639849548961127113, 8.769117576494538824 ) ) ;
#2679 = CARTESIAN_POINT ( 'NONE',  ( 1.050073025489745682, 1.562499999999999778, 57.44243340745158832 ) ) ;
#2680 = CARTESIAN_POINT ( 'NONE',  ( 4.017293961953236625, 4.567762279862450647, -7.628693711876967321 ) ) ;
#2681 = CARTESIAN_POINT ( 'NONE',  ( 2.878378489389195050, 10.54717772716013080, 12.95146459653337345 ) ) ;
#2682 = CARTESIAN_POINT ( 'NONE',  ( 4.025691975352874152, 8.768951796475640492, 7.845452572849991313 ) ) ;
#2683 = CARTESIAN_POINT ( 'NONE',  ( 0.1768686626046704347, 2.173059657547085965, 57.50000000000001421 ) ) ;
#2684 = CARTESIAN_POINT ( 'NONE',  ( 2.119869880653848071, 10.88049325196744554, 12.98574780072857315 ) ) ;
#2685 = CARTESIAN_POINT ( 'NONE',  ( 4.668138407269039725, 8.729879159394819510, 10.45102849967222980 ) ) ;
#2686 = ORIENTED_EDGE ( 'NONE', *, *, #591, .F. ) ;
#2687 = DIRECTION ( 'NONE',  ( 3.414809992080346871E-15, 0.000000000000000000, -1.000000000000000000 ) ) ;
#2688 = CARTESIAN_POINT ( 'NONE',  ( -0.005487182831999544083, 2.241116435403191165, 57.50000000000000711 ) ) ;
#2689 = CARTESIAN_POINT ( 'NONE',  ( 5.492131736653460550, 1.562500000000000666, 0.4295851510632664461 ) ) ;
#2690 = CARTESIAN_POINT ( 'NONE',  ( 3.367174891077128862, 9.771386745314938338, 46.36986380866934354 ) ) ;
#2691 = CARTESIAN_POINT ( 'NONE',  ( 0.8729391297390672877, 9.390160964054052428, -0.1919822401034230464 ) ) ;
#2692 = CARTESIAN_POINT ( 'NONE',  ( 0.04607056691381385127, 2.232867286185291622, 57.50000000000001421 ) ) ;
#2693 = CARTESIAN_POINT ( 'NONE',  ( 0.4397621610919071888, 10.96214517552126111, 10.86263699879626898 ) ) ;
#2694 = CARTESIAN_POINT ( 'NONE',  ( 1.301231866306937324, 10.51483272060529472, 7.955401604407365213 ) ) ;
#2695 = CARTESIAN_POINT ( 'NONE',  ( 5.054386536324742885, 2.696060015906355911, 53.90243381735299266 ) ) ;
#2696 = CARTESIAN_POINT ( 'NONE',  ( 0.9154143612859539925, 9.798776108311962219, 51.53882800787729934 ) ) ;
#2697 = EDGE_CURVE ( 'NONE', #4349, #1201, #2674, .T. ) ;
#2698 = CARTESIAN_POINT ( 'NONE',  ( 5.489766739270967477, 4.197431169962314357, 10.29105462786613145 ) ) ;
#2699 = CARTESIAN_POINT ( 'NONE',  ( 0.1018298631506456275, 10.96118498844658795, 10.86307971234911385 ) ) ;
#2700 = CARTESIAN_POINT ( 'NONE',  ( 3.927988180479013547, 9.485333471360627655, 8.324878271418318931 ) ) ;
#2701 = VERTEX_POINT ( 'NONE', #1911 ) ;
#2702 = CARTESIAN_POINT ( 'NONE',  ( 5.892125948805309044, 1.562331858608541513, 30.67960179866262038 ) ) ;
#2703 = CARTESIAN_POINT ( 'NONE',  ( 4.747389413731017527, 4.071947368045735871, -5.871181992474355127 ) ) ;
#2704 = CARTESIAN_POINT ( 'NONE',  ( -0.007874015747917769217, 1.562500000000000000, -14.99999999999999822 ) ) ;
#2705 = CARTESIAN_POINT ( 'NONE',  ( 2.395031880054528717, 10.54474366850618239, 42.66293788183946134 ) ) ;
#2706 = CARTESIAN_POINT ( 'NONE',  ( -0.01815063382223519942, 10.90195666076403747, 10.01258349253610547 ) ) ;
#2707 = CARTESIAN_POINT ( 'NONE',  ( 2.324778223252426557, 10.69292011233275375, 10.86601921504847468 ) ) ;
#2708 = CARTESIAN_POINT ( 'NONE',  ( 5.716192573847125757, 5.940145042314169288, 10.24738622961004353 ) ) ;
#2709 = CARTESIAN_POINT ( 'NONE',  ( 4.522248379988193179, 8.777305088060925797, 7.955401604407385641 ) ) ;
#2710 = CARTESIAN_POINT ( 'NONE',  ( -0.007874015748423630195, 1.562500000000000000, 57.50000000000000000 ) ) ;
#2711 = CARTESIAN_POINT ( 'NONE',  ( 4.611512787134530278, 8.997231816328005394, 42.62314972156371340 ) ) ;
#2712 = CARTESIAN_POINT ( 'NONE',  ( 1.386272001296839251, 8.793023865669589156, 53.34274836594401847 ) ) ;
#2713 = CARTESIAN_POINT ( 'NONE',  ( 2.117025911395111759, 10.66665802477132630, 9.376059428210105295 ) ) ;
#2714 = CARTESIAN_POINT ( 'NONE',  ( 4.767222023774236206, 8.664879419991763143, 12.14485906228531320 ) ) ;
#2715 = VERTEX_POINT ( 'NONE', #636 ) ;
#2716 = CARTESIAN_POINT ( 'NONE',  ( 1.664927641448633366, 10.25620729074027970, 7.955401604407365213 ) ) ;
#2717 = CARTESIAN_POINT ( 'NONE',  ( 0.01330772615693127416, 9.768370934394681626, 52.32194459496485450 ) ) ;
#2718 = DIRECTION ( 'NONE',  ( -1.000000000000000000, 0.000000000000000000, 0.000000000000000000 ) ) ;
#2719 = CARTESIAN_POINT ( 'NONE',  ( 2.785427553108820842, 9.189035829906240238, 2.037877830688206160 ) ) ;
#2720 = CARTESIAN_POINT ( 'NONE',  ( 1.196328553191550181, 10.41579822078345785, 9.116826430562779748 ) ) ;
#2721 = CARTESIAN_POINT ( 'NONE',  ( 0.3918387657388682777, 9.585324575922095747, 52.68484713885268178 ) ) ;
#2722 = CARTESIAN_POINT ( 'NONE',  ( 0.3369385683727273428, 10.74202678094579255, 7.879854796857814314 ) ) ;
#2723 = B_SPLINE_CURVE_WITH_KNOTS ( 'NONE', 3,
 ( #2074, #1743, #1716, #1630, #2994, #3079, #3529, #3950, #3555, #3444, #317, #3921, #5807, #2549, #4892, #4007, #3472, #4359, #2518, #3890, #1295, #2632, #5779, #5722, #2607, #2160, #2190, #1660, #815, #5336, #1211, #4834 ),
 .UNSPECIFIED., .F., .F.,
 ( 4, 2, 2, 2, 2, 2, 2, 2, 2, 2, 2, 2, 2, 2, 2, 4 ),
 ( 0.01052245739522777827, 0.01117995211776341528, 0.01183744684029905403, 0.01249494156283469104, 0.01315243628537032805, 0.01380993100790596506, 0.01446742573044160381, 0.01512492045297724082, 0.01578241517551287956, 0.01643990989804851657, 0.01709740462058415358, 0.01775489934311979059, 0.01841239406565543107, 0.01906988878819106809, 0.01972738351072670510, 0.02104237295579797912 ),
 .UNSPECIFIED. ) ;
#2724 = CARTESIAN_POINT ( 'NONE',  ( 5.495521334893942900, 2.213679074416173176, 7.863446028012081257 ) ) ;
#2725 = CARTESIAN_POINT ( 'NONE',  ( 0.09129261012599571012, 5.539704203839082020, -13.07107745889440764 ) ) ;
#2726 = CARTESIAN_POINT ( 'NONE',  ( 0.1141474128033772018, 10.77656989393719833, 8.306581598854851478 ) ) ;
#2727 = CARTESIAN_POINT ( 'NONE',  ( 4.079262273127118199, 9.568933482513189759, 12.14050006319637554 ) ) ;
#2728 = EDGE_CURVE ( 'NONE', #4552, #5279, #115, .T. ) ;
#2729 = EDGE_LOOP ( 'NONE', ( #1293, #4357, #2158, #3918 ) ) ;
#2730 = CARTESIAN_POINT ( 'NONE',  ( 5.892125968440274697, 1.562477769924486948, 19.05083221529030268 ) ) ;
#2731 = CARTESIAN_POINT ( 'NONE',  ( 5.599841330956898844, 4.946348983774808694, 39.74231385588178966 ) ) ;
#2732 = CARTESIAN_POINT ( 'NONE',  ( 0.01694588769914283713, 3.737639552287824962, -15.00000000000000000 ) ) ;
#2733 = CARTESIAN_POINT ( 'NONE',  ( 2.329199702148903040, 10.59691685670258465, 37.31210024647519674 ) ) ;
#2734 = CARTESIAN_POINT ( 'NONE',  ( 0.6464624421819568090, 10.98247904076019665, 33.64221479894579403 ) ) ;
#2735 = CARTESIAN_POINT ( 'NONE',  ( -0.01602942912769165715, 11.04402277079868000, 12.13587898393265618 ) ) ;
#2736 = CARTESIAN_POINT ( 'NONE',  ( 2.443208343998679144, 10.60651091265864565, 10.22879933436385258 ) ) ;
#2737 = CARTESIAN_POINT ( 'NONE',  ( 5.716340680465602730, 5.751073228282334249, 7.924571766658780270 ) ) ;
#2738 = CARTESIAN_POINT ( 'NONE',  ( 1.401231866306936080, 10.51483272060529472, 8.255401604407365923 ) ) ;
#2739 = CARTESIAN_POINT ( 'NONE',  ( 5.502529323795825711, 6.296248735282283349, 39.74992967188284609 ) ) ;
#2740 = CARTESIAN_POINT ( 'NONE',  ( 3.317869331135155697, 6.437287308304767919, 54.03196492951537522 ) ) ;
#2741 = CARTESIAN_POINT ( 'NONE',  ( 1.775808398359882689, 8.930816169437010288, 52.69843739310545061 ) ) ;
#2742 = CARTESIAN_POINT ( 'NONE',  ( 2.076544147811329122, 10.80539931208775783, 11.29014280404005355 ) ) ;
#2743 = CARTESIAN_POINT ( 'NONE',  ( 4.704150518496901690, 8.808194592812098378, 12.98971288074750419 ) ) ;
#2744 = ORIENTED_EDGE ( 'NONE', *, *, #5800, .T. ) ;
#2745 = CARTESIAN_POINT ( 'NONE',  ( 4.838078509265277383, 7.938892328307831647, 12.65146459653338340 ) ) ;
#2746 = CARTESIAN_POINT ( 'NONE',  ( -0.007874015747989054209, 8.556791476880691860, -4.964073944843031327 ) ) ;
#2747 = CARTESIAN_POINT ( 'NONE',  ( 3.548663217034745632, 9.556760893860039019, 12.44902179854096502 ) ) ;
#2748 = CARTESIAN_POINT ( 'NONE',  ( 1.145475076540444004, 9.935353803512681381, 50.59995583768284177 ) ) ;
#2749 = CARTESIAN_POINT ( 'NONE',  ( 0.3652544132966699664, 9.090507719267629128, -2.364835376315706394 ) ) ;
#2750 = CARTESIAN_POINT ( 'NONE',  ( 0.7146647958119932698, 11.06983380167877584, 12.55871811509890179 ) ) ;
#2751 = CARTESIAN_POINT ( 'NONE',  ( 5.503498354631829237, 2.145515981265003980, 48.46467559289533966 ) ) ;
#2752 = CARTESIAN_POINT ( 'NONE',  ( 3.805322384699190597, 6.968889980737402290, -3.055829001344623208 ) ) ;
#2753 = CARTESIAN_POINT ( 'NONE',  ( 0.04076391225093309312, 3.731664078162012732, -15.00000000000000000 ) ) ;
#2754 = CARTESIAN_POINT ( 'NONE',  ( 1.756921930088638506, 10.86229448038166723, 10.86449465872036413 ) ) ;
#2755 = CARTESIAN_POINT ( 'NONE',  ( 5.497056235255792345, 3.959681767576447520, 10.21898397022019012 ) ) ;
#2756 = CARTESIAN_POINT ( 'NONE',  ( 0.1594083906695504538, 10.93189804420974376, 10.43778157597825995 ) ) ;
#2757 = CARTESIAN_POINT ( 'NONE',  ( 4.310205263523869235, 9.284547895479118296, 11.71851604112692513 ) ) ;
#2758 = CARTESIAN_POINT ( 'NONE',  ( 5.892139751071492348, 1.576587811583950227, 12.53300595598990697 ) ) ;
#2759 = CARTESIAN_POINT ( 'NONE',  ( 5.497397143564633382, 4.104247317316191079, 36.12784594253123061 ) ) ;
#2760 = CARTESIAN_POINT ( 'NONE',  ( 2.213313631426959915, 10.19244370057725746, 9.117729519025832730 ) ) ;
#2761 = CARTESIAN_POINT ( 'NONE',  ( 0.6742517469312017120, 10.96210640258214220, 36.13026891666186913 ) ) ;
#2762 = CARTESIAN_POINT ( 'NONE',  ( -0.01284838276859985411, 10.84058669265757580, 9.160164228734679170 ) ) ;
#2763 = CARTESIAN_POINT ( 'NONE',  ( 2.807973488898504844, 10.38847077613760561, 9.592571476509377248 ) ) ;
#2764 = CARTESIAN_POINT ( 'NONE',  ( 5.727451102654088189, 5.988806353068761190, 12.99463312004041526 ) ) ;
#2765 = CARTESIAN_POINT ( 'NONE',  ( 0.1324865384369495747, 1.562500000000000000, 57.49907278719976489 ) ) ;
#2766 = CARTESIAN_POINT ( 'NONE',  ( 4.929912802164422736, 5.112068817089751249, -1.857247979818953176 ) ) ;
#2767 = CARTESIAN_POINT ( 'NONE',  ( 3.458292011187335202, 7.251371452856526290, 52.96716254917345168 ) ) ;
#2768 = CARTESIAN_POINT ( 'NONE',  ( 2.178381027670675429, 10.65846467970482969, 39.78673944922055483 ) ) ;
#2769 = CARTESIAN_POINT ( 'NONE',  ( 2.139864495409530942, 10.78490593702272982, 11.29027889978268107 ) ) ;
#2770 = CARTESIAN_POINT ( 'NONE',  ( 4.987203166778333419, 8.314961126721987839, 12.99199260667724687 ) ) ;
#2771 = EDGE_CURVE ( 'NONE', #928, #1910, #5653, .T. ) ;
#2772 = ORIENTED_EDGE ( 'NONE', *, *, #4446, .T. ) ;
#2773 = CARTESIAN_POINT ( 'NONE',  ( 5.079167021931661807, 7.352715131837944007, 8.255401604407390792 ) ) ;
#2774 = CARTESIAN_POINT ( 'NONE',  ( 5.041334073653903403, 7.427057837936687612, 36.12867965406011450 ) ) ;
#2775 = CARTESIAN_POINT ( 'NONE',  ( -0.007874015748133145545, 10.85456328801900305, 15.74698754686461832 ) ) ;
#2776 = CARTESIAN_POINT ( 'NONE',  ( 3.335168390542367245, 8.923135392028205715, 49.94152666746441582 ) ) ;
#2777 = CARTESIAN_POINT ( 'NONE',  ( 0.6893326714629297580, 5.924136989300130551, 56.41929538708045300 ) ) ;
#2778 = CARTESIAN_POINT ( 'NONE',  ( 0.6491883099826284420, 10.66763457720118069, 12.45329999674669352 ) ) ;
#2779 = CARTESIAN_POINT ( 'NONE',  ( 0.6438838863962972336, 10.88601202615367036, 9.799266898062349185 ) ) ;
#2780 = CARTESIAN_POINT ( 'NONE',  ( 0.1885671447819930735, 10.98007579844512271, 37.31618691814753674 ) ) ;
#2781 = CARTESIAN_POINT ( 'NONE',  ( 5.479504036225539387, 2.160648325161909522, -3.178707483815509161 ) ) ;
#2782 = CARTESIAN_POINT ( 'NONE',  ( 4.545746771719095136, 8.440251610830172169, 20.75006259957059740 ) ) ;
#2783 = CARTESIAN_POINT ( 'NONE',  ( 0.1251158466419526882, 8.339653961796210879, -5.800238758551806484 ) ) ;
#2784 = CARTESIAN_POINT ( 'NONE',  ( 1.652197112068601204, 10.69733104284713932, 8.307899273727841205 ) ) ;
#2785 = CARTESIAN_POINT ( 'NONE',  ( 0.1587927049417098002, 10.90213716662671395, 10.01242848355300907 ) ) ;
#2786 = DIRECTION ( 'NONE',  ( 1.000000000000000000, 0.000000000000000000, 1.092739197465698976E-14 ) ) ;
#2787 = CARTESIAN_POINT ( 'NONE',  ( 1.464017033245058830, 2.216386935148594528, -14.99999999999997691 ) ) ;
#2788 = CARTESIAN_POINT ( 'NONE',  ( 0.06130735264772407128, 7.801485790990454028, -7.657972408281287002 ) ) ;
#2789 = CARTESIAN_POINT ( 'NONE',  ( 2.274566550050362679, 10.59224612985632596, 31.92478893880223012 ) ) ;
#2790 = CARTESIAN_POINT ( 'NONE',  ( 0.4395929931837548321, 9.080750565947724340, -2.366437249967561218 ) ) ;
#2791 = CARTESIAN_POINT ( 'NONE',  ( -0.005775413149681216281, 10.91687670875745653, 10.22536422045947369 ) ) ;
#2792 = CARTESIAN_POINT ( 'NONE',  ( 2.670060430953801411, 10.36535896100406440, 8.314616104818215447 ) ) ;
#2793 = CARTESIAN_POINT ( 'NONE',  ( 5.778122274800204572, 5.546263338330158277, 10.24767321535676068 ) ) ;
#2794 = CARTESIAN_POINT ( 'NONE',  ( 5.492125984267122618, 1.562500000000000666, 32.75461412982154030 ) ) ;
#2795 = CARTESIAN_POINT ( 'NONE',  ( 4.153132704124033125, 4.078339045340147351, 54.85332231001039816 ) ) ;
#2796 = CARTESIAN_POINT ( 'NONE',  ( 4.289791990390273035, 8.784738416581847176, 28.18587909940928427 ) ) ;
#2797 = CARTESIAN_POINT ( 'NONE',  ( 1.429665291897350476, 8.234928056791533280, 54.11060881904259645 ) ) ;
#2798 = CARTESIAN_POINT ( 'NONE',  ( 5.815471644704746979, 4.238133072660081879, 10.21022914903228873 ) ) ;
#2799 = CARTESIAN_POINT ( 'NONE',  ( 5.903720715598497648, 2.828889045484205500, 10.25073703311434059 ) ) ;
#2800 = CARTESIAN_POINT ( 'NONE',  ( 5.385789351362967992, 7.247595707980895696, 10.24531029962890472 ) ) ;
#2801 = VERTEX_POINT ( 'NONE', #574 ) ;
#2802 = CARTESIAN_POINT ( 'NONE',  ( 3.799554705638590768, 9.018776523121873723, 7.955401604407387417 ) ) ;
#2803 = CARTESIAN_POINT ( 'NONE',  ( 3.375136592225704391, 5.012237827274516277, -8.627318866469371628 ) ) ;
#2804 = CARTESIAN_POINT ( 'NONE',  ( 0.2960629921259434472, 10.85590676278952671, 12.27144099227121288 ) ) ;
#2805 = CARTESIAN_POINT ( 'NONE',  ( 0.007626549092971736908, 9.413409455984467655, -0.5872294501147731216 ) ) ;
#2806 = CARTESIAN_POINT ( 'NONE',  ( 0.3263977539552442297, 2.077014394004675690, 57.50000000000000000 ) ) ;
#2807 = CARTESIAN_POINT ( 'NONE',  ( 1.106308811629165278, 9.075000747846393878, 53.14301488005096274 ) ) ;
#2808 = CARTESIAN_POINT ( 'NONE',  ( 0.4042658905512775402, 9.714664870066522795, 52.32973814685932723 ) ) ;
#2809 = CARTESIAN_POINT ( 'NONE',  ( 0.8938186681714245241, 10.80245993534149385, 8.733790877026722299 ) ) ;
#2810 = AXIS2_PLACEMENT_3D ( 'NONE', #2525, #4394, #5670 ) ;
#2811 = CARTESIAN_POINT ( 'NONE',  ( 5.066963260509472100, 2.055519088480901591, -7.613869055469730363 ) ) ;
#2812 = CARTESIAN_POINT ( 'NONE',  ( 5.037144098033900619, 8.330090734265651164, 42.61178167577033804 ) ) ;
#2813 = CARTESIAN_POINT ( 'NONE',  ( 0.01435246001286699484, 2.239641666085255611, 57.50000000000001421 ) ) ;
#2814 = CARTESIAN_POINT ( 'NONE',  ( 1.598184477158314465, 10.74065402702878913, 8.734458996363628103 ) ) ;
#2815 = CARTESIAN_POINT ( 'NONE',  ( 5.493164969327641423, 4.109516983587305994, 10.34187140178364217 ) ) ;
#2816 = CARTESIAN_POINT ( 'NONE',  ( 0.1770583471461413261, 11.01766256025556601, 11.71148499244124430 ) ) ;
#2817 = CARTESIAN_POINT ( 'NONE',  ( 5.899555803512400942, 3.915562167828290363, 9.856661856560355872 ) ) ;
#2818 = CARTESIAN_POINT ( 'NONE',  ( 5.166653671879824827, 4.092063168330898115, -2.509004004982625879 ) ) ;
#2819 = CARTESIAN_POINT ( 'NONE',  ( 0.7257224545549167960, 3.728475177734627888, 57.28453136477525476 ) ) ;
#2820 = CARTESIAN_POINT ( 'NONE',  ( 0.7254309130065919042, 10.38273713672160703, 48.57925568741520550 ) ) ;
#2821 = CARTESIAN_POINT ( 'NONE',  ( 0.01316161652679393064, 11.04406101901132331, 12.13584545580154384 ) ) ;
#2822 = CARTESIAN_POINT ( 'NONE',  ( 2.694214121254877803, 10.50078649104066741, 10.44204624316510355 ) ) ;
#2823 = CARTESIAN_POINT ( 'NONE',  ( 5.784404009305869288, 5.586967606495250926, 11.72673895363632468 ) ) ;
#2824 = CARTESIAN_POINT ( 'NONE',  ( 5.492119309654615478, 1.562500000000000000, 3.345439058966913404 ) ) ;
#2825 = CARTESIAN_POINT ( 'NONE',  ( 3.313587433916857616, 3.342955078989165330, 56.24378614928573228 ) ) ;
#2826 = CARTESIAN_POINT ( 'NONE',  ( 3.746994343858285337, 7.453916456102056998, -1.821936810431607601 ) ) ;
#2827 = CARTESIAN_POINT ( 'NONE',  ( 1.535512028917436211, 8.698670155711040408, 53.34112772708196815 ) ) ;
#2828 = CARTESIAN_POINT ( 'NONE',  ( 1.201231866306935014, 10.51483272060529472, 8.255401604407364147 ) ) ;
#2829 = CARTESIAN_POINT ( 'NONE',  ( 5.899935245476974899, 2.961579481779782697, 7.937069226537688316 ) ) ;
#2830 = CARTESIAN_POINT ( 'NONE',  ( 5.073051766425669129, 8.000564919810701170, 10.03099518113423194 ) ) ;
#2831 = ORIENTED_EDGE ( 'NONE', *, *, #5319, .F. ) ;
#2832 = CARTESIAN_POINT ( 'NONE',  ( 5.805621539297137090, 2.423630342976938135, 12.65146459653338873 ) ) ;
#2833 = CARTESIAN_POINT ( 'NONE',  ( 4.384032455655352045, 6.017422522545004426, 52.73467807111255468 ) ) ;
#2834 = DIRECTION ( 'NONE',  ( 1.000000000000000000, 0.000000000000000000, 1.092739197465710967E-14 ) ) ;
#2835 = CARTESIAN_POINT ( 'NONE',  ( 0.05426593847900058887, 9.639262347143642273, 52.68107206822691069 ) ) ;
#2836 = CARTESIAN_POINT ( 'NONE',  ( 3.594166858868068193, 9.723338741925081408, 31.92480288109814879 ) ) ;
#2837 = CARTESIAN_POINT ( 'NONE',  ( 1.398019922189446707, 9.919032122109307181, 4.086091194414382954 ) ) ;
#2838 = CARTESIAN_POINT ( 'NONE',  ( 0.4448518083635027986, 9.355220583467206197, 53.14616870233992785 ) ) ;
#2839 = CARTESIAN_POINT ( 'NONE',  ( 0.7096203670566499921, 11.09495186782519127, 12.98182462267985215 ) ) ;
#2840 = CARTESIAN_POINT ( 'NONE',  ( -0.003937007874081003070, 11.04395394690476628, 12.11826246899603277 ) ) ;
#2841 = CARTESIAN_POINT ( 'NONE',  ( 4.724038344764888819, 2.506590955186719150, -8.594915808817821912 ) ) ;
#2842 = CARTESIAN_POINT ( 'NONE',  ( 4.548981059514396463, 8.398553753982362480, 15.73952896391509881 ) ) ;
#2843 = CARTESIAN_POINT ( 'NONE',  ( 0.1203604603371235260, 6.951023870241553659, -10.03476938530935492 ) ) ;
#2844 = CARTESIAN_POINT ( 'NONE',  ( 1.606410899170546580, 10.77166550723035421, 9.160877354392098937 ) ) ;
#2845 = CARTESIAN_POINT ( 'NONE',  ( 0.1641409507003280810, 10.74259542869918249, 7.879629138930156707 ) ) ;
#2846 = EDGE_CURVE ( 'NONE', #5306, #5361, #4765, .T. ) ;
#2847 = CARTESIAN_POINT ( 'NONE',  ( 1.498309976806620369, 1.583465894250760009, -15.03447705441328530 ) ) ;
#2848 = CARTESIAN_POINT ( 'NONE',  ( 5.407208956046738457, 5.093422360547183558, 24.07040698835938741 ) ) ;
#2849 = CARTESIAN_POINT ( 'NONE',  ( 1.606626805479636877, 7.199752109121559940, -7.648706998026756132 ) ) ;
#2850 = CARTESIAN_POINT ( 'NONE',  ( 0.4565310153144668814, 8.705552074307563615, -4.161636898924882644 ) ) ;
#2851 = CARTESIAN_POINT ( 'NONE',  ( 0.003097328237597328851, 11.09558671709494071, 12.98238179992167396 ) ) ;
#2852 = CARTESIAN_POINT ( 'NONE',  ( 2.939587872814916292, 10.36996307478156787, 10.44276496591085746 ) ) ;
#2853 = CARTESIAN_POINT ( 'NONE',  ( 5.795682252757806907, 5.421773981269542020, 10.45900965974375119 ) ) ;
#2854 = CARTESIAN_POINT ( 'NONE',  ( 5.491783615696428811, 1.562499999999996225, 48.82757945955064827 ) ) ;
#2855 = CARTESIAN_POINT ( 'NONE',  ( 4.954956192570389106, 5.245247183033678873, 52.05799579108019515 ) ) ;
#2856 = CARTESIAN_POINT ( 'NONE',  ( 4.309112455588127943, 7.889127606980938623, 49.94081407126481764 ) ) ;
#2857 = CARTESIAN_POINT ( 'NONE',  ( 1.464490663381534663, 7.686503329264685824, -6.560948556927320929 ) ) ;
#2858 = CARTESIAN_POINT ( 'NONE',  ( -0.05644930353734842893, 11.04400094551147760, 12.13591760248979412 ) ) ;
#2859 = CARTESIAN_POINT ( 'NONE',  ( 5.906121138649078617, 3.329832689294336401, 12.99305901387703166 ) ) ;
#2860 = CARTESIAN_POINT ( 'NONE',  ( 5.169896993787589601, 7.728685870240251887, 9.184772749134141989 ) ) ;
#2861 = ORIENTED_EDGE ( 'NONE', *, *, #4620, .T. ) ;
#2862 = CARTESIAN_POINT ( 'NONE',  ( 5.492126000356948090, 1.562499999999999556, 12.43655783985478180 ) ) ;
#2863 = CARTESIAN_POINT ( 'NONE',  ( 5.215048102671477892, 6.815514168894170055, 48.51392793203243059 ) ) ;
#2864 = CARTESIAN_POINT ( 'NONE',  ( 1.021475063928323879, 10.68195553728448388, 12.95146459653335391 ) ) ;
#2865 = CARTESIAN_POINT ( 'NONE',  ( 0.07459767874809564159, 10.44794006076905291, 48.58678035033896947 ) ) ;
#2866 = CARTESIAN_POINT ( 'NONE',  ( 2.497471597465124038, 7.567852170712289883, -5.014006517465075419 ) ) ;
#2867 = CARTESIAN_POINT ( 'NONE',  ( 0.4273185823529095928, 3.913409121702851490, 57.29145178616230538 ) ) ;
#2868 = AXIS2_PLACEMENT_3D ( 'NONE', #3500, #5307, #259 ) ;
#2869 = CARTESIAN_POINT ( 'NONE',  ( 0.7765185522527944251, 10.86849539255489638, 9.586382422696500427 ) ) ;
#2870 = CARTESIAN_POINT ( 'NONE',  ( 4.254460123477174172, 9.109431431709268168, 7.903336378781623317 ) ) ;
#2871 = FACE_OUTER_BOUND ( 'NONE', #5740, .T. ) ;
#2872 = DIRECTION ( 'NONE',  ( -6.957231484743787620E-15, -0.000000000000000000, 1.000000000000000000 ) ) ;
#2873 = CARTESIAN_POINT ( 'NONE',  ( 5.492147302705431500, 1.750131750906486205, 49.93772615439995377 ) ) ;
#2874 = CARTESIAN_POINT ( 'NONE',  ( 0.4633232872669583169, 1.975724630817756067, 57.50000000000001421 ) ) ;
#2875 = CARTESIAN_POINT ( 'NONE',  ( 0.1961014444657889488, 8.121483104532906339, -6.555715969593125081 ) ) ;
#2876 = CARTESIAN_POINT ( 'NONE',  ( 1.806511186381832834, 10.78050582769069798, 9.800748233070217807 ) ) ;
#2877 = CARTESIAN_POINT ( 'NONE',  ( 0.2150786233986174689, 11.01789963642280235, 11.71141242482345035 ) ) ;
#2878 = CARTESIAN_POINT ( 'NONE',  ( 4.447503707968544440, 7.455164954905735719, 2.058648291651997919 ) ) ;
#2879 = CARTESIAN_POINT ( 'NONE',  ( 5.905947234149450331, 3.414640201659118190, 10.42983596804747926 ) ) ;
#2880 = CARTESIAN_POINT ( 'NONE',  ( 4.815604540658828370, 3.570916731980068093, 53.93019048424513784 ) ) ;
#2881 = CARTESIAN_POINT ( 'NONE',  ( 2.295340902813071349, 9.107844325281837072, 51.56384750188224331 ) ) ;
#2882 = CARTESIAN_POINT ( 'NONE',  ( 0.5412691081228114820, 9.276977071101914163, -1.180214635857510741 ) ) ;
#2883 = CARTESIAN_POINT ( 'NONE',  ( -0.005652556485876272796, 10.85624932292743594, 9.373464095968042642 ) ) ;
#2884 = CARTESIAN_POINT ( 'NONE',  ( 2.925347468891022817, 10.29407956016495262, 9.167861734757895675 ) ) ;
#2885 = CARTESIAN_POINT ( 'NONE',  ( 5.802401583688163278, 5.501058850888765228, 12.99384062807709661 ) ) ;
#2886 = CARTESIAN_POINT ( 'NONE',  ( 4.504219765261192165, 1.562500000000002220, 55.47368195896517307 ) ) ;
#2887 = CARTESIAN_POINT ( 'NONE',  ( 5.274143081975124048, 5.829548302312132613, 24.06978798210479553 ) ) ;
#2888 = CARTESIAN_POINT ( 'NONE',  ( 2.022641622923311289, 9.562202248146910222, 50.60506799419391655 ) ) ;
#2889 = DIRECTION ( 'NONE',  ( -0.04149145669668401898, 0.9991388587284487643, -2.886656688780535284E-16 ) ) ;
#2890 = CARTESIAN_POINT ( 'NONE',  ( 5.906255490852206691, 3.287144516917054116, 12.57114407305973458 ) ) ;
#2891 = CARTESIAN_POINT ( 'NONE',  ( 5.272998315793996582, 7.470081700823609339, 8.762377545777653154 ) ) ;
#2892 = ORIENTED_EDGE ( 'NONE', *, *, #2846, .T. ) ;
#2893 = PLANE ( 'NONE',  #3920 ) ;
#2894 = CARTESIAN_POINT ( 'NONE',  ( 5.100401179711201216, 6.852436959059754251, 10.78301991310908647 ) ) ;
#2895 = DIRECTION ( 'NONE',  ( 6.957231484743788408E-15, -0.000000000000000000, -1.000000000000000000 ) ) ;
#2896 = CARTESIAN_POINT ( 'NONE',  ( 0.01952783202816045505, 11.01917277234409553, 20.74928711808660253 ) ) ;
#2897 = CARTESIAN_POINT ( 'NONE',  ( 3.925172065711313607, 9.482978268969699087, 36.12930493770658558 ) ) ;
#2898 = CARTESIAN_POINT ( 'NONE',  ( 1.466984572424948396, 10.85563298462614767, 20.74950536736652396 ) ) ;
#2899 = CARTESIAN_POINT ( 'NONE',  ( 1.416385412498437191, 10.79946681114825324, 9.160466940990534823 ) ) ;
#2900 = CARTESIAN_POINT ( 'NONE',  ( 4.211098775925600002, 9.375419690552115881, 11.29483648603467927 ) ) ;
#2901 = CARTESIAN_POINT ( 'NONE',  ( 3.224387294487644162, 10.33443631360741222, 12.95146459653336812 ) ) ;
#2902 = CARTESIAN_POINT ( 'NONE',  ( 5.473301145422317937, 1.752228301063177618, -4.374565870270294532 ) ) ;
#2903 = CARTESIAN_POINT ( 'NONE',  ( 2.486296943540843518, 8.807209620804362871, 51.97500901396058737 ) ) ;
#2904 = CARTESIAN_POINT ( 'NONE',  ( 0.2215933782274925601, 9.211826167797745768, -1.768970056350602116 ) ) ;
#2905 = CARTESIAN_POINT ( 'NONE',  ( 1.834133393800716272, 10.62488555165864668, 7.882114939655330055 ) ) ;
#2906 = CARTESIAN_POINT ( 'NONE',  ( 0.2341597086375347136, 10.90227557275013659, 10.01235101051852361 ) ) ;
#2907 = CARTESIAN_POINT ( 'NONE',  ( 4.841176419641330497, 7.579101467955651650, 10.78355260778213065 ) ) ;
#2908 = DIRECTION ( 'NONE',  ( -0.9991388587284469880, -0.04149145669672579806, -6.951240325576526040E-15 ) ) ;
#2909 = CARTESIAN_POINT ( 'NONE',  ( 5.463206126268922880, 3.446556614886870484, 50.64664686715128283 ) ) ;
#2910 = CARTESIAN_POINT ( 'NONE',  ( 2.739224101065738992, 10.42419876552645519, 24.06693367548582074 ) ) ;
#2911 = CARTESIAN_POINT ( 'NONE',  ( 0.1741132496018988340, 3.679262092683116769, -14.99999999999999822 ) ) ;
#2912 = CARTESIAN_POINT ( 'NONE',  ( -0.008210713130419586281, 10.90195666929851726, 10.01258156133469335 ) ) ;
#2913 = CARTESIAN_POINT ( 'NONE',  ( 3.044979496153158660, 10.22097497548691258, 9.168594986589054585 ) ) ;
#2914 = CARTESIAN_POINT ( 'NONE',  ( 5.826636380537506987, 5.145748090874946890, 10.03682125970984629 ) ) ;
#2915 = CARTESIAN_POINT ( 'NONE',  ( 5.492125984213201306, 1.562500000000003553, 34.00017589974471832 ) ) ;
#2916 = CARTESIAN_POINT ( 'NONE',  ( 5.409607479229260996, 5.509489546748068456, 15.73526691651530562 ) ) ;
#2917 = CARTESIAN_POINT ( 'NONE',  ( -0.09226363778299861984, 10.84061573184649063, 9.160126434943952844 ) ) ;
#2918 = CARTESIAN_POINT ( 'NONE',  ( 5.900879864356523008, 2.724390316317080174, 8.357563221009581156 ) ) ;
#2919 = CARTESIAN_POINT ( 'NONE',  ( 5.295322030667406921, 7.508010435257840065, 10.45625788625366859 ) ) ;
#2920 = EDGE_LOOP ( 'NONE', ( #1850, #4232, #4414, #5210 ) ) ;
#2921 = CARTESIAN_POINT ( 'NONE',  ( 5.220588853932548901, 6.230803597893644685, 7.955401604407387417 ) ) ;
#2922 = CARTESIAN_POINT ( 'NONE',  ( 4.073543131714477461, 5.389631986384722850, -5.855416829380454047 ) ) ;
#2923 = DIRECTION ( 'NONE',  ( 0.9991388587284469880, 0.04149145669672579806, 6.951240325576526040E-15 ) ) ;
#2924 = CARTESIAN_POINT ( 'NONE',  ( 0.0004887409966336151400, 3.741154243769411192, -15.00000000000000000 ) ) ;
#2925 = CARTESIAN_POINT ( 'NONE',  ( 3.559656436485501896, 8.617833278255590201, 50.26494113744222858 ) ) ;
#2926 = CARTESIAN_POINT ( 'NONE',  ( 1.547667415480467712, 9.922159338431548292, 49.94250648723895125 ) ) ;
#2927 = CARTESIAN_POINT ( 'NONE',  ( 1.573399100403742423, 10.97219229394460527, 12.13744521407611110 ) ) ;
#2928 = CARTESIAN_POINT ( 'NONE',  ( 4.151699107101012309, 9.390937629054274538, 10.44744106246558246 ) ) ;
#2929 = CARTESIAN_POINT ( 'NONE',  ( 5.889549127987262267, 4.539598964192187225, 12.95146459653338944 ) ) ;
#2930 = CARTESIAN_POINT ( 'NONE',  ( 0.8339425281570523873, 1.580516128993445735, 57.50000000000001421 ) ) ;
#2931 = AXIS2_PLACEMENT_3D ( 'NONE', #1953, #1505, #3319 ) ;
#2932 = CARTESIAN_POINT ( 'NONE',  ( 2.999721900918680184, 10.22577903102117780, 34.88731410769413799 ) ) ;
#2933 = CARTESIAN_POINT ( 'NONE',  ( 0.2183722997488122819, 8.837014431548722015, 54.15224381938046605 ) ) ;
#2934 = CARTESIAN_POINT ( 'NONE',  ( 1.986485475323336969, 10.68940970212986308, 9.162287481098470465 ) ) ;
#2935 = CARTESIAN_POINT ( 'NONE',  ( 0.3198126046269098577, 10.84044472114906199, 9.160120221449139066 ) ) ;
#2936 = CARTESIAN_POINT ( 'NONE',  ( 4.690067440294303225, 7.274878904233688992, 49.94045777316515711 ) ) ;
#2937 = CARTESIAN_POINT ( 'NONE',  ( 5.893279296479641438, 4.074520872350573697, 10.08192833397567512 ) ) ;
#2938 = CARTESIAN_POINT ( 'NONE',  ( 4.430324262888477804, 3.231303712777547688, -8.603753006359166733 ) ) ;
#2939 = DIMENSIONAL_EXPONENTS ( 1.000000000000000000, 0.000000000000000000, 0.000000000000000000, 0.000000000000000000, 0.000000000000000000, 0.000000000000000000, 0.000000000000000000 ) ;
#2940 = CARTESIAN_POINT ( 'NONE',  ( 2.408928194660961530, 9.352598024973461932, 50.60745366723246264 ) ) ;
#2941 = CARTESIAN_POINT ( 'NONE',  ( 0.07105084825910483459, 2.224815200799304726, 57.50000000000000711 ) ) ;
#2942 = CARTESIAN_POINT ( 'NONE',  ( 0.05949635740407095003, 10.77672323388785536, 8.306539066161922946 ) ) ;
#2943 = CARTESIAN_POINT ( 'NONE',  ( 3.064447084339586791, 10.31921651594396572, 10.86752847423984569 ) ) ;
#2944 = CARTESIAN_POINT ( 'NONE',  ( 5.901664198380547788, 3.932855680114398567, 11.30461844439533969 ) ) ;
#2945 = CARTESIAN_POINT ( 'NONE',  ( 5.489580045039880396, 1.562499999999998890, -3.394356374190924619 ) ) ;
#2946 = AXIS2_PLACEMENT_3D ( 'NONE', #2804, #4042, #4478 ) ;
#2947 = CARTESIAN_POINT ( 'NONE',  ( 3.690219513142955599, 3.707447408516737486, -9.953519889150920008 ) ) ;
#2948 = AXIS2_PLACEMENT_3D ( 'NONE', #2131, #5749, #2993 ) ;
#2949 = CARTESIAN_POINT ( 'NONE',  ( -0.03087690420072296618, 11.09556157488488815, 12.98241898548236328 ) ) ;
#2950 = CARTESIAN_POINT ( 'NONE',  ( 5.898305053307805856, 2.471794879659996003, 12.57027661639894589 ) ) ;
#2951 = CARTESIAN_POINT ( 'NONE',  ( 5.651300043554590147, 6.172926924757889289, 8.767438959460978509 ) ) ;
#2952 = ORIENTED_EDGE ( 'NONE', *, *, #5367, .T. ) ;
#2953 = CARTESIAN_POINT ( 'NONE',  ( 1.201231866306937013, 10.51483272060529472, 7.955401604407363436 ) ) ;
#2954 = CARTESIAN_POINT ( 'NONE',  ( 3.861762866147020468, 5.155712734840384392, -6.993551478725150261 ) ) ;
#2955 = PLANE ( 'NONE',  #1703 ) ;
#2956 = CARTESIAN_POINT ( 'NONE',  ( 0.08825339436123214032, 10.99107779000240370, 36.13042523757350466 ) ) ;
#2957 = CARTESIAN_POINT ( 'NONE',  ( 2.137335156957857585, 5.689200459356634987, -9.995089398813385984 ) ) ;
#2958 = CARTESIAN_POINT ( 'NONE',  ( 1.432569659798454076, 9.212721754160529741, -0.5924109259211415290 ) ) ;
#2959 = CARTESIAN_POINT ( 'NONE',  ( 1.012434095880931695, 10.76455453277662144, 8.307015489769016270 ) ) ;
#2960 = CARTESIAN_POINT ( 'NONE',  ( 4.175098228551077817, 9.257532921739121790, 8.751534992500317856 ) ) ;
#2961 = CARTESIAN_POINT ( 'NONE',  ( 0.1185540884175703413, 9.634434357104781910, 52.68182708235207912 ) ) ;
#2962 = CARTESIAN_POINT ( 'NONE',  ( 5.899661906994133176, 2.645144378121142559, 12.95146459653339299 ) ) ;
#2963 = VECTOR ( 'NONE', #929, 39.37007874015748143 ) ;
#2964 = CARTESIAN_POINT ( 'NONE',  ( 5.890203336447155991, 4.196177910472918882, 10.31012890129528436 ) ) ;
#2965 = CARTESIAN_POINT ( 'NONE',  ( 5.492140044633004869, 1.775772820700650012, 34.88863945149671508 ) ) ;
#2966 = CARTESIAN_POINT ( 'NONE',  ( 1.447317821537651872, 5.373540469487688043, 56.38029333423723699 ) ) ;
#2967 = CARTESIAN_POINT ( 'NONE',  ( 0.1551845553765707486, 9.315829339397639686, -1.176545361520134003 ) ) ;
#2968 = ADVANCED_FACE ( 'NONE', ( #3310 ), #5120, .F. ) ;
#2969 = CARTESIAN_POINT ( 'NONE',  ( 0.3594951428917905756, 11.07284407241220769, 12.55864778188668218 ) ) ;
#2970 = CARTESIAN_POINT ( 'NONE',  ( 3.833958292687978275, 6.469077076089148726, -4.257005086090854817 ) ) ;
#2971 = CARTESIAN_POINT ( 'NONE',  ( 5.891548859028961971, 4.126140458172685044, 10.07859935309392441 ) ) ;
#2972 = CARTESIAN_POINT ( 'NONE',  ( 5.480432509540099417, 4.092890262031847470, 7.858447846022608374 ) ) ;
#2973 = CARTESIAN_POINT ( 'NONE',  ( 2.239130265028283162, 8.978629099803105973, 51.96968934876043988 ) ) ;
#2974 = CARTESIAN_POINT ( 'NONE',  ( 0.8052108771244654850, 10.94986993039962364, 36.13023417868148357 ) ) ;
#2975 = CARTESIAN_POINT ( 'NONE',  ( 0.02328913238597961344, 10.84056798941321631, 9.160175585288099498 ) ) ;
#2976 = CARTESIAN_POINT ( 'NONE',  ( 3.733370627123119956, 9.744294818268366853, 9.597319357355507563 ) ) ;
#2977 = CARTESIAN_POINT ( 'NONE',  ( 5.900187897287987759, 3.870241059737707712, 10.46054545560210691 ) ) ;
#2978 = CARTESIAN_POINT ( 'NONE',  ( 0.06548025360930975758, 1.563235126035942946, 57.89980586944764696 ) ) ;
#2979 = CARTESIAN_POINT ( 'NONE',  ( 4.975206075583841425, 4.453150155207318051, 52.74977835361564615 ) ) ;
#2980 = ADVANCED_FACE ( 'NONE', ( #4350 ), #2181, .T. ) ;
#2981 = CARTESIAN_POINT ( 'NONE',  ( -0.03450708868175596938, 10.84059461253357348, 9.160153921601086324 ) ) ;
#2982 = CARTESIAN_POINT ( 'NONE',  ( 5.897091282013477098, 2.280164657598459765, 9.409053677569959362 ) ) ;
#2983 = CARTESIAN_POINT ( 'NONE',  ( 5.533468318422697152, 6.709355746340813553, 9.188692551286239407 ) ) ;
#2984 = CARTESIAN_POINT ( 'NONE',  ( 5.895759874439539416, 4.027892607991606866, 10.31553279767741316 ) ) ;
#2985 = CARTESIAN_POINT ( 'NONE',  ( 5.448166196824455021, 4.746595394970563042, 8.905761788778766785 ) ) ;
#2986 = CARTESIAN_POINT ( 'NONE',  ( 5.108316297184047450, 6.541213449907132826, 31.92483425126373575 ) ) ;
#2987 = CARTESIAN_POINT ( 'NONE',  ( 4.164567837578440290, 8.887608369636815553, 12.95146459653338411 ) ) ;
#2988 = CARTESIAN_POINT ( 'NONE',  ( 3.807855173705540164, 9.201393649891517867, 10.78488434446473221 ) ) ;
#2989 = CARTESIAN_POINT ( 'NONE',  ( 1.457479670965863949, 9.690833015718661514, 51.12987782330446862 ) ) ;
#2990 = EDGE_CURVE ( 'NONE', #3881, #2243, #324, .T. ) ;
#2991 = CARTESIAN_POINT ( 'NONE',  ( 1.140991440756424335, 10.75597472297735990, 8.307081242884381211 ) ) ;
#2992 = CARTESIAN_POINT ( 'NONE',  ( 4.477257489784250311, 8.867436650598564896, 8.329806873603448736 ) ) ;
#2993 = DIRECTION ( 'NONE',  ( 3.478837679431853666E-15, 0.000000000000000000, -1.000000000000000000 ) ) ;
#2994 = CARTESIAN_POINT ( 'NONE',  ( 5.488317711285189304, 4.217772008711143883, 10.16753804770614877 ) ) ;
#2995 = CARTESIAN_POINT ( 'NONE',  ( 5.493450784474487314, 1.758860826816968315, -3.188947357354750878 ) ) ;
#2996 = CARTESIAN_POINT ( 'NONE',  ( 2.989514315403225098, 10.22761847761511866, 28.18547252776041390 ) ) ;
#2997 = CARTESIAN_POINT ( 'NONE',  ( 0.1946945725878999334, 8.004643811455096625, 55.10427087167584403 ) ) ;
#2998 = CARTESIAN_POINT ( 'NONE',  ( 0.2904484046316823109, 11.01828760414083241, 11.71129109985056971 ) ) ;
#2999 = CARTESIAN_POINT ( 'NONE',  ( 3.312980533158644825, 5.409424442268973010, 54.92502189905774657 ) ) ;
#3000 = CARTESIAN_POINT ( 'NONE',  ( 5.888758440403818462, 4.208509389253961785, 10.12271554279233499 ) ) ;
#3001 = CARTESIAN_POINT ( 'NONE',  ( 5.139818342028600995, 3.647559305806600705, -4.328981076404792461 ) ) ;
#3002 = CARTESIAN_POINT ( 'NONE',  ( 0.8501215091353526709, 9.122482963828973723, -1.777797848697433292 ) ) ;
#3003 = CARTESIAN_POINT ( 'NONE',  ( 0.7812383389033709102, 10.61963249585333102, 46.41500124433339636 ) ) ;
#3004 = CARTESIAN_POINT ( 'NONE',  ( 0.02296211112385958611, 10.80922538789020493, 8.733594629215977179 ) ) ;
#3005 = CARTESIAN_POINT ( 'NONE',  ( 3.509475801271182416, 9.881592075409022513, 8.746612479717654764 ) ) ;
#3006 = CARTESIAN_POINT ( 'NONE',  ( 5.871645221812548776, 4.713785200827188326, 11.72641643099400888 ) ) ;
#3007 = CARTESIAN_POINT ( 'NONE',  ( 0.03577481599360034931, 1.562500000000000888, -14.99973403277981099 ) ) ;
#3008 = CARTESIAN_POINT ( 'NONE',  ( 1.361476479542524043, 2.375840956666923187, -14.99999999999998401 ) ) ;
#3009 = CARTESIAN_POINT ( 'NONE',  ( -0.02488099716482313623, 10.84059109259948706, 9.160158502578674700 ) ) ;
#3010 = CARTESIAN_POINT ( 'NONE',  ( 5.893861560342656958, 2.005357376765818600, 8.359592820260232315 ) ) ;
#3011 = CARTESIAN_POINT ( 'NONE',  ( 5.455794453384429588, 6.972461502205059780, 9.399420593903704102 ) ) ;
#3012 = ORIENTED_EDGE ( 'NONE', *, *, #489, .T. ) ;
#3013 = CARTESIAN_POINT ( 'NONE',  ( 6.927459034753712608, 1.576587811583950227, 12.53300595598991229 ) ) ;
#3014 = CARTESIAN_POINT ( 'NONE',  ( 5.219272344308313549, 6.513702476668210117, 15.73686518429025227 ) ) ;
#3015 = CARTESIAN_POINT ( 'NONE',  ( 0.5367281241042078932, 11.09652691355642240, 12.95146459653334681 ) ) ;
#3016 = CARTESIAN_POINT ( 'NONE',  ( 2.949456355051382150, 7.181359974739448759, -5.025102644714420030 ) ) ;
#3017 = CARTESIAN_POINT ( 'NONE',  ( 1.344145948837927040, 9.345838584275870886, 52.34624213910647228 ) ) ;
#3018 = CARTESIAN_POINT ( 'NONE',  ( 1.309738962652135852, 10.90220685208229590, 10.43803566528388593 ) ) ;
#3019 = B_SPLINE_CURVE_WITH_KNOTS ( 'NONE', 3,
 ( #5699, #2556, #5197, #2080, #5286, #2465, #767, #3387, #3000, #1125, #4841, #686, #2050, #2019, #1574, #2971, #3837, #2584, #2496, #2937, #4812, #5639, #653, #3927, #4280, #4784, #713, #4755, #4365, #294, #4310, #3869 ),
 .UNSPECIFIED., .F., .F.,
 ( 4, 2, 2, 2, 2, 2, 2, 2, 2, 2, 2, 2, 2, 2, 2, 4 ),
 ( 0.01052244737179544067, 0.01117994167276692603, 0.01183743597373841314, 0.01249493027470989850, 0.01315242457568138387, 0.01380991887665287098, 0.01446741317762435808, 0.01512490747859584345, 0.01578240177956732881, 0.01643989608053881418, 0.01709739038151029955, 0.01775488468248178492, 0.01841237898345327376, 0.01906987328442475912, 0.01972736758539624449, 0.02104235618733923258 ),
 .UNSPECIFIED. ) ;
#3020 = CARTESIAN_POINT ( 'NONE',  ( 4.329550195580600835, 9.159645676977572037, 10.02492148483382550 ) ) ;
#3021 = EDGE_LOOP ( 'NONE', ( #666, #4075, #5652, #5860, #3940, #4674 ) ) ;
#3022 = SURFACE_STYLE_FILL_AREA ( #5778 ) ;
#3023 = CARTESIAN_POINT ( 'NONE',  ( 5.492126003400566780, 1.562499999999999556, 12.95146459653338944 ) ) ;
#3024 = CARTESIAN_POINT ( 'NONE',  ( 5.491536453757512426, 1.562499999999996891, -3.194067294124371514 ) ) ;
#3025 = CARTESIAN_POINT ( 'NONE',  ( 1.876206031289862297, 7.430406506677446288, -6.562784552483190481 ) ) ;
#3026 = CARTESIAN_POINT ( 'NONE',  ( 0.4780596057733858539, 10.97656436464324514, 36.13032102363242615 ) ) ;
#3027 = CARTESIAN_POINT ( 'NONE',  ( 0.3220252849670531270, 10.85625565228588485, 9.373344803912122103 ) ) ;
#3028 = CARTESIAN_POINT ( 'NONE',  ( 3.634098466410039752, 5.704988473714498909, -6.572515328929235068 ) ) ;
#3029 = DIRECTION ( 'NONE',  ( -1.000000000000000000, 0.000000000000000000, -6.957231484743787620E-15 ) ) ;
#3030 = CARTESIAN_POINT ( 'NONE',  ( 5.502124055667166225, 3.632528661840104700, 9.123850451941878603 ) ) ;
#3031 = CARTESIAN_POINT ( 'NONE',  ( 1.370916701051300812, 10.39926621991638456, 9.116976945306632274 ) ) ;
#3032 = CARTESIAN_POINT ( 'NONE',  ( 0.6279515109452633581, 7.361739012045861230, -8.670031987919140093 ) ) ;
#3033 = CARTESIAN_POINT ( 'NONE',  ( 0.01368638637059250811, 10.84057463245165387, 9.160174441748338836 ) ) ;
#3034 = CARTESIAN_POINT ( 'NONE',  ( 3.762524260839933188, 9.849359738926411367, 11.71620963365952228 ) ) ;
#3035 = EDGE_CURVE ( 'NONE', #2284, #161, #3070, .T. ) ;
#3036 = CARTESIAN_POINT ( 'NONE',  ( 5.890796048336436108, 4.054108215957759498, 9.195240127039701505 ) ) ;
#3037 = CARTESIAN_POINT ( 'NONE',  ( 0.1008888408420269833, 1.562500000000000000, -14.99788249802495521 ) ) ;
#3038 = CARTESIAN_POINT ( 'NONE',  ( 2.212307247899560458, 2.431199336906609609, 57.23885658362060980 ) ) ;
#3039 = CARTESIAN_POINT ( 'NONE',  ( -0.02969404292328362005, 10.84059285256923211, 9.160156212097209760 ) ) ;
#3040 = CARTESIAN_POINT ( 'NONE',  ( 5.892125857927480226, 1.562156811708083959, 12.56902369323205271 ) ) ;
#3041 = CARTESIAN_POINT ( 'NONE',  ( 5.544676525830744218, 6.728525290532154202, 10.24643769989417486 ) ) ;
#3042 = CARTESIAN_POINT ( 'NONE',  ( 2.092650263433620594, 10.55686464554123205, 7.883754581659731642 ) ) ;
#3043 = CARTESIAN_POINT ( 'NONE',  ( 2.056504437714107070, 10.57390240839555240, 7.955401604407369653 ) ) ;
#3044 = CARTESIAN_POINT ( 'NONE',  ( 4.446151596910167925, 5.636991018281125143, 52.96925016185648616 ) ) ;
#3045 = CARTESIAN_POINT ( 'NONE',  ( 5.393880492449219410, 5.540982430244486778, 12.95146459653338411 ) ) ;
#3046 = CARTESIAN_POINT ( 'NONE',  ( 4.132803200530088539, 9.176595487179973532, 24.06793096334073567 ) ) ;
#3047 = CARTESIAN_POINT ( 'NONE',  ( 1.740621095590106915, 10.43737015322603234, 46.39923033307742628 ) ) ;
#3048 = CARTESIAN_POINT ( 'NONE',  ( 1.954580456767707419, 10.69794783499035518, 9.162135712048106839 ) ) ;
#3049 = CARTESIAN_POINT ( 'NONE',  ( 1.571996471990647848, 10.94764038283711827, 11.71313053330577958 ) ) ;
#3050 = CARTESIAN_POINT ( 'NONE',  ( 4.450046048416379740, 9.134177609739607462, 12.14248272010077834 ) ) ;
#3051 = ORIENTED_EDGE ( 'NONE', *, *, #3209, .T. ) ;
#3052 = PLANE ( 'NONE',  #2868 ) ;
#3053 = CARTESIAN_POINT ( 'NONE',  ( -0.007874015748422258029, 4.057590717257642865, 57.30252446038161906 ) ) ;
#3054 = CARTESIAN_POINT ( 'NONE',  ( 5.492268609327686235, 1.562500000000004441, -2.560263961841987346 ) ) ;
#3055 = CARTESIAN_POINT ( 'NONE',  ( 2.072743519419607328, 7.292109114671116998, -6.563702550261099056 ) ) ;
#3056 = CARTESIAN_POINT ( 'NONE',  ( 0.3308525147084121487, 7.773451868206060489, -7.656489942640564372 ) ) ;
#3057 = CARTESIAN_POINT ( 'NONE',  ( 0.3642544941297254368, 10.91751280265059876, 10.22498171599696981 ) ) ;
#3058 = CARTESIAN_POINT ( 'NONE',  ( 4.911440550154297036, 7.320334861460167986, 31.92482728011586701 ) ) ;
#3059 = DIRECTION ( 'NONE',  ( -6.957231484743788408E-15, 0.000000000000000000, 1.000000000000000000 ) ) ;
#3060 = CARTESIAN_POINT ( 'NONE',  ( 5.305720650988688725, 2.797986021717456140, 52.76487863611856000 ) ) ;
#3061 = CARTESIAN_POINT ( 'NONE',  ( 1.149097078369939018, 10.91023580064378429, 34.88703010545051342 ) ) ;
#3062 = CARTESIAN_POINT ( 'NONE',  ( 0.01392461811417252011, 10.93156592997065779, 10.43797437012570839 ) ) ;
#3063 = CARTESIAN_POINT ( 'NONE',  ( 4.088971817919208718, 9.391982632767186701, 9.387329136813255204 ) ) ;
#3064 = CARTESIAN_POINT ( 'NONE',  ( 5.884600868656082895, 4.372474828057018037, 10.24882914349160679 ) ) ;
#3065 = CARTESIAN_POINT ( 'NONE',  ( 5.492123143427651399, 1.562499999999999556, -0.1979996485055420807 ) ) ;
#3066 = CARTESIAN_POINT ( 'NONE',  ( 5.118615718428456418, 4.461132546274002131, -1.866075772165788127 ) ) ;
#3067 = CARTESIAN_POINT ( 'NONE',  ( -0.03057163311420292226, 10.90195658552269009, 10.01258596458743888 ) ) ;
#3068 = CARTESIAN_POINT ( 'NONE',  ( 5.898121361351350345, 2.382589887515766947, 11.30460346300311159 ) ) ;
#3069 = CARTESIAN_POINT ( 'NONE',  ( 5.671982992624585052, 6.220565082198749707, 11.30434283243217308 ) ) ;
#3070 = LINE ( 'NONE', #4881, #2534 ) ;
#3071 = CARTESIAN_POINT ( 'NONE',  ( 5.178374911425743576, 6.494692345210143714, 20.75034121567257372 ) ) ;
#3072 = CARTESIAN_POINT ( 'NONE',  ( 4.636387616811046719, 8.118592614425510945, 12.95146459653336990 ) ) ;
#3073 = CARTESIAN_POINT ( 'NONE',  ( 3.411069248232681872, 7.450722171060864873, -3.040469191035753749 ) ) ;
#3074 = CARTESIAN_POINT ( 'NONE',  ( 1.551604947461223905, 8.822151299012967129, -2.387261607441667266 ) ) ;
#3075 = CARTESIAN_POINT ( 'NONE',  ( 1.930963957796155706, 10.60155247620070185, 7.882668207844572450 ) ) ;
#3076 = CARTESIAN_POINT ( 'NONE',  ( 4.540277375304012430, 9.033320554034659722, 12.56593648786775574 ) ) ;
#3077 = ORIENTED_EDGE ( 'NONE', *, *, #1103, .F. ) ;
#3078 = DIRECTION ( 'NONE',  ( -0.9991388587284478762, -0.04149145669670870062, -6.951240325576533140E-15 ) ) ;
#3079 = CARTESIAN_POINT ( 'NONE',  ( 5.488494615393087805, 4.211174938069345508, 10.15159203718193837 ) ) ;
#3080 = LINE ( 'NONE', #816, #381 ) ;
#3081 = CARTESIAN_POINT ( 'NONE',  ( 0.2959959834019107450, 2.097818611052982618, 57.50000000000001421 ) ) ;
#3082 = CARTESIAN_POINT ( 'NONE',  ( 0.4363455330856925718, 11.01562462410995202, 31.92477238232588022 ) ) ;
#3083 = ADVANCED_FACE ( 'NONE', ( #5797, #3520 ), #1258, .F. ) ;
#3084 = CARTESIAN_POINT ( 'NONE',  ( 0.4968613133911785051, 10.84014488602504933, 9.160115004861442145 ) ) ;
#3085 = CARTESIAN_POINT ( 'NONE',  ( 4.548945209213350438, 6.518149422108693969, -0.6070754800901201342 ) ) ;
#3086 = CARTESIAN_POINT ( 'NONE',  ( 5.896724328272566318, 3.976278871401988102, 10.21022914903229228 ) ) ;
#3087 = CARTESIAN_POINT ( 'NONE',  ( 4.798648670893335577, 2.994843424582946945, -7.619304762819051113 ) ) ;
#3088 = CARTESIAN_POINT ( 'NONE',  ( 1.092375587274508897, 10.89228905624532295, 18.26449082385802924 ) ) ;
#3089 = CARTESIAN_POINT ( 'NONE',  ( 0.1206308081474349175, 10.90207238429086267, 10.01247143144687968 ) ) ;
#3090 = CARTESIAN_POINT ( 'NONE',  ( 4.086162285907616543, 9.381187605917846284, 9.175146810622269555 ) ) ;
#3091 = CARTESIAN_POINT ( 'NONE',  ( 5.907010866742509414, 3.837743774561459098, 12.99319762520084964 ) ) ;
#3092 = CARTESIAN_POINT ( 'NONE',  ( 5.892264889706226860, 1.562373827689042427, 50.19326171504319234 ) ) ;
#3093 = CARTESIAN_POINT ( 'NONE',  ( 4.392535695114411887, 3.589658896484073658, 54.82942244699460588 ) ) ;
#3094 = CARTESIAN_POINT ( 'NONE',  ( -0.02006795140633726299, 10.84058933262434365, 9.160160793045477590 ) ) ;
#3095 = CARTESIAN_POINT ( 'NONE',  ( 2.246613853813567374, 10.63869023902821276, 9.589706332861426930 ) ) ;
#3096 = CARTESIAN_POINT ( 'NONE',  ( 5.762806029001588115, 5.693159507118276785, 10.88151081983610879 ) ) ;
#3097 = CARTESIAN_POINT ( 'NONE',  ( 4.090699877280604468, 9.297333471968530105, 7.955401604407385641 ) ) ;
#3098 = CIRCLE ( 'NONE', #531, 0.09999999999999947820 ) ;
#3099 = CARTESIAN_POINT ( 'NONE',  ( 5.294729903947432703, 6.131585404565921493, 12.44398862418123031 ) ) ;
#3100 = CARTESIAN_POINT ( 'NONE',  ( 3.659540443721601921, 9.472152690982467149, 12.95146459653337168 ) ) ;
#3101 = CARTESIAN_POINT ( 'NONE',  ( 3.856407061981907525, 8.440195954415299795, 49.94117036936478371 ) ) ;
#3102 = CARTESIAN_POINT ( 'NONE',  ( 1.410855538139381693, 8.902396731752247661, 53.14161318125579214 ) ) ;
#3103 = CARTESIAN_POINT ( 'NONE',  ( 2.003995010668649268, 10.61859896912917556, 8.309558494810785234 ) ) ;
#3104 = CARTESIAN_POINT ( 'NONE',  ( 4.588521456529449871, 8.843926157357836715, 10.45041020715492586 ) ) ;
#3105 = ORIENTED_EDGE ( 'NONE', *, *, #2728, .F. ) ;
#3106 = LINE ( 'NONE', #4891, #4753 ) ;
#3107 = CARTESIAN_POINT ( 'NONE',  ( -0.007874015747977986673, 8.130572732422463034, -6.554889771592987024 ) ) ;
#3108 = CARTESIAN_POINT ( 'NONE',  ( 5.492126000356948090, 1.562499999999999556, 12.43655783985478180 ) ) ;
#3109 = CARTESIAN_POINT ( 'NONE',  ( 2.954978241145671092, 8.641415692118700420, -0.1941043872478425136 ) ) ;
#3110 = CARTESIAN_POINT ( 'NONE',  ( 0.1828095802737383646, 5.521641094804667915, -13.06927260635568722 ) ) ;
#3111 = CARTESIAN_POINT ( 'NONE',  ( 0.3642801415842457646, 11.01848453430704389, 11.71120827314589263 ) ) ;
#3112 = CARTESIAN_POINT ( 'NONE',  ( 4.798401637779625695, 6.891196687983671687, 50.26974023844243078 ) ) ;
#3113 = CARTESIAN_POINT ( 'NONE',  ( 0.2960629921259437802, 10.85590676278952671, 12.17144099227121323 ) ) ;
#3114 = CARTESIAN_POINT ( 'NONE',  ( 5.505383386419336667, 2.844281173623659065, 49.93831998456631993 ) ) ;
#3115 = CARTESIAN_POINT ( 'NONE',  ( 0.6861687144830986851, 9.354299843366472800, -0.5900645972541086470 ) ) ;
#3116 = CARTESIAN_POINT ( 'NONE',  ( 0.1367904062020390832, 10.84048269202336989, 9.160154192044540622 ) ) ;
#3117 = CARTESIAN_POINT ( 'NONE',  ( 4.068803238245976672, 9.312319429039767726, 7.901525421125000115 ) ) ;
#3118 = CARTESIAN_POINT ( 'NONE',  ( 5.799746692684911942, 1.561960087079184767, 52.62074539433836406 ) ) ;
#3119 = CARTESIAN_POINT ( 'NONE',  ( 5.395567469904713143, 4.668716118129136561, 31.92485167913351063 ) ) ;
#3120 = CARTESIAN_POINT ( 'NONE',  ( -0.01310753131121579138, 10.88680173090276782, 9.799607091005857029 ) ) ;
#3121 = CARTESIAN_POINT ( 'NONE',  ( 2.252008892463510659, 10.66598362054139315, 10.01540187003238636 ) ) ;
#3122 = CARTESIAN_POINT ( 'NONE',  ( 5.755037517045498596, 5.661544140360082800, 9.613829089783381576 ) ) ;
#3123 = DIRECTION ( 'NONE',  ( 3.414809992080346871E-15, 0.000000000000000000, -1.000000000000000000 ) ) ;
#3124 = CARTESIAN_POINT ( 'NONE',  ( 5.209917625264939289, 6.140264663333022455, 24.06958164668648692 ) ) ;
#3125 = CARTESIAN_POINT ( 'NONE',  ( 2.138447515909582375, 10.87516492809897528, 12.95146459653336279 ) ) ;
#3126 = CARTESIAN_POINT ( 'NONE',  ( 4.062966980871125955, 8.907791748830440781, 10.78461799712825808 ) ) ;
#3127 = CARTESIAN_POINT ( 'NONE',  ( 1.637862924291170197, 9.231802420236924434, -0.1926896224848961003 ) ) ;
#3128 = CARTESIAN_POINT ( 'NONE',  ( 2.043579425149617101, 10.64154932192486669, 8.736338753100513443 ) ) ;
#3129 = CARTESIAN_POINT ( 'NONE',  ( 4.977443064390060457, 8.298648709791605071, 12.14655016992098169 ) ) ;
#3130 = EDGE_LOOP ( 'NONE', ( #5179, #4260, #2032, #4032 ) ) ;
#3131 = CARTESIAN_POINT ( 'NONE',  ( 0.1634482273757313642, 10.34733926700717710, 7.955401604407347449 ) ) ;
#3132 = CARTESIAN_POINT ( 'NONE',  ( -7.567818014309491553E-05, 4.057638003756526501, 57.30229377966871596 ) ) ;
#3133 = AXIS2_PLACEMENT_3D ( 'NONE', #4954, #4503, #4013 ) ;
#3134 = CARTESIAN_POINT ( 'NONE',  ( 4.979167021931662163, 7.352715131837944007, 8.255401604407389016 ) ) ;
#3135 = CARTESIAN_POINT ( 'NONE',  ( 2.773187546941447312, 8.210540359427380253, -2.412891585871344446 ) ) ;
#3136 = CARTESIAN_POINT ( 'NONE',  ( 1.102752632017739209, 10.16904397107592750, 6.165290626320159006 ) ) ;
#3137 = VECTOR ( 'NONE', #4606, 39.37007874015748143 ) ;
#3138 = CARTESIAN_POINT ( 'NONE',  ( 0.4679394013863860669, 10.98654020090057237, 34.88693070466541712 ) ) ;
#3139 = CARTESIAN_POINT ( 'NONE',  ( 0.5783966467329104688, 10.91695140815158993, 10.22488820746005622 ) ) ;
#3140 = CARTESIAN_POINT ( 'NONE',  ( 1.042500615956283072, 2.814069422427771361, -14.99999999999998579 ) ) ;
#3141 = CARTESIAN_POINT ( 'NONE',  ( 5.831550815723799630, 3.850937108471218284, 10.95146459653339122 ) ) ;
#3142 = CARTESIAN_POINT ( 'NONE',  ( 5.507560175143479064, 2.893200287190807796, 36.12753330070800928 ) ) ;
#3143 = CARTESIAN_POINT ( 'NONE',  ( 0.8052815401647861471, 9.221253321603933628, 53.14441657884603387 ) ) ;
#3144 = CARTESIAN_POINT ( 'NONE',  ( 0.1195920188719862415, 11.01727388836292221, 11.71160653755334913 ) ) ;
#3145 = CARTESIAN_POINT ( 'NONE',  ( 4.051095482604242015, 9.483916917302995131, 10.23504517967188931 ) ) ;
#3146 = VERTEX_POINT ( 'NONE', #2953 ) ;
#3147 = CARTESIAN_POINT ( 'NONE',  ( 5.892125986310504437, 1.562528528513992709, 35.24506315013054092 ) ) ;
#3148 = AXIS2_PLACEMENT_3D ( 'NONE', #1851, #3669, #2687 ) ;
#3149 = CARTESIAN_POINT ( 'NONE',  ( 5.209669690252575869, 4.568315000046895058, -0.1990560639181704894 ) ) ;
#3150 = CARTESIAN_POINT ( 'NONE',  ( 0.09898435721150609934, 10.34106813956936755, 7.833706845174688738 ) ) ;
#3151 = CARTESIAN_POINT ( 'NONE',  ( 0.2124788080901726939, 2.151721864072095869, 57.50000000000000711 ) ) ;
#3152 = CARTESIAN_POINT ( 'NONE',  ( -0.01580301426781687002, 10.93155480524970713, 10.43799050542849294 ) ) ;
#3153 = CARTESIAN_POINT ( 'NONE',  ( 2.319895395784682623, 10.66760725672589949, 10.44090224455487004 ) ) ;
#3154 = CARTESIAN_POINT ( 'NONE',  ( 5.693444689074913967, 6.075562884760087989, 10.45867164001741401 ) ) ;
#3155 = CARTESIAN_POINT ( 'NONE',  ( -0.003937007874019820240, 0.7593198816405254403, 1.721724340642749596 ) ) ;
#3156 = CARTESIAN_POINT ( 'NONE',  ( 4.023490539228459895, 4.314079184401836464, 54.86527224151834758 ) ) ;
#3157 = CARTESIAN_POINT ( 'NONE',  ( 4.219856649720368225, 8.376881225531148445, 6.185649547526145930 ) ) ;
#3158 = CARTESIAN_POINT ( 'NONE',  ( 1.954713782588541893, 10.72491482291775533, 37.31284327768835851 ) ) ;
#3159 = CARTESIAN_POINT ( 'NONE',  ( 2.085712469039487260, 10.87152020902532357, 12.56241299764391783 ) ) ;
#3160 = CARTESIAN_POINT ( 'NONE',  ( 4.837295703979511252, 8.542802516591709860, 12.14542276483053662 ) ) ;
#3161 = ORIENTED_EDGE ( 'NONE', *, *, #1288, .T. ) ;
#3162 = CARTESIAN_POINT ( 'NONE',  ( -0.003937007874044509692, 10.60898108575325693, 8.819128414726785437 ) ) ;
#3163 = CARTESIAN_POINT ( 'NONE',  ( 0.01262608890396424953, 9.640358364593557994, 52.68056872547681735 ) ) ;
#3164 = CARTESIAN_POINT ( 'NONE',  ( -0.003937007874039468586, 10.74912062664211909, 7.955401604407358995 ) ) ;
#3165 = CARTESIAN_POINT ( 'NONE',  ( 3.220412856869250273, 9.727881479112777896, 10.78541703913779592 ) ) ;
#3166 = CARTESIAN_POINT ( 'NONE',  ( 0.7792741670336871262, 7.650834597989496721, -7.653895627769287557 ) ) ;
#3167 = CARTESIAN_POINT ( 'NONE',  ( 0.5645915214168543139, 10.97978382689204047, 34.88694490477758592 ) ) ;
#3168 = ADVANCED_FACE ( 'NONE', ( #5299 ), #3435, .F. ) ;
#3169 = CARTESIAN_POINT ( 'NONE',  ( 0.5691038152751825008, 10.85552920368686536, 9.373308917908614646 ) ) ;
#3170 = CARTESIAN_POINT ( 'NONE',  ( 3.912301289506006086, 2.293164438744901723, 56.18528307002063116 ) ) ;
#3171 = CARTESIAN_POINT ( 'NONE',  ( 0.1279958617253868225, 7.468003638095483510, -8.675923452946694425 ) ) ;
#3172 = CARTESIAN_POINT ( 'NONE',  ( 5.488629416519083648, 4.220303392225028816, 10.24463743798241566 ) ) ;
#3173 = CARTESIAN_POINT ( 'NONE',  ( 0.1164679805170266841, 10.80906390814479323, 8.733622863805994285 ) ) ;
#3174 = CARTESIAN_POINT ( 'NONE',  ( 3.967458381692996028, 9.635927919956737142, 11.29365257592206007 ) ) ;
#3175 = VERTEX_POINT ( 'NONE', #5713 ) ;
#3176 = CARTESIAN_POINT ( 'NONE',  ( 5.890409089738845694, 1.562066823293256412, 50.66110854230146998 ) ) ;
#3177 = CARTESIAN_POINT ( 'NONE',  ( 5.450063686980678668, 5.061233227206456853, 12.44247867187332268 ) ) ;
#3178 = CARTESIAN_POINT ( 'NONE',  ( 0.05716766791228842376, 6.956305812939282518, -10.03571414689259100 ) ) ;
#3179 = CARTESIAN_POINT ( 'NONE',  ( 2.284239115386381691, 10.58953415692782407, 33.64204399690216007 ) ) ;
#3180 = PRODUCT_DEFINITION_CONTEXT ( 'detailed design', #3618, 'design' ) ;
#3181 = CARTESIAN_POINT ( 'NONE',  ( -0.01793339188287215030, 10.87164758386435359, 9.586631190620600762 ) ) ;
#3182 = CARTESIAN_POINT ( 'NONE',  ( 2.464221481841272876, 10.71043218547380960, 12.13893701055670249 ) ) ;
#3183 = CARTESIAN_POINT ( 'NONE',  ( 5.679085052407496725, 6.040339569555466248, 8.767878255930952491 ) ) ;
#3184 = FACE_BOUND ( 'NONE', #787, .T. ) ;
#3185 = CARTESIAN_POINT ( 'NONE',  ( 4.872643666588500899, 5.496010780834374998, -1.229520509766005132 ) ) ;
#3186 = CARTESIAN_POINT ( 'NONE',  ( 3.541208830633623794, 6.829112119160056338, 53.31357686642576255 ) ) ;
#3187 = CARTESIAN_POINT ( 'NONE',  ( 1.430615537133739013, 8.205212241206139012, -4.991814262966383531 ) ) ;
#3188 = CARTESIAN_POINT ( 'NONE',  ( 2.087647421339976717, 10.89089041516811740, 12.98572545074871698 ) ) ;
#3189 = CARTESIAN_POINT ( 'NONE',  ( 4.743135811846432404, 8.613277047426844746, 10.45164385678836894 ) ) ;
#3190 = ORIENTED_EDGE ( 'NONE', *, *, #625, .T. ) ;
#3191 =( NAMED_UNIT ( * ) PLANE_ANGLE_UNIT ( ) SI_UNIT ( $, .RADIAN. ) );
#3192 = CARTESIAN_POINT ( 'NONE',  ( 0.004342528021302408635, 6.184160877196126727, 56.45748489715617069 ) ) ;
#3193 = CARTESIAN_POINT ( 'NONE',  ( 3.681757141289060620, 9.557954480838773748, 46.36333791435647811 ) ) ;
#3194 = CARTESIAN_POINT ( 'NONE',  ( 0.7439414260402806844, 7.317441974252039572, -8.668559121662244848 ) ) ;
#3195 = CARTESIAN_POINT ( 'NONE',  ( 0.5938768539154571924, 10.87500813359594254, 42.68851598487404431 ) ) ;
#3196 = CARTESIAN_POINT ( 'NONE',  ( 0.7880353603985525979, 11.01431418296085774, 11.71125390575358693 ) ) ;
#3197 = CARTESIAN_POINT ( 'NONE',  ( 2.669533648513986446, 1.761405606010845171, 57.21947940373689079 ) ) ;
#3198 = CARTESIAN_POINT ( 'NONE',  ( 3.655536561542294560, 6.713463169022602983, -4.249807487059460875 ) ) ;
#3199 = CARTESIAN_POINT ( 'NONE',  ( 0.1004472808772058912, 9.113932039957113318, -2.358427881708287099 ) ) ;
#3200 = CARTESIAN_POINT ( 'NONE',  ( 1.677354169109711579, 10.79132019402308273, 9.587378798154738035 ) ) ;
#3201 = DIRECTION ( 'NONE',  ( -6.957231484743788408E-15, 0.000000000000000000, 1.000000000000000000 ) ) ;
#3202 = CARTESIAN_POINT ( 'NONE',  ( 0.1532190653987883233, 10.80900611070330086, 8.733629885912989721 ) ) ;
#3203 = CARTESIAN_POINT ( 'NONE',  ( 4.180898680451236693, 9.278476006907981244, 9.175838587081244668 ) ) ;
#3204 = CARTESIAN_POINT ( 'NONE',  ( 5.892125863549678932, 1.562186526450040081, 11.58474947013545986 ) ) ;
#3205 = CARTESIAN_POINT ( 'NONE',  ( -0.007874015748423630195, 1.562500000000000000, 57.50000000000000000 ) ) ;
#3206 = CARTESIAN_POINT ( 'NONE',  ( 0.1153858261625079762, 9.511655499123104818, 52.96281335608363605 ) ) ;
#3207 = CARTESIAN_POINT ( 'NONE',  ( 2.034218815071076492, 9.220759047797333352, 0.4102599493641311823 ) ) ;
#3208 = CARTESIAN_POINT ( 'NONE',  ( 0.4686290626972202111, 8.079410698447151873, -6.556817566926642193 ) ) ;
#3209 = EDGE_CURVE ( 'NONE', #4986, #3339, #1679, .T. ) ;
#3210 = CARTESIAN_POINT ( 'NONE',  ( -0.01851640346219486297, 11.07034737912630007, 12.55935819195321912 ) ) ;
#3211 = CARTESIAN_POINT ( 'NONE',  ( 2.684432212036051535, 10.45004518336765997, 9.591938683848606928 ) ) ;
#3212 = CARTESIAN_POINT ( 'NONE',  ( 5.768209248823265689, 5.733050724022045408, 12.57195985572847086 ) ) ;
#3213 = CARTESIAN_POINT ( 'NONE',  ( 5.289217362896424746, 7.354912018202960589, 7.955401604407390082 ) ) ;
#3214 = CARTESIAN_POINT ( 'NONE',  ( 5.181411667325063419, 5.421651671755515878, 2.076451543906657538 ) ) ;
#3215 = EDGE_CURVE ( 'NONE', #928, #3470, #2168, .T. ) ;
#3216 = CARTESIAN_POINT ( 'NONE',  ( 3.885940626397232922, 7.890587444127134198, 51.16611424875227243 ) ) ;
#3217 = CARTESIAN_POINT ( 'NONE',  ( -0.007874015748423630195, 1.562500000000000000, 57.50000000000000000 ) ) ;
#3218 = CARTESIAN_POINT ( 'NONE',  ( 2.062438797862788498, 10.72855823468061942, 10.01463757952020117 ) ) ;
#3219 = CARTESIAN_POINT ( 'NONE',  ( 4.772908259306435141, 8.676118544545056821, 12.56772033657397536 ) ) ;
#3220 = EDGE_LOOP ( 'NONE', ( #2744, #3051, #4916, #5445 ) ) ;
#3221 = PLANE ( 'NONE',  #4476 ) ;
#3222 = CARTESIAN_POINT ( 'NONE',  ( -0.007874015748382031527, 9.986438591694255962, 51.52081397219369308 ) ) ;
#3223 = CARTESIAN_POINT ( 'NONE',  ( 2.777515306658854488, 7.861140609151474834, 53.13460468728023045 ) ) ;
#3224 = CARTESIAN_POINT ( 'NONE',  ( 1.345611220850090550, 9.933239868296737995, 50.25934218627523364 ) ) ;
#3225 = CARTESIAN_POINT ( 'NONE',  ( 0.3856428621640309307, 7.429501715797711903, -8.672977720432918147 ) ) ;
#3226 = CARTESIAN_POINT ( 'NONE',  ( 0.7211138234464250507, 10.96008341565931410, 10.86260222766018124 ) ) ;
#3227 = CARTESIAN_POINT ( 'NONE',  ( 5.497680570047517534, 2.349314138428126864, 10.77982374507076635 ) ) ;
#3228 = CIRCLE ( 'NONE', #2948, 0.09999999999999947820 ) ;
#3229 = CARTESIAN_POINT ( 'NONE',  ( 4.551141105253202035, 8.496154166348793169, 34.88765491038618904 ) ) ;
#3230 = CARTESIAN_POINT ( 'NONE',  ( 0.2825879105940533598, 10.98610652357274020, 36.13037313060294764 ) ) ;
#3231 = CARTESIAN_POINT ( 'NONE',  ( 1.689127216176780300, 10.84815251607662923, 10.43890908027730902 ) ) ;
#3232 = CARTESIAN_POINT ( 'NONE',  ( 5.605621539297137801, 2.423630342976938135, 12.65146459653338873 ) ) ;
#3233 = CARTESIAN_POINT ( 'NONE',  ( 0.1565473559836140505, 10.85620710867871352, 9.373408312456499303 ) ) ;
#3234 = CARTESIAN_POINT ( 'NONE',  ( 4.198628673322445159, 9.338251372185579768, 10.44772097473477501 ) ) ;
#3235 = DIRECTION ( 'NONE',  ( -6.957231484743787620E-15, -0.000000000000000000, 1.000000000000000000 ) ) ;
#3236 = CARTESIAN_POINT ( 'NONE',  ( 5.486710466841647538, 4.147000445175185845, 9.123449079291646058 ) ) ;
#3237 = CARTESIAN_POINT ( 'NONE',  ( 0.06789507686707287049, 11.02176659998657016, 20.74929640529001773 ) ) ;
#3238 = CARTESIAN_POINT ( 'NONE',  ( 1.859712148417068223, 8.608950749488128551, 53.13951063306316058 ) ) ;
#3239 = CARTESIAN_POINT ( 'NONE',  ( 0.6662139670485400789, 10.13181157822328693, 50.25780914012224798 ) ) ;
#3240 = CARTESIAN_POINT ( 'NONE',  ( -0.008433758426777886869, 11.04402651803623669, 12.13587181479597810 ) ) ;
#3241 = CARTESIAN_POINT ( 'NONE',  ( 2.691725468764411655, 10.48861309191693536, 10.22966514347087141 ) ) ;
#3242 = CARTESIAN_POINT ( 'NONE',  ( 5.776884095515102402, 5.540450587874959254, 10.03643512209458244 ) ) ;
#3243 = CARTESIAN_POINT ( 'NONE',  ( 5.021924793301748124, 1.562500000000017319, 54.36781234004950392 ) ) ;
#3244 = CARTESIAN_POINT ( 'NONE',  ( 0.6444217179110721672, 1.823027114660579429, 57.50000000000002132 ) ) ;
#3245 = CARTESIAN_POINT ( 'NONE',  ( 3.808586644348693540, 7.562205597577405847, -1.210256819494774705 ) ) ;
#3246 = CARTESIAN_POINT ( 'NONE',  ( 2.097886413778578429, 10.66308490162027844, 33.64206409126019537 ) ) ;
#3247 = CARTESIAN_POINT ( 'NONE',  ( 5.831550815723796966, 3.850937108471218284, 11.54026869725333881 ) ) ;
#3248 = CARTESIAN_POINT ( 'NONE',  ( 5.903495525542232336, 2.814405975463188270, 10.04004669748009171 ) ) ;
#3249 = CARTESIAN_POINT ( 'NONE',  ( 4.831568484963269405, 8.531477904127809708, 11.72228947208630068 ) ) ;
#3250 = EDGE_LOOP ( 'NONE', ( #4960, #988 ) ) ;
#3251 = CARTESIAN_POINT ( 'NONE',  ( 5.576770406748034148, 3.840356787013552875, 10.95146459653338944 ) ) ;
#3252 = CARTESIAN_POINT ( 'NONE',  ( 1.097115206502158991, 2.744704557731310057, -14.99999999999998401 ) ) ;
#3253 = FACE_OUTER_BOUND ( 'NONE', #5805, .T. ) ;
#3254 = CARTESIAN_POINT ( 'NONE',  ( 0.03249504479330207057, 10.55572467529357361, 10.78779196955514408 ) ) ;
#3255 = CARTESIAN_POINT ( 'NONE',  ( 2.151550387859646474, 6.790807541748018039, -7.645000833924954442 ) ) ;
#3256 = CARTESIAN_POINT ( 'NONE',  ( 1.039010666520476356, 9.193376309115620870, -1.184113239840970166 ) ) ;
#3257 = CARTESIAN_POINT ( 'NONE',  ( 0.5293685119017451646, 11.00858728047290747, 31.92477325371937624 ) ) ;
#3258 = CARTESIAN_POINT ( 'NONE',  ( 0.9025546071968765238, 10.83428772470871060, 9.160147759116153310 ) ) ;
#3259 = CARTESIAN_POINT ( 'NONE',  ( 5.416794229063085275, 2.123311617632454240, -5.130515853583163199 ) ) ;
#3260 = CARTESIAN_POINT ( 'NONE',  ( 4.455123058623097876, 7.526150584922606690, 50.26814053810897320 ) ) ;
#3261 = CARTESIAN_POINT ( 'NONE',  ( 0.1785098434241092213, 10.19843964477388276, 6.160200896018678485 ) ) ;
#3262 = CARTESIAN_POINT ( 'NONE',  ( 1.743559198840012758, 10.79318002702686918, 9.800557182263597511 ) ) ;
#3263 = CARTESIAN_POINT ( 'NONE',  ( 0.1777514728180550341, 10.90217214731213069, 10.01240764406895423 ) ) ;
#3264 = CARTESIAN_POINT ( 'NONE',  ( 5.904314299683238509, 2.913331296292329675, 11.00345283019391296 ) ) ;
#3265 = CARTESIAN_POINT ( 'NONE',  ( 5.494827600151238833, 4.361348039285090294, 12.44147203700136828 ) ) ;
#3266 = CARTESIAN_POINT ( 'NONE',  ( 2.082829056810516999, 9.695706291068445282, 49.94223926366400690 ) ) ;
#3267 = CARTESIAN_POINT ( 'NONE',  ( 0.4690501259856377780, 8.294474679418369689, -5.804180049325282198 ) ) ;
#3268 = CARTESIAN_POINT ( 'NONE',  ( 0.01231894314300794810, 11.09561983501063587, 12.98236678214991358 ) ) ;
#3269 = CARTESIAN_POINT ( 'NONE',  ( 2.682042705101873814, 10.43662711170383695, 9.379180928992195021 ) ) ;
#3270 = CARTESIAN_POINT ( 'NONE',  ( 5.815314938263222544, 5.089788803960170860, 8.348992625746502583 ) ) ;
#3271 = CARTESIAN_POINT ( 'NONE',  ( 5.492125925982399792, 1.562499999999998890, 10.75541527908573869 ) ) ;
#3272 = CARTESIAN_POINT ( 'NONE',  ( 5.086760808686482171, 5.302936101935530111, 0.4214091041905623780 ) ) ;
#3273 = CARTESIAN_POINT ( 'NONE',  ( 4.362508639478350325, 8.797778872316635912, 18.26304765138638331 ) ) ;
#3274 = CARTESIAN_POINT ( 'NONE',  ( 2.091640950305844182, 10.58939373507589465, 15.74405738927730525 ) ) ;
#3275 = CARTESIAN_POINT ( 'NONE',  ( -0.09052666506881526520, 10.80930268027135277, 8.733499370412241447 ) ) ;
#3276 = CARTESIAN_POINT ( 'NONE',  ( 5.904826255031758286, 3.297317868261729679, 9.618177363595453500 ) ) ;
#3277 = CARTESIAN_POINT ( 'NONE',  ( 5.178788366368343610, 7.745129741263023782, 9.820172376111566237 ) ) ;
#3278 = VERTEX_POINT ( 'NONE', #4025 ) ;
#3279 = CARTESIAN_POINT ( 'NONE',  ( 2.605305327647461588, 9.924282706617143290, 7.955401604407370542 ) ) ;
#3280 = CARTESIAN_POINT ( 'NONE',  ( 4.766611618054271915, 6.316522521512093036, 0.4191792732252783149 ) ) ;
#3281 = CARTESIAN_POINT ( 'NONE',  ( 0.06022089521463423051, 10.69310689370685985, 12.95146459653335036 ) ) ;
#3282 = CARTESIAN_POINT ( 'NONE',  ( 0.01939001413113546068, 10.44864015174538707, 48.58746441060475973 ) ) ;
#3283 = CARTESIAN_POINT ( 'NONE',  ( 3.023997918327634871, 8.372101564335750368, 51.98777621044037289 ) ) ;
#3284 = CARTESIAN_POINT ( 'NONE',  ( 1.514983074371401228, 10.27859518176382103, 7.837455481666808943 ) ) ;
#3285 = CARTESIAN_POINT ( 'NONE',  ( 0.2677465722842424234, 5.498057592062145282, -13.06746775381696857 ) ) ;
#3286 = ADVANCED_FACE ( 'NONE', ( #5466, #3184, #4995 ), #5439, .F. ) ;
#3287 = CARTESIAN_POINT ( 'NONE',  ( 0.6496015091941335085, 10.93131287683464414, 10.43744547995980021 ) ) ;
#3288 = CARTESIAN_POINT ( 'NONE',  ( 5.907979890969923709, 3.728156585405545620, 12.95146459653339122 ) ) ;
#3289 = AXIS2_PLACEMENT_3D ( 'NONE', #2150, #251, #1620 ) ;
#3290 = CARTESIAN_POINT ( 'NONE',  ( 4.450990430735301651, 1.982316835541564126, -9.923287518487320824 ) ) ;
#3291 = CARTESIAN_POINT ( 'NONE',  ( 1.548240466091663992, 3.081320319311955824, 57.26100193205926558 ) ) ;
#3292 = CARTESIAN_POINT ( 'NONE',  ( 0.1437223370594540584, 10.00537936277841133, 4.075569692164187963 ) ) ;
#3293 = CARTESIAN_POINT ( 'NONE',  ( 1.693991682616702965, 10.87548857821078307, 10.86432058790740562 ) ) ;
#3294 = CARTESIAN_POINT ( 'NONE',  ( 0.1714884855186750157, 10.80898069686689134, 8.733633371441007043 ) ) ;
#3295 = DIRECTION ( 'NONE',  ( -0.9991388587284489864, -0.04149145669668402592, -6.951240325576541029E-15 ) ) ;
#3296 = CARTESIAN_POINT ( 'NONE',  ( 4.864939616864245586, 3.793643818839354420, -5.874335025093134099 ) ) ;
#3297 = CARTESIAN_POINT ( 'NONE',  ( 2.610878228610534535, 9.778960699987626626, 48.55839184930871255 ) ) ;
#3298 = CARTESIAN_POINT ( 'NONE',  ( 0.4474767181036864439, 7.415011377144157478, -8.672241287304473190 ) ) ;
#3299 = CARTESIAN_POINT ( 'NONE',  ( -0.005619092416283645586, 10.84058402010751188, 9.160167635765146699 ) ) ;
#3300 = CARTESIAN_POINT ( 'NONE',  ( 2.568275484595250013, 10.55071814236765704, 10.22923859147921810 ) ) ;
#3301 = CARTESIAN_POINT ( 'NONE',  ( 5.786358766476065618, 5.609934694830551294, 12.57177249466851343 ) ) ;
#3302 = CARTESIAN_POINT ( 'NONE',  ( 5.492126121751516266, 1.562500000000009326, 41.32083223519992288 ) ) ;
#3303 = CARTESIAN_POINT ( 'NONE',  ( 5.218834294447936450, 5.782646984297872272, 28.18652961404788471 ) ) ;
#3304 = CARTESIAN_POINT ( 'NONE',  ( 4.837553554119688570, 8.674219976281825950, 42.61746569866706835 ) ) ;
#3305 = CARTESIAN_POINT ( 'NONE',  ( 1.661087589999834080, 8.493718522614807753, -3.588488056714072894 ) ) ;
#3306 = CARTESIAN_POINT ( 'NONE',  ( -0.05618733136820785318, 11.07032501767625376, 12.55939633621536089 ) ) ;
#3307 = CARTESIAN_POINT ( 'NONE',  ( 5.904234735467940531, 3.056227354208521430, 9.829169631284749187 ) ) ;
#3308 = CARTESIAN_POINT ( 'NONE',  ( 5.039570853477338019, 7.933505319867393268, 7.912364057629492464 ) ) ;
#3309 = ORIENTED_EDGE ( 'NONE', *, *, #1185, .T. ) ;
#3310 = FACE_OUTER_BOUND ( 'NONE', #4641, .T. ) ;
#3311 = CARTESIAN_POINT ( 'NONE',  ( 4.371133497788603606, 6.263015728503759760, -2.464151542730689926 ) ) ;
#3312 = CARTESIAN_POINT ( 'NONE',  ( 0.5095263732494264008, 10.69595639061316383, 12.95146459653335214 ) ) ;
#3313 = CARTESIAN_POINT ( 'NONE',  ( 0.06705315254795346513, 10.21234697249595413, 50.25634274814996871 ) ) ;
#3314 = CARTESIAN_POINT ( 'NONE',  ( 3.732330625790844625, 9.821253372751108657, 39.77531572521925796 ) ) ;
#3315 = CARTESIAN_POINT ( 'NONE',  ( 1.321193235808407307, 9.665354274758900743, 2.026008995851756200 ) ) ;
#3316 = B_SPLINE_CURVE_WITH_KNOTS ( 'NONE', 3,
 ( #83, #2755, #3679, #2341, #1001, #4563, #5071, #5011, #940, #5428, #3623, #882, #2310, #4624, #4045, #4156, #1861, #4127, #2815, #5517, #1448, #2228, #495, #5871, #4072, #5844, #2698, #1359, #3592, #54, #3172, #23, #1779, #2281 ),
 .UNSPECIFIED., .F., .F.,
 ( 4, 2, 2, 2, 2, 2, 2, 2, 2, 2, 2, 2, 2, 2, 2, 2, 4 ),
 ( 5.721958498152796815E-17, 0.0006576535872017898101, 0.001315307174403522374, 0.001972960761605254722, 0.002630614348806987503, 0.003288267936008720284, 0.003945921523210452198, 0.004603575110412184979, 0.005261228697613917760, 0.005918882284815650541, 0.006576535872017383322, 0.007234189459219115235, 0.007891843046420847149, 0.008549496633622579930, 0.009207150220824312711, 0.009864803808026045492, 0.01052245739522777827 ),
 .UNSPECIFIED. ) ;
#3317 = CARTESIAN_POINT ( 'NONE',  ( 0.9232212028309415563, 11.03778508082102405, 12.13550202858018423 ) ) ;
#3318 = EDGE_CURVE ( 'NONE', #4349, #3369, #5381, .T. ) ;
#3319 = DIRECTION ( 'NONE',  ( 1.000000000000000000, 0.000000000000000000, 6.957231484743787620E-15 ) ) ;
#3320 = CARTESIAN_POINT ( 'NONE',  ( 5.491966959775785639, 1.789463793132539449, 9.125355599380251093 ) ) ;
#3321 = CARTESIAN_POINT ( 'NONE',  ( 4.058521738629068842, 7.395476199592256883, -0.6035559870895642609 ) ) ;
#3322 = CARTESIAN_POINT ( 'NONE',  ( 0.3716855507846543172, 10.99197911756495216, 34.88691650455323412 ) ) ;
#3323 = CARTESIAN_POINT ( 'NONE',  ( 1.764713860744414164, 10.93518290520733949, 12.13799915456779033 ) ) ;
#3324 = CARTESIAN_POINT ( 'NONE',  ( 0.1579681863185346813, 11.01753438512811734, 11.71152436146623721 ) ) ;
#3325 = CARTESIAN_POINT ( 'NONE',  ( 4.819598567829594948, 7.649358209921595098, 24.06875630501362906 ) ) ;
#3326 = CARTESIAN_POINT ( 'NONE',  ( 5.896203972148422956, 2.244966366518664103, 11.76822159787618993 ) ) ;
#3327 = CARTESIAN_POINT ( 'NONE',  ( 2.854119137306375009, 2.799157474947899349, -12.98624938957457964 ) ) ;
#3328 = CARTESIAN_POINT ( 'NONE',  ( 1.857160116648916448, 7.990319455758737810, -5.000136358403390879 ) ) ;
#3329 = CARTESIAN_POINT ( 'NONE',  ( 0.7957727644390004684, 10.04240113950545599, 50.59791097507831381 ) ) ;
#3330 = CARTESIAN_POINT ( 'NONE',  ( -0.005745965880565312954, 10.90195677590029710, 10.01258098471877744 ) ) ;
#3331 = CARTESIAN_POINT ( 'NONE',  ( 2.560890935173597782, 10.51161959059771434, 9.591305891187836608 ) ) ;
#3332 = CARTESIAN_POINT ( 'NONE',  ( 5.799370554887275375, 5.447991295181162208, 11.30411064080167094 ) ) ;
#3333 = CARTESIAN_POINT ( 'NONE',  ( 5.492263486406506523, 1.562500000000002220, 50.19281987693802449 ) ) ;
#3334 = CARTESIAN_POINT ( 'NONE',  ( 5.208414645067933613, 5.436070440397114290, 50.63574093326077730 ) ) ;
#3335 = CARTESIAN_POINT ( 'NONE',  ( 1.823721125265995502, 9.072793837442027609, 52.35449413523007678 ) ) ;
#3336 = CARTESIAN_POINT ( 'NONE',  ( -0.09516082943262405003, 10.90195619405499450, 10.01259881871433421 ) ) ;
#3337 = CARTESIAN_POINT ( 'NONE',  ( 5.907704287584471636, 3.546825127216130635, 12.57127360340121847 ) ) ;
#3338 = CARTESIAN_POINT ( 'NONE',  ( 5.149147499398972982, 7.688728314417443421, 7.913940710663680100 ) ) ;
#3339 = VERTEX_POINT ( 'NONE', #4083 ) ;
#3340 = DIRECTION ( 'NONE',  ( 3.414809992080346871E-15, 0.000000000000000000, -1.000000000000000000 ) ) ;
#3341 = CARTESIAN_POINT ( 'NONE',  ( 4.981264671672308353, 6.873245266144182963, 28.18628567105829674 ) ) ;
#3342 = CARTESIAN_POINT ( 'NONE',  ( 2.029800197312265908, 10.48685111889598609, 12.95146459653336990 ) ) ;
#3343 = CARTESIAN_POINT ( 'NONE',  ( 0.01063979106573131016, 8.879865550842607647, -3.546289877328397289 ) ) ;
#3344 = CARTESIAN_POINT ( 'NONE',  ( 1.921029883733905930, 4.952696270260227962, 56.35104179460468998 ) ) ;
#3345 = CARTESIAN_POINT ( 'NONE',  ( 1.466444384352764807, 10.12804399373840525, 6.167326518440773064 ) ) ;
#3346 = CIRCLE ( 'NONE', #1821, 0.09999999999999947820 ) ;
#3347 = CARTESIAN_POINT ( 'NONE',  ( 1.057238967780263161, 10.97795746498510816, 11.28754947280778076 ) ) ;
#3348 = CARTESIAN_POINT ( 'NONE',  ( 4.297441666475890543, 9.250453441091083917, 10.87192920743517277 ) ) ;
#3349 = FACE_OUTER_BOUND ( 'NONE', #42, .T. ) ;
#3350 = CARTESIAN_POINT ( 'NONE',  ( 5.891051810516570342, 4.175141510752991003, 10.32520004082641307 ) ) ;
#3351 = CARTESIAN_POINT ( 'NONE',  ( 4.926300592277971013, 1.727493350197395028, 54.74178961593685244 ) ) ;
#3352 = CARTESIAN_POINT ( 'NONE',  ( -0.007874015747917769217, 1.562500000000000000, -14.99999999999999822 ) ) ;
#3353 = CARTESIAN_POINT ( 'NONE',  ( 0.1970441346865247911, 7.992667831331453421, -6.993367725416564262 ) ) ;
#3354 = CARTESIAN_POINT ( 'NONE',  ( 1.940928192491527815, 10.79089907378539692, 10.43966229740360774 ) ) ;
#3355 = CARTESIAN_POINT ( 'NONE',  ( 0.2908911266908423832, 10.91743151451667870, 10.22503804885642786 ) ) ;
#3356 = CARTESIAN_POINT ( 'NONE',  ( 2.763449658832905609, 5.025641507053297374, -9.979973213481576622 ) ) ;
#3357 = CARTESIAN_POINT ( 'NONE',  ( 0.1916652179869191563, 1.565996710292541172, -15.39391503920387727 ) ) ;
#3358 = CARTESIAN_POINT ( 'NONE',  ( 5.215241696544118177, 3.731853046470336110, -3.140307958043353942 ) ) ;
#3359 = CARTESIAN_POINT ( 'NONE',  ( 2.458678045497673104, 10.50896692340945826, 31.92479068158913336 ) ) ;
#3360 = CARTESIAN_POINT ( 'NONE',  ( 0.8109227565345102917, 10.09800682940477579, 50.25814241102506230 ) ) ;
#3361 = CARTESIAN_POINT ( 'NONE',  ( -0.005397987018122150406, 10.74313555016876442, 7.879376525988987190 ) ) ;
#3362 = CARTESIAN_POINT ( 'NONE',  ( 3.516409792265530410, 9.918620958154535927, 9.383823167737807225 ) ) ;
#3363 = CARTESIAN_POINT ( 'NONE',  ( 5.843305678894767041, 4.834061621283201049, 8.771478558852729535 ) ) ;
#3364 = CARTESIAN_POINT ( 'NONE',  ( 5.492125988914884793, 1.562500000000000000, 9.101826760235860903 ) ) ;
#3365 = CARTESIAN_POINT ( 'NONE',  ( 5.344174679549964502, 4.692053363285592305, 50.63983065846974085 ) ) ;
#3366 = CARTESIAN_POINT ( 'NONE',  ( -0.09389212405294145025, 10.87166018369387999, 9.586623630544464092 ) ) ;
#3367 = CARTESIAN_POINT ( 'NONE',  ( 5.901178835886910612, 2.649533633046945891, 11.30487006138457318 ) ) ;
#3368 = CARTESIAN_POINT ( 'NONE',  ( 5.266370676461956890, 7.457937763674623355, 8.338832496869178712 ) ) ;
#3369 = VERTEX_POINT ( 'NONE', #1788 ) ;
#3370 = CARTESIAN_POINT ( 'NONE',  ( 2.965838059391129544, 9.710624757809931396, 7.955401604407381200 ) ) ;
#3371 = CARTESIAN_POINT ( 'NONE',  ( 5.083239208477907667, 6.821063451885812867, 9.121341872877930967 ) ) ;
#3372 = CARTESIAN_POINT ( 'NONE',  ( 6.927459034753712608, 1.576587811583950227, 12.53300595598991229 ) ) ;
#3373 = CARTESIAN_POINT ( 'NONE',  ( 0.03055943986180473249, 10.43747479120107968, 9.115948427890401717 ) ) ;
#3374 = CARTESIAN_POINT ( 'NONE',  ( 3.466247935280843961, 8.218940364782643115, -0.1948117696293164558 ) ) ;
#3375 = CARTESIAN_POINT ( 'NONE',  ( 1.023803877435626619, 7.544895245812925921, -7.652413162128556934 ) ) ;
#3376 = CARTESIAN_POINT ( 'NONE',  ( 1.407653345202773743, 10.76808187841809428, 8.734044651971933249 ) ) ;
#3377 = CARTESIAN_POINT ( 'NONE',  ( 4.189626252101187553, 9.309070192984981063, 9.812045035417970240 ) ) ;
#3378 = EDGE_LOOP ( 'NONE', ( #2063, #4302 ) ) ;
#3379 = CARTESIAN_POINT ( 'NONE',  ( 5.585606372853678891, 6.664829582570572342, 12.95146459653339832 ) ) ;
#3380 = CARTESIAN_POINT ( 'NONE',  ( 5.888434676605942109, 4.234399508559081760, 10.25289842551643638 ) ) ;
#3381 = CARTESIAN_POINT ( 'NONE',  ( 5.493995628550662147, 1.761365374438569331, -2.555992298770373594 ) ) ;
#3382 = CARTESIAN_POINT ( 'NONE',  ( 2.362158077879320750, 8.518081601461860330, 52.70447750610669146 ) ) ;
#3383 = CARTESIAN_POINT ( 'NONE',  ( 0.2379791938755309588, 8.867916720059023206, -3.553431107685973700 ) ) ;
#3384 = CARTESIAN_POINT ( 'NONE',  ( 1.843419064392352480, 10.65933026857306487, 8.308666451960492694 ) ) ;
#3385 = CARTESIAN_POINT ( 'NONE',  ( 0.2348565318415702097, 10.91731469720625647, 10.22509419780816131 ) ) ;
#3386 = CARTESIAN_POINT ( 'NONE',  ( 4.275113108175856880, 6.822443189746267400, 52.02607779988041870 ) ) ;
#3387 = CARTESIAN_POINT ( 'NONE',  ( 5.888580466360953558, 4.213990813472858754, 10.12939112221163818 ) ) ;
#3388 = CARTESIAN_POINT ( 'NONE',  ( 5.633224894085548939, 3.466774522162901384, 42.54736274960932718 ) ) ;
#3389 = CARTESIAN_POINT ( 'NONE',  ( 2.723004194270975287, 10.37764150225683757, 18.26388950199479311 ) ) ;
#3390 = CARTESIAN_POINT ( 'NONE',  ( 0.4075912440646571322, 6.075156518816793749, 56.43392115689668742 ) ) ;
#3391 = CARTESIAN_POINT ( 'NONE',  ( 0.05983147023998313524, 11.07068038929708287, 12.55922266465220005 ) ) ;
#3392 = CARTESIAN_POINT ( 'NONE',  ( 3.316021692338030125, 10.21210651978368311, 11.71533237810765549 ) ) ;
#3393 = CARTESIAN_POINT ( 'NONE',  ( 5.897542008869873342, 4.285493604139305468, 12.57104681133412782 ) ) ;
#3394 = CARTESIAN_POINT ( 'NONE',  ( 3.168489740518973363, 1.562500000000000000, -12.77960504155113775 ) ) ;
#3395 = CARTESIAN_POINT ( 'NONE',  ( 5.392826035239979277, 5.560622792152099869, 18.26174879616194247 ) ) ;
#3396 = ADVANCED_FACE ( 'NONE', ( #3603 ), #5022, .F. ) ;
#3397 = CARTESIAN_POINT ( 'NONE',  ( -0.05153574868876198423, 10.77688477320915261, 8.306404578631978453 ) ) ;
#3398 = CARTESIAN_POINT ( 'NONE',  ( 5.897658895341382213, 2.320341104549126676, 10.25077386918436240 ) ) ;
#3399 = CARTESIAN_POINT ( 'NONE',  ( 5.460644663371518881, 6.980608341275406303, 9.822661638212238699 ) ) ;
#3400 = VERTEX_POINT ( 'NONE', #2321 ) ;
#3401 = CARTESIAN_POINT ( 'NONE',  ( 1.301231866306935547, 10.51483272060529472, 8.255401604407364147 ) ) ;
#3402 = ADVANCED_FACE ( 'NONE', ( #951 ), #5643, .F. ) ;
#3403 = CARTESIAN_POINT ( 'NONE',  ( 3.734307811152988599, 5.021839452910358048, -7.631658643158416133 ) ) ;
#3404 = CARTESIAN_POINT ( 'NONE',  ( -0.003937007874059043205, 10.69301956602252091, 12.95146459653335036 ) ) ;
#3405 = CARTESIAN_POINT ( 'NONE',  ( 0.07856301824587677562, 11.02815518675394379, 31.92476889675188190 ) ) ;
#3406 = CARTESIAN_POINT ( 'NONE',  ( 2.657692384173873990, 6.625800871424966765, -6.993476912165161430 ) ) ;
#3407 = CARTESIAN_POINT ( 'NONE',  ( 1.030702299465690031, 7.610962419463309203, 55.06244611139819511 ) ) ;
#3408 = CARTESIAN_POINT ( 'NONE',  ( 1.312427882216434138, 11.05613879554682200, 12.98364512876000632 ) ) ;
#3409 = CARTESIAN_POINT ( 'NONE',  ( 4.323025595687127520, 9.316833842997676030, 12.56453923262954220 ) ) ;
#3410 = CARTESIAN_POINT ( 'NONE',  ( 0.1226530192188223511, 9.762597752727531386, 52.32423681611029309 ) ) ;
#3411 = ORIENTED_EDGE ( 'NONE', *, *, #2233, .F. ) ;
#3412 = CARTESIAN_POINT ( 'NONE',  ( 5.326466423153549457, 7.506643783849533236, 12.95146459653338411 ) ) ;
#3413 = CARTESIAN_POINT ( 'NONE',  ( 5.894727212284444740, 4.066026823707850291, 10.33594098549909823 ) ) ;
#3414 = CARTESIAN_POINT ( 'NONE',  ( 5.483977137834679105, 1.755129812449285787, 51.24427124481612594 ) ) ;
#3415 = CARTESIAN_POINT ( 'NONE',  ( 2.690058958588474880, 10.32799767250889822, 15.74316946273565243 ) ) ;
#3416 = CARTESIAN_POINT ( 'NONE',  ( 0.3327312845040645284, 10.43304241557845380, 48.58370207914285288 ) ) ;
#3417 = CARTESIAN_POINT ( 'NONE',  ( 1.891731820765969907, 10.90564292133188751, 12.13831618189934680 ) ) ;
#3418 = CARTESIAN_POINT ( 'NONE',  ( 0.2340195757772595975, 11.01800767275706860, 11.71137950648619075 ) ) ;
#3419 = CARTESIAN_POINT ( 'NONE',  ( 4.711292141825894397, 8.049282973624288573, 20.75011832279089674 ) ) ;
#3420 = CARTESIAN_POINT ( 'NONE',  ( 5.892129896992921445, 1.566972019207638400, 12.46717422234446104 ) ) ;
#3421 = CARTESIAN_POINT ( 'NONE',  ( 5.486661154705538834, 3.525418364690203532, 6.212794775800743352 ) ) ;
#3422 = CARTESIAN_POINT ( 'NONE',  ( 2.090980119336071308, 8.751598378563686609, -1.793246485304394788 ) ) ;
#3423 = CARTESIAN_POINT ( 'NONE',  ( 0.9537886114398818060, 10.93957307899384190, 34.88700170522620425 ) ) ;
#3424 = CARTESIAN_POINT ( 'NONE',  ( 0.01385652631061566956, 10.87164258563033847, 9.586631720983726623 ) ) ;
#3425 = CARTESIAN_POINT ( 'NONE',  ( 3.736000251042323139, 9.755500664879651396, 9.809425710735725445 ) ) ;
#3426 = CARTESIAN_POINT ( 'NONE',  ( 5.901069791288839461, 3.899819439986114133, 10.88244202059281918 ) ) ;
#3427 = CARTESIAN_POINT ( 'NONE',  ( 5.012533171149114786, 1.580172264379811731, 55.39609091895606241 ) ) ;
#3428 = CIRCLE ( 'NONE', #1625, 0.1000000000000000194 ) ;
#3429 = CARTESIAN_POINT ( 'NONE',  ( 5.310578802366427986, 5.398886235828689095, 31.92484470798562413 ) ) ;
#3430 = CIRCLE ( 'NONE', #2376, 0.1000000000000000194 ) ;
#3431 = CARTESIAN_POINT ( 'NONE',  ( -0.02583352541723184931, 10.93155330417745930, 10.43799478941238590 ) ) ;
#3432 = CARTESIAN_POINT ( 'NONE',  ( 5.892134415604012077, 1.808896969808429844, 10.04012383037438205 ) ) ;
#3433 = CARTESIAN_POINT ( 'NONE',  ( 5.542635839425799738, 6.725162852989641671, 10.03489018869212224 ) ) ;
#3434 = CARTESIAN_POINT ( 'NONE',  ( 5.896726255252225712, 3.983058276297899880, 10.25294372763978679 ) ) ;
#3435 = CYLINDRICAL_SURFACE ( 'NONE', #4810, 0.1325000000000007283 ) ;
#3436 = CARTESIAN_POINT ( 'NONE',  ( 4.334622032423633087, 5.511647317759214459, 53.29737047780452031 ) ) ;
#3437 = CARTESIAN_POINT ( 'NONE',  ( 5.492345677548887473, 1.820048303312625793, 12.95146459653339122 ) ) ;
#3438 = CARTESIAN_POINT ( 'NONE',  ( 3.044171882696283138, 7.724410739443701601, 52.96646667827904764 ) ) ;
#3439 = CARTESIAN_POINT ( 'NONE',  ( 1.709993283929514662, 10.34468177688370893, 9.117277974794291140 ) ) ;
#3440 = CARTESIAN_POINT ( 'NONE',  ( 1.280535185202750448, 10.78053164401561759, 8.733922093139883103 ) ) ;
#3441 = CARTESIAN_POINT ( 'NONE',  ( 4.515205338623617060, 8.974484043694722857, 10.87338471835584031 ) ) ;
#3442 = CYLINDRICAL_SURFACE ( 'NONE', #4388, 0.1000000000000000194 ) ;
#3443 = VECTOR ( 'NONE', #1825, 39.37007874015748143 ) ;
#3444 = CARTESIAN_POINT ( 'NONE',  ( 5.489499338518248450, 4.179711672758796404, 10.11049128511007744 ) ) ;
#3445 = CARTESIAN_POINT ( 'NONE',  ( 5.492095315114394971, 2.115040473897323192, 20.75102846872415441 ) ) ;
#3446 = CARTESIAN_POINT ( 'NONE',  ( 2.258728433112677791, 8.526189263459176715, -2.401144512424409516 ) ) ;
#3447 = CARTESIAN_POINT ( 'NONE',  ( 0.3802118040048315106, 10.98192622415626474, 36.13034707711769755 ) ) ;
#3448 = CARTESIAN_POINT ( 'NONE',  ( 0.2797696308114739905, 10.80885963827676655, 8.733660459366490159 ) ) ;
#3449 = CARTESIAN_POINT ( 'NONE',  ( 4.466743779959000626, 7.032847942740811042, 51.17890357538099266 ) ) ;
#3450 = DIRECTION ( 'NONE',  ( 0.04149145669668515696, -0.9991388587284487643, 0.000000000000000000 ) ) ;
#3451 = CARTESIAN_POINT ( 'NONE',  ( 5.456862720636390662, 3.819832419004614454, 31.92485981213949486 ) ) ;
#3452 = CARTESIAN_POINT ( 'NONE',  ( 1.260224371314641933, 10.26982635993206650, 48.57344117515614101 ) ) ;
#3453 = CARTESIAN_POINT ( 'NONE',  ( 0.5449346003194065480, 9.372689564699870246, -0.5895757787818097784 ) ) ;
#3454 = CARTESIAN_POINT ( 'NONE',  ( 0.01387938290516031216, 10.96093139908614411, 10.86321372167012100 ) ) ;
#3455 = CARTESIAN_POINT ( 'NONE',  ( 3.070031839366108795, 10.34125317119579002, 11.29154598415379951 ) ) ;
#3456 = CARTESIAN_POINT ( 'NONE',  ( 5.894398010380318631, 4.113432605615749083, 10.24922384938055764 ) ) ;
#3457 = CARTESIAN_POINT ( 'NONE',  ( 5.492100045726465929, 1.562499999999999334, -1.691381884751842257 ) ) ;
#3458 = CARTESIAN_POINT ( 'NONE',  ( 5.417949099190310314, 4.739570696543301764, 49.93921072981576970 ) ) ;
#3459 = CARTESIAN_POINT ( 'NONE',  ( -0.02392077103143610411, 10.77686190900899987, 8.306443334242803900 ) ) ;
#3460 = CARTESIAN_POINT ( 'NONE',  ( 5.891769785008258431, 1.778103225547867927, 8.360135422767537960 ) ) ;
#3461 = CARTESIAN_POINT ( 'NONE',  ( 5.447789060145641571, 6.958596410032519053, 8.764570390910996878 ) ) ;
#3462 = ORIENTED_EDGE ( 'NONE', *, *, #2343, .F. ) ;
#3463 = CARTESIAN_POINT ( 'NONE',  ( 0.4474869073678619524, 10.74766210416351520, 7.955401604407360772 ) ) ;
#3464 = CARTESIAN_POINT ( 'NONE',  ( 2.259066909980115501, 3.654798466957745351, -13.00790762003921941 ) ) ;
#3465 = CARTESIAN_POINT ( 'NONE',  ( 0.1650819383502917792, 11.09532262066008457, 12.95146459653335391 ) ) ;
#3466 = CARTESIAN_POINT ( 'NONE',  ( 3.896890685060187209, 9.460503316406978058, 34.88748450903998588 ) ) ;
#3467 = CARTESIAN_POINT ( 'NONE',  ( 1.687435132075669086, 10.24809400826458905, 7.837955299865736691 ) ) ;
#3468 = CARTESIAN_POINT ( 'NONE',  ( 1.032623961220262565, 10.82949799628475418, 9.160168637599667818 ) ) ;
#3469 = CARTESIAN_POINT ( 'NONE',  ( 4.569644786292688998, 8.793871967982170190, 9.178976044409720814 ) ) ;
#3470 = VERTEX_POINT ( 'NONE', #178 ) ;
#3471 = DIRECTION ( 'NONE',  ( -0.04149145669670870062, 0.9991388587284478762, -2.886656688782252536E-16 ) ) ;
#3472 = CARTESIAN_POINT ( 'NONE',  ( 5.492168000766226577, 4.100948197813961471, 10.07773656583268895 ) ) ;
#3473 = CARTESIAN_POINT ( 'NONE',  ( 4.490470764264945736, 1.562500000000000888, -9.915729425821419696 ) ) ;
#3474 = CARTESIAN_POINT ( 'NONE',  ( 3.017515740062598262, 10.23730700681489481, 36.12961757953008402 ) ) ;
#3475 = CARTESIAN_POINT ( 'NONE',  ( -0.007874015748423630195, 1.562500000000000000, 57.50000000000000000 ) ) ;
#3476 = EDGE_CURVE ( 'NONE', #1201, #4349, #4608, .T. ) ;
#3477 = CARTESIAN_POINT ( 'NONE',  ( 0.2899952104823901311, 10.90236816036931167, 10.01230267695787113 ) ) ;
#3478 = CARTESIAN_POINT ( 'NONE',  ( 3.461911014053358659, 5.200377391661346493, 54.91307196754980424 ) ) ;
#3479 = CARTESIAN_POINT ( 'NONE',  ( -0.6706734257770604613, 3.703553116476560714, 10.21022914903224255 ) ) ;
#3480 = CARTESIAN_POINT ( 'NONE',  ( 3.770832578895477738, 2.594364117055387275, 56.20153392537226722 ) ) ;
#3481 = CARTESIAN_POINT ( 'NONE',  ( 0.4913249110774201012, 5.398769706371402854, -13.06205319620080552 ) ) ;
#3482 = CARTESIAN_POINT ( 'NONE',  ( 0.6778205347465962038, 8.924908437597993682, -2.967510092068681882 ) ) ;
#3483 = CARTESIAN_POINT ( 'NONE',  ( 0.04301681071133798412, 10.87163974323712878, 9.586623228414417497 ) ) ;
#3484 = CARTESIAN_POINT ( 'NONE',  ( 3.081705872384830958, 10.38256867239486958, 12.13881019564382768 ) ) ;
#3485 = CARTESIAN_POINT ( 'NONE',  ( 5.867117841871720252, 4.622037262007689051, 10.03749325351302701 ) ) ;
#3486 = CARTESIAN_POINT ( 'NONE',  ( 4.978543226269307453, 1.562500000000000666, -8.149700351608592186 ) ) ;
#3487 = CARTESIAN_POINT ( 'NONE',  ( -0.007874015747917769217, 1.562500000000000000, -14.99999999999999822 ) ) ;
#3488 = CARTESIAN_POINT ( 'NONE',  ( -0.03554003283100694993, 10.90195655542120434, 10.01258695339541305 ) ) ;
#3489 = CARTESIAN_POINT ( 'NONE',  ( 5.891965143123327309, 1.791651863666166467, 9.199418234261470317 ) ) ;
#3490 = CARTESIAN_POINT ( 'NONE',  ( 5.453125988971501137, 6.967839804814213167, 9.187803859572802878 ) ) ;
#3491 = ORIENTED_EDGE ( 'NONE', *, *, #1727, .F. ) ;
#3492 = CARTESIAN_POINT ( 'NONE',  ( 0.08634724634496139528, 10.74885817121767140, 7.955401604407361660 ) ) ;
#3493 = CARTESIAN_POINT ( 'NONE',  ( 4.908214726078242940, 6.066103879951955768, 51.19169290200942868 ) ) ;
#3494 = CARTESIAN_POINT ( 'NONE',  ( 3.217299813061184288, 9.848732882353838036, 12.95146459653336457 ) ) ;
#3495 = CARTESIAN_POINT ( 'NONE',  ( 0.8105950828737956693, 3.083008615544550413, -14.99999999999998401 ) ) ;
#3496 = CARTESIAN_POINT ( 'NONE',  ( 1.236357129701431523, 8.882491241652617830, 53.34436900480615407 ) ) ;
#3497 = CARTESIAN_POINT ( 'NONE',  ( 1.560537574406696937, 10.85533289257405976, 10.22588926900688477 ) ) ;
#3498 = CARTESIAN_POINT ( 'NONE',  ( 4.311428473271080364, 9.101206589367437871, 8.752658171841744661 ) ) ;
#3499 = ORIENTED_EDGE ( 'NONE', *, *, #1727, .T. ) ;
#3500 = CARTESIAN_POINT ( 'NONE',  ( 1.301231866306935547, 10.51483272060529472, 8.255401604407364147 ) ) ;
#3501 = CARTESIAN_POINT ( 'NONE',  ( 5.705621539297136557, 2.423630342976938135, 12.95146459653338944 ) ) ;
#3502 = CARTESIAN_POINT ( 'NONE',  ( 5.492126044680218477, 1.562499999999998890, 12.43794881494955717 ) ) ;
#3503 = CARTESIAN_POINT ( 'NONE',  ( 2.831409609459241139, 8.728274020285843093, 51.57485607924451898 ) ) ;
#3504 = CARTESIAN_POINT ( 'NONE',  ( 0.2897089872337826888, 9.205619597858893499, -1.770073530393956984 ) ) ;
#3505 = CARTESIAN_POINT ( 'NONE',  ( 0.3631281192728023632, 10.90242730993990428, 10.01225407420199076 ) ) ;
#3506 = CARTESIAN_POINT ( 'NONE',  ( 4.735765391181761430, 6.828386362970215728, 50.62756148284294966 ) ) ;
#3507 = AXIS2_PLACEMENT_3D ( 'NONE', #2450, #2895, #4708 ) ;
#3508 = DIRECTION ( 'NONE',  ( -6.957231484743787620E-15, 0.000000000000000000, 1.000000000000000000 ) ) ;
#3509 = CARTESIAN_POINT ( 'NONE',  ( 5.471962662650678766, 3.569653634572164780, 28.18709881435643894 ) ) ;
#3510 = CARTESIAN_POINT ( 'NONE',  ( 0.8952052881477552404, 10.92045689703408584, 18.26456298248156429 ) ) ;
#3511 = B_SPLINE_CURVE_WITH_KNOTS ( 'NONE', 3,
 ( #1322, #5808, #1296, #3108 ),
 .UNSPECIFIED., .F., .F.,
 ( 4, 4 ),
 ( 0.6182462677249273009, 0.6247153289950557742 ),
 .UNSPECIFIED. ) ;
#3512 = CARTESIAN_POINT ( 'NONE',  ( 0.02375982602115772266, 10.91689139075683457, 10.22534696529122300 ) ) ;
#3513 = CARTESIAN_POINT ( 'NONE',  ( 4.122291778642824589, 9.499058204219313239, 11.71752258842405858 ) ) ;
#3514 = CARTESIAN_POINT ( 'NONE',  ( 5.858094817437622837, 4.550807104941337222, 8.350996768284076666 ) ) ;
#3515 = CARTESIAN_POINT ( 'NONE',  ( 2.438089446306409780, 1.562499999999999556, -13.75882624037268087 ) ) ;
#3516 = CARTESIAN_POINT ( 'NONE',  ( 5.239805578920638141, 4.603405330809144047, 0.4228956581674175319 ) ) ;
#3517 = CARTESIAN_POINT ( 'NONE',  ( -0.05649441236531194122, 11.01664523486335767, 11.71188342519254277 ) ) ;
#3518 = CARTESIAN_POINT ( 'NONE',  ( 5.898418486657004856, 2.478499117215279490, 8.358301786962098134 ) ) ;
#3519 = CARTESIAN_POINT ( 'NONE',  ( 5.556486543781421261, 6.746354340777216407, 11.72710685378651974 ) ) ;
#3520 = FACE_BOUND ( 'NONE', #3553, .T. ) ;
#3521 = CARTESIAN_POINT ( 'NONE',  ( 4.448961157301268621, 5.410209323316597541, -4.285795482216425256 ) ) ;
#3522 = CARTESIAN_POINT ( 'NONE',  ( 2.390311319802395307, 10.34561763348255781, 12.95146459653336279 ) ) ;
#3523 = CARTESIAN_POINT ( 'NONE',  ( 4.086557372547551026, 9.128636912063369024, 28.18579778507956490 ) ) ;
#3524 = CARTESIAN_POINT ( 'NONE',  ( -0.007874015748423630195, 1.562500000000000000, 57.50000000000000000 ) ) ;
#3525 = CARTESIAN_POINT ( 'NONE',  ( 1.945860791912614296, 10.81737548977750762, 10.86502436389604043 ) ) ;
#3526 = CARTESIAN_POINT ( 'NONE',  ( 4.418452294380513123, 9.051917519930968936, 10.02553461056001360 ) ) ;
#3527 = VERTEX_POINT ( 'NONE', #4130 ) ;
#3528 = PRESENTATION_STYLE_ASSIGNMENT (( #4917 ) ) ;
#3529 = CARTESIAN_POINT ( 'NONE',  ( 5.488615639254991407, 4.207080869935350798, 10.14390387725341114 ) ) ;
#3530 = LINE ( 'NONE', #5337, #3708 ) ;
#3531 = CARTESIAN_POINT ( 'NONE',  ( 3.048974186742358317, 9.139746182555443355, 49.94170481651436688 ) ) ;
#3532 = CARTESIAN_POINT ( 'NONE',  ( 0.4215704974123141713, 10.42431268235119646, 48.58267598874415683 ) ) ;
#3533 = CARTESIAN_POINT ( 'NONE',  ( 0.3443271056694288679, 10.77604090479689347, 8.306756033516577986 ) ) ;
#3534 = CARTESIAN_POINT ( 'NONE',  ( 4.753712194776764655, 6.816256162509752414, 2.064582709070213795 ) ) ;
#3535 = DIRECTION ( 'NONE',  ( 1.000000000000000000, 0.000000000000000000, 1.092739197465698976E-14 ) ) ;
#3536 = CARTESIAN_POINT ( 'NONE',  ( 5.312945209867098839, 3.309162494774545049, -3.150547831582597436 ) ) ;
#3537 = CARTESIAN_POINT ( 'NONE',  ( 1.018189922275713144, 10.98858171105275261, 24.06607394457664029 ) ) ;
#3538 = CARTESIAN_POINT ( 'NONE',  ( 0.1397117565445723519, 10.90210477545878831, 10.01244995749994260 ) ) ;
#3539 = CARTESIAN_POINT ( 'NONE',  ( 3.838064166449752790, 9.639917193146123608, 9.385717062221583973 ) ) ;
#3540 = CARTESIAN_POINT ( 'NONE',  ( 5.904176073997285279, 3.569036024045550981, 9.828412984557699517 ) ) ;
#3541 = CARTESIAN_POINT ( 'NONE',  ( 5.892124782478743938, 1.563524409700476125, 38.90879548065339577 ) ) ;
#3542 = CARTESIAN_POINT ( 'NONE',  ( 4.417339932976860339, 3.842160102142945899, -7.624246314954791437 ) ) ;
#3543 = CARTESIAN_POINT ( 'NONE',  ( -0.01600500826846153191, 11.07034886988940769, 12.55935564900192070 ) ) ;
#3544 = CARTESIAN_POINT ( 'NONE',  ( 2.206857483732856284, 10.78616903563178653, 11.71461391252327644 ) ) ;
#3545 = CARTESIAN_POINT ( 'NONE',  ( 5.699336417002494493, 5.896655069224308932, 8.345943745835199934 ) ) ;
#3546 = CARTESIAN_POINT ( 'NONE',  ( 0.06266199487087979747, 1.562500000000000000, 57.49981376501732910 ) ) ;
#3547 = CARTESIAN_POINT ( 'NONE',  ( 4.526905033769434539, 5.287494310261257269, 53.12058769932930602 ) ) ;
#3548 = CARTESIAN_POINT ( 'NONE',  ( 2.732833710399938720, 10.16963442951190189, 12.95146459653336102 ) ) ;
#3549 = CARTESIAN_POINT ( 'NONE',  ( 4.085131958547317588, 8.978140832463177290, 12.44801516366903194 ) ) ;
#3550 = CARTESIAN_POINT ( 'NONE',  ( 1.464645102832462076, 9.120676011695708851, 52.69541733660476268 ) ) ;
#3551 = CARTESIAN_POINT ( 'NONE',  ( 1.862902732436603426, 10.73721903787433440, 9.374892367901942691 ) ) ;
#3552 = CARTESIAN_POINT ( 'NONE',  ( 4.619415901020115456, 8.915150594719735366, 12.56653098021950754 ) ) ;
#3553 = EDGE_LOOP ( 'NONE', ( #1116, #4768, #4824, #3668 ) ) ;
#3554 = CARTESIAN_POINT ( 'NONE',  ( 5.179167021931660564, 7.352715131837944007, 8.255401604407392568 ) ) ;
#3555 = CARTESIAN_POINT ( 'NONE',  ( 5.489095698915573251, 4.191912472629226727, 10.12271550240653006 ) ) ;
#3556 = CARTESIAN_POINT ( 'NONE',  ( 5.276397325491910983, 1.562499999999999778, -6.590140886265500875 ) ) ;
#3557 = CARTESIAN_POINT ( 'NONE',  ( 1.003350603606348868, 3.530291190245892885, 57.27761094338820413 ) ) ;
#3558 = CARTESIAN_POINT ( 'NONE',  ( 0.4575700519280936907, 10.65248161650257153, 46.42043948959413058 ) ) ;
#3559 = CARTESIAN_POINT ( 'NONE',  ( 0.3555117075167823493, 10.84040738355751188, 9.160118019967411485 ) ) ;
#3560 = CARTESIAN_POINT ( 'NONE',  ( 3.890268631920672071, 6.051349219729731388, -5.052842962837758023 ) ) ;
#3561 = DIRECTION ( 'NONE',  ( 3.478837679431853666E-15, 0.000000000000000000, -1.000000000000000000 ) ) ;
#3562 = CARTESIAN_POINT ( 'NONE',  ( 5.253604287758503411, 3.243302548660008444, -4.338577875113322158 ) ) ;
#3563 = CARTESIAN_POINT ( 'NONE',  ( 0.8378144618313293490, 9.434622553534932621, 52.68937722360357157 ) ) ;
#3564 = CARTESIAN_POINT ( 'NONE',  ( 0.1402184748932737146, 10.93184265311685088, 10.43780937412127052 ) ) ;
#3565 = CARTESIAN_POINT ( 'NONE',  ( 3.941247352721831909, 9.542849015473422014, 9.386351575595440977 ) ) ;
#3566 = CARTESIAN_POINT ( 'NONE',  ( 5.891987378668099851, 1.564230728243257929, 46.23758404205538142 ) ) ;
#3567 = CARTESIAN_POINT ( 'NONE',  ( 5.039653541925482649, 4.363598591230769763, -3.124948147734490256 ) ) ;
#3568 = CARTESIAN_POINT ( 'NONE',  ( -0.01347909704321965246, 11.01666512809280896, 11.71184635661411733 ) ) ;
#3569 = CARTESIAN_POINT ( 'NONE',  ( 2.450534259594425279, 10.64395679102472947, 10.86631295136641739 ) ) ;
#3570 = CARTESIAN_POINT ( 'NONE',  ( 5.764661502082153888, 5.703428213617188547, 11.30422797438768079 ) ) ;
#3571 = CARTESIAN_POINT ( 'NONE',  ( 0.2960629921259558262, 10.60898108575325693, 8.719128414726787568 ) ) ;
#3572 = CIRCLE ( 'NONE', #2810, 0.1000000000000000194 ) ;
#3573 = CARTESIAN_POINT ( 'NONE',  ( 4.649829809674196568, 5.211486373232390612, -3.701449336915741739 ) ) ;
#3574 = CARTESIAN_POINT ( 'NONE',  ( 1.941349789972416140, 10.93256427275810516, 12.95146459653335924 ) ) ;
#3575 = EDGE_CURVE ( 'NONE', #759, #3400, #3098, .T. ) ;
#3576 = CARTESIAN_POINT ( 'NONE',  ( 4.359960873018303040, 9.297275890576022661, 42.62883374446030160 ) ) ;
#3577 = CARTESIAN_POINT ( 'NONE',  ( 1.599862225431692098, 9.056519134942439209, -1.188241173470518275 ) ) ;
#3578 = CARTESIAN_POINT ( 'NONE',  ( 2.094091209091563321, 10.71884445159060029, 10.01476273923058891 ) ) ;
#3579 = CARTESIAN_POINT ( 'NONE',  ( 4.801362828937401517, 8.466612292151843633, 9.604947847517511406 ) ) ;
#3580 = ORIENTED_EDGE ( 'NONE', *, *, #2412, .T. ) ;
#3581 = FACE_OUTER_BOUND ( 'NONE', #1139, .T. ) ;
#3582 = CARTESIAN_POINT ( 'NONE',  ( 0.01175704932651350405, 9.430995525309553429, 53.14850486699842236 ) ) ;
#3583 = CARTESIAN_POINT ( 'NONE',  ( 5.436664347896710936, 1.562500000000000000, -5.141611980832506923 ) ) ;
#3584 = CARTESIAN_POINT ( 'NONE',  ( 3.417628523296638132, 10.05921548526697862, 39.77785433055276343 ) ) ;
#3585 = CARTESIAN_POINT ( 'NONE',  ( 0.9700565258997370099, 9.240340666634311972, 52.96385716242518527 ) ) ;
#3586 = CARTESIAN_POINT ( 'NONE',  ( 0.3132810604490043893, 9.478647664159872477, 52.96307430766902513 ) ) ;
#3587 = CARTESIAN_POINT ( 'NONE',  ( 0.5078047689650914132, 11.04613669685832278, 12.13509927780549980 ) ) ;
#3588 = CARTESIAN_POINT ( 'NONE',  ( 4.980632649179503879, 7.219198203959932059, 10.78328626044560856 ) ) ;
#3589 = CARTESIAN_POINT ( 'NONE',  ( -0.003937007874056518315, 10.85590676278952671, 12.27144099227121110 ) ) ;
#3590 = CARTESIAN_POINT ( 'NONE',  ( 5.488519121887716068, 3.053064914231428784, 33.64115984514674551 ) ) ;
#3591 = CARTESIAN_POINT ( 'NONE',  ( 0.6795926216121737085, 8.797955141770223975, -3.565116757362007505 ) ) ;
#3592 = CARTESIAN_POINT ( 'NONE',  ( 5.489119311300030724, 4.211159763357055219, 10.26895893856731767 ) ) ;
#3593 = EDGE_CURVE ( 'NONE', #1319, #3470, #4860, .T. ) ;
#3594 = CARTESIAN_POINT ( 'NONE',  ( 0.1016492230504021516, 10.91700712066395340, 10.22525971989485427 ) ) ;
#3595 = CARTESIAN_POINT ( 'NONE',  ( 3.851769462104044361, 9.694264267577329619, 10.44590171422841784 ) ) ;
#3596 = ORIENTED_EDGE ( 'NONE', *, *, #2028, .T. ) ;
#3597 = CARTESIAN_POINT ( 'NONE',  ( 5.664859309916546515, 1.564119221048694941, 53.46668006468963341 ) ) ;
#3598 = CARTESIAN_POINT ( 'NONE',  ( 5.357454713917939593, 5.032151970215851478, 31.92484819355960113 ) ) ;
#3599 = B_SPLINE_CURVE_WITH_KNOTS ( 'NONE', 3,
 ( #1468, #3281, #5092, #3853, #5566, #3312, #1050, #2864, #4677, #606, #2420, #4235, #164, #3342, #4435, #2599, #5771, #3522, #1736, #3548, #281, #4381, #1709, #5329, #3494, #309, #808, #3100, #1260, #4408, #2125, #2183, #2987, #5245, #5301, #5355, #2095, #3072, #1287, #3943, #1175, #4911, #3999, #833, #5715, #1233, #2652, #5799, #4463, #1652, #3045, #5273, #2067, #4883, #2626, #4827, #364, #3884, #3912, #5685, #4799, #4856, #1622, #782, #3437, #5743 ),
 .UNSPECIFIED., .F., .F.,
 ( 4, 2, 2, 2, 2, 2, 2, 2, 2, 2, 2, 2, 2, 2, 2, 2, 2, 2, 2, 2, 2, 2, 2, 2, 2, 2, 2, 2, 2, 2, 2, 2, 4 ),
 ( 0.000000000000000000, 0.004868807395694361995, 0.009737614791388723989, 0.01947522958277745145, 0.03895045916555489596, 0.04868807395694361301, 0.05112247765479079747, 0.05355688135263796806, 0.05842568874833235781, 0.06816330353972116507, 0.07790091833110995845, 0.08276972572680432738, 0.08763853312249869632, 0.09737614791388740643, 0.1071137627052761443, 0.1168513774966648544, 0.1217201848923592650, 0.1265889922880536755, 0.1363266070794424412, 0.1558018366622200557, 0.1655394514536088213, 0.1704082588493031347, 0.1752770662449975037, 0.1947522958277747296, 0.2044899106191633564, 0.2142275254105519833, 0.2239651402019405824, 0.2337027549933292092, 0.2531779845761064629, 0.2629155993674950897, 0.2726532141588837166, 0.2921284437416610258, 0.3116036733244383350 ),
 .UNSPECIFIED. ) ;
#3600 = CARTESIAN_POINT ( 'NONE',  ( -0.01437720793545808548, 10.74314548124334046, 7.879358679306281310 ) ) ;
#3601 = CARTESIAN_POINT ( 'NONE',  ( 2.333367014995205935, 10.73838851631555436, 11.71475721918718804 ) ) ;
#3602 = CARTESIAN_POINT ( 'NONE',  ( 5.724057743879909843, 5.968331083559969663, 11.72702697582434617 ) ) ;
#3603 = FACE_OUTER_BOUND ( 'NONE', #5563, .T. ) ;
#3604 = CARTESIAN_POINT ( 'NONE',  ( 0.6189370957427540176, 1.846419005932094626, 57.50000000000001421 ) ) ;
#3605 = EDGE_CURVE ( 'NONE', #2122, #3339, #2059, .T. ) ;
#3606 = CARTESIAN_POINT ( 'NONE',  ( 0.2263045849294023359, 10.55643579493340667, 10.78768099149825588 ) ) ;
#3607 = CARTESIAN_POINT ( 'NONE',  ( 3.257916392059949207, 7.491281983921838972, 52.96681461372632782 ) ) ;
#3608 = CARTESIAN_POINT ( 'NONE',  ( 1.905140992135531119, 10.51014188241411951, 12.45153838572078087 ) ) ;
#3609 = CARTESIAN_POINT ( 'NONE',  ( 2.111631989395641007, 10.81788635079558958, 11.71446056278298364 ) ) ;
#3610 = CARTESIAN_POINT ( 'NONE',  ( 4.960939815173684764, 8.268815253355080941, 10.87692609691832857 ) ) ;
#3611 = ORIENTED_EDGE ( 'NONE', *, *, #16, .F. ) ;
#3612 = LINE ( 'NONE', #4975, #2963 ) ;
#3613 = CARTESIAN_POINT ( 'NONE',  ( -0.007874015747953762995, 6.959144617855582915, -10.03665890847582531 ) ) ;
#3614 = CARTESIAN_POINT ( 'NONE',  ( 5.705621539297137446, 2.423630342976938135, 12.65146459653338873 ) ) ;
#3615 = CARTESIAN_POINT ( 'NONE',  ( 1.614932200547380292, 6.152983019181973212, -10.00642653781220481 ) ) ;
#3616 = CARTESIAN_POINT ( 'NONE',  ( 1.400270216436010129, 10.84430771742441380, 39.79181665988790684 ) ) ;
#3617 = CARTESIAN_POINT ( 'NONE',  ( 0.3757851809166350976, 9.374816111158347454, 53.14651912703870096 ) ) ;
#3618 = APPLICATION_CONTEXT ( 'automotive_design' ) ;
#3619 = CARTESIAN_POINT ( 'NONE',  ( 0.4321038639354241595, 10.87176681148785740, 9.586405763719993089 ) ) ;
#3620 = DIRECTION ( 'NONE',  ( -1.000000000000000000, 0.000000000000000000, 0.000000000000000000 ) ) ;
#3621 = CARTESIAN_POINT ( 'NONE',  ( 1.574010564667207790, 2.025425621699049383, -14.99999999999997868 ) ) ;
#3622 = CARTESIAN_POINT ( 'NONE',  ( 0.2452062557895421935, 10.43991875929399704, 48.58472816954153473 ) ) ;
#3623 = CARTESIAN_POINT ( 'NONE',  ( 5.496066341196369720, 4.011294435687109861, 10.31553278757720626 ) ) ;
#3624 = CARTESIAN_POINT ( 'NONE',  ( 0.07777564134843871491, 10.77667219065528492, 8.306553526302526080 ) ) ;
#3625 = CARTESIAN_POINT ( 'NONE',  ( 4.039730329520082819, 9.442271427002598472, 9.387003283073983795 ) ) ;
#3626 = ORIENTED_EDGE ( 'NONE', *, *, #440, .T. ) ;
#3627 = CARTESIAN_POINT ( 'NONE',  ( 5.857288278705387263, 1.561748710272834240, 51.94313217674099548 ) ) ;
#3628 = CARTESIAN_POINT ( 'NONE',  ( 3.813127785571322370, 3.498848737734585601, -9.949740842817963227 ) ) ;
#3629 = CARTESIAN_POINT ( 'NONE',  ( 0.05916840392636543017, 11.08311692031388773, 24.06550652217651987 ) ) ;
#3630 = AXIS2_PLACEMENT_3D ( 'NONE', #4415, #760, #3976 ) ;
#3631 = CARTESIAN_POINT ( 'NONE',  ( 1.988703082528155308, 9.047886947390415102, -0.5941706724214187441 ) ) ;
#3632 = CARTESIAN_POINT ( 'NONE',  ( -0.01831064205519172469, 10.93155442998206439, 10.43799157642547826 ) ) ;
#3633 = CARTESIAN_POINT ( 'NONE',  ( 2.266275131784467156, 10.74111579519619042, 11.29052614443836511 ) ) ;
#3634 = CARTESIAN_POINT ( 'NONE',  ( 5.734790313507081905, 5.799009800285875649, 9.824893729411044774 ) ) ;
#3635 = CARTESIAN_POINT ( 'NONE',  ( 0.1671622495840270339, 1.562499999999999556, 57.49851804436487157 ) ) ;
#3636 = CARTESIAN_POINT ( 'NONE',  ( 4.468561034270651433, 5.225488282393161654, 53.29412920008036991 ) ) ;
#3637 = CARTESIAN_POINT ( 'NONE',  ( 2.743346111030579682, 5.778994584872591211, -8.639101796524476740 ) ) ;
#3638 = CARTESIAN_POINT ( 'NONE',  ( 1.622868896852343035, 9.163512269464403559, -0.5929975080879018590 ) ) ;
#3639 = CARTESIAN_POINT ( 'NONE',  ( 2.072488701176218306, 10.78113160600367237, 10.86537870546264273 ) ) ;
#3640 = CARTESIAN_POINT ( 'NONE',  ( 4.635908423193562555, 8.646794823558545673, 8.331411473384987332 ) ) ;
#3641 = EDGE_LOOP ( 'NONE', ( #5089, #1565 ) ) ;
#3642 = DIRECTION ( 'NONE',  ( 1.000000000000000000, -0.000000000000000000, 3.478615742371893810E-15 ) ) ;
#3643 = CARTESIAN_POINT ( 'NONE',  ( -0.007874015748026413214, 9.558814624169587049, 0.4058002874335525645 ) ) ;
#3644 = CARTESIAN_POINT ( 'NONE',  ( 1.103383164798594551, 3.453793570501304533, 57.27484277483330999 ) ) ;
#3645 = CARTESIAN_POINT ( 'NONE',  ( 0.9549328657557032418, 9.151850427219184070, 53.14371572944849476 ) ) ;
#3646 = CARTESIAN_POINT ( 'NONE',  ( 0.3645499674715132477, 9.452602710391881047, -0.1914517033173191718 ) ) ;
#3647 = CARTESIAN_POINT ( 'NONE',  ( 0.7214714382072688892, 10.98864998530028103, 11.28714434728979477 ) ) ;
#3648 = CARTESIAN_POINT ( 'NONE',  ( 3.183965782107240017, 2.176406297950399971, -12.97181056926481268 ) ) ;
#3649 = EDGE_CURVE ( 'NONE', #1497, #2122, #237, .T. ) ;
#3650 = CARTESIAN_POINT ( 'NONE',  ( 0.09829007271972570181, 9.556880325279706767, 0.4061719259277666860 ) ) ;
#3651 = CARTESIAN_POINT ( 'NONE',  ( 1.673694761948674392, 10.77634732741765333, 9.374254041610390331 ) ) ;
#3652 = CARTESIAN_POINT ( 'NONE',  ( 0.08236348561374798316, 10.96111484825960680, 10.86311351617601950 ) ) ;
#3653 = CARTESIAN_POINT ( 'NONE',  ( 4.217516917568830515, 9.392649902430159514, 11.71800612031421807 ) ) ;
#3654 = CARTESIAN_POINT ( 'NONE',  ( 5.892125384226639895, 1.563232255584316333, 38.10299477814134406 ) ) ;
#3655 = CARTESIAN_POINT ( 'NONE',  ( 5.490816685454161572, 4.632085387551294176, 15.73366864874043891 ) ) ;
#3656 = CARTESIAN_POINT ( 'NONE',  ( 0.1018875191224553611, 8.856514322158993480, 54.15686993052911191 ) ) ;
#3657 = CARTESIAN_POINT ( 'NONE',  ( 2.504449049647574199, 10.19464105274987098, 46.38617854445148936 ) ) ;
#3658 = CARTESIAN_POINT ( 'NONE',  ( 0.5091687805328846128, 9.918983904494250936, 51.53132215967576002 ) ) ;
#3659 = CARTESIAN_POINT ( 'NONE',  ( -0.01661190978327002632, 10.74314792587316703, 7.879354213044915234 ) ) ;
#3660 = CARTESIAN_POINT ( 'NONE',  ( 2.445650315863927560, 10.61899287211400633, 10.44130387336470811 ) ) ;
#3661 = CARTESIAN_POINT ( 'NONE',  ( 5.709716755420759071, 5.921865072369492999, 9.402087794055129066 ) ) ;
#3662 = CARTESIAN_POINT ( 'NONE',  ( 5.426369861168073960, 6.971669162091409966, 7.955401604407398963 ) ) ;
#3663 = CARTESIAN_POINT ( 'NONE',  ( 5.272186609906611920, 6.074764220234766476, 9.121943931853284226 ) ) ;
#3664 = CARTESIAN_POINT ( 'NONE',  ( 4.094631744087362968, 7.617709539358672899, 51.17037735762839645 ) ) ;
#3665 = CARTESIAN_POINT ( 'NONE',  ( 1.825956858982337838, 9.177973756856802723, -0.1928664680802633646 ) ) ;
#3666 = CARTESIAN_POINT ( 'NONE',  ( 2.067572046847950151, 10.75506947932082014, 10.44007620075709575 ) ) ;
#3667 = CARTESIAN_POINT ( 'NONE',  ( 4.794935538020872912, 8.451361198230541660, 9.181036092586479569 ) ) ;
#3668 = ORIENTED_EDGE ( 'NONE', *, *, #4700, .T. ) ;
#3669 = DIRECTION ( 'NONE',  ( 1.000000000000000000, -0.000000000000000000, 3.478615742371893810E-15 ) ) ;
#3670 = CARTESIAN_POINT ( 'NONE',  ( 0.01210120152227752571, 9.517662351063805204, 52.96266838298061685 ) ) ;
#3671 = CARTESIAN_POINT ( 'NONE',  ( 3.646237091209333148, 9.759630681009754838, 36.12940915164787015 ) ) ;
#3672 = CARTESIAN_POINT ( 'NONE',  ( 1.086558229990971736, 8.966230958182457300, 53.34598964366833229 ) ) ;
#3673 = CARTESIAN_POINT ( 'NONE',  ( 0.3992650805859935814, 8.307467226462819099, -5.803391791170587233 ) ) ;
#3674 = CARTESIAN_POINT ( 'NONE',  ( 0.7730285217668150244, 10.85288771230016991, 9.373313415353374367 ) ) ;
#3675 = CARTESIAN_POINT ( 'NONE',  ( 0.8159329631684048012, 1.616629443147979295, 57.50000000000003553 ) ) ;
#3676 = CARTESIAN_POINT ( 'NONE',  ( 3.220712372709155336, 6.031820275509925722, -6.993508869262305971 ) ) ;
#3677 = CARTESIAN_POINT ( 'NONE',  ( 0.2758988377325059527, 10.99613841264963376, 34.88690230444104401 ) ) ;
#3678 = CARTESIAN_POINT ( 'NONE',  ( 1.788470833463401855, 10.70553216459762957, 8.735080330466832521 ) ) ;
#3679 = CARTESIAN_POINT ( 'NONE',  ( 5.497070129236960589, 3.960542255022502456, 10.22759239367135820 ) ) ;
#3680 = CARTESIAN_POINT ( 'NONE',  ( 0.1762327665525138254, 10.87168916240956662, 9.586528669132828639 ) ) ;
#3681 = CARTESIAN_POINT ( 'NONE',  ( 4.221750660845891012, 9.206144073114026938, 8.751910407594802876 ) ) ;
#3682 = CARTESIAN_POINT ( 'NONE',  ( 5.880804625293477805, 1.558682690576796537, -3.998486205464149457 ) ) ;
#3683 = CARTESIAN_POINT ( 'NONE',  ( 3.931426954597151635, 3.286273346546676244, -9.945961796485008222 ) ) ;
#3684 = CARTESIAN_POINT ( 'NONE',  ( 0.05499803989233795903, 8.556746660667208459, -4.965460960749200403 ) ) ;
#3685 = CARTESIAN_POINT ( 'NONE',  ( 1.396015674067475620, 6.945877905974597866, -8.659721924120914238 ) ) ;
#3686 = CARTESIAN_POINT ( 'NONE',  ( -0.007874015747917769217, 1.562500000000000000, -14.99999999999999822 ) ) ;
#3687 = CARTESIAN_POINT ( 'NONE',  ( -0.01011328220258693629, 10.77685047685659114, 8.306462711900509888 ) ) ;
#3688 = CARTESIAN_POINT ( 'NONE',  ( 2.674862599858228496, 10.39498041079809987, 8.740649026592167914 ) ) ;
#3689 = CARTESIAN_POINT ( 'NONE',  ( 5.775513778933579978, 5.534661910956527819, 9.825233179812677520 ) ) ;
#3690 = CARTESIAN_POINT ( 'NONE',  ( 5.492126996662989313, 1.562499999999999334, 5.813873045102509352 ) ) ;
#3691 = CARTESIAN_POINT ( 'NONE',  ( 4.610696734325687274, 4.733492805277824012, -5.080583280961120884 ) ) ;
#3692 = VECTOR ( 'NONE', #3793, 39.37007874015748143 ) ;
#3693 = CARTESIAN_POINT ( 'NONE',  ( 4.339102082429374008, 8.822684001080112637, 24.06813729875886310 ) ) ;
#3694 = CARTESIAN_POINT ( 'NONE',  ( 1.377790214618999531, 7.348955509008582965, -7.650189463667476097 ) ) ;
#3695 = CARTESIAN_POINT ( 'NONE',  ( 2.060374988233179661, 10.56656099351694067, 7.883518401438048606 ) ) ;
#3696 = CARTESIAN_POINT ( 'NONE',  ( 5.897776723173514313, 3.472329672900689612, 7.934919256331503412 ) ) ;
#3697 = CARTESIAN_POINT ( 'NONE',  ( 4.674396393117913107, 8.744803002254441182, 10.87459406702535780 ) ) ;
#3698 = ORIENTED_EDGE ( 'NONE', *, *, #2697, .T. ) ;
#3699 = CARTESIAN_POINT ( 'NONE',  ( 0.03791376575419352218, 10.34782582574285215, 7.955401604407353666 ) ) ;
#3700 = ADVANCED_FACE ( 'NONE', ( #3956 ), #4722, .T. ) ;
#3701 = CARTESIAN_POINT ( 'NONE',  ( 4.159791919039567354, 5.954670111350996109, -4.271400284153632931 ) ) ;
#3702 = CARTESIAN_POINT ( 'NONE',  ( -0.007874015748245697874, 11.02787763722878012, 31.92476802535837876 ) ) ;
#3703 = CARTESIAN_POINT ( 'NONE',  ( 2.897581631879954323, 7.739562684021733752, -3.623545005742167202 ) ) ;
#3704 = CARTESIAN_POINT ( 'NONE',  ( 1.501534240952552279, 10.84831267917938113, 31.92478196765426901 ) ) ;
#3705 = CARTESIAN_POINT ( 'NONE',  ( 0.4308590999553512102, 9.936480591911267979, 51.52982099003546068 ) ) ;
#3706 = CARTESIAN_POINT ( 'NONE',  ( 0.9107089936171104405, 10.86579372564589896, 9.586397444241834265 ) ) ;
#3707 = CIRCLE ( 'NONE', #1421, 0.09999999999999947820 ) ;
#3708 = VECTOR ( 'NONE', #4947, 39.37007874015748143 ) ;
#3709 = CARTESIAN_POINT ( 'NONE',  ( -0.007874015748423630195, 1.562500000000000000, 57.50000000000000000 ) ) ;
#3710 = AXIS2_PLACEMENT_3D ( 'NONE', #3949, #4863, #4804 ) ;
#3711 = CARTESIAN_POINT ( 'NONE',  ( 3.295747683553559515, 6.142351136147561341, -6.570312134262222159 ) ) ;
#3712 = CARTESIAN_POINT ( 'NONE',  ( 0.1549363572997227156, 9.408620294931029804, -0.5880115596704521552 ) ) ;
#3713 = CARTESIAN_POINT ( 'NONE',  ( 1.697263151968650075, 10.90111420686118215, 11.28916812030245076 ) ) ;
#3714 = CARTESIAN_POINT ( 'NONE',  ( 0.2325300862208910246, 11.04563658359395184, 12.13537249797939843 ) ) ;
#3715 = CARTESIAN_POINT ( 'NONE',  ( 1.301231866306935547, 10.51483272060529472, 8.255401604407364147 ) ) ;
#3716 = CARTESIAN_POINT ( 'NONE',  ( 5.477203954921529672, 4.712185616068291338, 12.44197535443733393 ) ) ;
#3717 = CARTESIAN_POINT ( 'NONE',  ( 1.590481502697919991, 7.613175085019475929, -6.561499355594077265 ) ) ;
#3718 = CARTESIAN_POINT ( 'NONE',  ( 0.5298089990144848604, 11.06327632428196495, 24.06581602530384245 ) ) ;
#3719 = CARTESIAN_POINT ( 'NONE',  ( -0.01074682248665935480, 10.91687624071699148, 10.22536586895558663 ) ) ;
#3720 = CARTESIAN_POINT ( 'NONE',  ( 2.550940861771051615, 10.45572891037402741, 8.739746417780112964 ) ) ;
#3721 = CARTESIAN_POINT ( 'NONE',  ( 5.758725654315539622, 5.482109287466857772, 7.925836660069486506 ) ) ;
#3722 = CARTESIAN_POINT ( 'NONE',  ( 5.144943463872434286, 1.562500000000017097, 53.94502455639545246 ) ) ;
#3723 = CARTESIAN_POINT ( 'NONE',  ( 5.051374357742120402, 4.904974814991374998, 52.06437938932021581 ) ) ;
#3724 = CARTESIAN_POINT ( 'NONE',  ( 3.682249504017451880, 7.338460462250673721, -2.438521564301014966 ) ) ;
#3725 = CARTESIAN_POINT ( 'NONE',  ( 1.283768023963191673, 7.438801773396801487, 55.05049617989040200 ) ) ;
#3726 = CARTESIAN_POINT ( 'NONE',  ( -0.07658923971980856338, 10.96089558628693794, 10.86327500887818154 ) ) ;
#3727 = CARTESIAN_POINT ( 'NONE',  ( 5.907537522202366276, 3.590158610284148288, 12.99322120639757117 ) ) ;
#3728 = CARTESIAN_POINT ( 'NONE',  ( 5.070069246662695761, 7.994854109784957252, 9.819188830488325692 ) ) ;
#3729 = ORIENTED_EDGE ( 'NONE', *, *, #5419, .F. ) ;
#3730 = CARTESIAN_POINT ( 'NONE',  ( 4.500219688760275893, 8.086582239388906856, 7.955401604407382088 ) ) ;
#3731 = CARTESIAN_POINT ( 'NONE',  ( 5.044663594118785177, 6.858451474282099447, 24.06916897585001891 ) ) ;
#3732 = CARTESIAN_POINT ( 'NONE',  ( -0.003937007874053091369, 10.58914375921253814, 11.28533816007919910 ) ) ;
#3733 = CARTESIAN_POINT ( 'NONE',  ( 0.01651945850799468526, 11.08058058150218628, 24.06547213294013687 ) ) ;
#3734 = CARTESIAN_POINT ( 'NONE',  ( 3.606136237772377129, 9.729142881500333573, 33.64188324203760061 ) ) ;
#3735 = CARTESIAN_POINT ( 'NONE',  ( 1.537521253454203762, 10.74534173019837446, 15.74485652316476170 ) ) ;
#3736 = CARTESIAN_POINT ( 'NONE',  ( 0.4409322548126995422, 11.07220041206259609, 24.06576444144932481 ) ) ;
#3737 = CARTESIAN_POINT ( 'NONE',  ( 0.7608726772266911631, 10.80515416028903353, 8.733772168501991118 ) ) ;
#3738 = CARTESIAN_POINT ( 'NONE',  ( 5.861808116151547843, 4.942512471706725918, 12.95146459653339122 ) ) ;
#3739 = CARTESIAN_POINT ( 'NONE',  ( 5.888984257293090607, 4.223614716136371960, 10.27670207567588712 ) ) ;
#3740 = CARTESIAN_POINT ( 'NONE',  ( 5.492715605832008130, 2.163090550662183809, 50.65414469670100317 ) ) ;
#3741 = CARTESIAN_POINT ( 'NONE',  ( 4.717519821340284913, 8.140454281325858688, 34.88771171083479317 ) ) ;
#3742 = CARTESIAN_POINT ( 'NONE',  ( 0.2468020006472546879, 10.96195135601270820, 18.26481553766411992 ) ) ;
#3743 = CARTESIAN_POINT ( 'NONE',  ( 1.588429313132028176, 10.70783561034237685, 8.307710261179991562 ) ) ;
#3744 = CARTESIAN_POINT ( 'NONE',  ( 0.1979987655157843807, 10.96157693660729571, 10.86291407964862721 ) ) ;
#3745 = CARTESIAN_POINT ( 'NONE',  ( 5.772410083524464497, 5.411752213004561440, 8.144663865499678579 ) ) ;
#3746 = CARTESIAN_POINT ( 'NONE',  ( 5.132125606190543365, 4.048428228745335922, -3.132628052888921655 ) ) ;
#3747 = CARTESIAN_POINT ( 'NONE',  ( 1.533559960694903745, 7.252935911842329553, 55.03854624838246679 ) ) ;
#3748 = CARTESIAN_POINT ( 'NONE',  ( 0.6851520397696018172, 10.85133987103323605, 15.74605522399591351 ) ) ;
#3749 = CARTESIAN_POINT ( 'NONE',  ( -0.005917967789880908616, 10.98930919475034962, 11.28781025492624401 ) ) ;
#3750 = CARTESIAN_POINT ( 'NONE',  ( 2.599681862752318384, 10.69159630506222669, 12.98552839175739138 ) ) ;
#3751 = CARTESIAN_POINT ( 'NONE',  ( 5.767623124304985360, 5.505733476104361479, 8.769510478671616482 ) ) ;
#3752 = CARTESIAN_POINT ( 'NONE',  ( 4.123523579301177300, 1.562499999999998890, 55.98004279788074200 ) ) ;
#3753 = CARTESIAN_POINT ( 'NONE',  ( 5.042636897682850616, 5.311257279135762843, 51.64691222197890852 ) ) ;
#3754 = CARTESIAN_POINT ( 'NONE',  ( 2.461543857926781875, 5.363961346923044715, -9.987531306147463539 ) ) ;
#3755 = CARTESIAN_POINT ( 'NONE',  ( 1.907199743713770212, 9.775624443516887752, 49.94232833818897888 ) ) ;
#3756 = EDGE_CURVE ( 'NONE', #2715, #4144, #3019, .T. ) ;
#3757 = CARTESIAN_POINT ( 'NONE',  ( 5.892125857824932034, 1.562158435612438501, 12.95146459640288406 ) ) ;
#3758 = CARTESIAN_POINT ( 'NONE',  ( 5.903235247418722409, 2.801109360766000922, 9.829488358922942481 ) ) ;
#3759 = CARTESIAN_POINT ( 'NONE',  ( 5.353342834687103924, 7.192231058428967039, 7.917026279099774300 ) ) ;
#3760 = ORIENTED_EDGE ( 'NONE', *, *, #1899, .F. ) ;
#3761 = CARTESIAN_POINT ( 'NONE',  ( 3.995407432588786723, 8.799580683068310094, 7.955401604407380312 ) ) ;
#3762 = CARTESIAN_POINT ( 'NONE',  ( 4.450495310988852538, 5.881130857922618915, -3.086548621962340366 ) ) ;
#3763 = FACE_OUTER_BOUND ( 'NONE', #102, .T. ) ;
#3764 = CARTESIAN_POINT ( 'NONE',  ( 0.01624803194383864918, 10.00703137041067237, 4.074317132372498484 ) ) ;
#3765 = CARTESIAN_POINT ( 'NONE',  ( 3.436519083074222713, 9.020533639921128000, 4.104128055414713039 ) ) ;
#3766 = CARTESIAN_POINT ( 'NONE',  ( 0.9951084367035015754, 8.578735279165325522, -4.174232697229815159 ) ) ;
#3767 = CARTESIAN_POINT ( 'NONE',  ( 0.7689765735867737373, 10.83697652829645897, 9.160132999736248394 ) ) ;
#3768 = ORIENTED_EDGE ( 'NONE', *, *, #5491, .F. ) ;
#3769 = CARTESIAN_POINT ( 'NONE',  ( 3.961198154809217442, 9.737130999275757759, 12.95146459653337878 ) ) ;
#3770 = PLANE ( 'NONE',  #100 ) ;
#3771 = CARTESIAN_POINT ( 'NONE',  ( 5.499411609618436891, 2.129643964781353649, 37.29426749735953450 ) ) ;
#3772 = CARTESIAN_POINT ( 'NONE',  ( 0.9294634922848873382, 2.949922599521145550, -14.99999999999999112 ) ) ;
#3773 = CARTESIAN_POINT ( 'NONE',  ( 0.1475071425246709811, 6.165746102140820639, 56.44854692671295737 ) ) ;
#3774 = CARTESIAN_POINT ( 'NONE',  ( 1.814928143268901728, 10.82219625872925661, 10.43926859161551945 ) ) ;
#3775 = CARTESIAN_POINT ( 'NONE',  ( 0.1946645839140077050, 11.04536978969106187, 12.13544601288756830 ) ) ;
#3776 = CARTESIAN_POINT ( 'NONE',  ( 5.892320253699000254, 1.743684106072003637, 12.34180797188386336 ) ) ;
#3777 = CARTESIAN_POINT ( 'NONE',  ( 5.479122266171406963, 3.967329128220546952, 49.93885443171595995 ) ) ;
#3778 = CARTESIAN_POINT ( 'NONE',  ( 2.704029432370095076, 10.38807854833772382, 33.64199711006650517 ) ) ;
#3779 = CARTESIAN_POINT ( 'NONE',  ( 0.5711838796386641270, 11.03957855126298071, 28.18496431319903905 ) ) ;
#3780 = CARTESIAN_POINT ( 'NONE',  ( -0.008036259831206241447, 10.84058497026650869, 9.160166556775017455 ) ) ;
#3781 = CARTESIAN_POINT ( 'NONE',  ( 2.934580853068576189, 10.34583550941435881, 10.01815629955535059 ) ) ;
#3782 = CARTESIAN_POINT ( 'NONE',  ( 5.831752602769445737, 5.193138035577423040, 11.30400945958388981 ) ) ;
#3783 = CARTESIAN_POINT ( 'NONE',  ( 5.491991005262093495, 1.562500000000003109, 46.23752299100240748 ) ) ;
#3784 = CARTESIAN_POINT ( 'NONE',  ( 5.316705824824671467, 5.839786126392272791, 20.75045266211337847 ) ) ;
#3785 = CARTESIAN_POINT ( 'NONE',  ( 1.782364636965325211, 8.999954503226062386, -1.189617151347033719 ) ) ;
#3786 = LINE ( 'NONE', #2000, #19 ) ;
#3787 = CARTESIAN_POINT ( 'NONE',  ( 5.901405026714032331, 2.757456072670209313, 12.57069860447910692 ) ) ;
#3788 = CARTESIAN_POINT ( 'NONE',  ( 5.300320885640528168, 7.515740041069383537, 10.87962294316568190 ) ) ;
#3789 = EDGE_CURVE ( 'NONE', #161, #3278, #3572, .T. ) ;
#3790 = ORIENTED_EDGE ( 'NONE', *, *, #440, .F. ) ;
#3791 = DIRECTION ( 'NONE',  ( -1.000000000000000000, 0.000000000000000000, -3.478615742371893810E-15 ) ) ;
#3792 = CARTESIAN_POINT ( 'NONE',  ( 0.5412691852670887815, 1.912941549481963044, 57.49999999999997868 ) ) ;
#3793 = DIRECTION ( 'NONE',  ( 6.957231484743788408E-15, -0.000000000000000000, -1.000000000000000000 ) ) ;
#3794 = CARTESIAN_POINT ( 'NONE',  ( 0.009705523608256863902, 9.002309112509667699, -2.948950321278811515 ) ) ;
#3795 = CARTESIAN_POINT ( 'NONE',  ( 3.508241081830183461, 8.535521221465890207, 50.61529230721627926 ) ) ;
#3796 = CARTESIAN_POINT ( 'NONE',  ( 1.028679505810382588, 9.085798191584778749, -1.780004796784142362 ) ) ;
#3797 = CARTESIAN_POINT ( 'NONE',  ( 1.444668410272180736, 11.01729939428302529, 12.56081979776409341 ) ) ;
#3798 = CARTESIAN_POINT ( 'NONE',  ( 4.264487798286126896, 9.339029119736746765, 11.71825428866982577 ) ) ;
#3799 = ORIENTED_EDGE ( 'NONE', *, *, #3035, .F. ) ;
#3800 = CARTESIAN_POINT ( 'NONE',  ( 5.702077620309242256, 6.139657782320639967, 12.95146459653339832 ) ) ;
#3801 = CARTESIAN_POINT ( 'NONE',  ( 4.112477163345694464, 1.562499999999996891, 56.14628101717750042 ) ) ;
#3802 = CARTESIAN_POINT ( 'NONE',  ( 4.945968277178601546, 8.134413421362612695, 46.33070844279187384 ) ) ;
#3803 = CARTESIAN_POINT ( 'NONE',  ( 0.3930747850395397980, 10.85946075127472810, 15.74645479093964795 ) ) ;
#3804 = CARTESIAN_POINT ( 'NONE',  ( 1.989450294576868172, 10.90057613638614242, 12.56228245088373008 ) ) ;
#3805 = CARTESIAN_POINT ( 'NONE',  ( 0.2108136795759241455, 10.84045968851728681, 9.160134845428880013 ) ) ;
#3806 = CARTESIAN_POINT ( 'NONE',  ( 1.945005697361222197, 4.037300506263788336, -13.01873673527154196 ) ) ;
#3807 = CARTESIAN_POINT ( 'NONE',  ( 5.368041206868662485, 1.565193089120409775, -8.241165834250534061 ) ) ;
#3808 = CARTESIAN_POINT ( 'NONE',  ( 0.7469337898930246133, 1.714410438529923919, 57.50000000000003553 ) ) ;
#3809 = CARTESIAN_POINT ( 'NONE',  ( 2.791269939113552478, 10.41968909528445231, 39.78250844033115641 ) ) ;
#3810 = CARTESIAN_POINT ( 'NONE',  ( 0.5423268249868972157, 9.065705977690074135, -2.368573081503365874 ) ) ;
#3811 = CARTESIAN_POINT ( 'NONE',  ( 0.003984267397364446572, 10.80924735702645734, 8.733582853329766138 ) ) ;
#3812 = CARTESIAN_POINT ( 'NONE',  ( 2.916564408295975408, 10.23848335482347771, 8.316673395926056145 ) ) ;
#3813 = CARTESIAN_POINT ( 'NONE',  ( 5.797773941860723923, 5.434739690023758563, 10.88149497973850721 ) ) ;
#3814 = CARTESIAN_POINT ( 'NONE',  ( 5.492125982298243336, 1.562500000000000666, 20.71136690381796086 ) ) ;
#3815 = CARTESIAN_POINT ( 'NONE',  ( 4.282950435771644138, 4.435829685624286256, -6.993583435822302796 ) ) ;
#3816 = DIRECTION ( 'NONE',  ( 6.957231484743788408E-15, -0.000000000000000000, -1.000000000000000000 ) ) ;
#3817 = CARTESIAN_POINT ( 'NONE',  ( 5.900546545704114187, 2.574070622069249303, 10.25081051143930466 ) ) ;
#3818 = CARTESIAN_POINT ( 'NONE',  ( 5.313104095205849475, 7.532754624882794126, 12.14902720858558638 ) ) ;
#3819 = EDGE_LOOP ( 'NONE', ( #484, #5416 ) ) ;
#3820 = FACE_OUTER_BOUND ( 'NONE', #1878, .T. ) ;
#3821 = CARTESIAN_POINT ( 'NONE',  ( 4.587109227289380087, 6.219877215376975244, 52.03884499636023264 ) ) ;
#3822 = DIRECTION ( 'NONE',  ( 0.04149145669668412306, -0.9991388587284487643, 0.000000000000000000 ) ) ;
#3823 = CARTESIAN_POINT ( 'NONE',  ( 0.01500472171673403882, 8.002448640152685755, -6.993360623839418366 ) ) ;
#3824 = CARTESIAN_POINT ( 'NONE',  ( 3.773609711936154909, 9.049906663132377460, 7.844452936452064762 ) ) ;
#3825 = CARTESIAN_POINT ( 'NONE',  ( 1.277945126576008672, 9.080916836365810596, 52.96420509787233755 ) ) ;
#3826 = CARTESIAN_POINT ( 'NONE',  ( 1.444629625447026777, 10.96862036210319147, 11.71275717406924421 ) ) ;
#3827 = CARTESIAN_POINT ( 'NONE',  ( 4.176973301842351383, 9.463805160500577074, 12.14093444419559731 ) ) ;
#3828 = CARTESIAN_POINT ( 'NONE',  ( 3.336648413329129870, 10.25726509763043737, 12.95146459653336102 ) ) ;
#3829 = CARTESIAN_POINT ( 'NONE',  ( 5.890479651150125839, 4.189490714565413221, 10.31560573673685610 ) ) ;
#3830 = CARTESIAN_POINT ( 'NONE',  ( 5.492239464059509579, 1.981337500103512284, 28.18736986212245554 ) ) ;
#3831 = CARTESIAN_POINT ( 'NONE',  ( 1.756250053142203393, 7.094968351796182127, -7.647718687599612153 ) ) ;
#3832 = CARTESIAN_POINT ( 'NONE',  ( 0.1974028375138122127, 7.791722667259318946, -7.657231175460924355 ) ) ;
#3833 = CARTESIAN_POINT ( 'NONE',  ( 1.886384273629524211, 10.85914990802019986, 11.28967802177913171 ) ) ;
#3834 = CARTESIAN_POINT ( 'NONE',  ( 0.2535347301246609342, 10.91735363630973232, 10.22507548149091683 ) ) ;
#3835 = CARTESIAN_POINT ( 'NONE',  ( 3.646325152621427090, 5.973063693623019255, 54.01346048492094098 ) ) ;
#3836 = EDGE_CURVE ( 'NONE', #1265, #1319, #37, .T. ) ;
#3837 = CARTESIAN_POINT ( 'NONE',  ( 5.891839707483874200, 4.117545510426663391, 10.07773656963715858 ) ) ;
#3838 = CARTESIAN_POINT ( 'NONE',  ( -0.007874015748423630195, 1.562500000000000000, 57.50000000000000000 ) ) ;
#3839 = CARTESIAN_POINT ( 'NONE',  ( 1.672025184069592552, 7.404133327122240260, -6.993428976519425966 ) ) ;
#3840 = CARTESIAN_POINT ( 'NONE',  ( 0.5458647087763410788, 8.948840065575323521, -2.964310131587669872 ) ) ;
#3841 = CARTESIAN_POINT ( 'NONE',  ( 0.01393844490451815778, 10.90196014027191218, 10.01257411645016582 ) ) ;
#3842 = EDGE_CURVE ( 'NONE', #2547, #3881, #964, .T. ) ;
#3843 = CARTESIAN_POINT ( 'NONE',  ( 3.284243550677430346, 10.07476580613083428, 9.170061490251370628 ) ) ;
#3844 = CARTESIAN_POINT ( 'NONE',  ( 5.895145181503132825, 3.770428285379533229, 8.774733164259854945 ) ) ;
#3845 = CARTESIAN_POINT ( 'NONE',  ( 3.595364562235215278, 1.590015479283016342, 56.97642045613234529 ) ) ;
#3846 = CARTESIAN_POINT ( 'NONE',  ( 5.704337924992420206, 4.966158506208532053, 42.56630949259795926 ) ) ;
#3847 = CARTESIAN_POINT ( 'NONE',  ( -0.06994573379315136008, 10.77690001588003454, 8.306378741193409354 ) ) ;
#3848 = CARTESIAN_POINT ( 'NONE',  ( 5.892264950283478520, 1.830433696825884526, 10.88231488759063481 ) ) ;
#3849 = CARTESIAN_POINT ( 'NONE',  ( 5.400491379685584015, 7.267631353319954357, 11.72649767893969752 ) ) ;
#3850 = ORIENTED_EDGE ( 'NONE', *, *, #2771, .T. ) ;
#3851 = CARTESIAN_POINT ( 'NONE',  ( 1.829733022543853282, 10.22028442821599903, 7.955401604407367877 ) ) ;
#3852 = CARTESIAN_POINT ( 'NONE',  ( 3.749745221850768750, 4.767516182548790837, 54.88917210453394802 ) ) ;
#3853 = CARTESIAN_POINT ( 'NONE',  ( 0.2528797412664517963, 10.69543912633399074, 12.95146459653335036 ) ) ;
#3854 = CARTESIAN_POINT ( 'NONE',  ( 0.03267464599318958135, 10.66668632446439169, 12.45401302978097924 ) ) ;
#3855 = CARTESIAN_POINT ( 'NONE',  ( 3.125787459944788349, 7.534023489550815356, -3.631335438859540243 ) ) ;
#3856 = CARTESIAN_POINT ( 'NONE',  ( 1.206367912179342028, 7.821151582195508212, -6.559846959593801152 ) ) ;
#3857 = CARTESIAN_POINT ( 'NONE',  ( 1.044270332640987675, 10.87615898853470320, 9.799360733303982940 ) ) ;
#3858 = CARTESIAN_POINT ( 'NONE',  ( 4.215791280043183598, 9.184354932794269288, 8.327367562632808529 ) ) ;
#3859 = CARTESIAN_POINT ( 'NONE',  ( 5.393226945115166870, 7.314267704060894992, 12.95146459653340010 ) ) ;
#3860 = DIRECTION ( 'NONE',  ( -6.957231484743787620E-15, -0.000000000000000000, 1.000000000000000000 ) ) ;
#3861 = CARTESIAN_POINT ( 'NONE',  ( 5.493090999100382454, 1.764617376215954492, -1.260709341633718061 ) ) ;
#3862 = CARTESIAN_POINT ( 'NONE',  ( 0.5061313953834807311, 3.397295561394463093, -14.99999999999999645 ) ) ;
#3863 = CARTESIAN_POINT ( 'NONE',  ( 0.1612180100305638519, 9.110450148098477641, -2.360029755360141479 ) ) ;
#3864 = CARTESIAN_POINT ( 'NONE',  ( 2.023125967715663442, 10.91077430445902685, 12.98566109348662678 ) ) ;
#3865 = APPLICATION_PROTOCOL_DEFINITION ( 'draft international standard', 'automotive_design', 1998, #3618 ) ;
#3866 = CARTESIAN_POINT ( 'NONE',  ( 0.2513051151113062098, 11.04574479967613954, 12.13534150612860252 ) ) ;
#3867 = AXIS2_PLACEMENT_3D ( 'NONE', #1480, #3295, #4248 ) ;
#3868 = CARTESIAN_POINT ( 'NONE',  ( 4.699724412929928263, 7.971837577614217629, 12.44650521136108878 ) ) ;
#3869 = CARTESIAN_POINT ( 'NONE',  ( 5.896724328272566318, 3.976278871401988102, 10.21022914903229228 ) ) ;
#3870 = CARTESIAN_POINT ( 'NONE',  ( 5.383069049824907637, 3.404411286268348658, -0.6180250138696345985 ) ) ;
#3871 = CARTESIAN_POINT ( 'NONE',  ( 2.454500734157113229, 10.44237961100611045, 15.74352463335233487 ) ) ;
#3872 = CARTESIAN_POINT ( 'NONE',  ( 0.6582108447364354298, 9.282341867772640143, 53.14511742824358720 ) ) ;
#3873 = CARTESIAN_POINT ( 'NONE',  ( 0.07705979381082904422, 11.09615356982819101, 12.98221455332529750 ) ) ;
#3874 = CARTESIAN_POINT ( 'NONE',  ( 3.744238210678163092, 9.788341097804362789, 10.44545748415456288 ) ) ;
#3875 = CARTESIAN_POINT ( 'NONE',  ( 5.860875812001815177, 4.566560263209185955, 8.772290916476570999 ) ) ;
#3876 = CARTESIAN_POINT ( 'NONE',  ( 5.487623636322246590, 1.562500000000000888, -3.594645454257477279 ) ) ;
#3877 = CARTESIAN_POINT ( 'NONE',  ( 5.134079357774203878, 4.913094743621248206, -0.1987023727274321028 ) ) ;
#3878 = CARTESIAN_POINT ( 'NONE',  ( -0.05276979222451960022, 10.80928081562050558, 8.733532868865676591 ) ) ;
#3879 = CARTESIAN_POINT ( 'NONE',  ( 5.892413848004656174, 1.899966716506697351, 12.99109671270220012 ) ) ;
#3880 = CARTESIAN_POINT ( 'NONE',  ( 5.620985710775896038, 6.484941880000081760, 11.72718623511337199 ) ) ;
#3881 = VERTEX_POINT ( 'NONE', #1159 ) ;
#3882 = CARTESIAN_POINT ( 'NONE',  ( 5.392789365290475700, 5.246094576588319569, 8.334215681903494044 ) ) ;
#3883 = CARTESIAN_POINT ( 'NONE',  ( 5.302031303922042582, 6.662506465589157045, 37.30244084070419319 ) ) ;
#3884 = CARTESIAN_POINT ( 'NONE',  ( 5.506604604656475388, 3.751626179021859464, 12.95146459653338411 ) ) ;
#3885 = CARTESIAN_POINT ( 'NONE',  ( 3.513308814794406487, 8.316862529128327353, 0.4139763343062785039 ) ) ;
#3886 = CARTESIAN_POINT ( 'NONE',  ( 0.6214917651300332357, 5.312030324703417961, -13.05844349112336289 ) ) ;
#3887 = CARTESIAN_POINT ( 'NONE',  ( 1.047525792174132775, 10.89138359443253101, 10.01228325344568937 ) ) ;
#3888 = CARTESIAN_POINT ( 'NONE',  ( 4.456351366931767366, 9.148799514320806736, 12.56534292480584369 ) ) ;
#3889 = CARTESIAN_POINT ( 'NONE',  ( 5.497019144554175618, 3.959680227302813549, 10.21022914903228695 ) ) ;
#3890 = CARTESIAN_POINT ( 'NONE',  ( 5.493600200281690604, 4.057923286237365090, 10.08192834119491010 ) ) ;
#3891 = CARTESIAN_POINT ( 'NONE',  ( 5.492437215361370306, 1.878329187493970487, 12.43828435990687353 ) ) ;
#3892 = CARTESIAN_POINT ( 'NONE',  ( 2.974669556341649201, 10.16531803870706163, 15.74272549946493172 ) ) ;
#3893 = CARTESIAN_POINT ( 'NONE',  ( 0.3610918950622265533, 11.00318277205468398, 33.64224494048291803 ) ) ;
#3894 = CARTESIAN_POINT ( 'NONE',  ( 0.3259050276886591435, 11.04610991058615710, 12.13523168385189344 ) ) ;
#3895 = CARTESIAN_POINT ( 'NONE',  ( 4.543951094533439594, 7.630923689118059627, 4.119158772915004540 ) ) ;
#3896 = CYLINDRICAL_SURFACE ( 'NONE', #3994, 0.09999999999999947820 ) ;
#3897 = CARTESIAN_POINT ( 'NONE',  ( 5.440572794247220401, 3.992094278004329588, 4.149220207915522707 ) ) ;
#3898 = CARTESIAN_POINT ( 'NONE',  ( 0.8036632096900419020, 3.674940897412631635, 57.28268591907198726 ) ) ;
#3899 = CARTESIAN_POINT ( 'NONE',  ( 0.5497630321542505971, 9.433699715461635549, -0.1916580231785821598 ) ) ;
#3900 = CARTESIAN_POINT ( 'NONE',  ( 0.04186703195769699709, 11.04417523828854186, 12.13579659538332400 ) ) ;
#3901 = CARTESIAN_POINT ( 'NONE',  ( 3.047197537954510427, 10.23421933484243240, 9.381239498122228682 ) ) ;
#3902 = CARTESIAN_POINT ( 'NONE',  ( 5.898059308454863370, 3.815694715908280354, 9.617164317989228550 ) ) ;
#3903 = CARTESIAN_POINT ( 'NONE',  ( 0.8329535618369997563, 1.562500000000000000, -14.86906550593322507 ) ) ;
#3904 = CARTESIAN_POINT ( 'NONE',  ( -0.007874015748423630195, 1.562500000000000000, 57.50000000000000000 ) ) ;
#3905 = CIRCLE ( 'NONE', #5227, 0.1000000000000005745 ) ;
#3906 = CARTESIAN_POINT ( 'NONE',  ( -0.02603569463230807207, 10.96090989370817859, 10.86324296545069501 ) ) ;
#3907 = CARTESIAN_POINT ( 'NONE',  ( 5.898284870128517987, 2.440623272960394274, 12.14835566089559116 ) ) ;
#3908 = CARTESIAN_POINT ( 'NONE',  ( 5.515981238064262548, 6.678558618164842642, 7.919912716563250576 ) ) ;
#3909 = CARTESIAN_POINT ( 'NONE',  ( 5.896761626065880613, 3.976280420275563721, 10.21898396065291159 ) ) ;
#3910 = CARTESIAN_POINT ( 'NONE',  ( 0.2217734760494394497, 10.74840984823548062, 7.955401604407351890 ) ) ;
#3911 = CARTESIAN_POINT ( 'NONE',  ( 4.808785090403048024, 5.883671908887352586, -0.6094218087571582343 ) ) ;
#3912 = CARTESIAN_POINT ( 'NONE',  ( 5.506992804558438870, 3.622801949828066359, 12.95146459653338056 ) ) ;
#3913 = PRODUCT_DEFINITION ( 'UNKNOWN', '', #886, #3180 ) ;
#3914 = CARTESIAN_POINT ( 'NONE',  ( 2.356829253503101462, 6.616255091621529694, -7.643518368284200726 ) ) ;
#3915 = CARTESIAN_POINT ( 'NONE',  ( 1.421471713377981061, 9.590402547870686689, 51.54783502571910958 ) ) ;
#3916 = CARTESIAN_POINT ( 'NONE',  ( 1.445499548212543228, 10.99371554699056119, 12.13704903134991575 ) ) ;
#3917 = CARTESIAN_POINT ( 'NONE',  ( 4.575983652641431476, 8.811327254613477322, 9.603005607179701641 ) ) ;
#3918 = ORIENTED_EDGE ( 'NONE', *, *, #4191, .F. ) ;
#3919 = LINE ( 'NONE', #4553, #1163 ) ;
#3920 = AXIS2_PLACEMENT_3D ( 'NONE', #989, #3791, #5564 ) ;
#3921 = CARTESIAN_POINT ( 'NONE',  ( 5.490215727647245636, 4.158504993485797385, 10.09526115201778929 ) ) ;
#3922 = CARTESIAN_POINT ( 'NONE',  ( 3.329562660213160719, 1.661760360836310735, -12.95977821900669547 ) ) ;
#3923 = CARTESIAN_POINT ( 'NONE',  ( 2.835331033775061460, 9.440015432319196265, 4.098115768414606563 ) ) ;
#3924 = CARTESIAN_POINT ( 'NONE',  ( 0.3215680115678711259, 9.769502601704322942, 2.017849171901698213 ) ) ;
#3925 = CARTESIAN_POINT ( 'NONE',  ( 0.3277820127843732445, 10.91749223393123458, 10.22500763392152834 ) ) ;
#3926 = CARTESIAN_POINT ( 'NONE',  ( 4.908308764716097450, 7.079342503833580658, 6.193793116008524002 ) ) ;
#3927 = CARTESIAN_POINT ( 'NONE',  ( 5.894810452108970367, 4.028066450004532228, 10.10476731740026679 ) ) ;
#3928 = CARTESIAN_POINT ( 'NONE',  ( 5.350960003246023611, 3.898502005457005204, 0.4243822121442735185 ) ) ;
#3929 = CARTESIAN_POINT ( 'NONE',  ( 0.8564951765115359494, 9.228011943569216058, -1.182737261964453834 ) ) ;
#3930 = CARTESIAN_POINT ( 'NONE',  ( 0.7749274844497192616, 10.96937482606187508, 33.64220140270706594 ) ) ;
#3931 = CARTESIAN_POINT ( 'NONE',  ( 0.02154130203074247282, 11.09567127876118953, 12.98234879220027516 ) ) ;
#3932 = CARTESIAN_POINT ( 'NONE',  ( 3.505096620119853679, 9.855478813133546012, 8.321460074432593501 ) ) ;
#3933 = CARTESIAN_POINT ( 'NONE',  ( 5.871026213108951453, 4.688868767357753597, 11.30409177707565149 ) ) ;
#3934 = CARTESIAN_POINT ( 'NONE',  ( 0.2819409934957488595, 1.565395677356352877, 57.89614357974191705 ) ) ;
#3935 = CARTESIAN_POINT ( 'NONE',  ( 5.423728849650331973, 5.375359251069660615, 36.12815858435459404 ) ) ;
#3936 = AXIS2_PLACEMENT_3D ( 'NONE', #4592, #524, #1387 ) ;
#3937 = CARTESIAN_POINT ( 'NONE',  ( -0.03481495512164437672, 10.85625697723173388, 9.373456073573921188 ) ) ;
#3938 = CARTESIAN_POINT ( 'NONE',  ( 5.895205079901579381, 2.186133686649782693, 12.56985462831878309 ) ) ;
#3939 = CARTESIAN_POINT ( 'NONE',  ( 5.563205021308404774, 6.754844364877150120, 12.99522019974943454 ) ) ;
#3940 = ORIENTED_EDGE ( 'NONE', *, *, #3593, .T. ) ;
#3941 = CARTESIAN_POINT ( 'NONE',  ( 5.455370156262367765, 4.663261523123131802, 9.001115598710915933 ) ) ;
#3942 = CARTESIAN_POINT ( 'NONE',  ( 3.518946763947985890, 4.808521367705093752, -8.624373133955597126 ) ) ;
#3943 = CARTESIAN_POINT ( 'NONE',  ( 4.891447531239133006, 7.530364200960365295, 12.95146459653338233 ) ) ;
#3944 = CARTESIAN_POINT ( 'NONE',  ( 4.144904950414054490, 9.166383519803840585, 20.74995115312978200 ) ) ;
#3945 = CARTESIAN_POINT ( 'NONE',  ( 1.394090053057759793, 8.995857155578422137, -1.784418692957557395 ) ) ;
#3946 = CARTESIAN_POINT ( 'NONE',  ( 1.524647854145284809, 10.71689651814131850, 8.307563942584883065 ) ) ;
#3947 = CARTESIAN_POINT ( 'NONE',  ( 4.601078341535930427, 8.874435848565180862, 11.29738857610426273 ) ) ;
#3948 = EDGE_LOOP ( 'NONE', ( #1209, #1809 ) ) ;
#3949 = CARTESIAN_POINT ( 'NONE',  ( 5.079167021931663584, 7.352715131837944007, 7.955401604407390970 ) ) ;
#3950 = CARTESIAN_POINT ( 'NONE',  ( 5.488917974776604147, 4.197393911589533566, 10.12939108214456851 ) ) ;
#3951 = CARTESIAN_POINT ( 'NONE',  ( 5.490920360999989036, 1.562500000000002887, 50.65823442190989567 ) ) ;
#3952 = CARTESIAN_POINT ( 'NONE',  ( 2.496953781672254902, 7.971068523863261035, 53.32978325504711137 ) ) ;
#3953 = CARTESIAN_POINT ( 'NONE',  ( 0.3323943948047521357, 7.975135892709824148, -6.993373051599422574 ) ) ;
#3954 = CARTESIAN_POINT ( 'NONE',  ( 0.2914150601706331778, 10.93225831182882324, 10.43761873007128749 ) ) ;
#3955 = CARTESIAN_POINT ( 'NONE',  ( 3.432037657033768063, 5.452975690480950099, -7.634623574439862281 ) ) ;
#3956 = FACE_OUTER_BOUND ( 'NONE', #3250, .T. ) ;
#3957 = CARTESIAN_POINT ( 'NONE',  ( 5.569955254066403683, 2.822263901781994377, 46.24587181672470848 ) ) ;
#3958 = CARTESIAN_POINT ( 'NONE',  ( 0.6922747523752403875, 9.416227988474824784, -0.1918053945080554767 ) ) ;
#3959 = CARTESIAN_POINT ( 'NONE',  ( 0.02219771969783422214, 11.07043768293540253, 12.55930298766906361 ) ) ;
#3960 = CARTESIAN_POINT ( 'NONE',  ( 3.087795003195624943, 10.40184811328968451, 12.56204226476323704 ) ) ;
#3961 = CARTESIAN_POINT ( 'NONE',  ( 5.899746950287562797, 3.855451869613504279, 10.24959717310675344 ) ) ;
#3962 = CARTESIAN_POINT ( 'NONE',  ( 0.3528276822606437602, 1.566099717104010969, 57.89384018650414987 ) ) ;
#3963 = CARTESIAN_POINT ( 'NONE',  ( 4.985005500118411703, 4.734197476593538845, -2.496189015767789510 ) ) ;
#3964 = CARTESIAN_POINT ( 'NONE',  ( -0.02917174669634401904, 10.80926715001643856, 8.733553804852844493 ) ) ;
#3965 = CARTESIAN_POINT ( 'NONE',  ( 5.892125857887494433, 1.562158989429922151, 12.99077166356325641 ) ) ;
#3966 = CARTESIAN_POINT ( 'NONE',  ( 5.561500169410158456, 6.752933329054898515, 12.57274677888395154 ) ) ;
#3967 = ORIENTED_EDGE ( 'NONE', *, *, #4639, .T. ) ;
#3968 = DIRECTION ( 'NONE',  ( -6.957231484743788408E-15, 0.000000000000000000, 1.000000000000000000 ) ) ;
#3969 = CARTESIAN_POINT ( 'NONE',  ( 5.008513993924279539, 6.153576374448443964, 50.63165120805181374 ) ) ;
#3970 = CARTESIAN_POINT ( 'NONE',  ( 1.676538127501681519, 10.99583379884372825, 12.95146459653337345 ) ) ;
#3971 = CARTESIAN_POINT ( 'NONE',  ( 3.265330136621013235, 7.173341795567334422, -4.235412288996656116 ) ) ;
#3972 = CARTESIAN_POINT ( 'NONE',  ( -0.007874015747917769217, 1.562500000000000000, -14.99999999999999822 ) ) ;
#3973 = CARTESIAN_POINT ( 'NONE',  ( 1.957421682650407169, 10.90946007760218173, 12.56222578935673617 ) ) ;
#3974 = CARTESIAN_POINT ( 'NONE',  ( 4.373719768282750664, 9.275218685971561072, 12.98739828829086740 ) ) ;
#3975 = VERTEX_POINT ( 'NONE', #266 ) ;
#3976 = DIRECTION ( 'NONE',  ( 1.000000000000000000, 0.000000000000000000, 6.957231484743787620E-15 ) ) ;
#3977 = CARTESIAN_POINT ( 'NONE',  ( -0.007874015748400403983, 8.862651372561950680, 54.16149604167774356 ) ) ;
#3978 = CARTESIAN_POINT ( 'NONE',  ( 5.492125984216575496, 1.562500000000002887, 36.12711644494353180 ) ) ;
#3979 = CARTESIAN_POINT ( 'NONE',  ( 1.615006100726352534, 5.231676335472388750, 56.37054282102639036 ) ) ;
#3980 = CARTESIAN_POINT ( 'NONE',  ( 0.2260517018485554697, 5.510513908663378757, -13.06837018008632789 ) ) ;
#3981 = CARTESIAN_POINT ( 'NONE',  ( 0.5588504145700594616, 10.80786768731088188, 8.733736051053083926 ) ) ;
#3982 = CARTESIAN_POINT ( 'NONE',  ( 4.944407085875586638, 7.148104089877374889, 7.850450754839456202 ) ) ;
#3983 = VECTOR ( 'NONE', #5213, 39.37007874015748143 ) ;
#3984 = LINE ( 'NONE', #1913, #673 ) ;
#3985 = CARTESIAN_POINT ( 'NONE',  ( 5.419792770169572727, 2.800692726482784778, -2.534633983412302172 ) ) ;
#3986 = CARTESIAN_POINT ( 'NONE',  ( 0.6802151559622199306, 8.245388674676629392, -5.806544823789367094 ) ) ;
#3987 = CARTESIAN_POINT ( 'NONE',  ( 0.1014271003521496906, 10.90204257881865146, 10.01249399013858898 ) ) ;
#3988 = CARTESIAN_POINT ( 'NONE',  ( 3.835494311873040907, 9.628376744556936373, 9.173445522633766558 ) ) ;
#3989 = CARTESIAN_POINT ( 'NONE',  ( 5.906192607125987593, 3.644722113643758643, 10.88269912303103126 ) ) ;
#3990 = CARTESIAN_POINT ( 'NONE',  ( 5.891811230429966351, 1.563606203293396835, 47.95049593160500478 ) ) ;
#3991 = CARTESIAN_POINT ( 'NONE',  ( 5.437392019557879763, 4.922512565490790415, 9.122847020316301681 ) ) ;
#3992 = CARTESIAN_POINT ( 'NONE',  ( -0.01214250608764425379, 10.74314303661132897, 7.879363145561356419 ) ) ;
#3993 = CARTESIAN_POINT ( 'NONE',  ( 2.440721574246611070, 10.59359748195023521, 10.01617532434381808 ) ) ;
#3994 = AXIS2_PLACEMENT_3D ( 'NONE', #1636, #1666, #2138 ) ;
#3995 = CARTESIAN_POINT ( 'NONE',  ( 5.600349323557103354, 6.446797799658244621, 9.189460448342753551 ) ) ;
#3996 = CARTESIAN_POINT ( 'NONE',  ( 5.422892177737686836, 4.996568943512584404, 8.619732474319707904 ) ) ;
#3997 = CIRCLE ( 'NONE', #5789, 0.09999999999999947820 ) ;
#3998 = CARTESIAN_POINT ( 'NONE',  ( 5.150337521821463760, 6.127911064042503853, 28.18644829971796639 ) ) ;
#3999 = CARTESIAN_POINT ( 'NONE',  ( 5.020871372939009092, 7.166215674240366873, 12.95146459653338944 ) ) ;
#4000 = CARTESIAN_POINT ( 'NONE',  ( 0.1610032979077768434, 10.96105528581661304, 18.26485161697588566 ) ) ;
#4001 = CARTESIAN_POINT ( 'NONE',  ( 4.143545415395063714, 9.158180730774754252, 34.88754130948881738 ) ) ;
#4002 = CARTESIAN_POINT ( 'NONE',  ( 0.3383958289399747743, 3.560391224803660215, -14.99999999999999467 ) ) ;
#4003 = CARTESIAN_POINT ( 'NONE',  ( 1.961338086958316795, 10.72755900468817103, 9.588378364668800558 ) ) ;
#4004 = CARTESIAN_POINT ( 'NONE',  ( 4.412292101472582218, 9.033745355372975183, 9.601684183409956219 ) ) ;
#4005 = EDGE_LOOP ( 'NONE', ( #1047, #4386 ) ) ;
#4006 = CARTESIAN_POINT ( 'NONE',  ( 5.079167021931661807, 7.352715131837944007, 8.255401604407390792 ) ) ;
#4007 = CARTESIAN_POINT ( 'NONE',  ( 5.491878383328455016, 4.109543194520922427, 10.07859934526202750 ) ) ;
#4008 = CARTESIAN_POINT ( 'NONE',  ( -0.007874015747917769217, 1.562500000000000000, -14.99999999999999822 ) ) ;
#4009 = CARTESIAN_POINT ( 'NONE',  ( 2.537931007391792892, 8.080155740631200345, 53.13600638607546500 ) ) ;
#4010 = CARTESIAN_POINT ( 'NONE',  ( 0.3064966862503329947, 8.860375803649585436, -3.555378715965312519 ) ) ;
#4011 = CARTESIAN_POINT ( 'NONE',  ( 0.6489355733914589086, 11.04473509678730458, 12.13514089059490786 ) ) ;
#4012 = CARTESIAN_POINT ( 'NONE',  ( 4.399487093532099102, 6.821855178437428613, -0.6059023157566011397 ) ) ;
#4013 = DIRECTION ( 'NONE',  ( 0.04149145669668412306, -0.9991388587284487643, 0.000000000000000000 ) ) ;
#4014 = CARTESIAN_POINT ( 'NONE',  ( 5.502304985110493263, 2.936657903406373116, 7.861446755216298321 ) ) ;
#4015 = CARTESIAN_POINT ( 'NONE',  ( -0.007874015747917769217, 1.562500000000000000, -14.99999999999999822 ) ) ;
#4016 = CARTESIAN_POINT ( 'NONE',  ( 0.1189803396645956191, 10.85620595796734911, 9.373427888817630560 ) ) ;
#4017 = CARTESIAN_POINT ( 'NONE',  ( 4.025946265034376914, 9.386320134066771459, 8.325711482652918605 ) ) ;
#4018 = ADVANCED_FACE ( 'NONE', ( #323 ), #3896, .F. ) ;
#4019 = CARTESIAN_POINT ( 'NONE',  ( 5.892114695658878354, 1.564268534183272275, 1.688188162910870149 ) ) ;
#4020 = CARTESIAN_POINT ( 'NONE',  ( 5.676553673436902869, 4.481888783212541583, 46.27197539397612047 ) ) ;
#4021 = EDGE_CURVE ( 'NONE', #3339, #2122, #2191, .T. ) ;
#4022 = CARTESIAN_POINT ( 'NONE',  ( -0.01594687062819074089, 11.09557095220274014, 12.98240331081737153 ) ) ;
#4023 = CARTESIAN_POINT ( 'NONE',  ( 2.203145598524423487, 10.76394505057461970, 11.29041094903704234 ) ) ;
#4024 = CARTESIAN_POINT ( 'NONE',  ( 5.703578797371767095, 6.109043388008235986, 12.57242467066022051 ) ) ;
#4025 = CARTESIAN_POINT ( 'NONE',  ( 5.038078509265275784, 7.938892328307831647, 12.95146459653338411 ) ) ;
#4026 = CARTESIAN_POINT ( 'NONE',  ( 4.845812548541052145, 5.578795640350235452, 52.05161219284026686 ) ) ;
#4027 = CARTESIAN_POINT ( 'NONE',  ( 3.167641721820581679, 10.37177047320146173, 12.95146459653338233 ) ) ;
#4028 = CARTESIAN_POINT ( 'NONE',  ( 3.944078839468370123, 8.514661022676138558, 4.110140342414829284 ) ) ;
#4029 = CARTESIAN_POINT ( 'NONE',  ( 1.717210552502949739, 9.587200217189742801, 2.028976204560870134 ) ) ;
#4030 = CARTESIAN_POINT ( 'NONE',  ( 2.088363329057107087, 10.69105720486362188, 9.588942145079530022 ) ) ;
#4031 = CARTESIAN_POINT ( 'NONE',  ( 4.798197702413629528, 8.459152434839744217, 9.393011183436984268 ) ) ;
#4032 = ORIENTED_EDGE ( 'NONE', *, *, #5276, .F. ) ;
#4033 = CARTESIAN_POINT ( 'NONE',  ( 5.892125858466473076, 1.562159795437037424, 12.60658760383935828 ) ) ;
#4034 = CARTESIAN_POINT ( 'NONE',  ( -0.007874015747974935295, 8.002446290883131752, -6.993359736142275018 ) ) ;
#4035 = CARTESIAN_POINT ( 'NONE',  ( 5.491609414494853958, 1.562499999999994005, 48.45646686970588490 ) ) ;
#4036 = EDGE_CURVE ( 'NONE', #4509, #2271, #1094, .T. ) ;
#4037 = CARTESIAN_POINT ( 'NONE',  ( 2.394882065917113945, 8.111254851652258679, -3.607964139507456203 ) ) ;
#4038 = CARTESIAN_POINT ( 'NONE',  ( 1.207697963162335020, 9.944740530706255299, 4.084588122664356113 ) ) ;
#4039 = CARTESIAN_POINT ( 'NONE',  ( 0.3918708635589934208, 11.05590285761051383, 28.18492365603414029 ) ) ;
#4040 = CARTESIAN_POINT ( 'NONE',  ( 0.4359064413965959006, 11.04632624212699987, 12.13512143669408161 ) ) ;
#4041 = CARTESIAN_POINT ( 'NONE',  ( 4.940443734473200621, 7.249054512220645563, 24.06896264043185596 ) ) ;
#4042 = DIRECTION ( 'NONE',  ( -1.000000000000000000, 0.000000000000000000, -3.478615742371893810E-15 ) ) ;
#4043 = CARTESIAN_POINT ( 'NONE',  ( 5.496886579104740100, 2.843964503317489623, 50.27853859027638350 ) ) ;
#4044 = CARTESIAN_POINT ( 'NONE',  ( 0.3100868809823427719, 3.972521991266679819, 57.29421995471712137 ) ) ;
#4045 = CARTESIAN_POINT ( 'NONE',  ( 5.494800706233665011, 4.057775856474056475, 10.33848337645889259 ) ) ;
#4046 = CARTESIAN_POINT ( 'NONE',  ( 0.1566843586236048025, 11.04507674887243596, 12.13552693357456036 ) ) ;
#4047 = CARTESIAN_POINT ( 'NONE',  ( 4.085834885870655242, 9.586046705469199125, 12.56338993870994258 ) ) ;
#4048 = EDGE_CURVE ( 'NONE', #3278, #161, #3428, .T. ) ;
#4049 = CARTESIAN_POINT ( 'NONE',  ( 5.892123300634023231, 1.560350568018066930, -1.477003128527753395 ) ) ;
#4050 = CARTESIAN_POINT ( 'NONE',  ( 5.573096420578037780, 4.422262427887585723, 48.48930176246383184 ) ) ;
#4051 = CARTESIAN_POINT ( 'NONE',  ( -0.01097019277067972330, 11.09557407797519346, 12.98239808592868272 ) ) ;
#4052 = CARTESIAN_POINT ( 'NONE',  ( 2.274098269807140138, 10.78523680011424979, 12.13886153719332839 ) ) ;
#4053 = CARTESIAN_POINT ( 'NONE',  ( 5.685172248118282923, 6.054465456184026984, 9.401808880636744803 ) ) ;
#4054 = CARTESIAN_POINT ( 'NONE',  ( 4.212433133588572076, 9.165069163696353272, 7.955401604407390082 ) ) ;
#4055 = AXIS2_PLACEMENT_3D ( 'NONE', #4406, #3968, #5243 ) ;
#4056 = CARTESIAN_POINT ( 'NONE',  ( 1.256435692360934775, 2.528604055837396114, -14.99999999999998046 ) ) ;
#4057 = CARTESIAN_POINT ( 'NONE',  ( 3.753866919875393116, 8.287626853510230873, 50.61733716982081432 ) ) ;
#4058 = CARTESIAN_POINT ( 'NONE',  ( 1.907506202283660190, 10.65008468743884151, 15.74432376723976290 ) ) ;
#4059 = CARTESIAN_POINT ( 'NONE',  ( 1.995705667232527292, 10.58453307919071662, 7.883080086750876347 ) ) ;
#4060 = CARTESIAN_POINT ( 'NONE',  ( 4.661871733824856534, 8.714719595515601824, 10.02743701269386989 ) ) ;
#4061 = ORIENTED_EDGE ( 'NONE', *, *, #5419, .T. ) ;
#4062 = CARTESIAN_POINT ( 'NONE',  ( 1.166618425969676354, 10.32433677767160418, 7.955401604407367877 ) ) ;
#4063 = CARTESIAN_POINT ( 'NONE',  ( -0.007874015748003077714, 9.002117773658653732, -2.948310329182608491 ) ) ;
#4064 = CARTESIAN_POINT ( 'NONE',  ( 5.492125984188423793, 1.562500000000004441, 34.88867731846250564 ) ) ;
#4065 = CARTESIAN_POINT ( 'NONE',  ( 2.161045073796537430, 7.513319947436527535, -5.823886503192640340 ) ) ;
#4066 = CARTESIAN_POINT ( 'NONE',  ( 1.052834699255794426, 9.624549884626260265, 51.94628282188063650 ) ) ;
#4067 = CARTESIAN_POINT ( 'NONE',  ( 0.5506804468220942717, 10.99082147141000831, 33.64222484612484010 ) ) ;
#4068 = CARTESIAN_POINT ( 'NONE',  ( 0.4358497588765842257, 10.90244896436366417, 10.01220915833268599 ) ) ;
#4069 = CARTESIAN_POINT ( 'NONE',  ( 5.626371215647706592, 1.562387261655371118, 12.43578600947566848 ) ) ;
#4070 = CARTESIAN_POINT ( 'NONE',  ( 5.236885311797423448, 2.771912098212069520, 53.10937410896833910 ) ) ;
#4071 = CARTESIAN_POINT ( 'NONE',  ( 0.6768154944695754516, 9.043130295012323572, -2.371242870923123469 ) ) ;
#4072 = CARTESIAN_POINT ( 'NONE',  ( 5.490539112928666476, 4.179580881454179497, 10.31012897723709720 ) ) ;
#4073 = CARTESIAN_POINT ( 'NONE',  ( 0.07935919342220554284, 10.80913200556004305, 8.733615239434390887 ) ) ;
#4074 = CARTESIAN_POINT ( 'NONE',  ( 4.141780779688961189, 9.549635631009373071, 12.98619654374332377 ) ) ;
#4075 = ORIENTED_EDGE ( 'NONE', *, *, #5451, .T. ) ;
#4076 = CARTESIAN_POINT ( 'NONE',  ( 5.635965152676040368, 1.564953120233701256, 53.60990219000370871 ) ) ;
#4077 = CARTESIAN_POINT ( 'NONE',  ( 0.6936761361073561227, 1.774102304361882432, 57.50000000000001421 ) ) ;
#4078 = CARTESIAN_POINT ( 'NONE',  ( 0.04083788885012393927, 9.320588524371814287, -1.175169383643617449 ) ) ;
#4079 = CARTESIAN_POINT ( 'NONE',  ( 2.319786651409007305, 10.26255777853641327, 46.38944149160788299 ) ) ;
#4080 = CARTESIAN_POINT ( 'NONE',  ( -0.02063483368063364146, 10.90195664571638545, 10.01258398694794316 ) ) ;
#4081 = CARTESIAN_POINT ( 'NONE',  ( 2.304033176645617242, 10.58624203362862382, 9.164035924891022589 ) ) ;
#4082 = CARTESIAN_POINT ( 'NONE',  ( 5.737720173411861246, 5.808803912317740625, 10.24748764302103332 ) ) ;
#4083 = CARTESIAN_POINT ( 'NONE',  ( 5.560691235728988602, 4.227552751202427572, 10.21022914903228695 ) ) ;
#4084 = CARTESIAN_POINT ( 'NONE',  ( 1.966973804083812283, 2.689365294215877444, 57.24716108928506486 ) ) ;
#4085 = CARTESIAN_POINT ( 'NONE',  ( 3.711776729593659230, 7.645773833709593070, 52.00692700516039935 ) ) ;
#4086 = CARTESIAN_POINT ( 'NONE',  ( 1.893394327017867251, 10.73513278502438695, 31.92478545322817141 ) ) ;
#4087 = CARTESIAN_POINT ( 'NONE',  ( 2.036148777889059236, 10.60976546618484484, 8.309754608082524641 ) ) ;
#4088 = CARTESIAN_POINT ( 'NONE',  ( 4.936410280044789545, 8.218437750035517908, 9.182378125841021088 ) ) ;
#4089 = ADVANCED_FACE ( 'NONE', ( #407 ), #1722, .F. ) ;
#4090 = ORIENTED_EDGE ( 'NONE', *, *, #2169, .F. ) ;
#4091 = CARTESIAN_POINT ( 'NONE',  ( -0.007874015748150664518, 10.95567511210459344, 18.26492377559947755 ) ) ;
#4092 = CARTESIAN_POINT ( 'NONE',  ( 3.189968575404091400, 8.370114420436891578, -0.5988633297554893931 ) ) ;
#4093 = CARTESIAN_POINT ( 'NONE',  ( 0.8369337966094529957, 8.623091841593442552, -4.170633897714118632 ) ) ;
#4094 = CARTESIAN_POINT ( 'NONE',  ( 0.5504808596472546833, 10.19394877310430125, 6.162236788139279220 ) ) ;
#4095 = CARTESIAN_POINT ( 'NONE',  ( 0.9246357877257528335, 10.95551448272502348, 10.86272715696810742 ) ) ;
#4096 = CARTESIAN_POINT ( 'NONE',  ( 5.485898407409379729, 2.186144402597022918, 0.4280985970864120138 ) ) ;
#4097 = CARTESIAN_POINT ( 'NONE',  ( 0.2543230502482298205, 11.02498262339931223, 31.92477063953888106 ) ) ;
#4098 = CARTESIAN_POINT ( 'NONE',  ( 1.701126356842266318, 10.94913492117780862, 12.13783123475799108 ) ) ;
#4099 = CARTESIAN_POINT ( 'NONE',  ( 0.08103888316342627851, 10.85621589277165455, 9.373447497216943702 ) ) ;
#4100 = CARTESIAN_POINT ( 'NONE',  ( 4.276137004241247652, 9.184433504405308923, 9.388654538649067405 ) ) ;
#4101 = CARTESIAN_POINT ( 'NONE',  ( 5.896724328272566318, 3.976278871401988102, 10.21022914903229228 ) ) ;
#4102 = CARTESIAN_POINT ( 'NONE',  ( 5.892125888234036601, 1.562275023632163418, 15.73081927786896550 ) ) ;
#4103 = CARTESIAN_POINT ( 'NONE',  ( 5.458688472965142147, 5.060084777681770341, 18.26146016166763886 ) ) ;
#4104 = CARTESIAN_POINT ( 'NONE',  ( 0.09038227196902517968, 8.023028199669072436, 55.11024583742977256 ) ) ;
#4105 = VECTOR ( 'NONE', #3816, 39.37007874015748143 ) ;
#4106 = CARTESIAN_POINT ( 'NONE',  ( 1.654036394635736151, 7.835448253673590102, -5.817580437955090389 ) ) ;
#4107 = CARTESIAN_POINT ( 'NONE',  ( 0.4503868488335145970, 8.840091102100030795, -3.559273932523991490 ) ) ;
#4108 = CARTESIAN_POINT ( 'NONE',  ( -0.02023566286699075498, 10.85625315705897620, 9.373460099971669734 ) ) ;
#4109 = CARTESIAN_POINT ( 'NONE',  ( 2.459727643394010954, 10.68881295363622286, 11.71488397592987063 ) ) ;
#4110 = CARTESIAN_POINT ( 'NONE',  ( 5.743535363100585656, 5.832182677053544317, 11.30427540286899379 ) ) ;
#4111 = CARTESIAN_POINT ( 'NONE',  ( 5.305286956035160983, 7.312683893437235128, 7.955401604407391858 ) ) ;
#4112 = CARTESIAN_POINT ( 'NONE',  ( 4.950097595064153033, 5.592893898195150371, -0.1979949903459558291 ) ) ;
#4113 = CARTESIAN_POINT ( 'NONE',  ( 3.912360615018222187, 7.382425241327273291, 52.01331060340029211 ) ) ;
#4114 = CARTESIAN_POINT ( 'NONE',  ( 1.712521728457076176, 9.300927142682564153, 51.95905001836054282 ) ) ;
#4115 = CARTESIAN_POINT ( 'NONE',  ( 2.035904482456645681, 10.76439953082305934, 10.43997175014896861 ) ) ;
#4116 = CARTESIAN_POINT ( 'NONE',  ( 4.922873230446892734, 8.188733776940026132, 8.334536459599762637 ) ) ;
#4117 = ORIENTED_EDGE ( 'NONE', *, *, #4191, .T. ) ;
#4118 = CARTESIAN_POINT ( 'NONE',  ( -0.007874015748300492584, 10.95835215409945818, 39.80070177855562008 ) ) ;
#4119 = CARTESIAN_POINT ( 'NONE',  ( 3.508875761601569110, 9.228325647670747145, 48.54676282479020699 ) ) ;
#4120 = CARTESIAN_POINT ( 'NONE',  ( 1.210784860033664811, 9.043572718127601107, -1.782211744870850545 ) ) ;
#4121 = CARTESIAN_POINT ( 'NONE',  ( 0.5538617164367029000, 10.64418081744677202, 46.41880801601588047 ) ) ;
#4122 = CARTESIAN_POINT ( 'NONE',  ( 0.6413498681063771745, 10.87065596854077931, 9.586374970215254976 ) ) ;
#4123 = CARTESIAN_POINT ( 'NONE',  ( -0.007874015747917769217, 1.562500000000000000, -14.99999999999999822 ) ) ;
#4124 = CARTESIAN_POINT ( 'NONE',  ( 4.640470763803920207, 8.564616692208996795, 37.30615599677000915 ) ) ;
#4125 = CARTESIAN_POINT ( 'NONE',  ( 0.09741948936727327923, 9.219830099303916171, -1.766763108263893267 ) ) ;
#4126 = CARTESIAN_POINT ( 'NONE',  ( 1.765655882684938449, 10.95730310258471718, 12.56180421939798997 ) ) ;
#4127 = CARTESIAN_POINT ( 'NONE',  ( 5.493458915666511899, 4.100743890100497779, 10.34273253832542494 ) ) ;
#4128 = CARTESIAN_POINT ( 'NONE',  ( 0.1597907918300230934, 10.96142181341010335, 10.86297693285931842 ) ) ;
#4129 = CARTESIAN_POINT ( 'NONE',  ( 4.236480190417889702, 9.256864804509474354, 9.812352273895418975 ) ) ;
#4130 = CARTESIAN_POINT ( 'NONE',  ( -0.003937007874059043205, 10.69301956602252091, 12.95146459653335036 ) ) ;
#4131 = CARTESIAN_POINT ( 'NONE',  ( 5.092163103616957009, 4.001044939563470848, -3.732611069385166847 ) ) ;
#4132 = CARTESIAN_POINT ( 'NONE',  ( 2.133675296348918948, 9.348955629076421303, 51.13840404105683746 ) ) ;
#4133 = CARTESIAN_POINT ( 'NONE',  ( 0.5239192141232490441, 10.00681490937852480, 51.11815427389483091 ) ) ;
#4134 = CARTESIAN_POINT ( 'NONE',  ( 0.004082232166427885237, 10.85624665069407335, 9.373466500923610667 ) ) ;
#4135 = CARTESIAN_POINT ( 'NONE',  ( 2.585417075817238786, 10.63205900632173950, 11.71494574542296441 ) ) ;
#4136 = CARTESIAN_POINT ( 'NONE',  ( 5.698660138023950772, 6.090493322061752757, 11.30434925852723005 ) ) ;
#4137 = CARTESIAN_POINT ( 'NONE',  ( 0.2704850565534723250, 1.562499999999999556, 57.49630699725146599 ) ) ;
#4138 = CARTESIAN_POINT ( 'NONE',  ( 5.259269280173946015, 5.474453566583733277, 50.27293963910927488 ) ) ;
#4139 = CARTESIAN_POINT ( 'NONE',  ( 3.356507185465480436, 6.755457072899700321, -5.036198771963746879 ) ) ;
#4140 = CARTESIAN_POINT ( 'NONE',  ( 2.072670714754756283, 10.68331167482972255, 28.18526924193580285 ) ) ;
#4141 = CARTESIAN_POINT ( 'NONE',  ( 2.130796846125637689, 10.73496642885977970, 10.44028579166606363 ) ) ;
#4142 = CARTESIAN_POINT ( 'NONE',  ( 5.899921878779379014, 2.709860687331004936, 7.938098249429454079 ) ) ;
#4143 = CARTESIAN_POINT ( 'NONE',  ( 4.710811941688122673, 8.533939111120554699, 8.332204936590331457 ) ) ;
#4144 = VERTEX_POINT ( 'NONE', #3086 ) ;
#4145 = CARTESIAN_POINT ( 'NONE',  ( 4.979167021931663939, 7.352715131837944007, 7.955401604407390082 ) ) ;
#4146 = CARTESIAN_POINT ( 'NONE',  ( 3.921997759148109441, 5.634809682990512769, -5.852263796761670633 ) ) ;
#4147 = CARTESIAN_POINT ( 'NONE',  ( -0.007874015748066440223, 10.19970268249653245, 6.159182949958380782 ) ) ;
#4148 = CARTESIAN_POINT ( 'NONE',  ( 1.793175300584069820, 6.001717045762853253, -10.00264749147928356 ) ) ;
#4149 = CARTESIAN_POINT ( 'NONE',  ( 1.522252571991883796, 10.83783867106871490, 33.64212437433445757 ) ) ;
#4150 = CARTESIAN_POINT ( 'NONE',  ( 0.3605440591821476026, 7.956285438559035583, 55.09530842304494769 ) ) ;
#4151 = CARTESIAN_POINT ( 'NONE',  ( 0.9243878609860488593, 11.01076775896789783, 11.71141240743082790 ) ) ;
#4152 = CARTESIAN_POINT ( 'NONE',  ( 5.497531322387833264, 2.764223135945247822, 15.73100486911557105 ) ) ;
#4153 = CARTESIAN_POINT ( 'NONE',  ( 4.593753573906356635, 8.529374937182867100, 36.12899229588339978 ) ) ;
#4154 = CARTESIAN_POINT ( 'NONE',  ( 0.1760789613435571888, 9.775622118782189673, 2.016365567547139914 ) ) ;
#4155 = CARTESIAN_POINT ( 'NONE',  ( 1.614254711080349569, 10.80222530666645220, 9.587213130070580291 ) ) ;
#4156 = CARTESIAN_POINT ( 'NONE',  ( 5.494285978945026905, 4.074874051743172743, 10.34188504282006704 ) ) ;
#4157 = CARTESIAN_POINT ( 'NONE',  ( 0.2268018842363645760, 11.09773778662319010, 12.98185555426700510 ) ) ;
#4158 = CARTESIAN_POINT ( 'NONE',  ( 0.7727844813180357875, 1.575152609048390273, -15.30489363642314338 ) ) ;
#4159 = CARTESIAN_POINT ( 'NONE',  ( 5.275032147668521354, 4.222068816718826945, -0.1994097551089084874 ) ) ;
#4160 = CARTESIAN_POINT ( 'NONE',  ( 2.190539301035522080, 9.474333201380110481, 50.60609042549613434 ) ) ;
#4161 = CARTESIAN_POINT ( 'NONE',  ( 0.4617900890689896065, 7.747197143568908650, -7.655748709820201725 ) ) ;
#4162 = CARTESIAN_POINT ( 'NONE',  ( 0.004049577243406738726, 10.84058021947153350, 9.160171951725663675 ) ) ;
#4163 = CARTESIAN_POINT ( 'NONE',  ( 2.789553896616591810, 10.27376664353320379, 7.889803174932067620 ) ) ;
#4164 = CARTESIAN_POINT ( 'NONE',  ( 5.776168898689225450, 5.347054070900951750, 7.926457159141545361 ) ) ;
#4165 = CARTESIAN_POINT ( 'NONE',  ( 5.492135763896293099, 1.562500000000007772, 43.75117558512821603 ) ) ;
#4166 = CARTESIAN_POINT ( 'NONE',  ( 4.492413489287795159, 4.616263418866958013, -5.864875927236797182 ) ) ;
#4167 = CARTESIAN_POINT ( 'NONE',  ( 3.234414511391109137, 6.547497515862755080, -5.839651666286549414 ) ) ;
#4168 = CARTESIAN_POINT ( 'NONE',  ( 1.683212997216302576, 8.600331088428550430, 53.33950708821988229 ) ) ;
#4169 = CARTESIAN_POINT ( 'NONE',  ( 5.892125859303629198, 1.562164125519301727, 12.43414023545892988 ) ) ;
#4170 = CARTESIAN_POINT ( 'NONE',  ( 5.906296734679281180, 3.356841443550111492, 10.46118407462423683 ) ) ;
#4171 = CARTESIAN_POINT ( 'NONE',  ( 5.284795647776188154, 7.490858421952401258, 9.609430761626734707 ) ) ;
#4172 = EDGE_LOOP ( 'NONE', ( #286, #1714 ) ) ;
#4173 = CARTESIAN_POINT ( 'NONE',  ( 4.620021891316619111, 7.866965662458249575, 7.955401604407384752 ) ) ;
#4174 = CARTESIAN_POINT ( 'NONE',  ( 4.777134841459479198, 6.399373845740701228, 51.18742979313332597 ) ) ;
#4175 = CARTESIAN_POINT ( 'NONE',  ( 5.659932519556160280, 1.562359079202629619, 12.43559306648670137 ) ) ;
#4176 = CARTESIAN_POINT ( 'NONE',  ( 0.009217913136159166729, 5.550067267009787031, -13.07258150267667496 ) ) ;
#4177 = CARTESIAN_POINT ( 'NONE',  ( 2.453550660416827345, 6.810936157656957590, -6.993466259799411944 ) ) ;
#4178 = CARTESIAN_POINT ( 'NONE',  ( 1.597976023966108272, 10.80743031986010649, 39.79054735722113634 ) ) ;
#4179 = CARTESIAN_POINT ( 'NONE',  ( 0.1073613282999693747, 3.709792333946678511, -15.00000000000000000 ) ) ;
#4180 = CARTESIAN_POINT ( 'NONE',  ( 1.048708702948823346, 11.08049379302761572, 12.98268885614170287 ) ) ;
#4181 = VECTOR ( 'NONE', #2889, 39.37007874015748854 ) ;
#4182 = CARTESIAN_POINT ( 'NONE',  ( 5.482372298695520563, 2.165712407986759125, 51.23858709964790137 ) ) ;
#4183 = CARTESIAN_POINT ( 'NONE',  ( 4.392933944070442465, 7.453894796351881347, 50.62347175763401452 ) ) ;
#4184 = CARTESIAN_POINT ( 'NONE',  ( 0.2271164772982029179, 10.24777945112779065, 49.94317454617597463 ) ) ;
#4185 = CARTESIAN_POINT ( 'NONE',  ( 1.623681791639146388, 10.84566984728548533, 10.22603712208821136 ) ) ;
#4186 = CARTESIAN_POINT ( 'NONE',  ( 0.1948946595348521049, 10.87170415471382334, 9.586516206785232086 ) ) ;
#4187 = CARTESIAN_POINT ( 'NONE',  ( 0.04226845272054445546, 1.563392284319850889, -15.39969377600195166 ) ) ;
#4188 = CARTESIAN_POINT ( 'NONE',  ( 5.377512436955973030, 3.915769639166696958, 51.21727155526678388 ) ) ;
#4189 = CARTESIAN_POINT ( 'NONE',  ( 1.552268600073252847, 7.480703449318730769, -6.993423650336563213 ) ) ;
#4190 = CARTESIAN_POINT ( 'NONE',  ( 0.5384975694668768798, 9.325611912856537344, 53.14570146940820905 ) ) ;
#4191 = EDGE_CURVE ( 'NONE', #4537, #5279, #2668, .T. ) ;
#4192 = CARTESIAN_POINT ( 'NONE',  ( -0.005552164277098391165, 10.80925341446766552, 8.733574715359347707 ) ) ;
#4193 = CARTESIAN_POINT ( 'NONE',  ( 2.828010183204270334, 10.48505924480530993, 11.29126064624318460 ) ) ;
#4194 = CARTESIAN_POINT ( 'NONE',  ( 5.851237106732402715, 4.892408641913581491, 10.24819122456235476 ) ) ;
#4195 = AXIS2_PLACEMENT_3D ( 'NONE', #103, #1557, #2033 ) ;
#4196 = CARTESIAN_POINT ( 'NONE',  ( 5.492125984238788838, 1.562499999999998890, 38.10299477805743606 ) ) ;
#4197 = CARTESIAN_POINT ( 'NONE',  ( 5.302572759613446429, 5.607511628539270987, 6.201936684490904739 ) ) ;
#4198 = CARTESIAN_POINT ( 'NONE',  ( 4.308528727224798516, 8.796162410156433964, 31.92481333781989150 ) ) ;
#4199 = CARTESIAN_POINT ( 'NONE',  ( 2.061343642821745981, 10.36166019253586157, 10.78634925481565254 ) ) ;
#4200 = CARTESIAN_POINT ( 'NONE',  ( -0.07627849291806826360, 11.07031309156543131, 12.55941667981293541 ) ) ;
#4201 = CARTESIAN_POINT ( 'NONE',  ( 5.906247723448390552, 3.245744599799777141, 12.14909777350334608 ) ) ;
#4202 = CARTESIAN_POINT ( 'NONE',  ( 5.367106662489663726, 7.216609495253846873, 8.763524363833194997 ) ) ;
#4203 = ORIENTED_EDGE ( 'NONE', *, *, #4230, .T. ) ;
#4204 = DIRECTION ( 'NONE',  ( 3.414809992080346871E-15, 0.000000000000000000, -1.000000000000000000 ) ) ;
#4205 = CARTESIAN_POINT ( 'NONE',  ( 4.631490075167117304, 6.132216525704956567, -1.224016598259938249 ) ) ;
#4206 = CARTESIAN_POINT ( 'NONE',  ( 5.671716188661831914, 1.554006108223694005, 12.55884480641677747 ) ) ;
#4207 = CARTESIAN_POINT ( 'NONE',  ( 0.01549783865369403109, 10.07135314455296005, 51.11104909243451289 ) ) ;
#4208 = CARTESIAN_POINT ( 'NONE',  ( 3.640938371216754010, 9.768105874584495751, 20.74983970668900213 ) ) ;
#4209 = CARTESIAN_POINT ( 'NONE',  ( 1.169484280832392642, 8.670444831600704561, -3.576802407038035980 ) ) ;
#4210 = CARTESIAN_POINT ( 'NONE',  ( 0.7198591101048044116, 11.01608739495733680, 11.71117465491496823 ) ) ;
#4211 = CARTESIAN_POINT ( 'NONE',  ( 4.148419008107878447, 9.542443377028421381, 12.95146459653337345 ) ) ;
#4212 = CARTESIAN_POINT ( 'NONE',  ( 5.439163976748397467, 2.165473808415090851, 52.11544817524007556 ) ) ;
#4213 = CARTESIAN_POINT ( 'NONE',  ( 3.938641242924930896, 7.196269461405402801, -1.826350706605026630 ) ) ;
#4214 = CARTESIAN_POINT ( 'NONE',  ( 0.3913381642720353271, 10.88663908222406818, 42.69135799632234551 ) ) ;
#4215 = CARTESIAN_POINT ( 'NONE',  ( 1.746762352049345823, 10.80761978319358718, 10.01353974314671724 ) ) ;
#4216 = CARTESIAN_POINT ( 'NONE',  ( 0.1896497946751168340, 10.80895805975512936, 8.733637318767195623 ) ) ;
#4217 = CARTESIAN_POINT ( 'NONE',  ( 5.898292401861405132, 2.412057358446279665, 11.57702968116301712 ) ) ;
#4218 = CARTESIAN_POINT ( 'NONE',  ( 5.257462176617296201, 4.201874077381590133, -0.6152876304247546502 ) ) ;
#4219 = CARTESIAN_POINT ( 'NONE',  ( 1.883841343527161705, 7.898865112402380539, 54.09518844854691366 ) ) ;
#4220 = CARTESIAN_POINT ( 'NONE',  ( 0.4444922288818656253, 8.964829297146801323, -2.961750163202861774 ) ) ;
#4221 = EDGE_CURVE ( 'NONE', #5306, #5777, #1749, .T. ) ;
#4222 = CARTESIAN_POINT ( 'NONE',  ( -0.01078775869312234570, 10.93155555578390548, 10.43798836343184711 ) ) ;
#4223 = CARTESIAN_POINT ( 'NONE',  ( 2.838859117325712500, 10.52705695225350624, 12.13884768111193146 ) ) ;
#4224 = CARTESIAN_POINT ( 'NONE',  ( 5.818773242714867955, 5.102998867523655946, 8.770688368558499093 ) ) ;
#4225 = CARTESIAN_POINT ( 'NONE',  ( 5.490416980880501896, 1.562500000000002220, 50.65837742694264278 ) ) ;
#4226 = CARTESIAN_POINT ( 'NONE',  ( 5.341652587717915956, 5.694100770780479159, 9.122244961340955527 ) ) ;
#4227 = CARTESIAN_POINT ( 'NONE',  ( 2.017520906089278920, 10.03197276488815071, 48.56523245196652283 ) ) ;
#4228 = LINE ( 'NONE', #3247, #777 ) ;
#4229 = CARTESIAN_POINT ( 'NONE',  ( 5.904295537282647111, 2.875507852100564143, 10.88308559105696816 ) ) ;
#4230 = EDGE_CURVE ( 'NONE', #5832, #5057, #2660, .T. ) ;
#4231 = CARTESIAN_POINT ( 'NONE',  ( 5.047463014392569391, 7.949621360815616988, 8.336027012962905047 ) ) ;
#4232 = ORIENTED_EDGE ( 'NONE', *, *, #4639, .F. ) ;
#4233 = CARTESIAN_POINT ( 'NONE',  ( 2.751724251183152337, 9.844133664739400658, 7.955401604407380312 ) ) ;
#4234 = CARTESIAN_POINT ( 'NONE',  ( 5.414644334172198370, 7.034651144229382425, 46.31113075985361149 ) ) ;
#4235 = CARTESIAN_POINT ( 'NONE',  ( 1.936890645384813814, 10.51689655172979521, 12.95146459653335391 ) ) ;
#4236 = CARTESIAN_POINT ( 'NONE',  ( 0.02134754443460234671, 11.02787196389733104, 31.92476831582287744 ) ) ;
#4237 = CARTESIAN_POINT ( 'NONE',  ( 3.106956596915996904, 7.852617738779428258, 52.71353767560839287 ) ) ;
#4238 = CARTESIAN_POINT ( 'NONE',  ( 1.009206354581556164, 8.502607797802241407, 54.12448715248851983 ) ) ;
#4239 = CARTESIAN_POINT ( 'NONE',  ( 1.172806485826567657, 10.86721545920219434, 9.799479956009081505 ) ) ;
#4240 = CARTESIAN_POINT ( 'NONE',  ( 4.139865009146757480, 9.351168056933891748, 9.599755084435791730 ) ) ;
#4241 = DIRECTION ( 'NONE',  ( 0.9991388587284488754, 0.04149145669668402592, 6.951240325576541029E-15 ) ) ;
#4242 = CARTESIAN_POINT ( 'NONE',  ( -0.007874015748423630195, 1.562500000000000000, 57.50000000000000000 ) ) ;
#4243 = CARTESIAN_POINT ( 'NONE',  ( 3.902091530056200241, 6.858123732346526502, 52.72561790161084616 ) ) ;
#4244 = CARTESIAN_POINT ( 'NONE',  ( 0.1573979449066212344, 9.216564394460030840, -1.767866582307247247 ) ) ;
#4245 = CARTESIAN_POINT ( 'NONE',  ( 1.893364458797485383, 10.92722796003426389, 12.56211246630275191 ) ) ;
#4246 = CARTESIAN_POINT ( 'NONE',  ( 0.1960684852723794114, 11.01778109833918329, 11.71144870863234821 ) ) ;
#4247 = CARTESIAN_POINT ( 'NONE',  ( 4.878503169678272577, 7.647509673100260308, 15.73846345206514741 ) ) ;
#4248 = DIRECTION ( 'NONE',  ( 0.04149145669668515696, -0.9991388587284487643, 0.000000000000000000 ) ) ;
#4249 = CARTESIAN_POINT ( 'NONE',  ( 5.625367304211361663, 3.488585748700473665, 46.25674830724592113 ) ) ;
#4250 = CARTESIAN_POINT ( 'NONE',  ( 2.210569337895201159, 9.155667432632974112, 0.4106315878583461365 ) ) ;
#4251 = CARTESIAN_POINT ( 'NONE',  ( 1.000620180333309017, 10.90093837812614730, 39.79435526522146205 ) ) ;
#4252 = CARTESIAN_POINT ( 'NONE',  ( -0.01092062392794247196, 10.98930709760536040, 11.28781419560456811 ) ) ;
#4253 = CARTESIAN_POINT ( 'NONE',  ( 2.929857707973275716, 10.32056639937978559, 9.593191323937592330 ) ) ;
#4254 = CARTESIAN_POINT ( 'NONE',  ( 5.811055387436594444, 5.076943637769140594, 7.927698157285660407 ) ) ;
#4255 = CARTESIAN_POINT ( 'NONE',  ( 5.491812638301695415, 1.562499999999997558, 47.95047368039409719 ) ) ;
#4256 = CARTESIAN_POINT ( 'NONE',  ( 4.861836126353481724, 5.173975846457994798, 52.43701409646571676 ) ) ;
#4257 = CARTESIAN_POINT ( 'NONE',  ( -0.09452647674278275014, 10.88680818887443635, 9.799611224629398265 ) ) ;
#4258 = CARTESIAN_POINT ( 'NONE',  ( 5.902348487876686534, 2.764566730759844937, 9.198205155985370141 ) ) ;
#4259 = CARTESIAN_POINT ( 'NONE',  ( 5.175941187337954830, 7.740000860855807296, 9.608406620734578851 ) ) ;
#4260 = ORIENTED_EDGE ( 'NONE', *, *, #5319, .T. ) ;
#4261 = CARTESIAN_POINT ( 'NONE',  ( 5.088397613130967834, 6.709515292733321701, 7.955401604407385641 ) ) ;
#4262 = CARTESIAN_POINT ( 'NONE',  ( 4.433627046931208682, 6.353904254670315055, -1.839592395125279056 ) ) ;
#4263 = CARTESIAN_POINT ( 'NONE',  ( 1.301231866306935547, 10.51483272060529472, 8.255401604407364147 ) ) ;
#4264 = CARTESIAN_POINT ( 'NONE',  ( 0.01474392651785495605, 8.130643173181015371, -6.554981571370780635 ) ) ;
#4265 = CARTESIAN_POINT ( 'NONE',  ( 3.901360529351061590, 9.459347664053973759, 18.26333628588069047 ) ) ;
#4266 = CARTESIAN_POINT ( 'NONE',  ( 1.698398699219641594, 10.79533346070309285, 31.92478371044123620 ) ) ;
#4267 = EDGE_CURVE ( 'NONE', #5279, #4552, #3707, .T. ) ;
#4268 = CARTESIAN_POINT ( 'NONE',  ( 1.428036673119129407, 10.84530659218820503, 9.799780280383981079 ) ) ;
#4269 = CARTESIAN_POINT ( 'NONE',  ( 4.189956790462503911, 9.496049556460905094, 12.98641324154490384 ) ) ;
#4270 = CARTESIAN_POINT ( 'NONE',  ( 5.516663647796846703, 6.925792750630973771, 12.95146459653338411 ) ) ;
#4271 = DIRECTION ( 'NONE',  ( 0.9991388587284487643, 0.04149145669668402592, 6.951240325576538662E-15 ) ) ;
#4272 = PRODUCT_DEFINITION_SHAPE ( 'NONE', 'NONE',  #3913 ) ;
#4273 = CARTESIAN_POINT ( 'NONE',  ( 5.491637242550619469, 1.770944281799909703, 7.864778876542610320 ) ) ;
#4274 = CARTESIAN_POINT ( 'NONE',  ( 1.463662319802580880, 6.276461502200697318, -10.00957574308968567 ) ) ;
#4275 = CARTESIAN_POINT ( 'NONE',  ( -0.007874015747917769217, 1.562500000000000000, -14.99999999999999822 ) ) ;
#4276 = ADVANCED_FACE ( 'NONE', ( #2361 ), #5425, .F. ) ;
#4277 = CARTESIAN_POINT ( 'NONE',  ( 1.993135169148784636, 10.71892235475373489, 9.588513755025630303 ) ) ;
#4278 = CARTESIAN_POINT ( 'NONE',  ( 0.2860900578998733512, 11.07260725465382656, 12.55873003806626365 ) ) ;
#4279 = CARTESIAN_POINT ( 'NONE',  ( 3.994517643835636456, 6.482790133066767879, 52.96820635551510748 ) ) ;
#4280 = CARTESIAN_POINT ( 'NONE',  ( 5.895035405608830104, 4.021243773029606672, 10.11035845859064430 ) ) ;
#4281 = CARTESIAN_POINT ( 'NONE',  ( 5.482958282873124034, 3.453935581838233126, 50.27720550666514043 ) ) ;
#4282 = CARTESIAN_POINT ( 'NONE',  ( 2.381880230602124282, 10.12086737590080787, 9.117880033769658610 ) ) ;
#4283 = CARTESIAN_POINT ( 'NONE',  ( 0.5405755934562257448, 9.174759628087338470, -1.773751777205137659 ) ) ;
#4284 = CARTESIAN_POINT ( 'NONE',  ( 0.06288250051038470068, 10.91693644910070660, 10.22530895460688427 ) ) ;
#4285 = CARTESIAN_POINT ( 'NONE',  ( 3.279876603804062096, 10.04914746687920868, 8.745029943060316668 ) ) ;
#4286 = CARTESIAN_POINT ( 'NONE',  ( 5.898646922242817503, 3.828617271380996723, 9.827943117211255242 ) ) ;
#4287 = CARTESIAN_POINT ( 'NONE',  ( 5.492125984285108231, 1.562499999999998890, 36.88569723515769283 ) ) ;
#4288 = CARTESIAN_POINT ( 'NONE',  ( 4.827450986994851867, 4.547095684694882678, -4.307388279310609747 ) ) ;
#4289 = CARTESIAN_POINT ( 'NONE',  ( -0.07673691369332551193, 11.01663587333049144, 11.71190086920162443 ) ) ;
#4290 = CARTESIAN_POINT ( 'NONE',  ( 5.894607710840576331, 2.050125008053778952, 9.829856002758047495 ) ) ;
#4291 = CARTESIAN_POINT ( 'NONE',  ( 5.163704134245965527, 7.716991514516291950, 8.761126318842089589 ) ) ;
#4292 = ORIENTED_EDGE ( 'NONE', *, *, #877, .F. ) ;
#4293 = CARTESIAN_POINT ( 'NONE',  ( 4.929291275577490694, 7.180979334591935270, 7.955401604407394522 ) ) ;
#4294 = CARTESIAN_POINT ( 'NONE',  ( 3.658728549833770494, 4.599555429966367903, -8.621427401441827953 ) ) ;
#4295 = DIRECTION ( 'NONE',  ( 1.000000000000000000, -0.000000000000000000, 3.478615742371893810E-15 ) ) ;
#4296 = CARTESIAN_POINT ( 'NONE',  ( 0.02256385583243316478, 11.01148158120773957, 33.64228178013935633 ) ) ;
#4297 = CARTESIAN_POINT ( 'NONE',  ( 3.052961516546125686, 7.387420972913701256, -4.228214689965281714 ) ) ;
#4298 = CARTESIAN_POINT ( 'NONE',  ( 1.282226670759151865, 8.268066304144012335, -4.989040231154044491 ) ) ;
#4299 = CARTESIAN_POINT ( 'NONE',  ( 1.289496585867454970, 10.81209191061874186, 9.160326897169314364 ) ) ;
#4300 = CARTESIAN_POINT ( 'NONE',  ( 4.137014592730358764, 9.340828621963090939, 9.387659248993246663 ) ) ;
#4301 = CARTESIAN_POINT ( 'NONE',  ( 0.1409160061749507031, 10.15746476943702348, 50.59382124986939289 ) ) ;
#4302 = ORIENTED_EDGE ( 'NONE', *, *, #4884, .T. ) ;
#4303 = PLANE ( 'NONE',  #2931 ) ;
#4304 = CARTESIAN_POINT ( 'NONE',  ( 5.210210236983935594, 1.730293974977943128, -6.993693510268031766 ) ) ;
#4305 = CARTESIAN_POINT ( 'NONE',  ( 2.988876482781641641, 10.21896146514453463, 33.64196361946991942 ) ) ;
#4306 = CARTESIAN_POINT ( 'NONE',  ( 0.3055166429272799244, 10.00234726274562469, 4.077072763914216580 ) ) ;
#4307 = CARTESIAN_POINT ( 'NONE',  ( 2.004236918065340767, 10.77372958232529854, 10.43986729954084147 ) ) ;
#4308 = CARTESIAN_POINT ( 'NONE',  ( 0.2548195037688451570, 10.96178617090491159, 10.86283060318397098 ) ) ;
#4309 = CARTESIAN_POINT ( 'NONE',  ( 0.9866642500773341595, 2.882420360826901007, -14.99999999999998934 ) ) ;
#4310 = CARTESIAN_POINT ( 'NONE',  ( 5.896649750682237290, 3.976275774402173280, 10.19272375001399311 ) ) ;
#4311 = CARTESIAN_POINT ( 'NONE',  ( 5.406507866320407807, 3.430825707682370940, 0.4253732481288441947 ) ) ;
#4312 = CARTESIAN_POINT ( 'NONE',  ( 2.011766972301329393, 8.493126626079932961, -2.998229712686397708 ) ) ;
#4313 = CARTESIAN_POINT ( 'NONE',  ( 0.5602255340950851314, 8.492926395070325540, -4.975632410727762966 ) ) ;
#4314 = CARTESIAN_POINT ( 'NONE',  ( 0.06171597572337223642, 11.01689550394669936, 11.71173394168922144 ) ) ;
#4315 = CARTESIAN_POINT ( 'NONE',  ( 3.534707779808592409, 9.998726000538249892, 10.86857007820299437 ) ) ;
#4316 = CARTESIAN_POINT ( 'NONE',  ( 5.870024098856375439, 4.665134330153374087, 10.88173412114578653 ) ) ;
#4317 = CARTESIAN_POINT ( 'NONE',  ( 3.814645273639880596, 1.562500000000000000, -11.64861181699291315 ) ) ;
#4318 = CARTESIAN_POINT ( 'NONE',  ( 5.583347605725908380, 5.402805953420182661, 39.74485246121550119 ) ) ;
#4319 = CARTESIAN_POINT ( 'NONE',  ( -0.02852326730766939489, 10.77686571971548801, 8.306436874992566999 ) ) ;
#4320 = CARTESIAN_POINT ( 'NONE',  ( 5.899510938994457554, 2.515085134746882112, 9.198609007944707372 ) ) ;
#4321 = CARTESIAN_POINT ( 'NONE',  ( 5.615737170876260898, 6.475520119089323678, 10.88132082223453168 ) ) ;
#4322 = ORIENTED_EDGE ( 'NONE', *, *, #310, .T. ) ;
#4323 = CARTESIAN_POINT ( 'NONE',  ( 0.04120531269627455973, 10.74905911523099888, 7.955401604407361660 ) ) ;
#4324 = CARTESIAN_POINT ( 'NONE',  ( 4.886215858832642311, 5.985306718783811597, 0.4199225502137062804 ) ) ;
#4325 = CARTESIAN_POINT ( 'NONE',  ( 5.179167021931660564, 7.352715131837944007, 8.255401604407392568 ) ) ;
#4326 = CARTESIAN_POINT ( 'NONE',  ( -0.007874015748423630195, 1.562500000000000000, 57.50000000000000000 ) ) ;
#4327 = CARTESIAN_POINT ( 'NONE',  ( 1.335466483805106463, 8.616618162179852547, -3.580697623596713175 ) ) ;
#4328 = CARTESIAN_POINT ( 'NONE',  ( 1.165540361666621783, 10.83663040390293908, 9.373441929206142831 ) ) ;
#4329 = CARTESIAN_POINT ( 'NONE',  ( 4.348326841249582131, 9.213014644470643333, 11.29563587105770139 ) ) ;
#4330 = CARTESIAN_POINT ( 'NONE',  ( 5.705621539297137446, 2.423630342976938135, 12.65146459653338873 ) ) ;
#4331 = DIRECTION ( 'NONE',  ( 6.957231484743787620E-15, -0.000000000000000000, -1.000000000000000000 ) ) ;
#4332 = CARTESIAN_POINT ( 'NONE',  ( 5.492557810848432531, 1.765306846360019888, -0.6238908355372327907 ) ) ;
#4333 = CARTESIAN_POINT ( 'NONE',  ( 2.671093904260177787, 9.192231206062414728, 50.60915771940294405 ) ) ;
#4334 = CARTESIAN_POINT ( 'NONE',  ( 0.1720277456161902474, 8.873675736163580297, -3.551483499406634881 ) ) ;
#4335 = CARTESIAN_POINT ( 'NONE',  ( 0.2824557663229371740, 11.09814550452276904, 12.98176238644628278 ) ) ;
#4336 = CARTESIAN_POINT ( 'NONE',  ( 4.272101077039226702, 7.171415031904567527, -0.1962265343922663108 ) ) ;
#4337 = CARTESIAN_POINT ( 'NONE',  ( 5.492139519047097629, 1.576587811583950227, 12.53300595598990341 ) ) ;
#4338 = CARTESIAN_POINT ( 'NONE',  ( 5.316589413832090827, 3.859557415029252869, -0.6164607947582745329 ) ) ;
#4339 = CARTESIAN_POINT ( 'NONE',  ( 1.695730541968354155, 7.125383400654365929, 55.03057962737710085 ) ) ;
#4340 = CARTESIAN_POINT ( 'NONE',  ( 0.7661283304510206893, 10.18799978705703779, 6.163424391876294095 ) ) ;
#4341 = CARTESIAN_POINT ( 'NONE',  ( 0.01394723571867862236, 10.91688319541291463, 10.22535469435350208 ) ) ;
#4342 = CARTESIAN_POINT ( 'NONE',  ( 3.723395002236804974, 9.697394590055383290, 8.748139122211304297 ) ) ;
#4343 = CARTESIAN_POINT ( 'NONE',  ( 5.886921367054872789, 4.014863089119223183, 8.353014113251793660 ) ) ;
#4344 = CARTESIAN_POINT ( 'NONE',  ( 5.293884421248976402, 1.562499999999998890, -6.486809976381692877 ) ) ;
#4345 = CARTESIAN_POINT ( 'NONE',  ( 5.329186744601610570, 5.098007482898269771, 50.27373948927611025 ) ) ;
#4346 = CARTESIAN_POINT ( 'NONE',  ( -0.03119128570527106986, 11.01665693676575408, 11.71186162015217036 ) ) ;
#4347 = CARTESIAN_POINT ( 'NONE',  ( 5.891872712399752743, 1.784071211310648497, 8.779460515836158052 ) ) ;
#4348 = CARTESIAN_POINT ( 'NONE',  ( 5.458286643777828573, 6.976708541239990957, 9.611049203591921497 ) ) ;
#4349 = VERTEX_POINT ( 'NONE', #4925 ) ;
#4350 = FACE_OUTER_BOUND ( 'NONE', #2092, .T. ) ;
#4351 = CARTESIAN_POINT ( 'NONE',  ( 5.517917844104285763, 6.634541076104571999, 46.30460486554042632 ) ) ;
#4352 = CARTESIAN_POINT ( 'NONE',  ( 0.1312717422931478639, 11.09492993128559490, 12.95146459653334148 ) ) ;
#4353 = CARTESIAN_POINT ( 'NONE',  ( 3.268330085240238159, 8.140296944545395874, 51.99415980868042908 ) ) ;
#4354 = CARTESIAN_POINT ( 'NONE',  ( 1.374964930501100913, 8.877289468914723258, -2.384057860137954954 ) ) ;
#4355 = CARTESIAN_POINT ( 'NONE',  ( 1.180888787393969741, 10.91154290986293418, 10.43784997703784434 ) ) ;
#4356 = CARTESIAN_POINT ( 'NONE',  ( 4.607232112040524186, 8.888312484424151450, 11.72052944297345434 ) ) ;
#4357 = ORIENTED_EDGE ( 'NONE', *, *, #2343, .T. ) ;
#4358 = CARTESIAN_POINT ( 'NONE',  ( 5.892125573237282588, 1.563157200902445476, 8.360739236002784125 ) ) ;
#4359 = CARTESIAN_POINT ( 'NONE',  ( 5.492752773771432118, 4.083485780921165542, 10.07772182652980675 ) ) ;
#4360 = CARTESIAN_POINT ( 'NONE',  ( 4.095240587885549566, 1.683612893157553803, 56.15278135931804826 ) ) ;
#4361 = CARTESIAN_POINT ( 'NONE',  ( 2.890176461622029791, 9.634445927544543764, 48.55497154797978254 ) ) ;
#4362 = CARTESIAN_POINT ( 'NONE',  ( 0.3213165213941061582, 9.601865857785465863, 52.68409212472752046 ) ) ;
#4363 = CARTESIAN_POINT ( 'NONE',  ( 0.2490817686902726258, 10.85623531164926270, 9.373367573514441276 ) ) ;
#4364 = CARTESIAN_POINT ( 'NONE',  ( 4.917061783891825577, 7.525069640953900851, 48.52213665522184982 ) ) ;
#4365 = CARTESIAN_POINT ( 'NONE',  ( 5.896108564786572082, 3.989714504563498298, 10.15142674966823044 ) ) ;
#4366 = CARTESIAN_POINT ( 'NONE',  ( -0.007874015747917769217, 1.562500000000000000, -14.99999999999999822 ) ) ;
#4367 = CARTESIAN_POINT ( 'NONE',  ( 1.228577651262586778, 10.94469500856518707, 24.06617711228570755 ) ) ;
#4368 = CARTESIAN_POINT ( 'NONE',  ( 0.6459645210082392008, 9.174514469199202438, 53.35085156025466802 ) ) ;
#4369 = CARTESIAN_POINT ( 'NONE',  ( 0.04337584377410345221, 10.93160012432026562, 10.43794727992343674 ) ) ;
#4370 = CARTESIAN_POINT ( 'NONE',  ( 3.288680571760993931, 10.09999353461914318, 9.595004453346314577 ) ) ;
#4371 = CARTESIAN_POINT ( 'NONE',  ( 5.872967080991615241, 4.267028278933779895, 7.931367051737567841 ) ) ;
#4372 = EDGE_CURVE ( 'NONE', #3369, #3146, #1895, .T. ) ;
#4373 = CARTESIAN_POINT ( 'NONE',  ( 0.3366134167014175893, 1.562499999999999556, -14.97905016755178842 ) ) ;
#4374 = CARTESIAN_POINT ( 'NONE',  ( 5.028993110813952505, 4.788132445487823574, -1.861661875992372650 ) ) ;
#4375 = CARTESIAN_POINT ( 'NONE',  ( -0.02108191342893117950, 11.04402004263839032, 12.13588381125351212 ) ) ;
#4376 = CARTESIAN_POINT ( 'NONE',  ( 5.894771244978651126, 2.066611587029004493, 10.25073722692942191 ) ) ;
#4377 = CARTESIAN_POINT ( 'NONE',  ( 5.540459876509046033, 6.721466900312227821, 9.823339294498786956 ) ) ;
#4378 = CARTESIAN_POINT ( 'NONE',  ( 5.895925054578130542, 4.021222186713832691, 10.31004814637788947 ) ) ;
#4379 = CARTESIAN_POINT ( 'NONE',  ( 1.703354997985901509, 10.65832160752684565, 7.955401604407358107 ) ) ;
#4380 = CARTESIAN_POINT ( 'NONE',  ( 4.520385535103293329, 5.502183524303677409, -3.693658903798384241 ) ) ;
#4381 = CARTESIAN_POINT ( 'NONE',  ( 3.005819380863028911, 9.998932148303088852, 12.95146459653336279 ) ) ;
#4382 = CARTESIAN_POINT ( 'NONE',  ( 2.302108949145108774, 5.528142851990274664, -9.991310352480404333 ) ) ;
#4383 = CARTESIAN_POINT ( 'NONE',  ( 1.747524377452292610, 10.78038447958091517, 36.12998232832385526 ) ) ;
#4384 = CARTESIAN_POINT ( 'NONE',  ( 1.562914421801601783, 10.86921212850544904, 10.43858833520141260 ) ) ;
#4385 = CARTESIAN_POINT ( 'NONE',  ( 4.549202198164707056, 8.736408898158762426, 7.906426748539073124 ) ) ;
#4386 = ORIENTED_EDGE ( 'NONE', *, *, #4048, .T. ) ;
#4387 = DIRECTION ( 'NONE',  ( 1.000000000000000000, 0.000000000000000000, 1.092739197465710967E-14 ) ) ;
#4388 = AXIS2_PLACEMENT_3D ( 'NONE', #840, #370, #2159 ) ;
#4389 = CARTESIAN_POINT ( 'NONE',  ( 5.492125014349636736, 1.562500000000004663, 46.21976823947302648 ) ) ;
#4390 = CARTESIAN_POINT ( 'NONE',  ( 2.558182578776249105, 9.581000037429403093, 4.095610648831227607 ) ) ;
#4391 = CARTESIAN_POINT ( 'NONE',  ( 0.5349192957255579639, 10.43682716558613777, 9.116299628959360746 ) ) ;
#4392 = CARTESIAN_POINT ( 'NONE',  ( 0.2291178005598518419, 10.84045802113815249, 9.160131349085880004 ) ) ;
#4393 = CARTESIAN_POINT ( 'NONE',  ( 4.154511119034676625, 6.209110430014047388, 52.96855429096218870 ) ) ;
#4394 = DIRECTION ( 'NONE',  ( 6.957231484743787620E-15, -0.000000000000000000, -1.000000000000000000 ) ) ;
#4395 = CARTESIAN_POINT ( 'NONE',  ( 5.486224905701072352, 2.842929562439594715, 50.65005497149206803 ) ) ;
#4396 = CARTESIAN_POINT ( 'NONE',  ( 0.7905181083891729132, 9.113123479086160827, 53.34923092139253953 ) ) ;
#4397 = CARTESIAN_POINT ( 'NONE',  ( 0.01371010698124412730, 10.98933074998552506, 11.28779079261706286 ) ) ;
#4398 = CARTESIAN_POINT ( 'NONE',  ( 3.051834457988061633, 10.25949244073124333, 9.806214227706878006 ) ) ;
#4399 = CARTESIAN_POINT ( 'NONE',  ( 5.872370233206222423, 4.791328424410188802, 12.99308403482866403 ) ) ;
#4400 = CARTESIAN_POINT ( 'NONE',  ( 0.1742707976090536459, 1.564322486621321895, 57.89845350931084056 ) ) ;
#4401 = CARTESIAN_POINT ( 'NONE',  ( 4.886505327001974486, 4.613899391374063796, -3.717030203150456735 ) ) ;
#4402 = CARTESIAN_POINT ( 'NONE',  ( -0.03614640364979846560, 10.96090703222965423, 10.86324937414915404 ) ) ;
#4403 = CARTESIAN_POINT ( 'NONE',  ( 5.892125867849886234, 1.562199646730774383, 11.72548530726139404 ) ) ;
#4404 = CARTESIAN_POINT ( 'NONE',  ( 5.484393235697936575, 7.014062075510118177, 12.57253055586818569 ) ) ;
#4405 = ORIENTED_EDGE ( 'NONE', *, *, #977, .F. ) ;
#4406 = CARTESIAN_POINT ( 'NONE',  ( 5.705621539297137446, 2.423630342976938135, 12.65146459653338873 ) ) ;
#4407 = CARTESIAN_POINT ( 'NONE',  ( 3.178266428569857638, 4.489625107400649462, -9.968636074482718712 ) ) ;
#4408 = CARTESIAN_POINT ( 'NONE',  ( 3.924392266546400165, 9.191899456346074970, 12.95146459653338233 ) ) ;
#4409 = CARTESIAN_POINT ( 'NONE',  ( 1.378262917428830781, 3.229484942090829591, 57.26653826916886203 ) ) ;
#4410 = CARTESIAN_POINT ( 'NONE',  ( 1.261326351822125602, 7.418500956990939699, -7.650930696487839633 ) ) ;
#4411 = CARTESIAN_POINT ( 'NONE',  ( 1.875266577786216082, 10.79420967259238040, 10.22676723730957171 ) ) ;
#4412 = UNCERTAINTY_MEASURE_WITH_UNIT (LENGTH_MEASURE( 1.000000000000000082E-05 ), #1377, 'distance_accuracy_value', 'NONE');
#4413 = CARTESIAN_POINT ( 'NONE',  ( 4.462487399885422867, 9.162497090210660389, 12.98793112226936586 ) ) ;
#4414 = ORIENTED_EDGE ( 'NONE', *, *, #3842, .T. ) ;
#4415 = CARTESIAN_POINT ( 'NONE',  ( 6.605168400385238670, 11.64850651401781789, 7.955401604407401628 ) ) ;
#4416 = CARTESIAN_POINT ( 'NONE',  ( 5.555609763832719317, 4.349917604965124696, 11.54026869725333526 ) ) ;
#4417 = CARTESIAN_POINT ( 'NONE',  ( 5.210196446039765839, 1.562500000000001776, -6.993700611845176773 ) ) ;
#4418 = CARTESIAN_POINT ( 'NONE',  ( -0.007874015748423630195, 1.562500000000000000, 57.50000000000000000 ) ) ;
#4419 = CARTESIAN_POINT ( 'NONE',  ( 0.4240137073700495640, 10.95870208462092599, 18.26474337904051382 ) ) ;
#4420 = CARTESIAN_POINT ( 'NONE',  ( 0.5699283119027521716, 11.09734552869795898, 12.98167210557858198 ) ) ;
#4421 = CARTESIAN_POINT ( 'NONE',  ( 4.705324506003035090, 7.307657484439386231, 4.122164916415041347 ) ) ;
#4422 = CARTESIAN_POINT ( 'NONE',  ( 0.2960629921259437802, 10.85590676278952671, 12.17144099227121323 ) ) ;
#4423 = CARTESIAN_POINT ( 'NONE',  ( 5.455127056198248781, 2.854002258354179311, 0.4266120431095556942 ) ) ;
#4424 = CARTESIAN_POINT ( 'NONE',  ( 0.9113599757078206798, 10.96512062414155686, 31.92477673929326087 ) ) ;
#4425 = CARTESIAN_POINT ( 'NONE',  ( 0.08099217693596715006, 11.01701720462827438, 11.71169198075444484 ) ) ;
#4426 = CARTESIAN_POINT ( 'NONE',  ( 4.036968377656946494, 9.431322635914222374, 9.174804054092417616 ) ) ;
#4427 = CARTESIAN_POINT ( 'NONE',  ( 5.906675341539042279, 3.680089561427740907, 11.30482089265270140 ) ) ;
#4428 = CARTESIAN_POINT ( 'NONE',  ( 5.892123035827196098, 1.564063595880053503, 6.633993570855180266 ) ) ;
#4429 = CARTESIAN_POINT ( 'NONE',  ( 5.407369833590173869, 4.828368772904198636, 6.206008468732088446 ) ) ;
#4430 = CARTESIAN_POINT ( 'NONE',  ( -0.03572285302498889870, 10.91687418853222269, 10.22537392299362224 ) ) ;
#4431 = CARTESIAN_POINT ( 'NONE',  ( 2.419605677528239518, 10.47962628378697758, 8.312544167620144364 ) ) ;
#4432 = CARTESIAN_POINT ( 'NONE',  ( 5.666400126567469719, 6.206780548442083045, 10.45855708374262250 ) ) ;
#4433 = CARTESIAN_POINT ( 'NONE',  ( 5.493209247477054191, 1.910397396028006733, 12.15104823624201202 ) ) ;
#4434 = CARTESIAN_POINT ( 'NONE',  ( 4.747763271010640551, 5.497483761685439951, 52.43151276571668973 ) ) ;
#4435 = CARTESIAN_POINT ( 'NONE',  ( 2.060474032485323015, 10.47630106230025682, 12.95146459653336457 ) ) ;
#4436 = CARTESIAN_POINT ( 'NONE',  ( 0.1747649639388872411, 11.00998716238120956, 33.64226503484097464 ) ) ;
#4437 = CARTESIAN_POINT ( 'NONE',  ( 3.143394364829068977, 6.660455087333968294, 54.04121715181274510 ) ) ;
#4438 = CARTESIAN_POINT ( 'NONE',  ( 1.704113506918765619, 9.792785247746314425, 50.26014203644188427 ) ) ;
#4439 = CARTESIAN_POINT ( 'NONE',  ( 1.967332164753671675, 10.75575241365476131, 10.01427422745420692 ) ) ;
#4440 = CARTESIAN_POINT ( 'NONE',  ( 4.483791580009603095, 8.887136187042580460, 8.754153422230210424 ) ) ;
#4441 = ORIENTED_EDGE ( 'NONE', *, *, #3756, .F. ) ;
#4442 = DIRECTION ( 'NONE',  ( -6.957231484743788408E-15, 0.000000000000000000, 1.000000000000000000 ) ) ;
#4443 = CARTESIAN_POINT ( 'NONE',  ( 5.470506496063006097, 1.562499999999996003, 51.71296368615215044 ) ) ;
#4444 = CARTESIAN_POINT ( 'NONE',  ( 1.939125769951379308, 6.959307692302676429, -7.646483299565650427 ) ) ;
#4445 = CARTESIAN_POINT ( 'NONE',  ( 0.2610525798189221591, 8.327631814509622643, -5.801815274861198191 ) ) ;
#4446 = EDGE_CURVE ( 'NONE', #5832, #759, #4613, .T. ) ;
#4447 = CARTESIAN_POINT ( 'NONE',  ( 0.6453179121726084766, 11.07117712119494790, 12.55863535961042032 ) ) ;
#4448 = CARTESIAN_POINT ( 'NONE',  ( 4.434977116557027088, 6.875046955031370643, -0.1965802255830036149 ) ) ;
#4449 = VECTOR ( 'NONE', #1080, 39.37007874015748143 ) ;
#4450 = DIRECTION ( 'NONE',  ( -1.000000000000000000, 0.000000000000000000, 0.000000000000000000 ) ) ;
#4451 = CARTESIAN_POINT ( 'NONE',  ( 5.193675273137766446, 3.193040683736671603, -5.110172953626037184 ) ) ;
#4452 = CARTESIAN_POINT ( 'NONE',  ( 0.7437948616803661261, 9.739427435906705455, 2.021558182788088409 ) ) ;
#4453 = CARTESIAN_POINT ( 'NONE',  ( 0.08047898658301937125, 10.84052126370111679, 9.160170077956093948 ) ) ;
#4454 = CARTESIAN_POINT ( 'NONE',  ( 4.074925307312058820, 9.336813465419842473, 8.326128088270216665 ) ) ;
#4455 = CARTESIAN_POINT ( 'NONE',  ( 5.892125901612787153, 1.562771452955363793, 36.47861303535096056 ) ) ;
#4456 = CARTESIAN_POINT ( 'NONE',  ( 3.537800825856406650, 3.004926402194386892, 56.22428512286405322 ) ) ;
#4457 = CARTESIAN_POINT ( 'NONE',  ( -0.01843520955695206534, 11.09556938931648240, 12.98240592326164844 ) ) ;
#4458 = CARTESIAN_POINT ( 'NONE',  ( 2.171265139017179102, 10.60246953168844364, 8.737113181375313786 ) ) ;
#4459 = VECTOR ( 'NONE', #2908, 39.37007874015748854 ) ;
#4460 = CARTESIAN_POINT ( 'NONE',  ( 5.692007440639161864, 6.071645435184255035, 10.24726712334037870 ) ) ;
#4461 = CARTESIAN_POINT ( 'NONE',  ( 4.854142206379735036, 8.292170744470860555, 7.955401604407387417 ) ) ;
#4462 = CARTESIAN_POINT ( 'NONE',  ( 4.992739896138735034, 5.646971998504350054, 0.4206658272021344680 ) ) ;
#4463 = CARTESIAN_POINT ( 'NONE',  ( 5.333367918073351532, 5.919558957281815026, 12.95146459653338056 ) ) ;
#4464 = CARTESIAN_POINT ( 'NONE',  ( 1.290370879193253550, 3.303332463821072373, 57.26930643772372065 ) ) ;
#4465 = CARTESIAN_POINT ( 'NONE',  ( 1.877211207552609507, 10.30450543509341799, 9.117428489538141889 ) ) ;
#4466 = CARTESIAN_POINT ( 'NONE',  ( 2.048030520060881710, 10.83763298286053178, 11.71434187809309790 ) ) ;
#4467 = CARTESIAN_POINT ( 'NONE',  ( 4.692681449728295817, 8.784862405980412348, 12.14426459441706285 ) ) ;
#4468 = ORIENTED_EDGE ( 'NONE', *, *, #2643, .F. ) ;
#4469 = CARTESIAN_POINT ( 'NONE',  ( 0.6655335546457252782, 10.34448516381841365, 7.955401604407358107 ) ) ;
#4470 = CARTESIAN_POINT ( 'NONE',  ( -0.007874015748022262021, 9.472329179332909632, -0.1909211665312130213 ) ) ;
#4471 = CARTESIAN_POINT ( 'NONE',  ( 5.492125979942177771, 1.562500000000000666, 20.75106561753775480 ) ) ;
#4472 = CARTESIAN_POINT ( 'NONE',  ( 2.702009583338500054, 8.927145719864189033, 0.4117465033409895003 ) ) ;
#4473 = CARTESIAN_POINT ( 'NONE',  ( 0.8651939136175353928, 9.326997574643348443, -0.5906511794208658683 ) ) ;
#4474 = CARTESIAN_POINT ( 'NONE',  ( 0.3019936442223663531, 9.284462855164886008, 53.35490315741000700 ) ) ;
#4475 = CARTESIAN_POINT ( 'NONE',  ( 0.4297248071643082201, 10.85618454291400958, 9.373319973891021561 ) ) ;
#4476 = AXIS2_PLACEMENT_3D ( 'NONE', #2773, #2217, #5417 ) ;
#4477 = CARTESIAN_POINT ( 'NONE',  ( 5.356595362358629764, 7.583614908212081396, 42.60041362997731795 ) ) ;
#4478 = DIRECTION ( 'NONE',  ( 3.414809992080346871E-15, 0.000000000000000000, -1.000000000000000000 ) ) ;
#4479 = CARTESIAN_POINT ( 'NONE',  ( 0.7811670656454273720, 1.670398952464579923, 57.49999999999998579 ) ) ;
#4480 = CARTESIAN_POINT ( 'NONE',  ( 0.08820308131722033596, 2.218074390402804852, 57.50000000000000000 ) ) ;
#4481 = CARTESIAN_POINT ( 'NONE',  ( 0.09605492529280650060, 10.77662114742271271, 8.306567986443129215 ) ) ;
#4482 = CARTESIAN_POINT ( 'NONE',  ( 3.857586053840652340, 9.715219339230110052, 10.86971357702572583 ) ) ;
#4483 = CARTESIAN_POINT ( 'NONE',  ( 5.892125517981359195, 1.561303601384960160, -0.8344095799628886700 ) ) ;
#4484 = CARTESIAN_POINT ( 'NONE',  ( 5.080402270672186305, 4.414275662031966974, -2.502596510375205252 ) ) ;
#4485 = CARTESIAN_POINT ( 'NONE',  ( -0.01931827475516439963, 10.77685809829476149, 8.306449793471159637 ) ) ;
#4486 = CARTESIAN_POINT ( 'NONE',  ( 2.198876412457219320, 10.74005911608244723, 10.86571545622737922 ) ) ;
#4487 = CARTESIAN_POINT ( 'NONE',  ( 5.729737730474292690, 5.783850380203856112, 9.191137135399660707 ) ) ;
#4488 = CARTESIAN_POINT ( 'NONE',  ( 1.289236049929272543, 1.562499999999999334, 57.40870489268422716 ) ) ;
#4489 = CARTESIAN_POINT ( 'NONE',  ( 3.795288637617869387, 4.384833788451798497, -8.618481668928044570 ) ) ;
#4490 = CARTESIAN_POINT ( 'NONE',  ( 0.1415834543820722602, 11.02478025088747060, 20.74931033609508901 ) ) ;
#4491 = CARTESIAN_POINT ( 'NONE',  ( 4.252509897691499674, 9.058749777504591094, 46.35028612573083961 ) ) ;
#4492 = CARTESIAN_POINT ( 'NONE',  ( 1.505408573003984118, 9.259497832866914635, 52.34899280448097159 ) ) ;
#4493 = CARTESIAN_POINT ( 'NONE',  ( 2.040826179716453304, 10.79056384008049108, 10.86529095431970049 ) ) ;
#4494 = CARTESIAN_POINT ( 'NONE',  ( 4.755435763853960829, 8.640515818909960899, 11.29858602907394172 ) ) ;
#4495 = ORIENTED_EDGE ( 'NONE', *, *, #489, .F. ) ;
#4496 = CARTESIAN_POINT ( 'NONE',  ( 5.892125859303629198, 1.562164125519301727, 12.43414023545892988 ) ) ;
#4497 = CARTESIAN_POINT ( 'NONE',  ( 0.009877501820818741438, 8.862659408735407141, 54.16072502315297044 ) ) ;
#4498 = CARTESIAN_POINT ( 'NONE',  ( 5.445320447121677176, 1.562500000000003997, 52.12821537171996056 ) ) ;
#4499 = CARTESIAN_POINT ( 'NONE',  ( 3.089016605759097089, 9.001808139689821076, 2.040845039397322314 ) ) ;
#4500 = CARTESIAN_POINT ( 'NONE',  ( 0.8399265238627997565, 8.761378495644693842, -3.569011973920680703 ) ) ;
#4501 = CARTESIAN_POINT ( 'NONE',  ( 0.4435407216125643592, 10.02357262164689189, 51.11708849667577681 ) ) ;
#4502 = CARTESIAN_POINT ( 'NONE',  ( 0.3659881175771868000, 10.99078704751431701, 11.28722161149249636 ) ) ;
#4503 = DIRECTION ( 'NONE',  ( 0.9991388587284488754, 0.04149145669668403286, 6.951240325576539451E-15 ) ) ;
#4504 = CARTESIAN_POINT ( 'NONE',  ( 5.508624725550876455, 3.271418947013722711, 12.43996208469346065 ) ) ;
#4505 = CARTESIAN_POINT ( 'NONE',  ( 0.8329107009688998531, 9.979645830256446359, 4.081581979164301544 ) ) ;
#4506 =( NAMED_UNIT ( * ) SI_UNIT ( $, .STERADIAN. ) SOLID_ANGLE_UNIT ( ) );
#4507 = CARTESIAN_POINT ( 'NONE',  ( 0.09373059328787010369, 10.74284875247981752, 7.879532953681230190 ) ) ;
#4508 = CARTESIAN_POINT ( 'NONE',  ( 4.048175079528302689, 9.473736252379303835, 10.02314499834857209 ) ) ;
#4509 = VERTEX_POINT ( 'NONE', #3141 ) ;
#4510 = CARTESIAN_POINT ( 'NONE',  ( 5.892130251249711570, 1.564601730931911572, 43.75117257852265595 ) ) ;
#4511 = CARTESIAN_POINT ( 'NONE',  ( 5.331417284954387270, 4.281398936940989941, 51.21300844639058170 ) ) ;
#4512 = CARTESIAN_POINT ( 'NONE',  ( 0.1067753327511039019, 10.43736517191341484, 9.115998599471680564 ) ) ;
#4513 = CARTESIAN_POINT ( 'NONE',  ( 1.855673728438140380, 8.564861273590574697, -2.994389760109181786 ) ) ;
#4514 = ADVANCED_FACE ( 'NONE', ( #3253 ), #2613, .F. ) ;
#4515 = CARTESIAN_POINT ( 'NONE',  ( -0.01845266286919036713, 10.96091203981385220, 10.86323815891956102 ) ) ;
#4516 = CARTESIAN_POINT ( 'NONE',  ( 2.280588325881055756, 10.82450727209006480, 12.98578014378753132 ) ) ;
#4517 = CARTESIAN_POINT ( 'NONE',  ( 5.745035032605796843, 5.840865978839082651, 11.72693784182367160 ) ) ;
#4518 = CARTESIAN_POINT ( 'NONE',  ( 5.351966823733106615, 7.185170897289522962, 7.955401604407398075 ) ) ;
#4519 = CARTESIAN_POINT ( 'NONE',  ( 4.711307887902359326, 5.289764472504117521, -3.101908432271201388 ) ) ;
#4520 = CARTESIAN_POINT ( 'NONE',  ( 4.398351045230942447, 8.866002114549736746, 36.12909650982446408 ) ) ;
#4521 = CARTESIAN_POINT ( 'NONE',  ( 1.858867855336681085, 10.20895452725999419, 7.838455118064699079 ) ) ;
#4522 = CARTESIAN_POINT ( 'NONE',  ( 2.113831315082629558, 10.65185485433459256, 9.162947030626074962 ) ) ;
#4523 = CARTESIAN_POINT ( 'NONE',  ( 4.804485346075139773, 8.473795608049311312, 9.816809521760642809 ) ) ;
#4524 = ORIENTED_EDGE ( 'NONE', *, *, #3756, .T. ) ;
#4525 = DIRECTION ( 'NONE',  ( 0.000000000000000000, 1.000000000000000000, 0.000000000000000000 ) ) ;
#4526 = CARTESIAN_POINT ( 'NONE',  ( 0.01405031519013103837, 9.884074986097409976, 51.92447219456067131 ) ) ;
#4527 = LINE ( 'NONE', #1799, #2098 ) ;
#4528 = CARTESIAN_POINT ( 'NONE',  ( 2.967369172137879207, 8.987157153681870625, 50.61120258200734412 ) ) ;
#4529 = CARTESIAN_POINT ( 'NONE',  ( 1.163245606462817827, 10.31768726259040925, 7.836455845268893050 ) ) ;
#4530 = CARTESIAN_POINT ( 'NONE',  ( 0.6529361153602450951, 10.55577682127493411, 10.78741464416174090 ) ) ;
#4531 = CARTESIAN_POINT ( 'NONE',  ( 0.5084808852087173703, 10.91743304252844915, 10.22490012506592016 ) ) ;
#4532 = CARTESIAN_POINT ( 'NONE',  ( 5.403907755985417616, 2.163091093659609943, 52.48652607320718033 ) ) ;
#4533 = CARTESIAN_POINT ( 'NONE',  ( 0.1730920630544310612, 9.309781605228137025, 53.35652379627212838 ) ) ;
#4534 =( CONVERSION_BASED_UNIT ( 'INCH', #1891 ) LENGTH_UNIT ( ) NAMED_UNIT ( #2939 ) );
#4535 = CARTESIAN_POINT ( 'NONE',  ( 0.1333095835323528933, 11.09679177575443099, 12.98206515878711009 ) ) ;
#4536 = CARTESIAN_POINT ( 'NONE',  ( 4.092385397551697501, 9.602159960877363787, 12.98600188332775218 ) ) ;
#4537 = VERTEX_POINT ( 'NONE', #4422 ) ;
#4538 = CARTESIAN_POINT ( 'NONE',  ( 5.891783382504300448, 1.563188817953924170, 48.82753932727330692 ) ) ;
#4539 = CARTESIAN_POINT ( 'NONE',  ( 4.855646795186818743, 4.165578285951966997, -5.091679408210458391 ) ) ;
#4540 = CARTESIAN_POINT ( 'NONE',  ( 0.09629076551784405968, 10.85632620838769924, 15.74685435788338772 ) ) ;
#4541 = CARTESIAN_POINT ( 'NONE',  ( 0.4320737793708337993, 3.470990381732955488, -14.99999999999999467 ) ) ;
#4542 = CARTESIAN_POINT ( 'NONE',  ( 0.6235253142276033778, 10.99995286938344208, 31.92477412511285806 ) ) ;
#4543 = CARTESIAN_POINT ( 'NONE',  ( -0.01598939029075539114, 10.98930514500851352, 11.28781809030800432 ) ) ;
#4544 = CARTESIAN_POINT ( 'NONE',  ( 2.438190005275209238, 10.58023638883229012, 9.803417355442864078 ) ) ;
#4545 = CARTESIAN_POINT ( 'NONE',  ( 5.747521826561151848, 5.857798721533509223, 12.57212364569254071 ) ) ;
#4546 = CARTESIAN_POINT ( 'NONE',  ( 3.189231134341039109, 10.04348705645179685, 7.955401604407375871 ) ) ;
#4547 = CARTESIAN_POINT ( 'NONE',  ( 5.317466783919666540, 6.218401496476758439, 36.12836701223680791 ) ) ;
#4548 = CARTESIAN_POINT ( 'NONE',  ( 3.646940951768284034, 7.003787360570622234, 52.96751048462056133 ) ) ;
#4549 = CARTESIAN_POINT ( 'NONE',  ( 1.430644864287396789, 7.554027054169616839, -6.993418324153706678 ) ) ;
#4550 = CARTESIAN_POINT ( 'NONE',  ( 2.050211506556153029, 10.67135648314049412, 9.162606753693252060 ) ) ;
#4551 = CARTESIAN_POINT ( 'NONE',  ( 4.819870469366393628, 8.507865623566305047, 10.87577341786204421 ) ) ;
#4552 = VERTEX_POINT ( 'NONE', #5342 ) ;
#4553 = CARTESIAN_POINT ( 'NONE',  ( -0.003937007874059043205, 0.7593198816405254403, 12.95146459653335036 ) ) ;
#4554 = CARTESIAN_POINT ( 'NONE',  ( -0.007874015747917769217, 1.562500000000000000, -14.99999999999999822 ) ) ;
#4555 = CARTESIAN_POINT ( 'NONE',  ( 3.265174473134647926, 8.540430895748350792, 0.4132330573178479849 ) ) ;
#4556 = CARTESIAN_POINT ( 'NONE',  ( 0.5938660564761121252, 5.979912989851142058, 56.42417064368583368 ) ) ;
#4557 = CARTESIAN_POINT ( 'NONE',  ( 0.3773689356337650014, 8.851089410830891069, -3.557326324244654003 ) ) ;
#4558 = CARTESIAN_POINT ( 'NONE',  ( 0.7865715889452071785, 11.04161156334993521, 12.13530398455348802 ) ) ;
#4559 = CARTESIAN_POINT ( 'NONE',  ( 5.466816634403699027, 2.166494546018555400, 51.70095432902979837 ) ) ;
#4560 = CARTESIAN_POINT ( 'NONE',  ( 4.519864322587331174, 8.470579889113205141, 33.64172248717292035 ) ) ;
#4561 = CARTESIAN_POINT ( 'NONE',  ( 0.1907337510657275692, 9.754881611291640553, 52.32561214879755340 ) ) ;
#4562 = CARTESIAN_POINT ( 'NONE',  ( 1.701717786275216193, 10.97153087255566462, 12.56163768919746104 ) ) ;
#4563 = CARTESIAN_POINT ( 'NONE',  ( 5.496913710487275395, 3.973112950669760224, 10.26899105874270468 ) ) ;
#4564 = CARTESIAN_POINT ( 'NONE',  ( 0.2123149674481069060, 10.85622182145424830, 9.373381635096626141 ) ) ;
#4565 = CARTESIAN_POINT ( 'NONE',  ( 4.303809275831580017, 9.267952930262749689, 11.29535847452290298 ) ) ;
#4566 = CARTESIAN_POINT ( 'NONE',  ( 5.744510912093780064, 5.577156794348940849, 7.955401604407403404 ) ) ;
#4567 = CARTESIAN_POINT ( 'NONE',  ( 5.492111636949645437, 4.242189070355580682, 10.78115548175340166 ) ) ;
#4568 = CARTESIAN_POINT ( 'NONE',  ( 0.04606691121309812453, 9.002158947343870565, -2.950230305471215342 ) ) ;
#4569 = CARTESIAN_POINT ( 'NONE',  ( 2.007437921454610308, 9.118052975282497030, -0.1930433136756318779 ) ) ;
#4570 = CARTESIAN_POINT ( 'NONE',  ( 0.5968682014529713697, 9.786515016976359504, 51.93723939104059184 ) ) ;
#4571 = CARTESIAN_POINT ( 'NONE',  ( -0.01265311482652587034, 10.80925758404918824, 8.733568459920949323 ) ) ;
#4572 = CARTESIAN_POINT ( 'NONE',  ( 2.912034812992338129, 10.20768870645437865, 7.890952419282796448 ) ) ;
#4573 = CARTESIAN_POINT ( 'NONE',  ( 5.767363140581214687, 5.723373534619201841, 12.14946944125831330 ) ) ;
#4574 = DIRECTION ( 'NONE',  ( -3.478615742371893810E-15, 0.000000000000000000, 1.000000000000000000 ) ) ;
#4575 = CARTESIAN_POINT ( 'NONE',  ( 4.880691811806206815, 5.050853777032166647, -2.489781521160369326 ) ) ;
#4576 = CARTESIAN_POINT ( 'NONE',  ( 3.983211333717757263, 8.024443956671555966, 50.61938203242520018 ) ) ;
#4577 = CARTESIAN_POINT ( 'NONE',  ( 1.850406430586294615, 9.279540911574203577, 0.4098883108699168942 ) ) ;
#4578 = CARTESIAN_POINT ( 'NONE',  ( 2.135701882126734397, 10.76083118764547031, 10.86554827100693821 ) ) ;
#4579 = CARTESIAN_POINT ( 'NONE',  ( 4.954994028047747356, 8.257095283937889718, 10.45341473239552244 ) ) ;
#4580 = ORIENTED_EDGE ( 'NONE', *, *, #4884, .F. ) ;
#4581 = DIRECTION ( 'NONE',  ( 3.478837679431853666E-15, 0.000000000000000000, -1.000000000000000000 ) ) ;
#4582 = CARTESIAN_POINT ( 'NONE',  ( 5.226812171987267774, 7.538573795096043639, 39.75754548788367515 ) ) ;
#4583 = CARTESIAN_POINT ( 'NONE',  ( -0.007874015748078088892, 10.34141727185504145, 7.833456936075216426 ) ) ;
#4584 = CARTESIAN_POINT ( 'NONE',  ( 2.816293036118395321, 7.950930136980220553, 52.96611874283178167 ) ) ;
#4585 = CARTESIAN_POINT ( 'NONE',  ( 1.123584098480887139, 9.163917879620216311, 52.96403113014879693 ) ) ;
#4586 = CARTESIAN_POINT ( 'NONE',  ( 0.1699017417156563070, 4.027031972345125332, 57.29768016541071063 ) ) ;
#4587 = CARTESIAN_POINT ( 'NONE',  ( 0.7168686591436900235, 10.91562761712009788, 10.22488184397628785 ) ) ;
#4588 = CARTESIAN_POINT ( 'NONE',  ( 1.642444838058349177, 1.887433267790865843, -14.99999999999997158 ) ) ;
#4589 = CARTESIAN_POINT ( 'NONE',  ( -0.007874015748423630195, 1.562500000000000000, 57.50000000000000000 ) ) ;
#4590 = CARTESIAN_POINT ( 'NONE',  ( 0.3264551283508064783, 10.43730868610781037, 9.116149114215515326 ) ) ;
#4591 = CARTESIAN_POINT ( 'NONE',  ( 1.641706895507345942, 10.66259685449279004, 7.881286433586726758 ) ) ;
#4592 = CARTESIAN_POINT ( 'NONE',  ( 0.000000000000000000, 0.000000000000000000, 0.000000000000000000 ) ) ;
#4593 = CARTESIAN_POINT ( 'NONE',  ( 0.1923928404232422285, 10.84046361843060424, 9.160139255380972401 ) ) ;
#4594 = CARTESIAN_POINT ( 'NONE',  ( 5.705621539297136557, 2.423630342976938135, 12.95146459653338944 ) ) ;
#4595 = CARTESIAN_POINT ( 'NONE',  ( 4.314211904316088031, 3.470063934409027162, -8.606698738872935905 ) ) ;
#4596 = CARTESIAN_POINT ( 'NONE',  ( 0.04281136397383054903, 5.546541066216526872, -13.07197988516376874 ) ) ;
#4597 = CARTESIAN_POINT ( 'NONE',  ( 1.492890124165578536, 7.275874789119523456, -7.649448230847110786 ) ) ;
#4598 = CARTESIAN_POINT ( 'NONE',  ( 0.5415337537757122233, 10.10148219245242096, 50.59637732812494448 ) ) ;
#4599 = CARTESIAN_POINT ( 'NONE',  ( 0.003745734885110400033, 11.01667533504271823, 11.71183058128336718 ) ) ;
#4600 = CARTESIAN_POINT ( 'NONE',  ( 2.664977542499048724, 10.33354893916418682, 7.888652252920583585 ) ) ;
#4601 = CARTESIAN_POINT ( 'NONE',  ( 5.800485985689787682, 5.461285936092004967, 11.72664723113075347 ) ) ;
#4602 = CARTESIAN_POINT ( 'NONE',  ( 5.492125982769904269, 1.562500000000000000, 14.07201153074024091 ) ) ;
#4603 = CARTESIAN_POINT ( 'NONE',  ( 4.491766202678355135, 4.425541508614837305, 53.95794715113702722 ) ) ;
#4604 = CARTESIAN_POINT ( 'NONE',  ( 4.270995184876281492, 8.528752248830556937, 9.119836725439560254 ) ) ;
#4605 = CARTESIAN_POINT ( 'NONE',  ( 1.076038670761437777, 5.662605241665986888, 56.39979436065893736 ) ) ;
#4606 = DIRECTION ( 'NONE',  ( -6.957231484743788408E-15, 0.000000000000000000, 1.000000000000000000 ) ) ;
#4607 = CARTESIAN_POINT ( 'NONE',  ( 5.901283759144442698, 2.684647916249874200, 11.72680366092816762 ) ) ;
#4608 = CIRCLE ( 'NONE', #2335, 0.1000000000000005745 ) ;
#4609 = CARTESIAN_POINT ( 'NONE',  ( 5.383369526504617752, 7.243853429632000740, 10.03365795697299312 ) ) ;
#4610 = VERTEX_POINT ( 'NONE', #1302 ) ;
#4611 = CARTESIAN_POINT ( 'NONE',  ( 4.658392198569889509, 7.792742199927015001, 7.955401604407399851 ) ) ;
#4612 = CARTESIAN_POINT ( 'NONE',  ( -0.007874015748423630195, 1.562500000000000000, 57.50000000000000000 ) ) ;
#4613 = LINE ( 'NONE', #5841, #4751 ) ;
#4614 = CARTESIAN_POINT ( 'NONE',  ( 0.01162204426987937037, 8.747646943945387221, -4.149640900539225186 ) ) ;
#4615 = CARTESIAN_POINT ( 'NONE',  ( 3.473705166332636818, 9.193688567032097581, 6.179541871164352607 ) ) ;
#4616 = CARTESIAN_POINT ( 'NONE',  ( 1.149665533642019399, 9.290790611358108464, 52.69239728010421686 ) ) ;
#4617 = CARTESIAN_POINT ( 'NONE',  ( 0.5883567500829909314, 10.85537582217657437, 15.74618841297717431 ) ) ;
#4618 = CARTESIAN_POINT ( 'NONE',  ( 0.6844030404165346582, 10.77350429482914329, 8.306945743188347109 ) ) ;
#4619 = CARTESIAN_POINT ( 'NONE',  ( 5.497351378216182027, 2.157826817313444501, 49.93796368646649597 ) ) ;
#4620 = EDGE_CURVE ( 'NONE', #2243, #3470, #434, .T. ) ;
#4621 = CARTESIAN_POINT ( 'NONE',  ( 3.998662833732767652, 6.983697220906793568, 52.40400611197143377 ) ) ;
#4622 = CARTESIAN_POINT ( 'NONE',  ( 0.1070577890840459928, 6.173906564185345225, 56.45098455501565127 ) ) ;
#4623 = CARTESIAN_POINT ( 'NONE',  ( 1.823430513772120731, 10.87424380946898594, 11.28951126905910485 ) ) ;
#4624 = CARTESIAN_POINT ( 'NONE',  ( 5.495042386133964563, 4.049428943038419604, 10.33594095668712853 ) ) ;
#4625 = CARTESIAN_POINT ( 'NONE',  ( 0.1769921196852844436, 10.88693065486084777, 9.799468156600891433 ) ) ;
#4626 = CARTESIAN_POINT ( 'NONE',  ( 5.887382889553964382, 4.249028278073351927, 9.475097153154559138 ) ) ;
#4627 = CARTESIAN_POINT ( 'NONE',  ( 5.361611272086910240, 4.320018710681259755, 2.085353170033989567 ) ) ;
#4628 = CARTESIAN_POINT ( 'NONE',  ( 1.886860077655987844, 8.699824826694714019, 52.96490096876671316 ) ) ;
#4629 = CARTESIAN_POINT ( 'NONE',  ( 0.7524431361203248736, 10.55431408619538480, 10.78734805732760904 ) ) ;
#4630 = CARTESIAN_POINT ( 'NONE',  ( -0.008375478569382430530, 10.98930785496766660, 11.28781231013373620 ) ) ;
#4631 = CARTESIAN_POINT ( 'NONE',  ( 2.679649336687325079, 10.42274487806859185, 9.166336961525519911 ) ) ;
#4632 = CARTESIAN_POINT ( 'NONE',  ( 5.787853519830401083, 5.383848487278745765, 9.192042647759324225 ) ) ;
#4633 = CARTESIAN_POINT ( 'NONE',  ( 5.492118469894298194, 1.562500000000000000, 1.688186835150102816 ) ) ;
#4634 = CARTESIAN_POINT ( 'NONE',  ( 5.047730260619114340, 5.255069482420108962, -0.1983486815366939937 ) ) ;
#4635 = CARTESIAN_POINT ( 'NONE',  ( 4.006846568367985029, 7.505423137098534703, 51.60487947205044179 ) ) ;
#4636 = CARTESIAN_POINT ( 'NONE',  ( 1.621155692462059816, 9.027791499438121647, 52.69692736485510665 ) ) ;
#4637 = FACE_BOUND ( 'NONE', #5533, .T. ) ;
#4638 = CARTESIAN_POINT ( 'NONE',  ( 5.904806694119941746, 3.027463906617976708, 12.57101454271825069 ) ) ;
#4639 = EDGE_CURVE ( 'NONE', #2547, #1265, #2034, .T. ) ;
#4640 = CARTESIAN_POINT ( 'NONE',  ( 5.378289373963364817, 7.235646134845167055, 9.610310006878389544 ) ) ;
#4641 = EDGE_LOOP ( 'NONE', ( #4468, #2256, #2772, #4495 ) ) ;
#4642 = DIRECTION ( 'NONE',  ( -6.957231484743788408E-15, 0.000000000000000000, 1.000000000000000000 ) ) ;
#4643 = CARTESIAN_POINT ( 'NONE',  ( 3.586026951873676705, 5.240187055547284700, -7.633141108799137875 ) ) ;
#4644 = CARTESIAN_POINT ( 'NONE',  ( 5.820969262717060388, 4.105747173878562251, 10.21022914903228873 ) ) ;
#4645 = CARTESIAN_POINT ( 'NONE',  ( 0.06073512637253368485, 9.985449935972001256, 51.52231514183399241 ) ) ;
#4646 = CARTESIAN_POINT ( 'NONE',  ( 2.241062992747168803, 6.989518297032835115, -6.993455607433726406 ) ) ;
#4647 = CARTESIAN_POINT ( 'NONE',  ( 1.252275897512998837, 9.322125087741897076, -0.1923359312941595456 ) ) ;
#4648 = CARTESIAN_POINT ( 'NONE',  ( 0.4363701350009528412, 9.247783488611322156, 53.35328251854787140 ) ) ;
#4649 = CARTESIAN_POINT ( 'NONE',  ( 0.7182467820023399341, 11.04352480461439256, 12.13520496254014169 ) ) ;
#4650 = CARTESIAN_POINT ( 'NONE',  ( 4.938078509265277027, 7.938892328307831647, 12.65146459653338340 ) ) ;
#4651 = CARTESIAN_POINT ( 'NONE',  ( 5.889674333278768437, 4.208539459817842499, 10.29776264329773028 ) ) ;
#4652 = AXIS2_PLACEMENT_3D ( 'NONE', #3501, #4331, #5308 ) ;
#4653 = CARTESIAN_POINT ( 'NONE',  ( 5.471548551288666573, 2.151003861693127295, -3.779353668089314056 ) ) ;
#4654 = EDGE_CURVE ( 'NONE', #5298, #3175, #2199, .T. ) ;
#4655 = CARTESIAN_POINT ( 'NONE',  ( 4.623018459069287545, 8.041318217041482086, 28.18604172806893260 ) ) ;
#4656 = CARTESIAN_POINT ( 'NONE',  ( 0.3349354347808340404, 10.66907222713832226, 12.45367748482366466 ) ) ;
#4657 = CARTESIAN_POINT ( 'NONE',  ( 1.680607211298192460, 10.80585422636304038, 9.800366131456978991 ) ) ;
#4658 = CARTESIAN_POINT ( 'NONE',  ( 0.1554379257886721599, 10.84047344268690871, 9.160148836941996109 ) ) ;
#4659 = CARTESIAN_POINT ( 'NONE',  ( 0.9588684637212919748, 1.577590672696756346, -15.24915507191369279 ) ) ;
#4660 = CARTESIAN_POINT ( 'NONE',  ( 5.300259187498187252, 4.250889055068591382, 0.4236389351558463856 ) ) ;
#4661 = CARTESIAN_POINT ( 'NONE',  ( 2.326698863851678123, 9.678198420419072079, 4.093606553164522488 ) ) ;
#4662 = CARTESIAN_POINT ( 'NONE',  ( 0.3327258724571772741, 6.106882926818460788, 56.43798387073454847 ) ) ;
#4663 = CARTESIAN_POINT ( 'NONE',  ( -0.01029331027368579794, 10.80925621747891618, 8.733570553492352673 ) ) ;
#4664 = CARTESIAN_POINT ( 'NONE',  ( 2.575660517767353941, 10.58769235377044460, 10.86656607169783051 ) ) ;
#4665 = CARTESIAN_POINT ( 'NONE',  ( 5.847141722802108532, 4.857836694861831006, 9.404138478534324719 ) ) ;
#4666 = AXIS2_PLACEMENT_3D ( 'NONE', #3401, #1048, #5594 ) ;
#4667 = CARTESIAN_POINT ( 'NONE',  ( 5.382380261209402939, 1.562499999999993339, 52.72400780512376173 ) ) ;
#4668 = CARTESIAN_POINT ( 'NONE',  ( 5.643617551740603311, 5.791875796415670408, 46.29155307691461019 ) ) ;
#4669 = CARTESIAN_POINT ( 'NONE',  ( 4.528416047143828393, 8.170045423062109791, 48.53034537841123353 ) ) ;
#4670 = CARTESIAN_POINT ( 'NONE',  ( 2.085820283970990285, 10.70098632013010231, 24.06658978312220754 ) ) ;
#4671 = LINE ( 'NONE', #187, #4105 ) ;
#4672 = CARTESIAN_POINT ( 'NONE',  ( 5.899679390438174131, 3.488538789115746219, 8.354959859825006774 ) ) ;
#4673 = CARTESIAN_POINT ( 'NONE',  ( 5.108522280562726614, 8.058943620105466721, 12.99297405252912796 ) ) ;
#4674 = ORIENTED_EDGE ( 'NONE', *, *, #3215, .F. ) ;
#4675 = CARTESIAN_POINT ( 'NONE',  ( 5.288326723519963579, 5.906171983512948032, 7.955401604407398075 ) ) ;
#4676 = CARTESIAN_POINT ( 'NONE',  ( 5.055502642981408279, 6.967148710955477497, 33.64156173230821878 ) ) ;
#4677 = CARTESIAN_POINT ( 'NONE',  ( 1.276286377868132815, 10.66194977918260811, 12.95146459653336279 ) ) ;
#4678 = CARTESIAN_POINT ( 'NONE',  ( 0.02919906166935969799, 6.183393338417140228, 56.45585981162102485 ) ) ;
#4679 = CARTESIAN_POINT ( 'NONE',  ( 3.097752908223288859, 8.506942159214158750, 51.58086075780563107 ) ) ;
#4680 = CARTESIAN_POINT ( 'NONE',  ( 0.9045667089970367281, 7.689735279556381364, 55.06842107715217338 ) ) ;
#4681 = CARTESIAN_POINT ( 'NONE',  ( 0.9138227736638913079, 10.88108948208784632, 9.799301696040247478 ) ) ;
#4682 = CARTESIAN_POINT ( 'NONE',  ( 4.282099143618975923, 9.203894126939111686, 9.812663684352765259 ) ) ;
#4683 = PLANE ( 'NONE',  #1129 ) ;
#4684 = DIRECTION ( 'NONE',  ( 1.000000000000000000, 0.000000000000000000, 1.092739197465698976E-14 ) ) ;
#4685 = CARTESIAN_POINT ( 'NONE',  ( 5.492036446370706315, 1.751649071845536643, 36.12718592090426739 ) ) ;
#4686 = CARTESIAN_POINT ( 'NONE',  ( 4.467690709863185283, 8.420481084513276926, 28.18596041373922390 ) ) ;
#4687 = CARTESIAN_POINT ( 'NONE',  ( 0.2744800393962675833, 11.08350645421516845, 24.06566127374019004 ) ) ;
#4688 = CARTESIAN_POINT ( 'NONE',  ( 2.016211134186521647, 10.84726961837381864, 11.71427974479851919 ) ) ;
#4689 = CARTESIAN_POINT ( 'NONE',  ( 0.2144957221730801611, 10.88698024913878903, 9.799436285005864278 ) ) ;
#4690 = CARTESIAN_POINT ( 'NONE',  ( 4.374682078524634754, 6.932514034292401206, 51.61688882917301413 ) ) ;
#4691 = CARTESIAN_POINT ( 'NONE',  ( 1.832437663162603592, 1.585435869451273794, -14.82850277651808746 ) ) ;
#4692 = CARTESIAN_POINT ( 'NONE',  ( 5.404324407483919401, 4.562705607419650811, 28.18685487136704282 ) ) ;
#4693 = CARTESIAN_POINT ( 'NONE',  ( 1.341372865223161570, 6.372879899479246824, -10.01209510731164976 ) ) ;
#4694 = CARTESIAN_POINT ( 'NONE',  ( 0.7505159658219816565, 10.98627986160334125, 31.92477528697083500 ) ) ;
#4695 = CARTESIAN_POINT ( 'NONE',  ( -0.005479198434768806254, 10.77684655676845615, 8.306469149085678794 ) ) ;
#4696 = CARTESIAN_POINT ( 'NONE',  ( 2.920876816923653418, 10.26715565172420419, 8.742443973753893260 ) ) ;
#4697 = CARTESIAN_POINT ( 'NONE',  ( 5.781460910024577515, 5.563735360178688083, 10.88149601072019124 ) ) ;
#4698 = CARTESIAN_POINT ( 'NONE',  ( 5.492125985348273787, 1.562500000000002442, 29.01776200751348966 ) ) ;
#4699 = CARTESIAN_POINT ( 'NONE',  ( 2.559915214811318229, 3.244521260253286243, -12.99707850480690219 ) ) ;
#4700 = EDGE_CURVE ( 'NONE', #228, #369, #3984, .T. ) ;
#4701 = CARTESIAN_POINT ( 'NONE',  ( 2.054809896173968919, 9.633104688145738947, 50.26094188660855622 ) ) ;
#4702 = CARTESIAN_POINT ( 'NONE',  ( -0.09557371634837022456, 11.09552093983161569, 12.98248690901023039 ) ) ;
#4703 = CARTESIAN_POINT ( 'NONE',  ( 5.903900612163485384, 3.042565307165271626, 9.618553691980622489 ) ) ;
#4704 = CARTESIAN_POINT ( 'NONE',  ( 5.060815987421715789, 7.976706628865780857, 9.183639283818259003 ) ) ;
#4705 = EDGE_LOOP ( 'NONE', ( #250, #2130 ) ) ;
#4706 = CARTESIAN_POINT ( 'NONE',  ( 3.172640857973093809, 9.567965431296943990, 7.955401604407377647 ) ) ;
#4707 = CARTESIAN_POINT ( 'NONE',  ( 5.096269649470781538, 6.998331148409469904, 34.88788211218087554 ) ) ;
#4708 = DIRECTION ( 'NONE',  ( 1.000000000000000000, 0.000000000000000000, 1.092739197465710967E-14 ) ) ;
#4709 = CARTESIAN_POINT ( 'NONE',  ( 0.01689020302639682516, 10.21319528436033863, 50.25620943978884725 ) ) ;
#4710 = CARTESIAN_POINT ( 'NONE',  ( 3.906255428986396883, 9.484208185052983353, 20.74989542990926950 ) ) ;
#4711 = CARTESIAN_POINT ( 'NONE',  ( 0.9637843836852918455, 8.155268061356142795, -5.809697856408138961 ) ) ;
#4712 = CARTESIAN_POINT ( 'NONE',  ( 1.397084936171798519, 10.73501833373920711, 8.307271305394666072 ) ) ;
#4713 = CARTESIAN_POINT ( 'NONE',  ( 4.142772313784485405, 9.361275581460489548, 9.811737796940521505 ) ) ;
#4714 = CARTESIAN_POINT ( 'NONE',  ( 4.238065709544624582, 9.441059046854912040, 12.95146459653338411 ) ) ;
#4715 = DIRECTION ( 'NONE',  ( -1.000000000000000000, 0.000000000000000000, -6.957231484743787620E-15 ) ) ;
#4716 = CARTESIAN_POINT ( 'NONE',  ( 5.492090188454449518, 1.751673452720116320, 50.28120475749874885 ) ) ;
#4717 = CARTESIAN_POINT ( 'NONE',  ( 2.642000190938535997, 10.20111610848433514, 12.45044786460950270 ) ) ;
#4718 = CARTESIAN_POINT ( 'NONE',  ( 0.4457298176026444070, 10.55686994683573054, 10.78754781782999217 ) ) ;
#4719 = CARTESIAN_POINT ( 'NONE',  ( 1.999063455099040487, 10.74701398452100776, 10.01439331063438587 ) ) ;
#4720 = CARTESIAN_POINT ( 'NONE',  ( 0.3190880603023826256, 11.09831797914499063, 12.98171694156644485 ) ) ;
#4721 = CARTESIAN_POINT ( 'NONE',  ( 4.802784275872808983, 7.497248805352490386, 7.849451118441556297 ) ) ;
#4722 = PLANE ( 'NONE',  #5374 ) ;
#4723 = CARTESIAN_POINT ( 'NONE',  ( 5.468657584923636072, 3.484067860920051274, 4.153228399248933833 ) ) ;
#4724 = CARTESIAN_POINT ( 'NONE',  ( 2.478752522136620229, 10.49207447282146788, 18.26398571349294997 ) ) ;
#4725 = CARTESIAN_POINT ( 'NONE',  ( 0.8278678743235780013, 10.33409143446974809, 7.835539511904172194 ) ) ;
#4726 = CARTESIAN_POINT ( 'NONE',  ( -0.01094878437721578078, 11.01666629828202204, 11.71184417610790263 ) ) ;
#4727 = CARTESIAN_POINT ( 'NONE',  ( 3.322218390839848379, 10.23241952820475120, 12.13881080535225543 ) ) ;
#4728 = CARTESIAN_POINT ( 'NONE',  ( 5.825485246739692258, 5.138385545706304569, 9.825737167182261089 ) ) ;
#4729 = CARTESIAN_POINT ( 'NONE',  ( 5.492125985783401276, 1.562499999999999334, 11.58474949165028711 ) ) ;
#4730 = CARTESIAN_POINT ( 'NONE',  ( 5.671975943077366189, 5.356789635007624284, 46.28502718260194371 ) ) ;
#4731 = CARTESIAN_POINT ( 'NONE',  ( -0.07566700491830756492, 11.09553344292717902, 12.98246600946816542 ) ) ;
#4732 = CARTESIAN_POINT ( 'NONE',  ( 5.904672371580709900, 2.948744763327394658, 11.72701449549898456 ) ) ;
#4733 = CARTESIAN_POINT ( 'NONE',  ( 5.319879487649707528, 7.540201917194973902, 12.99439590723507543 ) ) ;
#4734 = AXIS2_PLACEMENT_3D ( 'NONE', #4263, #1559, #193 ) ;
#4735 = ORIENTED_EDGE ( 'NONE', *, *, #1357, .F. ) ;
#4736 = DIRECTION ( 'NONE',  ( -0.000000000000000000, -1.000000000000000000, 0.000000000000000000 ) ) ;
#4737 = CARTESIAN_POINT ( 'NONE',  ( 3.607580167902728174, 4.986362744282141435, 54.90112203604171981 ) ) ;
#4738 = CARTESIAN_POINT ( 'NONE',  ( -0.003937007874056170503, 10.85590676278952671, 12.17144099227121146 ) ) ;
#4739 = CARTESIAN_POINT ( 'NONE',  ( 0.01736621634971435846, 10.25817267237068187, 49.94329331220928481 ) ) ;
#4740 = CARTESIAN_POINT ( 'NONE',  ( 3.977252534007382323, 9.320425365676259233, 46.35681202004365531 ) ) ;
#4741 = CARTESIAN_POINT ( 'NONE',  ( 1.074708751083752523, 7.881513805871410483, -6.559296160927042152 ) ) ;
#4742 = B_SPLINE_CURVE_WITH_KNOTS ( 'NONE', 3,
 ( #4101, #3909, #5403, #26, #3434, #5242, #4853, #1172, #5712, #4378, #2984, #306, #1678, #3413, #5160, #1921, #5572, #5190, #1600, #200, #1087, #5543, #3350, #3829, #2964, #4651, #5099, #3739, #1153, #3380, #583, #1954, #679, #1118 ),
 .UNSPECIFIED., .F., .F.,
 ( 4, 2, 2, 2, 2, 2, 2, 2, 2, 2, 2, 2, 2, 2, 2, 2, 4 ),
 ( 0.000000000000000000, 0.0006576529607372150416, 0.001315305921474430083, 0.001972958882211645233, 0.002630611842948860166, 0.003288264803686075100, 0.003945917764423290466, 0.004603570725160504966, 0.005261223685897720333, 0.005918876646634935700, 0.006576529607372150199, 0.007234182568109365566, 0.007891835528846580933, 0.008549488489583796300, 0.009207141450321009932, 0.009864794411058225299, 0.01052244737179544067 ),
 .UNSPECIFIED. ) ;
#4743 = CARTESIAN_POINT ( 'NONE',  ( 1.052038612135803852, 10.92087896764357069, 10.43766428879180275 ) ) ;
#4744 = CARTESIAN_POINT ( 'NONE',  ( 4.230425193185590516, 9.426193303816093660, 12.56404854380168956 ) ) ;
#4745 = CARTESIAN_POINT ( 'NONE',  ( 0.1271073303362953433, 9.878503124545654046, 51.92713202716064558 ) ) ;
#4746 = CARTESIAN_POINT ( 'NONE',  ( 5.826466880729375575, 3.973361275097041734, 10.21022914903228873 ) ) ;
#4747 = CARTESIAN_POINT ( 'NONE',  ( 5.491243357425592997, 1.760180949078304247, 6.222974236403715054 ) ) ;
#4748 = CARTESIAN_POINT ( 'NONE',  ( -0.007874015748423630195, 1.562500000000000000, 57.50000000000000000 ) ) ;
#4749 = CARTESIAN_POINT ( 'NONE',  ( 0.2693669750297444376, 9.860775327018927783, 51.93032382628064170 ) ) ;
#4750 = CARTESIAN_POINT ( 'NONE',  ( 1.979611361812454451, 10.65940520428061511, 8.735982430028380818 ) ) ;
#4751 = VECTOR ( 'NONE', #3059, 39.37007874015748143 ) ;
#4752 = CARTESIAN_POINT ( 'NONE',  ( 0.3153872439466232636, 10.80882285887541272, 8.733671056523169440 ) ) ;
#4753 = VECTOR ( 'NONE', #5280, 39.37007874015748143 ) ;
#4754 = CARTESIAN_POINT ( 'NONE',  ( 4.659497670196953045, 7.879968073940023743, 9.120438784414924172 ) ) ;
#4755 = CARTESIAN_POINT ( 'NONE',  ( 5.895961246565742719, 3.993848096299840389, 10.14369633018086070 ) ) ;
#4756 = CARTESIAN_POINT ( 'NONE',  ( 5.338454862845193105, 3.396879237120220107, 52.09204164836012296 ) ) ;
#4757 = CARTESIAN_POINT ( 'NONE',  ( 2.488176025823409798, 10.54220386111135532, 24.06679611854042378 ) ) ;
#4758 = CARTESIAN_POINT ( 'NONE',  ( 1.001188377817346709, 10.83885265396773434, 42.68283196197749874 ) ) ;
#4759 = CARTESIAN_POINT ( 'NONE',  ( 0.04335751807007853786, 10.96098481007144265, 10.86317882543697877 ) ) ;
#4760 = CARTESIAN_POINT ( 'NONE',  ( 3.036306217170250399, 10.16631116529342549, 8.317663601549075025 ) ) ;
#4761 = CARTESIAN_POINT ( 'NONE',  ( 5.888204834576635349, 4.556306242099642745, 12.99299344601783091 ) ) ;
#4762 = CARTESIAN_POINT ( 'NONE',  ( 5.492117493948309281, 1.562499999999997780, -0.4091876905369127293 ) ) ;
#4763 = CARTESIAN_POINT ( 'NONE',  ( 5.361613668979814840, 5.220042808076311047, 6.203972576611501921 ) ) ;
#4764 = CARTESIAN_POINT ( 'NONE',  ( -0.05013243749955936801, 10.74318459519152569, 7.879287218752986099 ) ) ;
#4765 = CIRCLE ( 'NONE', #1485, 0.09999999999999947820 ) ;
#4766 = CARTESIAN_POINT ( 'NONE',  ( 5.892125931077288215, 1.562382118929664498, 10.46112425781329414 ) ) ;
#4767 = CARTESIAN_POINT ( 'NONE',  ( 5.471559064354675428, 6.997747766905860090, 10.88067017074558152 ) ) ;
#4768 = ORIENTED_EDGE ( 'NONE', *, *, #4654, .T. ) ;
#4769 = CARTESIAN_POINT ( 'NONE',  ( 5.492318650104069278, 1.743493920625874383, 12.34202558936017091 ) ) ;
#4770 = CARTESIAN_POINT ( 'NONE',  ( 2.951809144365582949, 3.816109970478848812, 56.27303768891810876 ) ) ;
#4771 = CARTESIAN_POINT ( 'NONE',  ( 5.079167021931663584, 7.352715131837944007, 7.955401604407390970 ) ) ;
#4772 = CARTESIAN_POINT ( 'NONE',  ( 1.485126656648098731, 4.522456912920455707, -13.03317555558130714 ) ) ;
#4773 = CARTESIAN_POINT ( 'NONE',  ( 1.499772179533500838, 9.801805347304833660, 50.60200070028728447 ) ) ;
#4774 = CARTESIAN_POINT ( 'NONE',  ( 1.297951523277844021, 10.84325802267746930, 9.586639208926367672 ) ) ;
#4775 = CARTESIAN_POINT ( 'NONE',  ( 4.183798906401315243, 9.288947549492410971, 9.387990384371706298 ) ) ;
#4776 = EDGE_LOOP ( 'NONE', ( #3309, #2387, #2596, #2631 ) ) ;
#4777 = CARTESIAN_POINT ( 'NONE',  ( 5.892125857824932034, 1.562158435612438501, 12.95146459640288406 ) ) ;
#4778 = CYLINDRICAL_SURFACE ( 'NONE', #5503, 0.1325000000000007283 ) ;
#4779 = CARTESIAN_POINT ( 'NONE',  ( 5.492206385627630638, 1.806849539916832503, 33.64102588275952144 ) ) ;
#4780 = CARTESIAN_POINT ( 'NONE',  ( 2.982403280865559392, 10.21670367652864719, 31.92479590995022676 ) ) ;
#4781 = CARTESIAN_POINT ( 'NONE',  ( 0.2457876089675544440, 9.492598604555094965, 52.96298732380721930 ) ) ;
#4782 = CARTESIAN_POINT ( 'NONE',  ( 0.2516553915436428590, 10.88702813983870321, 9.799408695410285475 ) ) ;
#4783 = CARTESIAN_POINT ( 'NONE',  ( -0.007874015747917769217, 1.562500000000000000, -14.99999999999999822 ) ) ;
#4784 = CARTESIAN_POINT ( 'NONE',  ( 5.895442668834209421, 4.009009402104512176, 10.12258156338017301 ) ) ;
#4785 = CARTESIAN_POINT ( 'NONE',  ( 5.102196945161782793, 3.281505012517195397, 53.27360110782689162 ) ) ;
#4786 = CARTESIAN_POINT ( 'NONE',  ( 1.922630652446332578, 8.202263708943076992, -4.195825494323999649 ) ) ;
#4787 = CARTESIAN_POINT ( 'NONE',  ( 0.6812732225269892972, 9.988639711614858641, 4.080329419372609401 ) ) ;
#4788 = CARTESIAN_POINT ( 'NONE',  ( 0.06094961195095269929, 11.04430420982322225, 12.13575351662142054 ) ) ;
#4789 = CARTESIAN_POINT ( 'NONE',  ( 3.730846041721678663, 9.732818448148925938, 9.385085764060324465 ) ) ;
#4790 = CARTESIAN_POINT ( 'NONE',  ( 5.863153739865500924, 4.584217380152339594, 9.193903099549601166 ) ) ;
#4791 = CARTESIAN_POINT ( 'NONE',  ( 5.401138978107137945, 1.571679017344673301, 54.49590999282911952 ) ) ;
#4792 = CARTESIAN_POINT ( 'NONE',  ( 5.055113177549919179, 4.507850741174711295, 52.44801675796377083 ) ) ;
#4793 = CARTESIAN_POINT ( 'NONE',  ( -0.05570367745568687023, 10.91687254676728713, 10.22538036618152901 ) ) ;
#4794 = CARTESIAN_POINT ( 'NONE',  ( 5.895658480555116654, 2.231343846464472147, 7.939870356046015765 ) ) ;
#4795 = CARTESIAN_POINT ( 'NONE',  ( 5.486559676561881815, 7.016166718930358037, 12.99503196088699575 ) ) ;
#4796 = ORIENTED_EDGE ( 'NONE', *, *, #2164, .T. ) ;
#4797 = CARTESIAN_POINT ( 'NONE',  ( 5.496174293630148533, 2.244199964561320204, 11.76909854436806846 ) ) ;
#4798 = CARTESIAN_POINT ( 'NONE',  ( 5.432959569524005161, 6.725342545646450176, 39.75246827721632314 ) ) ;
#4799 = CARTESIAN_POINT ( 'NONE',  ( 5.505672207856955325, 3.236485881387340058, 12.95146459653338233 ) ) ;
#4800 = CARTESIAN_POINT ( 'NONE',  ( 3.787518102839585676, 9.118415663853093989, 9.119234666464183903 ) ) ;
#4801 = CARTESIAN_POINT ( 'NONE',  ( 1.413316930944038319, 9.107638803076564926, -1.186865195594000166 ) ) ;
#4802 = CARTESIAN_POINT ( 'NONE',  ( 1.301342639012147862, 10.85827192986968548, 9.799599178714180070 ) ) ;
#4803 = CARTESIAN_POINT ( 'NONE',  ( 4.326523495054833468, 9.150206563843397589, 9.812978921896839068 ) ) ;
#4804 = DIRECTION ( 'NONE',  ( 1.000000000000000000, 0.000000000000000000, 1.092739197465710967E-14 ) ) ;
#4805 = CARTESIAN_POINT ( 'NONE',  ( 5.097594773462478024, 1.724406248549015919, -7.611892434615426417 ) ) ;
#4806 = CARTESIAN_POINT ( 'NONE',  ( 2.882238338797075805, 9.855032479241801369, 9.118331578001191318 ) ) ;
#4807 = CARTESIAN_POINT ( 'NONE',  ( 0.3088149093023582203, 10.23956193212103116, 49.94313000891351351 ) ) ;
#4808 = ADVANCED_FACE ( 'NONE', ( #2167 ), #821, .F. ) ;
#4809 = CARTESIAN_POINT ( 'NONE',  ( 0.2359977920881603797, 10.96172330313081034, 10.86285585852544777 ) ) ;
#4810 = AXIS2_PLACEMENT_3D ( 'NONE', #5741, #4854, #2539 ) ;
#4811 = CARTESIAN_POINT ( 'NONE',  ( 3.942509586025432444, 6.411190447932556324, 53.12619449450981790 ) ) ;
#4812 = CARTESIAN_POINT ( 'NONE',  ( 5.893556956517373102, 4.066128920619918929, 10.08446168130347864 ) ) ;
#4813 = CARTESIAN_POINT ( 'NONE',  ( 5.070074326093504169, 3.584014973227695133, -5.102775535459805667 ) ) ;
#4814 = CARTESIAN_POINT ( 'NONE',  ( 0.3683110681588907531, 3.944409625086447768, 57.29283587043970982 ) ) ;
#4815 = CARTESIAN_POINT ( 'NONE',  ( 0.2529156585209075825, 3.997346041337576317, 57.29560403899455423 ) ) ;
#4816 = CARTESIAN_POINT ( 'NONE',  ( 0.06289710807685033878, 10.96104470807262565, 10.86314732000292516 ) ) ;
#4817 = CARTESIAN_POINT ( 'NONE',  ( 3.275789834918800381, 10.02196678623331927, 8.319644012795112786 ) ) ;
#4818 = CARTESIAN_POINT ( 'NONE',  ( 5.883907553695506110, 4.360705848815574548, 10.03786568926887668 ) ) ;
#4819 = CARTESIAN_POINT ( 'NONE',  ( -0.007874015747917769217, 1.562500000000000000, -14.99999999999999822 ) ) ;
#4820 = CARTESIAN_POINT ( 'NONE',  ( 5.327777903056691855, 5.562681574906892301, 24.06999431752292651 ) ) ;
#4821 = CARTESIAN_POINT ( 'NONE',  ( -0.02331601532663614418, 10.74315525975608310, 7.879340814241920121 ) ) ;
#4822 = CARTESIAN_POINT ( 'NONE',  ( 5.892125959341733221, 1.562618519866735056, 9.619710463283681179 ) ) ;
#4823 = CARTESIAN_POINT ( 'NONE',  ( 5.663210177933551748, 6.199239934043257350, 10.03570527456500550 ) ) ;
#4824 = ORIENTED_EDGE ( 'NONE', *, *, #5323, .T. ) ;
#4825 = CARTESIAN_POINT ( 'NONE',  ( 5.339785621180878294, 5.577156794348941737, 7.955401604407396299 ) ) ;
#4826 = CARTESIAN_POINT ( 'NONE',  ( 5.201575842987165466, 6.481055032710713704, 10.78275356577255373 ) ) ;
#4827 = CARTESIAN_POINT ( 'NONE',  ( 5.495163914677786643, 4.394531744835021847, 12.95146459653338233 ) ) ;
#4828 = CARTESIAN_POINT ( 'NONE',  ( 2.745268607333641864, 6.250228337607619089, -7.640553437002750137 ) ) ;
#4829 = CARTESIAN_POINT ( 'NONE',  ( 1.695357129903953375, 10.76444312151595994, 18.26427434798729976 ) ) ;
#4830 = CARTESIAN_POINT ( 'NONE',  ( 1.316649185172954706, 10.98349301795071042, 11.71236681709504701 ) ) ;
#4831 = CARTESIAN_POINT ( 'NONE',  ( 4.505754089372982385, 8.949717711133921227, 10.23799551277851627 ) ) ;
#4832 = ORIENTED_EDGE ( 'NONE', *, *, #5367, .F. ) ;
#4833 = FACE_BOUND ( 'NONE', #133, .T. ) ;
#4834 = CARTESIAN_POINT ( 'NONE',  ( 5.497019144554175618, 3.959680227302813549, 10.21022914903228695 ) ) ;
#4835 = CARTESIAN_POINT ( 'NONE',  ( 5.492126342069474809, 1.562500000000009548, 42.51515328652889281 ) ) ;
#4836 = CARTESIAN_POINT ( 'NONE',  ( 2.920671295873762841, 10.03833034230943433, 12.45002843341291410 ) ) ;
#4837 = CARTESIAN_POINT ( 'NONE',  ( 0.3227012605076655105, 8.534569626352416449, -4.971009024373871377 ) ) ;
#4838 = CARTESIAN_POINT ( 'NONE',  ( 0.2352369519237669238, 10.93211756584777383, 10.43768141804725502 ) ) ;
#4839 = CARTESIAN_POINT ( 'NONE',  ( -0.007874015747917769217, 1.562500000000000000, -14.99999999999999822 ) ) ;
#4840 = ADVANCED_FACE ( 'NONE', ( #1946 ), #1142, .F. ) ;
#4841 = CARTESIAN_POINT ( 'NONE',  ( 5.889392054350665262, 4.189503800258437494, 10.10489463811590483 ) ) ;
#4842 = CARTESIAN_POINT ( 'NONE',  ( 4.043217821559719205, 3.070899064932263833, -9.942182750152067428 ) ) ;
#4843 = CARTESIAN_POINT ( 'NONE',  ( 1.340510188425625637, 10.30141277178410597, 7.836955663467857214 ) ) ;
#4844 = CARTESIAN_POINT ( 'NONE',  ( 1.144116273868770017, 10.56567019060781654, 46.40901917454667824 ) ) ;
#4845 = CARTESIAN_POINT ( 'NONE',  ( 0.01318970884888127915, 10.77682433615516899, 8.306493049244382476 ) ) ;
#4846 = CARTESIAN_POINT ( 'NONE',  ( 3.756114731174498012, 9.830071876013604992, 11.29292663270533836 ) ) ;
#4847 = CARTESIAN_POINT ( 'NONE',  ( 5.902177928023441211, 4.079326985720833854, 12.99313573859382664 ) ) ;
#4848 = CARTESIAN_POINT ( 'NONE',  ( 5.232580141994997547, 1.562500000000001776, -6.884739704699763152 ) ) ;
#4849 = CARTESIAN_POINT ( 'NONE',  ( 5.367419732940077459, 5.572378185805709983, 20.75050838533371333 ) ) ;
#4850 = CARTESIAN_POINT ( 'NONE',  ( -0.05425401146120823609, 10.85626207077616101, 9.373450704992047022 ) ) ;
#4851 = CARTESIAN_POINT ( 'NONE',  ( 5.892312458300740019, 1.842988343556391184, 11.30395019799667899 ) ) ;
#4852 = CARTESIAN_POINT ( 'NONE',  ( 5.677440930473547809, 6.236846793239896769, 12.57252142885929125 ) ) ;
#4853 = CARTESIAN_POINT ( 'NONE',  ( 5.896539367080372074, 3.993782395982794942, 10.27660194770317581 ) ) ;
#4854 = DIRECTION ( 'NONE',  ( 0.9991388587284488754, 0.04149145669668403286, 6.951240325576539451E-15 ) ) ;
#4855 = CARTESIAN_POINT ( 'NONE',  ( 4.621670147210360291, 5.812859317794976555, 52.42601143496753480 ) ) ;
#4856 = CARTESIAN_POINT ( 'NONE',  ( 5.502304738372163939, 2.850183002939865151, 12.95146459653338233 ) ) ;
#4857 = CARTESIAN_POINT ( 'NONE',  ( 0.4107254480843802180, 2.016015623993378636, 57.50000000000000000 ) ) ;
#4858 = CARTESIAN_POINT ( 'NONE',  ( 0.9681067910568763590, 7.211598455066880575, -8.665613389148463241 ) ) ;
#4859 = CARTESIAN_POINT ( 'NONE',  ( 1.947586203969241758, 10.66784634363943773, 8.735814336765097110 ) ) ;
#4860 = B_SPLINE_CURVE_WITH_KNOTS ( 'NONE', 3,
 ( #2758, #3776, #1450, #3326, #4217, #5136, #3264, #1064, #2879, #2817, #4626, #5105, #589, #119, #3745, #4566 ),
 .UNSPECIFIED., .F., .F.,
 ( 4, 2, 2, 2, 2, 2, 2, 4 ),
 ( 0.000000000000000000, 0.01934907831937709294, 0.03869815663875418588, 0.05804723495813128575, 0.07739631327750837175, 0.1160944699162625854, 0.1354435482356397269, 0.1547926265550168545 ),
 .UNSPECIFIED. ) ;
#4861 = CARTESIAN_POINT ( 'NONE',  ( 4.424703093559656075, 9.069426521406231956, 10.44917217451822999 ) ) ;
#4862 = ORIENTED_EDGE ( 'NONE', *, *, #310, .F. ) ;
#4863 = DIRECTION ( 'NONE',  ( -6.957231484743787620E-15, -0.000000000000000000, 1.000000000000000000 ) ) ;
#4864 = CARTESIAN_POINT ( 'NONE',  ( -0.007874015748416384256, 6.184119707027654123, 56.45829743992373295 ) ) ;
#4865 = CARTESIAN_POINT ( 'NONE',  ( 5.485667227604613672, 1.562500000000002442, -3.794934534324029496 ) ) ;
#4866 = CARTESIAN_POINT ( 'NONE',  ( 2.597999375968417901, 8.638539065272322404, -1.196497040729611827 ) ) ;
#4867 = CARTESIAN_POINT ( 'NONE',  ( 0.2938949950150388513, 9.098721604720328315, -2.363233502663851571 ) ) ;
#4868 = CARTESIAN_POINT ( 'NONE',  ( 0.4139065774474218196, 10.77584716748028804, 8.306805913008775022 ) ) ;
#4869 = CARTESIAN_POINT ( 'NONE',  ( 4.877586560004964156, 7.261778961523964071, 28.18620435672863067 ) ) ;
#4870 = CARTESIAN_POINT ( 'NONE',  ( 5.559248607928841679, 1.562443628999702128, 12.43617191215046702 ) ) ;
#4871 = CARTESIAN_POINT ( 'NONE',  ( 5.471464746774040933, 2.866761364765554543, 2.097222004870427980 ) ) ;
#4872 = CARTESIAN_POINT ( 'NONE',  ( 1.131713895120107782, 10.91871424622689091, 33.64216456305050684 ) ) ;
#4873 = CARTESIAN_POINT ( 'NONE',  ( 0.09939408039377328752, 10.84050533000868732, 9.160165379132346075 ) ) ;
#4874 = CARTESIAN_POINT ( 'NONE',  ( 3.946701046078762598, 9.564499506289578790, 9.810542603617399493 ) ) ;
#4875 = CARTESIAN_POINT ( 'NONE',  ( 5.895946975451692218, 4.154916766328470068, 10.88218491815460531 ) ) ;
#4876 = CARTESIAN_POINT ( 'NONE',  ( 1.098600807849890781, 1.573368057292098943, 57.83954224407561640 ) ) ;
#4877 = CARTESIAN_POINT ( 'NONE',  ( 5.446716181732750961, 5.214891318886559546, 15.73473416059039387 ) ) ;
#4878 = CARTESIAN_POINT ( 'NONE',  ( -0.05375927171564535978, 10.84060165239094253, 9.160144759616592580 ) ) ;
#4879 = CARTESIAN_POINT ( 'NONE',  ( 2.221565097088955110, 10.51618393339823321, 7.884740294849748032 ) ) ;
#4880 = CARTESIAN_POINT ( 'NONE',  ( 5.655545229773270677, 6.182103818091308156, 9.190152597715238514 ) ) ;
#4881 = CARTESIAN_POINT ( 'NONE',  ( 4.838078509265277383, 7.938892328307831647, 12.65146459653338340 ) ) ;
#4882 = CARTESIAN_POINT ( 'NONE',  ( -0.007874015747917769217, 1.562500000000000000, -14.99999999999999822 ) ) ;
#4883 = CARTESIAN_POINT ( 'NONE',  ( 5.463452180210215836, 4.905842535344403288, 12.95146459653338766 ) ) ;
#4884 = EDGE_CURVE ( 'NONE', #1239, #5682, #2646, .T. ) ;
#4885 = CARTESIAN_POINT ( 'NONE',  ( 2.923342304613266496, 6.553867406366379988, -6.568108939595161289 ) ) ;
#4886 = CARTESIAN_POINT ( 'NONE',  ( 1.728464378049071826, 9.851288817658184982, 49.94241741271395796 ) ) ;
#4887 = CARTESIAN_POINT ( 'NONE',  ( 1.935718582266387822, 10.76397508265002934, 10.01416050275252623 ) ) ;
#4888 = CARTESIAN_POINT ( 'NONE',  ( 4.430983243566250174, 9.086719914049721680, 10.87277976049574590 ) ) ;
#4889 = ADVANCED_FACE ( 'NONE', ( #1590 ), #638, .F. ) ;
#4890 = ORIENTED_EDGE ( 'NONE', *, *, #1215, .F. ) ;
#4891 = CARTESIAN_POINT ( 'NONE',  ( 0.2960629921259554931, 10.60898108575325693, 8.819128414726787213 ) ) ;
#4892 = CARTESIAN_POINT ( 'NONE',  ( 5.491305530337404761, 4.126470139120968383, 10.08197706992533327 ) ) ;
#4893 = CARTESIAN_POINT ( 'NONE',  ( 5.492005247878091190, 1.562500000000001998, 50.28173799094322760 ) ) ;
#4894 = CARTESIAN_POINT ( 'NONE',  ( 3.208257676085066734, 9.441379199290810931, 48.55086718638496990 ) ) ;
#4895 = CARTESIAN_POINT ( 'NONE',  ( 0.3556873695349797027, 11.07894570722480942, 24.06571285759473255 ) ) ;
#4896 = CARTESIAN_POINT ( 'NONE',  ( 0.4823629590121098487, 10.77555778197717906, 8.306850414381417025 ) ) ;
#4897 = CARTESIAN_POINT ( 'NONE',  ( 4.493279440286221060, 6.439079470095252056, -1.221264642506904918 ) ) ;
#4898 = CARTESIAN_POINT ( 'NONE',  ( 5.759704501918810671, 1.562275301251475401, 12.43501950504216325 ) ) ;
#4899 = CARTESIAN_POINT ( 'NONE',  ( 5.264977690176888991, 2.782863563038737720, 52.97238158088109827 ) ) ;
#4900 = CARTESIAN_POINT ( 'NONE',  ( 0.9695843566914487122, 9.992475165233889456, 50.59893340638058845 ) ) ;
#4901 = CARTESIAN_POINT ( 'NONE',  ( 0.08229840305817827384, 10.93168613934142108, 10.43789406355925209 ) ) ;
#4902 = CARTESIAN_POINT ( 'NONE',  ( 4.080543221884433969, 9.359597552219165451, 8.750782158240294706 ) ) ;
#4903 = CARTESIAN_POINT ( 'NONE',  ( 5.904668475881517331, 3.582701359587186829, 10.03913875655536359 ) ) ;
#4904 = CARTESIAN_POINT ( 'NONE',  ( 5.892117192521505231, 1.564924608895122971, 4.169195718724273192 ) ) ;
#4905 = CARTESIAN_POINT ( 'NONE',  ( 4.913473729364942422, 4.014310369962998060, 53.28116408918337754 ) ) ;
#4906 = CARTESIAN_POINT ( 'NONE',  ( -0.02105815665359217145, 10.98930319241093123, 11.28782198500983469 ) ) ;
#4907 = CARTESIAN_POINT ( 'NONE',  ( 2.228498582531931671, 10.54959540508414761, 8.311082173995625766 ) ) ;
#4908 = CARTESIAN_POINT ( 'NONE',  ( 5.717541838959996348, 5.944420181644032297, 10.45875873576021320 ) ) ;
#4909 = CARTESIAN_POINT ( 'NONE',  ( -0.007874015748423630195, 1.562500000000000000, 57.50000000000000000 ) ) ;
#4910 = CARTESIAN_POINT ( 'NONE',  ( 5.258763602327263698, 6.044144610929714112, 7.853449664033145261 ) ) ;
#4911 = CARTESIAN_POINT ( 'NONE',  ( 5.000393998289346165, 7.227426198730629636, 12.95146459653338233 ) ) ;
#4912 = CARTESIAN_POINT ( 'NONE',  ( 4.056198467774247085, 8.740794234302423860, 48.53855410160088013 ) ) ;
#4913 = CARTESIAN_POINT ( 'NONE',  ( 0.6833883010535135583, 5.263850817640213009, -13.05663863858464957 ) ) ;
#4914 = CARTESIAN_POINT ( 'NONE',  ( 2.128344328125089557, 10.72203404946693439, 10.22765455199562901 ) ) ;
#4915 = CARTESIAN_POINT ( 'NONE',  ( 4.354704845766240950, 9.229251210757084323, 11.71878959145596255 ) ) ;
#4916 = ORIENTED_EDGE ( 'NONE', *, *, #3605, .F. ) ;
#4917 = SURFACE_STYLE_USAGE ( .BOTH. , #1715 ) ;
#4918 = CARTESIAN_POINT ( 'NONE',  ( -0.007874015748384836574, 9.884077511870094312, 51.92394022804067788 ) ) ;
#4919 = CARTESIAN_POINT ( 'NONE',  ( 5.492125927704014643, 1.562499999999999556, 10.77929105039771684 ) ) ;
#4920 = CARTESIAN_POINT ( 'NONE',  ( 2.879262933458160756, 8.458280789371967145, -1.199248996482647156 ) ) ;
#4921 = CARTESIAN_POINT ( 'NONE',  ( 0.08592472401061009013, 3.717717955237874961, -15.00000000000000000 ) ) ;
#4922 = B_SPLINE_CURVE_WITH_KNOTS ( 'NONE', 1,
 ( #3757, #98 ),
 .UNSPECIFIED., .F., .F.,
 ( 2, 2 ),
 ( 0.000000000000000000, 0.01016000000653237770 ),
 .UNSPECIFIED. ) ;
#4923 = CARTESIAN_POINT ( 'NONE',  ( 0.3506848711514040096, 10.80875825234868337, 8.733681005425383503 ) ) ;
#4924 = CARTESIAN_POINT ( 'NONE',  ( 5.284724210221257046, 7.418651999438905520, 46.31765665416619981 ) ) ;
#4925 = CARTESIAN_POINT ( 'NONE',  ( 1.401231866306936080, 10.51483272060529472, 8.255401604407365923 ) ) ;
#4926 = CARTESIAN_POINT ( 'NONE',  ( 5.573359913532314636, 2.778910205830565694, 42.53788937811530246 ) ) ;
#4927 = CARTESIAN_POINT ( 'NONE',  ( 0.8145156412684604330, 11.02490984550498787, 24.06597077686748420 ) ) ;
#4928 = CARTESIAN_POINT ( 'NONE',  ( 0.1212399871527751888, 10.96126413213777262, 10.86304429423990747 ) ) ;
#4929 = CARTESIAN_POINT ( 'NONE',  ( 4.135272607502606057, 9.533746241806836608, 12.56359030476599337 ) ) ;
#4930 = CARTESIAN_POINT ( 'NONE',  ( 5.892125824472134177, 1.562876692943720114, 36.88569723513855791 ) ) ;
#4931 = CARTESIAN_POINT ( 'NONE',  ( 5.520117550772478232, 4.508074249061320593, 37.29872568463843407 ) ) ;
#4932 = CARTESIAN_POINT ( 'NONE',  ( -0.01294601673963684425, 10.85625124696177046, 9.373462113141542318 ) ) ;
#4933 = CARTESIAN_POINT ( 'NONE',  ( 2.183407332946520452, 10.66078499232627763, 9.589392482825640940 ) ) ;
#4934 = VECTOR ( 'NONE', #2251, 39.37007874015748143 ) ;
#4935 = CARTESIAN_POINT ( 'NONE',  ( 5.753450500778129140, 5.656178029575881006, 9.402614408966099901 ) ) ;
#4936 = CARTESIAN_POINT ( 'NONE',  ( 0.3384278259040528480, 1.562500000000000000, 57.49410387436424941 ) ) ;
#4937 = CIRCLE ( 'NONE', #1898, 0.09999999999999947820 ) ;
#4938 = CARTESIAN_POINT ( 'NONE',  ( 4.357922894242661549, 4.880186908551523928, -5.861722894618014656 ) ) ;
#4939 = CARTESIAN_POINT ( 'NONE',  ( 2.266382653914184697, 10.82988770177662907, 12.95146459653335569 ) ) ;
#4940 = CARTESIAN_POINT ( 'NONE',  ( 0.1655007349706764386, 11.02737242770303716, 31.92476976814537082 ) ) ;
#4941 = CARTESIAN_POINT ( 'NONE',  ( 2.959553215914442870, 6.879190229087939201, 54.05046937411010788 ) ) ;
#4942 = CARTESIAN_POINT ( 'NONE',  ( 1.064304226615827575, 6.576976564214382037, -10.01776367681107338 ) ) ;
#4943 = CARTESIAN_POINT ( 'NONE',  ( 2.021725039669099555, 10.69533600740139967, 9.375590380311566108 ) ) ;
#4944 = CARTESIAN_POINT ( 'NONE',  ( 4.749335796462748505, 8.627390808671918876, 10.87519707833390470 ) ) ;
#4945 = ORIENTED_EDGE ( 'NONE', *, *, #3649, .T. ) ;
#4946 = CARTESIAN_POINT ( 'NONE',  ( -0.007874015748051934466, 10.00713283971853862, 4.074066620414160234 ) ) ;
#4947 = DIRECTION ( 'NONE',  ( 6.957231484743787620E-15, 0.000000000000000000, -1.000000000000000000 ) ) ;
#4948 = CARTESIAN_POINT ( 'NONE',  ( 2.827846760588634378, 8.338104995694283872, -1.804281225737940142 ) ) ;
#4949 = CARTESIAN_POINT ( 'NONE',  ( 0.9308334721751854168, 9.719838008788109107, 2.023041787142640047 ) ) ;
#4950 = CARTESIAN_POINT ( 'NONE',  ( 0.2787827416271789205, 8.822749109052644201, 54.14993076380613957 ) ) ;
#4951 = CARTESIAN_POINT ( 'NONE',  ( 0.5720171233943095457, 10.87113607180646291, 9.586382658623771036 ) ) ;
#4952 =( GEOMETRIC_REPRESENTATION_CONTEXT ( 3 ) GLOBAL_UNCERTAINTY_ASSIGNED_CONTEXT ( ( #4412 ) ) GLOBAL_UNIT_ASSIGNED_CONTEXT ( ( #1377, #3191, #871 ) ) REPRESENTATION_CONTEXT ( 'NONE', 'WORKASPACE' ) );
#4953 = CARTESIAN_POINT ( 'NONE',  ( 4.961750401426863633, 7.183557362297221083, 9.121040843390254338 ) ) ;
#4954 = CARTESIAN_POINT ( 'NONE',  ( -0.6761710437893710957, 3.835939015258080786, 10.21022914903224255 ) ) ;
#4955 = CARTESIAN_POINT ( 'NONE',  ( 5.506310476627808370, 3.642411538394236814, 15.73207038096553667 ) ) ;
#4956 = CARTESIAN_POINT ( 'NONE',  ( 0.8511899391102162316, 10.97451360914680052, 20.74942178253588310 ) ) ;
#4957 =( NAMED_UNIT ( * ) PLANE_ANGLE_UNIT ( ) SI_UNIT ( $, .RADIAN. ) );
#4958 = CARTESIAN_POINT ( 'NONE',  ( 0.09765889840138310130, 11.07103118973569877, 12.55912619838534461 ) ) ;
#4959 = CARTESIAN_POINT ( 'NONE',  ( 3.986959442606754500, 9.690647632793924160, 12.56298920659784102 ) ) ;
#4960 = ORIENTED_EDGE ( 'NONE', *, *, #918, .F. ) ;
#4961 = CARTESIAN_POINT ( 'NONE',  ( 5.892125971291015674, 1.562396245415321516, 34.00017589975762178 ) ) ;
#4962 = CARTESIAN_POINT ( 'NONE',  ( 4.190779625709657452, 3.705915492615938334, -8.609644471386713960 ) ) ;
#4963 = CARTESIAN_POINT ( 'NONE',  ( 0.04086228455603202470, 9.472009973349535983, -0.1910095893288972502 ) ) ;
#4964 = CARTESIAN_POINT ( 'NONE',  ( 1.925937969589673671, 8.820576270466137458, -1.791039537217685051 ) ) ;
#4965 = CARTESIAN_POINT ( 'NONE',  ( -0.01097694482648909134, 11.04402549895868368, 12.13587415661123892 ) ) ;
#4966 = CARTESIAN_POINT ( 'NONE',  ( 2.157200813834503794, 10.53747194958981659, 7.884226942103100377 ) ) ;
#4967 = CARTESIAN_POINT ( 'NONE',  ( 5.702289961008469632, 6.103315899592390181, 12.14983745218255606 ) ) ;
#4968 = CARTESIAN_POINT ( 'NONE',  ( 1.966446699785443286, 1.562499999999998446, 57.27784803742326858 ) ) ;
#4969 = CARTESIAN_POINT ( 'NONE',  ( 4.366882028718175768, 4.699751388542688701, 53.96719937343437579 ) ) ;
#4970 = CARTESIAN_POINT ( 'NONE',  ( 4.302176682784343953, 8.465377774273704858, 48.53444974000607459 ) ) ;
#4971 = CARTESIAN_POINT ( 'NONE',  ( 1.826058127948514409, 10.05834283528669104, 6.169362410561366694 ) ) ;
#4972 = CARTESIAN_POINT ( 'NONE',  ( 2.065113719683816296, 10.74203841597939402, 10.22742494840432670 ) ) ;
#4973 = CARTESIAN_POINT ( 'NONE',  ( 4.813755217246870721, 8.494549792930525811, 10.45223414865741951 ) ) ;
#4974 = ORIENTED_EDGE ( 'NONE', *, *, #1288, .F. ) ;
#4975 = CARTESIAN_POINT ( 'NONE',  ( 5.810390172808475029, 4.360497926422723936, 11.54026869725333881 ) ) ;
#4976 = CARTESIAN_POINT ( 'NONE',  ( -0.007874015748110235052, 10.66665976604477351, 12.45405497290064289 ) ) ;
#4977 = LINE ( 'NONE', #458, #4181 ) ;
#4978 = CARTESIAN_POINT ( 'NONE',  ( 3.462096736903130356, 10.04738564709052895, 42.64588581314983884 ) ) ;
#4979 = CARTESIAN_POINT ( 'NONE',  ( 0.7971358511484363252, 7.854772098661497282, -6.993391693239417783 ) ) ;
#4980 = CARTESIAN_POINT ( 'NONE',  ( 0.4803179957888456530, 11.04870126615583814, 28.18494398461660921 ) ) ;
#4981 = CARTESIAN_POINT ( 'NONE',  ( 0.4280434015158313676, 11.09853694045573036, 12.98162179406704198 ) ) ;
#4982 = CARTESIAN_POINT ( 'NONE',  ( 5.490809030823771586, 2.171495114905540369, 4.164250925415792004 ) ) ;
#4983 = CARTESIAN_POINT ( 'NONE',  ( 0.2677483056601676625, 10.66478305232309687, 46.42370243675058106 ) ) ;
#4984 = CARTESIAN_POINT ( 'NONE',  ( 0.08226586178039341224, 10.91697178488233000, 10.22528433725086927 ) ) ;
#4985 = CARTESIAN_POINT ( 'NONE',  ( 3.952332778155599247, 9.585669450826866722, 10.23450087536637021 ) ) ;
#4986 = VERTEX_POINT ( 'NONE', #5596 ) ;
#4987 = CARTESIAN_POINT ( 'NONE',  ( 5.892171211615546689, 1.562527104061209204, 49.96297791122800191 ) ) ;
#4988 = CARTESIAN_POINT ( 'NONE',  ( 2.289902200976667412, 2.340099040533261565, 57.23608841506578671 ) ) ;
#4989 = CARTESIAN_POINT ( 'NONE',  ( 0.04197363234135524646, 9.558413797824004021, 0.4059861066806598751 ) ) ;
#4990 = CARTESIAN_POINT ( 'NONE',  ( 2.289499537620092617, 10.57087574051200995, 18.26405787211656673 ) ) ;
#4991 = CARTESIAN_POINT ( 'NONE',  ( 0.4358087643244480391, 9.290081523979541345, -1.179297317273167334 ) ) ;
#4992 = CARTESIAN_POINT ( 'NONE',  ( -0.01737272393219757918, 10.80926031718809099, 8.733564272773596926 ) ) ;
#4993 = CARTESIAN_POINT ( 'NONE',  ( 2.249311373138538794, 10.65233692978480207, 9.802554101446906643 ) ) ;
#4994 = CARTESIAN_POINT ( 'NONE',  ( 5.726834404299038894, 5.982546719044973038, 12.57228743565660878 ) ) ;
#4995 = FACE_OUTER_BOUND ( 'NONE', #635, .T. ) ;
#4996 = CARTESIAN_POINT ( 'NONE',  ( 4.652919398353597025, 5.413885939400310043, 52.74071818411386658 ) ) ;
#4997 = CARTESIAN_POINT ( 'NONE',  ( 3.004790115239515558, 5.812638690184774859, 54.94892176207331858 ) ) ;
#4998 = CARTESIAN_POINT ( 'NONE',  ( 0.1947295125540067229, 2.162522715749841673, 57.50000000000002132 ) ) ;
#4999 = CARTESIAN_POINT ( 'NONE',  ( 2.053527547259420771, 10.68626006374830872, 9.375740753989619591 ) ) ;
#5000 = CARTESIAN_POINT ( 'NONE',  ( 4.939677020030854848, 8.225514512061135264, 9.394308826837594495 ) ) ;
#5001 = ORIENTED_EDGE ( 'NONE', *, *, #5276, .T. ) ;
#5002 = CARTESIAN_POINT ( 'NONE',  ( 0.01136875041317821598, 9.323998683940622811, 53.35868464808827838 ) ) ;
#5003 = CARTESIAN_POINT ( 'NONE',  ( 3.293779417142247201, 8.850824178884693083, 50.26414128727540742 ) ) ;
#5004 = CARTESIAN_POINT ( 'NONE',  ( 0.2404077211460050045, 3.638924848861503136, -14.99999999999999467 ) ) ;
#5005 = CARTESIAN_POINT ( 'NONE',  ( 0.5760894077007134850, 10.96997108934784215, 36.13029497014714764 ) ) ;
#5006 = CARTESIAN_POINT ( 'NONE',  ( 0.7889544782062009043, 10.95856043801455115, 10.86264387076282389 ) ) ;
#5007 = CARTESIAN_POINT ( 'NONE',  ( 5.278234670011118013, 2.143905811903255021, 53.26171642283799912 ) ) ;
#5008 = CARTESIAN_POINT ( 'NONE',  ( 3.873480596637813633, 7.086053640012528909, -2.444929058908436037 ) ) ;
#5009 = CARTESIAN_POINT ( 'NONE',  ( 0.1043667772419074741, 9.000194302644256794, -2.952150281759823525 ) ) ;
#5010 = CARTESIAN_POINT ( 'NONE',  ( 1.752027679722840903, 10.83517438740294203, 10.43908883594641424 ) ) ;
#5011 = CARTESIAN_POINT ( 'NONE',  ( 5.496639436222793940, 3.986801040655827855, 10.29100578284312384 ) ) ;
#5012 = CARTESIAN_POINT ( 'NONE',  ( 0.1466115733880461180, 10.74265583042186023, 7.879605497081583643 ) ) ;
#5013 = CARTESIAN_POINT ( 'NONE',  ( 4.134158327238994346, 9.330193004763465581, 9.175492691797442646 ) ) ;
#5014 = VECTOR ( 'NONE', #1529, 39.37007874015748854 ) ;
#5015 = CARTESIAN_POINT ( 'NONE',  ( 5.892125938651286532, 1.562271316029935964, 10.75541526484130905 ) ) ;
#5016 = CARTESIAN_POINT ( 'NONE',  ( 5.136671698550645537, 3.790892177089013160, 52.75581846661689411 ) ) ;
#5017 = CARTESIAN_POINT ( 'NONE',  ( 2.550414352731385392, 10.52424614496455924, 39.78420084388687883 ) ) ;
#5018 = CARTESIAN_POINT ( 'NONE',  ( -0.007874015748423630195, 1.562500000000000000, 57.50000000000000000 ) ) ;
#5019 = CARTESIAN_POINT ( 'NONE',  ( -0.01324442554049378058, 10.91687603550026431, 10.22536667436373925 ) ) ;
#5020 = CARTESIAN_POINT ( 'NONE',  ( 2.563352102948582623, 10.52479721902833099, 9.803994813709859812 ) ) ;
#5021 = CARTESIAN_POINT ( 'NONE',  ( 5.714712634518860135, 5.935724945662733454, 10.03603934803772368 ) ) ;
#5022 = CYLINDRICAL_SURFACE ( 'NONE', #5659, 0.09999999999999947820 ) ;
#5023 = CARTESIAN_POINT ( 'NONE',  ( 5.290003412984285447, 5.775918796315493431, 33.64144116615986491 ) ) ;
#5024 = CARTESIAN_POINT ( 'NONE',  ( -0.007874015748423630195, 1.562500000000000000, 57.50000000000000000 ) ) ;
#5025 = CARTESIAN_POINT ( 'NONE',  ( 1.800820822790721198, 9.528263941607212573, 51.13414093218064238 ) ) ;
#5026 = CARTESIAN_POINT ( 'NONE',  ( 2.085296042391894034, 10.67669830671724007, 9.375897764719189453 ) ) ;
#5027 = CARTESIAN_POINT ( 'NONE',  ( 4.730631164327662397, 8.583797400822552603, 9.604316876304773487 ) ) ;
#5028 = ORIENTED_EDGE ( 'NONE', *, *, #5497, .T. ) ;
#5029 = CARTESIAN_POINT ( 'NONE',  ( -0.003937007874044161880, 10.60898108575325693, 8.719128414726785792 ) ) ;
#5030 = CARTESIAN_POINT ( 'NONE',  ( -0.007874015748392063432, 9.517662491782347800, 52.96263938836002438 ) ) ;
#5031 = CARTESIAN_POINT ( 'NONE',  ( 2.396493506501051751, 7.337423479516957059, -5.827039535811445070 ) ) ;
#5032 = CARTESIAN_POINT ( 'NONE',  ( 1.542452475327457551, 10.48550084802154636, 46.40249328023389808 ) ) ;
#5033 = CARTESIAN_POINT ( 'NONE',  ( 0.1280946366169967987, 3.701262562446416382, -15.00000000000000000 ) ) ;
#5034 = CARTESIAN_POINT ( 'NONE',  ( 0.7386353786470166716, 10.73765422448811258, 7.880202949864037798 ) ) ;
#5035 = CARTESIAN_POINT ( 'NONE',  ( 5.495810971068720185, 2.964467885943901315, 18.26059425818468540 ) ) ;
#5036 = CARTESIAN_POINT ( 'NONE',  ( 4.094403128094348254, 7.455364584302567543, -0.1958728432015286181 ) ) ;
#5037 = CARTESIAN_POINT ( 'NONE',  ( 0.2947126536698635446, 10.85957896640723419, 15.74658797992089987 ) ) ;
#5038 = CARTESIAN_POINT ( 'NONE',  ( 1.705838616417615583, 10.65055439764350709, 7.881545089545153537 ) ) ;
#5039 = CARTESIAN_POINT ( 'NONE',  ( 0.1965931823235124998, 10.90220674928581346, 10.01238823482152185 ) ) ;
#5040 = CARTESIAN_POINT ( 'NONE',  ( 4.279099141057306710, 9.194278498377350672, 9.600712446734799954 ) ) ;
#5041 = CARTESIAN_POINT ( 'NONE',  ( 5.875997916409287924, 1.558768975246729971, -4.195676501914569201 ) ) ;
#5042 = CARTESIAN_POINT ( 'NONE',  ( 5.473273747471327333, 4.925700662934021423, 15.73420140466538442 ) ) ;
#5043 = CARTESIAN_POINT ( 'NONE',  ( 0.04378144912154355306, 9.115793139302509118, -2.356826008056431832 ) ) ;
#5044 = CARTESIAN_POINT ( 'NONE',  ( 2.200556355285046894, 9.960610158657319246, 48.56318027116910230 ) ) ;
#5045 = CARTESIAN_POINT ( 'NONE',  ( 0.6955390085536589106, 10.86754406777525617, 42.68709497914991857 ) ) ;
#5046 = CARTESIAN_POINT ( 'NONE',  ( -0.006088421514539111949, 11.07035507516172501, 12.55934542272553145 ) ) ;
#5047 = CARTESIAN_POINT ( 'NONE',  ( 2.714559793915655828, 10.59025498232357876, 12.13887948213118761 ) ) ;
#5048 = CARTESIAN_POINT ( 'NONE',  ( 5.833990590295922374, 5.261071316312914803, 12.99345196796334179 ) ) ;
#5049 = CARTESIAN_POINT ( 'NONE',  ( 5.492126014177154403, 1.562499999999999778, 13.24304761747753822 ) ) ;
#5050 = CARTESIAN_POINT ( 'NONE',  ( 2.132183862596912061, 2.519920992763408751, 57.24162475217545420 ) ) ;
#5051 = CARTESIAN_POINT ( 'NONE',  ( 3.597733856524140350, 6.924127201600038362, 53.12899789209983936 ) ) ;
#5052 = CARTESIAN_POINT ( 'NONE',  ( 0.8048760984269970331, 5.159914588130695812, -13.05302893350720694 ) ) ;
#5053 = CARTESIAN_POINT ( 'NONE',  ( -0.08835571889711871241, 10.77691525842692322, 8.306352903404800259 ) ) ;
#5054 = CARTESIAN_POINT ( 'NONE',  ( 5.902974969295211594, 2.787812746068813574, 9.618930020365793254 ) ) ;
#5055 = CARTESIAN_POINT ( 'NONE',  ( 5.290219324371794762, 7.499952323529777587, 10.03288108184287530 ) ) ;
#5056 = EDGE_CURVE ( 'NONE', #1910, #3527, #1969, .T. ) ;
#5057 = VERTEX_POINT ( 'NONE', #136 ) ;
#5058 = CARTESIAN_POINT ( 'NONE',  ( 0.07975728030037862459, 10.34764106355560287, 7.955401604407351890 ) ) ;
#5059 = CARTESIAN_POINT ( 'NONE',  ( 3.952140231047287511, 5.482703668347886250, 53.99495604032608753 ) ) ;
#5060 = DIRECTION ( 'NONE',  ( 6.957231484743788408E-15, -0.000000000000000000, -1.000000000000000000 ) ) ;
#5061 = CARTESIAN_POINT ( 'NONE',  ( 0.008220982271761757137, 9.221808123996870776, -1.764923984858302264 ) ) ;
#5062 = CARTESIAN_POINT ( 'NONE',  ( 2.299058392671075701, 7.118756395499053369, -6.564804147594639261 ) ) ;
#5063 = CARTESIAN_POINT ( 'NONE',  ( 1.019759742546368697, 8.971432381560116909, -2.377650365530538767 ) ) ;
#5064 = CARTESIAN_POINT ( 'NONE',  ( 0.4000244381742006361, 9.765250220330203845, 2.018590974078975364 ) ) ;
#5065 = CARTESIAN_POINT ( 'NONE',  ( 0.6523666354010738688, 10.98964646423145730, 11.28711260294288010 ) ) ;
#5066 = B_SPLINE_SURFACE_WITH_KNOTS ( 'NONE', 3, 3, ( 
 ( #4702, #5590, #1523, #1907, #158, #5116, #5147, #1553, #3336, #4257, #3366, #1104, #2917, #3275, #5053, #5176 ),
 ( #4731, #4200, #2475, #4289, #216, #3726, #5085, #1015, #569, #1940, #1493, #1044, #2029, #2384, #3847, #1432 ),
 ( #130, #3306, #2858, #3517, #2565, #695, #5267, #4793, #803, #5295, #2535, #4850, #4878, #3878, #3397, #4764 ),
 ( #1704, #5737, #1675, #1169, #5206, #4402, #2621, #4430, #3488, #2119, #1135, #3937, #2981, #775, #722, #359 ),
 ( #2949, #1616, #332, #4346, #5649, #275, #1198, #1227, #3067, #2593, #2089, #2146, #3039, #3964, #4319, #5765 ),
 ( #5324, #1255, #5679, #2178, #1584, #3906, #3431, #2505, #5708, #247, #2060, #5238, #3009, #1646, #3459, #4821 ),
 ( #748, #303, #4375, #891, #4906, #387, #5436, #1814, #4080, #503, #5794, #4108, #3094, #1395, #4485, #2206 ),
 ( #4457, #3210, #1, #1731, #1367, #4515, #3632, #5350, #2706, #1785, #3181, #474, #446, #4992, #919, #3659 ),
 ( #4022, #3543, #2735, #1338, #4543, #857, #3152, #2290, #32, #828, #1282, #2647, #5821, #415, #2234, #3600 ),
 ( #1756, #948, #1841, #3568, #5378, #1309, #5463, #5019, #2261, #3120, #5406, #4932, #2762, #4571, #2676, #3992 ),
 ( #4051, #5850, #4965, #4726, #4252, #2407, #4222, #3719, #61, #1068, #1548, #5171, #151, #4663, #3687, #594 ),
 ( #1868, #1037, #3240, #1454, #4630, #5109, #1964, #5584, #2912, #5492, #1098, #5553, #3780, #1008, #532, #1517 ),
 ( #1486, #5046, #2318, #2377, #3749, #978, #91, #2791, #3330, #561, #5140, #2883, #3299, #4192, #4695, #3361 ),
 ( #2851, #123, #2438, #4599, #1425, #626, #5614, #2348, #182, #1995, #1933, #4134, #4162, #3811, #1900, #5523 ),
 ( #3268, #5078, #2821, #5703, #4397, #3454, #3062, #4341, #3841, #1250, #3424, #5262, #3033, #1641, #4845, #2529 ),
 ( #3931, #3959, #2500, #2023, #1164, #270, #1222, #3512, #211, #1192, #1578, #5674, #2975, #3004, #298, #5732 ),
 ( #5644, #5317, #3900, #2560, #5233, #4759, #4369, #5760, #1670, #2054, #3483, #2114, #5290, #5201, #770, #2588 ),
 ( #1611, #3391, #4788, #4314, #327, #4816, #2141, #4284, #1130, #743, #241, #658, #1698, #717, #2942, #690 ),
 ( #3873, #2084, #2470, #4425, #1835, #3652, #4901, #4984, #883, #5788, #354, #4099, #4453, #4073, #3624, #824 ),
 ( #24, #4958, #798, #438, #5401, #2699, #2172, #3594, #3987, #2641, #5429, #382, #4873, #5817, #4481, #4507 ),
 ( #1780, #1333, #2254, #3144, #1360, #4928, #910, #2202, #3089, #5872, #1807, #4016, #5845, #3173, #2726, #1752 ),
 ( #4535, #466, #2282, #2616, #1725, #5456, #3564, #1388, #3538, #1305, #5345, #1276, #3116, #5373, #853, #2671 ),
 ( #410, #2229, #4046, #3324, #5104, #4128, #2756, #2432, #2785, #2402, #1959, #3233, #4658, #3202, #5518, #5012 ),
 ( #176, #1862, #2342, #2816, #5484, #556, #55, #5608, #3263, #4625, #3680, #971, #1416, #3294, #1449, #2845 ),
 ( #2371, #5072, #3775, #4246, #588, #3744, #1002, #5133, #5039, #496, #4186, #618, #4593, #4216, #1062, #118 ),
 ( #941, #1479, #1032, #2877, #146, #5577, #1927, #1511, #5548, #4689, #1989, #4564, #3805, #2311, #525, #84 ),
 ( #4157, #1892, #3714, #3418, #737, #4809, #4838, #3385, #2906, #2048, #5226, #2107, #4392, #1092, #264, #2463 ),
 ( #2553, #765, #3866, #5195, #2582, #4308, #2136, #3834, #2017, #4782, #1664, #4363, #5668, #2494, #321, #2078 ),
 ( #4335, #4278, #5637, #2998, #5256, #1634, #3954, #3355, #3477, #651, #1541, #1605, #1572, #3448, #1123, #5165 ),
 ( #4720, #292, #3894, #1186, #205, #5695, #1157, #3925, #5726, #5284, #1216, #3027, #2935, #4752, #684, #234 ),
 ( #711, #2969, #2522, #3111, #4502, #2250, #2611, #3057, #3505, #5312, #375, #2197, #3559, #4923, #3533, #2722 ),
 ( #4981, #1693, #4040, #5839, #5424, #2693, #433, #846, #4068, #2666, #3619, #4475, #2277, #5368, #4868, #462 ),
 ( #1803, #1774, #3587, #1271, #1245, #5867, #907, #4531, #5395, #2223, #793, #1326, #3084, #878, #4896, #5755 ),
 ( #4420, #1720, #1355, #819, #349, #2636, #1300, #3139, #5812, #405, #4951, #3169, #2165, #3981, #1747, #5783 ),
 ( #5340, #4447, #4011, #2305, #5065, #581, #3287, #1443, #110, #2779, #4122, #1919, #1504, #5097, #5478, #1026 ),
 ( #2839, #2750, #4649, #4210, #3647, #3226, #935, #4587, #48, #140, #996, #2396, #1830, #5452, #4618, #1856 ),
 ( #1473, #519, #4558, #3196, #2334, #5006, #1382, #1950, #490, #1054, #2869, #3674, #3767, #3737, #1410, #5034 ),
 ( #965, #5570, #3317, #4151, #5541, #4095, #78, #18, #1885, #4681, #3706, #5512, #3258, #2809, #551, #2366 ),
 ( #4180, #5126, #610, #197, #3347, #2514, #4743, #2070, #3887, #3857, #676, #1178, #3468, #5688, #2959, #2485 ),
 ( #5157, #5600, #5660, #5718, #642, #1627, #4355, #226, #1656, #4239, #704, #4328, #2099, #5249, #2991, #1594 ),
 ( #3408, #284, #5217, #4830, #2040, #1533, #3018, #5186, #1149, #4802, #4774, #731, #4299, #3440, #2545, #5277 ),
 ( #256, #3797, #3916, #3826, #1207, #5629, #2424, #168, #1084, #4268, #1982, #1563, #2899, #3376, #4712, #2454 ),
 ( #1114, #2010, #2927, #3049, #5746, #2574, #4384, #3497, #1685, #5304, #757, #313, #2128, #1237, #3946, #970 ),
 ( #555, #939, #5576, #2370, #2280, #1926, #1000, #4185, #1833, #5070, #4155, #116, #2844, #2814, #3743, #5547 ),
 ( #145, #4562, #4098, #1478, #3713, #3293, #3231, #5516, #5103, #4657, #3200, #3651, #22, #5455, #2784, #4591 ),
 ( #1447, #4126, #3323, #1031, #1386, #2754, #5010, #587, #4215, #3262, #494, #82, #5482, #1510, #2401, #5038 ),
 ( #1890, #2309, #1061, #523, #4623, #1958, #3774, #5132, #2340, #2876, #465, #53, #1860, #3678, #1414, #683 ),
 ( #1739, #4245, #3417, #5607, #3833, #1122, #1604, #4411, #2155, #5359, #175, #3551, #2047, #785, #3384, #2905 ),
 ( #2186, #3973, #204, #5774, #341, #3525, #3354, #5332, #4887, #1988, #5636, #1540, #5194, #649, #811, #5667 ),
 ( #2431, #3804, #5224, #2462, #1291, #2629, #1712, #1263, #4439, #2493, #4003, #617, #3048, #4859, #367, #3075 ),
 ( #3864, #5803, #1236, #4688, #2603, #5164, #4307, #1091, #4719, #1571, #4277, #2016, #2934, #4750, #233, #2297 ),
 ( #68, #926, #5443, #4466, #1374, #4493, #4115, #423, #1875, #1402, #396, #4943, #1848, #2241, #3103, #4059 ),
 ( #3188, #3159, #9, #1822, #2742, #3639, #3666, #4972, #3218, #868, #1317, #4999, #4550, #3128, #4087, #5470 ),
 ( #2684, #40, #510, #3609, #5858, #2325, #1793, #2214, #3578, #898, #4030, #5026, #955, #5414, #1346, #3695 ),
 ( #5501, #481, #5830, #5386, #2769, #4578, #4141, #4914, #836, #2655, #1764, #2713, #4522, #453, #2269, #3042 ),
 ( #2648, #829, #1842, #3544, #4023, #4486, #1283, #2235, #5795, #1396, #4933, #416, #1732, #4458, #5351, #4966 ),
 ( #4516, #447, #4052, #1310, #3633, #33, #2262, #5407, #3121, #4993, #3095, #2179, #5851, #2291, #4907, #4879 ),
 ( #1786, #892, #858, #3601, #1339, #2707, #3153, #5437, #2677, #920, #388, #2207, #4081, #2, #5822, #1815 ),
 ( #1368, #1757, #3182, #4109, #5379, #3569, #3660, #2736, #3993, #4544, #475, #5464, #804, #2622, #4431, #360 ),
 ( #3750, #183, #124, #4135, #5493, #4664, #1038, #3300, #5615, #5020, #3331, #2319, #627, #3720, #1426, #2439 ),
 ( #1934, #979, #5047, #1996, #1869, #2349, #2822, #3241, #562, #62, #3211, #3269, #4631, #3688, #2792, #4600 ),
 ( #5110, #2378, #4223, #92, #4193, #1965, #5585, #534, #504, #949, #2763, #5524, #1455, #1009, #5554, #4163 ),
 ( #152, #1901, #5079, #1487, #595, #1069, #2852, #2408, #3781, #1518, #4253, #5141, #2884, #4696, #3812, #4572 ),
 ( #659, #3960, #3484, #1642, #3455, #2943, #5172, #299, #771, #4398, #5263, #3901, #2913, #5704, #4760, #2561 ),
 ( #328, #5733, #4727, #3392, #2115, #691, #5234, #718, #5202, #2142, #4370, #2471, #3843, #4285, #4817, #5291 ),
 ( #212, #1165, #2501, #2589, #1194, #4315, #744, #1549, #5645, #1099, #2024, #3362, #1223, #3005, #3932, #242 ),
 ( #1671, #1579, #1131, #3034, #4846, #2055, #3874, #5675, #1612, #3425, #2976, #4789, #2530, #4342, #271, #2085 ),
 ( #825, #5375, #5847, #5818, #2672, #4482, #3595, #411, #439, #1753, #5873, #3539, #3988, #2230, #5402, #5790 ),
 ( #2255, #4959, #1726, #884, #3174, #384, #5346, #4985, #2642, #4874, #355, #3565, #799, #1808, #2700, #2203 ),
 ( #4536, #4047, #2727, #1781, #2617, #2173, #1334, #3145, #4508, #2283, #1699, #3625, #4426, #911, #4017, #1277 ),
 ( #4074, #4929, #854, #3513, #5430, #1361, #467, #1251, #5761, #1306, #5318, #3063, #3090, #4902, #4454, #3117 ),
 ( #4269, #611, #3827, #5630, #5601, #2425, #2928, #5218, #1564, #4713, #4240, #4300, #5013, #1389, #56, #5457 ),
 ( #169, #4744, #1150, #3653, #2900, #942, #3234, #1983, #1085, #3377, #5187, #4775, #3203, #2960, #1534, #198 ),
 ( #2011, #643, #677, #3798, #227, #1863, #2312, #2455, #1115, #4129, #5158, #2486, #2041, #3681, #3858, #1596 ),
 ( #5485, #3409, #1055, #2757, #4565, #3348, #497, #5661, #705, #4682, #5040, #4100, #25, #1836, #1417, #2870 ),
 ( #3974, #342, #2604, #4915, #4329, #2630, #1628, #5804, #3020, #4803, #1740, #1238, #1686, #3498, #257, #5776 ),
 ( #4413, #3888, #3050, #314, #2157, #4888, #4861, #1713, #3526, #2187, #4004, #732, #2071, #5333, #5747, #1264 ),
 ( #5305, #3076, #812, #5250, #5689, #3441, #1179, #4831, #758, #2129, #786, #285, #5360, #4440, #2992, #2546 ),
 ( #368, #3552, #1292, #4356, #3947, #1657, #3104, #2515, #5278, #2100, #3917, #5719, #3469, #1208, #2575, #4385 ),
 ( #2743, #2242, #4467, #5471, #70, #3697, #2685, #1403, #4060, #838, #1794, #454, #927, #899, #3640, #5444 ),
 ( #1375, #3219, #2714, #956, #4494, #4944, #3189, #482, #869, #1823, #5027, #41, #424, #1849, #4143, #1347 ),
 ( #397, #2215, #3160, #3249, #5831, #4551, #4973, #1318, #1765, #4523, #3579, #4031, #3667, #5387, #5504, #1434 ),
 ( #2770, #2298, #3129, #5859, #1877, #3610, #4579, #511, #5415, #2656, #2270, #5000, #4088, #10, #4116, #2327 ),
 ( #4673, #1463, #2416, #101, #1586, #5118, #602, #1909, #2830, #3728, #5149, #1495, #4704, #634, #4231, #3308 ),
 ( #218, #2445, #5592, #1046, #5178, #5532, #2357, #160, #2477, #3277, #4259, #1106, #2860, #4291, #987, #3338 ),
 ( #4733, #2002, #3818, #1973, #1555, #3788, #2919, #1525, #5055, #1076, #4171, #5651, #1942, #2891, #3368, #189 ),
 ( #5621, #665, #2031, #3849, #1017, #542, #5562, #2800, #4609, #5088, #4640, #572, #2386, #4202, #132, #3759 ),
 ( #4795, #4404, #724, #361, #1706, #4767, #5241, #2148, #2537, #3399, #4348, #3011, #3490, #3461, #305, #2121 ),
 ( #3939, #3966, #5269, #3519, #1171, #1618, #5739, #3041, #3433, #4377, #5767, #2595, #2983, #334, #805, #3908 ),
 ( #2623, #277, #2507, #3880, #1200, #4321, #5326, #1257, #5711, #2091, #2180, #1677, #3995, #5297, #249, #5681 ),
 ( #1229, #4852, #5796, #5208, #3069, #2062, #4432, #1648, #4823, #1138, #778, #2567, #4880, #2951, #697, #750 ),
 ( #1340, #4024, #4967, #2649, #4136, #1787, #3154, #4460, #5380, #389, #1816, #4053, #1369, #3183, #893, #5852 ),
 ( #2764, #4994, #2264, #3602, #1843, #2208, #4908, #2708, #5021, #5823, #921, #3661, #5408, #950, #3545, #3 ),
 ( #1397, #4545, #476, #4517, #4110, #448, #5465, #4082, #1733, #3634, #830, #2320, #4487, #5438, #34, #2737 ),
 ( #2292, #3212, #4573, #505, #3570, #3096, #5352, #1284, #1758, #1311, #3122, #4935, #859, #2678, #417, #2236 ),
 ( #153, #3301, #1070, #2823, #5111, #4697, #2440, #2793, #3242, #3689, #5494, #563, #2379, #3751, #1039, #3721 ),
 ( #2885, #980, #2350, #4601, #3332, #3813, #2853, #535, #5555, #5080, #1100, #5586, #4632, #5142, #5173, #4164 ),
 ( #5048, #2472, #1997, #1966, #3782, #1456, #1427, #628, #2914, #4728, #1519, #2409, #93, #4224, #3270, #4254 ),
 ( #660, #184, #1902, #5525, #5616, #1010, #63, #4194, #1488, #1550, #125, #4665, #596, #3363, #1870, #1935 ),
 ( #4399, #2056, #2502, #3006, #3933, #4316, #5264, #772, #3485, #243, #5292, #1700, #4790, #3875, #3514, #1166 ),
 ( #4761, #272, #5203, #329, #1224, #719, #5235, #3064, #4818, #1252, #1195, #1132, #692, #5734, #2116, #4371 ),
 ( #2143, #3393, #5320, #2531, #5676, #4875, #745, #3456, #2562, #213, #1672, #300, #3036, #2025, #4343, #2086 ),
 ( #4847, #1613, #800, #2590, #2944, #3426, #2977, #3961, #5762, #4286, #3902, #5705, #1643, #3844, #5646, #1580 ),
 ( #3091, #356, #2618, #2174, #4427, #3989, #5791, #1728, #4903, #3540, #5347, #1278, #5177, #159, #4672, #3696 ),
 ( #3727, #3337, #5531, #1105, #633, #5502, #4170, #1075, #1462, #2326, #3276, #1941, #2415, #2385, #5117, #1045 ),
 ( #2859, #2890, #4201, #2444, #99, #541, #601, #1972, #2356, #3307, #4703, #1524, #1908, #5148, #5620, #2829 ),
 ( #1554, #4638, #570, #4732, #1433, #4229, #131, #2799, #3248, #3758, #5054, #69, #4258, #1876, #2918, #4142 ),
 ( #188, #3787, #986, #4607, #3367, #5086, #2001, #3817, #1016, #5561, #1494, #5591, #4320, #2506, #3518, #5207 ),
 ( #276, #2950, #3907, #1585, #3068, #723, #2090, #3398, #248, #1136, #749, #2982, #304, #2120, #5710, #4794 ),
 ( #1705, #3938, #1199, #2536, #776, #2594, #2566, #4376, #2061, #4290, #5296, #5766, #5325, #5738, #3010, #2030 ),
 ( #3879, #1676, #5680, #1256, #4851, #3848, #1617, #1228, #3432, #664, #5240, #1647, #3489, #4347, #3460, #5268 ),
 ( #3965, #3040, #1170, #4403, #333, #2147, #4766, #2476, #217, #5650, #4822, #696, #733, #344, #4358, #2189 ) ),
 .UNSPECIFIED., .F., .F., .F.,
 ( 4, 3, 3, 3, 3, 3, 3, 3, 3, 3, 3, 3, 3, 3, 3, 3, 3, 3, 3, 3, 3, 3, 3, 3, 3, 3, 3, 3, 3, 3, 3, 3, 3, 3, 3, 3, 3, 4 ),
 ( 4, 3, 3, 3, 3, 4 ),
 ( -0.005751221566346804460, -0.001822505857103261283, -0.0008403269297923754346, -0.0003492374661369325646, 0.0001418519975185103055, 0.002106209852140281894, 0.006034925561383824855, 0.009963641270627368249, 0.01389235697987091164, 0.01782107268911445330, 0.02567850410760154009, 0.04139336694457571020, 0.05710822978154988377, 0.08853795545549822399, 0.1199676811294465711, 0.1356825439664207378, 0.1513974068033949183, 0.1592548382218819947, 0.1671122696403690711, 0.1828271324773432516, 0.2142568581512915848, 0.2456865838252399459, 0.3085460351731366124, 0.3399757608470849735, 0.3556906236840591262, 0.3714054865210333345, 0.4028352121949816955, 0.4342649378689300566, 0.4971243892168267231, 0.5599838405647233897, 0.6228432919126201117, 0.6542730175865684172, 0.6857027432605167228, 0.7485621946084134448, 0.8114216459563101669, 0.8742810973042067779, 0.9371405486521035000, 1.000000000000000222 ),
 ( 0.6177524191728509528, 0.6336487823275448461, 0.6495451454822387394, 0.6574933270595856305, 0.6654415086369325216, 0.6813378717916264149 ),
 .UNSPECIFIED. ) ;
#5067 = CARTESIAN_POINT ( 'NONE',  ( 5.347949140326404560, 2.104015563229022501, -5.893253220805824810 ) ) ;
#5068 = CARTESIAN_POINT ( 'NONE',  ( 4.508854681374770301, 7.589452198992327148, 49.94063592221487369 ) ) ;
#5069 = CARTESIAN_POINT ( 'NONE',  ( 0.2040849385762679991, 10.34067645913940581, 7.833956754274162826 ) ) ;
#5070 = CARTESIAN_POINT ( 'NONE',  ( 1.617547425445652776, 10.81684967169374012, 9.800200768687941988 ) ) ;
#5071 = CARTESIAN_POINT ( 'NONE',  ( 5.496837583447112152, 3.977183910434959557, 10.27660197734433112 ) ) ;
#5072 = CARTESIAN_POINT ( 'NONE',  ( 0.1923830589964382054, 11.07193254654016457, 12.55889988255926859 ) ) ;
#5073 = CARTESIAN_POINT ( 'NONE',  ( 5.892125811715443362, 1.559501863211468997, -2.123862876320408155 ) ) ;
#5074 = CARTESIAN_POINT ( 'NONE',  ( 5.044458367397283816, 3.949751734976577833, -4.321783477373394966 ) ) ;
#5075 = CARTESIAN_POINT ( 'NONE',  ( 2.291332054352441805, 10.62453381843912936, 24.06669295083138493 ) ) ;
#5076 = CARTESIAN_POINT ( 'NONE',  ( 0.4371495205209894319, 7.927983186571602836, 55.09132511254229314 ) ) ;
#5077 = EDGE_CURVE ( 'NONE', #1319, #3881, #1500, .T. ) ;
#5078 = CARTESIAN_POINT ( 'NONE',  ( 0.01278235984006162451, 11.07039279801885279, 12.55932025534104923 ) ) ;
#5079 = CARTESIAN_POINT ( 'NONE',  ( 2.961449613157321803, 10.45764324448992788, 12.13880989078961470 ) ) ;
#5080 = CARTESIAN_POINT ( 'NONE',  ( 5.792170934868950738, 5.402569789206453699, 9.825401175602539894 ) ) ;
#5081 = CARTESIAN_POINT ( 'NONE',  ( 5.492125856166725661, 1.562500000000000000, 6.633993714433365163 ) ) ;
#5082 = CARTESIAN_POINT ( 'NONE',  ( 5.132783892953160176, 4.961332583094209880, 51.65291690054016982 ) ) ;
#5083 = CARTESIAN_POINT ( 'NONE',  ( 4.164154962480369093, 8.235572933268121787, 4.113146485914884742 ) ) ;
#5084 = CARTESIAN_POINT ( 'NONE',  ( 1.712317096911501801, 8.710196273158626212, 53.14021148246079917 ) ) ;
#5085 = CARTESIAN_POINT ( 'NONE',  ( -0.07598608116420135783, 10.93154579873621834, 10.43801620913696127 ) ) ;
#5086 = CARTESIAN_POINT ( 'NONE',  ( 5.900985345148108685, 2.616999032042308215, 10.88300992600744443 ) ) ;
#5087 = VECTOR ( 'NONE', #1759, 39.37007874015748143 ) ;
#5088 = CARTESIAN_POINT ( 'NONE',  ( 5.380829450233990841, 7.239749782238583897, 9.821983981925690443 ) ) ;
#5089 = ORIENTED_EDGE ( 'NONE', *, *, #2697, .F. ) ;
#5090 = CARTESIAN_POINT ( 'NONE',  ( 3.741180474075592954, 9.078815055909796428, 7.955401604407377647 ) ) ;
#5091 = CARTESIAN_POINT ( 'NONE',  ( 4.718640531481724132, 6.250547807945634915, -0.1972876079644793890 ) ) ;
#5092 = CARTESIAN_POINT ( 'NONE',  ( 0.1244646230362022321, 10.69415393674962367, 12.95146459653335391 ) ) ;
#5093 = CARTESIAN_POINT ( 'NONE',  ( 0.05048914925776595147, 9.322872675739988679, 53.35814443513422844 ) ) ;
#5094 = CARTESIAN_POINT ( 'NONE',  ( 3.673487168574491424, 9.780984894260962292, 37.30912812162269176 ) ) ;
#5095 = CARTESIAN_POINT ( 'NONE',  ( 1.251995381800350637, 9.666419325063079881, 51.54483268643853933 ) ) ;
#5096 = CARTESIAN_POINT ( 'NONE',  ( 0.4781657123027996947, 9.695899562366699698, 52.33111347954658754 ) ) ;
#5097 = CARTESIAN_POINT ( 'NONE',  ( 0.6271378754500944730, 10.80733587781797134, 8.733751414382735945 ) ) ;
#5098 = CARTESIAN_POINT ( 'NONE',  ( -0.003937007874039468586, 10.74912062664211909, 7.955401604407358995 ) ) ;
#5099 = CARTESIAN_POINT ( 'NONE',  ( 5.889429591652895368, 4.214028109323010973, 10.29105455763302857 ) ) ;
#5100 = CARTESIAN_POINT ( 'NONE',  ( 5.306967294780641886, 2.149316244579127400, 53.10657071137838159 ) ) ;
#5101 = CARTESIAN_POINT ( 'NONE',  ( 4.491276845511888993, 8.446200574460176469, 31.92481682339394311 ) ) ;
#5102 = CARTESIAN_POINT ( 'NONE',  ( 0.09601977484830734322, 9.470413768442870861, -0.1910980121265820897 ) ) ;
#5103 = CARTESIAN_POINT ( 'NONE',  ( 1.683860253486673342, 10.82038825870299803, 10.01335346475921639 ) ) ;
#5104 = CARTESIAN_POINT ( 'NONE',  ( 0.1592520140134645323, 10.98999202138379871, 11.28752178935791584 ) ) ;
#5105 = CARTESIAN_POINT ( 'NONE',  ( 5.850058738655914858, 4.748066328884581466, 8.904078689820911663 ) ) ;
#5106 = CARTESIAN_POINT ( 'NONE',  ( 4.667368437449396446, 3.665263478881377601, -6.993615392919442897 ) ) ;
#5107 = CARTESIAN_POINT ( 'NONE',  ( 2.744741149237980515, 10.09701727666773685, 46.38182794824304978 ) ) ;
#5108 = CARTESIAN_POINT ( 'NONE',  ( 0.6430302747480828307, 10.19178022624745061, 6.162745761169434289 ) ) ;
#5109 = CARTESIAN_POINT ( 'NONE',  ( -0.008333981389688832273, 10.96091474277791633, 10.86323180704865443 ) ) ;
#5110 = CARTESIAN_POINT ( 'NONE',  ( 2.849997072574963042, 10.56466495431094188, 12.98520894984974028 ) ) ;
#5111 = CARTESIAN_POINT ( 'NONE',  ( 5.783179530946190638, 5.575417924983030460, 11.30416123141056062 ) ) ;
#5112 = CARTESIAN_POINT ( 'NONE',  ( 5.492125984196799315, 1.562500000000004219, 35.24506315013456259 ) ) ;
#5113 = CARTESIAN_POINT ( 'NONE',  ( 3.929462670275204683, 4.164320516460620070, -8.615535936414273621 ) ) ;
#5114 = CARTESIAN_POINT ( 'NONE',  ( 4.741440081564702425, 8.634752512098241795, 39.76516130388461079 ) ) ;
#5115 = CARTESIAN_POINT ( 'NONE',  ( 1.626278610235000643, 8.346632601636837734, -4.188627895292604819 ) ) ;
#5116 = CARTESIAN_POINT ( 'NONE',  ( -0.09681065775483846392, 10.96088986328123838, 10.86328782616492639 ) ) ;
#5117 = CARTESIAN_POINT ( 'NONE',  ( 5.901510470601581737, 3.229403421450392386, 8.355889962947408378 ) ) ;
#5118 = CARTESIAN_POINT ( 'NONE',  ( 5.084453427467558129, 8.021233960901458460, 10.87796550308313037 ) ) ;
#5119 = ORIENTED_EDGE ( 'NONE', *, *, #1981, .F. ) ;
#5120 = CYLINDRICAL_SURFACE ( 'NONE', #4055, 0.09999999999999947820 ) ;
#5121 = CARTESIAN_POINT ( 'NONE',  ( 5.113713413671328034, 6.873259369841351329, 12.44499525905317761 ) ) ;
#5122 = CARTESIAN_POINT ( 'NONE',  ( 5.810390172808489240, 4.360497926422723936, 9.347549309447400034 ) ) ;
#5123 = CARTESIAN_POINT ( 'NONE',  ( 0.01406665063995051618, 8.342874795951257028, -5.798924994960646728 ) ) ;
#5124 = CARTESIAN_POINT ( 'NONE',  ( 3.246144656552675034, 8.768552705626241561, 50.61324744461172997 ) ) ;
#5125 = CARTESIAN_POINT ( 'NONE',  ( -0.007874015748423630195, 1.562500000000000000, 57.50000000000000000 ) ) ;
#5126 = CARTESIAN_POINT ( 'NONE',  ( 1.053034455727211105, 11.05649042315990904, 12.55946899489444135 ) ) ;
#5127 = FACE_BOUND ( 'NONE', #3948, .T. ) ;
#5128 = DIRECTION ( 'NONE',  ( 6.884180897671568580E-15, -0.1445325301987527566, -0.9895000493756159754 ) ) ;
#5129 = CARTESIAN_POINT ( 'NONE',  ( 1.705972890362069005, 1.722780135596348572, -14.99999999999997691 ) ) ;
#5130 = CARTESIAN_POINT ( 'NONE',  ( 3.732943205211504800, 6.844714488700581079, -3.654706738211605632 ) ) ;
#5131 = CARTESIAN_POINT ( 'NONE',  ( 0.1379208722202016346, 5.531389196483992521, -13.07017503262505009 ) ) ;
#5132 = CARTESIAN_POINT ( 'NONE',  ( 1.812466126123065235, 10.80874419681761012, 10.22656852265662053 ) ) ;
#5133 = CARTESIAN_POINT ( 'NONE',  ( 0.1971517863086273414, 10.91722670003533047, 10.22513733514014334 ) ) ;
#5134 = CARTESIAN_POINT ( 'NONE',  ( 4.855754907045589874, 7.650960507213062201, 20.75017404601135595 ) ) ;
#5135 = ADVANCED_FACE ( 'NONE', ( #3763 ), #2955, .T. ) ;
#5136 = CARTESIAN_POINT ( 'NONE',  ( 5.902360965669970483, 2.746239770366203814, 11.19464535792865334 ) ) ;
#5137 = CARTESIAN_POINT ( 'NONE',  ( 5.659459002706383579, 4.050491130588734556, 46.26544949966316977 ) ) ;
#5138 = CARTESIAN_POINT ( 'NONE',  ( 1.784792825565916230, 7.758873777322405907, -5.819156954264486536 ) ) ;
#5139 = CARTESIAN_POINT ( 'NONE',  ( 0.8809001899598908336, 10.35511986471422041, 48.57754553675076892 ) ) ;
#5140 = CARTESIAN_POINT ( 'NONE',  ( -0.005684521704683098003, 10.87164555574700664, 9.586632377776016511 ) ) ;
#5141 = CARTESIAN_POINT ( 'NONE',  ( 2.927582794874707517, 10.30754151438532595, 9.380570615259896883 ) ) ;
#5142 = CARTESIAN_POINT ( 'NONE',  ( 5.784673163774946225, 5.371488606577459635, 8.769903108633910094 ) ) ;
#5143 = CARTESIAN_POINT ( 'NONE',  ( 5.492125984204177414, 1.562500000000003553, 35.65829599287059182 ) ) ;
#5144 = AXIS2_PLACEMENT_3D ( 'NONE', #4330, #316, #1742 ) ;
#5145 = CARTESIAN_POINT ( 'NONE',  ( 5.431861965818672644, 5.816893464898316601, 37.30095477827792649 ) ) ;
#5146 = CARTESIAN_POINT ( 'NONE',  ( 1.923170540689480568, 9.331521007840795079, 51.55684204356091271 ) ) ;
#5147 = CARTESIAN_POINT ( 'NONE',  ( -0.09604710346299642765, 10.93154279650236838, 10.43802477688704045 ) ) ;
#5148 = CARTESIAN_POINT ( 'NONE',  ( 5.902240520421365488, 2.995640892793844934, 8.776953063664894472 ) ) ;
#5149 = CARTESIAN_POINT ( 'NONE',  ( 5.067086726899721505, 7.989143299759212447, 9.607382479842422995 ) ) ;
#5150 = EDGE_LOOP ( 'NONE', ( #1943, #2188, #5593, #1404 ) ) ;
#5151 = LINE ( 'NONE', #2832, #1345 ) ;
#5152 = CARTESIAN_POINT ( 'NONE',  ( 4.305702913857596847, 6.166273165447672788, -3.078868716807908079 ) ) ;
#5153 = DIRECTION ( 'NONE',  ( -0.04149145669670985248, 0.9991388587284476541, 0.000000000000000000 ) ) ;
#5154 = CARTESIAN_POINT ( 'NONE',  ( 0.01635699520893527104, 10.16226695872548547, 50.59296922378423034 ) ) ;
#5155 = CARTESIAN_POINT ( 'NONE',  ( 4.024292917680141635, 9.558026063189759114, 39.77277711988549669 ) ) ;
#5156 = CARTESIAN_POINT ( 'NONE',  ( 1.241004250931275532, 9.256320652054609965, -0.5918243437543839747 ) ) ;
#5157 = CARTESIAN_POINT ( 'NONE',  ( 1.180568292582628631, 11.06831629428721975, 12.98316699245085459 ) ) ;
#5158 = CARTESIAN_POINT ( 'NONE',  ( 4.233509626957464356, 9.247080351452096281, 9.600391337768865441 ) ) ;
#5159 = DIRECTION ( 'NONE',  ( 0.04149145669668401898, -0.9991388587284487643, 2.886656688780535284E-16 ) ) ;
#5160 = CARTESIAN_POINT ( 'NONE',  ( 5.894483745565745281, 4.074373673036067345, 10.33848340204724181 ) ) ;
#5161 = CARTESIAN_POINT ( 'NONE',  ( 5.492422104347661538, 2.001910920230378199, 15.73029452788228966 ) ) ;
#5162 = CARTESIAN_POINT ( 'NONE',  ( 2.422745665632643153, 8.664940532882472013, 52.36549679672821611 ) ) ;
#5163 = CARTESIAN_POINT ( 'NONE',  ( 0.2415772145886343758, 9.405744951675366394, 53.14721997643627560 ) ) ;
#5164 = CARTESIAN_POINT ( 'NONE',  ( 2.009163658256687857, 10.79999607415730978, 10.86520320317675825 ) ) ;
#5165 = CARTESIAN_POINT ( 'NONE',  ( 0.2683065250963623249, 10.74226587678846201, 7.879769557985349060 ) ) ;
#5166 = CARTESIAN_POINT ( 'NONE',  ( 3.882748270654238443, 6.325738821299631276, 53.30709431097744755 ) ) ;
#5167 = CARTESIAN_POINT ( 'NONE',  ( 2.451108638820939767, 1.586857814459321725, -14.32411381532068262 ) ) ;
#5168 = CARTESIAN_POINT ( 'NONE',  ( 4.973877240408884681, 3.512801083645136213, -5.877488057711919289 ) ) ;
#5169 = CARTESIAN_POINT ( 'NONE',  ( 2.052399241745222813, 8.626135970935903785, -2.396872849352795320 ) ) ;
#5170 = CARTESIAN_POINT ( 'NONE',  ( 0.7346260243002199486, 10.93792142079833241, 18.26462311466791988 ) ) ;
#5171 = CARTESIAN_POINT ( 'NONE',  ( -0.01051613469718610042, 10.85625061026149929, 9.373462784194947162 ) ) ;
#5172 = CARTESIAN_POINT ( 'NONE',  ( 3.059272074892265270, 10.29575653506778821, 10.44312268877255967 ) ) ;
#5173 = CARTESIAN_POINT ( 'NONE',  ( 5.780852197938409098, 5.359320711222444800, 8.347989005418682495 ) ) ;
#5174 = CARTESIAN_POINT ( 'NONE',  ( 5.492126084463973434, 1.562500000000009326, 40.51748544791718842 ) ) ;
#5175 = CARTESIAN_POINT ( 'NONE',  ( 5.384060778040387518, 4.717530528930577560, 50.27453933944276088 ) ) ;
#5176 = CARTESIAN_POINT ( 'NONE',  ( -0.08588766706106906734, 10.74322370867400522, 7.879215756859100139 ) ) ;
#5177 = CARTESIAN_POINT ( 'NONE',  ( 5.902494621928564555, 3.531146756466187586, 9.196553052485574753 ) ) ;
#5178 = CARTESIAN_POINT ( 'NONE',  ( 5.197350295474583604, 7.776188914066689328, 11.30210922201997725 ) ) ;
#5179 = ORIENTED_EDGE ( 'NONE', *, *, #16, .T. ) ;
#5180 = CARTESIAN_POINT ( 'NONE',  ( 4.414109442883695777, 8.228929960113040565, 7.955401604407384752 ) ) ;
#5181 = CARTESIAN_POINT ( 'NONE',  ( 4.882862718911436417, 6.480043610747683758, 2.067549917779324620 ) ) ;
#5182 = CARTESIAN_POINT ( 'NONE',  ( 5.576770406748030595, 3.840356787013552875, 11.54026869725333526 ) ) ;
#5183 = CARTESIAN_POINT ( 'NONE',  ( 0.04034467617571919212, 8.027741006103719101, 55.11323332030671907 ) ) ;
#5184 = CARTESIAN_POINT ( 'NONE',  ( 3.379124963689742689, 8.043357169107627769, -1.204752907988711597 ) ) ;
#5185 = CARTESIAN_POINT ( 'NONE',  ( 0.3066988509185987755, 3.588026619559065988, -14.99999999999999112 ) ) ;
#5186 = CARTESIAN_POINT ( 'NONE',  ( 1.307522994794097615, 10.88792984532458519, 10.22537007042749480 ) ) ;
#5187 = CARTESIAN_POINT ( 'NONE',  ( 4.186687318052110029, 9.299124204192994014, 9.600073211102326809 ) ) ;
#5188 = ORIENTED_EDGE ( 'NONE', *, *, #4221, .T. ) ;
#5189 = FACE_BOUND ( 'NONE', #4005, .T. ) ;
#5190 = CARTESIAN_POINT ( 'NONE',  ( 5.893133662234296466, 4.117341415533519289, 10.34273252934045750 ) ) ;
#5191 = CARTESIAN_POINT ( 'NONE',  ( 4.486568900981740882, 1.700350361394388443, -9.918248790043385554 ) ) ;
#5192 = CARTESIAN_POINT ( 'NONE',  ( 2.547585162578578366, 8.939429707497007271, 51.56885140068339268 ) ) ;
#5193 = CARTESIAN_POINT ( 'NONE',  ( 0.2448486607582559538, 8.734914614090314444, -4.156238699651336965 ) ) ;
#5194 = CARTESIAN_POINT ( 'NONE',  ( 1.922795422330029647, 10.70597474621031431, 9.161993894808007965 ) ) ;
#5195 = CARTESIAN_POINT ( 'NONE',  ( 0.2528291853954005020, 11.01810098321832143, 11.71135003760764981 ) ) ;
#5196 = CARTESIAN_POINT ( 'NONE',  ( 4.051659355363378623, 6.821977147029278932, -2.451336553515858441 ) ) ;
#5197 = CARTESIAN_POINT ( 'NONE',  ( 5.887878485364276493, 4.240301117727857338, 10.19299079435073807 ) ) ;
#5198 = CARTESIAN_POINT ( 'NONE',  ( 5.472036406733243652, 3.690557422846979296, 33.64122682634033623 ) ) ;
#5199 = CARTESIAN_POINT ( 'NONE',  ( 2.125501812333952412, 8.693666560717201008, 52.70196079235600450 ) ) ;
#5200 = CARTESIAN_POINT ( 'NONE',  ( 0.5982922303164619482, 8.711916422359760048, 54.13836548593445741 ) ) ;
#5201 = CARTESIAN_POINT ( 'NONE',  ( 0.04190602877739350168, 10.80920094456384284, 8.733605196421615702 ) ) ;
#5202 = CARTESIAN_POINT ( 'NONE',  ( 3.293449054083671612, 10.12415729218002980, 10.01958566590906763 ) ) ;
#5203 = CARTESIAN_POINT ( 'NONE',  ( 5.888237007901930831, 4.494769320039225136, 12.14873144478109879 ) ) ;
#5204 = CARTESIAN_POINT ( 'NONE',  ( -0.007873929523003531106, 1.562500035778941143, 57.89999999999998437 ) ) ;
#5205 = CARTESIAN_POINT ( 'NONE',  ( 4.622767693444512105, 4.346434426710143129, -5.868028959855579707 ) ) ;
#5206 = CARTESIAN_POINT ( 'NONE',  ( -0.03626445574201458966, 10.98929733461446645, 11.28783366910727537 ) ) ;
#5207 = CARTESIAN_POINT ( 'NONE',  ( 5.897723519209195686, 2.465440669825540887, 7.939031540396865871 ) ) ;
#5208 = CARTESIAN_POINT ( 'NONE',  ( 5.673978603269438814, 6.226250367218074899, 11.72712431527438603 ) ) ;
#5209 = CIRCLE ( 'NONE', #657, 0.09999999999999947820 ) ;
#5210 = ORIENTED_EDGE ( 'NONE', *, *, #5077, .F. ) ;
#5211 = CARTESIAN_POINT ( 'NONE',  ( 5.487266463882637169, 4.246533684823468491, 9.477951562356182080 ) ) ;
#5212 = CARTESIAN_POINT ( 'NONE',  ( 1.150792480513777027, 2.674142084600459768, -14.99999999999998579 ) ) ;
#5213 = DIRECTION ( 'NONE',  ( 6.957231484743788408E-15, -0.000000000000000000, -1.000000000000000000 ) ) ;
#5214 = CARTESIAN_POINT ( 'NONE',  ( 0.08983916500872760058, 10.98217007241149368, 37.31637267595083074 ) ) ;
#5215 = CARTESIAN_POINT ( 'NONE',  ( 2.554774249058489044, 6.436099906362532153, -7.642035902643509182 ) ) ;
#5216 = CARTESIAN_POINT ( 'NONE',  ( 1.307196238109995745, 9.208611719168038334, 52.69390730835447556 ) ) ;
#5217 = CARTESIAN_POINT ( 'NONE',  ( 1.316960671863932175, 11.00913897497929916, 12.13661224111826442 ) ) ;
#5218 = CARTESIAN_POINT ( 'NONE',  ( 4.148655974309550132, 9.381268385720181513, 10.23559906640229222 ) ) ;
#5219 = CARTESIAN_POINT ( 'NONE',  ( 0.1469668029847528978, 10.25373087978633002, 49.94321908343847127 ) ) ;
#5220 = CARTESIAN_POINT ( 'NONE',  ( 5.822567627406507462, 5.343683157393700256, 12.95146459653338766 ) ) ;
#5221 = CARTESIAN_POINT ( 'NONE',  ( 5.491137588957415439, 1.753213690389398671, 50.65687118017358870 ) ) ;
#5222 = CARTESIAN_POINT ( 'NONE',  ( 0.2640313311437836874, 2.119019480083599305, 57.50000000000001421 ) ) ;
#5223 = CARTESIAN_POINT ( 'NONE',  ( 0.4082916600861828393, 10.33998630522616580, 7.834456572473111002 ) ) ;
#5224 = CARTESIAN_POINT ( 'NONE',  ( 1.987345856285406498, 10.87933766482232478, 12.13850657768306540 ) ) ;
#5225 = VECTOR ( 'NONE', #879, 39.37007874015748143 ) ;
#5226 = CARTESIAN_POINT ( 'NONE',  ( 0.2320994792170405496, 10.87173531119458936, 9.586492508016645431 ) ) ;
#5227 = AXIS2_PLACEMENT_3D ( 'NONE', #1057, #3860, #4684 ) ;
#5228 = CARTESIAN_POINT ( 'NONE',  ( 3.595851697548510639, 6.105229080384567020, -5.845957731524122458 ) ) ;
#5229 = CARTESIAN_POINT ( 'NONE',  ( 5.492129944695777866, 1.567195937205210887, 12.46870721197211651 ) ) ;
#5230 = CARTESIAN_POINT ( 'NONE',  ( 5.293943719691734273, 3.832552377366900132, -1.243280288531170896 ) ) ;
#5231 = CARTESIAN_POINT ( 'NONE',  ( 0.2358154863094449050, 2.137160785905634963, 57.49999999999998579 ) ) ;
#5232 = CARTESIAN_POINT ( 'NONE',  ( 0.9365899855512602734, 10.94921360813852296, 33.64218465740862030 ) ) ;
#5233 = CARTESIAN_POINT ( 'NONE',  ( 0.04303149997490215983, 10.98940434633605534, 11.28775033687013263 ) ) ;
#5234 = CARTESIAN_POINT ( 'NONE',  ( 3.298640479046961449, 10.14734345564023243, 10.44383813449596410 ) ) ;
#5235 = CARTESIAN_POINT ( 'NONE',  ( 5.885203574786515013, 4.384879844132266058, 10.45985584064272267 ) ) ;
#5236 = CARTESIAN_POINT ( 'NONE',  ( 5.492127183301856341, 1.562499999999999556, -0.8344318146463244323 ) ) ;
#5237 = CARTESIAN_POINT ( 'NONE',  ( 5.405824131263705645, 5.359632444111034566, 10.78195452376297681 ) ) ;
#5238 = CARTESIAN_POINT ( 'NONE',  ( -0.02509542695188687195, 10.85625443045470817, 9.373458757851972578 ) ) ;
#5239 = CIRCLE ( 'NONE', #3148, 0.09999999999999947820 ) ;
#5240 = CARTESIAN_POINT ( 'NONE',  ( 5.892054947262120201, 1.799635527300645910, 9.619534098314501236 ) ) ;
#5241 = CARTESIAN_POINT ( 'NONE',  ( 5.467341647182795583, 6.991289588472970884, 10.45747272342288703 ) ) ;
#5242 = CARTESIAN_POINT ( 'NONE',  ( 5.896616460796647807, 3.989711477755897739, 10.26899102642696349 ) ) ;
#5243 = DIRECTION ( 'NONE',  ( -1.000000000000000000, 0.000000000000000000, 0.000000000000000000 ) ) ;
#5244 = CARTESIAN_POINT ( 'NONE',  ( 1.883335433954073990, 2.770682680212710469, 57.24992925783989506 ) ) ;
#5245 = CARTESIAN_POINT ( 'NONE',  ( 4.239869979970695368, 8.781544678534514148, 12.95146459653338233 ) ) ;
#5246 = CARTESIAN_POINT ( 'NONE',  ( -0.007874015747917769217, 1.562500000000000000, -14.99999999999999822 ) ) ;
#5247 = CARTESIAN_POINT ( 'NONE',  ( 1.646752593887644833, 10.09723221677696081, 6.168344464501053892 ) ) ;
#5248 = EDGE_CURVE ( 'NONE', #4610, #2149, #5209, .T. ) ;
#5249 = CARTESIAN_POINT ( 'NONE',  ( 1.152100097298332626, 10.78912405254936502, 8.733859443741186723 ) ) ;
#5250 = CARTESIAN_POINT ( 'NONE',  ( 4.527822296153671822, 9.004806838556826065, 11.71993272919818274 ) ) ;
#5251 = PLANE ( 'NONE',  #3630 ) ;
#5252 = DIRECTION ( 'NONE',  ( 6.957231484743787620E-15, 0.000000000000000000, -1.000000000000000000 ) ) ;
#5253 = CARTESIAN_POINT ( 'NONE',  ( 5.471046587977339115, 1.756201307713553872, 51.70896056711135458 ) ) ;
#5254 = CARTESIAN_POINT ( 'NONE',  ( 3.122396633860527793, 10.24362229994331663, 42.65156983604651941 ) ) ;
#5255 = CARTESIAN_POINT ( 'NONE',  ( 0.2521886517124795613, 9.615633329189114065, 52.68333711060238045 ) ) ;
#5256 = CARTESIAN_POINT ( 'NONE',  ( 0.2920416363712278751, 10.99061397644114813, 11.28730267727412873 ) ) ;
#5257 = CARTESIAN_POINT ( 'NONE',  ( 4.572854239022641210, 7.147689064381339108, 50.62551662023864196 ) ) ;
#5258 = CARTESIAN_POINT ( 'NONE',  ( 5.576770406748034148, 3.840356787013552875, 10.95146459653338944 ) ) ;
#5259 = CARTESIAN_POINT ( 'NONE',  ( 5.441228370775061052, 4.145395406289110518, 28.18696329047345372 ) ) ;
#5260 = CARTESIAN_POINT ( 'NONE',  ( 1.408001424461425177, 10.78264124395689194, 42.67714793908107396 ) ) ;
#5261 = CARTESIAN_POINT ( 'NONE',  ( 0.5549505075506950824, 8.687781374031674275, -4.164036098602013070 ) ) ;
#5262 = CARTESIAN_POINT ( 'NONE',  ( 0.01378450340734244800, 10.85624314390078560, 9.373466989815927519 ) ) ;
#5263 = CARTESIAN_POINT ( 'NONE',  ( 3.049465329235848454, 10.24704211112623753, 9.593795700407167004 ) ) ;
#5264 = CARTESIAN_POINT ( 'NONE',  ( 5.868620691414953683, 4.643339266707990909, 10.45958482973324877 ) ) ;
#5265 = CARTESIAN_POINT ( 'NONE',  ( 5.387765737884279815, 1.562499999999997780, -5.710072459740666240 ) ) ;
#5266 = CARTESIAN_POINT ( 'NONE',  ( 4.416410247691765711, 4.183602715669881178, -6.993594088188018532 ) ) ;
#5267 = CARTESIAN_POINT ( 'NONE',  ( -0.05592505886538880200, 10.93154880093477210, 10.43800764130088510 ) ) ;
#5268 = CARTESIAN_POINT ( 'NONE',  ( 5.891666017907144948, 1.773465858470703038, 7.941444799857636738 ) ) ;
#5269 = CARTESIAN_POINT ( 'NONE',  ( 5.559258280171252231, 6.750167615206799532, 12.15002751468183284 ) ) ;
#5270 = EDGE_LOOP ( 'NONE', ( #4974, #425, #2216, #1556 ) ) ;
#5271 = CARTESIAN_POINT ( 'NONE',  ( 0.7181869455794712698, 10.74507283297350568, 7.955401604407360772 ) ) ;
#5272 = CARTESIAN_POINT ( 'NONE',  ( 0.5671934757784991010, 1.891240355318829280, 57.50000000000000000 ) ) ;
#5273 = CARTESIAN_POINT ( 'NONE',  ( 5.426358156414929468, 5.287547526781243512, 12.95146459653338411 ) ) ;
#5274 = CARTESIAN_POINT ( 'NONE',  ( 3.877299728415658286, 9.446158758638347308, 33.64184305332123159 ) ) ;
#5275 = CARTESIAN_POINT ( 'NONE',  ( 1.793775981362735195, 10.76436280465327044, 39.78927805455428057 ) ) ;
#5276 = EDGE_CURVE ( 'NONE', #1796, #4610, #2036, .T. ) ;
#5277 = CARTESIAN_POINT ( 'NONE',  ( 1.257136207262216976, 10.71250351650424015, 7.880464936374791840 ) ) ;
#5278 = CARTESIAN_POINT ( 'NONE',  ( 4.582246008047237140, 8.827980289450895413, 10.02680381669555487 ) ) ;
#5279 = VERTEX_POINT ( 'NONE', #4738 ) ;
#5280 = DIRECTION ( 'NONE',  ( -1.000000000000000000, 0.000000000000000000, -3.478615742371893810E-15 ) ) ;
#5281 = CARTESIAN_POINT ( 'NONE',  ( 5.492125983915943088, 1.562500000000010658, 39.71946640787898986 ) ) ;
#5282 = CARTESIAN_POINT ( 'NONE',  ( 1.638904008722491090, 6.768993569749027550, -8.656285236188187682 ) ) ;
#5283 = CARTESIAN_POINT ( 'NONE',  ( -0.007874015747917769217, 1.562500000000000000, -14.99999999999999822 ) ) ;
#5284 = CARTESIAN_POINT ( 'NONE',  ( 0.3253245997143466850, 10.88710862413048019, 9.799361604584106544 ) ) ;
#5285 = CARTESIAN_POINT ( 'NONE',  ( 4.765910243143372860, 7.422786525682592895, 6.191757223887924155 ) ) ;
#5286 = CARTESIAN_POINT ( 'NONE',  ( 5.887979513778828000, 4.234368859543733876, 10.16753807291651235 ) ) ;
#5287 = CARTESIAN_POINT ( 'NONE',  ( 4.631684281906297329, 3.001523656352130143, 54.80153927347635801 ) ) ;
#5288 = CARTESIAN_POINT ( 'NONE',  ( 1.394028152154705769, 10.61890833836671000, 12.45229336187474622 ) ) ;
#5289 = CARTESIAN_POINT ( 'NONE',  ( 0.4215259118868411869, 5.436507950040210702, -13.06385804873952949 ) ) ;
#5290 = CARTESIAN_POINT ( 'NONE',  ( 0.04249462441675382063, 10.84055470333633764, 9.160177872367624374 ) ) ;
#5291 = CARTESIAN_POINT ( 'NONE',  ( 3.271498511440198431, 9.992791240794382190, 7.894288411096423097 ) ) ;
#5292 = CARTESIAN_POINT ( 'NONE',  ( 5.865305870204527317, 4.602350605939012240, 9.615594764546345985 ) ) ;
#5293 = CARTESIAN_POINT ( 'NONE',  ( 1.606798301907568893, 1.562500000000000444, -14.49722491441114869 ) ) ;
#5294 = CARTESIAN_POINT ( 'NONE',  ( 0.6693937132217879782, 1.798889069581669498, 57.50000000000001421 ) ) ;
#5295 = CARTESIAN_POINT ( 'NONE',  ( -0.05505062441237131704, 10.88680505783906227, 9.799609220714161850 ) ) ;
#5296 = CARTESIAN_POINT ( 'NONE',  ( 5.894520759821534561, 2.042255186832122593, 9.619492876132488490 ) ) ;
#5297 = CARTESIAN_POINT ( 'NONE',  ( 5.595730025848775213, 6.438101635162736258, 8.766560366521030545 ) ) ;
#5298 = VERTEX_POINT ( 'NONE', #5122 ) ;
#5299 = FACE_OUTER_BOUND ( 'NONE', #3220, .T. ) ;
#5300 = CARTESIAN_POINT ( 'NONE',  ( 5.138835130573246701, 6.360812470436451704, 6.197864900249706821 ) ) ;
#5301 = CARTESIAN_POINT ( 'NONE',  ( 4.276367726083632803, 8.727917602124412255, 12.95146459653338411 ) ) ;
#5302 = CARTESIAN_POINT ( 'NONE',  ( -0.007874015747917769217, 1.562500000000000000, -14.99999999999999822 ) ) ;
#5303 = CARTESIAN_POINT ( 'NONE',  ( 0.1410884092613216290, 2.192907741912164976, 57.50000000000000000 ) ) ;
#5304 = CARTESIAN_POINT ( 'NONE',  ( 1.554377174670144912, 10.82633531185856235, 9.800060605919954426 ) ) ;
#5305 = CARTESIAN_POINT ( 'NONE',  ( 4.546257833078005461, 9.046209468847772328, 12.98852459716338892 ) ) ;
#5306 = VERTEX_POINT ( 'NONE', #669 ) ;
#5307 = DIRECTION ( 'NONE',  ( 6.957231484743787620E-15, 0.000000000000000000, -1.000000000000000000 ) ) ;
#5308 = DIRECTION ( 'NONE',  ( -1.000000000000000000, 0.000000000000000000, 0.000000000000000000 ) ) ;
#5309 = CARTESIAN_POINT ( 'NONE',  ( 5.492125667059156946, 1.562499999999999556, 6.224331497817444436 ) ) ;
#5310 = CARTESIAN_POINT ( 'NONE',  ( 0.5593586117314175432, 3.343781397598482474, -14.99999999999998757 ) ) ;
#5311 = CARTESIAN_POINT ( 'NONE',  ( 0.4555243782628597415, 10.99771111374453980, 33.64223489330388617 ) ) ;
#5312 = CARTESIAN_POINT ( 'NONE',  ( 0.3615420036115659097, 10.88710837872890735, 9.799343556731516358 ) ) ;
#5313 = CARTESIAN_POINT ( 'NONE',  ( 5.099556887483772449, 7.464782641804088570, 37.30392690313056647 ) ) ;
#5314 = CARTESIAN_POINT ( 'NONE',  ( 4.938078509265276139, 7.938892328307831647, 12.95146459653338411 ) ) ;
#5315 = CARTESIAN_POINT ( 'NONE',  ( 5.399714746804447962, 2.823994161294693050, 52.10268097875996318 ) ) ;
#5316 = CARTESIAN_POINT ( 'NONE',  ( 1.069832240575322002, 10.31554015497799881, 48.57549335595344786 ) ) ;
#5317 = CARTESIAN_POINT ( 'NONE',  ( 0.04102843941337941391, 11.07052745276850025, 12.55926845232509237 ) ) ;
#5318 = CARTESIAN_POINT ( 'NONE',  ( 4.091781623480924779, 9.402479102916011300, 9.599439081693429188 ) ) ;
#5319 = EDGE_CURVE ( 'NONE', #603, #2149, #2481, .T. ) ;
#5320 = CARTESIAN_POINT ( 'NONE',  ( 5.897450573930261619, 4.250910055042593783, 12.14886688158978068 ) ) ;
#5321 = CARTESIAN_POINT ( 'NONE',  ( 0.6706449692272687946, 1.562500000000000000, -14.91751085087456907 ) ) ;
#5322 = CARTESIAN_POINT ( 'NONE',  ( 4.716816811271942633, 3.859600513041461234, 53.93944270654238693 ) ) ;
#5323 = EDGE_CURVE ( 'NONE', #3175, #228, #2390, .T. ) ;
#5324 = CARTESIAN_POINT ( 'NONE',  ( -0.02590022634321497569, 11.09556470065760614, 12.98241376059425001 ) ) ;
#5325 = CARTESIAN_POINT ( 'NONE',  ( 5.894318171846538057, 2.028625843219376446, 9.199220874589356001 ) ) ;
#5326 = CARTESIAN_POINT ( 'NONE',  ( 5.612311001552581224, 6.469215875806075822, 10.45832797119304303 ) ) ;
#5327 = CARTESIAN_POINT ( 'NONE',  ( 2.482345045038482745, 10.42563367614899938, 7.955401604407373206 ) ) ;
#5328 = CARTESIAN_POINT ( 'NONE',  ( 4.087622431136019863, 5.002385879232946309, -6.575820120929789070 ) ) ;
#5329 = CARTESIAN_POINT ( 'NONE',  ( 3.164976483761824166, 9.887558475430193283, 12.95146459653336279 ) ) ;
#5330 = CARTESIAN_POINT ( 'NONE',  ( 2.843564385612642464, 6.007992240162375985, 54.96087169358123958 ) ) ;
#5331 = CARTESIAN_POINT ( 'NONE',  ( 0.3696194625844450021, 3.531549667589399810, -14.99999999999999645 ) ) ;
#5332 = CARTESIAN_POINT ( 'NONE',  ( 1.938461892780984908, 10.77766086578933979, 10.22698126415739139 ) ) ;
#5333 = CARTESIAN_POINT ( 'NONE',  ( 4.399926015942964952, 8.995582782829155022, 8.753405156845394330 ) ) ;
#5334 = ORIENTED_EDGE ( 'NONE', *, *, #968, .F. ) ;
#5335 = DIRECTION ( 'NONE',  ( 1.000000000000000000, 0.000000000000000000, 1.092739197465710967E-14 ) ) ;
#5336 = CARTESIAN_POINT ( 'NONE',  ( 5.496779338148167326, 3.963190943194917715, 10.17533402326858827 ) ) ;
#5337 = CARTESIAN_POINT ( 'NONE',  ( 5.576770406748030595, 3.840356787013552875, 11.54026869725333526 ) ) ;
#5338 = CARTESIAN_POINT ( 'NONE',  ( 3.309342642727947759, 9.987442453402985976, 33.64192343075357883 ) ) ;
#5339 = CARTESIAN_POINT ( 'NONE',  ( 0.2642366609981575132, 8.113997151054856971, -6.555991368926505025 ) ) ;
#5340 = CARTESIAN_POINT ( 'NONE',  ( 0.6402925581785104958, 11.09644866390317475, 12.98172245678537529 ) ) ;
#5341 = CARTESIAN_POINT ( 'NONE',  ( 4.633335308928471008, 6.639201923105344960, 0.4184359962368501829 ) ) ;
#5342 = CARTESIAN_POINT ( 'NONE',  ( -0.003937007874056866127, 10.85590676278952671, 12.37144099227121075 ) ) ;
#5343 = CARTESIAN_POINT ( 'NONE',  ( 5.393154203625674548, 2.761350477549179949, -3.763772801854590622 ) ) ;
#5344 = CARTESIAN_POINT ( 'NONE',  ( -0.007874015748423630195, 1.562500000000000000, 57.50000000000000000 ) ) ;
#5345 = CARTESIAN_POINT ( 'NONE',  ( 0.1385550090823898794, 10.87166432543362937, 9.586556134523194217 ) ) ;
#5346 = CARTESIAN_POINT ( 'NONE',  ( 3.955288360951213722, 9.595907428227697267, 10.44638158232928227 ) ) ;
#5347 = CARTESIAN_POINT ( 'NONE',  ( 5.903683672113053227, 3.555370688503915133, 9.617687212560039001 ) ) ;
#5348 = CARTESIAN_POINT ( 'NONE',  ( 5.892125743386297465, 1.563195110029197643, 8.277572473175384360 ) ) ;
#5349 = CARTESIAN_POINT ( 'NONE',  ( 1.413384880254181297, 2.296815039340590392, -14.99999999999997868 ) ) ;
#5350 = CARTESIAN_POINT ( 'NONE',  ( -0.01823963164819240521, 10.91687562506617049, 10.22536828517844043 ) ) ;
#5351 = CARTESIAN_POINT ( 'NONE',  ( 2.164511941346449309, 10.57108289427724124, 8.310612993108120961 ) ) ;
#5352 = CARTESIAN_POINT ( 'NONE',  ( 5.760433858318259936, 5.682695023920301125, 10.45889631090004990 ) ) ;
#5353 = CARTESIAN_POINT ( 'NONE',  ( 0.6698182854615432058, 1.562500000000000000, 57.47666907269501735 ) ) ;
#5354 = CARTESIAN_POINT ( 'NONE',  ( 5.186918633022582270, 6.153609214746062150, 31.92483773683768788 ) ) ;
#5355 = CARTESIAN_POINT ( 'NONE',  ( 4.382522411681170738, 8.565521153735968340, 12.95146459653338233 ) ) ;
#5356 = APPLICATION_CONTEXT ( 'automotive_design' ) ;
#5357 = CARTESIAN_POINT ( 'NONE',  ( 2.062278257388606928, 4.814552573474075281, 56.34129128139392861 ) ) ;
#5358 = CARTESIAN_POINT ( 'NONE',  ( 1.874313021149078384, 10.77140650918123121, 24.06648661541304435 ) ) ;
#5359 = CARTESIAN_POINT ( 'NONE',  ( 1.869398429293193997, 10.76617299620651735, 9.800964329086923499 ) ) ;
#5360 = CARTESIAN_POINT ( 'NONE',  ( 4.490115969877678026, 8.905631651362103440, 9.178277985371190439 ) ) ;
#5361 = VERTEX_POINT ( 'NONE', #253 ) ;
#5362 = FACE_OUTER_BOUND ( 'NONE', #698, .T. ) ;
#5363 = FACE_BOUND ( 'NONE', #4172, .T. ) ;
#5364 = CARTESIAN_POINT ( 'NONE',  ( 1.740691525820656116, 1.562499999999999778, -14.99999999999997513 ) ) ;
#5365 = CARTESIAN_POINT ( 'NONE',  ( 2.573513712111690666, 8.171012960388331692, 52.96577080738473597 ) ) ;
#5366 = CARTESIAN_POINT ( 'NONE',  ( 0.2488091612680947140, 7.991186788009060571, 55.10128338879887622 ) ) ;
#5367 = EDGE_CURVE ( 'NONE', #5361, #5306, #1409, .T. ) ;
#5368 = CARTESIAN_POINT ( 'NONE',  ( 0.4212801255609653905, 10.80862903929522467, 8.733700903229811630 ) ) ;
#5369 = CARTESIAN_POINT ( 'NONE',  ( 4.485814488417715573, 6.951924739422778998, 0.4176927192484213847 ) ) ;
#5370 = CARTESIAN_POINT ( 'NONE',  ( 5.693493823513723129, 1.562330897971616173, 12.43540013186194493 ) ) ;
#5371 = CARTESIAN_POINT ( 'NONE',  ( -0.007874015747917769217, 1.562500000000000000, -14.99999999999999822 ) ) ;
#5372 = CARTESIAN_POINT ( 'NONE',  ( 0.8556670426009093111, 11.00176648389430767, 28.18502529894632147 ) ) ;
#5373 = CARTESIAN_POINT ( 'NONE',  ( 0.1348435229579075245, 10.80903500942404705, 8.733626374859492003 ) ) ;
#5374 = AXIS2_PLACEMENT_3D ( 'NONE', #207, #3508, #3029 ) ;
#5375 = CARTESIAN_POINT ( 'NONE',  ( 3.883326836320121433, 9.791068671922356970, 12.56267435761939133 ) ) ;
#5376 = CARTESIAN_POINT ( 'NONE',  ( 5.892123154505857663, 1.562240418498481054, -0.1980085938362107223 ) ) ;
#5377 = CARTESIAN_POINT ( 'NONE',  ( -0.007874015747917769217, 1.562500000000000000, -14.99999999999999822 ) ) ;
#5378 = CARTESIAN_POINT ( 'NONE',  ( -0.01345500710934893242, 10.98930612130693696, 11.28781614295628621 ) ) ;
#5379 = CARTESIAN_POINT ( 'NONE',  ( 2.455233804946748588, 10.66719372179863790, 11.29083094130303877 ) ) ;
#5380 = CARTESIAN_POINT ( 'NONE',  ( 5.690438635606719586, 6.067543702705087583, 10.03588463758088345 ) ) ;
#5381 = LINE ( 'NONE', #2738, #5087 ) ;
#5382 = CARTESIAN_POINT ( 'NONE',  ( 5.022516515399556347, 5.722496416860241908, 51.19595601088580850 ) ) ;
#5383 = CARTESIAN_POINT ( 'NONE',  ( 1.842220095579777617, 10.95833634307395243, 12.95146459653335569 ) ) ;
#5384 = CARTESIAN_POINT ( 'NONE',  ( 4.290419650352351510, 9.271601102597916366, 39.77023851455196279 ) ) ;
#5385 = CARTESIAN_POINT ( 'NONE',  ( 1.830900295356901353, 10.09895612404175225, 48.56728463276397179 ) ) ;
#5386 = CARTESIAN_POINT ( 'NONE',  ( 2.143373820841379285, 10.80731391240765404, 11.71451167936308302 ) ) ;
#5387 = CARTESIAN_POINT ( 'NONE',  ( 4.788411209235361454, 8.435778725012140100, 8.757085910885464841 ) ) ;
#5388 = ORIENTED_EDGE ( 'NONE', *, *, #5451, .F. ) ;
#5389 = PLANE ( 'NONE',  #2392 ) ;
#5390 = CARTESIAN_POINT ( 'NONE',  ( 0.01478509078114819374, 9.986436085436672272, 51.52131436207378812 ) ) ;
#5391 = CARTESIAN_POINT ( 'NONE',  ( 5.492125985381500541, 1.562500000000000000, 9.125556285705366477 ) ) ;
#5392 = CARTESIAN_POINT ( 'NONE',  ( 2.502330924428681325, 8.390130526622096241, -2.406484091263918046 ) ) ;
#5393 = CARTESIAN_POINT ( 'NONE',  ( 1.350800524909433697, 10.78112386445353010, 15.74512290112722290 ) ) ;
#5394 = CARTESIAN_POINT ( 'NONE',  ( 0.5507621257574102369, 10.55658224773734410, 10.78748123099586920 ) ) ;
#5395 = CARTESIAN_POINT ( 'NONE',  ( 0.5069288928246707959, 10.90232140741710332, 10.01218278989600208 ) ) ;
#5396 = CARTESIAN_POINT ( 'NONE',  ( 3.555423316829280367, 5.605603975532968519, -6.993530173993717014 ) ) ;
#5397 = CARTESIAN_POINT ( 'NONE',  ( 0.2960629921259561592, 10.60898108575325693, 8.619128414726787923 ) ) ;
#5398 = CARTESIAN_POINT ( 'NONE',  ( 5.480447728609338931, 3.201014578917539044, 31.92486562142942930 ) ) ;
#5399 = CARTESIAN_POINT ( 'NONE',  ( 0.9874825941380068750, 10.04991459608488924, 50.25854233610846222 ) ) ;
#5400 = FACE_OUTER_BOUND ( 'NONE', #1077, .T. ) ;
#5401 = CARTESIAN_POINT ( 'NONE',  ( 0.1013110671377506489, 10.98967756858301037, 11.28763762692388184 ) ) ;
#5402 = CARTESIAN_POINT ( 'NONE',  ( 3.825338533690249232, 9.580939400103090975, 8.324040391416993145 ) ) ;
#5403 = CARTESIAN_POINT ( 'NONE',  ( 5.896775478121073277, 3.977140904126406085, 10.22759237644227248 ) ) ;
#5404 = CARTESIAN_POINT ( 'NONE',  ( 5.892125980929846740, 1.562428431760225944, 34.41600310357999604 ) ) ;
#5405 = CARTESIAN_POINT ( 'NONE',  ( 5.061206323412061003, 4.122960200461005087, 52.75279841011625592 ) ) ;
#5406 = CARTESIAN_POINT ( 'NONE',  ( -0.01303282851702173770, 10.87164677094852294, 9.586631678305174376 ) ) ;
#5407 = CARTESIAN_POINT ( 'NONE',  ( 2.254576801076876524, 10.67917078705438705, 10.22811597178017351 ) ) ;
#5408 = CARTESIAN_POINT ( 'NONE',  ( 5.707781028309214300, 5.916965557703414369, 9.190825472657076389 ) ) ;
#5409 = DIRECTION ( 'NONE',  ( 1.000000000000000000, 0.000000000000000000, 3.478615742371893810E-15 ) ) ;
#5410 = AXIS2_PLACEMENT_3D ( 'NONE', #2489, #2872, #5632 ) ;
#5411 = CARTESIAN_POINT ( 'NONE',  ( 2.050180845483055680, 2.605906751326426019, 57.24439292073032703 ) ) ;
#5412 = CARTESIAN_POINT ( 'NONE',  ( 4.144748540849398921, 9.144351292733020387, 18.26319196863362393 ) ) ;
#5413 = CARTESIAN_POINT ( 'NONE',  ( 0.1589653259278683006, 2.183224181305106981, 57.50000000000000000 ) ) ;
#5414 = CARTESIAN_POINT ( 'NONE',  ( 2.075530614177908184, 10.63213800434746403, 8.736526762499357446 ) ) ;
#5415 = CARTESIAN_POINT ( 'NONE',  ( 4.948993627199677725, 8.245100037002407234, 10.02988195093223389 ) ) ;
#5416 = ORIENTED_EDGE ( 'NONE', *, *, #2728, .T. ) ;
#5417 = DIRECTION ( 'NONE',  ( 1.000000000000000000, 0.000000000000000000, 6.957231484743787620E-15 ) ) ;
#5418 = CARTESIAN_POINT ( 'NONE',  ( -0.007874015747998923051, 8.879651479922204160, -3.545640674568617534 ) ) ;
#5419 = EDGE_CURVE ( 'NONE', #3527, #398, #3599, .T. ) ;
#5420 = DIRECTION ( 'NONE',  ( -0.02731695641223838220, 0.6578084942442835592, -0.7526896895749537464 ) ) ;
#5421 = CARTESIAN_POINT ( 'NONE',  ( 3.146970998403980868, 9.242691114819637122, 4.101121911914662910 ) ) ;
#5422 = CARTESIAN_POINT ( 'NONE',  ( 0.7794844019900316612, 7.762539060988391526, 55.07439604290608770 ) ) ;
#5423 = CARTESIAN_POINT ( 'NONE',  ( 0.1429775850077272814, 4.035014689482887107, 57.29837220754941285 ) ) ;
#5424 = CARTESIAN_POINT ( 'NONE',  ( 0.4395136500757996223, 10.99090254652730536, 11.28714881116587421 ) ) ;
#5425 = CYLINDRICAL_SURFACE ( 'NONE', #1146, 0.1000000000000005745 ) ;
#5426 = CARTESIAN_POINT ( 'NONE',  ( 4.181242683184586362, 2.781178728320933935, -9.937144021708135710 ) ) ;
#5427 = CARTESIAN_POINT ( 'NONE',  ( 0.1845650152105036412, 9.626523640636138524, 52.68258209647722623 ) ) ;
#5428 = CARTESIAN_POINT ( 'NONE',  ( 5.496229917259020326, 4.004623956880740465, 10.31004814282445636 ) ) ;
#5429 = CARTESIAN_POINT ( 'NONE',  ( 0.1006441945955560829, 10.87164617449183268, 9.586584764720273100 ) ) ;
#5430 = CARTESIAN_POINT ( 'NONE',  ( 4.115859328672049067, 9.481246054787966671, 11.29433756593795657 ) ) ;
#5431 = ORIENTED_EDGE ( 'NONE', *, *, #2846, .F. ) ;
#5432 = CARTESIAN_POINT ( 'NONE',  ( 5.880194680245041106, 1.561741720751435025, 51.37338276731411923 ) ) ;
#5433 = CARTESIAN_POINT ( 'NONE',  ( 5.428459918028514686, 4.880005110216091069, 7.856448573226820997 ) ) ;
#5434 = CARTESIAN_POINT ( 'NONE',  ( 0.05139795135782836144, 8.747466929993089835, -4.150840500377791287 ) ) ;
#5435 = CARTESIAN_POINT ( 'NONE',  ( 2.201381042345424532, 10.09995209019500351, 7.839454754462606090 ) ) ;
#5436 = CARTESIAN_POINT ( 'NONE',  ( -0.02081826984253843521, 10.93155405471386210, 10.43799264742111355 ) ) ;
#5437 = CARTESIAN_POINT ( 'NONE',  ( 2.317453982050810879, 10.65495082892247325, 10.22834375930806594 ) ) ;
#5438 = CARTESIAN_POINT ( 'NONE',  ( 5.726045935223989858, 5.773508038666191666, 8.768709203177753153 ) ) ;
#5439 = PLANE ( 'NONE',  #1583 ) ;
#5440 = CARTESIAN_POINT ( 'NONE',  ( 4.577339131339879685, 5.339110708790578919, 52.96959809730375923 ) ) ;
#5441 = CARTESIAN_POINT ( 'NONE',  ( 3.529095536567307789, 7.372371154017888450, 52.71957778860964083 ) ) ;
#5442 = CARTESIAN_POINT ( 'NONE',  ( 1.659993847212033469, 9.331931282826161578, 0.4095166723757007188 ) ) ;
#5443 = CARTESIAN_POINT ( 'NONE',  ( 2.051233692364941685, 10.86033207129623079, 12.13861486696392511 ) ) ;
#5444 = CARTESIAN_POINT ( 'NONE',  ( 4.628365304670165159, 8.626780346696248714, 7.907300683206017311 ) ) ;
#5445 = ORIENTED_EDGE ( 'NONE', *, *, #3649, .F. ) ;
#5446 = DIRECTION ( 'NONE',  ( -0.9991388587284577572, -0.04149145669646646384, -6.951240325576601771E-15 ) ) ;
#5447 = CARTESIAN_POINT ( 'NONE',  ( -0.007874015747994725020, 8.747423532352845754, -4.149041100619943023 ) ) ;
#5448 = CARTESIAN_POINT ( 'NONE',  ( 2.589529549310326306, 7.780868411794390482, -4.213819491902491166 ) ) ;
#5449 = CARTESIAN_POINT ( 'NONE',  ( 1.217736822361161986, 10.53308240472375878, 10.78701512315694266 ) ) ;
#5450 = CARTESIAN_POINT ( 'NONE',  ( 0.3613598392610194443, 9.392656873428176567, -0.5888914329205912068 ) ) ;
#5451 = EDGE_CURVE ( 'NONE', #2101, #2701, #1193, .T. ) ;
#5452 = CARTESIAN_POINT ( 'NONE',  ( 0.6943996817543245381, 10.80650127276280159, 8.733762814239625527 ) ) ;
#5453 = CARTESIAN_POINT ( 'NONE',  ( 5.363826557159652175, 2.158770683179377592, 52.77091874911998559 ) ) ;
#5454 = CARTESIAN_POINT ( 'NONE',  ( -0.007874015747917769217, 1.562500000000000000, -14.99999999999999822 ) ) ;
#5455 = CARTESIAN_POINT ( 'NONE',  ( 1.661649061636653490, 10.73004485414848297, 8.734636108511935504 ) ) ;
#5456 = CARTESIAN_POINT ( 'NONE',  ( 0.1405153894913991341, 10.96134297277393799, 10.86301061354961384 ) ) ;
#5457 = CARTESIAN_POINT ( 'NONE',  ( 4.116448208469994263, 9.262308988652783626, 7.901982890475160559 ) ) ;
#5458 = CARTESIAN_POINT ( 'NONE',  ( 5.892125981831633830, 1.562597346356831896, 35.65829599285872575 ) ) ;
#5459 = CARTESIAN_POINT ( 'NONE',  ( 5.468736936851628982, 4.146862236732008711, 34.88827971532170125 ) ) ;
#5460 = CARTESIAN_POINT ( 'NONE',  ( 0.1109523593499224248, 9.317909466423635934, 53.35733411570318907 ) ) ;
#5461 = CARTESIAN_POINT ( 'NONE',  ( 1.249232015011709773, 6.443409222180001450, -10.01398463047811838 ) ) ;
#5462 = CARTESIAN_POINT ( 'NONE',  ( 0.5626981795228840344, 9.994124745477895644, 4.079327371539264391 ) ) ;
#5463 = CARTESIAN_POINT ( 'NONE',  ( -0.01329538648046960786, 10.93155518051680630, 10.43798943443017002 ) ) ;
#5464 = CARTESIAN_POINT ( 'NONE',  ( 2.433078955639448093, 10.55306390995833432, 9.377765159828330255 ) ) ;
#5465 = CARTESIAN_POINT ( 'NONE',  ( 5.738987848639127698, 5.813557602782166711, 10.45882752333013244 ) ) ;
#5466 = FACE_BOUND ( 'NONE', #3819, .T. ) ;
#5467 = CARTESIAN_POINT ( 'NONE',  ( 4.581738070965740484, 5.128072972714021738, -4.292993081247819198 ) ) ;
#5468 = CARTESIAN_POINT ( 'NONE',  ( 4.357464816185965262, 8.815216846222831748, 20.75000687635009555 ) ) ;
#5469 = CARTESIAN_POINT ( 'NONE',  ( 1.576368435948091618, 8.137758980328753111, -4.994588294778718129 ) ) ;
#5470 = CARTESIAN_POINT ( 'NONE',  ( 2.028056507228533700, 10.57578440173909762, 7.883292711480494930 ) ) ;
#5471 = CARTESIAN_POINT ( 'NONE',  ( 4.686641927927376550, 8.771818130291475057, 11.72112615674872771 ) ) ;
#5472 = EDGE_LOOP ( 'NONE', ( #1230, #2447, #1348, #2686, #3729, #2657 ) ) ;
#5473 = LINE ( 'NONE', #2300, #3443 ) ;
#5474 = CARTESIAN_POINT ( 'NONE',  ( -0.007874015748379177906, 10.07135517728292662, 51.11069383336149485 ) ) ;
#5475 = CARTESIAN_POINT ( 'NONE',  ( 2.306697826106221871, 6.584092509178955943, 54.99672148810481076 ) ) ;
#5476 = CARTESIAN_POINT ( 'NONE',  ( 0.9416786466528928035, 7.936562466248293646, -6.558745362260285816 ) ) ;
#5477 = CARTESIAN_POINT ( 'NONE',  ( 0.4005314811464847913, 8.092899378465597593, -6.556542167593264026 ) ) ;
#5478 = CARTESIAN_POINT ( 'NONE',  ( 0.6176298467600419562, 10.77438665372730320, 8.306919934148124796 ) ) ;
#5479 = CARTESIAN_POINT ( 'NONE',  ( 5.491700268817733210, 3.033168496628881883, 24.07164500086878434 ) ) ;
#5480 = CARTESIAN_POINT ( 'NONE',  ( 2.615356424307092365, 5.196514410837363762, -9.983752259814535179 ) ) ;
#5481 = CARTESIAN_POINT ( 'NONE',  ( 0.2234181339279176504, 11.06448651852764797, 28.18488299886923798 ) ) ;
#5482 = CARTESIAN_POINT ( 'NONE',  ( 1.732872396137882465, 10.74849906206532602, 9.161256569322308252 ) ) ;
#5483 = CYLINDRICAL_SURFACE ( 'NONE', #2177, 0.1000000000000000194 ) ;
#5484 = CARTESIAN_POINT ( 'NONE',  ( 0.1784100454763017096, 10.99009556844046998, 11.28748528186219247 ) ) ;
#5485 = CARTESIAN_POINT ( 'NONE',  ( 4.329335952481414118, 9.331579483852012302, 12.98713187130161906 ) ) ;
#5486 = CARTESIAN_POINT ( 'NONE',  ( 5.862364567605117927, 1.559026643490674546, -4.586684475669801309 ) ) ;
#5487 = CARTESIAN_POINT ( 'NONE',  ( 5.438297928339298259, 5.100464822728655534, 20.75061983177452873 ) ) ;
#5488 = CARTESIAN_POINT ( 'NONE',  ( 0.06068932851906146814, 8.001680047377520921, -6.993362399233706839 ) ) ;
#5489 = CARTESIAN_POINT ( 'NONE',  ( 2.511578533282525338, 10.52111394184896476, 37.31172873086858743 ) ) ;
#5490 = CARTESIAN_POINT ( 'NONE',  ( 0.6775259914591909016, 10.17974687692057500, 49.94293701410943953 ) ) ;
#5491 = EDGE_CURVE ( 'NONE', #928, #2101, #619, .T. ) ;
#5492 = CARTESIAN_POINT ( 'NONE',  ( -0.008170995946704218832, 10.88680131146741736, 9.799606884459837630 ) ) ;
#5493 = CARTESIAN_POINT ( 'NONE',  ( 2.580573681128879304, 10.61066500024982950, 11.29098020769548505 ) ) ;
#5494 = CARTESIAN_POINT ( 'NONE',  ( 5.774143462352057554, 5.528873234038097273, 9.614031237530774376 ) ) ;
#5495 = CARTESIAN_POINT ( 'NONE',  ( 5.492125983991878790, 1.562499999999997780, 30.67960179891114336 ) ) ;
#5496 = CARTESIAN_POINT ( 'NONE',  ( 1.308914843773996806, 2.453238732283828494, -14.99999999999998401 ) ) ;
#5497 = EDGE_CURVE ( 'NONE', #2801, #2284, #2459, .T. ) ;
#5498 = CARTESIAN_POINT ( 'NONE',  ( 0.8707576764971898253, 3.016743777098651602, -14.99999999999998579 ) ) ;
#5499 = CARTESIAN_POINT ( 'NONE',  ( 1.156922885162684045, 6.511600366564503695, -10.01587415364459410 ) ) ;
#5500 = AXIS2_PLACEMENT_3D ( 'NONE', #1218, #1695, #3450 ) ;
#5501 = CARTESIAN_POINT ( 'NONE',  ( 2.152047588283909185, 10.86965136784074737, 12.98576135848733948 ) ) ;
#5502 = CARTESIAN_POINT ( 'NONE',  ( 5.906899187941805351, 3.389360544067317349, 10.88292604634508542 ) ) ;
#5503 = AXIS2_PLACEMENT_3D ( 'NONE', #2132, #5750, #371 ) ;
#5504 = CARTESIAN_POINT ( 'NONE',  ( 4.781499037941046026, 8.418870666393711844, 8.332982110926808517 ) ) ;
#5505 = COLOUR_RGB ( '',0.7921568627450980005, 0.8196078431372548767, 0.9333333333333333481 ) ;
#5506 = ORIENTED_EDGE ( 'NONE', *, *, #4654, .F. ) ;
#5507 = CARTESIAN_POINT ( 'NONE',  ( 3.711732679119347900, 5.383616595652076064, -6.993540826359431861 ) ) ;
#5508 = CARTESIAN_POINT ( 'NONE',  ( -0.007874015748393357536, 9.430994823076028766, 53.14862167523134673 ) ) ;
#5509 = CARTESIAN_POINT ( 'NONE',  ( 2.828081291815576659, 7.589988516592168999, -4.221017090933867344 ) ) ;
#5510 = CARTESIAN_POINT ( 'NONE',  ( 1.451167854896018961, 10.21827626598217265, 48.57138899435878443 ) ) ;
#5511 = CARTESIAN_POINT ( 'NONE',  ( 0.03794757434551662700, 2.235029698320536440, 57.50000000000001421 ) ) ;
#5512 = CARTESIAN_POINT ( 'NONE',  ( 0.9069225767096025237, 10.85020161939231720, 9.373326200160867927 ) ) ;
#5513 = CARTESIAN_POINT ( 'NONE',  ( 5.487821865365527962, 2.184141309681208565, 2.103156422288651850 ) ) ;
#5514 = CARTESIAN_POINT ( 'NONE',  ( 2.911004911441139598, 5.594121749310642322, -8.636156064010723554 ) ) ;
#5515 = CARTESIAN_POINT ( 'NONE',  ( 0.1280146685202754597, 8.126845551128393907, -6.555440570259747801 ) ) ;
#5516 = CARTESIAN_POINT ( 'NONE',  ( 1.686694982956818967, 10.83448448500955408, 10.22620332646226338 ) ) ;
#5517 = CARTESIAN_POINT ( 'NONE',  ( 5.492575695990188578, 4.126502113793712567, 10.33848876764888125 ) ) ;
#5518 = CARTESIAN_POINT ( 'NONE',  ( 0.1501881488936204490, 10.77647644641710301, 8.306608674646465573 ) ) ;
#5519 = CARTESIAN_POINT ( 'NONE',  ( 5.003402304588299820, 1.569314861579974574, -9.589265957791134554 ) ) ;
#5520 = CARTESIAN_POINT ( 'NONE',  ( -0.007874015747917769217, 1.562500000000000000, -14.99999999999999822 ) ) ;
#5521 = CARTESIAN_POINT ( 'NONE',  ( 1.927683799649656304, 8.830608051843658046, 52.69994742135567378 ) ) ;
#5522 = CARTESIAN_POINT ( 'NONE',  ( 0.7335277570767995137, 10.43476266465026470, 9.116450143703206166 ) ) ;
#5523 = CARTESIAN_POINT ( 'NONE',  ( 0.003725483033985256803, 10.74312460105603151, 7.879394204017942549 ) ) ;
#5524 = CARTESIAN_POINT ( 'NONE',  ( 2.805659705083039857, 10.37524985696469848, 9.379882084387457297 ) ) ;
#5525 = CARTESIAN_POINT ( 'NONE',  ( 5.855547383113980153, 4.961683506188280468, 11.72636920913042147 ) ) ;
#5526 = CARTESIAN_POINT ( 'NONE',  ( 5.480306122185761630, 1.562499999999998446, 51.36357590958825625 ) ) ;
#5527 = CARTESIAN_POINT ( 'NONE',  ( 5.120763301725094863, 5.370019088296984933, 51.20021911976191120 ) ) ;
#5528 = CARTESIAN_POINT ( 'NONE',  ( 3.614492986088078563, 7.215773596166328296, -3.048149096190190033 ) ) ;
#5529 = CARTESIAN_POINT ( 'NONE',  ( 1.585848737215953985, 8.898475557122674573, 52.96455303331956799 ) ) ;
#5530 = LINE ( 'NONE', #1074, #3137 ) ;
#5531 = CARTESIAN_POINT ( 'NONE',  ( 5.907695284498605481, 3.504755429688992674, 12.14918762739549862 ) ) ;
#5532 = CARTESIAN_POINT ( 'NONE',  ( 5.192387156554043592, 7.768487000985420998, 10.87879422312440525 ) ) ;
#5533 = EDGE_LOOP ( 'NONE', ( #2568, #4524 ) ) ;
#5534 = CARTESIAN_POINT ( 'NONE',  ( 1.910715271788324010, 10.19893557826761921, 7.955401604407365213 ) ) ;
#5535 = CARTESIAN_POINT ( 'NONE',  ( 5.113067682348001242, 6.872854736615126470, 18.26232606515062074 ) ) ;
#5536 = CARTESIAN_POINT ( 'NONE',  ( 0.2960629921259558262, 10.60898108575325693, 8.719128414726787568 ) ) ;
#5537 = CARTESIAN_POINT ( 'NONE',  ( 0.01001709727632915312, 9.779458183928113613, 2.014387428407732550 ) ) ;
#5538 = CARTESIAN_POINT ( 'NONE',  ( 0.6231744894516410005, 3.279230871262440505, -14.99999999999999467 ) ) ;
#5539 = CARTESIAN_POINT ( 'NONE',  ( 1.541717855511600010, 10.37595072557602371, 9.117127460050475918 ) ) ;
#5540 = CARTESIAN_POINT ( 'NONE',  ( 0.4745582798958141724, 11.01509379457075610, 20.74936605931552691 ) ) ;
#5541 = CARTESIAN_POINT ( 'NONE',  ( 0.9255545191411561623, 10.98375043711477161, 11.28732278628146979 ) ) ;
#5542 = CARTESIAN_POINT ( 'NONE',  ( 5.899184816536283016, 4.269647422263143532, 12.95146459653338944 ) ) ;
#5543 = CARTESIAN_POINT ( 'NONE',  ( 5.891351082681600460, 4.167386383927663474, 10.32935058600572908 ) ) ;
#5544 = CARTESIAN_POINT ( 'NONE',  ( 5.484790295414586403, 2.183970520588859543, -0.6223266164258726141 ) ) ;
#5545 = CARTESIAN_POINT ( 'NONE',  ( 4.682795584705900183, 8.111401031309297238, 33.64168229845668634 ) ) ;
#5546 = CARTESIAN_POINT ( 'NONE',  ( 0.1088443730151114619, 8.877622674999374297, -3.549535891127296061 ) ) ;
#5547 = CARTESIAN_POINT ( 'NONE',  ( 1.577566517521897138, 10.67303789256403412, 7.881082056670352998 ) ) ;
#5548 = CARTESIAN_POINT ( 'NONE',  ( 0.2154348918289699377, 10.90224135125949623, 10.01236882557409125 ) ) ;
#5549 = CARTESIAN_POINT ( 'NONE',  ( 5.785942521672340355, 1.560310160245534039, -5.749196469949003685 ) ) ;
#5550 = CARTESIAN_POINT ( 'NONE',  ( 5.459411559098319877, 4.486093326255337743, 7.857448209624719127 ) ) ;
#5551 = CARTESIAN_POINT ( 'NONE',  ( 2.098686093969527544, 9.481640075419713654, 2.031943413269983623 ) ) ;
#5552 = CARTESIAN_POINT ( 'NONE',  ( 0.4666530365570780714, 7.949590882792112900, -6.993378377782280886 ) ) ;
#5553 = CARTESIAN_POINT ( 'NONE',  ( -0.008086253648952311870, 10.85624999098577703, 9.373463494729151080 ) ) ;
#5554 = CARTESIAN_POINT ( 'NONE',  ( 2.794288653784294585, 10.30507948895665393, 8.315648158970953219 ) ) ;
#5555 = CARTESIAN_POINT ( 'NONE',  ( 5.793468190522570893, 5.408883088874954836, 10.03656383463300195 ) ) ;
#5556 = CARTESIAN_POINT ( 'NONE',  ( 5.351921134365284161, 1.562499999999998668, 52.92852450532225106 ) ) ;
#5557 = CARTESIAN_POINT ( 'NONE',  ( 4.707682260910027949, 4.840172096185368922, -4.300190680279214028 ) ) ;
#5558 = CARTESIAN_POINT ( 'NONE',  ( 3.802010683500224530, 7.773777870999745154, 51.59887479348932970 ) ) ;
#5559 = CARTESIAN_POINT ( 'NONE',  ( 1.693692629065712829, 8.631915766337789009, -2.990549807531968085 ) ) ;
#5560 = FACE_OUTER_BOUND ( 'NONE', #3021, .T. ) ;
#5561 = CARTESIAN_POINT ( 'NONE',  ( 5.900178428350500326, 2.548550264633689277, 9.829680624018621415 ) ) ;
#5562 = CARTESIAN_POINT ( 'NONE',  ( 5.388094536070365592, 7.251002363915719506, 10.45695563194417943 ) ) ;
#5563 = EDGE_LOOP ( 'NONE', ( #219, #2952, #5188, #1824 ) ) ;
#5564 = DIRECTION ( 'NONE',  ( 3.478615742371893810E-15, 0.000000000000000000, -1.000000000000000000 ) ) ;
#5565 = CARTESIAN_POINT ( 'NONE',  ( 5.032359495711845376, 6.724961159778692021, 6.195829008129119408 ) ) ;
#5566 = CARTESIAN_POINT ( 'NONE',  ( 0.3170639968904908068, 10.69582113519073197, 12.95146459653335391 ) ) ;
#5567 = CARTESIAN_POINT ( 'NONE',  ( 0.007786653037387090970, 9.320835855775694512, -1.174710724351445856 ) ) ;
#5568 = CARTESIAN_POINT ( 'NONE',  ( -0.007874015747917769217, 1.562500000000000000, -14.99999999999999822 ) ) ;
#5569 = CARTESIAN_POINT ( 'NONE',  ( 0.1232955264646412308, 2.202011468858341647, 57.50000000000000711 ) ) ;
#5570 = CARTESIAN_POINT ( 'NONE',  ( 0.9199691710176723936, 11.06358444360019000, 12.55907949905904353 ) ) ;
#5571 = DIRECTION ( 'NONE',  ( -1.000000000000000000, 0.000000000000000000, 0.000000000000000000 ) ) ;
#5572 = CARTESIAN_POINT ( 'NONE',  ( 5.893695672630573590, 4.100065788068446793, 10.34272574832963087 ) ) ;
#5573 = CARTESIAN_POINT ( 'NONE',  ( 4.886786922195376803, 2.062980643242556589, 54.75772285794747773 ) ) ;
#5574 = CARTESIAN_POINT ( 'NONE',  ( 3.825505659734982800, 6.747637687758411218, 52.96785842006784151 ) ) ;
#5575 = CARTESIAN_POINT ( 'NONE',  ( 0.2368068528122956873, 9.298596640599134489, 53.35571347684106769 ) ) ;
#5576 = CARTESIAN_POINT ( 'NONE',  ( 1.637348876499341799, 10.96143066742162731, 12.13764330543920877 ) ) ;
#5577 = CARTESIAN_POINT ( 'NONE',  ( 0.2170492974626521410, 10.96165240551690800, 10.86288376019225410 ) ) ;
#5578 = CARTESIAN_POINT ( 'NONE',  ( 4.178490721896359616, 7.024038706476457783, -1.215760731000842920 ) ) ;
#5579 = CARTESIAN_POINT ( 'NONE',  ( 5.887580196111522390, 1.558613109551000964, -3.599487601737321185 ) ) ;
#5580 = CARTESIAN_POINT ( 'NONE',  ( 5.528724727967854413, 4.076544989011832598, 37.29798265342527230 ) ) ;
#5581 = CARTESIAN_POINT ( 'NONE',  ( 2.354665750418845072, 9.884736183343507676, 6.172416248742263356 ) ) ;
#5582 = CARTESIAN_POINT ( 'NONE',  ( 0.4498224614441381219, 9.533795836738070406, 0.4071010221633040160 ) ) ;
#5583 = ADVANCED_BREP_SHAPE_REPRESENTATION ( 'Shell_Right_6', ( #2065, #3936 ), #1007 ) ;
#5584 = CARTESIAN_POINT ( 'NONE',  ( -0.008244947105996131009, 10.91687636876059919, 10.22536511271022519 ) ) ;
#5585 = CARTESIAN_POINT ( 'NONE',  ( 2.817691080190470654, 10.43853010257941349, 10.44241140144478486 ) ) ;
#5586 = CARTESIAN_POINT ( 'NONE',  ( 5.789443697858128957, 5.390028427629387942, 9.403112417322029515 ) ) ;
#5587 = CARTESIAN_POINT ( 'NONE',  ( 5.428967576885870727, 1.562499999999998890, 52.31287205321257261 ) ) ;
#5588 = CARTESIAN_POINT ( 'NONE',  ( 5.343578447533712250, 5.838942268819556247, 18.26189311340915467 ) ) ;
#5589 = CARTESIAN_POINT ( 'NONE',  ( 2.045060772931175386, 10.25371320949221321, 9.117579004281994415 ) ) ;
#5590 = CARTESIAN_POINT ( 'NONE',  ( -0.09636965446796895429, 11.07030116545096377, 12.55943702340265844 ) ) ;
#5591 = CARTESIAN_POINT ( 'NONE',  ( 5.899758810349447380, 2.525221283938817951, 9.408826804942963307 ) ) ;
#5592 = CARTESIAN_POINT ( 'NONE',  ( 5.206433398150353220, 7.789423688080726826, 12.14828600739352993 ) ) ;
#5593 = ORIENTED_EDGE ( 'NONE', *, *, #2771, .F. ) ;
#5594 = DIRECTION ( 'NONE',  ( 1.000000000000000000, 0.000000000000000000, 1.092739197465698976E-14 ) ) ;
#5595 = CARTESIAN_POINT ( 'NONE',  ( 4.995077148195392169, 6.604214974986321707, 49.94010147506534736 ) ) ;
#5596 = CARTESIAN_POINT ( 'NONE',  ( 5.488275674552940409, 4.224545534443262085, 10.21022914903229228 ) ) ;
#5597 = CARTESIAN_POINT ( 'NONE',  ( 0.01525772700192870417, 7.802501942025305226, -7.658219485888073663 ) ) ;
#5598 = CARTESIAN_POINT ( 'NONE',  ( 3.791654945882325656, 8.994947848434065918, 48.54265846319554356 ) ) ;
#5599 = CARTESIAN_POINT ( 'NONE',  ( 1.365854873260239355, 9.987694941804008408, 49.94259556176392323 ) ) ;
#5600 = CARTESIAN_POINT ( 'NONE',  ( 1.184225228172014477, 11.04491791484162633, 12.55990492419820725 ) ) ;
#5601 = CARTESIAN_POINT ( 'NONE',  ( 4.164118771860716883, 9.428736209746571006, 11.29458145972162519 ) ) ;
#5602 = CARTESIAN_POINT ( 'NONE',  ( 5.749580052663388230, 5.875445196012186067, 12.95146459653338766 ) ) ;
#5603 = CARTESIAN_POINT ( 'NONE',  ( -0.007874015748099781609, 0.000000000000000000, 10.95146459653334858 ) ) ;
#5604 = CARTESIAN_POINT ( 'NONE',  ( 4.935136627368239992, 1.562500000000008216, 54.73382299493159309 ) ) ;
#5605 = CARTESIAN_POINT ( 'NONE',  ( 2.097155182344043300, 7.725423316209726998, 54.08747826329938135 ) ) ;
#5606 = CARTESIAN_POINT ( 'NONE',  ( 0.4423901940359901142, 10.66924499259038051, 12.45355165546466836 ) ) ;
#5607 = CARTESIAN_POINT ( 'NONE',  ( 1.889058047197746948, 10.88239641467604457, 11.71399710183923837 ) ) ;
#5608 = CARTESIAN_POINT ( 'NONE',  ( 0.1782422670094868378, 10.91718204269932002, 10.22515980309394656 ) ) ;
#5609 = CARTESIAN_POINT ( 'NONE',  ( 1.632122459125646019, 3.005793891341681956, 57.25823376350444249 ) ) ;
#5610 = CARTESIAN_POINT ( 'NONE',  ( 5.889549463235708160, 1.558628527941475328, -3.397642361359438201 ) ) ;
#5611 = CARTESIAN_POINT ( 'NONE',  ( 4.857699538400600758, 3.443073390566184333, -6.582429704930885528 ) ) ;
#5612 = CARTESIAN_POINT ( 'NONE',  ( 1.500658596395235245, 6.871303910031847373, -8.658249057864033205 ) ) ;
#5613 = CARTESIAN_POINT ( 'NONE',  ( 0.9812476861673191664, 10.92349405275095187, 37.31470085572120610 ) ) ;
#5614 = CARTESIAN_POINT ( 'NONE',  ( 0.004076879984496340620, 10.93155860027265192, 10.43798153344319601 ) ) ;
#5615 = CARTESIAN_POINT ( 'NONE',  ( 2.565813270723567907, 10.53797484745894764, 10.01668373623188124 ) ) ;
#5616 = CARTESIAN_POINT ( 'NONE',  ( 5.854803313097598050, 4.940733063822542626, 11.30398769321721275 ) ) ;
#5617 = CARTESIAN_POINT ( 'NONE',  ( 5.492125946186670937, 1.562500000000000666, 16.56066310461161706 ) ) ;
#5618 = CARTESIAN_POINT ( 'NONE',  ( 5.551747643972252177, 5.854696369181159099, 39.74739106654904219 ) ) ;
#5619 = DIRECTION ( 'NONE',  ( 1.000000000000000000, -0.000000000000000000, 3.478615742371893810E-15 ) ) ;
#5620 = CARTESIAN_POINT ( 'NONE',  ( 5.901195167479052373, 2.976896868883736502, 8.356726591978494767 ) ) ;
#5621 = CARTESIAN_POINT ( 'NONE',  ( 5.409914331815358857, 7.277489072983565954, 12.99484372202455518 ) ) ;
#5622 = EDGE_LOOP ( 'NONE', ( #1952, #3012 ) ) ;
#5623 = CARTESIAN_POINT ( 'NONE',  ( 4.228455129551618619, 8.504880594042340647, 7.955401604407386529 ) ) ;
#5624 = CARTESIAN_POINT ( 'NONE',  ( 4.305162656645403096, 5.927032445262627292, 52.96890222640926993 ) ) ;
#5625 = CARTESIAN_POINT ( 'NONE',  ( -0.003937007874044398670, 10.41338427774438813, 8.787447135501771811 ) ) ;
#5626 = CARTESIAN_POINT ( 'NONE',  ( -0.007874015748423630195, 1.562500000000000000, 57.50000000000000000 ) ) ;
#5627 = CARTESIAN_POINT ( 'NONE',  ( 1.198903683971510370, 3.378119621394026328, 57.27207460627850111 ) ) ;
#5628 = CARTESIAN_POINT ( 'NONE',  ( 1.641750747738697891, 10.16118898559042627, 48.56933681356139232 ) ) ;
#5629 = CARTESIAN_POINT ( 'NONE',  ( 1.441189611389662728, 10.91691783227179435, 10.86366055756435145 ) ) ;
#5630 = CARTESIAN_POINT ( 'NONE',  ( 4.170546036851534133, 9.446270685123574040, 11.71775795195861036 ) ) ;
#5631 = CARTESIAN_POINT ( 'NONE',  ( -0.003937007874036146590, 10.99001799788688416, 11.28533630161895651 ) ) ;
#5632 = DIRECTION ( 'NONE',  ( 1.000000000000000000, 0.000000000000000000, 1.092739197465710967E-14 ) ) ;
#5633 = CARTESIAN_POINT ( 'NONE',  ( 5.490943524856342073, 1.762408381607085239, 2.107112700567464803 ) ) ;
#5634 = CARTESIAN_POINT ( 'NONE',  ( 0.8975874761631923437, 3.608243200592282651, 57.28037911194304854 ) ) ;
#5635 = CARTESIAN_POINT ( 'NONE',  ( 0.2213888960018861873, 9.463830448113586868, -0.1912748577219501589 ) ) ;
#5636 = CARTESIAN_POINT ( 'NONE',  ( 1.929660538403733749, 10.73568119371627105, 9.588250778054094425 ) ) ;
#5637 = CARTESIAN_POINT ( 'NONE',  ( 0.2888551728921367467, 11.04596123184051670, 12.13527952242701069 ) ) ;
#5638 = CARTESIAN_POINT ( 'NONE',  ( 3.271429604286832937, 5.660316586295997432, -7.636106040080600899 ) ) ;
#5639 = CARTESIAN_POINT ( 'NONE',  ( 5.894086732317543209, 4.050065300664824619, 10.09110748357566223 ) ) ;
#5640 = CARTESIAN_POINT ( 'NONE',  ( 5.566797011515888904, 3.483754376691716725, 48.47972491874268286 ) ) ;
#5641 = CARTESIAN_POINT ( 'NONE',  ( 2.697455629215237849, 10.38753152290552251, 31.92479300530502329 ) ) ;
#5642 = CARTESIAN_POINT ( 'NONE',  ( 0.8327700126944946879, 10.91801781755470913, 39.79541301744382764 ) ) ;
#5643 = B_SPLINE_SURFACE_WITH_KNOTS ( 'NONE', 1, 3, ( 
 ( #4909, #2650, #3546, #2765, #3635, #4137, #4936, #861, #5353, #2679, #4488, #4968, #2237, #4, #1817, #154, #3752, #2886, #536, #185, #3243, #3722, #629, #1011, #661, #1936, #1520, #1967, #5556, #4667, #597, #5587, #2410, #2441, #1489, #1998, #5526, #94, #4225, #3333, #1903, #2854, #4255, #3783, #126, #4165, #1871, #3302, #5174, #2380, #4196, #4287, #981, #5143, #5112, #1040, #2915, #1101, #2794, #5495, #4698, #1428, #1071, #3814, #1457, #5617, #1551, #4602, #5049, #4729, #3271, #3364, #2473, #5081, #3690, #2351, #2824, #4633, #564, #3065, #4762, #5236, #5706, #2503, #3457, #1133, #2619, #273, #1644, #2945, #3876, #693, #301, #2532, #5735, #1673, #5265, #4344, #4848, #1253, #3486, #746, #2087, #330, #4317, #3394, #1196, #3515, #244, #5293, #2144, #3903, #5321, #2026, #4373, #2117, #5763, #3037, #773, #3007, #2591, #4819 ),
 ( #5204, #801, #2978, #2563, #4400, #3934, #3962, #1225, #1701, #4876, #214, #2057, #720, #5677, #3845, #1614, #5647, #1581, #3427, #1167, #4791, #855, #1336, #4076, #3597, #826, #2204, #1729, #1783, #442, #3118, #2644, #2257, #1837, #3627, #5819, #5432, #5875, #3176, #3092, #4987, #4538, #3990, #3566, #887, #4510, #943, #357, #469, #3541, #3654, #4930, #4455, #5458, #3147, #5404, #4961, #2175, #1810, #2702, #1363, #5792, #913, #2231, #2730, #2285, #4102, #27, #1390, #3204, #5015, #385, #5348, #4428, #1279, #4904, #1307, #4019, #1754, #5376, #2673, #4483, #413, #4049, #5848, #5073, #557, #1928, #526, #5610, #5579, #3682, #5041, #5486, #147, #621, #5549, #1418, #2372, #1893, #3807, #2403, #5519, #1960, #1991, #972, #498, #1864, #5167, #4691, #2847, #4659, #4158, #2313, #1513, #1544, #3357, #1003, #86, #4187, #2434, #1033 ) ),
 .UNSPECIFIED., .F., .F., .F.,
 ( 2, 2 ),
 ( 4, 2, 2, 2, 2, 2, 2, 2, 2, 2, 2, 2, 2, 2, 2, 2, 2, 2, 2, 2, 2, 2, 2, 2, 2, 2, 2, 2, 2, 2, 2, 2, 2, 2, 2, 2, 2, 2, 2, 2, 2, 2, 2, 2, 2, 2, 2, 2, 2, 2, 2, 2, 2, 2, 2, 2, 2, 2, 2, 2, 4 ),
 ( 0.000000000000000000, 1.000000000000000000 ),
 ( 0.000000000000000000, 0.0009765625000000000000, 0.001953125000000000000, 0.003906250000000000000, 0.007812500000000000000, 0.01562500000000000000, 0.03125000000000000000, 0.04687500000000000000, 0.06250000000000000000, 0.07812500000000000000, 0.09375000000000000000, 0.1015625000000000000, 0.1093750000000000000, 0.1132812500000000000, 0.1171875000000000000, 0.1250000000000000000, 0.1289062500000000000, 0.1328125000000000000, 0.1406250000000000000, 0.1484375000000000000, 0.1562500000000000000, 0.1875000000000000000, 0.2187500000000000000, 0.2500000000000000000, 0.2812500000000000000, 0.3125000000000000000, 0.3281250000000000000, 0.3437500000000000000, 0.3593750000000000000, 0.3750000000000000000, 0.4375000000000000000, 0.5000000000000000000, 0.5625000000000000000, 0.5937500000000000000, 0.6250000000000000000, 0.6562500000000000000, 0.6875000000000000000, 0.7187500000000000000, 0.7500000000000000000, 0.7812500000000000000, 0.7890625000000000000, 0.7968750000000000000, 0.8046875000000000000, 0.8125000000000000000, 0.8203125000000000000, 0.8281250000000000000, 0.8359375000000000000, 0.8437500000000000000, 0.8593750000000000000, 0.8750000000000000000, 0.8906250000000000000, 0.9062500000000000000, 0.9375000000000000000, 0.9531250000000000000, 0.9687500000000000000, 0.9843750000000000000, 0.9921875000000000000, 0.9960937500000000000, 0.9980468750000000000, 0.9990234375000000000, 1.000000000000000000 ),
 .UNSPECIFIED. ) ;
#5644 = CARTESIAN_POINT ( 'NONE',  ( 0.03998601980621151880, 11.09577416626230040, 12.98231281230100365 ) ) ;
#5645 = CARTESIAN_POINT ( 'NONE',  ( 3.523775516727928991, 9.953981964438746388, 10.02050883222202238 ) ) ;
#5646 = CARTESIAN_POINT ( 'NONE',  ( 5.893300378746523904, 3.751700939117484257, 8.353986986538400217 ) ) ;
#5647 = CARTESIAN_POINT ( 'NONE',  ( 4.424225316354394977, 1.587462532708937335, 56.24442472640656376 ) ) ;
#5648 = CARTESIAN_POINT ( 'NONE',  ( 5.529882762300291965, 5.241946671849228245, 48.49751048565336475 ) ) ;
#5649 = CARTESIAN_POINT ( 'NONE',  ( -0.03119568937919937196, 10.98929928721427451, 11.28782977441027136 ) ) ;
#5650 = CARTESIAN_POINT ( 'NONE',  ( 5.892125958267673269, 1.562551758319972839, 9.829947430526820185 ) ) ;
#5651 = CARTESIAN_POINT ( 'NONE',  ( 5.281967842333197716, 7.485956817010277931, 9.397670548786210887 ) ) ;
#5652 = ORIENTED_EDGE ( 'NONE', *, *, #2169, .T. ) ;
#5653 = LINE ( 'NONE', #1466, #2113 ) ;
#5654 = CARTESIAN_POINT ( 'NONE',  ( 5.133923948245357138, 6.485932266989739681, 24.06937531126831686 ) ) ;
#5655 = CARTESIAN_POINT ( 'NONE',  ( -0.003937007874055987490, 10.64315943213277116, 12.11826210998310316 ) ) ;
#5656 = CARTESIAN_POINT ( 'NONE',  ( 0.08599872243063469424, 11.00077161886263610, 34.88687390421669932 ) ) ;
#5657 = CARTESIAN_POINT ( 'NONE',  ( 2.724159746091419532, 6.749422357400392869, -6.567007342261676150 ) ) ;
#5658 = CARTESIAN_POINT ( 'NONE',  ( 1.182056826406314265, 7.689011782759048508, -6.993407671787988278 ) ) ;
#5659 = AXIS2_PLACEMENT_3D ( 'NONE', #3571, #1370, #3123 ) ;
#5660 = CARTESIAN_POINT ( 'NONE',  ( 1.186381390958936244, 11.02015668228673562, 12.13622479053842973 ) ) ;
#5661 = CARTESIAN_POINT ( 'NONE',  ( 4.288148812320888403, 9.222905453230154649, 10.23646821199580614 ) ) ;
#5662 = CARTESIAN_POINT ( 'NONE',  ( 4.718601599932889634, 8.782703258970075311, 12.95146459653338056 ) ) ;
#5663 = CARTESIAN_POINT ( 'NONE',  ( 5.576770406748042141, 3.840356787013552875, 9.942714735529087022 ) ) ;
#5664 = CARTESIAN_POINT ( 'NONE',  ( 5.491914322798439052, 1.734303738412941609, 37.29327678907532118 ) ) ;
#5665 = CARTESIAN_POINT ( 'NONE',  ( 2.244288906334937383, 8.184718347796277271, 53.33302453277141097 ) ) ;
#5666 = CARTESIAN_POINT ( 'NONE',  ( 0.2604370786542704597, 9.744255113921525435, 52.32698748148480661 ) ) ;
#5667 = CARTESIAN_POINT ( 'NONE',  ( 1.898687103131009302, 10.60933016802001738, 7.882483785114825281 ) ) ;
#5668 = CARTESIAN_POINT ( 'NONE',  ( 0.2473309702120944920, 10.84045594316899930, 9.160128617118186156 ) ) ;
#5669 = CARTESIAN_POINT ( 'NONE',  ( 4.604314668622217610, 7.754253370275327129, 6.189721331767350954 ) ) ;
#5670 = DIRECTION ( 'NONE',  ( -1.000000000000000000, 0.000000000000000000, 0.000000000000000000 ) ) ;
#5671 = CARTESIAN_POINT ( 'NONE',  ( 5.181527052680831247, 3.691502796370853101, -3.740401502502527453 ) ) ;
#5672 = CARTESIAN_POINT ( 'NONE',  ( 2.466637584472770151, 10.50777063472884976, 33.64202390254400399 ) ) ;
#5673 = CARTESIAN_POINT ( 'NONE',  ( 0.8243029612571266540, 10.14712377426783974, 49.94286278533868284 ) ) ;
#5674 = CARTESIAN_POINT ( 'NONE',  ( 0.02345264301703962537, 10.85623929017472022, 9.373466063324160658 ) ) ;
#5675 = CARTESIAN_POINT ( 'NONE',  ( 3.741377334768928531, 9.777650866873466740, 10.23352002085610479 ) ) ;
#5676 = CARTESIAN_POINT ( 'NONE',  ( 5.896653055222053297, 4.185621798801056670, 11.30441599613797798 ) ) ;
#5677 = CARTESIAN_POINT ( 'NONE',  ( 3.260941497927139832, 1.589298713602870450, 57.18467396673930381 ) ) ;
#5678 = CARTESIAN_POINT ( 'NONE',  ( 5.385827776896156216, 5.272551230487739105, 7.855448936828931750 ) ) ;
#5679 = CARTESIAN_POINT ( 'NONE',  ( -0.02613439773013191691, 11.04401731447800294, 12.13588863857417088 ) ) ;
#5680 = CARTESIAN_POINT ( 'NONE',  ( 5.892381375739298655, 1.870181900410776699, 12.14748164268463881 ) ) ;
#5681 = CARTESIAN_POINT ( 'NONE',  ( 5.584002316268196431, 6.416682939640620198, 7.921287574826397559 ) ) ;
#5682 = VERTEX_POINT ( 'NONE', #4746 ) ;
#5683 = DIRECTION ( 'NONE',  ( -6.957231484743788408E-15, 0.000000000000000000, 1.000000000000000000 ) ) ;
#5684 = CARTESIAN_POINT ( 'NONE',  ( 5.242389615359560828, 6.630612369681686324, 36.12847122617784379 ) ) ;
#5685 = CARTESIAN_POINT ( 'NONE',  ( 5.506525192389305268, 3.365255244221389219, 12.95146459653338056 ) ) ;
#5686 = CARTESIAN_POINT ( 'NONE',  ( 2.200845986593867210, 6.307404584795696323, -8.647938994065796692 ) ) ;
#5687 = CARTESIAN_POINT ( 'NONE',  ( 1.055258728333761331, 7.749675051597559872, -6.993402345605128190 ) ) ;
#5688 = CARTESIAN_POINT ( 'NONE',  ( 1.023665009393914582, 10.79771646108311245, 8.733796794342490344 ) ) ;
#5689 = CARTESIAN_POINT ( 'NONE',  ( 4.521554276945401796, 8.990097842527823957, 11.29678943312813466 ) ) ;
#5690 = FACE_OUTER_BOUND ( 'NONE', #3641, .T. ) ;
#5691 = CARTESIAN_POINT ( 'NONE',  ( 5.493457454499262482, 1.763293114102564951, -1.902858240277613744 ) ) ;
#5692 = CARTESIAN_POINT ( 'NONE',  ( 2.212519514407709664, 8.391716312122429855, -3.003349649456021009 ) ) ;
#5693 = CARTESIAN_POINT ( 'NONE',  ( 0.3343587751071857017, 10.96124408215782431, 18.26477945835231864 ) ) ;
#5694 = AXIS2_PLACEMENT_3D ( 'NONE', #1804, #2225, #3620 ) ;
#5695 = CARTESIAN_POINT ( 'NONE',  ( 0.3296092650637509891, 10.96200735395753156, 10.86273921853355162 ) ) ;
#5696 = ADVANCED_FACE ( 'NONE', ( #141, #5189, #3349 ), #4303, .F. ) ;
#5697 = VECTOR ( 'NONE', #5252, 39.37007874015748143 ) ;
#5698 = CARTESIAN_POINT ( 'NONE',  ( 3.071860671357096173, 5.404829820773390914, -8.633210331496938394 ) ) ;
#5699 = CARTESIAN_POINT ( 'NONE',  ( 5.887937320766575944, 4.241142370551007623, 10.21022914903312895 ) ) ;
#5700 = CARTESIAN_POINT ( 'NONE',  ( 5.223344851362795360, 3.347900698284164811, 52.75984520861773319 ) ) ;
#5701 = CARTESIAN_POINT ( 'NONE',  ( 1.166022063858086266, 9.994817830332594966, 50.25894226119186925 ) ) ;
#5702 = CARTESIAN_POINT ( 'NONE',  ( 0.5593278831347046065, 8.058921848014810152, -6.557184766037813084 ) ) ;
#5703 = CARTESIAN_POINT ( 'NONE',  ( 0.01343586175401902984, 11.01669588449842507, 11.71181812420930335 ) ) ;
#5704 = CARTESIAN_POINT ( 'NONE',  ( 3.040543412550456459, 10.19448625677587117, 8.743305963522701063 ) ) ;
#5705 = CARTESIAN_POINT ( 'NONE',  ( 5.897395411947183419, 3.803727086628193810, 9.406478302514026169 ) ) ;
#5706 = CARTESIAN_POINT ( 'NONE',  ( 5.492142522134717986, 1.562500000000002220, -1.048487896724365820 ) ) ;
#5707 = CARTESIAN_POINT ( 'NONE',  ( 5.135588065540436453, 4.559441979321362304, 52.07076298756013699 ) ) ;
#5708 = CARTESIAN_POINT ( 'NONE',  ( -0.02560323339743052554, 10.90195661562108143, 10.01258497577161677 ) ) ;
#5709 = CIRCLE ( 'NONE', #1915, 0.09999999999999947820 ) ;
#5710 = CARTESIAN_POINT ( 'NONE',  ( 5.896140023499831351, 2.241928246990549045, 8.358947303611165225 ) ) ;
#5711 = CARTESIAN_POINT ( 'NONE',  ( 5.608753262587215183, 6.462632396719598660, 10.03534654853325314 ) ) ;
#5712 = CARTESIAN_POINT ( 'NONE',  ( 5.896214186753120146, 4.008996580548669364, 10.29782521721850408 ) ) ;
#5713 = CARTESIAN_POINT ( 'NONE',  ( 5.555609763832733528, 4.349917604965124696, 9.359655718749198883 ) ) ;
#5714 = CARTESIAN_POINT ( 'NONE',  ( 4.757743124211187613, 5.817448318015300046, -1.226768554012971135 ) ) ;
#5715 = CARTESIAN_POINT ( 'NONE',  ( 5.079506603104821494, 6.981183499030604978, 12.95146459653339122 ) ) ;
#5716 = CARTESIAN_POINT ( 'NONE',  ( 3.875987088049689167, 9.401970051739670708, 15.74112723168994776 ) ) ;
#5717 = CARTESIAN_POINT ( 'NONE',  ( 1.810304448316827575, 10.70493711873259812, 42.67146391618451418 ) ) ;
#5718 = CARTESIAN_POINT ( 'NONE',  ( 1.186584862045028332, 10.99402947262017527, 11.71203011173911790 ) ) ;
#5719 = CARTESIAN_POINT ( 'NONE',  ( 4.572846249405205121, 8.802753419273628310, 9.391016478991277339 ) ) ;
#5720 = ORIENTED_EDGE ( 'NONE', *, *, #4446, .F. ) ;
#5721 = DIRECTION ( 'NONE',  ( 6.957231484743788408E-15, -0.000000000000000000, -1.000000000000000000 ) ) ;
#5722 = CARTESIAN_POINT ( 'NONE',  ( 5.495121042655322974, 4.011468477069763061, 10.10476730559355119 ) ) ;
#5723 = CARTESIAN_POINT ( 'NONE',  ( 5.445974021462325787, 1.756636919648256967, 52.12395963955997757 ) ) ;
#5724 = CARTESIAN_POINT ( 'NONE',  ( 2.621614378976231396, 10.11363705718613559, 10.78590534258808553 ) ) ;
#5725 = CARTESIAN_POINT ( 'NONE',  ( 0.02994802309294563106, 2.236888374809731683, 57.50000000000001421 ) ) ;
#5726 = CARTESIAN_POINT ( 'NONE',  ( 0.3267672994709113765, 10.90241648272802522, 10.01227653213664226 ) ) ;
#5727 = CARTESIAN_POINT ( 'NONE',  ( 4.608784678095817711, 7.141767924427063541, 2.061615500361101638 ) ) ;
#5728 = CARTESIAN_POINT ( 'NONE',  ( 5.892139751071492348, 1.576587811583950227, 12.53300595598990697 ) ) ;
#5729 = CARTESIAN_POINT ( 'NONE',  ( 5.462763605644497034, 4.509821152793543675, 24.07088843766860009 ) ) ;
#5730 = CARTESIAN_POINT ( 'NONE',  ( 1.360603900189282456, 10.86869716155871934, 36.13008654226492666 ) ) ;
#5731 = CARTESIAN_POINT ( 'NONE',  ( 0.7060392023511228299, 9.626021088341628840, 52.33523947760836137 ) ) ;
#5732 = CARTESIAN_POINT ( 'NONE',  ( 0.02188927005608580847, 10.74308534193002096, 7.879425719001521777 ) ) ;
#5733 = CARTESIAN_POINT ( 'NONE',  ( 3.328755295715769336, 10.25146376650006452, 12.56191800570090678 ) ) ;
#5734 = CARTESIAN_POINT ( 'NONE',  ( 5.878445945108862425, 4.299058905135171749, 8.773103274100414239 ) ) ;
#5735 = CARTESIAN_POINT ( 'NONE',  ( 5.454035380647567877, 1.562499999999999556, -4.760488125228533818 ) ) ;
#5736 = CARTESIAN_POINT ( 'NONE',  ( 5.343681841735666183, 5.380093318781995038, 33.64140097744365931 ) ) ;
#5737 = CARTESIAN_POINT ( 'NONE',  ( -0.03609616981832886734, 11.07033694378342936, 12.55937599260993309 ) ) ;
#5738 = CARTESIAN_POINT ( 'NONE',  ( 5.894107008184601426, 2.015661467141926622, 8.779101523374158944 ) ) ;
#5739 = CARTESIAN_POINT ( 'NONE',  ( 5.546588758295225574, 6.731576813030221373, 10.45798981490159463 ) ) ;
#5740 = EDGE_LOOP ( 'NONE', ( #1741, #3790, #5334, #3190 ) ) ;
#5741 = CARTESIAN_POINT ( 'NONE',  ( -0.6761710437893710957, 3.835939015258080786, 10.21022914903224255 ) ) ;
#5742 = CARTESIAN_POINT ( 'NONE',  ( 4.820132987831526883, 5.989157309830931197, 51.63490286485644276 ) ) ;
#5743 = CARTESIAN_POINT ( 'NONE',  ( 5.492126003400566780, 1.562499999999999556, 12.95146459653338944 ) ) ;
#5744 = CARTESIAN_POINT ( 'NONE',  ( 3.162142108228125359, 7.302798177010875413, 53.32005942187440439 ) ) ;
#5745 = CARTESIAN_POINT ( 'NONE',  ( 1.355658440936796438, 8.751140477024097919, -2.982869902377535798 ) ) ;
#5746 = CARTESIAN_POINT ( 'NONE',  ( 1.570593843577553272, 10.92308847172963127, 11.28881585253544628 ) ) ;
#5747 = CARTESIAN_POINT ( 'NONE',  ( 4.393559300066103290, 8.975170796380750105, 8.328997388087858056 ) ) ;
#5748 = ORIENTED_EDGE ( 'NONE', *, *, #675, .F. ) ;
#5749 = DIRECTION ( 'NONE',  ( 1.000000000000000000, -0.000000000000000000, 3.478615742371893810E-15 ) ) ;
#5750 = DIRECTION ( 'NONE',  ( 0.9991388587284488754, 0.04149145669668403286, 6.951240325576539451E-15 ) ) ;
#5751 = CARTESIAN_POINT ( 'NONE',  ( 5.492125984222220758, 1.562500000000003109, 33.64099909028208657 ) ) ;
#5752 = CARTESIAN_POINT ( 'NONE',  ( 2.252601256884193770, 7.745479620752477423, -5.008458453840385793 ) ) ;
#5753 = CARTESIAN_POINT ( 'NONE',  ( 0.2909140424658877566, 9.458806785943234985, -0.1913632805196344988 ) ) ;
#5754 = ADVANCED_FACE ( 'NONE', ( #5127, #2871 ), #4683, .T. ) ;
#5755 = CARTESIAN_POINT ( 'NONE',  ( 0.4728790756171393217, 10.74139392490981137, 7.880008870859927406 ) ) ;
#5756 = CARTESIAN_POINT ( 'NONE',  ( 4.537685082547822546, 6.628678171152563969, 51.62289350773409069 ) ) ;
#5757 = CARTESIAN_POINT ( 'NONE',  ( 5.492126000356948090, 1.562499999999999556, 12.43655783985478180 ) ) ;
#5758 = CARTESIAN_POINT ( 'NONE',  ( 5.105753119134203821, 3.136254506877533821, -5.881692101203628731 ) ) ;
#5759 = CARTESIAN_POINT ( 'NONE',  ( 0.6724383552872694736, 8.028769866404447342, -6.557643764926778474 ) ) ;
#5760 = CARTESIAN_POINT ( 'NONE',  ( 0.04338500662611590591, 10.91690778144467622, 10.22533150716666839 ) ) ;
#5761 = CARTESIAN_POINT ( 'NONE',  ( 4.097527992531695418, 9.423003271081860532, 10.02342866979657110 ) ) ;
#5762 = CARTESIAN_POINT ( 'NONE',  ( 5.899234536030770748, 3.841539826853713091, 10.03872191643328193 ) ) ;
#5763 = CARTESIAN_POINT ( 'NONE',  ( 0.1656762609489299265, 1.562500000000000000, -14.99472159874208721 ) ) ;
#5764 = CARTESIAN_POINT ( 'NONE',  ( 4.961035011173663634, 4.050670276638761003, 53.11498090414888651 ) ) ;
#5765 = CARTESIAN_POINT ( 'NONE',  ( -0.02778541902214058668, 10.74316014900261251, 7.879331881681410188 ) ) ;
#5766 = CARTESIAN_POINT ( 'NONE',  ( 5.894423753677505928, 2.035108031258101136, 9.409280550196953641 ) ) ;
#5767 = CARTESIAN_POINT ( 'NONE',  ( 5.538283913592292329, 6.717770947634814860, 9.611788400305451674 ) ) ;
#5768 = ORIENTED_EDGE ( 'NONE', *, *, #1464, .F. ) ;
#5769 = CARTESIAN_POINT ( 'NONE',  ( 5.504352945214468384, 2.911796778120496310, 11.00520868469642544 ) ) ;
#5770 = CARTESIAN_POINT ( 'NONE',  ( 4.996794510913000309, 6.134577256542884882, 2.070517126488434112 ) ) ;
#5771 = CARTESIAN_POINT ( 'NONE',  ( 2.212054940906915235, 10.42009629510648416, 12.95146459653336457 ) ) ;
#5772 = CARTESIAN_POINT ( 'NONE',  ( 3.039622230229794830, 6.757339591983139826, -5.836498633667761560 ) ) ;
#5773 = CARTESIAN_POINT ( 'NONE',  ( 1.307219146079813932, 7.623623397261072299, -6.993412997970850142 ) ) ;
#5774 = CARTESIAN_POINT ( 'NONE',  ( 1.952584406974545939, 10.86508509661662281, 11.71414024143102317 ) ) ;
#5775 = AXIS2_PLACEMENT_3D ( 'NONE', #4650, #582, #5571 ) ;
#5776 = CARTESIAN_POINT ( 'NONE',  ( 4.298488921353707859, 9.057311084596220141, 7.903781410024980580 ) ) ;
#5777 = VERTEX_POINT ( 'NONE', #1086 ) ;
#5778 = FILL_AREA_STYLE ('',( #814 ) ) ;
#5779 = CARTESIAN_POINT ( 'NONE',  ( 5.494650899509402997, 4.025857598029371154, 10.09517326594094122 ) ) ;
#5780 = CARTESIAN_POINT ( 'NONE',  ( 5.098321667012088554, 1.562500000000003331, -7.610904124188277109 ) ) ;
#5781 = CARTESIAN_POINT ( 'NONE',  ( 2.626946239640549852, 8.302706185652350968, 52.70749756260723018 ) ) ;
#5782 = CARTESIAN_POINT ( 'NONE',  ( 0.2421501189913423391, 6.934535003036565115, -10.03287986214287741 ) ) ;
#5783 = CARTESIAN_POINT ( 'NONE',  ( 0.5397763955842914685, 10.74073236282669441, 7.880066387581781129 ) ) ;
#5784 = CARTESIAN_POINT ( 'NONE',  ( 4.848738601677407445, 6.971978507834752037, 4.125171059915099470 ) ) ;
#5785 = DIRECTION ( 'NONE',  ( -0.9980147384364809193, -0.04144477510860834074, 0.04742270004712499654 ) ) ;
#5786 = CARTESIAN_POINT ( 'NONE',  ( 5.409266409442450296, 2.782258383570136662, -3.163347673506640589 ) ) ;
#5787 = CARTESIAN_POINT ( 'NONE',  ( 0.5766539646239819961, 6.843003330741032286, -10.02721129264345024 ) ) ;
#5788 = CARTESIAN_POINT ( 'NONE',  ( 0.08179067327016170674, 10.88683059804900743, 9.799556650203490094 ) ) ;
#5789 = AXIS2_PLACEMENT_3D ( 'NONE', #788, #2606, #4387 ) ;
#5790 = CARTESIAN_POINT ( 'NONE',  ( 3.819931221111482422, 9.554805365318326693, 7.899214869697351205 ) ) ;
#5791 = CARTESIAN_POINT ( 'NONE',  ( 5.905461462505200210, 3.613221460288759346, 10.46088003889897600 ) ) ;
#5792 = CARTESIAN_POINT ( 'NONE',  ( 5.892125995757143464, 1.562498677820955306, 25.69466126643928305 ) ) ;
#5793 = CARTESIAN_POINT ( 'NONE',  ( 4.624108616105934821, 3.980906719020581352, -6.580226510263848638 ) ) ;
#5794 = CARTESIAN_POINT ( 'NONE',  ( -0.02038367356578317177, 10.87164799032068530, 9.586630946774132411 ) ) ;
#5795 = CARTESIAN_POINT ( 'NONE',  ( 2.188933693433569250, 10.68827235059960756, 10.01514298060191166 ) ) ;
#5796 = CARTESIAN_POINT ( 'NONE',  ( 5.675974213914292577, 6.231935652237400092, 12.14990579811659721 ) ) ;
#5797 = FACE_OUTER_BOUND ( 'NONE', #1782, .T. ) ;
#5798 = CARTESIAN_POINT ( 'NONE',  ( 5.254186714498553457, 6.150127951074344956, 20.75039693889293346 ) ) ;
#5799 = CARTESIAN_POINT ( 'NONE',  ( 5.310084250438308118, 6.045335295366695227, 12.95146459653338944 ) ) ;
#5800 = EDGE_CURVE ( 'NONE', #1497, #4986, #3316, .T. ) ;
#5801 = CARTESIAN_POINT ( 'NONE',  ( 4.041583905103099283, 8.831720243961081351, 9.119535695951897836 ) ) ;
#5802 = CARTESIAN_POINT ( 'NONE',  ( -0.007874015747917769217, 1.562500000000000000, -14.99999999999999822 ) ) ;
#5803 = CARTESIAN_POINT ( 'NONE',  ( 2.021566636109627169, 10.89120119048624247, 12.56233198928887340 ) ) ;
#5804 = CARTESIAN_POINT ( 'NONE',  ( 4.332620214399379499, 9.168863577181598501, 10.23676826850702781 ) ) ;
#5805 = EDGE_LOOP ( 'NONE', ( #4862, #3760, #2508, #4441 ) ) ;
#5806 = PLANE ( 'NONE',  #1424 ) ;
#5807 = CARTESIAN_POINT ( 'NONE',  ( 5.490474548715653214, 4.150902299313075083, 10.09118870175802840 ) ) ;
#5808 = CARTESIAN_POINT ( 'NONE',  ( 5.492126003961955050, 1.562499999999999556, 12.77983300429213998 ) ) ;
#5809 = CARTESIAN_POINT ( 'NONE',  ( 3.202871993297521591, 9.634467317043029055, 9.118632607488846631 ) ) ;
#5810 = CARTESIAN_POINT ( 'NONE',  ( 0.5470959616992137065, 10.66879727800424149, 12.45342582610567916 ) ) ;
#5811 = ADVANCED_FACE ( 'NONE', ( #5400 ), #5483, .F. ) ;
#5812 = CARTESIAN_POINT ( 'NONE',  ( 0.5766733987554440999, 10.90184474559183236, 10.01217080790272362 ) ) ;
#5813 = CARTESIAN_POINT ( 'NONE',  ( 3.226406170143226948, 5.210930341358707807, -8.630264598983147906 ) ) ;
#5814 = CARTESIAN_POINT ( 'NONE',  ( 6.657115562007896337, 4.395660075820532420, 9.307315430519723876 ) ) ;
#5815 = CARTESIAN_POINT ( 'NONE',  ( 5.368480726947677084, 2.737973191999424127, -4.350573873498968069 ) ) ;
#5816 = CARTESIAN_POINT ( 'NONE',  ( 0.4997860854370769212, 6.030488601960137807, 56.42904590029124279 ) ) ;
#5817 = CARTESIAN_POINT ( 'NONE',  ( 0.09800408338807606312, 10.80909739672957492, 8.733619543808043062 ) ) ;
#5818 = CARTESIAN_POINT ( 'NONE',  ( 3.870233882777757817, 9.754160804413329444, 11.71650461913202790 ) ) ;
#5819 = CARTESIAN_POINT ( 'NONE',  ( 5.873586968770029948, 1.561705532731324064, 51.61006861100476328 ) ) ;
#5820 = CARTESIAN_POINT ( 'NONE',  ( 5.482144591518960830, 4.524664735021016959, 36.12795015647233043 ) ) ;
#5821 = CARTESIAN_POINT ( 'NONE',  ( -0.01525490564784703733, 10.84058757264784845, 9.160163083508608750 ) ) ;
#5822 = CARTESIAN_POINT ( 'NONE',  ( 2.292200947530701249, 10.52627236465175820, 8.311569505203799224 ) ) ;
#5823 = CARTESIAN_POINT ( 'NONE',  ( 5.713094826455940911, 5.931155744959093035, 9.824715664279180416 ) ) ;
#5824 = CARTESIAN_POINT ( 'NONE',  ( 5.024696144525865549, 7.976146696404067704, 7.955401604407399851 ) ) ;
#5825 = CARTESIAN_POINT ( 'NONE',  ( 4.767779526190730977, 5.363129510583188875, -2.483374026552948699 ) ) ;
#5826 = CARTESIAN_POINT ( 'NONE',  ( 2.516621380522899187, 10.72787399439644851, 12.95146459653336102 ) ) ;
#5827 = CARTESIAN_POINT ( 'NONE',  ( 0.1436626487979801026, 11.06592200971765116, 28.18486267028675130 ) ) ;
#5828 = CARTESIAN_POINT ( 'NONE',  ( 4.120111119244523223, 9.140483114716209556, 33.64180286460522495 ) ) ;
#5829 = CARTESIAN_POINT ( 'NONE',  ( 1.184420179989958966, 7.086311942139322362, -8.662667656634692293 ) ) ;
#5830 = CARTESIAN_POINT ( 'NONE',  ( 2.146883146273227627, 10.82972188779257827, 12.13874445894348320 ) ) ;
#5831 = CARTESIAN_POINT ( 'NONE',  ( 4.825841265947027559, 8.520153291663911332, 11.29915617934206473 ) ) ;
#5832 = VERTEX_POINT ( 'NONE', #3232 ) ;
#5833 = CARTESIAN_POINT ( 'NONE',  ( 0.2052947183295751599, 10.34720595619710792, 7.955401604407365213 ) ) ;
#5834 = CARTESIAN_POINT ( 'NONE',  ( -0.007874015747963218972, 7.474250815729512887, -8.677396319203579012 ) ) ;
#5835 = CARTESIAN_POINT ( 'NONE',  ( 5.492112152398694214, 1.562499999999996891, -0.6246729450929127125 ) ) ;
#5836 = CARTESIAN_POINT ( 'NONE',  ( 3.176810232266943590, 9.427128447385555887, 6.177505979043754536 ) ) ;
#5837 = CARTESIAN_POINT ( 'NONE',  ( 1.124092901972034486, 9.695315035698078177, 2.024525391497201010 ) ) ;
#5838 = CARTESIAN_POINT ( 'NONE',  ( 0.3865042135077061403, 11.02054152390305752, 20.74935212851039168 ) ) ;
#5839 = CARTESIAN_POINT ( 'NONE',  ( 0.4377100457361977615, 11.01861439432715173, 11.71113512392997791 ) ) ;
#5840 = CARTESIAN_POINT ( 'NONE',  ( 5.003478510114884870, 7.258074254292235850, 18.26247038239777609 ) ) ;
#5841 = CARTESIAN_POINT ( 'NONE',  ( 5.605621539297137801, 2.423630342976938135, 12.65146459653338873 ) ) ;
#5842 = CARTESIAN_POINT ( 'NONE',  ( 5.496779320443929251, 2.962469273845955264, 34.88845011666781204 ) ) ;
#5843 = CARTESIAN_POINT ( 'NONE',  ( 0.8893739784022015593, 9.689386722960273701, 51.94309102276059775 ) ) ;
#5844 = CARTESIAN_POINT ( 'NONE',  ( 5.490011110086898682, 4.191942495119977963, 10.29776271613345173 ) ) ;
#5845 = CARTESIAN_POINT ( 'NONE',  ( 0.1181428866154059787, 10.84049194135982930, 9.160159547147085135 ) ) ;
#5846 = AXIS2_PLACEMENT_3D ( 'NONE', #3013, #362, #1140 ) ;
#5847 = CARTESIAN_POINT ( 'NONE',  ( 3.876669095766423379, 9.773122978010183814, 12.13974933689362246 ) ) ;
#5848 = CARTESIAN_POINT ( 'NONE',  ( 5.892092613045640803, 1.560045844356160005, -1.691405949871527925 ) ) ;
#5849 = CARTESIAN_POINT ( 'NONE',  ( 5.327894068731378496, 5.159649355110182967, 28.18669224270744067 ) ) ;
#5850 = CARTESIAN_POINT ( 'NONE',  ( -0.01098221788099353058, 11.07035185141551814, 12.55935056309909292 ) ) ;
#5851 = CARTESIAN_POINT ( 'NONE',  ( 2.240832037915548192, 10.60998012504004784, 9.163660075023365437 ) ) ;
#5852 = CARTESIAN_POINT ( 'NONE',  ( 5.668559136490899597, 6.018679563138184641, 7.923280019497630278 ) ) ;
#5853 = CARTESIAN_POINT ( 'NONE',  ( 4.385034505881545641, 8.957040441750685034, 7.955401604407390970 ) ) ;
#5854 = CARTESIAN_POINT ( 'NONE',  ( 5.220064291391005362, 5.883678324876398413, 49.93974517696557314 ) ) ;
#5855 = CARTESIAN_POINT ( 'NONE',  ( 0.1955424220043449068, 10.85862201291332951, 15.74672116890212159 ) ) ;
#5856 = CARTESIAN_POINT ( 'NONE',  ( 0.3836347292465019931, 2.036097087037773257, 57.50000000000001421 ) ) ;
#5857 = CARTESIAN_POINT ( 'NONE',  ( 1.938189025949114352, 10.72569797293389726, 36.12993022135326271 ) ) ;
#5858 = CARTESIAN_POINT ( 'NONE',  ( 2.108223943852084670, 10.79538638024678754, 11.29021287515549865 ) ) ;
#5859 = CARTESIAN_POINT ( 'NONE',  ( 4.972047667261610293, 8.289038473481708635, 11.72342332489964356 ) ) ;
#5860 = ORIENTED_EDGE ( 'NONE', *, *, #3836, .T. ) ;
#5861 = CARTESIAN_POINT ( 'NONE',  ( 1.540656704590712023, 10.27853564558198229, 7.955401604407366101 ) ) ;
#5862 = CARTESIAN_POINT ( 'NONE',  ( -0.007874015748219678756, 11.06384859248873553, 28.18482201312184543 ) ) ;
#5863 = DIRECTION ( 'NONE',  ( 6.957231484743787620E-15, -0.000000000000000000, -1.000000000000000000 ) ) ;
#5864 = CARTESIAN_POINT ( 'NONE',  ( 3.322268438448570560, 9.996643819085559102, 34.88737090814264263 ) ) ;
#5865 = CARTESIAN_POINT ( 'NONE',  ( 1.083003452525446386, 9.736109278917600918, 51.54183034715794065 ) ) ;
#5866 = CARTESIAN_POINT ( 'NONE',  ( 0.5847436161387749021, 10.96108380077812328, 37.31544388693439629 ) ) ;
#5867 = CARTESIAN_POINT ( 'NONE',  ( 0.5115172778008296728, 10.96203030345910534, 10.86260102668695993 ) ) ;
#5868 = CARTESIAN_POINT ( 'NONE',  ( 5.492126000356948090, 1.562499999999999556, 12.43655783985478180 ) ) ;
#5869 = CARTESIAN_POINT ( 'NONE',  ( 5.332900034588495153, 3.337454023843907436, -2.523954825733274898 ) ) ;
#5870 = CARTESIAN_POINT ( 'NONE',  ( 0.3071085224040135397, 10.34038084601897900, 7.834206663373632473 ) ) ;
#5871 = CARTESIAN_POINT ( 'NONE',  ( 5.490814812571627179, 4.172893648823439605, 10.31560581166045587 ) ) ;
#5872 = CARTESIAN_POINT ( 'NONE',  ( 0.1201435536606421661, 10.88686292686308654, 9.799520748535124781 ) ) ;
#5873 = CARTESIAN_POINT ( 'NONE',  ( 3.840664934960909438, 9.651138704780798605, 9.597908835508359715 ) ) ;
#5874 = ORIENTED_EDGE ( 'NONE', *, *, #6, .F. ) ;
#5875 = CARTESIAN_POINT ( 'NONE',  ( 5.888566327876513462, 1.561922492215886527, 50.89851775731381167 ) ) ;
#5876 = CARTESIAN_POINT ( 'NONE',  ( 5.430720502698840768, 5.306235429886162258, 18.26160447891486172 ) ) ;
#5877 = CARTESIAN_POINT ( 'NONE',  ( 0.04048190538155135160, 9.413112654887136443, -0.5874249775036926025 ) ) ;
#5878 = CARTESIAN_POINT ( 'NONE',  ( 2.148371231971240913, 9.743039509775302420, 4.092103481414497423 ) ) ;
ENDSEC;
END-ISO-10303-21;
