ISO-10303-21;
HEADER;
FILE_DESCRIPTION (( 'STEP AP214' ),
    '1' );
FILE_NAME ('Shell_Left_1.STEP',
    '2026-03-17T21:23:50',
    ( '' ),
    ( '' ),
    'SwSTEP 2.0',
    'SolidWorks 2024',
    '' );
FILE_SCHEMA (( 'AUTOMOTIVE_DESIGN' ));
ENDSEC;

DATA;
#1 = ORIENTED_EDGE ( 'NONE', *, *, #4676, .T. ) ;
#2 = CARTESIAN_POINT ( 'NONE',  ( -5.549304978598040172, 5.513806372532454425, 50.98498482048366043 ) ) ;
#3 = CARTESIAN_POINT ( 'NONE',  ( -1.462434383211648364E-15, 1.562500000000000000, -14.99999999999999822 ) ) ;
#4 = CARTESIAN_POINT ( 'NONE',  ( 0.008022288168514957879, 10.24722463388657090, 52.10653257071312794 ) ) ;
#5 = EDGE_CURVE ( 'NONE', #3583, #5083, #1650, .T. ) ;
#6 = CARTESIAN_POINT ( 'NONE',  ( -5.157766859219147015, 2.118514642760201738, 53.88392937275864369 ) ) ;
#7 = CARTESIAN_POINT ( 'NONE',  ( -2.012276698837797362, 10.01000447822541517, 6.170380356621661733 ) ) ;
#8 = CARTESIAN_POINT ( 'NONE',  ( -2.534528278932850931, 9.405376623811145365, 51.68782552736520586 ) ) ;
#9 = CARTESIAN_POINT ( 'NONE',  ( 0.002481951516304979274, 10.41540684690885499, 51.41514786231853407 ) ) ;
#10 = CARTESIAN_POINT ( 'NONE',  ( -5.296831119292159329, 3.625621746934880818, 52.17542164185534403 ) ) ;
#11 = CARTESIAN_POINT ( 'NONE',  ( -5.096930841357597330, 6.186053454569882426, 51.94394296548860979 ) ) ;
#12 = CARTESIAN_POINT ( 'NONE',  ( -2.516109764003616078, 2.397704535947441151, 57.39636557128858385 ) ) ;
#13 = CARTESIAN_POINT ( 'NONE',  ( -2.088348443454564496, 9.744506471491227728, 51.47095846516003803 ) ) ;
#14 = CARTESIAN_POINT ( 'NONE',  ( -3.500281971375579726, 6.947099760337607677, 54.04125199611792141 ) ) ;
#15 = CARTESIAN_POINT ( 'NONE',  ( -0.6092838930695178012, 9.521777001550276509, 53.61532267915504946 ) ) ;
#16 = CARTESIAN_POINT ( 'NONE',  ( -3.551109873674379802, 4.300362077329968002, 55.99090832063545520 ) ) ;
#17 = CARTESIAN_POINT ( 'NONE',  ( -2.113225334209121176, 6.774282052363552964, 55.00867141961280993 ) ) ;
#18 = CARTESIAN_POINT ( 'NONE',  ( -5.490018607267235673, 4.524664735021016959, 36.12795015647229491 ) ) ;
#19 = CARTESIAN_POINT ( 'NONE',  ( -0.1211790980219900060, 9.424942753880825919, 53.14792082583381472 ) ) ;
#20 = CARTESIAN_POINT ( 'NONE',  ( -2.218106033334247496, 9.143482159146612887, 52.73921856755928417 ) ) ;
#21 = CARTESIAN_POINT ( 'NONE',  ( -0.003977885822394698796, 4.983987609382658057, 57.30655056830012484 ) ) ;
#22 = CARTESIAN_POINT ( 'NONE',  ( -1.605850039714408428, 10.80743031986010649, 39.79054735722112923 ) ) ;
#23 = CARTESIAN_POINT ( 'NONE',  ( -0.01979637609314341060, 6.764687021971632852, 56.48356028754313485 ) ) ;
#24 = CARTESIAN_POINT ( 'NONE',  ( -3.051110165887892745, 9.277736618638988020, 51.08792043064361366 ) ) ;
#25 = CARTESIAN_POINT ( 'NONE',  ( -0.001217713694783295608, 10.34878735500565128, 51.71257213387968932 ) ) ;
#26 = CARTESIAN_POINT ( 'NONE',  ( -4.079247464027282000, 8.242362433176497305, 51.31388953093623684 ) ) ;
#27 = CARTESIAN_POINT ( 'NONE',  ( -3.207367259234397139, 5.526211759622062125, 55.53607727663882088 ) ) ;
#28 = CARTESIAN_POINT ( 'NONE',  ( -0.6426182173659655827, 6.968944440758735759, 56.21208483166796555 ) ) ;
#29 = CARTESIAN_POINT ( 'NONE',  ( -1.462434383211648364E-15, 1.562500000000000000, -14.99999999999999822 ) ) ;
#30 = CARTESIAN_POINT ( 'NONE',  ( -5.439735981566955481, 5.816893464898316601, 37.30095477827788386 ) ) ;
#31 = CARTESIAN_POINT ( 'NONE',  ( -0.003977885823197214836, 9.330056931881514970, 53.34254160632474395 ) ) ;
#32 = PRESENTATION_STYLE_ASSIGNMENT (( #7951 ) ) ;
#33 = CARTESIAN_POINT ( 'NONE',  ( -0.9768646715596033259, 10.93117888612281519, 36.13019075620598386 ) ) ;
#34 = CARTESIAN_POINT ( 'NONE',  ( -2.138430713865342891, 5.900475846907083266, 56.11814328879574276 ) ) ;
#35 = CARTESIAN_POINT ( 'NONE',  ( -0.02031576479943444577, 10.47479087357042715, 51.11713613880731089 ) ) ;
#36 = CARTESIAN_POINT ( 'NONE',  ( -5.321022641135922271, 4.463352408946401617, 53.02176776286048465 ) ) ;
#37 = CARTESIAN_POINT ( 'NONE',  ( -2.999974240943827919, 3.292178234283029248, 56.88263368335255166 ) ) ;
#38 = CARTESIAN_POINT ( 'NONE',  ( -3.246994766264139631, 4.699293811451924263, 56.02160989413882675 ) ) ;
#39 = CARTESIAN_POINT ( 'NONE',  ( -1.572971704546537008, 9.499686372306443971, 52.81408157161428818 ) ) ;
#40 = CARTESIAN_POINT ( 'NONE',  ( -2.168783431960322972, 8.981348171550163073, -0.5947572545881928407 ) ) ;
#41 = CARTESIAN_POINT ( 'NONE',  ( -5.422518349920544267, 7.034651144229382425, 46.31113075985357597 ) ) ;
#42 = CARTESIAN_POINT ( 'NONE',  ( 0.02499777079674714297, 9.305843406295604581, 54.15007364465521533 ) ) ;
#43 = CARTESIAN_POINT ( 'NONE',  ( -0.4656265753920579287, 10.19557447177676046, 6.161727815109128592 ) ) ;
#44 = CARTESIAN_POINT ( 'NONE',  ( -3.450317294357825304, 7.751504750890101825, 53.22930049000726882 ) ) ;
#45 = CARTESIAN_POINT ( 'NONE',  ( -0.1319777812744822865, 9.941972681019136004, 52.97711603031187622 ) ) ;
#46 = ORIENTED_EDGE ( 'NONE', *, *, #2542, .T. ) ;
#47 = CARTESIAN_POINT ( 'NONE',  ( -3.558662291999330041, 3.879652534571970346, 56.21963184248989620 ) ) ;
#48 = CARTESIAN_POINT ( 'NONE',  ( -3.552335820831545643, 6.528938907514986845, -5.041746835588454267 ) ) ;
#49 = CARTESIAN_POINT ( 'NONE',  ( 0.009095000020722400144, 10.18912323181794299, 52.30196832178202015 ) ) ;
#50 = CARTESIAN_POINT ( 'NONE',  ( -5.515434190891754795, 2.893200287190807796, 36.12753330070796665 ) ) ;
#51 = CARTESIAN_POINT ( 'NONE',  ( -2.093694299719181195, 10.70098632013010231, 24.06658978312219332 ) ) ;
#52 = CARTESIAN_POINT ( 'NONE',  ( -2.305518269163055578, 8.764605527900828363, 53.26760044960742846 ) ) ;
#53 = CARTESIAN_POINT ( 'NONE',  ( 0.001873113204544381251, 10.49360315077177042, 51.01738472894387399 ) ) ;
#54 = CARTESIAN_POINT ( 'NONE',  ( -5.518278715052022498, 3.920918491110657378, 52.82237603010617022 ) ) ;
#55 = CARTESIAN_POINT ( 'NONE',  ( -0.6198200087704648364, 3.693086159372446442, 57.59521847271331296 ) ) ;
#56 = CARTESIAN_POINT ( 'NONE',  ( -4.206896980811859699, 7.758223165649300590, 51.93513274964435311 ) ) ;
#57 = CARTESIAN_POINT ( 'NONE',  ( -0.7873630259911619245, 10.33852494041124537, 51.23137925498848233 ) ) ;
#58 = CARTESIAN_POINT ( 'NONE',  ( -4.523827525295059715, 5.388037029335686512, 53.97094894738359727 ) ) ;
#59 = CARTESIAN_POINT ( 'NONE',  ( -0.01790834214128994226, 7.474405366371619230, 56.00341580331713232 ) ) ;
#60 = CARTESIAN_POINT ( 'NONE',  ( -5.455293713028487979, 4.553013523484198188, 34.88822291487295502 ) ) ;
#61 = CARTESIAN_POINT ( 'NONE',  ( -0.06918136839569438701, 7.801485790990454028, -7.657972408281287002 ) ) ;
#62 = CARTESIAN_POINT ( 'NONE',  ( -1.390260424587933974, 6.129326919849506616, 56.39650459943182881 ) ) ;
#63 = DIRECTION ( 'NONE',  ( 1.000000000000000000, -0.000000000000000000, -3.335730344018427286E-15 ) ) ;
#64 = CARTESIAN_POINT ( 'NONE',  ( -1.094432245739366483, 8.966230958182457300, 53.34598964366832519 ) ) ;
#65 = CARTESIAN_POINT ( 'NONE',  ( 0.003379707219590099600, 10.45609789537412126, 51.21638095299458371 ) ) ;
#66 = CARTESIAN_POINT ( 'NONE',  ( -2.558972363460589872, 8.623511179297723928, 53.18493867000660913 ) ) ;
#67 = CARTESIAN_POINT ( 'NONE',  ( -0.002277366352926025496, 9.926938659129049825, 53.02335662082876411 ) ) ;
#68 = CARTESIAN_POINT ( 'NONE',  ( -4.220168149378754840, 8.268804130241200312, 50.89693152436003487 ) ) ;
#69 = CARTESIAN_POINT ( 'NONE',  ( -4.338986507536691128, 7.031811310214008515, 52.69278709428490259 ) ) ;
#70 = CARTESIAN_POINT ( 'NONE',  ( -0.7607555398676331126, 8.243038839156261233, 55.13989314745423798 ) ) ;
#71 = CARTESIAN_POINT ( 'NONE',  ( -2.208720002341830746, 6.307404584795696323, -8.647938994065810903 ) ) ;
#72 = CARTESIAN_POINT ( 'NONE',  ( -5.055604276367136940, 5.255069482420108962, -0.1983486815367291323 ) ) ;
#73 = CARTESIAN_POINT ( 'NONE',  ( -0.003977885823185011056, 4.636867293401613743, 57.00189965259074398 ) ) ;
#74 = DIRECTION ( 'NONE',  ( 1.000000000000000000, 0.000000000000000000, -3.335730344018426891E-15 ) ) ;
#75 = CARTESIAN_POINT ( 'NONE',  ( -0.6768401277947609929, 9.370036370218354449, 52.96350922697796904 ) ) ;
#76 = CARTESIAN_POINT ( 'NONE',  ( -2.955193774840737309, 8.128918120633331412, 53.39270286601843907 ) ) ;
#77 = CARTESIAN_POINT ( 'NONE',  ( -0.01897098525331856328, 10.34872796379805848, 51.71288083836653016 ) ) ;
#78 = CARTESIAN_POINT ( 'NONE',  ( -4.796544485279889081, 4.074128709936080561, 54.56100747877821533 ) ) ;
#79 = CARTESIAN_POINT ( 'NONE',  ( -5.365418076725116059, 5.167761927657299914, 52.23464314893140426 ) ) ;
#80 = CARTESIAN_POINT ( 'NONE',  ( -4.523129843641930492, 6.421164416413488674, 53.02329008330256954 ) ) ;
#81 = CARTESIAN_POINT ( 'NONE',  ( -1.527248743268202924, 9.287132370167917372, 53.26137091956523051 ) ) ;
#82 = CARTESIAN_POINT ( 'NONE',  ( -0.9356059725071991240, 5.048719923118546227, -13.04941922842977853 ) ) ;
#83 = CARTESIAN_POINT ( 'NONE',  ( -4.885460575753183932, 7.261778961523964071, 28.18620435672859514 ) ) ;
#84 = CARTESIAN_POINT ( 'NONE',  ( -0.001969714845651939546, 4.780415997872715650, 57.38558394035088384 ) ) ;
#85 = CARTESIAN_POINT ( 'NONE',  ( -0.4633983940111173760, 10.99771111374453980, 33.64223489330387906 ) ) ;
#86 = CARTESIAN_POINT ( 'NONE',  ( -3.697661732377792276, 8.190677393114722094, 52.21990203482325654 ) ) ;
#87 = CARTESIAN_POINT ( 'NONE',  ( -0.1318874367061868835, 9.921734407449269710, 53.02421274308420607 ) ) ;
#88 = DIRECTION ( 'NONE',  ( 1.000000000000000000, -0.000000000000000000, -0.000000000000000000 ) ) ;
#89 = CARTESIAN_POINT ( 'NONE',  ( -3.324622516421531504, 3.757577087760619161, 56.45205502628580518 ) ) ;
#90 = CARTESIAN_POINT ( 'NONE',  ( -4.601627589654631478, 8.529374937182867100, 36.12899229588336425 ) ) ;
#91 = CARTESIAN_POINT ( 'NONE',  ( 0.007918384674750115690, 10.52831847342148031, 50.81822308692708390 ) ) ;
#92 = CARTESIAN_POINT ( 'NONE',  ( -5.490907134425873970, 3.975476605400943608, 24.07123233003230212 ) ) ;
#93 = CARTESIAN_POINT ( 'NONE',  ( -1.816946761217260509, 9.108650106562794946, -0.5935840902546726250 ) ) ;
#94 = CARTESIAN_POINT ( 'NONE',  ( -2.099497539337436880, 8.373912308945152816, 54.01234872445842683 ) ) ;
#95 = CARTESIAN_POINT ( 'NONE',  ( -0.003181107308018740580, 9.529189163300657128, 53.80243304301227880 ) ) ;
#96 = CARTESIAN_POINT ( 'NONE',  ( -5.395983559931458728, 3.858050142140719618, 53.28475513187334656 ) ) ;
#97 = CARTESIAN_POINT ( 'NONE',  ( -1.768175913547008316, 9.432136083887671774, 52.72707151965862948 ) ) ;
#98 = CARTESIAN_POINT ( 'NONE',  ( -3.944950768723229473, 7.718611555273534819, 52.50883253532960282 ) ) ;
#99 = CARTESIAN_POINT ( 'NONE',  ( -0.4034459103765510313, 6.311251242787915494, 56.66299541914040105 ) ) ;
#100 = CARTESIAN_POINT ( 'NONE',  ( -5.136416082859221355, 5.844786795931405265, 52.23937707772649475 ) ) ;
#101 = CARTESIAN_POINT ( 'NONE',  ( 0.005587014304957542248, 10.30030596474826332, 51.90999139208692981 ) ) ;
#102 = CARTESIAN_POINT ( 'NONE',  ( -4.921347745113336281, 4.014310369962998060, 53.28116408918334912 ) ) ;
#103 = CARTESIAN_POINT ( 'NONE',  ( -0.05573205436218427872, 9.778966438356549773, 2.014881963192584280 ) ) ;
#104 = CARTESIAN_POINT ( 'NONE',  ( -1.726015951799368731, 7.957782404609978322, 54.80491619531343872 ) ) ;
#105 = CARTESIAN_POINT ( 'NONE',  ( -0.003977885823185360603, 5.504147727546331303, 56.89760597302333878 ) ) ;
#106 = CARTESIAN_POINT ( 'NONE',  ( -1.058883534450059782, 9.294375023863029384, -0.5912377615876321935 ) ) ;
#107 = CARTESIAN_POINT ( 'NONE',  ( 0.002130500679199964515, 9.843239106401485472, 53.21133222103299687 ) ) ;
#108 = CARTESIAN_POINT ( 'NONE',  ( -2.983447588501132230, 9.133122539961537001, 51.59989259498418335 ) ) ;
#109 = CARTESIAN_POINT ( 'NONE',  ( -0.001833858245269327043, 9.966758399000131163, 52.92861709476832033 ) ) ;
#110 = CARTESIAN_POINT ( 'NONE',  ( -3.979669940790978355, 3.961740447046217639, 55.76294181364489333 ) ) ;
#111 = CARTESIAN_POINT ( 'NONE',  ( -1.253696033725890668, 3.220144337106564780, 57.57127450143374148 ) ) ;
#112 = CARTESIAN_POINT ( 'NONE',  ( -2.026205648713612639, 3.905161966238714921, 57.11859258404000883 ) ) ;
#113 = CARTESIAN_POINT ( 'NONE',  ( -0.8855801346212724967, 9.541272709987580924, 53.39169043792981029 ) ) ;
#114 = CARTESIAN_POINT ( 'NONE',  ( -3.815729189453638259, 9.201393649891517867, 10.78488434446470734 ) ) ;
#115 = CARTESIAN_POINT ( 'NONE',  ( -1.462434383211648364E-15, 1.562500000000000000, -14.99999999999999822 ) ) ;
#116 = CARTESIAN_POINT ( 'NONE',  ( 0.000000000000000000, 9.323996619911319783, 53.35895475456529624 ) ) ;
#117 = CARTESIAN_POINT ( 'NONE',  ( -0.6891472382750413184, 9.988639711614858641, 4.080329419372604960 ) ) ;
#118 = CARTESIAN_POINT ( 'NONE',  ( -2.991418293424703556, 8.218867792020811081, 53.22936307571778514 ) ) ;
#119 = CARTESIAN_POINT ( 'NONE',  ( -0.03053070401202783932, 5.601934690132121197, 57.07339072493606835 ) ) ;
#120 = CARTESIAN_POINT ( 'NONE',  ( -4.057842050999879824, 3.539183975289004636, 55.93393837301382376 ) ) ;
#121 = CARTESIAN_POINT ( 'NONE',  ( -2.318902134134085635, 3.604518263460816385, 57.09835646433600687 ) ) ;
#122 = CARTESIAN_POINT ( 'NONE',  ( -1.706785405339190653, 9.996779038097942660, 51.25667603152182039 ) ) ;
#123 = CARTESIAN_POINT ( 'NONE',  ( -1.304948746438071794, 5.494319871162831603, 56.38841876191274594 ) ) ;
#124 = CARTESIAN_POINT ( 'NONE',  ( -4.637732510097021255, 6.721871704419356774, 51.18316668425702431 ) ) ;
#125 = CARTESIAN_POINT ( 'NONE',  ( -0.001652524265002445819, 5.191129067977890088, 57.23031428312374658 ) ) ;
#126 = CARTESIAN_POINT ( 'NONE',  ( -0.3098676599707611001, 9.284462855164886008, 53.35490315741000700 ) ) ;
#127 = CARTESIAN_POINT ( 'NONE',  ( -3.055770109301235049, 7.080927612207672972, 54.44141180937460689 ) ) ;
#128 = CARTESIAN_POINT ( 'NONE',  ( -0.08766435536965562492, 9.630326889994998751, 53.62329854535903451 ) ) ;
#129 = EDGE_LOOP ( 'NONE', ( #7964, #8049 ) ) ;
#130 = CARTESIAN_POINT ( 'NONE',  ( -4.902545863373938495, 5.291501404427380706, 53.33639289261166283 ) ) ;
#131 = CARTESIAN_POINT ( 'NONE',  ( -4.526606206748171601, 8.321745756078691159, 12.44700852879701358 ) ) ;
#132 = CARTESIAN_POINT ( 'NONE',  ( 0.008503403560526593546, 10.41540599441889903, 51.41504250247629670 ) ) ;
#133 = CARTESIAN_POINT ( 'NONE',  ( -5.491998366975140655, 2.180533591297508789, -1.257040067296377517 ) ) ;
#134 = CARTESIAN_POINT ( 'NONE',  ( -1.996577098276174800, 9.047886947390415102, -0.5941706724214325108 ) ) ;
#135 = CARTESIAN_POINT ( 'NONE',  ( -0.003877398102806191293, 9.475379650689957245, 53.89035482179140502 ) ) ;
#136 = CARTESIAN_POINT ( 'NONE',  ( -5.238888158245642579, 3.764832293910413519, 53.81329116832427673 ) ) ;
#137 = CARTESIAN_POINT ( 'NONE',  ( -2.212632937955834045, 4.610425381659646327, 56.75654780371402097 ) ) ;
#138 = CARTESIAN_POINT ( 'NONE',  ( -0.5637839936870001623, 10.17284447884581056, 52.11944799006388962 ) ) ;
#139 = CARTESIAN_POINT ( 'NONE',  ( -5.196771961234407655, 6.012329409710165606, 51.84045741807126717 ) ) ;
#140 = CARTESIAN_POINT ( 'NONE',  ( -0.01748622786669081289, 5.191254525267464004, 57.22946502036816696 ) ) ;
#141 = CARTESIAN_POINT ( 'NONE',  ( -1.462434383211648364E-15, 1.562500000000000000, -14.99999999999999822 ) ) ;
#142 = CARTESIAN_POINT ( 'NONE',  ( -0.2756223214085142259, 10.66478305232309687, 46.42370243675058106 ) ) ;
#143 = CARTESIAN_POINT ( 'NONE',  ( -2.290175387244575589, 9.662849491729641471, 51.37567227577660844 ) ) ;
#144 = CARTESIAN_POINT ( 'NONE',  ( -0.003977885823581718029, 7.021981238700692352, 56.31672194651815744 ) ) ;
#145 = CARTESIAN_POINT ( 'NONE',  ( -1.459041870644380401, 10.21827626598217265, 48.57138899435877022 ) ) ;
#146 = CARTESIAN_POINT ( 'NONE',  ( -0.2640518557648083853, 9.755527172337794539, 53.34952099589440166 ) ) ;
#147 = CARTESIAN_POINT ( 'NONE',  ( -1.361559074496105692, 4.931712822811706864, 56.99926229659110533 ) ) ;
#148 = CARTESIAN_POINT ( 'NONE',  ( -0.002112094378306244094, 10.45609989482120561, 51.21645213948167452 ) ) ;
#149 = CARTESIAN_POINT ( 'NONE',  ( -2.748749686871989173, 3.985983413704241141, 56.72474040738646295 ) ) ;
#150 = CARTESIAN_POINT ( 'NONE',  ( -3.693544714401888029, 7.830798550462558794, 52.77243232074400225 ) ) ;
#151 = CARTESIAN_POINT ( 'NONE',  ( -0.3525080390266076558, 9.738590930765678166, 53.34894151510135174 ) ) ;
#152 = CARTESIAN_POINT ( 'NONE',  ( -4.590492019765099130, 7.612484822260204176, 51.21368989386889581 ) ) ;
#153 = CARTESIAN_POINT ( 'NONE',  ( -1.038919298986118456, 9.952424702332672624, 52.32735034586715983 ) ) ;
#154 = CARTESIAN_POINT ( 'NONE',  ( -1.975394253384169296, 5.847000046150155228, -9.998868445146317896 ) ) ;
#155 = CARTESIAN_POINT ( 'NONE',  ( -4.235650554649994959, 4.755808793040580795, -6.576921718263331051 ) ) ;
#156 = CARTESIAN_POINT ( 'NONE',  ( 0.000000000000000000, 9.517662491782347800, 52.96263938836002438 ) ) ;
#157 = CARTESIAN_POINT ( 'NONE',  ( -5.500142625075692848, 1.562500000000004441, -2.560263961842025537 ) ) ;
#158 = CARTESIAN_POINT ( 'NONE',  ( -0.8216328065237866740, 10.84405523725176401, 15.74587763868761670 ) ) ;
#159 = CARTESIAN_POINT ( 'NONE',  ( -3.055431798595102943, 8.368928407381657664, 52.93499599343778073 ) ) ;
#160 = CARTESIAN_POINT ( 'NONE',  ( -0.03282717093781319095, 10.51115870727949719, 50.91811619703762659 ) ) ;
#161 = CARTESIAN_POINT ( 'NONE',  ( -3.566519237901768502, 2.967854012758700755, 56.64002947482565986 ) ) ;
#162 = CARTESIAN_POINT ( 'NONE',  ( -4.117018037385332008, 6.166080181919424419, 53.93119849819404266 ) ) ;
#163 = CARTESIAN_POINT ( 'NONE',  ( -1.617780683163680067, 9.681521414935449599, 52.34571741079062690 ) ) ;
#164 = CARTESIAN_POINT ( 'NONE',  ( -2.512323065395920541, 10.19464105274987098, 46.38617854445147515 ) ) ;
#165 = CARTESIAN_POINT ( 'NONE',  ( -4.996090425303591154, 7.389519311745095465, 34.88782531173224299 ) ) ;
#166 = CARTESIAN_POINT ( 'NONE',  ( 0.02299291829752238975, 10.34878260155351448, 51.71206802459902008 ) ) ;
#167 = CARTESIAN_POINT ( 'NONE',  ( -0.4654440676764402540, 10.65248161650257153, 46.42043948959413058 ) ) ;
#168 = CARTESIAN_POINT ( 'NONE',  ( -3.943663761088363806, 8.578077048912186697, 50.89474878103215616 ) ) ;
#169 = CARTESIAN_POINT ( 'NONE',  ( -0.1335686820083153148, 10.12261949417324836, 52.49900667417590938 ) ) ;
#170 = EDGE_LOOP ( 'NONE', ( #7618, #7792 ) ) ;
#171 = CARTESIAN_POINT ( 'NONE',  ( -5.277037460501744270, 6.458134256444741261, 50.88986405764345022 ) ) ;
#172 = CARTESIAN_POINT ( 'NONE',  ( -5.364623928303684508, 5.519460519860423631, 51.83732923519060165 ) ) ;
#173 = CARTESIAN_POINT ( 'NONE',  ( -1.842711677412866011, 4.160568708593751275, -13.02234644034900057 ) ) ;
#174 = CARTESIAN_POINT ( 'NONE',  ( 0.007444830229790692921, 9.682081718431746253, 53.53400721845712695 ) ) ;
#175 = CARTESIAN_POINT ( 'NONE',  ( -5.159054813805032502, 4.802302015355603970, 53.17644284612129724 ) ) ;
#176 = CARTESIAN_POINT ( 'NONE',  ( -5.487378051973541560, 2.160648325161909522, -3.178707483815547352 ) ) ;
#177 = CARTESIAN_POINT ( 'NONE',  ( -2.208430371033408335, 9.960610158657319246, 48.56318027116908809 ) ) ;
#178 = CARTESIAN_POINT ( 'NONE',  ( 0.002716902196027518642, 9.926946717788384333, 53.02331357428581526 ) ) ;
#179 = CARTESIAN_POINT ( 'NONE',  ( -5.676465835858204301, 3.358687398498904741, 52.57407889805142531 ) ) ;
#180 = CARTESIAN_POINT ( 'NONE',  ( -3.790959369323237738, 7.480227850950360136, 53.06763230499358031 ) ) ;
#181 = CARTESIAN_POINT ( 'NONE',  ( -0.6961402900741707755, 10.44269878714137967, 50.82784356454926211 ) ) ;
#182 = CARTESIAN_POINT ( 'NONE',  ( -4.657659441450686444, 5.535229010858908616, 53.60344249943654660 ) ) ;
#183 = CARTESIAN_POINT ( 'NONE',  ( -0.01805488890028033797, 5.601959162685504978, 57.07408359601547687 ) ) ;
#184 = DIMENSIONAL_EXPONENTS ( 1.000000000000000000, 0.000000000000000000, 0.000000000000000000, 0.000000000000000000, 0.000000000000000000, 0.000000000000000000, 0.000000000000000000 ) ;
#185 = CARTESIAN_POINT ( 'NONE',  ( -5.290071234375299802, 3.374046371497150254, 52.46635452712728664 ) ) ;
#186 = CARTESIAN_POINT ( 'NONE',  ( -0.3025866694179966676, 10.85957896640723419, 15.74658797992089809 ) ) ;
#187 = CARTESIAN_POINT ( 'NONE',  ( -1.969794370335131273, 9.006511822321453309, 53.26501965101857650 ) ) ;
#188 = DIRECTION ( 'NONE',  ( -0.000000000000000000, -0.000000000000000000, -1.000000000000000000 ) ) ;
#189 = CARTESIAN_POINT ( 'NONE',  ( -0.7935599654008677062, 5.863868523505746388, 56.41442013047500126 ) ) ;
#190 = CARTESIAN_POINT ( 'NONE',  ( -0.2621819743291010085, 9.661205810698266561, 53.53122628105855796 ) ) ;
#191 = CARTESIAN_POINT ( 'NONE',  ( -2.737707899273799761, 9.345967327042490780, 51.49061566397863032 ) ) ;
#192 = CARTESIAN_POINT ( 'NONE',  ( -0.004052973848284719023, 9.580854438375130400, 53.71330391605217613 ) ) ;
#193 = CARTESIAN_POINT ( 'NONE',  ( -4.175320893052720805, 3.952473760041022466, 55.54790365325789026 ) ) ;
#194 = CARTESIAN_POINT ( 'NONE',  ( -3.849471392129173886, 8.077008431047694614, 52.12551624589437438 ) ) ;
#195 = CARTESIAN_POINT ( 'NONE',  ( -0.3675357217561899259, 10.12465589823336920, 52.40668551877997317 ) ) ;
#196 = CARTESIAN_POINT ( 'NONE',  ( -4.130414370546547254, 7.053128302934901228, 53.02698596434821354 ) ) ;
#197 = CARTESIAN_POINT ( 'NONE',  ( -0.9422815252146270470, 9.991036270126459229, 52.32445128873602158 ) ) ;
#198 = CARTESIAN_POINT ( 'NONE',  ( -3.632625193176762579, 8.559446296184665570, 2.046779456815519982 ) ) ;
#199 = CARTESIAN_POINT ( 'NONE',  ( -4.992879515866418316, 4.734197476593538845, -2.496189015767824593 ) ) ;
#200 = CARTESIAN_POINT ( 'NONE',  ( 0.000000000000000000, 8.556791476880691860, -4.964073944843031327 ) ) ;
#201 = CARTESIAN_POINT ( 'NONE',  ( -1.258505765192628578, 10.03343211582610550, 51.25933768168647475 ) ) ;
#202 = CARTESIAN_POINT ( 'NONE',  ( -0.6640296810327572796, 7.828482243868788437, 55.08037100866001623 ) ) ;
#203 = CARTESIAN_POINT ( 'NONE',  ( -2.886998274069717763, 8.436550344925770162, 53.06137380486700295 ) ) ;
#204 = CARTESIAN_POINT ( 'NONE',  ( -0.007324834412361465839, 9.985784251525902988, 52.88103956808432571 ) ) ;
#205 = CARTESIAN_POINT ( 'NONE',  ( -5.357569210293983808, 4.047859621081503434, 53.25675406533908074 ) ) ;
#206 = CARTESIAN_POINT ( 'NONE',  ( -4.948958645161541270, 7.118193265128646807, 51.00168413063899919 ) ) ;
#207 = CARTESIAN_POINT ( 'NONE',  ( -1.323117489036641503, 9.251523147774339151, 53.52209337559716573 ) ) ;
#208 = CARTESIAN_POINT ( 'NONE',  ( -2.355716668986175044, 9.222820943247269199, 51.14124611364096040 ) ) ;
#209 = CARTESIAN_POINT ( 'NONE',  ( -5.049208089402179134, 7.427057837936687612, 36.12867965406007897 ) ) ;
#210 = CARTESIAN_POINT ( 'NONE',  ( 0.04234851453190507931, 10.43634450169501804, 51.31520612583388186 ) ) ;
#211 = CARTESIAN_POINT ( 'NONE',  ( -0.3402684105527271075, 7.975135892709824148, -6.993373051599425239 ) ) ;
#212 = CARTESIAN_POINT ( 'NONE',  ( -3.187789968400727147, 7.384000837993672128, 53.97967930961124949 ) ) ;
#213 = CARTESIAN_POINT ( 'NONE',  ( -0.08834188349270269414, 9.361347973502891051, 54.06182714095763231 ) ) ;
#214 = CARTESIAN_POINT ( 'NONE',  ( -4.281629057525762505, 4.351242392217978150, 55.16163851096076343 ) ) ;
#215 = CARTESIAN_POINT ( 'NONE',  ( -5.436340982725764270, 4.092898442243488866, 52.97563132749224479 ) ) ;
#216 = CARTESIAN_POINT ( 'NONE',  ( -5.848281619364382067, 3.450217402071735773, 50.95933768168646338 ) ) ;
#217 = CARTESIAN_POINT ( 'NONE',  ( -4.928579263201923411, 6.173814065511605165, 52.42699281831704639 ) ) ;
#218 = AXIS2_PLACEMENT_3D ( 'NONE', #6797, #4826, #910 ) ;
#219 = CARTESIAN_POINT ( 'NONE',  ( -4.840019186243383231, 5.232455208749687614, 53.51738790365133980 ) ) ;
#220 = CARTESIAN_POINT ( 'NONE',  ( -4.536290062892189390, 8.170045423062109791, 48.53034537841119800 ) ) ;
#221 = CARTESIAN_POINT ( 'NONE',  ( -0.01470524594262594478, 6.764667845369364052, 56.48388762811566011 ) ) ;
#222 = CARTESIAN_POINT ( 'NONE',  ( -4.458864446483255861, 1.982316835541564126, -9.923287518487352799 ) ) ;
#223 = CARTESIAN_POINT ( 'NONE',  ( -1.882121614498883932, 9.207726519712441160, 51.96224181748055315 ) ) ;
#224 = CARTESIAN_POINT ( 'NONE',  ( 0.002267229798648453740, 10.52831905515975564, 50.81827141838591899 ) ) ;
#225 = CARTESIAN_POINT ( 'NONE',  ( -2.597392231433046206, 2.278093484677871761, 57.39163304282301681 ) ) ;
#226 = CARTESIAN_POINT ( 'NONE',  ( -3.991970908877361168, 7.786144133347597140, 52.32304017936372276 ) ) ;
#227 = CARTESIAN_POINT ( 'NONE',  ( -0.3256218485727478962, 5.952131232524704885, 56.87365047395195461 ) ) ;
#228 = CARTESIAN_POINT ( 'NONE',  ( -4.454782255664941459, 5.431948490638010441, 54.04810235790684914 ) ) ;
#229 = CARTESIAN_POINT ( 'NONE',  ( 0.001374604310933766555, 9.753057757220185309, 53.39671439085328331 ) ) ;
#230 = CARTESIAN_POINT ( 'NONE',  ( -5.488306525288177973, 4.092890262031847470, 7.858447846022570182 ) ) ;
#231 = CARTESIAN_POINT ( 'NONE',  ( -2.279819537123342954, 9.634973045008948134, 51.47690914935274975 ) ) ;
#232 = CARTESIAN_POINT ( 'NONE',  ( -5.464834764492690233, 5.003366455518602152, 50.95933768168647049 ) ) ;
#233 = CARTESIAN_POINT ( 'NONE',  ( -1.343340499553105083, 8.616618162179852547, -3.580697623596722501 ) ) ;
#234 = CARTESIAN_POINT ( 'NONE',  ( -0.1660981881554950690, 8.725042246944045843, 54.87988748250746340 ) ) ;
#235 = CARTESIAN_POINT ( 'NONE',  ( -2.774319809958299299, 9.430990233256277833, 51.18426513899416364 ) ) ;
#236 = CARTESIAN_POINT ( 'NONE',  ( -0.02089506374627903701, 6.382648818145363556, 56.68829449484622529 ) ) ;
#237 = CARTESIAN_POINT ( 'NONE',  ( -5.883347441765629071, 3.988646588841826102, 55.30765136534769510 ) ) ;
#238 = CARTESIAN_POINT ( 'NONE',  ( -4.153056406496483000, 8.347909143991957492, 50.89649943114812203 ) ) ;
#239 = CARTESIAN_POINT ( 'NONE',  ( -0.3830315995502394655, 10.38479966017811584, 51.42195511234807981 ) ) ;
#240 = CARTESIAN_POINT ( 'NONE',  ( -4.409683303493390660, 7.403787349598069056, 52.03919500102391993 ) ) ;
#241 = CARTESIAN_POINT ( 'NONE',  ( -0.9180042245222369557, 9.817956623064590715, 52.79943762912549232 ) ) ;
#242 = CARTESIAN_POINT ( 'NONE',  ( -4.064072483522608081, 8.740794234302423860, 48.53855410160085171 ) ) ;
#243 = CARTESIAN_POINT ( 'NONE',  ( -4.972077920060113954, 4.843688470618269903, 52.44251542721475090 ) ) ;
#244 = CARTESIAN_POINT ( 'NONE',  ( 0.000000000000000000, 11.02787763722878012, 31.92476802535837876 ) ) ;
#245 = CARTESIAN_POINT ( 'NONE',  ( -0.003977885823205168543, 10.09727211110339518, 50.95933768168647049 ) ) ;
#246 = CARTESIAN_POINT ( 'NONE',  ( -0.6358255266932264504, 7.361739012045861230, -8.670031987919143646 ) ) ;
#247 = CARTESIAN_POINT ( 'NONE',  ( -2.703028220904986512, 7.938948752659999109, 53.91796118326043086 ) ) ;
#248 = CARTESIAN_POINT ( 'NONE',  ( -0.006427780479013562448, 10.21906573548376684, 52.20478829317370639 ) ) ;
#249 = CARTESIAN_POINT ( 'NONE',  ( -4.719437940021326661, 6.893452742580929993, 52.04344233170640877 ) ) ;
#250 = CARTESIAN_POINT ( 'NONE',  ( -0.4031878547811859059, 3.818471338534092485, 57.60272015732129347 ) ) ;
#251 = CARTESIAN_POINT ( 'NONE',  ( -2.370032093627711056, 8.518081601461860330, 52.70447750610667725 ) ) ;
#252 = CARTESIAN_POINT ( 'NONE',  ( -5.336585739254276817, 6.439010835556378431, 48.50982357043740478 ) ) ;
#253 = CARTESIAN_POINT ( 'NONE',  ( 0.05686878942156816524, 10.09363203182308055, 52.59209626635507107 ) ) ;
#254 = CARTESIAN_POINT ( 'NONE',  ( -0.3852429513817638984, 8.851089410830891069, -3.557326324244656668 ) ) ;
#255 = CARTESIAN_POINT ( 'NONE',  ( -3.273287487708056442, 7.575201451812783482, 53.66658417988634966 ) ) ;
#256 =( GEOMETRIC_REPRESENTATION_CONTEXT ( 3 ) GLOBAL_UNCERTAINTY_ASSIGNED_CONTEXT ( ( #6731 ) ) GLOBAL_UNIT_ASSIGNED_CONTEXT ( ( #8230, #7460, #4798 ) ) REPRESENTATION_CONTEXT ( 'NONE', 'WORKASPACE' ) );
#257 = CARTESIAN_POINT ( 'NONE',  ( -0.04185999571420513654, 9.906089111144936510, 53.07085807284435930 ) ) ;
#258 = CARTESIAN_POINT ( 'NONE',  ( -4.848616774103022387, 4.886191186936639674, 53.79721443095200328 ) ) ;
#259 = CARTESIAN_POINT ( 'NONE',  ( -4.581818708382193961, 5.959659525655039758, 53.35647418163376443 ) ) ;
#260 = CARTESIAN_POINT ( 'NONE',  ( -1.217531301446717729, 6.633227933879155103, 56.17648789272143262 ) ) ;
#261 = CARTESIAN_POINT ( 'NONE',  ( -5.386378715973138220, 5.533310857930805682, 51.73423335779904164 ) ) ;
#262 = CARTESIAN_POINT ( 'NONE',  ( -3.476853548609272426, 5.926833370005052615, -6.571413731595756147 ) ) ;
#263 = CARTESIAN_POINT ( 'NONE',  ( 0.01369441504932109033, 10.21908266199786297, 52.20435081871287508 ) ) ;
#264 = CARTESIAN_POINT ( 'NONE',  ( -5.030348674823332367, 4.699733497023325768, 53.56848159756098227 ) ) ;
#265 = CARTESIAN_POINT ( 'NONE',  ( -5.506027248910527305, 2.471069095593724008, 12.43895544982145651 ) ) ;
#266 = CARTESIAN_POINT ( 'NONE',  ( -1.831595141014383143, 9.072793837442027609, 52.35449413523006967 ) ) ;
#267 = CARTESIAN_POINT ( 'NONE',  ( 0.003410424635423394031, 10.37232388310463094, 51.61358282219195104 ) ) ;
#268 = ORIENTED_EDGE ( 'NONE', *, *, #746, .T. ) ;
#269 = CARTESIAN_POINT ( 'NONE',  ( -5.582519898122027868, 3.328761355439563641, 53.02685935792907657 ) ) ;
#270 = CARTESIAN_POINT ( 'NONE',  ( -3.665726410564245530, 7.432228610503661237, 53.30663763217943085 ) ) ;
#271 = CARTESIAN_POINT ( 'NONE',  ( -0.3013935235197031104, 5.558169159490422118, 57.05705906290239682 ) ) ;
#272 = CARTESIAN_POINT ( 'NONE',  ( -5.124217353382382711, 5.958026341795195080, 52.14189505877929065 ) ) ;
#273 = CARTESIAN_POINT ( 'NONE',  ( -0.01351511244640347248, 8.141699426285008201, 55.47808686977712256 ) ) ;
#274 = CARTESIAN_POINT ( 'NONE',  ( -5.277260619516900064, 3.802256703890162459, -1.874903564512663934 ) ) ;
#275 = CARTESIAN_POINT ( 'NONE',  ( -1.859055176455588709, 8.552050756557587619, 54.01740489767372111 ) ) ;
#276 = CARTESIAN_POINT ( 'NONE',  ( -1.507646195281876489, 9.801805347304833660, 50.60200070028727737 ) ) ;
#277 = CARTESIAN_POINT ( 'NONE',  ( -0.1744479621019738858, 9.621818296340409304, 53.62205580831904683 ) ) ;
#278 = CARTESIAN_POINT ( 'NONE',  ( -2.797681804423837182, 9.484887517735351992, 50.97930805696838519 ) ) ;
#279 = CARTESIAN_POINT ( 'NONE',  ( 0.002295348804046491720, 10.18912039265810066, 52.30212583445705121 ) ) ;
#280 = CARTESIAN_POINT ( 'NONE',  ( -0.003977885823185079578, 3.988646588841826102, 57.19077329144849386 ) ) ;
#281 = CARTESIAN_POINT ( 'NONE',  ( -5.205187664826385507, 6.144095407542352838, 51.63339962295008689 ) ) ;
#282 = CARTESIAN_POINT ( 'NONE',  ( -0.1591448450976798989, 5.591574631687486807, 57.06581901163617232 ) ) ;
#283 = CARTESIAN_POINT ( 'NONE',  ( -4.207118053247249634, 7.156455521524244467, 52.77875857811280014 ) ) ;
#284 = CARTESIAN_POINT ( 'NONE',  ( -0.9031390193486021900, 9.697313095060149379, 53.07634704343035992 ) ) ;
#285 = CARTESIAN_POINT ( 'NONE',  ( -4.002925410501190662, 8.665906431098729712, 6.183613655405524767 ) ) ;
#286 = CARTESIAN_POINT ( 'NONE',  ( -4.894379342749972217, 4.613899391374063796, -3.717030203150490486 ) ) ;
#287 = CARTESIAN_POINT ( 'NONE',  ( -1.462434383211648364E-15, 1.562500000000000000, -14.99999999999999822 ) ) ;
#288 = CARTESIAN_POINT ( 'NONE',  ( -4.726611919540149032, 6.659474830938292733, 50.95933768168647049 ) ) ;
#289 = CARTESIAN_POINT ( 'NONE',  ( -0.8261025074675519830, 9.309331425401440541, 52.96368319470155939 ) ) ;
#290 = CARTESIAN_POINT ( 'NONE',  ( -2.852422983576971216, 8.348912893521196921, 53.22898537364693539 ) ) ;
#291 = CARTESIAN_POINT ( 'NONE',  ( -0.01845147850878817858, 9.006333594344402727, 54.56996284746500692 ) ) ;
#292 = CARTESIAN_POINT ( 'NONE',  ( -4.744467085262131789, 6.918202507693972159, 51.94313213320387490 ) ) ;
#293 = CARTESIAN_POINT ( 'NONE',  ( -1.331255627576814149, 9.299371595407068369, 53.43510871916431881 ) ) ;
#294 = CARTESIAN_POINT ( 'NONE',  ( -0.5140054111313999696, 3.397295561394463093, -15.00000000000000000 ) ) ;
#295 = CARTESIAN_POINT ( 'NONE',  ( -4.693052094753485726, 6.204974433863514882, -0.6082486444236718803 ) ) ;
#296 = CARTESIAN_POINT ( 'NONE',  ( 0.04153686260096664529, 10.30030634651971511, 51.90915560220130942 ) ) ;
#297 = CARTESIAN_POINT ( 'NONE',  ( -0.5724655371651206082, 10.97978382689204047, 34.88694490477757881 ) ) ;
#298 = CARTESIAN_POINT ( 'NONE',  ( -2.853277684781150736, 6.979546056929393671, 54.74725094707323336 ) ) ;
#299 = CARTESIAN_POINT ( 'NONE',  ( -0.04459663333354466075, 9.580080423549924618, 53.71278748019840066 ) ) ;
#300 = CARTESIAN_POINT ( 'NONE',  ( -4.874570266176196931, 4.910109526363254595, 53.72456194611518754 ) ) ;
#301 = CARTESIAN_POINT ( 'NONE',  ( -1.964813061681504935, 3.039874810132549232, 57.42627857349595644 ) ) ;
#302 = CARTESIAN_POINT ( 'NONE',  ( -1.716758120915286678, 9.223971072059047316, 53.17550081864288103 ) ) ;
#303 = CARTESIAN_POINT ( 'NONE',  ( -4.827329463753292416, 5.340995283749361278, 53.44795189387399148 ) ) ;
#304 = CARTESIAN_POINT ( 'NONE',  ( -3.841832308435972454, 6.469077076089148726, -4.257005086090881463 ) ) ;
#305 = CARTESIAN_POINT ( 'NONE',  ( -0.003619116875925120977, 8.438650333426911843, 55.18307101033615680 ) ) ;
#306 = CARTESIAN_POINT ( 'NONE',  ( -2.248716596854817507, 2.736944711338072267, 57.41106146911424446 ) ) ;
#307 = CARTESIAN_POINT ( 'NONE',  ( -0.01682445908161818091, 4.780550180226689427, 57.38485572220089637 ) ) ;
#308 = CARTESIAN_POINT ( 'NONE',  ( -3.197138104664386749, 2.485221931569375542, 57.03326605459955090 ) ) ;
#309 = CARTESIAN_POINT ( 'NONE',  ( -3.885338014794526451, 7.793746573012041878, 52.50761824616046880 ) ) ;
#310 = CARTESIAN_POINT ( 'NONE',  ( -0.5509028607043712222, 10.01542891265814816, 52.60263868429877476 ) ) ;
#311 = CARTESIAN_POINT ( 'NONE',  ( -4.914043062353447233, 5.063479113315723090, 53.51064868445043032 ) ) ;
#312 = CARTESIAN_POINT ( 'NONE',  ( -0.01826833908484945881, 7.130152663411501557, 56.25485841182931068 ) ) ;
#313 = CARTESIAN_POINT ( 'NONE',  ( -4.865573554148578950, 3.443073390566184333, -6.582429704930919279 ) ) ;
#314 = CARTESIAN_POINT ( 'NONE',  ( -3.676159913286716652, 7.977262901140328211, 52.59430680310639872 ) ) ;
#315 = CARTESIAN_POINT ( 'NONE',  ( -1.253224800346709245, 8.041702573633552120, -5.812850889026926815 ) ) ;
#316 = CARTESIAN_POINT ( 'NONE',  ( -0.2649705054345846134, 9.800748448386645606, 53.25765244585620195 ) ) ;
#317 = CARTESIAN_POINT ( 'NONE',  ( -2.459000998352711242, 8.617993883223803664, 53.31053776753296347 ) ) ;
#318 = CARTESIAN_POINT ( 'NONE',  ( -0.01370377682947330512, 3.927341264792082676, 57.61773113893540454 ) ) ;
#319 = DIRECTION ( 'NONE',  ( 3.335730344018426891E-15, 0.000000000000000000, 1.000000000000000000 ) ) ;
#320 = CARTESIAN_POINT ( 'NONE',  ( -5.311753749195195162, 6.225194285400672989, 51.10141175534185720 ) ) ;
#321 = CARTESIAN_POINT ( 'NONE',  ( -0.1316172634796989871, 4.772608316801484563, 57.37912286989305244 ) ) ;
#322 = CARTESIAN_POINT ( 'NONE',  ( -4.076271842597462225, 7.277907858913673422, 52.86278157658049537 ) ) ;
#323 = CARTESIAN_POINT ( 'NONE',  ( -0.7959893600097512900, 9.578124304170795966, 53.39192540912433316 ) ) ;
#324 = CARTESIAN_POINT ( 'NONE',  ( -3.665618195453482997, 7.915076617395806480, -0.6012096584225515850 ) ) ;
#325 = CARTESIAN_POINT ( 'NONE',  ( -5.318452818114673519, 5.398886235828689095, 31.92484470798558860 ) ) ;
#326 = CARTESIAN_POINT ( 'NONE',  ( -0.03226372675353991054, 10.98282347168085948, 37.31649651448636007 ) ) ;
#327 = CARTESIAN_POINT ( 'NONE',  ( -1.178440055576508216, 5.069231073992860992, 57.00904494639596010 ) ) ;
#328 = CARTESIAN_POINT ( 'NONE',  ( -5.446451398240996333, 3.450217402071735773, 50.95933768168646338 ) ) ;
#329 = CARTESIAN_POINT ( 'NONE',  ( -0.8635410583491289760, 11.00176648389430767, 28.18502529894631792 ) ) ;
#330 = CARTESIAN_POINT ( 'NONE',  ( -3.379671477322141016, 9.018222472029778558, 51.09441074346647582 ) ) ;
#331 = CARTESIAN_POINT ( 'NONE',  ( -0.01003896260643016153, 9.752999999868119829, 53.39668106917515900 ) ) ;
#332 = CARTESIAN_POINT ( 'NONE',  ( -4.793144927286726364, 6.966108336983963589, 51.73876642493903688 ) ) ;
#333 = CARTESIAN_POINT ( 'NONE',  ( -1.306533543060375058, 9.150306570820914587, 53.69333408959057863 ) ) ;
#334 = CARTESIAN_POINT ( 'NONE',  ( -1.897493020588450374, 6.964938465565559511, 55.02062135112073094 ) ) ;
#335 = CARTESIAN_POINT ( 'NONE',  ( -4.982758489377037137, 6.625018179976671640, 4.128177203415116736 ) ) ;
#336 = CARTESIAN_POINT ( 'NONE',  ( 0.04209855604772596432, 10.39445792955239511, 51.51369887904770906 ) ) ;
#337 = CARTESIAN_POINT ( 'NONE',  ( -0.4113391540934689949, 8.785749644288660676, 54.14530465265748660 ) ) ;
#338 = CARTESIAN_POINT ( 'NONE',  ( -2.334097638321588342, 5.718212266176818659, 56.10338146798011394 ) ) ;
#339 = CARTESIAN_POINT ( 'NONE',  ( -0.08890222991375779094, 10.27219201449485908, 52.01012472180447332 ) ) ;
#340 = CARTESIAN_POINT ( 'NONE',  ( -4.821528950811334369, 6.079287812411848790, 52.77746920939580377 ) ) ;
#341 = CARTESIAN_POINT ( 'NONE',  ( -1.599415788691997298, 8.666837594727130778, 54.10397192030670510 ) ) ;
#342 = CARTESIAN_POINT ( 'NONE',  ( -4.902321767130619179, 5.412345149754902884, 53.23066877212529846 ) ) ;
#343 = CARTESIAN_POINT ( 'NONE',  ( -4.741594354338060313, 7.856166754452851286, 48.52624101681633562 ) ) ;
#344 = CARTESIAN_POINT ( 'NONE',  ( 0.01024756422405789791, 9.864626799370302734, 53.16444547647755314 ) ) ;
#345 = CARTESIAN_POINT ( 'NONE',  ( -0.3343291440988935270, 10.43730868610781037, 9.116149114215511773 ) ) ;
#346 = CARTESIAN_POINT ( 'NONE',  ( -4.394832957968963782, 4.152558462855586718, 55.14710926873177499 ) ) ;
#347 = CARTESIAN_POINT ( 'NONE',  ( 0.004003744512207258431, 10.37232381127957481, 51.61357077696955997 ) ) ;
#348 = EDGE_LOOP ( 'NONE', ( #601, #3187 ) ) ;
#349 = CARTESIAN_POINT ( 'NONE',  ( -5.425821394728549407, 3.261914150436585835, 53.64603026671403541 ) ) ;
#350 = CARTESIAN_POINT ( 'NONE',  ( -0.4443805739175639147, 9.783669624557179034, 53.21133770808278740 ) ) ;
#351 = CARTESIAN_POINT ( 'NONE',  ( -4.999634762271098154, 5.139600763631828606, 53.25878416921740666 ) ) ;
#352 = CARTESIAN_POINT ( 'NONE',  ( -0.003595619266743516149, 9.305766202619377481, 54.14927196501709261 ) ) ;
#353 = CARTESIAN_POINT ( 'NONE',  ( -2.953347822810354462, 2.645238884697733273, -12.98263968449716366 ) ) ;
#354 = CARTESIAN_POINT ( 'NONE',  ( -3.489960226104946273, 7.640573990211023236, 53.30853471932577037 ) ) ;
#355 = DIRECTION ( 'NONE',  ( 0.000000000000000000, 0.000000000000000000, 1.000000000000000000 ) ) ;
#356 = CARTESIAN_POINT ( 'NONE',  ( -1.162386177177293423, 8.528573519161353644, -4.177831496745519679 ) ) ;
#357 = CARTESIAN_POINT ( 'NONE',  ( -0.1309241346529440853, 9.575221466776580925, 53.71148035659211928 ) ) ;
#358 = CARTESIAN_POINT ( 'NONE',  ( -2.268886326234329953, 8.306564324542137001, 53.92816526701744095 ) ) ;
#359 = CARTESIAN_POINT ( 'NONE',  ( 0.0004518149732121290300, 10.51136192467346575, 50.91782981028570987 ) ) ;
#360 = FACE_OUTER_BOUND ( 'NONE', #3273, .T. ) ;
#361 = CARTESIAN_POINT ( 'NONE',  ( -4.796784722766592957, 5.805023696134020028, 53.09170323051993279 ) ) ;
#362 = CARTESIAN_POINT ( 'NONE',  ( -1.536172654232440538, 7.464610243456687222, 55.38826941943149507 ) ) ;
#363 = CARTESIAN_POINT ( 'NONE',  ( -3.880807620617666487, 6.977627899534095235, 53.49528362926395886 ) ) ;
#364 = CARTESIAN_POINT ( 'NONE',  ( -0.5411559681075014394, 7.359944449031207370, 55.96820802096736003 ) ) ;
#365 = CARTESIAN_POINT ( 'NONE',  ( -5.043880720536544793, 5.653649527556789955, 52.68834285589888822 ) ) ;
#366 = CARTESIAN_POINT ( 'NONE',  ( -3.781483727684233465, 9.049906663132377460, 7.844452936452038116 ) ) ;
#367 = CARTESIAN_POINT ( 'NONE',  ( -5.679849958825712086, 5.356789635007624284, 46.28502718260189397 ) ) ;
#368 = CARTESIAN_POINT ( 'NONE',  ( -0.02977809123503084854, 10.67192646372983589, 46.42805303295923380 ) ) ;
#369 = CARTESIAN_POINT ( 'NONE',  ( -1.992372169949558680, 8.321755832345246517, 54.17425828902907625 ) ) ;
#370 = CARTESIAN_POINT ( 'NONE',  ( -1.066836959092665182, 9.885742232785158734, 50.95933768168646338 ) ) ;
#371 = CARTESIAN_POINT ( 'NONE',  ( -0.7516688774284037144, 9.739427435906705455, 2.021558182788083080 ) ) ;
#372 = CARTESIAN_POINT ( 'NONE',  ( -1.933002331212585467, 6.082972715450285506, 56.13285523848939818 ) ) ;
#373 = CARTESIAN_POINT ( 'NONE',  ( -0.007134762556599050926, 10.34877212916847000, 51.71267488803365353 ) ) ;
#374 = CARTESIAN_POINT ( 'NONE',  ( -1.997629575606399310, 3.481175206615000128, 57.28409481336728959 ) ) ;
#375 = CARTESIAN_POINT ( 'NONE',  ( -1.395270666700615836, 9.642257468716719515, 52.71715676574699927 ) ) ;
#376 = CARTESIAN_POINT ( 'NONE',  ( -2.566056594524301016, 9.581000037429403093, 4.095610648831208955 ) ) ;
#377 = EDGE_CURVE ( 'NONE', #3102, #5040, #1436, .T. ) ;
#378 = CARTESIAN_POINT ( 'NONE',  ( -5.309905319670325419, 6.662506465589157045, 37.30244084070415767 ) ) ;
#379 = CARTESIAN_POINT ( 'NONE',  ( 0.04183579831152923340, 10.34878101421725027, 51.71166536360573218 ) ) ;
#380 = CARTESIAN_POINT ( 'NONE',  ( -0.1359686523649160372, 3.701262562446416382, -15.00000000000000000 ) ) ;
#381 = CARTESIAN_POINT ( 'NONE',  ( -3.242463522582256452, 7.912182477233537625, 53.31039352693137801 ) ) ;
#382 = CARTESIAN_POINT ( 'NONE',  ( -0.04707362067729976146, 9.245051348503842803, 54.23233586497683945 ) ) ;
#383 = CARTESIAN_POINT ( 'NONE',  ( -2.977484518888774634, 4.192297788269797820, 56.48410962509097288 ) ) ;
#384 = CARTESIAN_POINT ( 'NONE',  ( -1.277313742450520762, 6.950185815943894951, 55.92289756742912488 ) ) ;
#385 = CARTESIAN_POINT ( 'NONE',  ( -2.876409317202774041, 3.443568171085476859, 56.89249498967700447 ) ) ;
#386 = CARTESIAN_POINT ( 'NONE',  ( -1.556114481840085828, 3.081320319311955824, 57.26100193205925848 ) ) ;
#387 = CARTESIAN_POINT ( 'NONE',  ( 0.01315375014269228038, 10.45609651368207338, 51.21623928743981224 ) ) ;
#388 = CARTESIAN_POINT ( 'NONE',  ( -0.3017528960066299670, 10.95214188073292050, 39.79879782455535064 ) ) ;
#389 = CARTESIAN_POINT ( 'NONE',  ( -5.232293059307268734, 4.627574541264295682, 53.13510070137843400 ) ) ;
#390 = VERTEX_POINT ( 'NONE', #779 ) ;
#391 = CARTESIAN_POINT ( 'NONE',  ( -5.460898794442495152, 3.477208899503643647, 53.37436372640370053 ) ) ;
#392 = CARTESIAN_POINT ( 'NONE',  ( -0.4494460299516886970, 9.888493685493157770, 52.97950722162622839 ) ) ;
#393 = CARTESIAN_POINT ( 'NONE',  ( -2.474102126096209275, 2.974430722439318941, 57.25440591696483494 ) ) ;
#394 = CARTESIAN_POINT ( 'NONE',  ( 0.006813749458303902662, 10.27376519187937909, 52.00826220907669750 ) ) ;
#395 = CARTESIAN_POINT ( 'NONE',  ( -0.7890410813938509849, 1.670398952464579923, 57.49999999999997868 ) ) ;
#396 = CARTESIAN_POINT ( 'NONE',  ( -3.565579834479291055, 7.784999100271044803, 53.02594690595717708 ) ) ;
#397 = CARTESIAN_POINT ( 'NONE',  ( -1.462434383211648364E-15, 1.562500000000000000, -14.99999999999999822 ) ) ;
#398 = CARTESIAN_POINT ( 'NONE',  ( -0.1787469682197516119, 10.05004121125518779, 52.69226670967989179 ) ) ;
#399 = CARTESIAN_POINT ( 'NONE',  ( -2.328915828253908415, 8.512927887538017657, 53.60186604481955897 ) ) ;
#400 = CARTESIAN_POINT ( 'NONE',  ( 0.001634456016599508286, 10.45609798597589268, 51.21640746368636599 ) ) ;
#401 = CIRCLE ( 'NONE', #6996, 0.09999999999999947820 ) ;
#402 = CARTESIAN_POINT ( 'NONE',  ( -2.352578691201639316, 3.982065040522454691, 56.46265779898418913 ) ) ;
#403 = CARTESIAN_POINT ( 'NONE',  ( -4.694389360940300016, 5.699813990338331138, 53.38622345001567737 ) ) ;
#404 = CARTESIAN_POINT ( 'NONE',  ( -1.752131100876065162, 8.496823014387118178, 54.18042724310641489 ) ) ;
#405 = CARTESIAN_POINT ( 'NONE',  ( -4.051261659566559814, 7.242072919694627409, 52.94535543921387699 ) ) ;
#406 = CARTESIAN_POINT ( 'NONE',  ( -0.6719966777406273239, 9.163468755637028451, 54.12818489611951378 ) ) ;
#407 = CARTESIAN_POINT ( 'NONE',  ( -5.414251621930326941, 5.919143697399493753, 51.09799014325468391 ) ) ;
#408 = CARTESIAN_POINT ( 'NONE',  ( -3.626046023199476220, 7.509840054090124895, 52.39300345047333707 ) ) ;
#409 = CARTESIAN_POINT ( 'NONE',  ( -1.462434383211648364E-15, 1.562500000000000000, -14.99999999999999822 ) ) ;
#410 = CARTESIAN_POINT ( 'NONE',  ( -0.02261794226583294098, 8.130643173181015371, -6.554981571370780635 ) ) ;
#411 = CARTESIAN_POINT ( 'NONE',  ( -2.237427650212686636, 8.871188690789304943, 53.18167420565180947 ) ) ;
#412 = CARTESIAN_POINT ( 'NONE',  ( -3.557911461123144381, 8.347679392853761371, 50.95933768168648470 ) ) ;
#413 = CARTESIAN_POINT ( 'NONE',  ( -1.401902167902815854, 10.61890833836671000, 12.45229336187473734 ) ) ;
#414 = CARTESIAN_POINT ( 'NONE',  ( -3.131876696117111170, 8.974693199195369786, 51.70595541323298505 ) ) ;
#415 = CARTESIAN_POINT ( 'NONE',  ( -0.02427487763848142077, 6.000594773031289186, 56.89290688147310249 ) ) ;
#416 = CARTESIAN_POINT ( 'NONE',  ( -4.320723169516407225, 6.726827533411282367, 53.06520618670460010 ) ) ;
#417 = CARTESIAN_POINT ( 'NONE',  ( -1.205832884784755921, 9.736361259091555809, 52.71229760630667016 ) ) ;
#418 = CARTESIAN_POINT ( 'NONE',  ( -3.301653432890620188, 8.850824178884693083, 50.26414128727538611 ) ) ;
#419 = CARTESIAN_POINT ( 'NONE',  ( -2.997388331151444874, 10.22761847761511866, 28.18547252776039258 ) ) ;
#420 = CARTESIAN_POINT ( 'NONE',  ( -4.890736734659474116, 6.480043610747683758, 2.067549917779290425 ) ) ;
#421 = CARTESIAN_POINT ( 'NONE',  ( 0.07814935630359544361, 10.27377261673260733, 52.00657651299065520 ) ) ;
#422 = CARTESIAN_POINT ( 'NONE',  ( -5.462808970256995522, 2.139927762459628013, -4.364969071561805691 ) ) ;
#423 = CARTESIAN_POINT ( 'NONE',  ( -0.3724239832195354594, 9.452602710391881047, -0.1914517033173217253 ) ) ;
#424 = CARTESIAN_POINT ( 'NONE',  ( -3.292230542345074618, 8.019781328357463934, 53.10718555083631998 ) ) ;
#425 = CARTESIAN_POINT ( 'NONE',  ( -0.04294924937808446835, 9.775449392082007805, 53.35057588459500977 ) ) ;
#426 = CARTESIAN_POINT ( 'NONE',  ( -5.149496330536009303, 4.126045221879836689, 53.75940813390868556 ) ) ;
#427 = CARTESIAN_POINT ( 'NONE',  ( -3.762367515922891759, 5.162461122511136757, 55.22085427145623271 ) ) ;
#428 = CARTESIAN_POINT ( 'NONE',  ( -1.656067912915118789, 9.406790897808477325, 52.90681760758207020 ) ) ;
#429 = CARTESIAN_POINT ( 'NONE',  ( -4.697548232779347188, 5.210933552647695421, 53.81291782731456408 ) ) ;
#430 = CARTESIAN_POINT ( 'NONE',  ( -4.688708607671547846, 7.930050676274715826, 10.78381895511863853 ) ) ;
#431 = CARTESIAN_POINT ( 'NONE',  ( 0.008529747588648630557, 9.753076931859412824, 53.39673626653460303 ) ) ;
#432 = CARTESIAN_POINT ( 'NONE',  ( -0.1034442485483386270, 9.318886413870348662, -1.175857372581877280 ) ) ;
#433 = CARTESIAN_POINT ( 'NONE',  ( -5.299369375629932044, 4.672357381126029274, 52.91433629390852644 ) ) ;
#434 = CARTESIAN_POINT ( 'NONE',  ( -5.487717983823881873, 3.489913573317113382, 53.27125964616610077 ) ) ;
#435 = CARTESIAN_POINT ( 'NONE',  ( -0.4423268593603169041, 9.738894169454601624, 53.30285834208660845 ) ) ;
#436 = CARTESIAN_POINT ( 'NONE',  ( -5.106530514620721384, 5.109771558551966741, 53.03838354502733665 ) ) ;
#437 = CARTESIAN_POINT ( 'NONE',  ( 0.005406760284136675164, 10.52831873200533508, 50.81824456744483598 ) ) ;
#438 = CARTESIAN_POINT ( 'NONE',  ( -5.489589233202691432, 4.512509785355439007, 20.75074985262208571 ) ) ;
#439 = CARTESIAN_POINT ( 'NONE',  ( -1.684100155360574336, 9.726560886790000637, 50.60302313158948806 ) ) ;
#440 = CARTESIAN_POINT ( 'NONE',  ( -0.1827835585755013537, 10.23822767113129117, 52.11038791701599848 ) ) ;
#441 = CARTESIAN_POINT ( 'NONE',  ( -1.087042855113326212, 4.271441924650170918, 57.33444731235337599 ) ) ;
#442 = CARTESIAN_POINT ( 'NONE',  ( -0.01254693352427973911, 8.735578107638204415, 54.88707339881352709 ) ) ;
#443 = CARTESIAN_POINT ( 'NONE',  ( -3.706808997569541742, 3.947250443046170343, 55.43395585594045372 ) ) ;
#444 = CARTESIAN_POINT ( 'NONE',  ( -4.707218200469707625, 5.713480205952741642, 53.34958768792549222 ) ) ;
#445 = CARTESIAN_POINT ( 'NONE',  ( -5.613113590561239263, 3.748421544902768243, 52.57873550256965700 ) ) ;
#446 = CARTESIAN_POINT ( 'NONE',  ( -1.962362500043481006, 9.357752001921513241, 52.63962223743945401 ) ) ;
#447 = CARTESIAN_POINT ( 'NONE',  ( -3.265627951313348376, 6.173399014888428127, 54.99458440460881548 ) ) ;
#448 = CARTESIAN_POINT ( 'NONE',  ( -0.8663187415757597210, 10.16998671597284165, 51.83271073053969502 ) ) ;
#449 = CARTESIAN_POINT ( 'NONE',  ( -4.576480777104976028, 5.203791618364108196, 54.03625199904047349 ) ) ;
#450 = CARTESIAN_POINT ( 'NONE',  ( -3.151268380577468609, 6.660455087333968294, 54.04121715181271668 ) ) ;
#451 = CARTESIAN_POINT ( 'NONE',  ( -4.552940690302703430, 3.926472985732946341, -6.993604740553759136 ) ) ;
#452 = CARTESIAN_POINT ( 'NONE',  ( -0.06213995422739068686, 9.639262347143642273, 52.68107206822691069 ) ) ;
#453 = CARTESIAN_POINT ( 'NONE',  ( -2.478674786960203491, 9.550954494150103002, 51.38124224302551113 ) ) ;
#454 = CARTESIAN_POINT ( 'NONE',  ( -3.826292171838919121, 8.669247933625976898, 50.95933768168650602 ) ) ;
#455 = CARTESIAN_POINT ( 'NONE',  ( -0.8298556439835750309, 8.203485331089011012, -5.808121340098757024 ) ) ;
#456 = CARTESIAN_POINT ( 'NONE',  ( -2.615656936850367043, 8.215438537273991315, 53.68006455081498274 ) ) ;
#457 = CARTESIAN_POINT ( 'NONE',  ( -0.01140242612023151768, 9.419480318287584808, 53.97691324674247682 ) ) ;
#458 = CARTESIAN_POINT ( 'NONE',  ( -3.751445406021348905, 5.890153786102872324, 54.67910070693250191 ) ) ;
#459 = CARTESIAN_POINT ( 'NONE',  ( -1.245063176426824292, 9.938632482245083111, 52.13999562355039075 ) ) ;
#460 = CARTESIAN_POINT ( 'NONE',  ( -2.723447078587466930, 8.075321295525958121, -3.017429475572495523 ) ) ;
#461 = CARTESIAN_POINT ( 'NONE',  ( -3.046064547511951659, 10.24997449551623063, 37.31061418404897978 ) ) ;
#462 = CARTESIAN_POINT ( 'NONE',  ( -5.004668526661038896, 6.134577256542884882, 2.070517126488399473 ) ) ;
#463 = CARTESIAN_POINT ( 'NONE',  ( 0.06036717931752695609, 9.529365773360982672, 53.80352608958732930 ) ) ;
#464 = CARTESIAN_POINT ( 'NONE',  ( -5.499999999936690642, 1.562500000000004441, 34.88867731846247011 ) ) ;
#465 = CARTESIAN_POINT ( 'NONE',  ( -0.6229947513054784336, 9.892505519575447437, 51.53332371919616151 ) ) ;
#466 = CARTESIAN_POINT ( 'NONE',  ( -1.995228769460916984, 5.230207710378008024, 56.56528431750894725 ) ) ;
#467 = CARTESIAN_POINT ( 'NONE',  ( -0.03135214154162417610, 10.39425549192411680, 51.51498310852914386 ) ) ;
#468 = CARTESIAN_POINT ( 'NONE',  ( -5.730260220257858528, 4.215738853461036939, 51.40227123080264704 ) ) ;
#469 = CARTESIAN_POINT ( 'NONE',  ( -2.596420504434131082, 3.766295167521749310, 56.91438084580708789 ) ) ;
#470 = CARTESIAN_POINT ( 'NONE',  ( -1.505167609150288577, 8.663502328807050290, 54.18668746837488470 ) ) ;
#471 = CARTESIAN_POINT ( 'NONE',  ( -2.130705404883289855, 2.867416447604219432, 57.41736411984705768 ) ) ;
#472 = CARTESIAN_POINT ( 'NONE',  ( -4.810658291620887539, 7.497248805352490386, 7.849451118441522546 ) ) ;
#473 = CARTESIAN_POINT ( 'NONE',  ( 0.01471301627703601803, 9.632574829490552659, 53.62440265157157171 ) ) ;
#474 = CARTESIAN_POINT ( 'NONE',  ( -0.3133906586753318346, 10.00234726274562469, 4.077072763914213915 ) ) ;
#475 = CARTESIAN_POINT ( 'NONE',  ( -5.654903565296937273, 4.860473526807307820, 51.19258336574662849 ) ) ;
#476 = EDGE_LOOP ( 'NONE', ( #2760, #5724, #1, #6284 ) ) ;
#477 = CARTESIAN_POINT ( 'NONE',  ( -5.663230374523426036, 3.557542871699919118, 52.49157569850162020 ) ) ;
#478 = CARTESIAN_POINT ( 'NONE',  ( -0.4504653385384849718, 9.908336845785633784, 52.93264573272661977 ) ) ;
#479 = CARTESIAN_POINT ( 'NONE',  ( -4.987563772103635884, 5.129142417646707308, 53.29464392946693607 ) ) ;
#480 = CARTESIAN_POINT ( 'NONE',  ( -0.002642506220907804831, 9.305768777804678038, 54.14929868636651378 ) ) ;
#481 = CARTESIAN_POINT ( 'NONE',  ( -5.320819225615101011, 3.309162494774545049, -3.150547831582634739 ) ) ;
#482 = CARTESIAN_POINT ( 'NONE',  ( -1.711987522667138828, 9.792785247746314425, 50.26014203644187717 ) ) ;
#483 = CARTESIAN_POINT ( 'NONE',  ( -0.1315915936788217555, 9.837872386116691459, 53.21149513289846311 ) ) ;
#484 = CARTESIAN_POINT ( 'NONE',  ( -1.271115326031929671, 5.000373540112662774, 57.00415326997766385 ) ) ;
#485 = CARTESIAN_POINT ( 'NONE',  ( -0.01355469182194231868, 3.927339070009987498, 57.61773696431679070 ) ) ;
#486 = CARTESIAN_POINT ( 'NONE',  ( -4.184362431159993179, 3.912971951515986646, 54.85474974031845363 ) ) ;
#487 = CARTESIAN_POINT ( 'NONE',  ( -4.769549688140667598, 5.903688365896418766, 53.05508471778050961 ) ) ;
#488 = CARTESIAN_POINT ( 'NONE',  ( -5.047648057686254575, 3.452330157768509267, 54.52049867408318562 ) ) ;
#489 = CARTESIAN_POINT ( 'NONE',  ( -1.882785664668130909, 9.065208188428998781, 53.26428825655225552 ) ) ;
#490 = CARTESIAN_POINT ( 'NONE',  ( -1.966586009284083225, 3.963662709262822492, 57.12264630567423751 ) ) ;
#491 = CARTESIAN_POINT ( 'NONE',  ( -0.7106338234861874215, 9.656501500052128151, 53.30231035214540469 ) ) ;
#492 = CARTESIAN_POINT ( 'NONE',  ( -5.374789961934353322, 5.891737820469848508, 51.31244028107261101 ) ) ;
#493 = CARTESIAN_POINT ( 'NONE',  ( -4.049091352291758206, 8.103578159985369567, 50.26654083777564352 ) ) ;
#494 = CARTESIAN_POINT ( 'NONE',  ( -5.062987193298307709, 4.507850741174711295, 52.44801675796373530 ) ) ;
#495 = CARTESIAN_POINT ( 'NONE',  ( -0.02412204769189058365, 10.00703137041067237, 4.074317132372498484 ) ) ;
#496 = CARTESIAN_POINT ( 'NONE',  ( -2.244131498486597653, 8.893573231157601455, 53.13883648630386602 ) ) ;
#497 = DIRECTION ( 'NONE',  ( 0.000000000000000000, 0.000000000000000000, -1.000000000000000000 ) ) ;
#498 = CARTESIAN_POINT ( 'NONE',  ( -1.399653882538311800, 10.51505069948961690, 10.78688194948867896 ) ) ;
#499 = CARTESIAN_POINT ( 'NONE',  ( -2.706201263792153533, 8.476035703348442141, 53.22826182922308647 ) ) ;
#500 = CARTESIAN_POINT ( 'NONE',  ( -0.005722442029088479348, 10.52831464803101902, 50.81833112126678031 ) ) ;
#501 = CARTESIAN_POINT ( 'NONE',  ( -3.091491131013523130, 4.891550596283031460, 56.03661045314597544 ) ) ;
#502 = CARTESIAN_POINT ( 'NONE',  ( -1.161813521140384386, 9.465791052723732335, 53.30300586894110637 ) ) ;
#503 = CARTESIAN_POINT ( 'NONE',  ( -2.306932408419053449, 7.118756395499053369, -6.564804147594656136 ) ) ;
#504 = CARTESIAN_POINT ( 'NONE',  ( -5.325340799667942271, 6.218401496476758439, 36.12836701223677238 ) ) ;
#505 = CARTESIAN_POINT ( 'NONE',  ( 0.06866541413806234728, 9.864768788149060441, 53.16413088222937233 ) ) ;
#506 = CARTESIAN_POINT ( 'NONE',  ( -5.501331470247273536, 1.763293114102564951, -1.902858240277651936 ) ) ;
#507 = CARTESIAN_POINT ( 'NONE',  ( -0.6588089009639572780, 10.63446262790244390, 46.41717654243766589 ) ) ;
#508 = CARTESIAN_POINT ( 'NONE',  ( -3.025021852166965619, 7.836410120083897368, 53.67259579191522789 ) ) ;
#509 = CARTESIAN_POINT ( 'NONE',  ( -0.04285088449247494852, 7.818246781356375408, 55.75054129029603445 ) ) ;
#510 = CARTESIAN_POINT ( 'NONE',  ( -5.376365711496401190, 4.276236845974483280, 53.01678255341435175 ) ) ;
#511 = CARTESIAN_POINT ( 'NONE',  ( -4.351886891508655708, 5.943565243965943878, 53.76995116056054513 ) ) ;
#512 = CARTESIAN_POINT ( 'NONE',  ( -1.713476013006064003, 9.630654266085258541, 52.34887071321979590 ) ) ;
#513 = CARTESIAN_POINT ( 'NONE',  ( -4.832736818934067813, 7.739301019887237842, 33.64164210974062286 ) ) ;
#514 = CARTESIAN_POINT ( 'NONE',  ( 0.01709632436343501080, 9.776211880617610817, 53.35068919166924672 ) ) ;
#515 = CARTESIAN_POINT ( 'NONE',  ( -2.098488812743535728E-32, 1.562500000000000000, 57.50000000000000000 ) ) ;
#516 = CARTESIAN_POINT ( 'NONE',  ( -5.023652866342666279, 4.468465930985725088, 53.77650607423404949 ) ) ;
#517 = VERTEX_POINT ( 'NONE', #5381 ) ;
#518 = CARTESIAN_POINT ( 'NONE',  ( -0.5896376490248650404, 10.42845031385501819, 51.02631123891546139 ) ) ;
#519 = CARTESIAN_POINT ( 'NONE',  ( -5.224819191706981947, 5.428434132067787132, 52.42248177083148875 ) ) ;
#520 = CARTESIAN_POINT ( 'NONE',  ( 0.007428721703910796080, 10.39446266706374722, 51.51435622316033403 ) ) ;
#521 = CARTESIAN_POINT ( 'NONE',  ( -5.547674472595498507, 2.844439778727590795, 48.47288431608490811 ) ) ;
#522 = CARTESIAN_POINT ( 'NONE',  ( -1.916176121131025312, 10.72876983629253544, 33.64208418561822356 ) ) ;
#523 = CARTESIAN_POINT ( 'NONE',  ( -1.373221616393075273, 5.341575671840072204, 56.81289701023423078 ) ) ;
#524 = CARTESIAN_POINT ( 'NONE',  ( -0.007146491144179309592, 9.245890543510720150, 54.23340548999613731 ) ) ;
#525 = CARTESIAN_POINT ( 'NONE',  ( -4.762434137593397843, 2.960733108371216282, 55.34740954467060448 ) ) ;
#526 = CARTESIAN_POINT ( 'NONE',  ( -4.663176934489849934, 5.920806793627613196, 53.24384806179971719 ) ) ;
#527 = CARTESIAN_POINT ( 'NONE',  ( -5.154377273923492098, 3.513598985545286713, 54.23252002347782508 ) ) ;
#528 = CARTESIAN_POINT ( 'NONE',  ( -1.922653938993839962, 9.218353667243334826, 52.95758168072514138 ) ) ;
#529 = CARTESIAN_POINT ( 'NONE',  ( -3.379103250865394426, 6.710171472035116658, 54.42114324373716272 ) ) ;
#530 = CARTESIAN_POINT ( 'NONE',  ( -0.6929239759016672107, 9.437688870802723784, 53.70127778353207049 ) ) ;
#531 = CARTESIAN_POINT ( 'NONE',  ( -5.069888045646903763, 5.674050465891926187, 52.60379201116939640 ) ) ;
#532 = CARTESIAN_POINT ( 'NONE',  ( -3.364381201213469286, 6.755457072899700321, -5.036198771963769971 ) ) ;
#533 = CARTESIAN_POINT ( 'NONE',  ( -4.824477131765857685, 4.325126053344964916, 53.28440536690757767 ) ) ;
#534 = CARTESIAN_POINT ( 'NONE',  ( -2.098488812743535728E-32, 1.562500000000000000, 57.50000000000000000 ) ) ;
#535 = CARTESIAN_POINT ( 'NONE',  ( -2.185721089888239099, 9.040886918735296263, 52.96290952817533082 ) ) ;
#536 = LINE ( 'NONE', #4461, #2205 ) ;
#537 = CARTESIAN_POINT ( 'NONE',  ( -0.8643691922595512223, 9.228011943569216058, -1.182737261964459829 ) ) ;
#538 = CARTESIAN_POINT ( 'NONE',  ( -3.232978376937459597, 9.178644018856081388, 50.98830624117861987 ) ) ;
#539 = CARTESIAN_POINT ( 'NONE',  ( -0.01897118330523839616, 4.780562883504162919, 57.38475258708473348 ) ) ;
#540 = CARTESIAN_POINT ( 'NONE',  ( -3.801165657631904615, 7.832172810148444242, 52.59689875066342069 ) ) ;
#541 = CARTESIAN_POINT ( 'NONE',  ( -3.903925859503821982, 6.409729684321728627, 54.01839373107015518 ) ) ;
#542 = CARTESIAN_POINT ( 'NONE',  ( -1.308571858891822703, 10.21856820019778134, 51.04315640320322700 ) ) ;
#543 = CARTESIAN_POINT ( 'NONE',  ( -2.781061562689453925, 8.210540359427380253, -2.412891585871363986 ) ) ;
#544 = CARTESIAN_POINT ( 'NONE',  ( -5.305377865948408100, 6.156812384362905455, 15.73633242836522683 ) ) ;
#545 = CARTESIAN_POINT ( 'NONE',  ( 0.06317412163079735854, 10.52831277481736372, 50.81775055357594795 ) ) ;
#546 = CARTESIAN_POINT ( 'NONE',  ( -4.888035760968211463, 1.714878388152174971, -8.585096700438617390 ) ) ;
#547 = CARTESIAN_POINT ( 'NONE',  ( -0.5170427962812667033, 9.918983904494250936, 51.53132215967576002 ) ) ;
#548 = CARTESIAN_POINT ( 'NONE',  ( -3.589267243598850854, 8.569463624074064256, 51.71811744560041291 ) ) ;
#549 = CARTESIAN_POINT ( 'NONE',  ( -0.04417557885588751371, 10.45564638737527829, 51.21697437038159251 ) ) ;
#550 = CARTESIAN_POINT ( 'NONE',  ( -5.567777226468020757, 4.371533904804991266, 52.22741174372296058 ) ) ;
#551 = CARTESIAN_POINT ( 'NONE',  ( -5.091991557078959119, 4.981690623785455685, 53.18184400106773069 ) ) ;
#552 = CARTESIAN_POINT ( 'NONE',  ( -4.509037563034227425, 6.137390421169092392, 53.32366582911267727 ) ) ;
#553 = CARTESIAN_POINT ( 'NONE',  ( -1.515863491205309055, 8.721493649041205387, 54.10588914183101394 ) ) ;
#554 = PRODUCT_RELATED_PRODUCT_CATEGORY ( 'part', '', ( #7399 ) ) ;
#555 = B_SPLINE_CURVE_WITH_KNOTS ( 'NONE', 3,
 ( #5362, #6086, #2780, #4199, #7422, #149, #5402, #758, #2822, #5445, #1411, #6730, #8028, #4114, #110, #6818, #3511, #2229, #193, #843, #8071, #7986, #2139, #7465, #2184, #4761, #2741, #7379, #6774, #2908, #3424, #932, #6003, #4070, #5532, #7292, #3383, #6130, #6174, #1497, #3469, #7335, #8156, #8115 ),
 .UNSPECIFIED., .F., .F.,
 ( 4, 2, 2, 2, 2, 2, 2, 2, 2, 2, 2, 2, 2, 2, 2, 2, 2, 2, 2, 2, 2, 4 ),
 ( 0.000000000000000000, 0.01270088761557184968, 0.02540177523114369937, 0.03175221903892978120, 0.03810266284671587345, 0.05080355046228805099, 0.06350443807786022854, 0.06985488188564657752, 0.07303010378953973813, 0.07620532569343289875, 0.1016071009245802792, 0.1143079885401539764, 0.1206584323479408249, 0.1270088761557276735, 0.1397097637713013707, 0.1460602075790882193, 0.1524106513868750679, 0.1651115390024493756, 0.1778124266180236834, 0.1905133142335980190, 0.1968637580413854782, 0.2032142018491729651 ),
 .UNSPECIFIED. ) ;
#556 = CARTESIAN_POINT ( 'NONE',  ( -4.643658122986823678, 7.215492773010064198, 50.26894038827582278 ) ) ;
#557 = CARTESIAN_POINT ( 'NONE',  ( 0.01929478533679928470, 9.906787323244175880, 53.07043884208879803 ) ) ;
#558 = CARTESIAN_POINT ( 'NONE',  ( -0.4161656758342608953, 10.33998630522616580, 7.834456572473108338 ) ) ;
#559 = CARTESIAN_POINT ( 'NONE',  ( -5.432838388514595884, 4.749435700096700685, 52.41552717679540052 ) ) ;
#560 = CARTESIAN_POINT ( 'NONE',  ( -2.755649724638137954, 6.044720646258317842, 55.57625009296359764 ) ) ;
#561 = VERTEX_POINT ( 'NONE', #216 ) ;
#562 = CARTESIAN_POINT ( 'NONE',  ( -0.3287737288568345351, 8.968956172626473489, 54.55668607862167363 ) ) ;
#563 = CARTESIAN_POINT ( 'NONE',  ( -4.877031124298414788, 5.147967161032704908, 53.51401829405088506 ) ) ;
#564 = CARTESIAN_POINT ( 'NONE',  ( 0.005335553265831250065, 9.885982495963768102, 53.11762476828477020 ) ) ;
#565 = CARTESIAN_POINT ( 'NONE',  ( -5.362542578817046213, 2.812473557588339279, 52.47552341170886336 ) ) ;
#566 = CARTESIAN_POINT ( 'NONE',  ( -1.462434383211648364E-15, 1.562500000000000000, -14.99999999999999822 ) ) ;
#567 = CARTESIAN_POINT ( 'NONE',  ( -1.809635988757472225, 6.914654171143291173, 55.64263466870834662 ) ) ;
#568 = CARTESIAN_POINT ( 'NONE',  ( -0.0007515227882008215787, 9.776164737995681975, 53.35066452208491228 ) ) ;
#569 = CARTESIAN_POINT ( 'NONE',  ( -0.8287769201478060177, 3.988646588842020169, 57.47626713564291379 ) ) ;
#570 = CARTESIAN_POINT ( 'NONE',  ( -4.714879590140911070, 5.975497844678052672, 53.09485923753867809 ) ) ;
#571 = CARTESIAN_POINT ( 'NONE',  ( -5.416363025752716887, 3.659687716559278048, 53.38161316855540406 ) ) ;
#572 = CARTESIAN_POINT ( 'NONE',  ( -1.816296252303601921, 9.211151952880882732, 53.08899804915960630 ) ) ;
#573 = CARTESIAN_POINT ( 'NONE',  ( -4.160307490553808663, 7.697217829189483496, 52.13271814972770812 ) ) ;
#574 = CARTESIAN_POINT ( 'NONE',  ( -0.6571544260257318193, 10.11797650462180620, 52.21963335889395807 ) ) ;
#575 = CARTESIAN_POINT ( 'NONE',  ( -4.425810752437083551, 5.158858026118244844, 54.33316096874283119 ) ) ;
#576 = CARTESIAN_POINT ( 'NONE',  ( -5.566623628168726690, 4.831913373355420482, 48.49340612405851658 ) ) ;
#577 = CARTESIAN_POINT ( 'NONE',  ( -0.04054866174129981293, 10.66668632446439169, 12.45401302978097924 ) ) ;
#578 = CARTESIAN_POINT ( 'NONE',  ( -1.467718098760775636, 6.453495774469280910, 56.16184089587799377 ) ) ;
#579 = CARTESIAN_POINT ( 'NONE',  ( -1.140746595751985781, 10.29136320798872894, 50.95933768168646338 ) ) ;
#580 = CARTESIAN_POINT ( 'NONE',  ( -1.415875440209745761, 10.78264124395689194, 42.67714793908106685 ) ) ;
#581 = CARTESIAN_POINT ( 'NONE',  ( -2.481775393111497419, 8.389227732391399073, 53.60045026090780595 ) ) ;
#582 = CARTESIAN_POINT ( 'NONE',  ( -0.01335166804130170394, 9.245845281620130862, 54.23324372225712153 ) ) ;
#583 = CARTESIAN_POINT ( 'NONE',  ( -3.070291901751160957, 6.402013172251725948, 55.01021862965568232 ) ) ;
#584 = CARTESIAN_POINT ( 'NONE',  ( -4.032937394470536674, 6.610141121291515098, 53.64041698209255316 ) ) ;
#585 = CARTESIAN_POINT ( 'NONE',  ( -1.318727874639863185, 10.25971868516552732, 50.84130640840473347 ) ) ;
#586 = CARTESIAN_POINT ( 'NONE',  ( -3.343042406290738011, 8.923135392028205715, 49.94152666746438740 ) ) ;
#587 = CARTESIAN_POINT ( 'NONE',  ( -5.220711559021053993, 6.501316472714235850, 12.44449194161716399 ) ) ;
#588 = CARTESIAN_POINT ( 'NONE',  ( 0.06517722334125822248, 9.729565537610177728, 53.44276163977692562 ) ) ;
#589 = CARTESIAN_POINT ( 'NONE',  ( -5.500000000070169648, 1.562499999999997113, 37.29278143493318254 ) ) ;
#590 = CARTESIAN_POINT ( 'NONE',  ( -0.3158661409977028822, 5.484323928400418602, -13.06656532754761102 ) ) ;
#591 = CARTESIAN_POINT ( 'NONE',  ( -3.139941311049606831, 8.110520990462502411, 53.18871403716813973 ) ) ;
#592 = CARTESIAN_POINT ( 'NONE',  ( -0.03091169730057247850, 4.780494172959826038, 57.38418117474823532 ) ) ;
#593 = CARTESIAN_POINT ( 'NONE',  ( -5.314710317609051771, 4.238251999017974114, 53.22851852534318340 ) ) ;
#594 = CARTESIAN_POINT ( 'NONE',  ( -4.935393919725347800, 4.848778160796396897, 53.64808812610419864 ) ) ;
#595 = CARTESIAN_POINT ( 'NONE',  ( -4.549899971618557970, 6.450963185259010579, 52.94338731970191247 ) ) ;
#596 = CARTESIAN_POINT ( 'NONE',  ( -0.8106484921560109802, 4.891389551643091416, 57.18704242609273791 ) ) ;
#597 = CARTESIAN_POINT ( 'NONE',  ( -4.616658693843855410, 7.141767924427063541, 2.061615500361069220 ) ) ;
#598 = CARTESIAN_POINT ( 'NONE',  ( 0.02049292351703015796, 9.985846381981362541, 52.88067691112459556 ) ) ;
#599 = CARTESIAN_POINT ( 'NONE',  ( -0.2772409907781293037, 9.860775327018927783, 51.93032382628064170 ) ) ;
#600 = CARTESIAN_POINT ( 'NONE',  ( -3.457765411056765270, 7.576248368814192169, 53.42733955757407216 ) ) ;
#601 = ORIENTED_EDGE ( 'NONE', *, *, #7001, .F. ) ;
#602 = CARTESIAN_POINT ( 'NONE',  ( -5.373950616000946923, 5.406446761591839234, 51.93972639019740711 ) ) ;
#603 = CARTESIAN_POINT ( 'NONE',  ( -0.008137375076971688215, 8.735586134733132724, 54.88728479389833126 ) ) ;
#604 = CARTESIAN_POINT ( 'NONE',  ( -2.677407664262408282, 1.761405606010845171, 57.21947940373687658 ) ) ;
#605 = CARTESIAN_POINT ( 'NONE',  ( -1.833830874730359994, 9.177973756856802723, -0.1928664680802761044 ) ) ;
#606 = CARTESIAN_POINT ( 'NONE',  ( -0.8957282895816074397, 3.962795420815405034, 57.47821870397721256 ) ) ;
#607 = CARTESIAN_POINT ( 'NONE',  ( -0.005276291406224388122, 9.363665285016065098, 54.06373920675308398 ) ) ;
#608 = CARTESIAN_POINT ( 'NONE',  ( -0.003977885823183986702, 3.988646588841846974, 57.19077329144847965 ) ) ;
#609 = CARTESIAN_POINT ( 'NONE',  ( -3.746269828323716578, 4.811374306458672478, 55.48218895606516554 ) ) ;
#610 = CARTESIAN_POINT ( 'NONE',  ( -5.760857043151306200, 3.582574478871189072, 51.82199678327027925 ) ) ;
#611 = CARTESIAN_POINT ( 'NONE',  ( -0.8998761548021662060, 4.833127060647129269, 57.18273374913793816 ) ) ;
#612 = CARTESIAN_POINT ( 'NONE',  ( -3.687597436387458405, 7.299992326384944441, 53.42310932703987447 ) ) ;
#613 = CARTESIAN_POINT ( 'NONE',  ( -0.7572188769242625961, 10.11712945818668885, 52.12490155497265221 ) ) ;
#614 = CARTESIAN_POINT ( 'NONE',  ( -5.401631999783152338, 6.036017157475207284, 50.99192588683828120 ) ) ;
#615 = CARTESIAN_POINT ( 'NONE',  ( -2.753171457635682273, 9.340656193346603686, 49.94188296556431084 ) ) ;
#616 = CARTESIAN_POINT ( 'NONE',  ( -4.968909026922057492, 4.050670276638761003, 53.11498090414885809 ) ) ;
#617 = CARTESIAN_POINT ( 'NONE',  ( -0.05927196710582306738, 8.747466929993089835, -4.150840500377791287 ) ) ;
#618 = CARTESIAN_POINT ( 'NONE',  ( -2.230930791087524678, 9.182060561689453948, 52.64739933089438750 ) ) ;
#619 = DIRECTION ( 'NONE',  ( -0.000000000000000000, -0.000000000000000000, -1.000000000000000000 ) ) ;
#620 = CARTESIAN_POINT ( 'NONE',  ( -1.550326491075804114, 10.48550084802154636, 46.40249328023388387 ) ) ;
#621 = CARTESIAN_POINT ( 'NONE',  ( 0.003496542223367469105, 9.947144928056504298, 52.97603762843420583 ) ) ;
#622 = CARTESIAN_POINT ( 'NONE',  ( -2.535978789181518867, 8.555519669260307936, 53.31078018062993351 ) ) ;
#623 = CARTESIAN_POINT ( 'NONE',  ( -0.002692518162763280799, 10.52831997696523025, 50.81830917580377616 ) ) ;
#624 = CARTESIAN_POINT ( 'NONE',  ( -3.176436626733558644, 6.625194452539846068, 54.72515581981339494 ) ) ;
#625 = VECTOR ( 'NONE', #6214, 39.37007874015748143 ) ;
#626 = CARTESIAN_POINT ( 'NONE',  ( -4.724865617513241745, 7.463056530773299002, 51.10870102196177100 ) ) ;
#627 = CARTESIAN_POINT ( 'NONE',  ( -0.8779121171883772501, 9.469750918164889342, 53.52452465713187735 ) ) ;
#628 = CARTESIAN_POINT ( 'NONE',  ( -3.885173744163915810, 9.446158758638347308, 33.64184305332121028 ) ) ;
#629 = CARTESIAN_POINT ( 'NONE',  ( -5.179271919317369743, 6.420429821608957255, 7.852450027635200946 ) ) ;
#630 = CARTESIAN_POINT ( 'NONE',  ( -5.446451398240996333, 3.450217402071735773, 50.95933768168646338 ) ) ;
#631 = CARTESIAN_POINT ( 'NONE',  ( -5.499511258298698024, 1.770944281799909703, 7.864778876542572128 ) ) ;
#632 = CARTESIAN_POINT ( 'NONE',  ( -0.5688291455047977951, 9.537073673913868177, 52.68660883847800847 ) ) ;
#633 = CARTESIAN_POINT ( 'NONE',  ( -3.441914908864563305, 8.708327593771338471, 51.71438549540238938 ) ) ;
#634 = CARTESIAN_POINT ( 'NONE',  ( -0.04298866033884304882, 10.37185765933114467, 51.61436908691501202 ) ) ;
#635 = CARTESIAN_POINT ( 'NONE',  ( -3.870423308004528273, 3.414825544768710142, 56.18597903709085273 ) ) ;
#636 = CARTESIAN_POINT ( 'NONE',  ( -5.139384931963695280, 5.018520568254611902, 53.03612462117109061 ) ) ;
#637 = CARTESIAN_POINT ( 'NONE',  ( -4.406282469155083703, 6.280770368074543697, 53.36465921966784265 ) ) ;
#638 = EDGE_CURVE ( 'NONE', #517, #4441, #1389, .T. ) ;
#639 = CARTESIAN_POINT ( 'NONE',  ( -0.9624168552034830793, 6.799480510027925639, 56.19170408330781896 ) ) ;
#640 = CARTESIAN_POINT ( 'NONE',  ( -1.930504668194326978, 8.202263708943076992, -4.195825494324013860 ) ) ;
#641 = CARTESIAN_POINT ( 'NONE',  ( -3.898142647668660477, 6.051349219729731388, -5.052842962837785556 ) ) ;
#642 = CARTESIAN_POINT ( 'NONE',  ( 0.01822372291952879114, 10.21908411494538171, 52.20424243569720346 ) ) ;
#643 = CARTESIAN_POINT ( 'NONE',  ( -0.2945420463058393556, 10.04994390125205861, 51.11495694223768993 ) ) ;
#644 = CARTESIAN_POINT ( 'NONE',  ( -3.546810384069305044, 7.934762625997411334, 52.85690441598834610 ) ) ;
#645 = CARTESIAN_POINT ( 'NONE',  ( -0.1917445582853876673, 10.50365029235917191, 50.91981951695923669 ) ) ;
#646 = ORIENTED_EDGE ( 'NONE', *, *, #5586, .F. ) ;
#647 = CARTESIAN_POINT ( 'NONE',  ( -5.495392831735138373, 5.480917957231519644, 51.30806803633178248 ) ) ;
#648 = CARTESIAN_POINT ( 'NONE',  ( 0.006662572479124513787, 10.52831860272178766, 50.81823382715328563 ) ) ;
#649 = CARTESIAN_POINT ( 'NONE',  ( -4.049516634318123920, 1.927439295510642747, 56.16578204359921500 ) ) ;
#650 = CARTESIAN_POINT ( 'NONE',  ( -0.8127501141749297053, 5.159914588130695812, -13.05302893350721405 ) ) ;
#651 = CARTESIAN_POINT ( 'NONE',  ( -0.7706548479418967590, 3.592846251346893283, 57.59012714334948413 ) ) ;
#652 = CARTESIAN_POINT ( 'NONE',  ( 0.002015532530849960344, 10.47485060940075030, 51.11689169516080256 ) ) ;
#653 = CARTESIAN_POINT ( 'NONE',  ( -4.424556282189318068, 2.822773224653058577, 55.88398310381470679 ) ) ;
#654 = CARTESIAN_POINT ( 'NONE',  ( -4.995645200824128551, 6.104882517368503514, 52.33518417384880905 ) ) ;
#655 = CARTESIAN_POINT ( 'NONE',  ( -4.251976502746074971, 3.186936210384874624, 55.90891474031716513 ) ) ;
#656 = CARTESIAN_POINT ( 'NONE',  ( -1.343421548135319110, 6.903704296516023575, 55.91911803912174861 ) ) ;
#657 = CARTESIAN_POINT ( 'NONE',  ( -3.710483539424998867, 7.341227925611026883, 53.34503843516011301 ) ) ;
#658 = CARTESIAN_POINT ( 'NONE',  ( -0.6478127103272949272, 10.02334486275565162, 52.50932591438799335 ) ) ;
#659 = CARTESIAN_POINT ( 'NONE',  ( -4.697794612532694813, 5.454215341484897728, 53.60025132028344075 ) ) ;
#660 = CARTESIAN_POINT ( 'NONE',  ( -2.839283625207623896, 8.728274020285843093, 51.57485607924449766 ) ) ;
#661 = CARTESIAN_POINT ( 'NONE',  ( -3.545674841604821381, 3.004926402194386892, 56.22428512286402480 ) ) ;
#662 = CARTESIAN_POINT ( 'NONE',  ( -0.1964411605302762986, 10.98007579844512271, 37.31618691814753674 ) ) ;
#663 = AXIS2_PLACEMENT_3D ( 'NONE', #7245, #7374, #665 ) ;
#664 = CARTESIAN_POINT ( 'NONE',  ( -2.055115833038854145, 8.946716266057368472, 53.26570558170054426 ) ) ;
#665 = DIRECTION ( 'NONE',  ( -1.000000000000000000, 0.000000000000000000, 0.000000000000000000 ) ) ;
#666 = CARTESIAN_POINT ( 'NONE',  ( -1.046884682268491629, 9.193376309115620870, -1.184113239840977494 ) ) ;
#667 = CARTESIAN_POINT ( 'NONE',  ( 0.001504641433324952230, 9.798716313544590051, 53.30432310672642870 ) ) ;
#668 = CARTESIAN_POINT ( 'NONE',  ( -3.037963406237501829, 9.249749006963254416, 51.19064279953811791 ) ) ;
#669 = CARTESIAN_POINT ( 'NONE',  ( -0.01791760159546837428, 8.438615991087456081, 55.18232949508854546 ) ) ;
#670 = CARTESIAN_POINT ( 'NONE',  ( -3.530282734638322317, 7.353187233864362682, 53.58200368528721924 ) ) ;
#671 = CARTESIAN_POINT ( 'NONE',  ( -3.070229421968769135, 5.302532558319660083, 55.79376628966011964 ) ) ;
#672 = CARTESIAN_POINT ( 'NONE',  ( -1.101976143526118834, 10.28710084205079767, 51.03802907598362992 ) ) ;
#673 = CARTESIAN_POINT ( 'NONE',  ( -3.197842591152110447, 8.370114420436891578, -0.5988633297555117085 ) ) ;
#674 = CARTESIAN_POINT ( 'NONE',  ( -5.349526603466003394, 5.694100770780479159, 9.122244961340918223 ) ) ;
#675 = DIRECTION ( 'NONE',  ( 1.000000000000000000, -0.000000000000000000, -3.335730344018426891E-15 ) ) ;
#676 = CARTESIAN_POINT ( 'NONE',  ( -0.3039778858232012881, 10.03879629643383176, 52.10921762787442191 ) ) ;
#677 = CARTESIAN_POINT ( 'NONE',  ( -0.7583899815702273006, 10.98627986160334125, 31.92477528697082789 ) ) ;
#678 = CARTESIAN_POINT ( 'NONE',  ( -1.365197150087887223, 4.055875410478939180, 57.32082268097785516 ) ) ;
#679 = CARTESIAN_POINT ( 'NONE',  ( -0.02340742898099341593, 4.357775639516246358, 57.51448758867913114 ) ) ;
#680 = AXIS2_PLACEMENT_3D ( 'NONE', #105, #2609, #4584 ) ;
#681 = CARTESIAN_POINT ( 'NONE',  ( -5.342562681623107324, 4.476679348054749319, 52.94805191074766526 ) ) ;
#682 = CARTESIAN_POINT ( 'NONE',  ( -1.922127375734365540, 2.579372683641837138, 57.54060309072826840 ) ) ;
#683 = CARTESIAN_POINT ( 'NONE',  ( -3.085340818695217369, 4.491925287927334587, 56.26600835345389839 ) ) ;
#684 = CARTESIAN_POINT ( 'NONE',  ( -1.536405972733683623, 9.331822175662297880, 53.17338842849366642 ) ) ;
#685 = CARTESIAN_POINT ( 'NONE',  ( -2.198413316783898175, 9.474333201380110481, 50.60609042549611303 ) ) ;
#686 = CARTESIAN_POINT ( 'NONE',  ( -4.545559098296204859, 6.628678171152563969, 51.62289350773405516 ) ) ;
#687 = CARTESIAN_POINT ( 'NONE',  ( 0.02257332346052957558, 10.18912960717747751, 52.30165352757381925 ) ) ;
#688 = CARTESIAN_POINT ( 'NONE',  ( -0.3616943670243785713, 9.951527113662169910, 51.52831982039516845 ) ) ;
#689 = CARTESIAN_POINT ( 'NONE',  ( -3.439821637784930886, 7.730408242608069358, 53.26922238767411244 ) ) ;
#690 = CARTESIAN_POINT ( 'NONE',  ( -0.08677042193422508654, 9.945211393212675333, 52.97679449853432487 ) ) ;
#691 = CARTESIAN_POINT ( 'NONE',  ( -1.358505765192629111, 10.03343211582610550, 50.95933768168647049 ) ) ;
#692 = CARTESIAN_POINT ( 'NONE',  ( -5.395308999755306090, 5.419597164278626700, 51.83658364386023720 ) ) ;
#693 = CARTESIAN_POINT ( 'NONE',  ( -4.484419131476981235, 8.211039188985806092, 9.120137754927172935 ) ) ;
#694 = CARTESIAN_POINT ( 'NONE',  ( 0.004441094293832353011, 9.753065975591320935, 53.39672376537193088 ) ) ;
#695 = CARTESIAN_POINT ( 'NONE',  ( -5.401028219373672279, 2.761350477549179949, -3.763772801854628369 ) ) ;
#696 = CARTESIAN_POINT ( 'NONE',  ( -1.808694838539100402, 9.528263941607212573, 51.13414093218063528 ) ) ;
#697 = CARTESIAN_POINT ( 'NONE',  ( -2.298554019484863709, 8.741491302124655860, 53.30979577675465464 ) ) ;
#698 = CARTESIAN_POINT ( 'NONE',  ( 0.002157951857155539221, 10.45609806802973019, 51.21639866137772401 ) ) ;
#699 = CARTESIAN_POINT ( 'NONE',  ( -0.6061154173773541931, 3.988646588841719076, 57.52408999878787199 ) ) ;
#700 = CARTESIAN_POINT ( 'NONE',  ( -5.793481495550468097, 3.801317698408241519, 51.28952411062445549 ) ) ;
#701 = CARTESIAN_POINT ( 'NONE',  ( -1.990145387316351044, 9.796622161683691488, 51.46787801447376864 ) ) ;
#702 = CARTESIAN_POINT ( 'NONE',  ( -4.336701360782144299, 7.925638581143449102, 51.31709701981353788 ) ) ;
#703 = CARTESIAN_POINT ( 'NONE',  ( -0.6175726586495990933, 9.642796700582520586, 53.39267515590516666 ) ) ;
#704 = CARTESIAN_POINT ( 'NONE',  ( -3.865400045104807170, 4.638171090648426365, 55.46922813446307288 ) ) ;
#705 = CARTESIAN_POINT ( 'NONE',  ( -0.002411649029209217161, 9.475383734421653159, 53.89038418603079350 ) ) ;
#706 = CARTESIAN_POINT ( 'NONE',  ( -2.861993153054308348, 2.799157474947899349, -12.98624938957459918 ) ) ;
#707 = CARTESIAN_POINT ( 'NONE',  ( -0.05165546486955074901, 9.115793139302509118, -2.356826008056432276 ) ) ;
#708 = CARTESIAN_POINT ( 'NONE',  ( -2.192205118589566570, 9.061726334549874196, 52.91845596795527484 ) ) ;
#709 = CARTESIAN_POINT ( 'NONE',  ( -0.3039778858232012881, 10.03879629643383176, 52.10921762787442191 ) ) ;
#710 = CARTESIAN_POINT ( 'NONE',  ( -1.373728889008610343, 9.987694941804008408, 49.94259556176391612 ) ) ;
#711 = CARTESIAN_POINT ( 'NONE',  ( 0.005201962803884888423, 10.21907993755012711, 52.20455403729357613 ) ) ;
#712 = CARTESIAN_POINT ( 'NONE',  ( -1.621658808719382172, 5.548559258337656175, 56.59029953588422046 ) ) ;
#713 = CARTESIAN_POINT ( 'NONE',  ( -0.01392981947226653271, 3.927342772016995998, 57.61772271884371577 ) ) ;
#714 = CARTESIAN_POINT ( 'NONE',  ( -4.183357880709492882, 8.217718541520067532, 51.10599054648411510 ) ) ;
#715 = CARTESIAN_POINT ( 'NONE',  ( -4.312765426956255865, 7.000140862855247725, 52.77957270709281090 ) ) ;
#716 = CARTESIAN_POINT ( 'NONE',  ( -0.8830241288103073405, 9.517432112713350989, 53.43596851099716361 ) ) ;
#717 = CARTESIAN_POINT ( 'NONE',  ( -2.835955307563570837, 7.589988516592168999, -4.221017090933886884 ) ) ;
#718 = CARTESIAN_POINT ( 'NONE',  ( -5.368227340457356611, 5.820256719396887490, 15.73579967244027245 ) ) ;
#719 = CARTESIAN_POINT ( 'NONE',  ( -0.003977885823190875289, 7.784910468631495384, 55.24507557761076271 ) ) ;
#720 = DIRECTION ( 'NONE',  ( -0.000000000000000000, -0.000000000000000000, -1.000000000000000000 ) ) ;
#721 = CARTESIAN_POINT ( 'NONE',  ( -0.6931288742939202274, 9.494614675647033764, 52.68786719535325602 ) ) ;
#722 = CARTESIAN_POINT ( 'NONE',  ( -2.834484937409605276, 7.813868649134697364, 53.91409710095274477 ) ) ;
#723 = CARTESIAN_POINT ( 'NONE',  ( -0.02578441698066546647, 9.305554316594436770, 54.14873092625759909 ) ) ;
#724 = ADVANCED_FACE ( 'NONE', ( #3403 ), #7270, .F. ) ;
#725 = CARTESIAN_POINT ( 'NONE',  ( -5.353365889026175495, 4.483086586380003347, 52.91004544970326862 ) ) ;
#726 = CARTESIAN_POINT ( 'NONE',  ( -5.247806725231434655, 5.094565913001211754, 52.68114123205055677 ) ) ;
#727 = CARTESIAN_POINT ( 'NONE',  ( -4.262619095702611993, 6.094133416496038791, 53.77585903781399423 ) ) ;
#728 = CARTESIAN_POINT ( 'NONE',  ( -0.5410747653979027794, 4.190182562837231117, 57.49197951330414469 ) ) ;
#729 = CARTESIAN_POINT ( 'NONE',  ( -2.386822397504646975, 9.885239088296108534, 48.56112809037175282 ) ) ;
#730 = CARTESIAN_POINT ( 'NONE',  ( -4.860216197252074544, 6.946195450164814211, 49.94027962411508526 ) ) ;
#731 = CARTESIAN_POINT ( 'NONE',  ( 0.02297037154527009975, 10.39446054396421459, 51.51406154984473318 ) ) ;
#732 = CARTESIAN_POINT ( 'NONE',  ( -0.1906835960216710368, 5.521641094804667915, -13.06927260635568899 ) ) ;
#733 = CARTESIAN_POINT ( 'NONE',  ( -3.633613182790299767, 8.085294629917552101, 52.50196559731973878 ) ) ;
#734 = CARTESIAN_POINT ( 'NONE',  ( -0.1397134818657938260, 10.41129333750088470, 51.41734756409255169 ) ) ;
#735 = ORIENTED_EDGE ( 'NONE', *, *, #4697, .T. ) ;
#736 = CARTESIAN_POINT ( 'NONE',  ( -5.342869140634231684, 5.505610181790041580, 51.94042511258216166 ) ) ;
#737 = CARTESIAN_POINT ( 'NONE',  ( -4.499150861260134526, 8.446200574460176469, 31.92481682339391469 ) ) ;
#738 = CARTESIAN_POINT ( 'NONE',  ( -0.01311077305073668313, 4.780516635271292891, 57.38503777737273737 ) ) ;
#739 = CARTESIAN_POINT ( 'NONE',  ( -5.371700572908043370, 2.158770683179377592, 52.77091874911995006 ) ) ;
#740 = CARTESIAN_POINT ( 'NONE',  ( -0.2026035283024303635, 2.162522715749841673, 57.50000000000002132 ) ) ;
#741 = CARTESIAN_POINT ( 'NONE',  ( -2.011856087847314178, 8.036003315294752980, 54.49023423375385988 ) ) ;
#742 = CARTESIAN_POINT ( 'NONE',  ( -0.009455965079232091577, 9.006419907274182179, 54.57027876216579898 ) ) ;
#743 = CARTESIAN_POINT ( 'NONE',  ( -5.452707922320861655, 3.889041298458523865, 53.07745921393811273 ) ) ;
#744 = CARTESIAN_POINT ( 'NONE',  ( -1.922843804317377892, 9.589890325544221383, 52.16331117965941644 ) ) ;
#745 = CARTESIAN_POINT ( 'NONE',  ( -1.506439689525905345, 3.477548932568321316, 57.45058528819941301 ) ) ;
#746 = EDGE_CURVE ( 'NONE', #6109, #1258, #2197, .T. ) ;
#747 = CARTESIAN_POINT ( 'NONE',  ( -0.7677753949227064112, 10.19917981898447401, 51.82983451955094267 ) ) ;
#748 = CARTESIAN_POINT ( 'NONE',  ( -4.915202874390410592, 5.667828133202028162, 52.97367697551722898 ) ) ;
#749 = CARTESIAN_POINT ( 'NONE',  ( 0.002019900980131727770, 9.798717658332575908, 53.30432293820691569 ) ) ;
#750 = CARTESIAN_POINT ( 'NONE',  ( -5.283041859770640336, 4.248986890463556598, 51.66492625766249347 ) ) ;
#751 = CARTESIAN_POINT ( 'NONE',  ( -0.2341786006775009865, 10.55643579493340667, 10.78768099149825410 ) ) ;
#752 = CARTESIAN_POINT ( 'NONE',  ( -2.247821520811673413, 9.548006174255499801, 51.77875479880245990 ) ) ;
#753 = CARTESIAN_POINT ( 'NONE',  ( -0.003977885823341412858, 9.021424205791374717, 54.53698145083811255 ) ) ;
#754 = CARTESIAN_POINT ( 'NONE',  ( -0.8650729318812896418, 7.267218035053063296, -8.667086255405358486 ) ) ;
#755 = CARTESIAN_POINT ( 'NONE',  ( -0.01828338780786609510, 7.474405971200810406, 56.00339208642166966 ) ) ;
#756 = CARTESIAN_POINT ( 'NONE',  ( -2.697191855771935209, 8.988926322638365107, 52.38129961090702125 ) ) ;
#757 = CARTESIAN_POINT ( 'NONE',  ( -0.0006071190887205360574, 10.18912288803424282, 52.30217953898931427 ) ) ;
#758 = CARTESIAN_POINT ( 'NONE',  ( -2.961049337882388777, 3.984236000333265082, 56.59462334066282807 ) ) ;
#759 = CARTESIAN_POINT ( 'NONE',  ( -2.427556167869266091, 5.227795660172666281, 56.32452612377220902 ) ) ;
#760 = CARTESIAN_POINT ( 'NONE',  ( -4.232820519602804588, 7.189240993433575255, 52.69168577921200125 ) ) ;
#761 = CARTESIAN_POINT ( 'NONE',  ( -0.8621546332165540560, 9.316753774791619591, 53.78514155775846461 ) ) ;
#762 = CARTESIAN_POINT ( 'NONE',  ( -3.193563201894932924, 7.997582764813885525, 52.38200078897522616 ) ) ;
#763 = CARTESIAN_POINT ( 'NONE',  ( -2.098488812743535728E-32, 1.562500000000000000, 57.50000000000000000 ) ) ;
#764 = CARTESIAN_POINT ( 'NONE',  ( -0.003977885823185115140, 4.728738987280336481, 56.97120536252261758 ) ) ;
#765 = DIRECTION ( 'NONE',  ( -1.000000000000000000, 0.000000000000000000, 0.000000000000000000 ) ) ;
#766 = CARTESIAN_POINT ( 'NONE',  ( -0.6061662460648622464, 8.711916422359760048, 54.13836548593445741 ) ) ;
#767 = CARTESIAN_POINT ( 'NONE',  ( -3.120938551550664464, 8.066880883525049839, 53.27039697534340235 ) ) ;
#768 = CARTESIAN_POINT ( 'NONE',  ( -0.03427307358727645775, 7.818467823649037918, 55.75103320715344779 ) ) ;
#769 = CARTESIAN_POINT ( 'NONE',  ( -5.676099779036933413, 4.642156251574682813, 51.29840835095659202 ) ) ;
#770 = CARTESIAN_POINT ( 'NONE',  ( -4.738233176900630284, 6.644095166907828975, 52.33510030380622169 ) ) ;
#771 = CARTESIAN_POINT ( 'NONE',  ( -1.691840756582527305, 9.946644495289278964, 51.45852415489223830 ) ) ;
#772 = CARTESIAN_POINT ( 'NONE',  ( -1.462434383211648364E-15, 1.562500000000000000, -14.99999999999999822 ) ) ;
#773 = CARTESIAN_POINT ( 'NONE',  ( -3.929871774896092074, 5.634809682990512769, -5.852263796761698167 ) ) ;
#774 = CARTESIAN_POINT ( 'NONE',  ( 0.03351757455680868386, 9.776255313005904668, 53.35071193121859778 ) ) ;
#775 = CARTESIAN_POINT ( 'NONE',  ( -0.3722909547966390953, 10.03797618226403898, 51.11602271945672982 ) ) ;
#776 = CARTESIAN_POINT ( 'NONE',  ( -2.863632485070169320, 6.628399212281745889, 55.02565146184012690 ) ) ;
#777 = CARTESIAN_POINT ( 'NONE',  ( -0.06017383137628568024, 5.190488625970075098, 57.22721696782404877 ) ) ;
#778 = CARTESIAN_POINT ( 'NONE',  ( -3.810904601955856563, 3.931909377383651982, 55.96288775678537064 ) ) ;
#779 = CARTESIAN_POINT ( 'NONE',  ( -0.003977885822662209636, 3.988646588841838536, 57.60324137038323755 ) ) ;
#780 = CARTESIAN_POINT ( 'NONE',  ( -5.407246565081850420, 5.546545940928844232, 51.62909916242761454 ) ) ;
#781 = CARTESIAN_POINT ( 'NONE',  ( -0.4450509704153974289, 1.995965763359905942, 57.50000000000000000 ) ) ;
#782 = CARTESIAN_POINT ( 'NONE',  ( 0.008860758318325416202, 10.34878379153882832, 51.71237002175653430 ) ) ;
#783 = CARTESIAN_POINT ( 'NONE',  ( -5.517985892498296963, 2.071839032420283555, 42.52652133232194132 ) ) ;
#784 = CARTESIAN_POINT ( 'NONE',  ( -1.918912304428817217, 9.538050180507459785, 2.030459808915415554 ) ) ;
#785 = CARTESIAN_POINT ( 'NONE',  ( 0.0001619098088041380685, 9.776167055215585933, 53.35066578395699111 ) ) ;
#786 = CARTESIAN_POINT ( 'NONE',  ( -4.861249884461290804, 3.532858120716040773, 54.81404900784293943 ) ) ;
#787 = CARTESIAN_POINT ( 'NONE',  ( -1.747640586033525123, 9.352045362135831041, 52.90880120993664804 ) ) ;
#788 = CARTESIAN_POINT ( 'NONE',  ( -3.802639211115433682, 7.499610206657096434, 53.02704029656621998 ) ) ;
#789 = CARTESIAN_POINT ( 'NONE',  ( -0.5737074648254847364, 10.27768027199639178, 51.72506633649072683 ) ) ;
#790 = CARTESIAN_POINT ( 'NONE',  ( -4.683831895617077912, 5.563388824542767175, 53.52999830804369452 ) ) ;
#791 = CARTESIAN_POINT ( 'NONE',  ( -0.01683296819218157644, 7.818656155051255219, 55.75201953900938889 ) ) ;
#792 = CARTESIAN_POINT ( 'NONE',  ( -5.308133203246214293, 4.250889055068591382, 0.4236389351558094152 ) ) ;
#793 = CARTESIAN_POINT ( 'NONE',  ( -0.1436483001567616935, 10.06624434048709205, 51.11282538779958884 ) ) ;
#794 = CARTESIAN_POINT ( 'NONE',  ( -2.190564210811037693, 9.387129427697917805, 52.26945142273530109 ) ) ;
#795 = CARTESIAN_POINT ( 'NONE',  ( -0.003977885822707647248, 7.447471923801690430, 56.02461752716122589 ) ) ;
#796 = CARTESIAN_POINT ( 'NONE',  ( -1.011639029790970090, 8.718786257212626012, -3.572907190479365891 ) ) ;
#797 = CARTESIAN_POINT ( 'NONE',  ( -0.01968353383914670310, 6.382640969466935488, 56.68837149733295888 ) ) ;
#798 = CARTESIAN_POINT ( 'NONE',  ( -2.685594265164832795, 9.223291455642797843, 51.89369982384226887 ) ) ;
#799 = CARTESIAN_POINT ( 'NONE',  ( -0.01603123153929243705, 4.357766801929732203, 57.51479969562673489 ) ) ;
#800 = CARTESIAN_POINT ( 'NONE',  ( -0.3039778858231856895, 5.504147727546331303, 56.79760597302334446 ) ) ;
#801 = CARTESIAN_POINT ( 'NONE',  ( -3.626012021408842045, 7.714320375314321687, 53.02628505361180800 ) ) ;
#802 = CARTESIAN_POINT ( 'NONE',  ( -0.3754285030362947140, 10.26773724049340863, 51.91806178132522831 ) ) ;
#803 = CARTESIAN_POINT ( 'NONE',  ( -2.987242005708544035, 5.401910649841810574, 55.80151763679800325 ) ) ;
#804 = CARTESIAN_POINT ( 'NONE',  ( -0.8402343645045022846, 9.094749352329944969, 54.12309281723812404 ) ) ;
#805 = CARTESIAN_POINT ( 'NONE',  ( -3.430041567895648846, 8.396161492951483396, 51.15758803099983254 ) ) ;
#806 = CARTESIAN_POINT ( 'NONE',  ( -5.559621659720552778, 5.854696369181159099, 39.74739106654900667 ) ) ;
#807 = CARTESIAN_POINT ( 'NONE',  ( -0.003977885823186557562, 5.810300749255647546, 56.53921308940697088 ) ) ;
#808 = LINE ( 'NONE', #7256, #6124 ) ;
#809 = CARTESIAN_POINT ( 'NONE',  ( -0.7991066095582013418, 10.95899681467164122, 34.88697803837262512 ) ) ;
#810 = CARTESIAN_POINT ( 'NONE',  ( -2.684895739117798108, 7.887172937927871885, 53.99741633698791787 ) ) ;
#811 = CARTESIAN_POINT ( 'NONE',  ( -0.03161456844642301228, 10.41519976209872667, 51.41564700953999534 ) ) ;
#812 = CARTESIAN_POINT ( 'NONE',  ( -5.086574598439337791, 4.297255576432780444, 53.76795710407137108 ) ) ;
#813 = CARTESIAN_POINT ( 'NONE',  ( -4.402205339402422979, 6.550535513666027931, 53.10288168092065320 ) ) ;
#814 = CARTESIAN_POINT ( 'NONE',  ( -1.292608369571463856, 7.943666135180413868, 55.11259893144478639 ) ) ;
#815 = CARTESIAN_POINT ( 'NONE',  ( -1.867586164165461415, 8.608950749488128551, 53.13951063306314637 ) ) ;
#816 = CARTESIAN_POINT ( 'NONE',  ( -4.243523069711580220, 6.063537611173084763, -3.678078037563697666 ) ) ;
#817 = CARTESIAN_POINT ( 'NONE',  ( 0.03485667698440399892, 9.843321649266513873, 53.21120949748716811 ) ) ;
#818 = CARTESIAN_POINT ( 'NONE',  ( -0.3943782292558740687, 11.02054152390305752, 20.74935212851038813 ) ) ;
#819 = CARTESIAN_POINT ( 'NONE',  ( -2.707142493534403282, 6.095980274765749662, 55.58024586600016193 ) ) ;
#820 = CARTESIAN_POINT ( 'NONE',  ( -0.08338042955516128396, 7.472568513136984336, 55.99950696789444748 ) ) ;
#821 = CARTESIAN_POINT ( 'NONE',  ( -1.258505765192628578, 10.03343211582610550, 51.25933768168647475 ) ) ;
#822 = CARTESIAN_POINT ( 'NONE',  ( -4.464351356034324425, 5.821943710662488058, 53.68945305534268186 ) ) ;
#823 = CARTESIAN_POINT ( 'NONE',  ( -5.288810705197600548, 5.589606845202673036, 52.04193235603609224 ) ) ;
#824 = CARTESIAN_POINT ( 'NONE',  ( -2.751220126778543218, 5.778994584872591211, -8.639101796524496280 ) ) ;
#825 = CARTESIAN_POINT ( 'NONE',  ( 0.003405896790067012517, 9.682070601649428454, 53.53397482012002229 ) ) ;
#826 = CARTESIAN_POINT ( 'NONE',  ( -5.216683639750414159, 4.844241910905099147, 52.99465746080151973 ) ) ;
#827 = CARTESIAN_POINT ( 'NONE',  ( -5.493098243840771389, 2.185181240813217407, -0.2015319022533782478 ) ) ;
#828 = CARTESIAN_POINT ( 'NONE',  ( -2.327660667157353203, 10.26255777853641327, 46.38944149160786168 ) ) ;
#829 = CARTESIAN_POINT ( 'NONE',  ( -0.01518320727969614016, 4.357758752052533602, 57.51483636308370251 ) ) ;
#830 = CARTESIAN_POINT ( 'NONE',  ( -5.756617659266644260, 4.007227324304264648, 51.40035951544724213 ) ) ;
#831 = CARTESIAN_POINT ( 'NONE',  ( -3.227533512741086685, 6.565593819610830550, 54.72140695475634686 ) ) ;
#832 = CARTESIAN_POINT ( 'NONE',  ( -0.5104926651061196807, 9.336721456953060994, 53.96383498030889569 ) ) ;
#833 = CARTESIAN_POINT ( 'NONE',  ( -4.889456150858656258, 5.767448473934400965, 52.93568313540705361 ) ) ;
#834 = CARTESIAN_POINT ( 'NONE',  ( 0.005327718333376038964, 10.34878408887366952, 51.71244552148727536 ) ) ;
#835 = CARTESIAN_POINT ( 'NONE',  ( -5.251324625910809729, 3.768730775758852403, -2.515411499590083366 ) ) ;
#836 = CARTESIAN_POINT ( 'NONE',  ( -0.2307365143446374611, 10.20240546697742978, 50.25674267323329047 ) ) ;
#837 = CARTESIAN_POINT ( 'NONE',  ( -2.225548249729342398, 9.486509648529793282, 51.97758278754703554 ) ) ;
#838 = CARTESIAN_POINT ( 'NONE',  ( -0.003977885823319373196, 8.473758029964210792, 55.15171254202557805 ) ) ;
#839 = CARTESIAN_POINT ( 'NONE',  ( -1.736442256076148993, 10.45680064712364121, 10.78661560215214088 ) ) ;
#840 = CARTESIAN_POINT ( 'NONE',  ( -0.1586144864844437619, 8.131993821904551112, 55.46971768676247194 ) ) ;
#841 = CARTESIAN_POINT ( 'NONE',  ( -2.541052413442855595, 8.858286605247400303, 52.83752043833149514 ) ) ;
#842 = CARTESIAN_POINT ( 'NONE',  ( 0.002190306525421916849, 10.12738736701983733, 52.49668940742438394 ) ) ;
#843 = CARTESIAN_POINT ( 'NONE',  ( -4.418606737942005758, 3.938961697034791154, 55.26235083471774345 ) ) ;
#844 = CARTESIAN_POINT ( 'NONE',  ( -3.738662785459310633, 7.904717855644386226, 52.59560277688490970 ) ) ;
#845 = CARTESIAN_POINT ( 'NONE',  ( -0.1003164775489794880, 3.921713960243308428, 57.61436702009944355 ) ) ;
#846 = CARTESIAN_POINT ( 'NONE',  ( -3.932509473810366085, 6.753165641904963046, 53.64460277542263356 ) ) ;
#847 = CARTESIAN_POINT ( 'NONE',  ( -0.8201460969987180993, 9.814873302217058892, 52.89063543445602988 ) ) ;
#848 = CARTESIAN_POINT ( 'NONE',  ( -3.700170262257331366, 7.980482663225315854, -0.1951654608200787677 ) ) ;
#849 = CARTESIAN_POINT ( 'NONE',  ( -5.537756778048653850, 5.241946671849228245, 48.49751048565332923 ) ) ;
#850 = CARTESIAN_POINT ( 'NONE',  ( 0.000000000000000000, 10.85456328801900305, 15.74698754686461832 ) ) ;
#851 = FACE_OUTER_BOUND ( 'NONE', #6753, .T. ) ;
#852 = CARTESIAN_POINT ( 'NONE',  ( -0.6538385367566338369, 9.174514469199202438, 53.35085156025466091 ) ) ;
#853 = CARTESIAN_POINT ( 'NONE',  ( -3.183619455139404586, 8.639946819608484319, 52.30165740248706641 ) ) ;
#854 = CARTESIAN_POINT ( 'NONE',  ( -0.01837181152122421487, 10.27370707441137476, 52.00876038882494612 ) ) ;
#855 = DIMENSIONAL_EXPONENTS ( 1.000000000000000000, 0.000000000000000000, 0.000000000000000000, 0.000000000000000000, 0.000000000000000000, 0.000000000000000000, 0.000000000000000000 ) ;
#856 = CARTESIAN_POINT ( 'NONE',  ( -5.184878655818306648, 3.937736610221412636, 53.82214826281786912 ) ) ;
#857 = CARTESIAN_POINT ( 'NONE',  ( -4.668102569455204964, 6.842161554553379155, 52.23912844590280002 ) ) ;
#858 = CARTESIAN_POINT ( 'NONE',  ( -0.6418172450710404320, 5.415609319422905799, 57.03719515312990751 ) ) ;
#859 = CARTESIAN_POINT ( 'NONE',  ( -2.743478020338141032, 10.40377085625421749, 20.74968182423103258 ) ) ;
#860 = CARTESIAN_POINT ( 'NONE',  ( -5.003839550095653621, 7.244468291516243497, 12.44549857648910596 ) ) ;
#861 = CARTESIAN_POINT ( 'NONE',  ( 0.04351515069519814455, 9.475511485568826942, 53.89130444581184776 ) ) ;
#862 = CARTESIAN_POINT ( 'NONE',  ( -0.3305752762556545266, 8.534569626352416449, -4.971009024373874041 ) ) ;
#863 = CARTESIAN_POINT ( 'NONE',  ( -3.650231576689036306, 8.295631563064626235, 52.12042705154461686 ) ) ;
#864 = CARTESIAN_POINT ( 'NONE',  ( -0.1367216603043787115, 10.29592875681246511, 51.91276993715771937 ) ) ;
#865 = VERTEX_POINT ( 'NONE', #691 ) ;
#866 = CARTESIAN_POINT ( 'NONE',  ( -4.633197464862353065, 6.017314554199922227, 53.20879316698621864 ) ) ;
#867 = CARTESIAN_POINT ( 'NONE',  ( -4.788774006122991977, 5.182701773812008028, 53.66303323587254681 ) ) ;
#868 = CARTESIAN_POINT ( 'NONE',  ( -2.469417873674735642, 5.363961346923044715, -9.987531306147481303 ) ) ;
#869 = CARTESIAN_POINT ( 'NONE',  ( 0.008881951232192271395, 10.12739240902056537, 52.49654561026334676 ) ) ;
#870 = CARTESIAN_POINT ( 'NONE',  ( -5.205093766649643960, 4.836018587659899559, 53.03160677345859852 ) ) ;
#871 = CARTESIAN_POINT ( 'NONE',  ( -5.499055287078021159, 1.743247363346245971, 48.45920311076900333 ) ) ;
#872 = CARTESIAN_POINT ( 'NONE',  ( -2.282440565798608212, 10.59224612985632596, 31.92478893880221236 ) ) ;
#873 = CARTESIAN_POINT ( 'NONE',  ( -0.005501845371845996702, 9.305761051679034779, 54.14921852274815706 ) ) ;
#874 = CARTESIAN_POINT ( 'NONE',  ( -5.558478800530983754, 3.319467822458085138, 53.12935153941066346 ) ) ;
#875 = CARTESIAN_POINT ( 'NONE',  ( -3.699532234146195808, 7.492977073712376423, 53.18823043818304086 ) ) ;
#876 = CARTESIAN_POINT ( 'NONE',  ( -0.5761240090572606887, 10.30205295619321681, 51.62587735712896375 ) ) ;
#877 = CARTESIAN_POINT ( 'NONE',  ( -3.825796684422322791, 4.696074798354055169, 55.47356003748975439 ) ) ;
#878 = CARTESIAN_POINT ( 'NONE',  ( 0.005682712064222532160, 10.15916315614009058, 52.39955355260189407 ) ) ;
#879 = CARTESIAN_POINT ( 'NONE',  ( -5.494584482589734975, 4.147000445175185845, 9.123449079291606978 ) ) ;
#880 = CARTESIAN_POINT ( 'NONE',  ( -2.029407515789130478, 9.222090679087999732, 52.82525069027722964 ) ) ;
#881 = APPLICATION_PROTOCOL_DEFINITION ( 'draft international standard', 'automotive_design', 1998, #5168 ) ;
#882 = CARTESIAN_POINT ( 'NONE',  ( -1.401964068805771069, 8.995857155578422137, -1.784418692957567387 ) ) ;
#883 = CARTESIAN_POINT ( 'NONE',  ( -0.2872275414484826705, 10.44003922639189241, 51.22059066563262775 ) ) ;
#884 = CARTESIAN_POINT ( 'NONE',  ( -2.762468571261412986, 9.403594052679878246, 51.28666382268453816 ) ) ;
#885 = CARTESIAN_POINT ( 'NONE',  ( 0.0009962468024063814674, 9.966760799746223753, 52.92858898028462988 ) ) ;
#886 = CARTESIAN_POINT ( 'NONE',  ( -5.883347441765627295, 3.529821156036749841, 51.47862819495634312 ) ) ;
#887 = CARTESIAN_POINT ( 'NONE',  ( -3.494444477783132275, 7.464768705513461278, 53.50508766021348350 ) ) ;
#888 = CARTESIAN_POINT ( 'NONE',  ( -0.3510035036296917932, 9.691664412789954497, 53.43964041544101917 ) ) ;
#889 = CARTESIAN_POINT ( 'NONE',  ( -4.043562695164348852, 6.926464870508542759, 53.30041904625112181 ) ) ;
#890 = CARTESIAN_POINT ( 'NONE',  ( -0.9130560490786641115, 9.778616581853713186, 52.89217219177476181 ) ) ;
#891 = CARTESIAN_POINT ( 'NONE',  ( -3.521182830542433084, 8.316862529128327353, 0.4139763343062539680 ) ) ;
#892 = CARTESIAN_POINT ( 'NONE',  ( -5.351555857483923262, 5.380093318781995038, 33.64140097744362379 ) ) ;
#893 = CARTESIAN_POINT ( 'NONE',  ( -0.002386832916424086112, 2.241116435403191165, 57.50000000000000711 ) ) ;
#894 = CARTESIAN_POINT ( 'NONE',  ( -0.3981377073863574534, 10.06303556927742981, 50.95933768168649181 ) ) ;
#895 = CARTESIAN_POINT ( 'NONE',  ( -0.7112809777746822437, 9.507128169069471113, 0.4076584799046211183 ) ) ;
#896 = CARTESIAN_POINT ( 'NONE',  ( -3.286895802490837237, 8.841510396483354128, 51.71017045431768366 ) ) ;
#897 = CARTESIAN_POINT ( 'NONE',  ( -0.01342112572929532802, 9.475309376139165352, 53.89019080611570445 ) ) ;
#898 = CARTESIAN_POINT ( 'NONE',  ( -4.928661932986488026, 3.766097243563480745, 54.54079205836322330 ) ) ;
#899 = CARTESIAN_POINT ( 'NONE',  ( -4.641882020517459573, 6.815661509323166278, 52.33417102593346470 ) ) ;
#900 = CARTESIAN_POINT ( 'NONE',  ( -1.314889945364907886, 9.201826473247358251, 53.60814686342747137 ) ) ;
#901 = CARTESIAN_POINT ( 'NONE',  ( -1.836947813729350676, 7.298463003313377051, -6.993436078096588737 ) ) ;
#902 = CARTESIAN_POINT ( 'NONE',  ( -4.916088741826622588, 6.066103879951955768, 51.19169290200939315 ) ) ;
#903 = CARTESIAN_POINT ( 'NONE',  ( 0.05045429676377281153, 9.798843810209946881, 53.30430741215120349 ) ) ;
#904 = CARTESIAN_POINT ( 'NONE',  ( -0.5617357321850494634, 10.64418081744677202, 46.41880801601588047 ) ) ;
#905 = CARTESIAN_POINT ( 'NONE',  ( -3.729180255805555788, 8.424698106455245750, 51.72137971381960142 ) ) ;
#906 = CARTESIAN_POINT ( 'NONE',  ( -0.09315531847561910050, 10.49219822754285225, 51.01835751800437180 ) ) ;
#907 = CARTESIAN_POINT ( 'NONE',  ( -4.769174199633770428, 4.812248775236650289, 54.01522435347708750 ) ) ;
#908 = CARTESIAN_POINT ( 'NONE',  ( -5.590296921731052748, 4.163492699197953506, 52.31916117618073514 ) ) ;
#909 = ADVANCED_FACE ( 'NONE', ( #2678 ), #4740, .F. ) ;
#910 = DIRECTION ( 'NONE',  ( -1.000000000000000000, 0.000000000000000000, -0.000000000000000000 ) ) ;
#911 = CARTESIAN_POINT ( 'NONE',  ( -4.410702060236632249, 5.756747928780239221, 53.83767100564992347 ) ) ;
#912 = VECTOR ( 'NONE', #4530, 39.37007874015748143 ) ;
#913 = CARTESIAN_POINT ( 'NONE',  ( -5.447423754294264064, 5.571974617399138019, 51.41658279746364002 ) ) ;
#914 = CARTESIAN_POINT ( 'NONE',  ( -4.667371685945039594, 7.879968073940023743, 9.120438784414892197 ) ) ;
#915 = CARTESIAN_POINT ( 'NONE',  ( 0.01261840082156499149, 9.753087881887857691, 53.39674877491469829 ) ) ;
#916 = CARTESIAN_POINT ( 'NONE',  ( -5.596923662856817749, 5.063842980591690690, 51.30328923579497058 ) ) ;
#917 = CARTESIAN_POINT ( 'NONE',  ( -3.300254250029170500, 1.864642852717213861, -12.96459115910997184 ) ) ;
#918 = CARTESIAN_POINT ( 'NONE',  ( -2.015311937202632464, 9.118052975282497030, -0.1930433136756458945 ) ) ;
#919 = CARTESIAN_POINT ( 'NONE',  ( 0.002657925841958942020, 9.966763597616372650, 52.92856843502651998 ) ) ;
#920 = CARTESIAN_POINT ( 'NONE',  ( -5.859008945379500233, 3.391944451527461712, 50.84811236322531869 ) ) ;
#921 = CARTESIAN_POINT ( 'NONE',  ( -3.012177190082585110, 6.124591654676880381, 55.29123472400829797 ) ) ;
#922 = CARTESIAN_POINT ( 'NONE',  ( -0.6859790553690842119, 10.36591647001630712, 51.22889071838943664 ) ) ;
#923 = CARTESIAN_POINT ( 'NONE',  ( -4.563790108029523118, 5.556607983860409661, 53.75384838042770497 ) ) ;
#924 = CARTESIAN_POINT ( 'NONE',  ( -0.01755296207936444738, 7.130150749134053889, 56.25490475603312746 ) ) ;
#925 = CARTESIAN_POINT ( 'NONE',  ( -5.454795938186864923, 4.206039896998510663, 33.64128041129513491 ) ) ;
#926 = CARTESIAN_POINT ( 'NONE',  ( -1.846216983426218095, 8.496308197829741005, 54.09832705131874775 ) ) ;
#927 = DIRECTION ( 'NONE',  ( -1.000000000000000000, 0.000000000000000000, 0.000000000000000000 ) ) ;
#928 = CARTESIAN_POINT ( 'NONE',  ( -1.724102069694550154, 10.78694034540234625, 33.64210427997635122 ) ) ;
#929 = CARTESIAN_POINT ( 'NONE',  ( -0.1740204656629029401, 9.570106354549002603, 53.71071608647091722 ) ) ;
#930 = CARTESIAN_POINT ( 'NONE',  ( -2.698906185015664594, 9.254792685436209254, 51.79356512634074505 ) ) ;
#931 = CARTESIAN_POINT ( 'NONE',  ( 0.001831079151950886982, 10.05976584329681245, 52.68970721286299863 ) ) ;
#932 = CARTESIAN_POINT ( 'NONE',  ( -5.494949481436435690, 3.738266812418492346, 53.05128319618172839 ) ) ;
#933 = CARTESIAN_POINT ( 'NONE',  ( -3.892250340231695027, 8.141563995371786433, 51.92818925217424919 ) ) ;
#934 = CARTESIAN_POINT ( 'NONE',  ( -0.3598634360754622286, 9.949521877894488497, 52.88452017021395335 ) ) ;
#935 = CARTESIAN_POINT ( 'NONE',  ( -3.957457446865669581, 6.793086659399852678, 53.56830159593821605 ) ) ;
#936 = CARTESIAN_POINT ( 'NONE',  ( -0.8070597762515202556, 9.690979720584859791, 53.16660331263562256 ) ) ;
#937 = CARTESIAN_POINT ( 'NONE',  ( -4.152778966162221863, 9.166383519803840585, 20.74995115312975358 ) ) ;
#938 = CARTESIAN_POINT ( 'NONE',  ( -2.567789230559251568, 3.244521260253286243, -12.99707850480691995 ) ) ;
#939 = CARTESIAN_POINT ( 'NONE',  ( 0.000000000000000000, 6.959144617855582915, -10.03665890847582531 ) ) ;
#940 = CARTESIAN_POINT ( 'NONE',  ( -0.3039778858232012881, 10.03879629643383176, 52.10921762787442191 ) ) ;
#941 = CARTESIAN_POINT ( 'NONE',  ( -1.011119750642182069, 10.10065784834353408, 49.94277371081376060 ) ) ;
#942 = CARTESIAN_POINT ( 'NONE',  ( -1.573802734852614016, 4.762838310410510978, 56.98700234849395940 ) ) ;
#943 = CARTESIAN_POINT ( 'NONE',  ( -0.006413913609256635846, 10.18910549098282736, 52.30228712493058651 ) ) ;
#944 = CARTESIAN_POINT ( 'NONE',  ( -4.615362276012337617, 6.788277608876772895, 52.42626242942402826 ) ) ;
#945 = CARTESIAN_POINT ( 'NONE',  ( -1.522513479643788470, 10.15794066190752254, 50.94753641426321877 ) ) ;
#946 = CARTESIAN_POINT ( 'NONE',  ( -1.764124068890173591, 7.094968351796182127, -7.647718687599624587 ) ) ;
#947 = CARTESIAN_POINT ( 'NONE',  ( -5.063376658729666246, 6.967148710955477497, 33.64156173230818325 ) ) ;
#948 = CARTESIAN_POINT ( 'NONE',  ( 0.02005289778140882315, 7.818632413854903263, 55.75430013890581193 ) ) ;
#949 = CARTESIAN_POINT ( 'NONE',  ( -0.3786848646507699478, 8.975216073187469945, -2.959830186914257588 ) ) ;
#950 = CARTESIAN_POINT ( 'NONE',  ( -3.609162052049973202, 8.227405040151190008, 52.31365786475473101 ) ) ;
#951 = CARTESIAN_POINT ( 'NONE',  ( -0.09192674292719708873, 10.43489974753528315, 51.31715412425373302 ) ) ;
#952 = B_SPLINE_SURFACE_WITH_KNOTS ( 'NONE', 3, 3, ( 
 ( #3195, #1914, #7066, #1956, #4573, #1182, #7190, #1308, #653, #3802, #525, #1875, #5902, #4491, #7109, #2336, #4227, #7494, #2296, #349, #1527, #2977, #6118, #4835, #1045, #4956, #2217, #6762, #6245, #874, #4309, #2810, #269, #6203, #1652, #8059, #7453, #1572, #6928, #3664, #179, #5431, #2171, #7576, #1692, #4916, #4790, #5520, #6846, #7410, #2853, #4187, #3499, #6162, #3542, #6806, #961, #920 ),
 ( #3584, #225, #8104, #308, #2936, #4267, #5560, #7535, #6887, #1002, #3624, #3103, #2377, #1087, #5725, #8305, #8349, #1780, #3708, #6327, #3017, #2419, #5041, #391, #5681, #434, #3060, #8265, #2464, #6285, #3751, #7663, #4997, #5084, #4400, #7016, #6371, #7706, #7619, #5640, #1131, #477, #1736, #4355, #6972, #3071, #2558, #5692, #610, #7631, #5095, #2516, #6463, #4366, #1142, #3762, #3238, #5857 ),
 ( #1747, #1916, #3884, #1227, #6503, #7717, #1834, #7801, #7674, #6382, #8481, #2475, #8360, #488, #527, #3114, #6421, #5008, #4452, #4532, #2431, #5177, #6983, #571, #7150, #1184, #1099, #3154, #5137, #1267, #8316, #5737, #3719, #5777, #7068, #5052, #3804, #7111, #6338, #8400, #445, #1793, #4411, #7762, #7027, #1877, #3846, #4493, #3197, #5816, #8441, #5264, #6717, #700, #2600, #3927, #3410, #7888 ),
 ( #2001, #12, #3971, #5307, #5389, #5220, #4706, #1397, #655, #7365, #2042, #6547, #786, #7236, #3328, #8015, #2767, #136, #7972, #7931, #2126, #3283, #4014, #5946, #4662, #96, #5904, #2727, #7278, #4620, #5348, #743, #7321, #1484, #6074, #1354, #1440, #54, #6632, #4748, #1958, #6591, #2686, #4055, #3369, #4101, #4575, #5989, #7844, #2083, #7192, #1310, #830, #6673, #6030, #3456, #2644, #3481 ),
 ( #1509, #8040, #8127, #4127, #4816, #161, #3523, #7435, #5499, #1552, #4168, #7476, #6786, #898, #6142, #2153, #2877, #856, #8083, #2241, #6744, #4859, #2792, #6098, #4772, #7390, #205, #2835, #5509, #4868, #8177, #6107, #7567, #4300, #215, #953, #8093, #2207, #4825, #1562, #6796, #3574, #6151, #908, #8136, #3533, #7485, #1603, #6838, #6195, #5759, #6361, #468, #5075, #7697, #1858, #7008, #6486 ),
 ( #3094, #4989, #6319, #5799, #1770, #2539, #5032, #4390, #2410, #5716, #4433, #7784, #7610, #7091, #3784, #3051, #1250, #7049, #426, #3178, #1122, #8340, #4515, #5159, #7133, #1208, #1164, #593, #5673, #6404, #2453, #3219, #3827, #510, #5838, #3742, #3136, #8382, #8464, #7741, #2497, #5118, #1079, #6444, #550, #1727, #8422, #4346, #6964, #3699, #2109, #5201, #2066, #3996, #1940, #7997, #6615, #2024 ),
 ( #3908, #5372, #8507, #7216, #3437, #4731, #4600, #635, #120, #3263, #6698, #7826, #2668, #78, #4039, #4556, #1335, #3951, #812, #6055, #2582, #7174, #1292, #7347, #1466, #7303, #4083, #5288, #7913, #6527, #5244, #6572, #5883, #36, #5928, #681, #725, #3308, #3352, #2624, #4644, #7868, #1982, #2751, #7260, #6657, #1378, #5971, #2710, #5331, #7955, #4688, #1422, #769, #3394, #6014, #5680, #6283 ),
 ( #6451, #6971, #6926, #5125, #4996, #8347, #2333, #4307, #7056, #1215, #2417, #3707, #1042, #2376, #3834, #6326, #8222, #3662, #516, #7617, #5765, #8263, #1735, #5638, #1086, #5039, #2504, #4954, #1821, #7015, #389, #4481, #7661, #3016, #6410, #4353, #433, #7749, #8388, #1865, #7098, #3058, #559, #7574, #8304, #5723, #1172, #1690, #1778, #4398, #3185, #1129, #3749, #6368, #475, #3101, #2462, #4440 ),
 ( #5082, #7704, #3791, #3142, #3622, #8099, #5470, #6758, #6157, #3495, #3538, #346, #2213, #7532, #8055, #2294, #6242, #6201, #1649, #6802, #7361, #264, #2255, #4914, #5427, #6114, #4265, #2892, #4831, #175, #7449, #4225, #2973, #870, #826, #6884, #7405, #4875, #1480, #6712, #959, #5598, #1568, #2849, #3451, #4786, #4097, #4183, #6069, #2167, #5558, #4141, #8183, #916, #5515, #7491, #1609, #6844 ),
 ( #3580, #306, #999, #1379, #4557, #6445, #3309, #1251, #5839, #2025, #5289, #2669, #1983, #7827, #7914, #8423, #6528, #3220, #4645, #7869, #594, #8465, #1209, #3264, #5884, #1859, #7175, #2583, #1293, #551, #7261, #7742, #4601, #636, #4475, #3997, #8508, #3909, #7217, #726, #3179, #5972, #2540, #3868, #79, #5119, #7134, #5160, #7785, #2625, #5245, #1899, #1336, #3952, #6573, #7092, #3828, #4516 ),
 ( #682, #6487, #5202, #5929, #37, #1941, #5254, #5298, #778, #1561, #6795, #214, #4177, #4219, #5508, #907, #6194, #3532, #258, #300, #2929, #5552, #7533, #1043, #3581, #6885, #1000, #7317, #6714, #3453, #6071, #2455, #1728, #436, #5683, #3062, #2298, #2379, #2338, #4999, #8307, #5601, #1783, #3794, #1004, #6329, #3105, #3626, #4958, #6930, #6287, #1089, #4918, #7665, #6373, #1738, #7621, #6974 ),
 ( #5727, #4357, #393, #6889, #3019, #2421, #7059, #7578, #7537, #8351, #8226, #5043, #2938, #1654, #4402, #1824, #5642, #4311, #4269, #2979, #4443, #1047, #311, #6247, #1133, #1694, #479, #351, #3666, #8267, #3710, #7018, #2466, #5562, #3753, #5086, #7708, #1175, #8186, #7754, #4611, #2550, #7142, #3319, #6583, #3963, #3275, #602, #692, #7102, #7836, #4524, #5939, #647, #6539, #5895, #2, #8392 ),
 ( #8473, #2635, #3189, #7880, #1390, #1219, #3918, #47, #3838, #8432, #1259, #3876, #7184, #2508, #5256, #2679, #1950, #2592, #4567, #5129, #1869, #1302, #563, #5211, #5169, #1993, #7793, #7228, #4485, #5808, #4655, #1346, #5300, #1907, #6495, #3229, #5849, #7924, #2035, #7271, #6455, #6413, #519, #3145, #5769, #1432, #2164, #736, #172, #261, #780, #6799, #913, #2846, #3404, #2720, #2804, #4007 ),
 ( #1521, #7313, #4828, #6024, #4699, #3492, #89, #3535, #1477, #4180, #6154, #5341, #2076, #1565, #6066, #4138, #7965, #6755, #5424, #6667, #867, #4783, #219, #2889, #7488, #130, #6111, #2120, #3448, #5512, #3362, #5383, #2761, #5467, #8009, #8139, #5982, #4742, #6625, #4094, #4049, #7358, #2252, #6709, #8096, #2210, #823, #8052, #7402, #7446, #4872, #3577, #1125, #4261, #8259, #2457, #6322, #6279 ),
 ( #2372, #471, #3658, #3618, #385, #1082, #6880, #3054, #5078, #2291, #7613, #4393, #4911, #6238, #8218, #7570, #4992, #6198, #429, #7657, #3012, #5634, #1731, #303, #2932, #4349, #995, #6967, #342, #5676, #2969, #3702, #5555, #5594, #8343, #8300, #2413, #2329, #4950, #1686, #4303, #5035, #6922, #3097, #7528, #1038, #1773, #7011, #1606, #1645, #3745, #6841, #6364, #5719, #4222, #956, #8180, #1168 ),
 ( #7052, #7700, #1817, #3787, #4436, #5741, #3679, #8279, #4456, #7722, #5099, #4415, #1751, #1838, #8240, #449, #5654, #7072, #1797, #3032, #2391, #3639, #5696, #8320, #4283, #1103, #5012, #6987, #2993, #1188, #1667, #7031, #3075, #6903, #3808, #2435, #3723, #1146, #6425, #365, #531, #4971, #6300, #8404, #3158, #1060, #5615, #5781, #2352, #2520, #1019, #7635, #5056, #492, #6260, #407, #4370, #7550 ),
 ( #7592, #1708, #4326, #6944, #3766, #6342, #7678, #6386, #3118, #8364, #2479, #7196, #5861, #4579, #575, #4666, #7766, #4624, #6551, #4497, #2046, #659, #1314, #7240, #5311, #6467, #7935, #2562, #1271, #5993, #7282, #7154, #3201, #2690, #5820, #748, #1881, #5224, #2648, #6595, #7115, #3888, #6507, #3373, #100, #5141, #1231, #3850, #1401, #4018, #1358, #1962, #6636, #8445, #5181, #7805, #614, #1920 ),
 ( #3242, #3287, #8485, #5908, #4536, #2604, #7848, #3931, #16, #5268, #704, #7892, #2005, #3975, #3332, #5951, #58, #6033, #6720, #5523, #4147, #182, #790, #2813, #4838, #964, #1487, #1444, #8147, #8018, #2856, #5352, #7325, #1575, #4230, #5434, #833, #4060, #5392, #6849, #3459, #2731, #6677, #3545, #2129, #272, #2770, #4751, #139, #4104, #8062, #2260, #7976, #7456, #1530, #3414, #7497, #2175 ),
 ( #7369, #6077, #4881, #2899, #1614, #8107, #4793, #3587, #7413, #6765, #877, #6206, #5478, #3502, #6121, #228, #2220, #4190, #6809, #923, #6165, #2087, #4710, #4890, #403, #444, #3597, #4279, #3070, #1704, #6256, #6859, #361, #2387, #7026, #7546, #7506, #5691, #5572, #3028, #2909, #1624, #7630, #1792, #2989, #6899, #4240, #2948, #4410, #1015, #281, #974, #1098, #8196, #6337, #320, #2307, #6216 ),
 ( #8315, #5533, #5007, #7588, #4928, #5051, #8236, #1663, #6982, #3635, #5611, #2430, #7673, #1141, #5650, #2348, #3761, #4967, #4322, #6940, #8158, #8275, #1056, #3675, #6296, #1746, #4365, #2269, #3718, #7110, #5815, #1833, #5903, #487, #5856, #7800, #5736, #3282, #1915, #8440, #8480, #6546, #7716, #654, #3803, #2515, #7357, #11, #8399, #4451, #3926, #7067, #2119, #3113, #6462, #3883, #7843, #8359 ),
 ( #4531, #1476, #2599, #2557, #2643, #7149, #1266, #5382, #6502, #3237, #609, #2474, #5176, #5136, #5219, #1957, #3153, #4574, #6381, #1183, #7191, #8008, #6420, #7761, #4492, #1309, #5776, #4741, #526, #1876, #1226, #3845, #570, #5094, #3196, #6196, #2887, #2163, #340, #3534, #5423, #2289, #217, #4827, #993, #4259, #1643, #954, #6798, #6878, #4782, #5510, #2209, #3616, #6839, #8095, #7445, #171 ),
 ( #2250, #301, #2967, #7568, #3491, #2930, #1564, #6152, #6236, #3447, #5466, #6754, #5553, #2845, #5592, #6065, #4179, #4093, #911, #6708, #822, #8216, #6110, #8178, #3575, #259, #8137, #4869, #7486, #866, #2803, #2327, #1604, #4220, #4948, #4909, #7526, #8050, #7401, #1520, #4137, #1815, #7050, #4434, #3656, #3743, #3700, #6362, #1165, #6965, #3137, #5161, #2370, #7698, #4476, #4990, #6320, #8298 ),
 ( #1860, #6277, #5760, #8341, #469, #2454, #383, #3010, #5076, #4347, #3095, #427, #6405, #3052, #3785, #5632, #1080, #8424, #8383, #511, #5674, #2411, #1771, #4391, #2499, #5033, #552, #7611, #7655, #5120, #7743, #1684, #4301, #7009, #7093, #1123, #5717, #1210, #1036, #3829, #6446, #3180, #5800, #2541, #8257, #6920, #1729, #7870, #2752, #7786, #7956, #7176, #3353, #4646, #5246, #5885, #1294, #3910 ),
 ( #7304, #1942, #5930, #121, #3998, #3953, #2067, #683, #38, #6658, #7915, #7262, #2026, #1252, #1337, #6529, #6574, #1380, #4558, #727, #1900, #8466, #5290, #4689, #2584, #637, #8509, #1984, #2670, #1423, #3869, #5973, #6616, #3310, #80, #6488, #595, #2711, #3265, #5332, #2626, #4040, #4602, #770, #3221, #7218, #6015, #3395, #4517, #7135, #5840, #5203, #7828, #2242, #7391, #4251, #6056, #2154 ),
 ( #5373, #2793, #3524, #2110, #1553, #1635, #4773, #8169, #2280, #4211, #1510, #4084, #4169, #7998, #4901, #2198, #2878, #162, #6186, #4128, #5414, #4860, #1467, #7517, #2836, #5544, #6870, #6699, #3438, #2920, #7436, #5500, #813, #8128, #6787, #8041, #7477, #6143, #1595, #985, #6830, #6745, #944, #899, #857, #3566, #249, #292, #3608, #332, #3482, #6228, #6099, #4817, #4732, #7348, #206, #5457 ),
 ( #8084, #5750, #374, #7601, #3818, #2488, #4980, #1028, #501, #3648, #7082, #5583, #3041, #458, #4424, #2319, #1717, #4335, #1199, #6435, #2959, #8208, #4940, #8373, #1848, #7688, #8288, #5109, #4466, #3002, #5624, #6954, #7559, #416, #6309, #1069, #6997, #3688, #4380, #1676, #5663, #7732, #8249, #3127, #4292, #7040, #6912, #6269, #7645, #2361, #3084, #2400, #5021, #1760, #1112, #3732, #6351, #5705 ),
 ( #8330, #2444, #5066, #1806, #1155, #3775, #6395, #5150, #7904, #2057, #3254, #4547, #7775, #3210, #4679, #7165, #541, #1890, #1370, #5829, #6606, #584, #8455, #6477, #1931, #5873, #3343, #3169, #2659, #7859, #7124, #5322, #8497, #4506, #7251, #5192, #1283, #5962, #715, #69, #5919, #2615, #2701, #1240, #1973, #3899, #7946, #3299, #2016, #7294, #5235, #6518, #3859, #2573, #1413, #626, #5790, #7816 ),
 ( #4030, #4591, #7207, #1326, #3942, #6562, #8413, #2529, #5279, #671, #27, #4635, #3987, #7988, #4849, #2783, #7382, #3557, #6821, #4202, #3514, #846, #935, #7338, #8074, #4764, #6177, #889, #2142, #1500, #2743, #4806, #7426, #3385, #196, #4117, #6089, #2100, #283, #760, #6133, #2187, #6005, #2911, #1542, #2825, #240, #5535, #4722, #8160, #4074, #5405, #7508, #2271, #152, #1457, #4892, #6690 ),
 ( #6734, #4159, #8118, #112, #8031, #3472, #1626, #6648, #5364, #803, #3427, #6046, #5448, #2867, #6777, #5489, #2232, #7468, #1586, #2991, #5739, #1706, #7590, #363, #8277, #5613, #5652, #2477, #4324, #1144, #1665, #4413, #8362, #8318, #6861, #5574, #405, #322, #4368, #7029, #7548, #8238, #3764, #2389, #6942, #2309, #1058, #6340, #5097, #2350, #2950, #6384, #1017, #6985, #976, #8198, #4969, #3677 ),
 ( #1795, #1101, #6298, #490, #4930, #5010, #3030, #3116, #3721, #7633, #1749, #4281, #447, #3073, #3599, #5694, #2433, #5054, #6901, #7720, #6218, #7676, #4242, #3637, #6258, #5859, #1269, #1312, #2003, #3156, #4622, #7764, #6465, #2688, #1356, #3848, #8402, #7890, #2518, #5949, #4454, #1918, #7846, #3285, #1186, #573, #3199, #56, #5309, #1836, #7070, #3806, #7238, #702, #6549, #7152, #3973, #3330 ),
 ( #5818, #3886, #3929, #7113, #5906, #6423, #5139, #1960, #6593, #1879, #8443, #2560, #7803, #2602, #529, #5779, #14, #8483, #6505, #5222, #4495, #1229, #4577, #5179, #612, #4534, #657, #3240, #7194, #2646, #5266, #6163, #6119, #180, #788, #3412, #8016, #2127, #4791, #1442, #6807, #98, #4708, #226, #2811, #7933, #5350, #6075, #4664, #4102, #4188, #7323, #2218, #4836, #6763, #4057, #6634, #6718 ),
 ( #7366, #745, #2854, #5475, #6675, #137, #7454, #8105, #1573, #7411, #4749, #921, #2729, #831, #6031, #3543, #2172, #2768, #5390, #4016, #5432, #8060, #7280, #1485, #3457, #1528, #3371, #270, #2044, #4145, #875, #1399, #2897, #3500, #5991, #7974, #2085, #8145, #6204, #2258, #4879, #309, #5521, #6847, #1612, #7495, #962, #4228, #3585, #5191, #2614, #6561, #4465, #1239, #3858, #714, #3342, #68 ),
 ( #2015, #3986, #1324, #1930, #4634, #6605, #2528, #7774, #6476, #5961, #2572, #8454, #583, #624, #3209, #6517, #5108, #7815, #7250, #5149, #5278, #7731, #670, #1847, #6434, #1282, #1198, #5234, #7903, #8412, #5828, #1369, #3253, #4546, #3168, #7164, #7206, #7081, #3898, #3817, #540, #1889, #7858, #5789, #4505, #3941, #7123, #5872, #8496, #1972, #4590, #3298, #5918, #26, #2658, #3512, #7987, #238 ),
 ( #111, #4072, #5403, #5487, #2700, #4804, #1498, #759, #7466, #2140, #4029, #2099, #2742, #6688, #8029, #8116, #5321, #7424, #4115, #3384, #1584, #4762, #6647, #887, #7336, #3425, #2230, #2865, #4847, #8072, #7380, #4200, #6004, #6732, #801, #6819, #5446, #6044, #150, #7293, #844, #3470, #7945, #6087, #2781, #194, #5363, #933, #2056, #2185, #2823, #4678, #3555, #1540, #4157, #6775, #6175, #4721 ),
 ( #6131, #1412, #1455, #1617, #4921, #1905, #3227, #4233, #7581, #5126, #560, #6852, #3629, #6250, #5847, #8471, #2589, #7500, #967, #4522, #6493, #3835, #4314, #7140, #600, #7540, #1657, #354, #3590, #4961, #2341, #2982, #3022, #5604, #396, #6209, #1697, #1257, #4272, #7791, #314, #3186, #2941, #5565, #3669, #8189, #7750, #3874, #2301, #8229, #6892, #5766, #6933, #1007, #1050, #1216, #6290, #8389 ),
 ( #2505, #1866, #4482, #7099, #6452, #5805, #8429, #2547, #5166, #7876, #819, #3316, #5208, #6536, #6021, #1990, #2758, #5252, #5379, #8004, #2073, #7921, #2116, #5891, #6622, #5936, #4738, #7962, #689, #44, #1300, #3359, #5979, #1948, #7268, #2676, #4652, #644, #7354, #7834, #4695, #733, #4564, #1473, #86, #1386, #7310, #4090, #3271, #6705, #2632, #1343, #6062, #3444, #8515, #7182, #4608, #168 ),
 ( #5296, #2717, #6664, #3916, #3960, #6580, #7225, #2032, #4004, #5338, #1429, #4046, #776, #3401, #127, #8214, #4298, #212, #5463, #1559, #6918, #255, #6149, #7442, #6836, #4175, #4217, #1034, #2884, #2325, #2842, #2965, #3654, #6876, #5420, #4134, #7483, #7397, #2927, #5590, #6105, #6793, #4946, #950, #5506, #863, #8134, #4907, #6275, #905, #1516, #7565, #8090, #5550, #8047, #6751, #1641, #2799 ),
 ( #3488, #2204, #2160, #3530, #4779, #4823, #3614, #2248, #338, #4866, #1601, #3572, #6192, #298, #1682, #8175, #7524, #2287, #4257, #991, #6234, #1725, #7089, #5030, #1120, #5797, #7006, #381, #4344, #1206, #5671, #6442, #424, #8296, #6317, #1768, #3092, #3176, #3008, #2495, #7695, #6962, #5157, #8338, #1077, #3825, #7653, #3740, #8420, #548, #2537, #5757, #5714, #7782, #3697, #1813, #6359, #1897 ),
 ( #4388, #4987, #7047, #1162, #5630, #2451, #466, #5073, #3049, #4513, #8255, #8380, #4431, #2368, #7131, #3782, #6402, #5116, #1248, #2408, #3866, #508, #3134, #7608, #7739, #1856, #4473, #3906, #767, #2107, #591, #6569, #3994, #7953, #5836, #2622, #5242, #4729, #7345, #1464, #6484, #3217, #3392, #5370, #2708, #3306, #6012, #7995, #6525, #633, #7866, #8462, #3949, #1333, #1980, #2022, #4598, #7911 ),
 ( #8504, #7214, #678, #7258, #6655, #2580, #2064, #4642, #34, #1376, #5199, #7823, #6613, #3261, #2666, #5926, #5329, #5286, #722, #1938, #5880, #4554, #4686, #3350, #5969, #76, #7301, #1420, #4037, #118, #7172, #1290, #2749, #5581, #6784, #8081, #159, #6742, #8206, #2195, #4081, #5412, #4899, #853, #1633, #4125, #3479, #1507, #5455, #896, #6868, #6696, #6184, #2875, #2150, #330, #3521, #8038 ),
 ( #4814, #983, #4249, #3606, #942, #6140, #6226, #4770, #5497, #7433, #2957, #6828, #1550, #4166, #2790, #2239, #4857, #810, #247, #8125, #7474, #7388, #2317, #3435, #3564, #1593, #6053, #4938, #4209, #290, #2918, #7557, #6096, #203, #2832, #5542, #8167, #2278, #7515, #4290, #7599, #4463, #5787, #6910, #1758, #7685, #3125, #1026, #6307, #414, #8410, #2526, #5147, #1674, #3646, #7079, #538, #6393 ),
 ( #1804, #6267, #3730, #3686, #6349, #1153, #6952, #5748, #372, #2359, #4422, #1195, #4978, #3039, #8286, #7643, #2442, #1845, #3000, #8371, #8328, #456, #5063, #5622, #8247, #7038, #4333, #3082, #5661, #499, #2398, #3773, #1715, #1067, #5019, #2486, #5106, #4377, #6994, #1110, #5703, #7729, #3815, #6432, #3165, #1928, #1237, #7290, #4544, #5916, #108, #3984, #3939, #7943, #668, #24, #6644, #7900 ),
 ( #3856, #1322, #1279, #6559, #7248, #7162, #712, #2739, #8452, #5276, #2054, #2570, #3896, #5869, #5232, #2656, #4674, #6473, #3340, #2013, #3296, #4632, #581, #3207, #1367, #6515, #6603, #622, #5959, #3251, #66, #5826, #8494, #6001, #2698, #5319, #2612, #7856, #1970, #4587, #1409, #7204, #756, #5189, #4026, #3381, #7772, #1887, #7813, #4503, #7121, #1537, #1621, #2137, #8154, #2266, #4197, #4759 ),
 ( #5360, #4887, #2182, #2862, #147, #6172, #7377, #6041, #4844, #1452, #7503, #2820, #5530, #4237, #4068, #3422, #2906, #7420, #5484, #6685, #8113, #4154, #8026, #2227, #3509, #1581, #6856, #317, #1495, #7463, #3467, #4801, #971, #4718, #6728, #4112, #6816, #841, #3594, #7333, #6084, #7984, #5443, #2096, #6772, #6212, #6128, #798, #930, #2778, #5400, #191, #8069, #884, #235, #3552, #278, #3715 ),
 ( #5569, #3025, #441, #4407, #2304, #7585, #1701, #7064, #1180, #6417, #2945, #8193, #8356, #1830, #7670, #8272, #2471, #4448, #358, #5608, #4318, #3800, #399, #6293, #6937, #6979, #1053, #4362, #4925, #5647, #5091, #2986, #3110, #7543, #7023, #1660, #4276, #7626, #6896, #3067, #5733, #6253, #3672, #7713, #1094, #2384, #1011, #5004, #5048, #3632, #1743, #8233, #2345, #4964, #5688, #6334, #8312, #1788 ),
 ( #2426, #1138, #3758, #6378, #484, #523, #1873, #1351, #5812, #6588, #567, #8437, #6459, #1912, #3234, #3325, #3150, #2640, #7840, #7107, #5305, #8477, #4489, #7233, #5173, #1263, #5944, #697, #52, #5900, #5853, #2684, #1223, #1954, #7146, #7929, #3279, #4528, #3880, #5133, #7188, #1306, #5773, #2596, #6499, #5216, #3842, #2040, #8396, #8, #4571, #2512, #4660, #3923, #6543, #5261, #7276, #3193 ),
 ( #651, #606, #2554, #7885, #1998, #1395, #7797, #7758, #4012, #4617, #3968, #6630, #3367, #4704, #741, #2081, #5346, #94, #2725, #5987, #1438, #7970, #7319, #7035, #2997, #3770, #6264, #5619, #3643, #7596, #411, #496, #6223, #8325, #5016, #4287, #2483, #5658, #7554, #4419, #2356, #6949, #3122, #6390, #5745, #3079, #3036, #8368, #6907, #7640, #4330, #5103, #453, #1712, #1064, #2314, #4374, #6991 ),
 ( #3683, #8283, #1671, #7726, #327, #5700, #1755, #5579, #1842, #1107, #2395, #2439, #4460, #1023, #7076, #369, #4975, #1192, #2955, #8244, #8203, #6304, #4935, #3727, #6346, #5060, #7682, #1801, #1150, #8448, #2566, #7939, #2050, #7286, #3812, #535, #708, #2694, #20, #618, #3336, #5315, #1234, #6470, #5185, #4670, #1275, #7158, #7809, #7852, #1924, #5228, #6429, #3892, #5955, #3853, #3980, #3162 ),
 ( #5144, #8490, #8407, #3935, #1966, #5784, #2608, #62, #578, #6599, #2523, #2652, #3204, #7769, #4583, #1884, #4500, #3246, #1318, #7118, #4628, #5823, #4540, #3292, #6511, #5865, #7200, #6555, #664, #5912, #5272, #1363, #7896, #2009, #7244, #7416, #6081, #4064, #4150, #8066, #6125, #6168, #4884, #794, #3505, #8022, #837, #7459, #752, #2774, #6681, #231, #143, #4193, #3377, #5396, #1405, #1491 ),
 ( #4022, #7329, #6812, #5526, #6640, #4108, #1533, #2859, #5997, #6037, #2133, #8150, #2263, #104, #2735, #5356, #926, #275, #5481, #6724, #3548, #2902, #1448, #3418, #4755, #7980, #7373, #3463, #187, #5439, #2817, #2179, #2092, #4797, #4714, #6768, #1578, #880, #8110, #2223, #4841, #5612, #6984, #3072, #3636, #6257, #5693, #7589, #1100, #3676, #1143, #6297, #8317, #1016, #1705, #3155, #3115, #2432 ),
 ( #5009, #7632, #1794, #6941, #3805, #8237, #4323, #5738, #5053, #7028, #8361, #362, #7675, #1057, #3720, #404, #3763, #3029, #4412, #2990, #5651, #5778, #2476, #6383, #8276, #2388, #1748, #4367, #489, #6339, #6422, #2349, #5096, #8401, #1185, #528, #4968, #7719, #1664, #446, #4929, #1835, #4453, #7069, #7547, #4280, #6900, #7193, #2517, #7932, #7845, #13, #5817, #3329, #4533, #3198, #2002, #7112 ),
 ( #55, #8442, #3928, #611, #2043, #5265, #6504, #3239, #1228, #656, #3284, #7763, #4576, #5858, #1959, #6464, #4663, #5138, #4621, #6548, #1878, #7279, #5905, #1311, #7237, #2687, #3847, #5308, #2559, #7151, #3370, #1398, #572, #4494, #5178, #4015, #6633, #7802, #2601, #2645, #3972, #1917, #1268, #3885, #744, #5990, #8482, #5221, #7889, #1355, #6592, #701, #5948, #5633, #1730, #6153, #2888, #7487 ),
 ( #3576, #4871, #4260, #1605, #1644, #6966, #6197, #8258, #260, #384, #4348, #4302, #3657, #6921, #5511, #3701, #341, #3011, #8138, #2290, #4221, #4949, #6840, #6879, #4707, #2251, #1081, #1037, #994, #955, #302, #2931, #5554, #5593, #8179, #7612, #787, #2968, #97, #4991, #2728, #4910, #3617, #5349, #7527, #7973, #6237, #2371, #2084, #7569, #8217, #7322, #2328, #1441, #4056, #1685, #6278, #3411 ),
 ( #6674, #5801, #2412, #596, #3786, #6489, #3222, #5034, #4392, #3870, #8384, #3830, #7656, #6447, #2500, #470, #553, #4477, #2543, #2585, #1295, #5718, #8425, #4435, #5761, #5842, #5675, #7699, #3096, #5162, #5077, #8467, #8299, #1816, #6321, #6406, #428, #7745, #5204, #7094, #7177, #3181, #512, #7051, #8342, #2456, #1167, #1772, #7829, #3138, #1211, #3053, #7787, #5121, #1943, #1861, #1901, #4559 ),
 ( #3744, #4518, #7136, #7010, #1253, #1124, #6363, #7957, #5291, #5333, #2155, #1381, #814, #1338, #4085, #5415, #7999, #7349, #2111, #3955, #7392, #4041, #6700, #7219, #7916, #3439, #5974, #5931, #81, #3396, #684, #5374, #3911, #4603, #1424, #6057, #6575, #39, #2027, #3999, #4690, #7305, #163, #4733, #3311, #2712, #2068, #2627, #5247, #6659, #2671, #771, #4647, #122, #7263, #6016, #8510, #6617 ),
 ( #2753, #728, #3354, #1468, #2794, #8042, #4774, #6530, #639, #3266, #5886, #7871, #1985, #7437, #8170, #6746, #6187, #6270, #6788, #4293, #6913, #333, #900, #207, #293, #1511, #1029, #6831, #7518, #4818, #2320, #3525, #2199, #986, #6100, #3649, #7478, #1677, #375, #2837, #8085, #7560, #3567, #1636, #5458, #4252, #2921, #4170, #6871, #2281, #6229, #3003, #4981, #6144, #3609, #8129, #945, #5625 ),
 ( #250, #2960, #2879, #8250, #858, #5501, #4129, #1596, #3483, #5545, #2362, #4902, #1554, #5584, #4212, #2243, #4861, #8209, #4941, #1070, #7125, #1761, #5751, #8456, #3819, #3776, #7776, #502, #8374, #6478, #7733, #4467, #1849, #3689, #8289, #1156, #2489, #6310, #417, #5110, #4381, #6396, #6352, #6436, #459, #7083, #3042, #6998, #5830, #5791, #1200, #3085, #5706, #7689, #1807, #542, #1113, #585 ),
 ( #2574, #3860, #3211, #5022, #3170, #4336, #3128, #7602, #3733, #1891, #4507, #8414, #8331, #5664, #2530, #1718, #1241, #4425, #5151, #2401, #6955, #2445, #7646, #5067, #7041, #7989, #2660, #5365, #2101, #3900, #3255, #2744, #7252, #2702, #6519, #5323, #1371, #7860, #7947, #3344, #1414, #1458, #153, #4592, #7295, #3300, #4636, #4723, #4548, #6563, #1974, #4031, #3943, #7339, #7166, #672, #5193, #5280 ),
 ( #4075, #5963, #6047, #2058, #7905, #5920, #7208, #1327, #28, #1284, #6691, #2017, #70, #7817, #6649, #3988, #804, #6607, #4680, #3428, #761, #3386, #6006, #627, #716, #113, #1932, #5874, #8498, #2616, #5236, #3473, #284, #5575, #6090, #4807, #890, #241, #3558, #6178, #2310, #3600, #197, #7427, #3638, #4931, #6735, #5406, #2826, #8199, #6902, #8032, #2868, #2912, #4243, #2143, #1543, #4160 ),
 ( #7509, #7469, #2951, #4203, #5536, #1666, #8161, #2272, #4893, #4765, #4850, #6778, #1587, #1627, #8075, #6862, #6259, #5449, #977, #7549, #2188, #3515, #6134, #5490, #6219, #323, #4282, #1018, #8119, #6822, #936, #1501, #4118, #2784, #2233, #7383, #847, #5098, #1750, #7030, #4970, #3031, #7114, #7071, #1145, #4369, #6986, #448, #3074, #5740, #2390, #7765, #1059, #3117, #3849, #5140, #1880, #6299 ),
 ( #5055, #4496, #5653, #3157, #5780, #7721, #8278, #7591, #7677, #364, #8403, #5695, #6385, #3678, #1187, #5011, #406, #8363, #1707, #2519, #6341, #530, #1230, #4325, #6943, #6424, #2434, #491, #7634, #2478, #1796, #1102, #1837, #3765, #4455, #2992, #5614, #3722, #3807, #8319, #4414, #8239, #2351, #7847, #613, #2689, #5223, #747, #5819, #3241, #5992, #7324, #6550, #57, #7281, #5860, #4017, #6506 ),
 ( #3372, #5310, #8484, #5180, #2647, #6466, #99, #3286, #3974, #1270, #1400, #2603, #7153, #5950, #2561, #2730, #3930, #6635, #5351, #7804, #4535, #7975, #15, #6594, #1919, #703, #5267, #1961, #3331, #4623, #7934, #2086, #1443, #4578, #2045, #7195, #5907, #4709, #8444, #1313, #658, #4665, #7891, #574, #3887, #2004, #3200, #7239, #1357, #5477, #6848, #4837, #4917, #922, #1529, #2174, #6076, #181 ),
 ( #3586, #6719, #2219, #7536, #271, #227, #4229, #8106, #7455, #2937, #4189, #3544, #6808, #6032, #6120, #2812, #2855, #6164, #832, #5522, #4059, #4750, #1574, #963, #7368, #5433, #4792, #4146, #2898, #8146, #6205, #4880, #1486, #2259, #7496, #2769, #5391, #1613, #3458, #310, #8061, #5561, #7412, #8185, #138, #6764, #2297, #6676, #789, #876, #3501, #3413, #8017, #2128, #4103, #518, #2337, #8391 ),
 ( #1823, #3061, #2420, #3144, #1782, #7017, #4401, #3625, #3709, #3665, #6328, #1132, #6929, #3104, #5128, #4957, #7664, #4442, #7577, #6286, #8266, #7620, #5042, #3752, #1174, #2465, #1693, #435, #8306, #350, #2978, #6372, #4310, #5682, #392, #478, #3018, #5726, #6246, #1046, #2507, #8350, #5085, #5641, #2378, #1737, #4356, #7707, #4998, #5768, #6973, #7058, #1653, #6412, #4268, #1088, #3793, #6888 ),
 ( #1003, #5600, #8225, #3188, #4484, #1868, #3837, #7753, #7101, #5807, #2549, #6454, #1218, #8431, #562, #6820, #3426, #1625, #4805, #7507, #4241, #6045, #5404, #4891, #888, #4848, #151, #7467, #3513, #1499, #1585, #5488, #3556, #3598, #2308, #6733, #934, #5447, #6776, #6860, #6689, #195, #4116, #6176, #6088, #975, #802, #2824, #7337, #7425, #1456, #239, #6217, #8117, #8197, #4201, #1541, #8073 ),
 ( #845, #2782, #321, #3471, #282, #2231, #2910, #2949, #4073, #2186, #5534, #4158, #6132, #5573, #8030, #2866, #8159, #2270, #2141, #4763, #7381, #4886, #1659, #190, #8025, #1494, #146, #3466, #316, #4275, #2777, #6127, #3551, #7502, #5399, #2181, #4800, #6895, #1010, #6040, #2136, #4758, #2944, #4924, #2265, #2861, #5568, #7542, #6083, #2819, #7419, #7376, #3508, #883, #1536, #1580, #4153, #7462 ),
 ( #8192, #5442, #6211, #4111, #1620, #970, #4236, #8068, #6727, #6171, #2303, #840, #6771, #234, #4196, #5483, #8112, #2226, #8153, #4843, #6815, #929, #277, #2905, #5529, #6855, #3593, #2470, #5253, #6333, #7625, #8232, #6292, #3272, #4609, #3714, #5732, #4447, #398, #1179, #3671, #3024, #1052, #5003, #440, #6537, #3631, #8355, #2425, #1700, #8516, #3066, #4963, #1829, #8271, #4361, #645, #3799 ),
 ( #5687, #5892, #4317, #5047, #1742, #2633, #6377, #6978, #1093, #2344, #1787, #4406, #8311, #7877, #5646, #1991, #7226, #7712, #7063, #6252, #2383, #357, #3757, #2985, #6936, #7669, #5607, #7022, #1137, #483, #3109, #5090, #7584, #87, #45, #6752, #6623, #1474, #3961, #5937, #169, #2843, #4047, #5339, #2677, #4005, #864, #2206, #1430, #3445, #2161, #734, #7398, #1387, #3360, #7269, #2718, #6665 ),
 ( #6022, #1344, #3489, #777, #7355, #4653, #4780, #5980, #2033, #820, #5297, #4135, #7311, #1518, #6106, #7922, #7963, #213, #3402, #4091, #2074, #6706, #128, #4696, #6063, #8005, #2800, #5464, #4824, #2759, #5421, #5380, #2117, #8092, #690, #4739, #8048, #6581, #3317, #1726, #6794, #5551, #5672, #6963, #4345, #339, #1078, #8215, #8297, #4299, #4908, #8176, #951, #3573, #1602, #906, #3698, #4218 ),
 ( #3655, #3615, #7609, #2966, #2326, #6318, #7566, #6919, #1683, #3531, #992, #6193, #6235, #1035, #6837, #382, #2409, #8135, #4947, #6276, #3050, #299, #6150, #2886, #1560, #4867, #425, #7443, #4176, #7525, #3009, #5631, #257, #2928, #2288, #5507, #2249, #7484, #1642, #4258, #6877, #5591, #8256, #2369, #4988, #6526, #2452, #7696, #3783, #634, #2496, #8381, #1163, #549, #6403, #6443, #3262, #5117 ),
 ( #5200, #5881, #592, #8463, #3218, #5074, #8505, #5158, #7824, #8339, #509, #1939, #3177, #7740, #3093, #1857, #7132, #5031, #3135, #3741, #4555, #1814, #7783, #7654, #1121, #3867, #1769, #4474, #5758, #6360, #4432, #7173, #4389, #7090, #1249, #5837, #7048, #2581, #1207, #3826, #5798, #8421, #2538, #1291, #7007, #6485, #1898, #5715, #3907, #4514, #467, #811, #7259, #3351, #8039, #2791, #160, #7996 ),
 ( #1334, #679, #5413, #4687, #119, #3950, #2750, #7302, #5287, #5371, #768, #7346, #7389, #6097, #2023, #4730, #723, #2065, #2151, #1981, #3995, #7912, #1465, #1377, #4771, #4599, #5970, #4082, #1421, #1508, #4038, #3393, #4126, #2108, #6697, #3436, #7215, #6656, #4643, #6013, #6054, #6614, #6743, #2623, #3307, #854, #3480, #5927, #77, #2709, #5330, #5243, #7867, #6570, #35, #2667, #7954, #6869 ),
 ( #984, #2876, #2279, #7475, #4939, #1594, #3607, #4815, #5498, #6953, #6911, #6227, #4210, #6829, #291, #2919, #5582, #2240, #7600, #897, #2958, #3687, #4979, #1716, #6141, #331, #5456, #4900, #4334, #8126, #3001, #5623, #7558, #4858, #7434, #7516, #204, #8248, #5543, #8207, #3522, #1027, #943, #248, #2318, #1551, #2360, #6185, #373, #1068, #4167, #6785, #6268, #1634, #1675, #3565, #4291, #4250 ),
 ( #3647, #8168, #2833, #8082, #2196, #415, #5788, #7730, #5662, #3208, #1846, #5749, #8411, #6474, #7644, #582, #5148, #1929, #457, #8287, #1759, #3040, #3731, #5827, #4545, #2399, #6394, #3816, #7773, #5020, #2443, #5064, #7163, #1280, #3083, #2527, #7686, #8453, #4378, #4423, #6308, #2571, #5190, #4464, #7814, #7080, #6995, #3166, #3774, #7039, #8329, #1805, #5704, #1111, #6350, #1154, #1196, #500 ),
 ( #3126, #6433, #539, #8372, #1888, #4504, #7122, #2487, #5107, #1238, #3857, #3382, #669, #5361, #7378, #4588, #1410, #6686, #7205, #5917, #2014, #1368, #4675, #7291, #3423, #4719, #1323, #5960, #2055, #2613, #5233, #4027, #6560, #67, #2657, #109, #5277, #6645, #8495, #3297, #2138, #2097, #757, #7901, #4633, #3985, #6604, #6002, #25, #2779, #3940, #2740, #3897, #148, #5401, #7249, #7985, #623 ),
 ( #713, #799, #6042, #7334, #3341, #7857, #2699, #6516, #8027, #5320, #1453, #7944, #4069, #4760, #3252, #5871, #1971, #4277, #7464, #1661, #6897, #192, #8070, #7544, #3553, #7504, #2821, #1622, #6173, #4155, #4238, #8155, #6213, #6254, #4965, #885, #3595, #8114, #931, #1012, #842, #2863, #279, #972, #6773, #2946, #1496, #2183, #6857, #3633, #4802, #3510, #2228, #1582, #2267, #4888, #359, #2305 ),
 ( #318, #5444, #7421, #5570, #6129, #2907, #236, #8194, #5485, #4926, #6085, #4845, #8234, #2987, #5609, #4198, #6817, #5531, #2346, #4113, #6729, #3468, #1538, #1831, #2555, #3843, #568, #5005, #5734, #4319, #3759, #6460, #4363, #1874, #4490, #6418, #6980, #6294, #6379, #7586, #7108, #4408, #5092, #2385, #8397, #1095, #8273, #7065, #3673, #1224, #5049, #7759, #3194, #400, #5648, #5134, #1139, #7714 ),
 ( #485, #1744, #4449, #8357, #3801, #5813, #1702, #3716, #1181, #5689, #7024, #8438, #6938, #442, #6335, #524, #3068, #1054, #3026, #8313, #7627, #2427, #7671, #3111, #1789, #2472, #3151, #5774, #2513, #3280, #7189, #1307, #7841, #7147, #4705, #1955, #3326, #6029, #1396, #1352, #5347, #6589, #5945, #4054, #5306, #2041, #7930, #1264, #7234, #3924, #2641, #9, #6544, #698, #652, #53, #3409, #5262 ),
 ( #7886, #2685, #4661, #7320, #5988, #5854, #3969, #7277, #3881, #6500, #4013, #4572, #6631, #5901, #742, #1999, #3368, #607, #4618, #135, #95, #2726, #7971, #2082, #1439, #6672, #785, #5174, #7798, #8478, #1913, #4529, #3235, #2597, #5217, #919, #8014, #7452, #7534, #8058, #5559, #8184, #1611, #2170, #1483, #1571, #2766, #2295, #8102, #267, #6073, #3582, #4789, #3455, #2257, #7364, #4915, #224 ),
 ( #4100, #829, #307, #4834, #2895, #6716, #5518, #4186, #5430, #8144, #3541, #7493, #1651, #6243, #7408, #4877, #873, #2216, #2935, #2125, #4144, #1526, #4226, #6761, #4266, #4747, #3498, #1001, #6886, #3623, #6805, #5388, #6160, #178, #6845, #2852, #6117, #5473, #960, #6202, #2809, #1044, #5599, #7575, #3663, #4308, #4955, #6927, #1691, #347, #2975, #8223, #2334, #65, #1927, #2012, #1969, #4631 ),
 ( #1451, #2655, #3938, #4543, #2611, #7983, #797, #23, #2053, #755, #5231, #6000, #8493, #7855, #5868, #1321, #5275, #2738, #8451, #4673, #7247, #6514, #4717, #7899, #1278, #6643, #4586, #667, #5359, #107, #2095, #5318, #1366, #7332, #621, #3983, #6558, #4067, #2697, #3295, #5915, #7161, #6602, #711, #5188, #3339, #5958, #7942, #3895, #6684, #2569, #7289, #1408, #7812, #3421, #4025, #3380, #3249 ),
 ( #7203, #5952, #4794, #140, #4667, #3333, #6637, #3503, #4839, #59, #791, #6721, #2176, #2691, #5353, #7977, #7457, #1576, #4191, #705, #5312, #6122, #8108, #5435, #6034, #229, #2221, #749, #3374, #2089, #7936, #6678, #4061, #4711, #4752, #7326, #2130, #2047, #3415, #2857, #5994, #878, #7283, #7414, #4148, #1531, #101, #1402, #834, #5479, #4019, #1445, #2732, #7370, #2771, #5393, #8019, #2814 ),
 ( #1488, #4105, #3460, #6078, #183, #8063, #6766, #7498, #312, #4919, #4270, #7579, #1695, #6330, #7622, #1615, #352, #4959, #5524, #8148, #4312, #965, #2980, #5563, #3020, #8187, #6931, #2900, #3588, #5044, #5000, #1048, #2299, #7538, #6890, #1005, #3667, #2939, #5684, #4231, #6288, #1784, #3063, #8308, #6850, #394, #3546, #5602, #2422, #6207, #1090, #3711, #5643, #1655, #2261, #8227, #6810, #437 ),
 ( #1739, #3627, #6248, #7666, #6975, #4358, #8268, #2339, #924, #2380, #6166, #273, #4882, #7143, #8393, #2509, #480, #2551, #5170, #1134, #6456, #5130, #3839, #8352, #3919, #7019, #3877, #5809, #3754, #1303, #8433, #564, #6496, #4568, #5728, #7185, #3190, #6374, #8474, #7794, #2467, #3106, #1825, #6540, #4, #5087, #4486, #1908, #5850, #7709, #520, #3147, #2637, #5258, #7882, #4403, #4444, #648 ),
 ( #1220, #3276, #5897, #7060, #1176, #5770, #3795, #1870, #7755, #7103, #4525, #1260, #6414, #603, #3230, #2593, #5212, #7837, #1951, #6757, #7273, #4785, #7404, #825, #1392, #694, #6669, #1995, #1523, #7315, #8011, #5302, #2806, #4009, #2681, #1479, #6585, #4140, #7967, #2166, #869, #3321, #49, #8054, #4051, #2122, #5941, #4744, #782, #4657, #7360, #132, #6711, #3494, #5469, #6627, #4096, #91 ),
 ( #1348, #3364, #738, #3450, #5984, #6113, #3965, #221, #3406, #5343, #7926, #6026, #2848, #2763, #4613, #6068, #2078, #2722, #4701, #1434, #5385, #2037, #7230, #174, #5426, #431, #4305, #4263, #8261, #997, #344, #6969, #8220, #4952, #2331, #1567, #1647, #1608, #6882, #7572, #4874, #1040, #3056, #263, #5596, #2374, #2891, #4224, #6200, #5557, #2971, #1688, #7615, #387, #5514, #3620, #6240, #6801 ),
 ( #2254, #6924, #6843, #3660, #958, #6281, #4182, #7490, #6324, #3014, #5636, #3579, #305, #8182, #2293, #4994, #2934, #1084, #8141, #1733, #4913, #4351, #7530, #3704, #8098, #915, #2212, #4830, #7448, #3537, #6156, #3747, #3225, #7747, #3183, #7013, #5803, #1863, #8345, #8427, #3832, #1903, #1946, #642, #5080, #7789, #3789, #5123, #5844, #5037, #7054, #2459, #4520, #4438, #8469, #7659, #2587, #7096 ),
 ( #1127, #8302, #3099, #5206, #1298, #2415, #5763, #2545, #7138, #1775, #1819, #1170, #3914, #6533, #5678, #4395, #6366, #7832, #4562, #1255, #2502, #7180, #473, #5721, #7702, #6408, #514, #3140, #8386, #4479, #1213, #6449, #557, #5164, #3872, #6491, #598, #3442, #4777, #7352, #6703, #1471, #687, #6749, #3399, #6060, #6578, #7266, #166, #4693, #731, #1341, #3357, #5377, #1514, #2030, #1988, #2797 ),
 ( #1384, #5977, #84, #125, #5294, #2158, #3958, #6019, #3269, #8045, #7395, #3314, #1427, #8513, #7960, #4132, #42, #5418, #5889, #2114, #2674, #4606, #2071, #2630, #5250, #2715, #774, #7874, #7222, #817, #2756, #5336, #5934, #7919, #7308, #4002, #4650, #8002, #6620, #4044, #6662, #4736, #4088, #6103, #2924, #1599, #296, #4821, #379, #3486, #336, #2285, #210, #6273, #4905, #5548, #2963, #1032 ),
 ( #8088, #6834, #2882, #4296, #7440, #2840, #6791, #3652, #4984, #5461, #948, #6874, #2323, #2202, #5504, #8132, #7605, #1722, #4340, #861, #1557, #3006, #8253, #5588, #6190, #5628, #2365, #903, #3528, #2246, #4173, #3570, #4215, #4864, #7522, #7481, #1639, #6147, #8173, #253, #4255, #989, #3612, #4944, #6916, #7563, #6232, #8212, #1680, #7128, #1765, #2448, #1244, #8377, #4428, #5026, #7044, #545 ),
 ( #5668, #3863, #3737, #7086, #1074, #3046, #5794, #8459, #1159, #5070, #8293, #1117, #6481, #7820, #3779, #3173, #7779, #6356, #4510, #7003, #463, #4385, #8335, #6399, #588, #6959, #8417, #5754, #7650, #3214, #505, #2405, #5154, #3089, #7692, #2533, #1810, #3131, #5833, #6314, #2492, #5710, #1894, #5113, #2577, #421, #7736, #1852, #4470, #1203, #3822, #5196, #6439, #1935, #3694, #2020, #2663, #6566 ) ),
 .UNSPECIFIED., .F., .F., .F.,
 ( 4, 3, 3, 3, 3, 3, 3, 3, 3, 3, 3, 3, 3, 3, 3, 3, 3, 3, 3, 3, 3, 3, 3, 3, 3, 3, 3, 3, 3, 3, 4 ),
 ( 4, 3, 3, 3, 3, 3, 3, 3, 3, 3, 3, 3, 3, 3, 3, 3, 3, 3, 3, 4 ),
 ( 0.000000000000000000, 0.05239728447297709035, 0.1047945689459542917, 0.1571918534189313821, 0.1833904956554198717, 0.2095891378919084724, 0.2357877801283970731, 0.2619864223648856738, 0.3143837068378627642, 0.3667809913108399100, 0.4191782757838170559, 0.4453769180203056566, 0.4715755602567942018, 0.5239728447297713476, 0.5763701292027484380, 0.6025687714392370387, 0.6287674136757255283, 0.6549660559122141290, 0.6811646981487027297, 0.7335619826216798200, 0.7597606248581684207, 0.7859592670946570214, 0.8121579093311455111, 0.8252572304493898114, 0.8285320607289509143, 0.8293507682988411345, 0.8295554451913137450, 0.8297601220837863556, 0.8301694758687314657, 0.8318068910085120171, 0.8383565515676341118 ),
 ( 0.02635074786244654549, 0.04103709256449494802, 0.05572343726654335749, 0.07040978196859176697, 0.08509612667064016256, 0.09978247137268855815, 0.1034540575482006675, 0.1071256437237127629, 0.1107972298992248583, 0.1126330229869809130, 0.1144688160747369676, 0.1163046091624930223, 0.1181404022502490769, 0.1218119884257611724, 0.1254835746012732678, 0.1291551607767853771, 0.1328267469522974586, 0.1364983331278095680, 0.1401699193033216773, 0.1438415054788337866 ),
 .UNSPECIFIED. ) ;
#953 = CARTESIAN_POINT ( 'NONE',  ( -5.446205597289844214, 4.098073583180262602, 52.93888959232396729 ) ) ;
#954 = CARTESIAN_POINT ( 'NONE',  ( -5.056941557366478435, 6.280447237908926894, 51.94413688028794951 ) ) ;
#955 = CARTESIAN_POINT ( 'NONE',  ( -1.711612835895872875, 9.201763443790628827, 53.21930068872887176 ) ) ;
#956 = CARTESIAN_POINT ( 'NONE',  ( -5.446256135765287887, 5.816133560520941437, 51.09676588262929897 ) ) ;
#957 = CARTESIAN_POINT ( 'NONE',  ( -3.603725713296493716, 6.105229080384567020, -5.845957731524148215 ) ) ;
#958 = CARTESIAN_POINT ( 'NONE',  ( -0.01248170384810700848, 5.601920155032089177, 57.07440393968634851 ) ) ;
#959 = CARTESIAN_POINT ( 'NONE',  ( -5.333373353139074347, 4.919462189077047576, 52.59506868985398853 ) ) ;
#960 = CARTESIAN_POINT ( 'NONE',  ( 0.004068120475684691012, 10.05976822502358914, 52.68966682666425072 ) ) ;
#961 = CARTESIAN_POINT ( 'NONE',  ( -5.852335800289052870, 3.391425588688092407, 50.95746926755182216 ) ) ;
#962 = CARTESIAN_POINT ( 'NONE',  ( -3.999371679555843162, 7.959565656768120334, 52.03088763150542206 ) ) ;
#963 = CARTESIAN_POINT ( 'NONE',  ( -0.5247145829205455136, 9.599324477547311218, 53.52790487491060389 ) ) ;
#964 = CARTESIAN_POINT ( 'NONE',  ( -4.747971909762229714, 5.630533959561308421, 53.34716144766940715 ) ) ;
#965 = CARTESIAN_POINT ( 'NONE',  ( -1.319703718703674210E-05, 9.580866039658520350, 53.71336053476527184 ) ) ;
#966 = CARTESIAN_POINT ( 'NONE',  ( -5.189401068428828978, 3.691502796370853101, -3.740401502502563424 ) ) ;
#967 = CARTESIAN_POINT ( 'NONE',  ( -3.326486816460991314, 7.302981136545773744, 53.89733124781453455 ) ) ;
#968 = DIRECTION ( 'NONE',  ( -3.414809992080346871E-15, 0.000000000000000000, -1.000000000000000000 ) ) ;
#969 = CARTESIAN_POINT ( 'NONE',  ( -1.596453511274178449, 9.886748560071167091, 4.087594266164388479 ) ) ;
#970 = CARTESIAN_POINT ( 'NONE',  ( -0.1208940296843134393, 5.994731586288366110, 56.88698782604063098 ) ) ;
#971 = CARTESIAN_POINT ( 'NONE',  ( -2.496158015039416256, 8.730523747631718123, 53.09916250342777033 ) ) ;
#972 = CARTESIAN_POINT ( 'NONE',  ( 0.002311427274589823982, 10.21907937801517008, 52.20462188578123630 ) ) ;
#973 = CARTESIAN_POINT ( 'NONE',  ( -0.3039778858231853009, 5.504147727546331303, 56.89760597302333878 ) ) ;
#974 = CARTESIAN_POINT ( 'NONE',  ( -5.227226821320517303, 6.160889817526937762, 51.52768577039437758 ) ) ;
#975 = CARTESIAN_POINT ( 'NONE',  ( -0.3738514768406892008, 10.24080535484764631, 52.01632930984708025 ) ) ;
#976 = CARTESIAN_POINT ( 'NONE',  ( -4.477451253569078915, 7.785035147093100072, 51.21325365756979409 ) ) ;
#977 = CARTESIAN_POINT ( 'NONE',  ( -0.7657223146029710215, 9.244393868012339865, 53.95720979866596423 ) ) ;
#978 = CARTESIAN_POINT ( 'NONE',  ( -3.749367572173930352, 8.075021913607155710, 0.4147196112946809343 ) ) ;
#979 = CARTESIAN_POINT ( 'NONE',  ( -5.591221621474208980, 5.402805953420182661, 39.74485246121546567 ) ) ;
#980 = CARTESIAN_POINT ( 'NONE',  ( 0.000000000000000000, 11.01917637831255803, 20.74928247448490026 ) ) ;
#981 = CARTESIAN_POINT ( 'NONE',  ( -4.455442355402691845, 7.184547493077102942, 50.95933768168646338 ) ) ;
#982 = CARTESIAN_POINT ( 'NONE',  ( -0.6846895102175825087, 9.043130295012323572, -2.371242870923128354 ) ) ;
#983 = CARTESIAN_POINT ( 'NONE',  ( -1.152009649338924469, 3.773430353600012666, 57.46760234575060622 ) ) ;
#984 = CARTESIAN_POINT ( 'NONE',  ( -0.01664270684119006569, 3.927353551435409873, 57.61762144079603587 ) ) ;
#985 = CARTESIAN_POINT ( 'NONE',  ( -4.535227323969245106, 6.703490893876445256, 52.69365363429825067 ) ) ;
#986 = CARTESIAN_POINT ( 'NONE',  ( -1.367414172438754072, 9.501901034682679992, 53.03706027361118203 ) ) ;
#987 = CARTESIAN_POINT ( 'NONE',  ( -0.2719053468922073002, 2.119019480083599305, 57.50000000000001421 ) ) ;
#988 = CARTESIAN_POINT ( 'NONE',  ( -5.132194722219248995, 6.884904226986625631, 15.73739794021518179 ) ) ;
#989 = CARTESIAN_POINT ( 'NONE',  ( 0.05804354546605767357, 10.15919601062993216, 52.39836119273073933 ) ) ;
#990 = CARTESIAN_POINT ( 'NONE',  ( -0.4514147373609435632, 10.02357262164689189, 51.11708849667577681 ) ) ;
#991 = CARTESIAN_POINT ( 'NONE',  ( -3.111415295942025150, 7.611255805461935253, 53.82782922514667234 ) ) ;
#992 = CARTESIAN_POINT ( 'NONE',  ( -0.05141951891033830213, 7.817926677070234476, 55.75003981898795757 ) ) ;
#993 = CARTESIAN_POINT ( 'NONE',  ( -4.981182833900827056, 6.218216476446675856, 52.24053194851163084 ) ) ;
#994 = CARTESIAN_POINT ( 'NONE',  ( -1.706463673710761242, 9.179125222101227166, 53.26281472918097393 ) ) ;
#995 = CARTESIAN_POINT ( 'NONE',  ( -4.877457700415284592, 5.389030097521855467, 53.30301022219081375 ) ) ;
#996 = CARTESIAN_POINT ( 'NONE',  ( -4.462997074371471307, 7.526150584922606690, 50.26814053810893768 ) ) ;
#997 = CARTESIAN_POINT ( 'NONE',  ( 0.009922447457437946067, 9.843258777470291321, 53.21130297800642950 ) ) ;
#998 = CARTESIAN_POINT ( 'NONE',  ( -0.1038937905963296104, 9.470413768442870861, -0.1910980121265827558 ) ) ;
#999 = CARTESIAN_POINT ( 'NONE',  ( -2.526388936731346568, 2.913138722400472780, 57.25112120831953177 ) ) ;
#1000 = CARTESIAN_POINT ( 'NONE',  ( -5.022743780970024829, 5.041393479474180594, 53.29171661521581171 ) ) ;
#1001 = CARTESIAN_POINT ( 'NONE',  ( 0.0009893818859244599920, 9.798714968657327162, 53.30432327536691872 ) ) ;
#1002 = CARTESIAN_POINT ( 'NONE',  ( -4.540244758368068290, 3.022638015279499157, 55.62455997627125015 ) ) ;
#1003 = CARTESIAN_POINT ( 'NONE',  ( -0.1298017035619229986, 3.916565193711510240, 57.61318130671533311 ) ) ;
#1004 = CARTESIAN_POINT ( 'NONE',  ( -5.336347072923762092, 5.266120582291245356, 52.23547654154839393 ) ) ;
#1005 = CARTESIAN_POINT ( 'NONE',  ( 0.005319720730625540975, 9.966768535702669851, 52.92853432157972549 ) ) ;
#1006 = CARTESIAN_POINT ( 'NONE',  ( -5.583479993391870622, 4.016067739927710711, 48.48519740086900498 ) ) ;
#1007 = CARTESIAN_POINT ( 'NONE',  ( -3.943775570780145845, 8.395099442528715983, 51.31189985983763080 ) ) ;
#1008 = CYLINDRICAL_SURFACE ( 'NONE', #1776, 0.09999999999999947820 ) ;
#1009 = CARTESIAN_POINT ( 'NONE',  ( -1.429345729126363151, 9.590402547870686689, 51.54783502571910248 ) ) ;
#1010 = CARTESIAN_POINT ( 'NONE',  ( -0.2706577851967518766, 10.04043179556110843, 52.69357609754962368 ) ) ;
#1011 = CARTESIAN_POINT ( 'NONE',  ( -2.585521557055984854, 9.251463361284498532, 51.98989938643254050 ) ) ;
#1012 = CARTESIAN_POINT ( 'NONE',  ( 0.002010692838686401699, 10.09357660515832400, 52.59319831014369129 ) ) ;
#1013 = CARTESIAN_POINT ( 'NONE',  ( -0.6642062609169625542, 3.988526014024024846, 57.08872754893059209 ) ) ;
#1014 = EDGE_CURVE ( 'NONE', #4006, #6453, #4343, .T. ) ;
#1015 = CARTESIAN_POINT ( 'NONE',  ( -5.182398490769321242, 6.126695728974669741, 51.73806967913841959 ) ) ;
#1016 = CARTESIAN_POINT ( 'NONE',  ( -2.204589933104909250, 9.744483201882145451, 51.27120127740569444 ) ) ;
#1017 = CARTESIAN_POINT ( 'NONE',  ( -4.435669385758031602, 7.734462963977690286, 51.42303928878844488 ) ) ;
#1018 = CARTESIAN_POINT ( 'NONE',  ( -0.8004438035033869525, 9.624221495049965824, 53.30226211198448993 ) ) ;
#1019 = CARTESIAN_POINT ( 'NONE',  ( -5.311974444250690652, 5.848046594743289361, 51.63150360479681211 ) ) ;
#1020 = CARTESIAN_POINT ( 'NONE',  ( -4.133515228682355769, 9.091905512591818450, 15.74059447576503246 ) ) ;
#1021 = CARTESIAN_POINT ( 'NONE',  ( -5.117693738964283590, 4.884369533540638741, -0.6129413017577521883 ) ) ;
#1022 = CARTESIAN_POINT ( 'NONE',  ( 0.000000000000000000, 8.879651479922204160, -3.545640674568617534 ) ) ;
#1023 = CARTESIAN_POINT ( 'NONE',  ( -1.876226691213632947, 7.844880906024125800, 54.79843668112615518 ) ) ;
#1024 = CARTESIAN_POINT ( 'NONE',  ( -2.186855785828234922, 9.375156609653499729, 50.95933768168647049 ) ) ;
#1025 = CARTESIAN_POINT ( 'NONE',  ( -1.212774871683283573, 10.81330477795395417, 42.67998995052926858 ) ) ;
#1026 = CARTESIAN_POINT ( 'NONE',  ( -3.100455354660093921, 8.910400793285841559, 51.90680210665316707 ) ) ;
#1027 = CARTESIAN_POINT ( 'NONE',  ( -0.006400046739499709245, 10.15914524648188966, 52.39978595668747374 ) ) ;
#1028 = CARTESIAN_POINT ( 'NONE',  ( -2.936055549661608755, 4.670418935205517208, 56.27984808327678223 ) ) ;
#1029 = CARTESIAN_POINT ( 'NONE',  ( -1.339371672947843761, 9.346755569766362015, 53.34789013868071095 ) ) ;
#1030 = CARTESIAN_POINT ( 'NONE',  ( -2.098488812743535728E-32, 1.562500000000000000, 57.50000000000000000 ) ) ;
#1031 = CARTESIAN_POINT ( 'NONE',  ( -5.525791859852631660, 6.634541076104571999, 46.30460486554039079 ) ) ;
#1032 = CARTESIAN_POINT ( 'NONE',  ( 0.04308112626178834531, 10.52831485006222323, 50.81792237209494090 ) ) ;
#1033 = CARTESIAN_POINT ( 'NONE',  ( -0.4759342705609315161, 10.17001575432032645, 50.25734256085832641 ) ) ;
#1034 = CARTESIAN_POINT ( 'NONE',  ( -3.367023141864883051, 7.776748637633184025, 53.30950676021370072 ) ) ;
#1035 = CARTESIAN_POINT ( 'NONE',  ( -0.04996195746322658338, 8.734719098544553972, 54.88547528223554650 ) ) ;
#1036 = CARTESIAN_POINT ( 'NONE',  ( -4.694053373354716285, 6.339694391991891109, 52.77918733474944446 ) ) ;
#1037 = CARTESIAN_POINT ( 'NONE',  ( -1.701291804593745072, 9.156042970984053397, 53.30612108896661994 ) ) ;
#1038 = CARTESIAN_POINT ( 'NONE',  ( -5.231534227206580567, 5.670730033948906623, 52.14043288101272822 ) ) ;
#1039 = CARTESIAN_POINT ( 'NONE',  ( -4.823867281202036672, 8.213487648659928198, 37.30541296555671948 ) ) ;
#1040 = CARTESIAN_POINT ( 'NONE',  ( 0.01348113392085028076, 10.15916805255221078, 52.39937596064546454 ) ) ;
#1041 = CARTESIAN_POINT ( 'NONE',  ( -0.1214353679722994239, 8.745222944656489972, -4.152639900135640438 ) ) ;
#1042 = CARTESIAN_POINT ( 'NONE',  ( -4.598156268936561375, 4.121816014328739897, 54.85415940631537524 ) ) ;
#1043 = CARTESIAN_POINT ( 'NONE',  ( -4.974509429818589901, 4.999791003298460268, 53.43514062663347630 ) ) ;
#1044 = CARTESIAN_POINT ( 'NONE',  ( 0.004568651801986897860, 10.15916245658501005, 52.39957892301798381 ) ) ;
#1045 = CARTESIAN_POINT ( 'NONE',  ( -5.517070038610126126, 3.302297703888142699, 53.29902040977967914 ) ) ;
#1046 = CARTESIAN_POINT ( 'NONE',  ( -0.4576644620466231439, 10.03687919189550293, 52.60087125475460113 ) ) ;
#1047 = CARTESIAN_POINT ( 'NONE',  ( -4.888823151897767616, 5.040242511823988636, 53.58316975554632222 ) ) ;
#1048 = CARTESIAN_POINT ( 'NONE',  ( 0.004288127721752565784, 9.885980030525249873, 53.11763212746327412 ) ) ;
#1049 = CARTESIAN_POINT ( 'NONE',  ( -5.464736736384637084, 3.819832419004614454, 31.92485981213945578 ) ) ;
#1050 = CARTESIAN_POINT ( 'NONE',  ( -3.961887267682054237, 8.422545281872903189, 51.20784875161830740 ) ) ;
#1051 = CARTESIAN_POINT ( 'NONE',  ( -0.7521174950957335570, 5.213017753167525470, -13.05483378604593625 ) ) ;
#1052 = CARTESIAN_POINT ( 'NONE',  ( -0.1813337815435941414, 10.17988839160647885, 52.30563019159936999 ) ) ;
#1053 = CARTESIAN_POINT ( 'NONE',  ( -2.372599041255327723, 8.656961963987502173, 53.35224545916877759 ) ) ;
#1054 = CARTESIAN_POINT ( 'NONE',  ( -0.005756841539603633866, 9.363663966619233392, 54.06372697178702680 ) ) ;
#1055 = CARTESIAN_POINT ( 'NONE',  ( -0.1945616505039318711, 3.988643563760145394, 57.17401596113726470 ) ) ;
#1056 = CARTESIAN_POINT ( 'NONE',  ( -4.601883725539324566, 5.725288751059366632, 53.53580320641084711 ) ) ;
#1057 = CARTESIAN_POINT ( 'NONE',  ( -1.649597855711844030, 8.013397650242321646, 54.80815756117073079 ) ) ;
#1058 = CARTESIAN_POINT ( 'NONE',  ( -4.299973201872337114, 7.568690231702793980, 52.03731968937513841 ) ) ;
#1059 = CARTESIAN_POINT ( 'NONE',  ( -0.8851811703827769939, 10.28963221987807586, 51.33421635196499011 ) ) ;
#1060 = CARTESIAN_POINT ( 'NONE',  ( -5.196325167870313066, 5.766808286689247609, 52.14095517557027648 ) ) ;
#1061 = CARTESIAN_POINT ( 'NONE',  ( -3.466166026935727285, 7.251371452856526290, 52.96716254917342326 ) ) ;
#1062 = CARTESIAN_POINT ( 'NONE',  ( -5.320868267946085695, 4.689035804242174699, 2.082385961324838775 ) ) ;
#1063 = CARTESIAN_POINT ( 'NONE',  ( -0.05387363042362890847, 8.861526104270012638, 54.15918298610340997 ) ) ;
#1064 = CARTESIAN_POINT ( 'NONE',  ( -2.500164421749043964, 9.605022918201093773, 51.17721945737218903 ) ) ;
#1065 = CARTESIAN_POINT ( 'NONE',  ( -4.134688732404784517, 7.675884579602342939, 50.95933768168648470 ) ) ;
#1066 = CARTESIAN_POINT ( 'NONE',  ( -0.9902581268105276058, 10.32857330055334444, 7.835956027069953755 ) ) ;
#1067 = CARTESIAN_POINT ( 'NONE',  ( -2.738861585011223010, 8.564190518833079580, 53.05948271828431473 ) ) ;
#1068 = CARTESIAN_POINT ( 'NONE',  ( -0.007323474802890864860, 10.37231157197736309, 51.61376613467723473 ) ) ;
#1069 = CARTESIAN_POINT ( 'NONE',  ( -4.346881906904623172, 6.759738168309027628, 52.98574084274108031 ) ) ;
#1070 = CARTESIAN_POINT ( 'NONE',  ( -1.116007230679848750, 9.141445246759040799, 53.86566351627876514 ) ) ;
#1071 = CARTESIAN_POINT ( 'NONE',  ( -2.934246294865621607, 8.570576809161178033, -0.5976901654219937132 ) ) ;
#1072 = CARTESIAN_POINT ( 'NONE',  ( -2.581387727860082748, 8.171012960388331692, 52.96577080738471466 ) ) ;
#1073 = CARTESIAN_POINT ( 'NONE',  ( -4.828007003579909195, 5.989157309830931197, 51.63490286485640723 ) ) ;
#1074 = CARTESIAN_POINT ( 'NONE',  ( 0.01649885892435055609, 5.601717301264340421, 57.07606971714563571 ) ) ;
#1075 = CARTESIAN_POINT ( 'NONE',  ( -0.8418165439054760002, 1.580516128993445735, 57.50000000000000711 ) ) ;
#1076 = CARTESIAN_POINT ( 'NONE',  ( -0.6432438384641164797, 10.43606512630325511, 9.116374886331277239 ) ) ;
#1077 = CARTESIAN_POINT ( 'NONE',  ( -3.494372249894369009, 8.404775759666469170, 52.21446144979024950 ) ) ;
#1078 = CARTESIAN_POINT ( 'NONE',  ( -0.08930258569945424829, 10.29875575379269037, 51.91181499251257492 ) ) ;
#1079 = CARTESIAN_POINT ( 'NONE',  ( -5.529240315105905523, 4.354415208404839532, 52.41106938049118469 ) ) ;
#1080 = CARTESIAN_POINT ( 'NONE',  ( -4.270706877279470071, 5.838991168783954855, 53.99273912868315506 ) ) ;
#1081 = CARTESIAN_POINT ( 'NONE',  ( -1.696119935476729124, 9.132960719866879629, 53.34942744875227305 ) ) ;
#1082 = CARTESIAN_POINT ( 'NONE',  ( -3.093440016992846875, 3.627111003440830039, 56.68367656312375402 ) ) ;
#1083 = CARTESIAN_POINT ( 'NONE',  ( -2.098488812743535728E-32, 1.562500000000000000, 57.50000000000000000 ) ) ;
#1084 = CARTESIAN_POINT ( 'NONE',  ( 0.006737461619037988549, 9.363698232265400989, 54.06404509095009558 ) ) ;
#1085 = CARTESIAN_POINT ( 'NONE',  ( -0.1122407929899105344, 9.000194302644256794, -2.952150281759823969 ) ) ;
#1086 = CARTESIAN_POINT ( 'NONE',  ( -5.165480887673028931, 4.578815221892558185, 53.34708579239986648 ) ) ;
#1087 = CARTESIAN_POINT ( 'NONE',  ( -5.102531763701454004, 3.293712614413335515, 54.51036078142206520 ) ) ;
#1088 = CARTESIAN_POINT ( 'NONE',  ( -0.4891613829401075808, 10.44651618088216871, 51.02443646176153180 ) ) ;
#1089 = CARTESIAN_POINT ( 'NONE',  ( -5.484425444318713261, 5.354754670434838992, 51.52089386485892675 ) ) ;
#1090 = CARTESIAN_POINT ( 'NONE',  ( 0.006233210183180555239, 10.39446283028610196, 51.51437889061434561 ) ) ;
#1091 = CARTESIAN_POINT ( 'NONE',  ( -5.507218087189852618, 3.459859315347409758, 49.93861689964938222 ) ) ;
#1092 = CARTESIAN_POINT ( 'NONE',  ( -0.6912623168014462305, 5.263850817640213009, -13.05663863858465312 ) ) ;
#1093 = CARTESIAN_POINT ( 'NONE',  ( -0.1118684653144195046, 7.126010050917151339, 56.24893678037396683 ) ) ;
#1094 = CARTESIAN_POINT ( 'NONE',  ( -2.558463374862461670, 9.184040392084421356, 52.18526496582741458 ) ) ;
#1095 = CARTESIAN_POINT ( 'NONE',  ( 0.002886105847769286983, 10.27376428180163437, 52.00835721053955041 ) ) ;
#1096 = CIRCLE ( 'NONE', #3979, 0.09999999999999947820 ) ;
#1097 = CARTESIAN_POINT ( 'NONE',  ( -0.003977885823236437801, 3.988646588552831052, 57.19061771819021800 ) ) ;
#1098 = CARTESIAN_POINT ( 'NONE',  ( -5.249265977814649098, 6.177684227511522685, 51.42197191783866828 ) ) ;
#1099 = CARTESIAN_POINT ( 'NONE',  ( -5.453636923240495982, 3.679075881712020823, 53.24358226601231081 ) ) ;
#1100 = CARTESIAN_POINT ( 'NONE',  ( -2.154411436702733162, 9.604536758978410305, 51.77561726293028244 ) ) ;
#1101 = CARTESIAN_POINT ( 'NONE',  ( -1.581329646380181364, 3.410349335230475010, 57.44671088204749054 ) ) ;
#1102 = CARTESIAN_POINT ( 'NONE',  ( -0.7182455698727137072, 9.744808095756695820, 53.12051435217188811 ) ) ;
#1103 = CARTESIAN_POINT ( 'NONE',  ( -4.826331646585096280, 5.461927928508812258, 53.34190420948069544 ) ) ;
#1104 = CARTESIAN_POINT ( 'NONE',  ( -3.549213326917420197, 7.697990837941432574, -1.817522914258211442 ) ) ;
#1105 = CARTESIAN_POINT ( 'NONE',  ( -4.069837743851547174, 3.937591709684072239, -8.612590203900525765 ) ) ;
#1106 = CARTESIAN_POINT ( 'NONE',  ( -0.02184585269274673738, 6.958444683378267825, -10.03634398794807936 ) ) ;
#1107 = CARTESIAN_POINT ( 'NONE',  ( -1.604048036058733251, 6.712571939631704510, 55.90420884100229415 ) ) ;
#1108 = CARTESIAN_POINT ( 'NONE',  ( -3.352991751017497357, 9.091595273123813215, 50.95933768168644917 ) ) ;
#1109 = CARTESIAN_POINT ( 'NONE',  ( -0.6017400722245282996, 5.979912989851142058, 56.42417064368583368 ) ) ;
#1110 = CARTESIAN_POINT ( 'NONE',  ( -2.812863766987854675, 8.750134293803240482, 52.66355857065639157 ) ) ;
#1111 = CARTESIAN_POINT ( 'NONE',  ( -0.005110696884181979878, 10.45609503008432029, 51.21648817057920411 ) ) ;
#1112 = CARTESIAN_POINT ( 'NONE',  ( -4.808859767438116606, 7.261247311882154776, 51.21411508072140606 ) ) ;
#1113 = CARTESIAN_POINT ( 'NONE',  ( -1.313717750304723486, 10.23954565999395427, 50.94221493488933561 ) ) ;
#1114 = CARTESIAN_POINT ( 'NONE',  ( -3.184684248015010155, 9.427128447385555887, 6.177505979043732331 ) ) ;
#1115 = CARTESIAN_POINT ( 'NONE',  ( -3.091205065743745539, 10.26949067712799568, 39.78039293588652470 ) ) ;
#1116 = CARTESIAN_POINT ( 'NONE',  ( -5.232705840841512135, 6.173915573452122274, 33.64148135487593549 ) ) ;
#1117 = CARTESIAN_POINT ( 'NONE',  ( 0.03636228495702836794, 8.141714756216344995, 55.48101571093508966 ) ) ;
#1118 = CARTESIAN_POINT ( 'NONE',  ( -5.446165634745127271, 1.746795557699608148, -5.137913271749430244 ) ) ;
#1119 = CARTESIAN_POINT ( 'NONE',  ( -1.462434383211648364E-15, 1.562500000000000000, -14.99999999999999822 ) ) ;
#1120 = CARTESIAN_POINT ( 'NONE',  ( -3.212613877922385619, 7.845496369588394359, 53.43081991805848929 ) ) ;
#1121 = CARTESIAN_POINT ( 'NONE',  ( -0.03235076913735908388, 9.729005267766185128, 53.44230678317657635 ) ) ;
#1122 = CARTESIAN_POINT ( 'NONE',  ( -5.196001543790319310, 4.158612233946839432, 53.61630399201727215 ) ) ;
#1123 = CARTESIAN_POINT ( 'NONE',  ( -4.626648079896586552, 6.270183891835179324, 52.98211199654935655 ) ) ;
#1124 = CARTESIAN_POINT ( 'NONE',  ( -0.9069325970253874214, 5.668341633953290604, 56.83866606525218401 ) ) ;
#1125 = CARTESIAN_POINT ( 'NONE',  ( -5.418352526621792897, 5.674566465600303644, 51.41761743179286270 ) ) ;
#1126 = CARTESIAN_POINT ( 'NONE',  ( -1.050374631704202422, 2.814069422427771361, -14.99999999999999112 ) ) ;
#1127 = CARTESIAN_POINT ( 'NONE',  ( -0.007473308919438517196, 3.927273636523336720, 57.61796916774273569 ) ) ;
#1128 = CARTESIAN_POINT ( 'NONE',  ( -0.1553811582730872942, 6.165746102140820639, 56.44854692671295737 ) ) ;
#1129 = CARTESIAN_POINT ( 'NONE',  ( -5.606795381582401205, 4.837068340237145492, 51.51567119959150176 ) ) ;
#1130 = ORIENTED_EDGE ( 'NONE', *, *, #7744, .T. ) ;
#1131 = CARTESIAN_POINT ( 'NONE',  ( -5.647292659019877092, 3.552762258319479560, 52.57621337143062590 ) ) ;
#1132 = CARTESIAN_POINT ( 'NONE',  ( -0.3729892989778848533, 8.088187122620174918, 55.45585249582472898 ) ) ;
#1133 = CARTESIAN_POINT ( 'NONE',  ( -4.963218423889443898, 5.107638686589431209, 53.36651376607322561 ) ) ;
#1134 = CARTESIAN_POINT ( 'NONE',  ( -0.0004573169446099272081, 9.475389178786562283, 53.89042333888475866 ) ) ;
#1135 = CARTESIAN_POINT ( 'NONE',  ( -5.113627134882187342, 3.136254506877533821, -5.881692101203665146 ) ) ;
#1136 = CARTESIAN_POINT ( 'NONE',  ( -1.344258969527596381, 7.755978474483642415, -6.560397758260572587 ) ) ;
#1137 = CARTESIAN_POINT ( 'NONE',  ( -0.1315321242100919163, 9.815864636703198087, 53.25794219666740048 ) ) ;
#1138 = CARTESIAN_POINT ( 'NONE',  ( -0.9293217456323196179, 3.938810480107636902, 57.47688870323788990 ) ) ;
#1139 = CARTESIAN_POINT ( 'NONE',  ( 0.001206963136624908785, 10.51136171297379462, 50.91782354823165235 ) ) ;
#1140 = CARTESIAN_POINT ( 'NONE',  ( -0.4771706376322470411, 3.988604216864940710, 57.12812553023939444 ) ) ;
#1141 = CARTESIAN_POINT ( 'NONE',  ( -4.184389371873190377, 5.231046754278333211, 54.63732287084229000 ) ) ;
#1142 = CARTESIAN_POINT ( 'NONE',  ( -5.822397118112138337, 3.595011325356630039, 51.17834717826502100 ) ) ;
#1143 = CARTESIAN_POINT ( 'NONE',  ( -2.175134025807659022, 9.662964400084211647, 51.57513237005450435 ) ) ;
#1144 = CARTESIAN_POINT ( 'NONE',  ( -3.965116907441158745, 7.113201511215880402, 53.22528257070688085 ) ) ;
#1145 = CARTESIAN_POINT ( 'NONE',  ( -0.8542105086032989458, 10.08710477007328166, 52.12771463671102623 ) ) ;
#1146 = CARTESIAN_POINT ( 'NONE',  ( -4.991762076776069534, 5.612059502987965409, 52.85425279806794663 ) ) ;
#1147 = CARTESIAN_POINT ( 'NONE',  ( -3.418943263980684488, 7.450722171060864873, -3.040469191035777730 ) ) ;
#1148 = CARTESIAN_POINT ( 'NONE',  ( -3.435987065738232538, 3.176004633862337556, 56.23403563607486433 ) ) ;
#1149 = CARTESIAN_POINT ( 'NONE',  ( -0.03068087875376538168, 10.19963056969485216, 6.159352607635097954 ) ) ;
#1150 = CARTESIAN_POINT ( 'NONE',  ( -2.140437295742577462, 8.886920709793285411, 53.26639151238251202 ) ) ;
#1151 = CARTESIAN_POINT ( 'NONE',  ( -5.508672783383820715, 5.699193864656860953, 50.95933768168649181 ) ) ;
#1152 = CARTESIAN_POINT ( 'NONE',  ( -1.311957608673241626, 10.89415569453137600, 31.92478022486721301 ) ) ;
#1153 = CARTESIAN_POINT ( 'NONE',  ( -1.611221968002787275, 5.154673283142604312, 56.79883657803055286 ) ) ;
#1154 = CARTESIAN_POINT ( 'NONE',  ( -0.005442266646546563107, 10.49359930640995309, 51.01745644232340737 ) ) ;
#1155 = CARTESIAN_POINT ( 'NONE',  ( -2.344252241926121361, 4.039053420080215062, 56.93359929486995696 ) ) ;
#1156 = CARTESIAN_POINT ( 'NONE',  ( -1.188989818945333843, 9.638689130305101216, 52.94309305030058255 ) ) ;
#1157 = CARTESIAN_POINT ( 'NONE',  ( -3.003160153558472878, 8.744369933321628707, 0.4124897803293992582 ) ) ;
#1158 = CARTESIAN_POINT ( 'NONE',  ( -4.894089874580668464, 5.985306718783811597, 0.4199225502136721966 ) ) ;
#1159 = CARTESIAN_POINT ( 'NONE',  ( 0.02608503531431632938, 7.130033982046469099, 56.25773175173852536 ) ) ;
#1160 = CARTESIAN_POINT ( 'NONE',  ( -5.500965014848397949, 1.764617376215954492, -1.260709341633756253 ) ) ;
#1161 = CARTESIAN_POINT ( 'NONE',  ( -0.6313993299758490219, 10.99995286938344208, 31.92477412511285451 ) ) ;
#1162 = CARTESIAN_POINT ( 'NONE',  ( -1.580427885161292734, 4.316367868295476917, 57.14731167062330286 ) ) ;
#1163 = CARTESIAN_POINT ( 'NONE',  ( -0.04388694486641688680, 10.43589517532572941, 51.31647955329142263 ) ) ;
#1164 = CARTESIAN_POINT ( 'NONE',  ( -5.304375738292983478, 4.231606797695509847, 53.26338007133412589 ) ) ;
#1165 = CARTESIAN_POINT ( 'NONE',  ( -5.039366295688099129, 6.393803134933476073, 51.84161802447339795 ) ) ;
#1166 = ADVANCED_FACE ( 'NONE', ( #7444 ), #4178, .T. ) ;
#1167 = CARTESIAN_POINT ( 'NONE',  ( -1.750039511951489990, 9.759348120783611691, 51.96099030520381490 ) ) ;
#1168 = CARTESIAN_POINT ( 'NONE',  ( -5.483076039270105007, 5.840892331872299614, 50.88197751473096986 ) ) ;
#1169 = CARTESIAN_POINT ( 'NONE',  ( -4.924935799640186573, 7.525069640953900851, 48.52213665522181429 ) ) ;
#1170 = CARTESIAN_POINT ( 'NONE',  ( -0.002885503096576340874, 8.141702697963811630, 55.47871104839309453 ) ) ;
#1171 = CARTESIAN_POINT ( 'NONE',  ( -0.2527226765062506320, 8.734914614090314444, -4.156238699651338742 ) ) ;
#1172 = CARTESIAN_POINT ( 'NONE',  ( -5.515984646041287576, 4.792283481307362258, 52.03574050423145536 ) ) ;
#1173 = VERTEX_POINT ( 'NONE', #6687 ) ;
#1174 = CARTESIAN_POINT ( 'NONE',  ( -0.4392041920518229281, 9.669262985803676713, 53.43886925420729739 ) ) ;
#1175 = CARTESIAN_POINT ( 'NONE',  ( -5.134318958208641703, 5.247911347134682991, 52.84841973269168136 ) ) ;
#1176 = CARTESIAN_POINT ( 'NONE',  ( -0.01694025189153339217, 5.601951361205361302, 57.07414766478445500 ) ) ;
#1177 = CARTESIAN_POINT ( 'NONE',  ( -5.504760594853113531, 2.843964503317489623, 50.27853859027634797 ) ) ;
#1178 = CARTESIAN_POINT ( 'NONE',  ( -1.165176329378146525, 7.527043182502075602, 55.05647114564424527 ) ) ;
#1179 = CARTESIAN_POINT ( 'NONE',  ( -0.1793563487840587611, 10.08397680409226993, 52.59604742158244051 ) ) ;
#1180 = CARTESIAN_POINT ( 'NONE',  ( -1.707857716486287813, 6.267977939426036649, 56.14739333997422932 ) ) ;
#1181 = CARTESIAN_POINT ( 'NONE',  ( -0.02041447010135002266, 7.130158406256750681, 56.25471937921531662 ) ) ;
#1182 = CARTESIAN_POINT ( 'NONE',  ( -3.782057656045820337, 2.584520764401743609, 56.61705322809763175 ) ) ;
#1183 = CARTESIAN_POINT ( 'NONE',  ( -4.480593488738302987, 5.712838877453574327, 53.76047580379757562 ) ) ;
#1184 = CARTESIAN_POINT ( 'NONE',  ( -5.444433045347922828, 3.674337729810235320, 53.27798463829799402 ) ) ;
#1185 = CARTESIAN_POINT ( 'NONE',  ( -1.916942565769536033, 9.197287504292159355, 53.00210860910896571 ) ) ;
#1186 = CARTESIAN_POINT ( 'NONE',  ( -4.136746062378869659, 7.666211019875908583, 52.23044317701228323 ) ) ;
#1187 = CARTESIAN_POINT ( 'NONE',  ( -0.6500017119433170176, 8.866399119855310929, 54.54188868514478372 ) ) ;
#1188 = CARTESIAN_POINT ( 'NONE',  ( -4.876418067295701597, 5.510159289895258716, 53.19684583087995122 ) ) ;
#1189 = CARTESIAN_POINT ( 'NONE',  ( -3.550523507770674048, 7.085794082296073881, -3.646916305094268118 ) ) ;
#1190 = CARTESIAN_POINT ( 'NONE',  ( -5.365328729666185126, 5.032151970215851478, 31.92484819355956205 ) ) ;
#1191 = CARTESIAN_POINT ( 'NONE',  ( -0.02079000748595790510, 8.557004877259752007, -4.964536283478421019 ) ) ;
#1192 = CARTESIAN_POINT ( 'NONE',  ( -2.020399968960306936, 8.433903219885246827, 54.01404261098033288 ) ) ;
#1193 = CARTESIAN_POINT ( 'NONE',  ( -5.104936888818906837, 6.823670898393619844, 50.95933768168647049 ) ) ;
#1194 = CARTESIAN_POINT ( 'NONE',  ( -0.7518154417882438878, 7.317441974252039572, -8.668559121662250178 ) ) ;
#1195 = CARTESIAN_POINT ( 'NONE',  ( -2.206544008003433532, 6.930676088915893374, 55.35063171812119265 ) ) ;
#1196 = CARTESIAN_POINT ( 'NONE',  ( -0.005590870039583534755, 10.51135752228079312, 50.91788021626030769 ) ) ;
#1197 = PRODUCT_DEFINITION ( 'UNKNOWN', '', #5065, #4071 ) ;
#1198 = CARTESIAN_POINT ( 'NONE',  ( -3.597090413259369512, 7.481450341843665086, 53.34674916851862747 ) ) ;
#1199 = CARTESIAN_POINT ( 'NONE',  ( -4.051299382546744710, 6.349295640331237500, 53.86214259889603539 ) ) ;
#1200 = CARTESIAN_POINT ( 'NONE',  ( -1.281305981575421526, 10.10360847071176593, 51.54632729596101370 ) ) ;
#1201 = CARTESIAN_POINT ( 'NONE',  ( -3.305689201122993026, 9.939631742623982191, 15.74219274353986719 ) ) ;
#1202 = CARTESIAN_POINT ( 'NONE',  ( -5.217791641013130644, 6.140264663333022455, 24.06958164668645139 ) ) ;
#1203 = CARTESIAN_POINT ( 'NONE',  ( 0.07994869006232475928, 10.37231459596410588, 51.61202904963323590 ) ) ;
#1204 = CARTESIAN_POINT ( 'NONE',  ( -5.498754525705059848, 1.755322927465993610, 4.168259116749158721 ) ) ;
#1205 = CARTESIAN_POINT ( 'NONE',  ( -0.6930260555177348847, 10.85133987103323605, 15.74605522399590996 ) ) ;
#1206 = CARTESIAN_POINT ( 'NONE',  ( -3.262288717201855093, 7.955767842298219428, 53.22977292512045011 ) ) ;
#1207 = CARTESIAN_POINT ( 'NONE',  ( -0.02964160963781119554, 10.05949707268091053, 52.69016043684511885 ) ) ;
#1208 = CARTESIAN_POINT ( 'NONE',  ( -5.293934560918027721, 4.224790964312990837, 53.29833563129817264 ) ) ;
#1209 = CARTESIAN_POINT ( 'NONE',  ( -4.984861951038269900, 4.891997992476786017, 53.50363793632391207 ) ) ;
#1210 = CARTESIAN_POINT ( 'NONE',  ( -4.666956284545157985, 6.312404170903916700, 52.86192170811327173 ) ) ;
#1211 = CARTESIAN_POINT ( 'NONE',  ( -1.784225459236573164, 9.872911208136281758, 51.56246518230994269 ) ) ;
#1212 = CARTESIAN_POINT ( 'NONE',  ( -4.341114170654138960, 6.417241727703475895, 52.41500877346948073 ) ) ;
#1213 = CARTESIAN_POINT ( 'NONE',  ( 0.01859297135179815291, 9.864647131334194796, 53.16440047124590507 ) ) ;
#1214 = CARTESIAN_POINT ( 'NONE',  ( -0.2727242906690224844, 7.984935161789102231, -6.993370388507996083 ) ) ;
#1215 = CARTESIAN_POINT ( 'NONE',  ( -4.155960479848674893, 3.778064780248867383, 55.67822745456967937 ) ) ;
#1216 = CARTESIAN_POINT ( 'NONE',  ( -3.979998964583962628, 8.449991121217090395, 51.10379764339897690 ) ) ;
#1217 = ORIENTED_EDGE ( 'NONE', *, *, #3796, .F. ) ;
#1218 = CARTESIAN_POINT ( 'NONE',  ( -0.3109050663653969426, 8.403572085647381229, 55.16611173012969971 ) ) ;
#1219 = CARTESIAN_POINT ( 'NONE',  ( -3.159145191658506047, 3.544204469294078397, 56.67789887387379366 ) ) ;
#1220 = CARTESIAN_POINT ( 'NONE',  ( -0.01176604980104887024, 3.927319825027746347, 57.61780525969714262 ) ) ;
#1221 = CARTESIAN_POINT ( 'NONE',  ( -1.581884580415126917, 2.025425621699049383, -14.99999999999998934 ) ) ;
#1222 = CARTESIAN_POINT ( 'NONE',  ( -1.885085223300696278, 10.30450543509341799, 9.117428489538127678 ) ) ;
#1223 = CARTESIAN_POINT ( 'NONE',  ( -2.333303659001690900, 8.854140592706087887, 53.09687134279052145 ) ) ;
#1224 = CARTESIAN_POINT ( 'NONE',  ( 0.002317211794686602992, 10.37232369141055166, 51.61360681413182050 ) ) ;
#1225 = CARTESIAN_POINT ( 'NONE',  ( -5.142854483341283256, 3.709226220554434406, 52.81548909848598328 ) ) ;
#1226 = CARTESIAN_POINT ( 'NONE',  ( -4.688899930092786050, 5.948304101287577694, 53.16982054543620961 ) ) ;
#1227 = CARTESIAN_POINT ( 'NONE',  ( -3.149767505067064377, 2.563835986933034938, 57.03722328977189449 ) ) ;
#1228 = CARTESIAN_POINT ( 'NONE',  ( -1.280585203242218695, 6.589063645445312645, 56.17279246758937461 ) ) ;
#1229 = CARTESIAN_POINT ( 'NONE',  ( -3.618398762819661219, 7.172524048697442645, 53.65633707128289842 ) ) ;
#1230 = CARTESIAN_POINT ( 'NONE',  ( -0.6969737360610630539, 9.489377299652669961, 53.61418594843365071 ) ) ;
#1231 = CARTESIAN_POINT ( 'NONE',  ( -5.185816134208870665, 5.880986282927770148, 52.04357786252916895 ) ) ;
#1232 = CARTESIAN_POINT ( 'NONE',  ( -1.369350495290443392, 2.375840956666923187, -14.99999999999999112 ) ) ;
#1233 = CARTESIAN_POINT ( 'NONE',  ( -0.09387273817890100236, 11.00077161886263610, 34.88687390421669932 ) ) ;
#1234 = CARTESIAN_POINT ( 'NONE',  ( -2.269007310633104346, 9.293407412091628572, 52.36741190882186459 ) ) ;
#1235 = CARTESIAN_POINT ( 'NONE',  ( -4.048385668123732017, 8.442670615186624872, 50.95933768168644917 ) ) ;
#1236 = CARTESIAN_POINT ( 'NONE',  ( -1.351223570765766935, 10.52828555814742195, 46.40575622739030592 ) ) ;
#1237 = CARTESIAN_POINT ( 'NONE',  ( -2.924505894207830803, 9.005137923126659061, 52.00103282833810425 ) ) ;
#1238 = CARTESIAN_POINT ( 'NONE',  ( -0.02225055701460907157, 7.474393529505226397, 56.00315464303827895 ) ) ;
#1239 = CARTESIAN_POINT ( 'NONE',  ( -4.145045813775464438, 8.164373612969276550, 51.31477250480809005 ) ) ;
#1240 = CARTESIAN_POINT ( 'NONE',  ( -4.443354656902899436, 7.153921074014789383, 52.33180955849078231 ) ) ;
#1241 = CARTESIAN_POINT ( 'NONE',  ( -0.9247597359084235302, 9.054445615714092455, 54.12073721260106396 ) ) ;
#1242 = CARTESIAN_POINT ( 'NONE',  ( -1.780078101935506307, 5.091766992933957070, 56.36079230781544425 ) ) ;
#1243 = CARTESIAN_POINT ( 'NONE',  ( -5.227146360056447172, 6.513702476668210117, 15.73686518429021497 ) ) ;
#1244 = CARTESIAN_POINT ( 'NONE',  ( 0.06175762384720911990, 10.43634164731961711, 51.31489453430675240 ) ) ;
#1245 = CARTESIAN_POINT ( 'NONE',  ( -5.499999943452114515, 1.562499999999999556, 10.77929105039767776 ) ) ;
#1246 = CARTESIAN_POINT ( 'NONE',  ( -0.6543364579302144435, 10.98247904076019665, 33.64221479894579403 ) ) ;
#1247 = AXIS2_PLACEMENT_3D ( 'NONE', #5465, #2208, #2162 ) ;
#1248 = CARTESIAN_POINT ( 'NONE',  ( -2.965941653914224485, 7.688788545609395619, 53.91023301864505868 ) ) ;
#1249 = CARTESIAN_POINT ( 'NONE',  ( -0.03028242628646360401, 9.946829454943436843, 52.97633570808010006 ) ) ;
#1250 = CARTESIAN_POINT ( 'NONE',  ( -5.101650731446197184, 4.092193903058637616, 53.90283578993282987 ) ) ;
#1251 = CARTESIAN_POINT ( 'NONE',  ( -3.665164224185211594, 3.728907818466629998, 56.20850541928909649 ) ) ;
#1252 = CARTESIAN_POINT ( 'NONE',  ( -3.929056315781683573, 5.632141758268984333, 54.66290082677288353 ) ) ;
#1253 = CARTESIAN_POINT ( 'NONE',  ( -0.8392213216066148895, 5.299064130253460903, 57.02662748370841683 ) ) ;
#1254 = CARTESIAN_POINT ( 'NONE',  ( -4.179404088888389879, 6.705475339806258539, 52.40950744272055317 ) ) ;
#1255 = CARTESIAN_POINT ( 'NONE',  ( 0.01224584114593398401, 9.475424546558038230, 53.89067785047968329 ) ) ;
#1256 = CARTESIAN_POINT ( 'NONE',  ( -0.3943125533485475342, 10.97281506905297377, 37.31581540254097007 ) ) ;
#1257 = CARTESIAN_POINT ( 'NONE',  ( -3.609700352776945564, 7.864245143655511860, 52.85779026757722932 ) ) ;
#1258 = VERTEX_POINT ( 'NONE', #800 ) ;
#1259 = CARTESIAN_POINT ( 'NONE',  ( -4.060261272066425065, 4.340129914459588178, 55.44683675887845453 ) ) ;
#1260 = CARTESIAN_POINT ( 'NONE',  ( -0.01269745018753904581, 8.141699678035150711, 55.47813488350531230 ) ) ;
#1261 = CARTESIAN_POINT ( 'NONE',  ( -5.488321744357584464, 3.201014578917539044, 31.92486562142939022 ) ) ;
#1262 = CARTESIAN_POINT ( 'NONE',  ( -2.134242110119258573, 10.66359074472348212, 36.12987811438270569 ) ) ;
#1263 = CARTESIAN_POINT ( 'NONE',  ( -2.284599471036858453, 8.694883523617294330, 53.39400303402116066 ) ) ;
#1264 = CARTESIAN_POINT ( 'NONE',  ( 0.003127611932418591749, 10.32524461919414271, 51.81139684205913198 ) ) ;
#1265 = CARTESIAN_POINT ( 'NONE',  ( -4.965194011598351054, 3.773511034580826262, 53.34866242122486568 ) ) ;
#1266 = CARTESIAN_POINT ( 'NONE',  ( -3.082329459591763410, 4.064546267113681388, 56.47459547965659254 ) ) ;
#1267 = CARTESIAN_POINT ( 'NONE',  ( -5.480716036177175177, 3.692700534458225992, 53.14092640885493779 ) ) ;
#1268 = CARTESIAN_POINT ( 'NONE',  ( -1.902107947202331228, 9.522156512724389898, 52.35516617190343425 ) ) ;
#1269 = CARTESIAN_POINT ( 'NONE',  ( -3.822498164046648661, 7.200203308922304757, 53.34325581945204675 ) ) ;
#1270 = CARTESIAN_POINT ( 'NONE',  ( -0.4749514376622758216, 7.386178961765737405, 55.97266382549738495 ) ) ;
#1271 = CARTESIAN_POINT ( 'NONE',  ( -4.825572909779130448, 5.584267910551842462, 53.23542811727645585 ) ) ;
#1272 = CARTESIAN_POINT ( 'NONE',  ( -3.035257550231285517, 10.24237174717646148, 20.74972826024817607 ) ) ;
#1273 = CARTESIAN_POINT ( 'NONE',  ( -5.069080339160452198, 4.122960200461005087, 52.75279841011622750 ) ) ;
#1274 = CARTESIAN_POINT ( 'NONE',  ( -0.1515366645461997952, 11.06592200971765116, 28.18486267028675130 ) ) ;
#1275 = CARTESIAN_POINT ( 'NONE',  ( -2.318011520590685937, 9.429341394434267443, 51.98079034278811150 ) ) ;
#1276 = CARTESIAN_POINT ( 'NONE',  ( -1.634865777248591501, 10.10554302484621125, 50.95933768168649181 ) ) ;
#1277 = CARTESIAN_POINT ( 'NONE',  ( -1.019609900774627986, 8.849390180723476718, -2.975189997223114613 ) ) ;
#1278 = CARTESIAN_POINT ( 'NONE',  ( 0.0005329584329154834522, 9.729391215856040276, 53.44245737682878428 ) ) ;
#1279 = CARTESIAN_POINT ( 'NONE',  ( -1.160025965484155375, 4.216766197926638426, 57.33103881742358965 ) ) ;
#1280 = CARTESIAN_POINT ( 'NONE',  ( -0.005094579535255939519, 9.926927001029334008, 53.02337811662616929 ) ) ;
#1281 = EDGE_CURVE ( 'NONE', #517, #561, #555, .T. ) ;
#1282 = CARTESIAN_POINT ( 'NONE',  ( -3.585998084966126598, 7.460458423103112580, 53.38608279688512681 ) ) ;
#1283 = CARTESIAN_POINT ( 'NONE',  ( -4.260516224540861430, 6.934033739741538582, 52.94543122055485185 ) ) ;
#1284 = CARTESIAN_POINT ( 'NONE',  ( -0.6739891988884830765, 7.303669669826692079, 55.95938400477574959 ) ) ;
#1285 = CARTESIAN_POINT ( 'NONE',  ( -2.905455647627952498, 7.739562684021733752, -3.623545005742187186 ) ) ;
#1286 = CARTESIAN_POINT ( 'NONE',  ( -2.367915725626314138, 3.521768505242463654, -13.00429791496179632 ) ) ;
#1287 = CARTESIAN_POINT ( 'NONE',  ( -0.003977885823195016941, 8.921841617477413777, 54.00368650503607171 ) ) ;
#1288 = CARTESIAN_POINT ( 'NONE',  ( -2.098488812743535728E-32, 1.562500000000000000, 57.50000000000000000 ) ) ;
#1289 = CARTESIAN_POINT ( 'NONE',  ( -0.4553507338516497027, 7.415011377144157478, -8.672241287304476742 ) ) ;
#1290 = CARTESIAN_POINT ( 'NONE',  ( -3.009564573340541838, 8.262689448908970391, 53.14672204977602377 ) ) ;
#1291 = CARTESIAN_POINT ( 'NONE',  ( -0.02974908042512154974, 10.21885310285004067, 52.20523435840324566 ) ) ;
#1292 = CARTESIAN_POINT ( 'NONE',  ( -5.180205522043407562, 4.366686653018245323, 53.48165318822260872 ) ) ;
#1293 = CARTESIAN_POINT ( 'NONE',  ( -5.080292695652891766, 4.972213469277011910, 53.21739448645041648 ) ) ;
#1294 = CARTESIAN_POINT ( 'NONE',  ( -5.135974999288137610, 6.739009347763063928, 50.99932630164571634 ) ) ;
#1295 = CARTESIAN_POINT ( 'NONE',  ( -1.557450605537673560, 8.940478517246058132, 53.77531278388049429 ) ) ;
#1296 = CARTESIAN_POINT ( 'NONE',  ( -2.098854135084082362, 8.751598378563686609, -1.793246485304409221 ) ) ;
#1297 = CARTESIAN_POINT ( 'NONE',  ( -4.350359929985623708, 6.736777399980576675, -1.218512686753902008 ) ) ;
#1298 = CARTESIAN_POINT ( 'NONE',  ( -0.01025242981535619789, 5.601904551642284069, 57.07453207692840635 ) ) ;
#1299 = CARTESIAN_POINT ( 'NONE',  ( -0.3110603517428270903, 10.19387110089988191, 50.25694263577497622 ) ) ;
#1300 = CARTESIAN_POINT ( 'NONE',  ( -3.460889722626280474, 7.772391156253542377, 53.18898457442386984 ) ) ;
#1301 = VERTEX_POINT ( 'NONE', #4846 ) ;
#1302 = CARTESIAN_POINT ( 'NONE',  ( -4.851609874040478054, 5.123910501552417784, 53.58669016265412921 ) ) ;
#1303 = CARTESIAN_POINT ( 'NONE',  ( 0.004727816274177315536, 9.843245664493379010, 53.21132247198444531 ) ) ;
#1304 = CARTESIAN_POINT ( 'NONE',  ( -5.463001071946276710, 2.854002258354179311, 0.4266120431095176690 ) ) ;
#1305 = CARTESIAN_POINT ( 'NONE',  ( -1.298502879059110882, 7.017713175403635262, -8.661194790377813035 ) ) ;
#1306 = CARTESIAN_POINT ( 'NONE',  ( -2.430567355699183807, 9.137209211179490254, 52.46781406301548145 ) ) ;
#1307 = CARTESIAN_POINT ( 'NONE',  ( 0.001145851093532715892, 9.885972632605872334, 53.11765420717234321 ) ) ;
#1308 = CARTESIAN_POINT ( 'NONE',  ( -4.230189389879661199, 2.747267406826003455, 56.14090059308453817 ) ) ;
#1309 = CARTESIAN_POINT ( 'NONE',  ( -4.624662129263449550, 5.878488916453925128, 53.35430517880674728 ) ) ;
#1310 = CARTESIAN_POINT ( 'NONE',  ( -5.744214747885841632, 4.003358913502101935, 51.50774977671474630 ) ) ;
#1311 = CARTESIAN_POINT ( 'NONE',  ( -1.761797113656735192, 8.980575947540630821, 53.52094527429486703 ) ) ;
#1312 = CARTESIAN_POINT ( 'NONE',  ( -3.834240471749320367, 7.219930875937773607, 53.30436578243718770 ) ) ;
#1313 = CARTESIAN_POINT ( 'NONE',  ( -0.6446628182893987535, 9.988644039547255105, 52.60458681206174703 ) ) ;
#1314 = CARTESIAN_POINT ( 'NONE',  ( -4.723863157918139599, 5.481557875022867954, 53.52696525919883896 ) ) ;
#1315 = CARTESIAN_POINT ( 'NONE',  ( -2.605873391716433396, 8.638539065272322404, -1.196497040729630035 ) ) ;
#1316 = CARTESIAN_POINT ( 'NONE',  ( -5.466562488713293533, 5.060084777681770341, 18.26146016166759978 ) ) ;
#1317 = CARTESIAN_POINT ( 'NONE',  ( -0.09825628771743219469, 8.023028199669072436, 55.11024583742977256 ) ) ;
#1318 = CARTESIAN_POINT ( 'NONE',  ( -1.952928333551278817, 8.547035531833087063, 53.93418691402190746 ) ) ;
#1319 = CARTESIAN_POINT ( 'NONE',  ( -0.003977885823354366038, 6.491816628233993747, 56.63237976549377350 ) ) ;
#1320 = CARTESIAN_POINT ( 'NONE',  ( -1.204774001171341924, 8.927102886773399248, -2.380854112834255965 ) ) ;
#1321 = CARTESIAN_POINT ( 'NONE',  ( -0.005728761323065841189, 9.245894290483768430, 54.23344866678446152 ) ) ;
#1322 = CARTESIAN_POINT ( 'NONE',  ( -1.027677715165465688, 3.867246348437036296, 57.47290554250894701 ) ) ;
#1323 = CARTESIAN_POINT ( 'NONE',  ( -0.004211647019434962107, 9.776154938661255400, 53.35065977242081203 ) ) ;
#1324 = CARTESIAN_POINT ( 'NONE',  ( -1.669710637895978511, 3.793934578263797874, 57.30396036979647789 ) ) ;
#1325 = VECTOR ( 'NONE', #1662, 39.37007874015748143 ) ;
#1326 = CARTESIAN_POINT ( 'NONE',  ( -2.085231102157929950, 3.845881227818591874, 57.11454236484456715 ) ) ;
#1327 = CARTESIAN_POINT ( 'NONE',  ( -0.6086617581854206760, 6.614027563291824841, 56.44366628964117893 ) ) ;
#1328 = CARTESIAN_POINT ( 'NONE',  ( -2.737337497843328027, 7.379634132659277590, -5.019554581089743728 ) ) ;
#1329 = CARTESIAN_POINT ( 'NONE',  ( -5.360889133725423861, 5.732796943079944363, 10.78222087109947225 ) ) ;
#1330 = CARTESIAN_POINT ( 'NONE',  ( -0.003977885823186022400, 5.458074848246213584, 56.69892764399030938 ) ) ;
#1331 = CARTESIAN_POINT ( 'NONE',  ( -5.499986168146713261, 1.562499999999996891, -0.6246729450929509042 ) ) ;
#1332 = CARTESIAN_POINT ( 'NONE',  ( -0.8897212293508216518, 10.55130264896208381, 10.78725927488209990 ) ) ;
#1333 = CARTESIAN_POINT ( 'NONE',  ( -3.508509577414546943, 8.828608144396213220, 51.30416673292724994 ) ) ;
#1334 = CARTESIAN_POINT ( 'NONE',  ( -0.02026039757246916526, 3.927358200116658704, 57.61748609177990232 ) ) ;
#1335 = CARTESIAN_POINT ( 'NONE',  ( -5.037588534405744944, 4.260186504371853644, 53.91180553523835073 ) ) ;
#1336 = CARTESIAN_POINT ( 'NONE',  ( -5.529070414570076863, 5.262376467853183470, 51.41336244115527165 ) ) ;
#1337 = CARTESIAN_POINT ( 'NONE',  ( -4.044616377756749870, 5.796160870238348473, 54.37031408289162471 ) ) ;
#1338 = CARTESIAN_POINT ( 'NONE',  ( -1.338659407495672138, 8.224411326348949558, 54.82149198577749161 ) ) ;
#1339 = CARTESIAN_POINT ( 'NONE',  ( -1.508532612143198337, 6.871303910031847373, -8.658249057864043863 ) ) ;
#1340 = CARTESIAN_POINT ( 'NONE',  ( -5.002951163943762936, 6.604214974986321707, 49.94010147506531183 ) ) ;
#1341 = CARTESIAN_POINT ( 'NONE',  ( 0.02295488855261105729, 10.41540394696284721, 51.41478964345626679 ) ) ;
#1342 = CARTESIAN_POINT ( 'NONE',  ( -0.3087766509313454311, 6.923454151764651954, -10.03193510055964310 ) ) ;
#1343 = CARTESIAN_POINT ( 'NONE',  ( -3.837131356430385942, 8.411987883321735637, 51.51764158867766241 ) ) ;
#1344 = CARTESIAN_POINT ( 'NONE',  ( -0.04871964658560934414, 4.357278255970724601, 57.51339855101838339 ) ) ;
#1345 = ORIENTED_EDGE ( 'NONE', *, *, #6215, .T. ) ;
#1346 = CARTESIAN_POINT ( 'NONE',  ( -5.012259208906384877, 5.269441710984157368, 53.11693951386772738 ) ) ;
#1347 = CARTESIAN_POINT ( 'NONE',  ( -4.537002269359782680, 8.963469801006652915, 39.76769990921825126 ) ) ;
#1348 = CARTESIAN_POINT ( 'NONE',  ( -0.01033513618083383920, 3.927304428988703577, 57.61785989591702872 ) ) ;
#1349 = CARTESIAN_POINT ( 'NONE',  ( -5.417140425190452468, 2.782258383570136662, -3.163347673506678337 ) ) ;
#1350 = CARTESIAN_POINT ( 'NONE',  ( -2.118093566204441558, 10.66243706603146713, 34.88717210657229373 ) ) ;
#1351 = CARTESIAN_POINT ( 'NONE',  ( -1.562080680438546754, 5.998615852866090670, 56.38632872541747787 ) ) ;
#1352 = CARTESIAN_POINT ( 'NONE',  ( 0.003169240182359048252, 10.09357740707977591, 52.59317615131067924 ) ) ;
#1353 = CARTESIAN_POINT ( 'NONE',  ( -5.087143848159167092, 3.731371234418586535, 52.99438371026346317 ) ) ;
#1354 = CARTESIAN_POINT ( 'NONE',  ( -5.490170018392384499, 3.907770337970217334, 52.93431665869164249 ) ) ;
#1355 = CARTESIAN_POINT ( 'NONE',  ( -1.971868406647669270, 9.741971420530740389, 51.66936867328781346 ) ) ;
#1356 = CARTESIAN_POINT ( 'NONE',  ( -3.917369006376985041, 7.354652008871172875, 53.02737287052029558 ) ) ;
#1357 = CARTESIAN_POINT ( 'NONE',  ( -0.6721234734233497710, 10.25300977531844282, 51.72773442246035813 ) ) ;
#1358 = CARTESIAN_POINT ( 'NONE',  ( -5.278315472762381333, 5.947710780369260597, 51.63223070493366862 ) ) ;
#1359 = CARTESIAN_POINT ( 'NONE',  ( -2.648210448663629535, 8.751478268089440959, -0.5965170010884727203 ) ) ;
#1360 = CARTESIAN_POINT ( 'NONE',  ( -5.339291300702767806, 4.281398936940989941, 51.21300844639054617 ) ) ;
#1361 = CARTESIAN_POINT ( 'NONE',  ( -0.1334130446183671992, 11.08577955804037529, 24.06555810603104817 ) ) ;
#1362 = AXIS2_PLACEMENT_3D ( 'NONE', #6169, #6853, #968 ) ;
#1363 = CARTESIAN_POINT ( 'NONE',  ( -2.073729365640193389, 9.014129991843336853, 53.13654689221964844 ) ) ;
#1364 = CYLINDRICAL_SURFACE ( 'NONE', #2591, 0.09999999999999947820 ) ;
#1365 = CARTESIAN_POINT ( 'NONE',  ( -1.574356516597809952, 10.59106324887910944, 12.45204170315676073 ) ) ;
#1366 = CARTESIAN_POINT ( 'NONE',  ( 0.002993293953751112978, 9.906750747375538069, 53.07057890589894811 ) ) ;
#1367 = CARTESIAN_POINT ( 'NONE',  ( -2.512860106130214266, 8.485439431083971584, 53.43548344581017062 ) ) ;
#1368 = CARTESIAN_POINT ( 'NONE',  ( -0.006758030921029660465, 9.580842515643666957, 53.71327230291367272 ) ) ;
#1369 = CARTESIAN_POINT ( 'NONE',  ( -3.652588074057253387, 7.583895634048549717, 53.14860059934020597 ) ) ;
#1370 = CARTESIAN_POINT ( 'NONE',  ( -3.955979548616267660, 6.491496803364909418, 53.86764275189833739 ) ) ;
#1371 = CARTESIAN_POINT ( 'NONE',  ( -1.006159402126003855, 9.738618683878051741, 52.89383073524693657 ) ) ;
#1372 = CARTESIAN_POINT ( 'NONE',  ( -4.091331965516446623, 9.572821640646919761, 42.63451776735675480 ) ) ;
#1373 = CARTESIAN_POINT ( 'NONE',  ( -5.236569639972202594, 5.987859866396570752, 6.199900792370275582 ) ) ;
#1374 = CARTESIAN_POINT ( 'NONE',  ( -0.003977885823193495589, 8.567244174761267317, 54.45887312126501456 ) ) ;
#1375 = CARTESIAN_POINT ( 'NONE',  ( -0.5365463716617429046, 7.393274582727213051, -8.671259376466551316 ) ) ;
#1376 = CARTESIAN_POINT ( 'NONE',  ( -2.241564804342105255, 6.177156399884778715, 55.86303135524578778 ) ) ;
#1377 = CARTESIAN_POINT ( 'NONE',  ( -0.02187829184422289061, 9.681895253333948403, 53.53379216715060807 ) ) ;
#1378 = CARTESIAN_POINT ( 'NONE',  ( -5.560030113689281350, 4.589636606032504673, 52.03404346479721454 ) ) ;
#1379 = CARTESIAN_POINT ( 'NONE',  ( -2.778432123550149679, 3.083146282764027024, 57.06564204300661913 ) ) ;
#1380 = CARTESIAN_POINT ( 'NONE',  ( -4.209011766077345840, 6.021906755817266976, 53.92505615780808625 ) ) ;
#1381 = CARTESIAN_POINT ( 'NONE',  ( -1.246557331647255795, 7.662920944011878177, 55.40370587711208117 ) ) ;
#1382 = CARTESIAN_POINT ( 'NONE',  ( -1.722118456906685413, 7.536463460440423923, -6.562050154260852253 ) ) ;
#1383 = CARTESIAN_POINT ( 'NONE',  ( -4.441501062679219736, 6.353904254670315055, -1.839592395125309920 ) ) ;
#1384 = CARTESIAN_POINT ( 'NONE',  ( -0.001749654384232462914, 3.927212051334452170, 57.61818771098465675 ) ) ;
#1385 = CARTESIAN_POINT ( 'NONE',  ( -1.462434383211648364E-15, 1.562500000000000000, -14.99999999999999822 ) ) ;
#1386 = CARTESIAN_POINT ( 'NONE',  ( -3.718442907931339025, 8.224050966758449377, 52.12223533959182475 ) ) ;
#1387 = CARTESIAN_POINT ( 'NONE',  ( -0.1408693848541641702, 10.45208603624682198, 51.21828694671747684 ) ) ;
#1388 = B_SPLINE_CURVE_WITH_KNOTS ( 'NONE', 3,
 ( #7887, #5775, #3844, #2000 ),
 .UNSPECIFIED., .F., .F.,
 ( 4, 4 ),
 ( 0.9999920748124997427, 1.000000000000000000 ),
 .UNSPECIFIED. ) ;
#1389 = LINE ( 'NONE', #2118, #2534 ) ;
#1390 = CARTESIAN_POINT ( 'NONE',  ( -2.938315717861126330, 3.368462978952947218, 56.88756972761799346 ) ) ;
#1391 = CARTESIAN_POINT ( 'NONE',  ( -4.556855075262529198, 8.398553753982362480, 15.73952896391506684 ) ) ;
#1392 = CARTESIAN_POINT ( 'NONE',  ( 0.004096028459243904879, 9.729400850944022849, 53.44247411695463512 ) ) ;
#1393 = CARTESIAN_POINT ( 'NONE',  ( -5.553115951026721397, 2.775572824379649806, 39.72962082921365123 ) ) ;
#1394 = CARTESIAN_POINT ( 'NONE',  ( -2.186255043418975585, 10.65846467970482969, 39.78673944922053352 ) ) ;
#1395 = CARTESIAN_POINT ( 'NONE',  ( -1.323848089410624151, 5.379195884938620331, 56.81570430587997578 ) ) ;
#1396 = CARTESIAN_POINT ( 'NONE',  ( 0.002981245500068693908, 10.05976688952509335, 52.68968696266752971 ) ) ;
#1397 = CARTESIAN_POINT ( 'NONE',  ( -4.060379112685938097, 3.086889685107425674, 56.16336727295711029 ) ) ;
#1398 = CARTESIAN_POINT ( 'NONE',  ( -1.810880143958843558, 9.189323605450772092, 53.13293030421205287 ) ) ;
#1399 = CARTESIAN_POINT ( 'NONE',  ( -3.710858063080927582, 7.513012513134443182, 53.14846671014895207 ) ) ;
#1400 = CARTESIAN_POINT ( 'NONE',  ( -0.4967541070077650667, 7.725239682433237220, 55.72035608687853880 ) ) ;
#1401 = CARTESIAN_POINT ( 'NONE',  ( -5.232893278656258751, 5.915013723066174123, 51.83995531120309153 ) ) ;
#1402 = CARTESIAN_POINT ( 'NONE',  ( 0.005465052400280404933, 10.32524451012961109, 51.81134435641673264 ) ) ;
#1403 = CARTESIAN_POINT ( 'NONE',  ( -4.322085920064052011, 3.470063934409027162, -8.606698738872966103 ) ) ;
#1404 = CARTESIAN_POINT ( 'NONE',  ( -0.2323069740920683246, 10.66845033721337188, 12.45380331418265207 ) ) ;
#1405 = CARTESIAN_POINT ( 'NONE',  ( -2.329219082804425245, 9.766396639423131631, 50.96818438442460319 ) ) ;
#1406 = CARTESIAN_POINT ( 'NONE',  ( -0.003977885822787736829, 9.522413131195156311, 53.81249206432468668 ) ) ;
#1407 = CARTESIAN_POINT ( 'NONE',  ( -0.6972066872113458214, 5.924136989300130551, 56.41929538708044589 ) ) ;
#1408 = CARTESIAN_POINT ( 'NONE',  ( 0.004136831350575636765, 10.43635010731127188, 51.31581961660737079 ) ) ;
#1409 = CARTESIAN_POINT ( 'NONE',  ( -2.666885881050600204, 8.914535892575210951, 52.56827471293416210 ) ) ;
#1410 = CARTESIAN_POINT ( 'NONE',  ( -0.01009044600663262098, 9.305738659104040522, 54.14910364288561340 ) ) ;
#1411 = CARTESIAN_POINT ( 'NONE',  ( -3.367079255324997522, 3.978964469842409368, 56.31200077988477659 ) ) ;
#1412 = CARTESIAN_POINT ( 'NONE',  ( -1.429688638503961107, 3.544911990631108178, 57.45447849212636271 ) ) ;
#1413 = CARTESIAN_POINT ( 'NONE',  ( -4.703532785961118456, 7.439934497427308280, 51.21412613016800464 ) ) ;
#1414 = CARTESIAN_POINT ( 'NONE',  ( -1.028162943739032276, 9.886740286868247907, 52.51906797017867490 ) ) ;
#1415 = CARTESIAN_POINT ( 'NONE',  ( -3.481579182080703383, 9.193688567032097581, 6.179541871164328626 ) ) ;
#1416 = CARTESIAN_POINT ( 'NONE',  ( -5.104005598358862805, 5.781289108118266462, 2.073484335197512074 ) ) ;
#1417 = CARTESIAN_POINT ( 'NONE',  ( -0.3039778858232009551, 10.03879629643383176, 52.20921762787441622 ) ) ;
#1418 = CARTESIAN_POINT ( 'NONE',  ( -0.003977885823201000003, 10.03879629643383176, 52.20921762787441622 ) ) ;
#1419 = CARTESIAN_POINT ( 'NONE',  ( -0.07892486400752847520, 2.224815200799304726, 57.50000000000000711 ) ) ;
#1420 = CARTESIAN_POINT ( 'NONE',  ( -2.973331983833376047, 8.174208781747339003, 53.31116296681816635 ) ) ;
#1421 = CARTESIAN_POINT ( 'NONE',  ( -0.02030938172691603913, 9.821120642360462227, 53.25800600900247161 ) ) ;
#1422 = CARTESIAN_POINT ( 'NONE',  ( -5.661180832918923933, 4.635504930464525941, 51.40663303623092162 ) ) ;
#1423 = CARTESIAN_POINT ( 'NONE',  ( -4.457674838601489498, 6.344366169301922653, 53.21513528169897000 ) ) ;
#1424 = CARTESIAN_POINT ( 'NONE',  ( -1.554694078980942917, 9.418034340076959054, 52.99535226289699352 ) ) ;
#1425 = CARTESIAN_POINT ( 'NONE',  ( -2.218443353643227312, 9.155667432632974112, 0.4106315878583307044 ) ) ;
#1426 = CARTESIAN_POINT ( 'NONE',  ( -4.694160709388778940, 6.313998410227388725, 51.62889818629527383 ) ) ;
#1427 = CARTESIAN_POINT ( 'NONE',  ( 0.01337662235314925063, 8.438668893714948993, 55.18397394219286411 ) ) ;
#1428 = CARTESIAN_POINT ( 'NONE',  ( -0.2955802516499889676, 9.305664262697103339, -1.177921339396652778 ) ) ;
#1429 = CARTESIAN_POINT ( 'NONE',  ( -2.657461273407687230, 6.147200231468011644, 55.58422590708092059 ) ) ;
#1430 = CARTESIAN_POINT ( 'NONE',  ( -0.1379249621267245596, 10.34451539242710183, 51.71506662117369757 ) ) ;
#1431 = ORIENTED_EDGE ( 'NONE', *, *, #4589, .F. ) ;
#1432 = CARTESIAN_POINT ( 'NONE',  ( -5.296890668154734527, 5.476002123990967974, 52.13911180373325749 ) ) ;
#1433 = CARTESIAN_POINT ( 'NONE',  ( -4.475564725611405059, 8.420481084513276926, 28.18596041373919192 ) ) ;
#1434 = CARTESIAN_POINT ( 'NONE',  ( 0.004428513215640684370, 9.475402787409224814, 53.89052122302482672 ) ) ;
#1435 = CARTESIAN_POINT ( 'NONE',  ( -5.511372370380191121, 2.145515981265003980, 48.46467559289531124 ) ) ;
#1436 = CIRCLE ( 'NONE', #4870, 0.09999999999999947820 ) ;
#1437 = CARTESIAN_POINT ( 'NONE',  ( -1.543386044665830736, 8.698670155711040408, 53.34112772708196104 ) ) ;
#1438 = CARTESIAN_POINT ( 'NONE',  ( -2.142045702995150513, 8.533670757381925043, 53.76823724009609862 ) ) ;
#1439 = CARTESIAN_POINT ( 'NONE',  ( -0.0004850615814283337117, 9.729388462356199696, 53.44245259463249198 ) ) ;
#1440 = CARTESIAN_POINT ( 'NONE',  ( -5.499539583945597165, 3.912153055683697644, 52.89700311582981840 ) ) ;
#1441 = CARTESIAN_POINT ( 'NONE',  ( -1.908779569297495815, 9.900441967823162770, 51.26257937060537984 ) ) ;
#1442 = CARTESIAN_POINT ( 'NONE',  ( -3.897443308817629237, 7.648068272618548491, 52.68715211749981364 ) ) ;
#1443 = CARTESIAN_POINT ( 'NONE',  ( -0.6288259167350195300, 9.797984890378463874, 53.07384704640239192 ) ) ;
#1444 = CARTESIAN_POINT ( 'NONE',  ( -4.773385504110241762, 5.656457244653442906, 53.27416571258480360 ) ) ;
#1445 = CARTESIAN_POINT ( 'NONE',  ( 0.004890532331478463987, 10.41540650595542417, 51.41510571824933606 ) ) ;
#1446 = CARTESIAN_POINT ( 'NONE',  ( -5.142802460160146083, 4.168551610738358448, 52.45351808871279076 ) ) ;
#1447 = CARTESIAN_POINT ( 'NONE',  ( -0.1519840051335029918, 10.20858707329801973, 50.25654271069161894 ) ) ;
#1448 = CARTESIAN_POINT ( 'NONE',  ( -1.921585807073423968, 8.815366250304911944, 53.60461196001404716 ) ) ;
#1449 = CARTESIAN_POINT ( 'NONE',  ( -0.003977885823255346287, 7.695943904629085175, 55.83720307994506271 ) ) ;
#1450 = CARTESIAN_POINT ( 'NONE',  ( -1.462434383211648364E-15, 1.562500000000000000, -14.99999999999999822 ) ) ;
#1451 = CARTESIAN_POINT ( 'NONE',  ( -0.01301809921698567768, 3.927333296529631035, 57.61775745295358320 ) ) ;
#1452 = CARTESIAN_POINT ( 'NONE',  ( -1.851265121553603121, 6.516555729229425609, 55.88940446214063940 ) ) ;
#1453 = CARTESIAN_POINT ( 'NONE',  ( -0.01924076761632043456, 7.818656048624299082, 55.75187197661937688 ) ) ;
#1454 = DIRECTION ( 'NONE',  ( -1.000000000000000000, 0.000000000000000000, 3.335730344018426891E-15 ) ) ;
#1455 = CARTESIAN_POINT ( 'NONE',  ( -1.612007085270729778, 3.845770233773897040, 57.30731095835809441 ) ) ;
#1456 = CARTESIAN_POINT ( 'NONE',  ( -0.3815680512717602446, 10.36346125888847958, 51.52161879945729339 ) ) ;
#1457 = CARTESIAN_POINT ( 'NONE',  ( -4.611459600731773634, 7.636503549384122458, 51.10849560156326987 ) ) ;
#1458 = CARTESIAN_POINT ( 'NONE',  ( -1.033579370571340528, 9.920434293777345758, 52.42367035246840601 ) ) ;
#1459 = CARTESIAN_POINT ( 'NONE',  ( -3.355872781751682687, 8.274315954549177121, 51.58686543636690658 ) ) ;
#1460 = CARTESIAN_POINT ( 'NONE',  ( -5.267143295922320334, 5.474453566583733277, 50.27293963910923935 ) ) ;
#1461 = CARTESIAN_POINT ( 'NONE',  ( -0.003977885823190764267, 7.748115286608356023, 55.27692306584822290 ) ) ;
#1462 = CARTESIAN_POINT ( 'NONE',  ( -5.218070461787740477, 1.562500000000001776, -6.993700611845213189 ) ) ;
#1463 = CARTESIAN_POINT ( 'NONE',  ( -0.6660848604848286225, 9.282341867772640143, 53.14511742824357299 ) ) ;
#1464 = CARTESIAN_POINT ( 'NONE',  ( -3.255948028937734939, 8.357624583057200240, 52.67451234211456068 ) ) ;
#1465 = CARTESIAN_POINT ( 'NONE',  ( -0.02242816636429113136, 9.632359284196136073, 53.62401817716042274 ) ) ;
#1466 = CARTESIAN_POINT ( 'NONE',  ( -5.224424118840044429, 4.398311387077534995, 53.34024334219784436 ) ) ;
#1467 = CARTESIAN_POINT ( 'NONE',  ( -4.248374900476347804, 6.349646540500556213, 53.55594574399401608 ) ) ;
#1468 = CARTESIAN_POINT ( 'NONE',  ( -0.6759330756885504332, 4.973829153564442329, 57.19366278174312157 ) ) ;
#1469 = CARTESIAN_POINT ( 'NONE',  ( -2.558288368479685992, 10.52424614496455924, 39.78420084388686462 ) ) ;
#1470 = CARTESIAN_POINT ( 'NONE',  ( -2.836531515670560832, 3.966573432563970769, 56.28278820212880618 ) ) ;
#1471 = CARTESIAN_POINT ( 'NONE',  ( 0.02239361612625227413, 10.15917364654259636, 52.39917300226547781 ) ) ;
#1472 = CARTESIAN_POINT ( 'NONE',  ( -0.3506956730300935798, 9.847778674126439924, 51.93191972584062910 ) ) ;
#1473 = CARTESIAN_POINT ( 'NONE',  ( -3.676470178462453831, 8.156265479423847609, 52.31543580764019907 ) ) ;
#1474 = CARTESIAN_POINT ( 'NONE',  ( -0.1324656962207859667, 10.01891870618890756, 52.78731314516937800 ) ) ;
#1475 = DIRECTION ( 'NONE',  ( -3.414809992080346871E-15, 0.000000000000000000, -1.000000000000000000 ) ) ;
#1476 = CARTESIAN_POINT ( 'NONE',  ( -1.988549394777886059, 3.015759655644057347, 57.42500373907370914 ) ) ;
#1477 = CARTESIAN_POINT ( 'NONE',  ( -3.700471171615668631, 4.092726859280029217, 55.97505432943117398 ) ) ;
#1478 = CARTESIAN_POINT ( 'NONE',  ( -3.111556451979744065, 5.862279260462352148, -7.637588505721355503 ) ) ;
#1479 = CARTESIAN_POINT ( 'NONE',  ( 0.007449156654086608841, 9.966772485193571285, 52.92850703229745335 ) ) ;
#1480 = CARTESIAN_POINT ( 'NONE',  ( -5.286874896887526099, 4.890894126878521320, 52.76171970270229394 ) ) ;
#1481 = CARTESIAN_POINT ( 'NONE',  ( -5.500070824999731656, 2.086676173739526519, 18.26040183518843918 ) ) ;
#1482 = CARTESIAN_POINT ( 'NONE',  ( -1.598355518445897738, 7.613175085019475929, -6.561499355594088811 ) ) ;
#1483 = CARTESIAN_POINT ( 'NONE',  ( 0.004027121880180933172, 10.24722383870764020, 52.10662852784640364 ) ) ;
#1484 = CARTESIAN_POINT ( 'NONE',  ( -5.471428344273527422, 3.898553494451593604, 53.00658047042652754 ) ) ;
#1485 = CARTESIAN_POINT ( 'NONE',  ( -3.609329510877288705, 7.327979766740013723, 53.50249904478116036 ) ) ;
#1486 = CARTESIAN_POINT ( 'NONE',  ( -0.5379286449544810056, 9.825552238202757138, 53.07321813232348973 ) ) ;
#1487 = CARTESIAN_POINT ( 'NONE',  ( -4.760698333969574314, 5.643599334781422172, 53.31065512582929244 ) ) ;
#1488 = CARTESIAN_POINT ( 'NONE',  ( -0.01248150661070864149, 3.927327523039198187, 57.61777794157441690 ) ) ;
#1489 = CARTESIAN_POINT ( 'NONE',  ( -5.231218867111186555, 3.347900698284164811, 52.75984520861769766 ) ) ;
#1490 = CARTESIAN_POINT ( 'NONE',  ( -0.1083212966252130732, 9.113932039957113318, -2.358427881708287543 ) ) ;
#1491 = CARTESIAN_POINT ( 'NONE',  ( -2.338429306593433399, 9.790570211661952627, 50.86619735256270758 ) ) ;
#1492 = CARTESIAN_POINT ( 'NONE',  ( -0.003977885823017285848, 10.17369582204142731, 52.35997537630747445 ) ) ;
#1493 = CARTESIAN_POINT ( 'NONE',  ( -1.703231145652104095, 10.76444312151595994, 18.26427434798728910 ) ) ;
#1494 = CARTESIAN_POINT ( 'NONE',  ( -0.2635888861037261610, 9.732355843835584608, 53.39516566448993018 ) ) ;
#1495 = CARTESIAN_POINT ( 'NONE',  ( -2.466442950763480191, 8.641053734731352520, 53.26865075059951238 ) ) ;
#1496 = CARTESIAN_POINT ( 'NONE',  ( 0.002050785680014542353, 10.30030622903285398, 51.91007235836555367 ) ) ;
#1497 = CARTESIAN_POINT ( 'NONE',  ( -5.812765013275979165, 3.511648054932999141, 51.36806320122142466 ) ) ;
#1498 = CARTESIAN_POINT ( 'NONE',  ( -2.283416672478326692, 4.955028014445607809, 56.54334527064452942 ) ) ;
#1499 = CARTESIAN_POINT ( 'NONE',  ( -0.3547252312973067645, 9.805941469301469482, 53.21131788034060861 ) ) ;
#1500 = CARTESIAN_POINT ( 'NONE',  ( -4.068052838410618932, 6.963322589131357709, 53.22364841445597250 ) ) ;
#1501 = CARTESIAN_POINT ( 'NONE',  ( -0.8092513329805354205, 9.712694299796869046, 53.12113488494104985 ) ) ;
#1502 = CARTESIAN_POINT ( 'NONE',  ( -2.395944582118920252, 6.135718723550886544, -8.644993261552070152 ) ) ;
#1503 = CARTESIAN_POINT ( 'NONE',  ( -4.601685799121992382, 4.931925544792283844, 53.29088792235614136 ) ) ;
#1504 = CARTESIAN_POINT ( 'NONE',  ( -0.01924276616157303416, 9.323998683940622811, 53.35868464808827838 ) ) ;
#1505 = LINE ( 'NONE', #4684, #3233 ) ;
#1506 = CARTESIAN_POINT ( 'NONE',  ( -0.5431534117312003529, 7.886673881285299892, 55.08634597441399450 ) ) ;
#1507 = CARTESIAN_POINT ( 'NONE',  ( -3.253586914732403468, 8.777280049850700649, 51.91126415455518384 ) ) ;
#1508 = CARTESIAN_POINT ( 'NONE',  ( -0.02006106399352419051, 9.843101042883672491, 53.21139099946488926 ) ) ;
#1509 = CARTESIAN_POINT ( 'NONE',  ( -2.139183867238339865, 2.320074502775104186, 57.53053512428594729 ) ) ;
#1510 = CARTESIAN_POINT ( 'NONE',  ( -3.460590584596366703, 5.203406273129520976, 55.51161452672540264 ) ) ;
#1511 = CARTESIAN_POINT ( 'NONE',  ( -1.335324696846900583, 9.323295819223432090, 53.39161639094788825 ) ) ;
#1512 = CARTESIAN_POINT ( 'NONE',  ( -2.752615164986327301, 10.09701727666773685, 46.38182794824302846 ) ) ;
#1513 = CARTESIAN_POINT ( 'NONE',  ( -3.719606694867322982, 5.383616595652076064, -6.993540826359458507 ) ) ;
#1514 = CARTESIAN_POINT ( 'NONE',  ( 0.02293137623167926936, 10.47484784772387911, 51.11662057858899999 ) ) ;
#1515 = CARTESIAN_POINT ( 'NONE',  ( -0.4859336215216608634, 10.97656436464324514, 36.13032102363242615 ) ) ;
#1516 = CARTESIAN_POINT ( 'NONE',  ( -3.748016410266790555, 8.455171394476671765, 51.61915401019107463 ) ) ;
#1517 = MECHANICAL_DESIGN_GEOMETRIC_PRESENTATION_REPRESENTATION (  '', ( #5210 ), #8506 ) ;
#1518 = CARTESIAN_POINT ( 'NONE',  ( -0.08880388948538227301, 8.733229575417576385, 54.88375689719070749 ) ) ;
#1519 = ORIENTED_EDGE ( 'NONE', *, *, #3322, .T. ) ;
#1520 = CARTESIAN_POINT ( 'NONE',  ( -4.805972009697636160, 6.191067447893703779, 52.69264562237128047 ) ) ;
#1521 = CARTESIAN_POINT ( 'NONE',  ( -1.860469196461212116, 2.645425850236547749, 57.54342388025881405 ) ) ;
#1522 = CARTESIAN_POINT ( 'NONE',  ( -4.648344779552203043, 8.564616692208996795, 37.30615599676998073 ) ) ;
#1523 = CARTESIAN_POINT ( 'NONE',  ( 0.005442529943616757418, 9.821272164318816777, 53.25797169762608974 ) ) ;
#1524 = CARTESIAN_POINT ( 'NONE',  ( -5.421192448822071519, 1.756591265450353712, 52.49386118087245023 ) ) ;
#1525 = CARTESIAN_POINT ( 'NONE',  ( -1.257106030759663540, 6.443409222180001450, -10.01398463047812726 ) ) ;
#1526 = CARTESIAN_POINT ( 'NONE',  ( -0.001999971624711961542, 9.580860523287912045, 53.71333238380606900 ) ) ;
#1527 = CARTESIAN_POINT ( 'NONE',  ( -5.445154924639286520, 3.270689229684275112, 53.57581940710478818 ) ) ;
#1528 = CARTESIAN_POINT ( 'NONE',  ( -3.643210085479809290, 7.390990799918810694, 53.38513233580749784 ) ) ;
#1529 = CARTESIAN_POINT ( 'NONE',  ( -0.6885711879143801006, 10.38580779332884063, 51.12865962917206275 ) ) ;
#1530 = CARTESIAN_POINT ( 'NONE',  ( -5.327756305129863534, 6.109211570849192974, 51.20737424714545227 ) ) ;
#1531 = CARTESIAN_POINT ( 'NONE',  ( 0.005663175154370248682, 10.27376507212327539, 52.00828939772420512 ) ) ;
#1532 = CARTESIAN_POINT ( 'NONE',  ( -5.211875269145707534, 3.827816791788850370, 52.45901941946186042 ) ) ;
#1533 = CARTESIAN_POINT ( 'NONE',  ( -1.251123687171498799, 5.832083830802713642, 56.61203144999906556 ) ) ;
#1534 = CARTESIAN_POINT ( 'NONE',  ( -0.003977885822739448199, 4.390685604811348064, 57.49829246919149028 ) ) ;
#1535 = CARTESIAN_POINT ( 'NONE',  ( -1.440443675546473346, 9.212721754160529741, -0.5924109259211515210 ) ) ;
#1536 = CARTESIAN_POINT ( 'NONE',  ( -0.2882471850573475325, 10.45900572820433894, 51.12076079913155269 ) ) ;
#1537 = CARTESIAN_POINT ( 'NONE',  ( -2.824261842024649027, 9.284978984018456671, 51.49305018517782173 ) ) ;
#1538 = CARTESIAN_POINT ( 'NONE',  ( -0.002700357718580210110, 9.632527230301455745, 53.62420687674415376 ) ) ;
#1539 = CARTESIAN_POINT ( 'NONE',  ( -5.883347441765627295, 3.450217402071730888, 50.95933768168644207 ) ) ;
#1540 = CARTESIAN_POINT ( 'NONE',  ( -4.011511517403714144, 8.318730937852606644, 51.31289469538693737 ) ) ;
#1541 = CARTESIAN_POINT ( 'NONE',  ( -0.3900269947853493013, 10.48273905970425979, 50.92256337504309727 ) ) ;
#1542 = CARTESIAN_POINT ( 'NONE',  ( -4.360306381671988696, 7.345678596936245697, 52.23473889585657304 ) ) ;
#1543 = CARTESIAN_POINT ( 'NONE',  ( -1.002488684236320982, 10.34124378536001210, 50.93484049321915563 ) ) ;
#1544 = CARTESIAN_POINT ( 'NONE',  ( -3.816643224269607337, 8.368899707245391895, 50.26574098760898579 ) ) ;
#1545 = CARTESIAN_POINT ( 'NONE',  ( -2.098488812743535728E-32, 1.562500000000000000, 57.50000000000000000 ) ) ;
#1546 = CARTESIAN_POINT ( 'NONE',  ( 0.000000000000000000, 10.95567511210459344, 18.26492377559947755 ) ) ;
#1547 = ADVANCED_FACE ( 'NONE', ( #4803 ), #5947, .F. ) ;
#1548 = CARTESIAN_POINT ( 'NONE',  ( -1.344216635105488944, 9.784539643036978873, 50.95933768168647049 ) ) ;
#1549 = CARTESIAN_POINT ( 'NONE',  ( -2.098488812743535728E-32, 1.562500000000000000, 57.50000000000000000 ) ) ;
#1550 = CARTESIAN_POINT ( 'NONE',  ( -2.410475364739915083, 7.075940890059985833, 55.05567384103927964 ) ) ;
#1551 = CARTESIAN_POINT ( 'NONE',  ( -0.006641663285216601112, 10.27375248067525604, 52.00853765196747247 ) ) ;
#1552 = CARTESIAN_POINT ( 'NONE',  ( -4.358680299738428410, 3.406664624831800214, 55.65142648674252968 ) ) ;
#1553 = CARTESIAN_POINT ( 'NONE',  ( -2.470589436836603259, 3.903856258781478239, 56.92400656464374720 ) ) ;
#1554 = CARTESIAN_POINT ( 'NONE',  ( -0.9883735181874570008, 8.130344349734992093, 55.12763579637339006 ) ) ;
#1555 = CARTESIAN_POINT ( 'NONE',  ( -2.220393530155712281, 8.391716312122429855, -3.003349649456036108 ) ) ;
#1556 = CARTESIAN_POINT ( 'NONE',  ( -5.120941698096151740, 6.872854736615126470, 18.26232606515058876 ) ) ;
#1557 = CARTESIAN_POINT ( 'NONE',  ( 0.04460326555639030494, 9.529322073185028330, 53.80325484480965770 ) ) ;
#1558 = CARTESIAN_POINT ( 'NONE',  ( -0.4078984539222383354, 9.765250220330203845, 2.018590974078972700 ) ) ;
#1559 = CARTESIAN_POINT ( 'NONE',  ( -3.230874401445322341, 7.481207085237675081, 53.82383665713949483 ) ) ;
#1560 = CARTESIAN_POINT ( 'NONE',  ( -0.04335196963300187029, 9.728654143000545318, 53.44224502107032038 ) ) ;
#1561 = CARTESIAN_POINT ( 'NONE',  ( -3.973811195097402216, 4.074740772570680569, 55.70026614366226880 ) ) ;
#1562 = CARTESIAN_POINT ( 'NONE',  ( -5.514858914905940601, 4.131298736218933065, 52.66600859833474857 ) ) ;
#1563 = DIRECTION ( 'NONE',  ( -1.000000000000000000, 0.000000000000000000, 0.000000000000000000 ) ) ;
#1564 = CARTESIAN_POINT ( 'NONE',  ( -3.047381146024100929, 4.107130107499053828, 56.47776686146804792 ) ) ;
#1565 = CARTESIAN_POINT ( 'NONE',  ( -4.427411407506149033, 4.813954014169508078, 54.61008054547178148 ) ) ;
#1566 = CARTESIAN_POINT ( 'NONE',  ( -4.746295760221829418, 8.463969952114052120, 46.33723433710488848 ) ) ;
#1567 = CARTESIAN_POINT ( 'NONE',  ( 0.01170802850807185075, 9.966780383632126927, 52.92845245455233538 ) ) ;
#1568 = CARTESIAN_POINT ( 'NONE',  ( -5.378974749078246909, 4.945930873022828855, 52.41773357850663473 ) ) ;
#1569 = CARTESIAN_POINT ( 'NONE',  ( -5.492664311162606339, 2.183970520588859543, -0.6223266164259109168 ) ) ;
#1570 = CARTESIAN_POINT ( 'NONE',  ( -2.236975035982790683, 10.29825930749459495, 10.78621608114737818 ) ) ;
#1571 = CARTESIAN_POINT ( 'NONE',  ( 0.003937313698430989703, 10.27376489248911184, 52.00833018069548785 ) ) ;
#1572 = CARTESIAN_POINT ( 'NONE',  ( -5.630091911283360062, 3.345249041169821691, 52.81137549383358731 ) ) ;
#1573 = CARTESIAN_POINT ( 'NONE',  ( -2.645806658866649119, 5.399996395751865741, 56.07739145466387498 ) ) ;
#1574 = CARTESIAN_POINT ( 'NONE',  ( -0.5219716236367967221, 9.549675000525699176, 53.61659940545069958 ) ) ;
#1575 = CARTESIAN_POINT ( 'NONE',  ( -4.850149314252284682, 5.731488446094803457, 53.05199778402947430 ) ) ;
#1576 = CARTESIAN_POINT ( 'NONE',  ( -0.003834641011078004577, 9.363669240003236638, 54.06377591181240660 ) ) ;
#1577 = CARTESIAN_POINT ( 'NONE',  ( -3.778706594643892469, 2.594364117055387275, 56.20153392537223880 ) ) ;
#1578 = CARTESIAN_POINT ( 'NONE',  ( -2.017475753752200340, 9.180678611759912400, 52.91468118281721189 ) ) ;
#1579 = CARTESIAN_POINT ( 'NONE',  ( -1.391222950465777153, 9.474098444902995908, 51.95266642012056479 ) ) ;
#1580 = CARTESIAN_POINT ( 'NONE',  ( -0.2892668286662124499, 10.47797223001678368, 51.02093093263047763 ) ) ;
#1581 = CARTESIAN_POINT ( 'NONE',  ( -2.444090394760657148, 8.571511219235686596, 53.39413790063290577 ) ) ;
#1582 = CARTESIAN_POINT ( 'NONE',  ( 0.0008851459376183580053, 10.45609836774495527, 51.21641639884542485 ) ) ;
#1583 = CARTESIAN_POINT ( 'NONE',  ( -0.003977885823183986702, 3.450217402071730888, 50.95933768168644207 ) ) ;
#1584 = CARTESIAN_POINT ( 'NONE',  ( -3.427993744852279701, 7.330649879012635317, 53.73980973293201657 ) ) ;
#1585 = CARTESIAN_POINT ( 'NONE',  ( -0.3554542181690459324, 9.827431037643041378, 53.16503262549988307 ) ) ;
#1586 = CARTESIAN_POINT ( 'NONE',  ( -3.757945069748827915, 6.769726913440841543, 53.87816083051094296 ) ) ;
#1587 = CARTESIAN_POINT ( 'NONE',  ( -0.6851489809793683827, 8.277106524367253471, 55.14410310254578462 ) ) ;
#1588 = CARTESIAN_POINT ( 'NONE',  ( -4.107598733053128726, 9.127823706723429353, 31.92480985224596424 ) ) ;
#1589 = CARTESIAN_POINT ( 'NONE',  ( -5.400700050988129775, 5.560622792152099869, 18.26174879616190339 ) ) ;
#1590 = CARTESIAN_POINT ( 'NONE',  ( -0.01588368527651100662, 8.028792211769603782, 55.11522497555803568 ) ) ;
#1591 = CARTESIAN_POINT ( 'NONE',  ( -0.3039778858232016767, 10.03879629643383176, 52.00921762787442049 ) ) ;
#1592 = CARTESIAN_POINT ( 'NONE',  ( -0.8456884775797194331, 9.434622553534932621, 52.68937722360355735 ) ) ;
#1593 = CARTESIAN_POINT ( 'NONE',  ( -2.817976597936608041, 8.257998164625130144, 53.39349606406425863 ) ) ;
#1594 = CARTESIAN_POINT ( 'NONE',  ( -0.02585922354343452023, 6.000583877861560111, 56.89281492294047382 ) ) ;
#1595 = CARTESIAN_POINT ( 'NONE',  ( -4.508417415387348193, 6.674350915178592913, 52.77988099637823893 ) ) ;
#1596 = CARTESIAN_POINT ( 'NONE',  ( -0.7896403557736185741, 6.525280135727458131, 56.43201070838333777 ) ) ;
#1597 = CARTESIAN_POINT ( 'NONE',  ( -2.089113045740998320, 8.562108237551713685, 52.96513292573141030 ) ) ;
#1598 = CARTESIAN_POINT ( 'NONE',  ( -4.639364090915131911, 6.132216525704956567, -1.224016598259970445 ) ) ;
#1599 = CARTESIAN_POINT ( 'NONE',  ( 0.04133097857657742902, 10.27376878455802256, 52.00744654966202773 ) ) ;
#1600 = CARTESIAN_POINT ( 'NONE',  ( -0.6017508696637777765, 10.87500813359594254, 42.68851598487404431 ) ) ;
#1601 = CARTESIAN_POINT ( 'NONE',  ( -2.558098833154255125, 6.249640144872535608, 55.59218598924243082 ) ) ;
#1602 = CARTESIAN_POINT ( 'NONE',  ( -0.09275229897356276898, 10.47343034643590265, 51.11797522226748214 ) ) ;
#1603 = CARTESIAN_POINT ( 'NONE',  ( -5.658439122849449276, 4.189670146104239379, 51.92978111291897392 ) ) ;
#1604 = CARTESIAN_POINT ( 'NONE',  ( -4.672174961371438506, 6.059314180447051612, 53.09622775665038574 ) ) ;
#1605 = CARTESIAN_POINT ( 'NONE',  ( -0.8554333834286821370, 4.862669162723205041, 57.18487206733568229 ) ) ;
#1606 = CARTESIAN_POINT ( 'NONE',  ( -5.301483889538333827, 5.718504100162613568, 51.83876355198167118 ) ) ;
#1607 = CARTESIAN_POINT ( 'NONE',  ( -4.516728697123141067, 7.589452198992327148, 49.94063592221484527 ) ) ;
#1608 = CARTESIAN_POINT ( 'NONE',  ( 0.01240383726140505995, 10.02393419087088411, 52.78548615086440776 ) ) ;
#1609 = CARTESIAN_POINT ( 'NONE',  ( -5.645288052210031715, 5.089288141745459626, 50.97902157087323616 ) ) ;
#1610 = CARTESIAN_POINT ( 'NONE',  ( -2.303430657603015685, 10.59051278084257319, 34.88720050679666684 ) ) ;
#1611 = CARTESIAN_POINT ( 'NONE',  ( 0.004040628754988792939, 10.18912084053640932, 52.30208637069314648 ) ) ;
#1612 = CARTESIAN_POINT ( 'NONE',  ( -3.954479716216896978, 7.895246009561222245, 52.22628097175849149 ) ) ;
#1613 = CARTESIAN_POINT ( 'NONE',  ( -0.5457097890828644937, 9.944418597822785699, 52.79280390239760834 ) ) ;
#1614 = CARTESIAN_POINT ( 'NONE',  ( -2.752221978945496694, 3.589130286428792171, 56.90226511297586853 ) ) ;
#1615 = CARTESIAN_POINT ( 'NONE',  ( -0.004311031509297973477, 9.245898037162460170, 54.23349184378498933 ) ) ;
#1616 = CARTESIAN_POINT ( 'NONE',  ( -5.433689547748118187, 4.306139898117718801, 31.92485516470748053 ) ) ;
#1617 = CARTESIAN_POINT ( 'NONE',  ( -1.780146400058192135, 4.139094670912640161, 57.13492990086236745 ) ) ;
#1618 = CARTESIAN_POINT ( 'NONE',  ( 0.000000000000000000, 0.000000000000000000, 0.000000000000000000 ) ) ;
#1619 = CARTESIAN_POINT ( 'NONE',  ( -1.649624763487059331, 10.16118898559042627, 48.56933681356138521 ) ) ;
#1620 = CARTESIAN_POINT ( 'NONE',  ( -0.1123048980568297356, 5.596778689955042907, 57.06863112364030144 ) ) ;
#1621 = CARTESIAN_POINT ( 'NONE',  ( -2.837277639288208420, 9.314488973972300911, 51.39126461961644310 ) ) ;
#1622 = CARTESIAN_POINT ( 'NONE',  ( -0.001137526104942693456, 9.798709435012360913, 53.30432388606833882 ) ) ;
#1623 = DIRECTION ( 'NONE',  ( -3.414809992080346871E-15, 0.000000000000000000, -1.000000000000000000 ) ) ;
#1624 = CARTESIAN_POINT ( 'NONE',  ( -4.982287655865427212, 5.969996089529528760, 52.51781876106037572 ) ) ;
#1625 = CARTESIAN_POINT ( 'NONE',  ( -0.3396638442407865499, 9.325634458046037523, 54.05441976575393426 ) ) ;
#1626 = CARTESIAN_POINT ( 'NONE',  ( -2.548615570401211894, 4.680753963105059867, 56.52152186269972134 ) ) ;
#1627 = CARTESIAN_POINT ( 'NONE',  ( -0.7089424058651706551, 8.568305314636344150, 54.85088396868573568 ) ) ;
#1628 = CARTESIAN_POINT ( 'NONE',  ( -2.070152273137022547, 4.814552573474075281, 56.34129128139391440 ) ) ;
#1629 = CARTESIAN_POINT ( 'NONE',  ( -4.715556276658021240, 4.840172096185368922, -4.300190680279246891 ) ) ;
#1630 = CARTESIAN_POINT ( 'NONE',  ( 0.000000000000000000, 9.413373376133046477, -0.5871316864203132146 ) ) ;
#1631 = CARTESIAN_POINT ( 'NONE',  ( -3.343740099081267569, 8.552170076387806574, 50.95933768168646338 ) ) ;
#1632 = CARTESIAN_POINT ( 'NONE',  ( -1.077706256323683442, 10.31554015497799881, 48.57549335595344076 ) ) ;
#1633 = CARTESIAN_POINT ( 'NONE',  ( -3.201484054438231919, 8.675418361028187419, 52.20585593195439600 ) ) ;
#1634 = CARTESIAN_POINT ( 'NONE',  ( -0.008110660986104733031, 10.45608380984796604, 51.21652449283594422 ) ) ;
#1635 = CARTESIAN_POINT ( 'NONE',  ( -2.661382635578377176, 4.135396119377970692, 56.72036552537417009 ) ) ;
#1636 = CARTESIAN_POINT ( 'NONE',  ( -1.434044020442061695, 9.816406765300037307, 52.24357557187426693 ) ) ;
#1637 = CARTESIAN_POINT ( 'NONE',  ( -2.605241513348395710, 9.924757652273699549, 7.840620996926787711 ) ) ;
#1638 = CARTESIAN_POINT ( 'NONE',  ( -4.731184529547626916, 5.903962863104553982, 52.04522859460012540 ) ) ;
#1639 = CARTESIAN_POINT ( 'NONE',  ( 0.05470475973799848041, 9.985905221347719518, 52.88019659568990960 ) ) ;
#1640 = CARTESIAN_POINT ( 'NONE',  ( -0.4084054968944627606, 8.092899378465597593, -6.556542167593267578 ) ) ;
#1641 = CARTESIAN_POINT ( 'NONE',  ( -3.854103736049106388, 8.625513929195076201, 50.99790940208944789 ) ) ;
#1642 = CARTESIAN_POINT ( 'NONE',  ( -0.04109441385630888122, 10.05919255672990431, 52.69032328760582828 ) ) ;
#1643 = CARTESIAN_POINT ( 'NONE',  ( -5.032166707321181320, 6.260243821930421504, 52.04473402729885123 ) ) ;
#1644 = CARTESIAN_POINT ( 'NONE',  ( -0.9374833017054851059, 5.236708386904942003, 57.02147616057972357 ) ) ;
#1645 = CARTESIAN_POINT ( 'NONE',  ( -5.323994644428081457, 5.733765415141890642, 51.73576493367795592 ) ) ;
#1646 = CARTESIAN_POINT ( 'NONE',  ( -5.045018113782220759, 8.330090734265651164, 42.61178167577030251 ) ) ;
#1647 = CARTESIAN_POINT ( 'NONE',  ( 0.01193996475918292048, 9.985831652711711470, 52.88079701998969284 ) ) ;
#1648 = CARTESIAN_POINT ( 'NONE',  ( -0.2796142758984679899, 10.19770198315729637, 6.160709869048822895 ) ) ;
#1649 = CARTESIAN_POINT ( 'NONE',  ( -4.956082591218438083, 4.637583577919368594, 53.78495625904586319 ) ) ;
#1650 = CIRCLE ( 'NONE', #1853, 0.09999999999999947820 ) ;
#1651 = CARTESIAN_POINT ( 'NONE',  ( -0.01381656052789809706, 8.438639192054486315, 55.18252925319063706 ) ) ;
#1652 = CARTESIAN_POINT ( 'NONE',  ( -5.598421416492412206, 3.334547225636754764, 52.95680704796451721 ) ) ;
#1653 = CARTESIAN_POINT ( 'NONE',  ( -0.4837816904545670926, 10.38737987628010373, 51.32446365554655188 ) ) ;
#1654 = CARTESIAN_POINT ( 'NONE',  ( -4.505395659711964207, 4.670448067975569550, 54.60056312359764519 ) ) ;
#1655 = CARTESIAN_POINT ( 'NONE',  ( 0.005823217946624226378, 10.45609755002117147, 51.21634553636925347 ) ) ;
#1656 = CARTESIAN_POINT ( 'NONE',  ( -5.358834018994050652, 3.898502005457005204, 0.4243822121442362150 ) ) ;
#1657 = CARTESIAN_POINT ( 'NONE',  ( -3.479250454747332633, 7.619402632498991856, 53.34823695395172649 ) ) ;
#1658 = CARTESIAN_POINT ( 'NONE',  ( -0.8838471321756998789, 6.697096428685926917, -10.02154272314402128 ) ) ;
#1659 = CARTESIAN_POINT ( 'NONE',  ( -0.2612184651256621026, 9.611600221828997093, 53.62076771876405701 ) ) ;
#1660 = CARTESIAN_POINT ( 'NONE',  ( -2.437456240448236056, 8.857440333782539810, 52.96783200415815429 ) ) ;
#1661 = CARTESIAN_POINT ( 'NONE',  ( -0.005409241469199282254, 9.475374818195875903, 53.89032500633226874 ) ) ;
#1662 = DIRECTION ( 'NONE',  ( 1.000000000000000000, -0.000000000000000000, -3.335730344018426891E-15 ) ) ;
#1663 = CARTESIAN_POINT ( 'NONE',  ( -3.305794385399289048, 4.215798234141707290, 56.24491255446054083 ) ) ;
#1664 = CARTESIAN_POINT ( 'NONE',  ( -1.951106542494964735, 9.319792420049274995, 52.73201475244599834 ) ) ;
#1665 = CARTESIAN_POINT ( 'NONE',  ( -3.977244794461736621, 7.131945696233442433, 53.18618661697978212 ) ) ;
#1666 = CARTESIAN_POINT ( 'NONE',  ( -0.4820719809971794056, 5.895197990995089121, 56.86366286033110384 ) ) ;
#1667 = CARTESIAN_POINT ( 'NONE',  ( -4.889015000656950605, 5.521865852215202430, 53.16015143920521524 ) ) ;
#1668 = CARTESIAN_POINT ( 'NONE',  ( -4.367834888766623180, 9.297275890576022661, 42.62883374446027318 ) ) ;
#1669 = CARTESIAN_POINT ( 'NONE',  ( -5.431602865398607705, 5.375359251069660615, 36.12815858435455851 ) ) ;
#1670 = CARTESIAN_POINT ( 'NONE',  ( 0.000000000000000000, 11.08059619324933287, 24.06545493832194893 ) ) ;
#1671 = CARTESIAN_POINT ( 'NONE',  ( -0.9724897249890999129, 4.354210148676135539, 57.33957036342446401 ) ) ;
#1672 = CARTESIAN_POINT ( 'NONE',  ( -5.254311112149600227, 4.991902674905554171, 50.95933768168644917 ) ) ;
#1673 = CARTESIAN_POINT ( 'NONE',  ( -0.7983921241375675493, 9.113123479086160827, 53.34923092139253242 ) ) ;
#1674 = CARTESIAN_POINT ( 'NONE',  ( -3.191272593891099074, 9.094933614330670935, 51.29729555300658461 ) ) ;
#1675 = CARTESIAN_POINT ( 'NONE',  ( -0.008284338372178306001, 10.47483590931179620, 51.11700507292250251 ) ) ;
#1676 = CARTESIAN_POINT ( 'NONE',  ( -4.439674872134403927, 6.869916771567887714, 52.69347089549267338 ) ) ;
#1677 = CARTESIAN_POINT ( 'NONE',  ( -1.387346467851289011, 9.603945786972708731, 52.80962046275325861 ) ) ;
#1678 = CARTESIAN_POINT ( 'NONE',  ( -2.590864166731948970, 9.783047419461228245, 6.173773510155973199 ) ) ;
#1679 = CARTESIAN_POINT ( 'NONE',  ( -5.484320922764200468, 7.183219233658043379, 42.59472960708095712 ) ) ;
#1680 = CARTESIAN_POINT ( 'NONE',  ( 0.06067867849301886857, 10.34877942412383867, 51.71126271014697551 ) ) ;
#1681 = CARTESIAN_POINT ( 'NONE',  ( -0.4488062705608905634, 11.07220041206259609, 24.06576444144931770 ) ) ;
#1682 = CARTESIAN_POINT ( 'NONE',  ( -2.942621828627884906, 7.203163984419366450, 54.44800568997513324 ) ) ;
#1683 = CARTESIAN_POINT ( 'NONE',  ( -0.05017218826798216375, 7.129567685647113962, 56.25290482509285539 ) ) ;
#1684 = CARTESIAN_POINT ( 'NONE',  ( -4.573648300136190059, 6.212300057979904366, 53.13701436262660849 ) ) ;
#1685 = CARTESIAN_POINT ( 'NONE',  ( -1.924890411013358449, 9.949153245463408624, 51.05967827459190289 ) ) ;
#1686 = CARTESIAN_POINT ( 'NONE',  ( -5.080714693177735164, 5.562135872057708319, 52.68735249546460864 ) ) ;
#1687 = CARTESIAN_POINT ( 'NONE',  ( -4.331347735452284908, 7.253276222489718705, 0.4169494422599646644 ) ) ;
#1688 = CARTESIAN_POINT ( 'NONE',  ( 0.01332056520428197798, 10.41540531228288735, 51.41495821505035480 ) ) ;
#1689 = CARTESIAN_POINT ( 'NONE',  ( -0.1358698774733500536, 7.468003638095483510, -8.675923452946696202 ) ) ;
#1690 = CARTESIAN_POINT ( 'NONE',  ( -5.535379666890269945, 4.801938056331655602, 51.93483209552751845 ) ) ;
#1691 = CARTESIAN_POINT ( 'NONE',  ( 0.004150038339214586966, 10.34878418797183031, 51.71247068810097858 ) ) ;
#1692 = CARTESIAN_POINT ( 'NONE',  ( -5.733676385989968871, 3.372363214667236431, 52.21969103477185570 ) ) ;
#1693 = CARTESIAN_POINT ( 'NONE',  ( -0.4412951805292071317, 9.716229554774363564, 53.34847735212905206 ) ) ;
#1694 = CARTESIAN_POINT ( 'NONE',  ( -4.975430831999658743, 5.118487008059996235, 53.33054906640352755 ) ) ;
#1695 = CARTESIAN_POINT ( 'NONE',  ( -0.01211698657756339441, 8.438641049318453824, 55.18261954590874296 ) ) ;
#1696 = CARTESIAN_POINT ( 'NONE',  ( -5.272851705925281074, 2.782863563038737720, 52.97238158088106275 ) ) ;
#1697 = CARTESIAN_POINT ( 'NONE',  ( -3.587630201550365161, 7.824765044202615094, 52.94211314700007875 ) ) ;
#1698 = FACE_BOUND ( 'NONE', #170, .T. ) ;
#1699 = CARTESIAN_POINT ( 'NONE',  ( -0.1668393416762919412, 2.183224181305106981, 57.50000000000000000 ) ) ;
#1700 = CARTESIAN_POINT ( 'NONE',  ( -0.1866519337436277071, 10.36387620421772482, 51.61701885897789310 ) ) ;
#1701 = CARTESIAN_POINT ( 'NONE',  ( -1.520335796758763625, 5.629447072317761425, 56.59651409765123020 ) ) ;
#1702 = CARTESIAN_POINT ( 'NONE',  ( -0.02064248908657834516, 6.382645550062933104, 56.68831139210061565 ) ) ;
#1703 = CARTESIAN_POINT ( 'NONE',  ( -0.3039778858231853009, 5.504147727546331303, 56.89760597302333878 ) ) ;
#1704 = CARTESIAN_POINT ( 'NONE',  ( -4.758172409245696066, 5.766490493185004951, 53.20324060374140629 ) ) ;
#1705 = CARTESIAN_POINT ( 'NONE',  ( -2.213935167921418756, 9.770008735531025224, 51.16943841880098631 ) ) ;
#1706 = CARTESIAN_POINT ( 'NONE',  ( -3.832081553150195941, 6.896190162518411881, 53.64878856875272106 ) ) ;
#1707 = CARTESIAN_POINT ( 'NONE',  ( -0.6805213335693552912, 9.276663169339087744, 53.95937311545714721 ) ) ;
#1708 = CARTESIAN_POINT ( 'NONE',  ( -2.083279129461172108, 2.917694682505561410, 57.41990678619270483 ) ) ;
#1709 = CARTESIAN_POINT ( 'NONE',  ( -2.851438401361048314, 6.007992240162375985, 54.96087169358122537 ) ) ;
#1710 = CARTESIAN_POINT ( 'NONE',  ( -5.078752913882315312, 4.838219606687090391, -1.235024421272107320 ) ) ;
#1711 = CARTESIAN_POINT ( 'NONE',  ( -0.02439347425618570639, 11.08058058150218628, 24.06547213294013687 ) ) ;
#1712 = CARTESIAN_POINT ( 'NONE',  ( -2.489576770347897927, 9.578448058384665842, 51.27929791690594641 ) ) ;
#1713 = DIRECTION ( 'NONE',  ( -3.335730344018426891E-15, 0.000000000000000000, -1.000000000000000000 ) ) ;
#1714 = CARTESIAN_POINT ( 'NONE',  ( -1.062138927644231456, 10.96658263340285089, 28.18506595611122023 ) ) ;
#1715 = CARTESIAN_POINT ( 'NONE',  ( -2.730660681128630696, 8.542533154309545296, 53.10218026960799165 ) ) ;
#1716 = CARTESIAN_POINT ( 'NONE',  ( -0.01093053993572119797, 9.681999470441601474, 53.53386954269873144 ) ) ;
#1717 = CARTESIAN_POINT ( 'NONE',  ( -3.998480902748898114, 6.270346027749424955, 54.01230077560647658 ) ) ;
#1718 = CARTESIAN_POINT ( 'NONE',  ( -0.9184364822933098749, 8.995383627599419896, 54.20289040485450727 ) ) ;
#1719 = CARTESIAN_POINT ( 'NONE',  ( -2.740749375650975317, 7.753588214098105169, 53.32654197732270518 ) ) ;
#1720 = CARTESIAN_POINT ( 'NONE',  ( -3.020558410481053002, 10.21679444274670168, 18.26376923762225246 ) ) ;
#1721 = CARTESIAN_POINT ( 'NONE',  ( -3.742181826900959241, 5.021839452910358048, -7.631658643158442779 ) ) ;
#1722 = CARTESIAN_POINT ( 'NONE',  ( 0.04133706691214938944, 9.363792980225884577, 54.06492614857414480 ) ) ;
#1723 = CARTESIAN_POINT ( 'NONE',  ( -5.499425113924622188, 2.418819707665580410, 31.92487259257731935 ) ) ;
#1724 = CARTESIAN_POINT ( 'NONE',  ( -0.3693148374310618598, 9.197954736560459921, -1.771177004437314295 ) ) ;
#1725 = CARTESIAN_POINT ( 'NONE',  ( -3.152261543770380481, 7.707006729524930044, 53.66973156167121317 ) ) ;
#1726 = CARTESIAN_POINT ( 'NONE',  ( -0.08708547380847975194, 10.09182342049831327, 52.59459460664764663 ) ) ;
#1727 = CARTESIAN_POINT ( 'NONE',  ( -5.585926403902647941, 4.379261817781319621, 52.12987908454296360 ) ) ;
#1728 = CARTESIAN_POINT ( 'NONE',  ( -5.094410569008865686, 5.100383035630377648, 53.07566844845042198 ) ) ;
#1729 = CARTESIAN_POINT ( 'NONE',  ( -4.906683819107340305, 6.537780888116972555, 52.04482307974969046 ) ) ;
#1730 = CARTESIAN_POINT ( 'NONE',  ( -2.016384813207225513, 9.873840903204833097, 51.16391758208322216 ) ) ;
#1731 = CARTESIAN_POINT ( 'NONE',  ( -4.801957381340502984, 5.316092213369144837, 53.52066003708650754 ) ) ;
#1732 = CARTESIAN_POINT ( 'NONE',  ( -3.730070387153973321, 6.294090029819039422, -5.047294899213124353 ) ) ;
#1733 = CARTESIAN_POINT ( 'NONE',  ( 0.008337177235017536117, 9.475413669423247143, 53.89059953461443087 ) ) ;
#1734 = CARTESIAN_POINT ( 'NONE',  ( -0.1690920257785710201, 9.110450148098477641, -2.360029755360142367 ) ) ;
#1735 = CARTESIAN_POINT ( 'NONE',  ( -5.119827734385902218, 4.544166400046675491, 53.48915932161018816 ) ) ;
#1736 = CARTESIAN_POINT ( 'NONE',  ( -5.678530425525199377, 3.561855179181249387, 52.40269659642257238 ) ) ;
#1737 = CARTESIAN_POINT ( 'NONE',  ( -0.4700756252461736340, 10.22050059804536026, 52.01878417518664577 ) ) ;
#1738 = CARTESIAN_POINT ( 'NONE',  ( -5.557629941494358405, 5.397964831913308892, 51.09141499851754276 ) ) ;
#1739 = CARTESIAN_POINT ( 'NONE',  ( -0.01212377820610262801, 3.927323674037507040, 57.61779160064217109 ) ) ;
#1740 = CARTESIAN_POINT ( 'NONE',  ( -5.062260552073142073, 2.696060015906355911, 53.90243381735295713 ) ) ;
#1741 = CARTESIAN_POINT ( 'NONE',  ( -1.882187036897269294, 10.77140650918123121, 24.06648661541303369 ) ) ;
#1742 = CARTESIAN_POINT ( 'NONE',  ( -0.08888492453640466084, 5.599380719088820513, 57.07003717964236245 ) ) ;
#1743 = CARTESIAN_POINT ( 'NONE',  ( -2.636877993815624599, 9.376590438246372727, 51.58964639806416841 ) ) ;
#1744 = CARTESIAN_POINT ( 'NONE',  ( -0.01559678110244491940, 4.357762888078461572, 57.51481842244231046 ) ) ;
#1745 = CARTESIAN_POINT ( 'NONE',  ( -1.172288675880195141, 3.987967024167001551, 56.95392506215805639 ) ) ;
#1746 = CARTESIAN_POINT ( 'NONE',  ( -4.666464491177186424, 5.796426452344174862, 53.35201392818157018 ) ) ;
#1747 = CARTESIAN_POINT ( 'NONE',  ( -2.211737237231776287, 2.220022392764692931, 57.52700073938508041 ) ) ;
#1748 = CARTESIAN_POINT ( 'NONE',  ( -1.871355697456155376, 9.018973994325188315, 53.35025455176157294 ) ) ;
#1749 = CARTESIAN_POINT ( 'NONE',  ( -3.033557674568965634, 5.735944665426180755, 55.55217892613425335 ) ) ;
#1750 = CARTESIAN_POINT ( 'NONE',  ( -0.8288222267723082126, 9.891091964472135345, 52.70366108976398323 ) ) ;
#1751 = CARTESIAN_POINT ( 'NONE',  ( -4.217125611137811703, 4.813634827820798989, 54.90228169940883873 ) ) ;
#1752 = CARTESIAN_POINT ( 'NONE',  ( -4.619386802882850418, 8.997231816328005394, 42.62314972156367787 ) ) ;
#1753 = CARTESIAN_POINT ( 'NONE',  ( -5.607715346705199444, 4.946348983774808694, 39.74231385588175414 ) ) ;
#1754 = CARTESIAN_POINT ( 'NONE',  ( -0.03043787158069080970, 11.01148158120773957, 33.64228178013935633 ) ) ;
#1755 = CARTESIAN_POINT ( 'NONE',  ( -1.360940544683993725, 5.751497765846090182, 56.60580594184537517 ) ) ;
#1756 = CARTESIAN_POINT ( 'NONE',  ( -5.464834764492690233, 5.003366455518602152, 51.25933768168647475 ) ) ;
#1757 = CARTESIAN_POINT ( 'NONE',  ( -1.292947891256818416, 10.15164293278721530, 6.166308572380464703 ) ) ;
#1758 = CARTESIAN_POINT ( 'NONE',  ( -3.051281377708042530, 8.808331990254535171, 52.20132533593229596 ) ) ;
#1759 = CARTESIAN_POINT ( 'NONE',  ( -0.01010156015800801367, 9.529150562682035641, 53.80233052300268071 ) ) ;
#1760 = CARTESIAN_POINT ( 'NONE',  ( -4.787310260328376366, 7.239130102028820346, 51.31977180386375181 ) ) ;
#1761 = CARTESIAN_POINT ( 'NONE',  ( -1.130389645325958758, 9.246497771291437573, 53.69514042061786085 ) ) ;
#1762 = CARTESIAN_POINT ( 'NONE',  ( -3.601711811452254608, 9.734561371268089403, 28.18563515641999828 ) ) ;
#1763 = CARTESIAN_POINT ( 'NONE',  ( -2.882029838151230372, 9.770898332041243251, 7.841454027258383697 ) ) ;
#1764 = CARTESIAN_POINT ( 'NONE',  ( -3.666602565581734030, 4.599555429966367903, -8.621427401441852822 ) ) ;
#1765 = CARTESIAN_POINT ( 'NONE',  ( 0.06122674085571198216, 10.39445531006467149, 51.51333622330728446 ) ) ;
#1766 = CARTESIAN_POINT ( 'NONE',  ( -5.499505942622187504, 1.709306871648026860, 39.72115881143471938 ) ) ;
#1767 = CARTESIAN_POINT ( 'NONE',  ( -0.6918246429286379895, 10.95343136103434034, 37.31525812913110229 ) ) ;
#1768 = CARTESIAN_POINT ( 'NONE',  ( -3.322549362761217040, 8.082325746837117464, 52.98179764127927882 ) ) ;
#1769 = CARTESIAN_POINT ( 'NONE',  ( -0.03188505167645558358, 9.775796014112396293, 53.35060683655398606 ) ) ;
#1770 = CARTESIAN_POINT ( 'NONE',  ( -3.267327681842462361, 2.929849901258407385, 56.86043944186710775 ) ) ;
#1771 = CARTESIAN_POINT ( 'NONE',  ( -4.431250800449252125, 6.043149011708897511, 53.54658452758948783 ) ) ;
#1772 = CARTESIAN_POINT ( 'NONE',  ( -1.758827134116175639, 9.789003664686342532, 51.86212220939360407 ) ) ;
#1773 = CARTESIAN_POINT ( 'NONE',  ( -5.255644901080282594, 5.687351361228353497, 52.04254747758137256 ) ) ;
#1774 = CARTESIAN_POINT ( 'NONE',  ( -1.639996474874067856, 3.005793891341681956, 57.25823376350442828 ) ) ;
#1775 = CARTESIAN_POINT ( 'NONE',  ( -0.006656972147521885916, 7.474387221351265431, 56.00412731022607460 ) ) ;
#1776 = AXIS2_PLACEMENT_3D ( 'NONE', #6769, #188, #2224 ) ;
#1777 = CARTESIAN_POINT ( 'NONE',  ( -0.2621970659964755201, 11.02498262339931223, 31.92477063953888106 ) ) ;
#1778 = CARTESIAN_POINT ( 'NONE',  ( -5.553895403830745536, 4.811084617791041573, 51.83145745174483920 ) ) ;
#1779 = ORIENTED_EDGE ( 'NONE', *, *, #3796, .T. ) ;
#1780 = CARTESIAN_POINT ( 'NONE',  ( -5.341930973234918945, 3.417789900804831582, 53.79561020832766616 ) ) ;
#1781 = PRODUCT_DEFINITION_SHAPE ( 'NONE', 'NONE',  #1197 ) ;
#1782 = CARTESIAN_POINT ( 'NONE',  ( -0.2538390418574993368, 5.570384370647842864, 57.05997723691517365 ) ) ;
#1783 = CARTESIAN_POINT ( 'NONE',  ( -5.289189212535464257, 5.236671608844093662, 52.42070149898239606 ) ) ;
#1784 = CARTESIAN_POINT ( 'NONE',  ( 0.006796772326920112912, 10.15916385568588964, 52.39952818220456265 ) ) ;
#1785 = CARTESIAN_POINT ( 'NONE',  ( -5.494535170453606732, 3.525418364690203532, 6.212794775800705160 ) ) ;
#1786 = CARTESIAN_POINT ( 'NONE',  ( -1.297540147222524309, 8.329179944542412173, 54.11523493019114994 ) ) ;
#1787 = CARTESIAN_POINT ( 'NONE',  ( -0.1198285571438241215, 7.813787841717226179, 55.74587888687005943 ) ) ;
#1788 = CARTESIAN_POINT ( 'NONE',  ( -2.717616706204091681, 9.568847867843228272, 50.87484293193701745 ) ) ;
#1789 = CARTESIAN_POINT ( 'NONE',  ( -0.0009940715892429881871, 9.729387085558236947, 53.44245020358854248 ) ) ;
#1790 = AXIS2_PLACEMENT_3D ( 'NONE', #940, #5540, #1713 ) ;
#1791 = CARTESIAN_POINT ( 'NONE',  ( -1.354441828127084690, 3.987585547089676385, 56.89554084578866622 ) ) ;
#1792 = CARTESIAN_POINT ( 'NONE',  ( -5.034649655558739667, 6.012243711305857552, 52.33485656644130302 ) ) ;
#1793 = CARTESIAN_POINT ( 'NONE',  ( -5.630097453064578872, 3.754264626905515545, 52.49376122944877210 ) ) ;
#1794 = CARTESIAN_POINT ( 'NONE',  ( -0.8537962274799774098, 4.436012959710347481, 57.34474669355601151 ) ) ;
#1795 = CARTESIAN_POINT ( 'NONE',  ( -1.362727301585994866, 3.125433579600320755, 57.56641038035454727 ) ) ;
#1796 = CARTESIAN_POINT ( 'NONE',  ( -0.7163522908962532965, 9.723141630988173745, 53.16614904551717302 ) ) ;
#1797 = CARTESIAN_POINT ( 'NONE',  ( -4.657997134419064267, 5.290362563133169438, 53.81664397555982049 ) ) ;
#1798 = CARTESIAN_POINT ( 'NONE',  ( -4.081065862623137974, 8.039960836138083877, 2.052713874233740743 ) ) ;
#1799 = CARTESIAN_POINT ( 'NONE',  ( -5.425546673430518219, 4.962569637686928381, 34.88816611442430826 ) ) ;
#1800 = CARTESIAN_POINT ( 'NONE',  ( -0.01609499801977306785, 9.221808123996870776, -1.764923984858302264 ) ) ;
#1801 = CARTESIAN_POINT ( 'NONE',  ( -2.133957221189279441, 8.863781960393191994, 53.30889820230226661 ) ) ;
#1802 = CARTESIAN_POINT ( 'NONE',  ( -5.646560090452868330, 5.096066953241670916, 50.95933768168649891 ) ) ;
#1803 = CARTESIAN_POINT ( 'NONE',  ( -1.462434383211648364E-15, 1.562500000000000000, -14.99999999999999822 ) ) ;
#1804 = CARTESIAN_POINT ( 'NONE',  ( -0.9393772959031511105, 3.471800383886849861, 57.58412171960516446 ) ) ;
#1805 = CARTESIAN_POINT ( 'NONE',  ( -0.004739248833078500006, 10.41540467085381394, 51.41525445135695804 ) ) ;
#1806 = CARTESIAN_POINT ( 'NONE',  ( -2.144256555602247261, 3.786600489398468827, 57.11049214564912546 ) ) ;
#1807 = CARTESIAN_POINT ( 'NONE',  ( -1.303274537840054093, 10.19662060409482862, 51.14399006744118736 ) ) ;
#1808 = CARTESIAN_POINT ( 'NONE',  ( -3.516749777349930106, 9.228325647670747145, 48.54676282479017857 ) ) ;
#1809 = CARTESIAN_POINT ( 'NONE',  ( -4.660793414101987331, 5.413885939400310043, 52.74071818411383816 ) ) ;
#1810 = CARTESIAN_POINT ( 'NONE',  ( 0.07181067927275167073, 9.985934548123694299, 52.87995658165441881 ) ) ;
#1811 = CARTESIAN_POINT ( 'NONE',  ( -5.499999971731083015, 1.562499999999999778, 18.26030562369033206 ) ) ;
#1812 = CARTESIAN_POINT ( 'NONE',  ( -0.5698474351970382878, 10.20194573750520384, 49.94299639712607330 ) ) ;
#1813 = CARTESIAN_POINT ( 'NONE',  ( -3.692501064181395787, 8.745308929525375419, 51.09990145180948673 ) ) ;
#1814 = CARTESIAN_POINT ( 'NONE',  ( -0.03379322006127769701, 9.580442969002483267, 53.71293567311637673 ) ) ;
#1815 = CARTESIAN_POINT ( 'NONE',  ( -4.859807369376245134, 6.240193305719056838, 52.51880531996663848 ) ) ;
#1816 = CARTESIAN_POINT ( 'NONE',  ( -1.641476420119307944, 9.344279251760625016, 53.04161843117395847 ) ) ;
#1817 = CARTESIAN_POINT ( 'NONE',  ( -2.368626314615197348, 3.092748283148666566, 57.26100914917628160 ) ) ;
#1818 = CARTESIAN_POINT ( 'NONE',  ( -4.866273214866679631, 7.611706219311422217, 12.44600189392507694 ) ) ;
#1819 = CARTESIAN_POINT ( 'NONE',  ( -0.005060883291003744934, 7.818648578989594533, 55.75274738980425582 ) ) ;
#1820 = CARTESIAN_POINT ( 'NONE',  ( -0.2683110944026581013, 9.744255113921525435, 52.32698748148480661 ) ) ;
#1821 = CARTESIAN_POINT ( 'NONE',  ( -5.210197338114423538, 4.611845740700008633, 53.20583003183785564 ) ) ;
#1822 = ORIENTED_EDGE ( 'NONE', *, *, #6475, .F. ) ;
#1823 = CARTESIAN_POINT ( 'NONE',  ( -0.1595925939615115696, 3.909472741336858626, 57.61199732784827177 ) ) ;
#1824 = CARTESIAN_POINT ( 'NONE',  ( -4.731805572789369307, 4.891780552699120932, 54.01955320287398621 ) ) ;
#1825 = CARTESIAN_POINT ( 'NONE',  ( 0.007971806404631577928, 10.18912270045367130, 52.30199455480773452 ) ) ;
#1826 = ADVANCED_FACE ( 'NONE', ( #5486, #4028, #6646 ), #2098, .F. ) ;
#1827 = CARTESIAN_POINT ( 'NONE',  ( -5.587722182990094488, 3.459399032873767599, 39.73385183810289334 ) ) ;
#1828 = CARTESIAN_POINT ( 'NONE',  ( -1.438489552881727862, 8.205212241206139012, -4.991814262966393301 ) ) ;
#1829 = CARTESIAN_POINT ( 'NONE',  ( -0.1896554370522703092, 10.44807043296184723, 51.21905485302253425 ) ) ;
#1830 = CARTESIAN_POINT ( 'NONE',  ( -2.093556644082783080, 7.672883605105035087, 54.78867092987673715 ) ) ;
#1831 = CARTESIAN_POINT ( 'NONE',  ( -0.002034315048805534782, 9.682056030147002446, 53.53393061141186138 ) ) ;
#1832 = CARTESIAN_POINT ( 'NONE',  ( -1.050256188819772785, 3.988646588842021057, 57.42298667643040488 ) ) ;
#1833 = CARTESIAN_POINT ( 'NONE',  ( -4.743414490909963810, 5.877597866598773813, 53.13094653517902799 ) ) ;
#1834 = CARTESIAN_POINT ( 'NONE',  ( -3.899815803624642641, 2.877167735314449803, 56.39215318195164883 ) ) ;
#1835 = CARTESIAN_POINT ( 'NONE',  ( -1.984775679605762289, 9.432084723737583332, 52.45345516939413955 ) ) ;
#1836 = CARTESIAN_POINT ( 'NONE',  ( -4.251781231353066737, 7.816399844853350487, 51.73218090336767006 ) ) ;
#1837 = CARTESIAN_POINT ( 'NONE',  ( -0.7201291621180274660, 9.765928245588094470, 53.07463024478418845 ) ) ;
#1838 = CARTESIAN_POINT ( 'NONE',  ( -4.347611144572065101, 4.954876611511615181, 54.61936369950751669 ) ) ;
#1839 = CARTESIAN_POINT ( 'NONE',  ( -3.690123519765458493, 7.338460462250673721, -2.438521564301040723 ) ) ;
#1840 = CARTESIAN_POINT ( 'NONE',  ( -5.453324828576295857, 4.987326698694654503, 10.78168817642642097 ) ) ;
#1841 = CARTESIAN_POINT ( 'NONE',  ( -0.03707307741777606663, 6.183393338417140228, 56.45585981162102485 ) ) ;
#1842 = CARTESIAN_POINT ( 'NONE',  ( -1.529288266094813276, 6.407492143539748497, 56.15821963459907806 ) ) ;
#1843 = CARTESIAN_POINT ( 'NONE',  ( -3.863826898729763482, 8.631795344241369961, 50.95933768168644207 ) ) ;
#1844 = CARTESIAN_POINT ( 'NONE',  ( -1.225610838109260525, 10.53308240472375878, 10.78701512315693378 ) ) ;
#1845 = CARTESIAN_POINT ( 'NONE',  ( -2.547511194620368347, 8.009768014952021176, 54.00143543174527849 ) ) ;
#1846 = CARTESIAN_POINT ( 'NONE',  ( -0.02353719388897630715, 7.818616036482292309, 55.75163387770500378 ) ) ;
#1847 = CARTESIAN_POINT ( 'NONE',  ( -3.552637499441881896, 7.396709054911082326, 53.50382807334825230 ) ) ;
#1848 = CARTESIAN_POINT ( 'NONE',  ( -4.206019581753259295, 6.572895208887074681, 53.40928365942198752 ) ) ;
#1849 = CARTESIAN_POINT ( 'NONE',  ( -1.178831936044356210, 9.576389692122738495, 53.07951465260292423 ) ) ;
#1850 = CARTESIAN_POINT ( 'NONE',  ( -3.350650070053703633, 10.01192274537545401, 36.12951336558878523 ) ) ;
#1851 = CARTESIAN_POINT ( 'NONE',  ( -5.194792648770828691, 6.153609214746062150, 31.92483773683765236 ) ) ;
#1852 = CARTESIAN_POINT ( 'NONE',  ( 0.07909442762206224387, 10.32524106657149510, 51.80969107883382918 ) ) ;
#1853 = AXIS2_PLACEMENT_3D ( 'NONE', #7400, #2034, #2844 ) ;
#1854 = CARTESIAN_POINT ( 'NONE',  ( -1.462434383211648364E-15, 1.562500000000000000, -14.99999999999999822 ) ) ;
#1855 = CARTESIAN_POINT ( 'NONE',  ( -0.7034130243019793838, 10.86754406777525617, 42.68709497914991147 ) ) ;
#1856 = CARTESIAN_POINT ( 'NONE',  ( -3.092410951744867464, 7.999838076641531792, 53.39190966797261950 ) ) ;
#1857 = CARTESIAN_POINT ( 'NONE',  ( -0.03670841822280261624, 9.245426870857542667, 54.23262667694551453 ) ) ;
#1858 = CARTESIAN_POINT ( 'NONE',  ( -5.767076423223966408, 4.228603081100939853, 51.07613758330974463 ) ) ;
#1859 = CARTESIAN_POINT ( 'NONE',  ( -5.044896170942970492, 4.943009047896119057, 53.32441775269224848 ) ) ;
#1860 = CARTESIAN_POINT ( 'NONE',  ( -1.654352003352626221, 2.853293154499940698, 57.55296629059026259 ) ) ;
#1861 = CARTESIAN_POINT ( 'NONE',  ( -1.823407868603142301, 9.997751235715897522, 51.05693672300560593 ) ) ;
#1862 = CARTESIAN_POINT ( 'NONE',  ( -4.766652471367219590, 7.653103395302795597, 28.18612304239878341 ) ) ;
#1863 = CARTESIAN_POINT ( 'NONE',  ( 0.01671553148884628859, 10.02394050241881907, 52.78541512094474797 ) ) ;
#1864 = CARTESIAN_POINT ( 'NONE',  ( -0.2393182620710754271, 8.991071440122611946, -2.955990234337039890 ) ) ;
#1865 = CARTESIAN_POINT ( 'NONE',  ( -5.366799786944849160, 4.712957273113838497, 52.67536984380134157 ) ) ;
#1866 = CARTESIAN_POINT ( 'NONE',  ( -1.403504579983067435, 3.567481919415381952, 57.45578061099645595 ) ) ;
#1867 = VERTEX_POINT ( 'NONE', #3634 ) ;
#1868 = CARTESIAN_POINT ( 'NONE',  ( -0.2227018725731223225, 5.979024625058432463, 56.88038056454414004 ) ) ;
#1869 = CARTESIAN_POINT ( 'NONE',  ( -4.826188623782540432, 5.099853842072130661, 53.65936203125737336 ) ) ;
#1870 = CARTESIAN_POINT ( 'NONE',  ( -0.01742051535658254227, 6.764678072893957506, 56.48371304647889701 ) ) ;
#1871 = CARTESIAN_POINT ( 'NONE',  ( -5.414381882068435736, 3.430825707682370940, 0.4253732481288064471 ) ) ;
#1872 = CARTESIAN_POINT ( 'NONE',  ( -0.5545412652965211464, 3.844306910106861874, 57.28868361760745387 ) ) ;
#1873 = CARTESIAN_POINT ( 'NONE',  ( -1.467651148415811013, 5.670095762353081881, 56.59961286782585432 ) ) ;
#1874 = CARTESIAN_POINT ( 'NONE',  ( 0.001244123078000295649, 9.926943253195368300, 53.02332941214273632 ) ) ;
#1875 = CARTESIAN_POINT ( 'NONE',  ( -4.905960120735536556, 3.023227972515146966, 55.06761399395099943 ) ) ;
#1876 = CARTESIAN_POINT ( 'NONE',  ( -4.675968386842479951, 5.934628110395672174, 53.20707732192648365 ) ) ;
#1877 = CARTESIAN_POINT ( 'NONE',  ( -5.693411709277277133, 3.774183667086006722, 52.12498777321931698 ) ) ;
#1878 = CARTESIAN_POINT ( 'NONE',  ( -1.728209727639943072, 8.828507730686860455, 53.77329259208883627 ) ) ;
#1879 = CARTESIAN_POINT ( 'NONE',  ( -2.815155398315187352, 5.596787843870278500, 55.81694504325006534 ) ) ;
#1880 = CARTESIAN_POINT ( 'NONE',  ( -0.8990531863596132878, 10.37169157863275260, 50.93248594685792341 ) ) ;
#1881 = CARTESIAN_POINT ( 'NONE',  ( -4.928283815068130735, 5.679220884593968677, 52.93430566725589870 ) ) ;
#1882 = CARTESIAN_POINT ( 'NONE',  ( -4.425213948724831425, 3.842160102142945899, -7.624246314954821635 ) ) ;
#1883 = CARTESIAN_POINT ( 'NONE',  ( -0.09771318075701079797, 10.98217007241149368, 37.31637267595083074 ) ) ;
#1884 = CARTESIAN_POINT ( 'NONE',  ( -1.912782234796120528, 8.380423715448102939, 54.17631908144667108 ) ) ;
#1885 = CARTESIAN_POINT ( 'NONE',  ( -3.100244228367424082, 9.283413689698647886, 50.95933768168644917 ) ) ;
#1886 = CARTESIAN_POINT ( 'NONE',  ( -1.090877468273828477, 9.736109278917600918, 51.54183034715793355 ) ) ;
#1887 = CARTESIAN_POINT ( 'NONE',  ( -2.770279135565854478, 9.161607698647067366, 51.89642242058589261 ) ) ;
#1888 = CARTESIAN_POINT ( 'NONE',  ( -0.02177532541144709330, 5.601974989410429373, 57.07387394683505732 ) ) ;
#1889 = CARTESIAN_POINT ( 'NONE',  ( -3.824118083832196646, 7.867743708160766403, 52.50630590360660221 ) ) ;
#1890 = CARTESIAN_POINT ( 'NONE',  ( -3.930081757184209490, 6.451054423835826945, 53.94315326667316413 ) ) ;
#1891 = CARTESIAN_POINT ( 'NONE',  ( -0.7409044096285187786, 7.270478864681646947, 55.95511851104877366 ) ) ;
#1892 = CARTESIAN_POINT ( 'NONE',  ( -2.962852256893693692, 8.641415692118700420, -0.1941043872478631083 ) ) ;
#1893 = CARTESIAN_POINT ( 'NONE',  ( -3.082133854984607790, 3.662596323833218648, 56.26328717570727633 ) ) ;
#1894 = CARTESIAN_POINT ( 'NONE',  ( 0.07648661815229872152, 10.18915508839873496, 52.30039439272210444 ) ) ;
#1895 = CARTESIAN_POINT ( 'NONE',  ( -5.491446679975057421, 1.562499999999998446, 51.24711331740023468 ) ) ;
#1896 = CARTESIAN_POINT ( 'NONE',  ( -0.4696641048169599153, 7.747197143568908650, -7.655748709820205278 ) ) ;
#1897 = CARTESIAN_POINT ( 'NONE',  ( -3.724351646094648416, 8.799130978927427904, 50.89240055610368785 ) ) ;
#1898 = CARTESIAN_POINT ( 'NONE',  ( -0.03032021533283444509, 10.30009208015980171, 51.91068176293349268 ) ) ;
#1899 = CARTESIAN_POINT ( 'NONE',  ( -5.510298683387465424, 5.251642379612658118, 51.51986935408817203 ) ) ;
#1900 = CARTESIAN_POINT ( 'NONE',  ( -4.289134675289293597, 6.129416080777345677, 53.70105588667035335 ) ) ;
#1901 = CARTESIAN_POINT ( 'NONE',  ( -1.830793874145566491, 10.02075943010181547, 50.95546046395249107 ) ) ;
#1902 = CARTESIAN_POINT ( 'NONE',  ( -4.976300628101624213, 7.846336238359553406, 37.30466993434373535 ) ) ;
#1903 = CARTESIAN_POINT ( 'NONE',  ( 0.01793737501059826378, 10.15917084984426211, 52.39927448085583706 ) ) ;
#1904 = CARTESIAN_POINT ( 'NONE',  ( -0.2823540551444586044, 11.08350645421516845, 24.06566127374019004 ) ) ;
#1905 = CARTESIAN_POINT ( 'NONE',  ( -2.102240008399332449, 4.718212386034170258, 56.76497499399857816 ) ) ;
#1906 = EDGE_LOOP ( 'NONE', ( #7923, #4483, #5767, #6494 ) ) ;
#1907 = CARTESIAN_POINT ( 'NONE',  ( -5.037018989668068158, 5.289971428091105210, 53.04262511021854465 ) ) ;
#1908 = CARTESIAN_POINT ( 'NONE',  ( 0.007802492868903094722, 10.32524440105183139, 51.81129187080760801 ) ) ;
#1909 = EDGE_CURVE ( 'NONE', #6453, #865, #6336, .T. ) ;
#1910 = CARTESIAN_POINT ( 'NONE',  ( -5.527192276235227020, 2.844334988849177126, 37.29575355978587936 ) ) ;
#1911 = CARTESIAN_POINT ( 'NONE',  ( -1.462434383211648364E-15, 1.562500000000000000, -14.99999999999999822 ) ) ;
#1912 = CARTESIAN_POINT ( 'NONE',  ( -2.021748266884957790, 7.730266270597401679, 54.79193772322283706 ) ) ;
#1913 = CARTESIAN_POINT ( 'NONE',  ( 0.001380569152525869649, 9.864605174203061821, 53.16449332415815832 ) ) ;
#1914 = CARTESIAN_POINT ( 'NONE',  ( -2.634673671581206911, 2.216587365768496021, 57.38932903845173428 ) ) ;
#1915 = CARTESIAN_POINT ( 'NONE',  ( -4.862697554259831634, 5.991459926848345496, 52.77675837045479312 ) ) ;
#1916 = CARTESIAN_POINT ( 'NONE',  ( -2.557672227063493953, 2.338527917282366531, 57.39397864651061099 ) ) ;
#1917 = CARTESIAN_POINT ( 'NONE',  ( -1.891658690224416794, 9.487539740402592514, 52.45043502514080558 ) ) ;
#1918 = CARTESIAN_POINT ( 'NONE',  ( -4.064176276580635516, 7.568341519796520700, 52.51126111366784954 ) ) ;
#1919 = CARTESIAN_POINT ( 'NONE',  ( -0.6159266556552634997, 9.619010356748331603, 53.43742327607994014 ) ) ;
#1920 = CARTESIAN_POINT ( 'NONE',  ( -5.420410129391903808, 6.049450754188788082, 50.88483602638461178 ) ) ;
#1921 = CARTESIAN_POINT ( 'NONE',  ( -1.011224619354770704, 3.530291190245892885, 57.27761094338819703 ) ) ;
#1922 = CARTESIAN_POINT ( 'NONE',  ( -3.821001801319276581, 3.498848737734585601, -9.949740842817989872 ) ) ;
#1923 = CARTESIAN_POINT ( 'NONE',  ( -0.1515963528075060240, 10.00537936277841133, 4.075569692164187074 ) ) ;
#1924 = CARTESIAN_POINT ( 'NONE',  ( -2.363793348196561173, 9.551228796492297946, 51.58115967580328487 ) ) ;
#1925 = CARTESIAN_POINT ( 'NONE',  ( -3.515569568026752467, 8.956597538787635315, 50.95933768168644917 ) ) ;
#1926 = CARTESIAN_POINT ( 'NONE',  ( -1.268098387063003374, 10.26982635993206650, 48.57344117515613391 ) ) ;
#1927 = CARTESIAN_POINT ( 'NONE',  ( 0.003245876272030742953, 10.47485044706897384, 51.11687574670762046 ) ) ;
#1928 = CARTESIAN_POINT ( 'NONE',  ( -2.908996273002748989, 8.970813549977656010, 52.09868622979870878 ) ) ;
#1929 = CARTESIAN_POINT ( 'NONE',  ( -0.01205382117206820966, 9.363621467951555033, 54.06359030012805533 ) ) ;
#1930 = CARTESIAN_POINT ( 'NONE',  ( -1.843503106368581390, 4.080523064738339478, 57.13082315765838359 ) ) ;
#1931 = CARTESIAN_POINT ( 'NONE',  ( -4.108549485327041673, 6.723289537396684779, 53.41249218994606451 ) ) ;
#1932 = CARTESIAN_POINT ( 'NONE',  ( -0.8881181879473056817, 9.564609416938706588, 53.34715341812287903 ) ) ;
#1933 = CARTESIAN_POINT ( 'NONE',  ( -2.962203188699269685, 7.530873267265897120, 53.32330069959853347 ) ) ;
#1934 = CARTESIAN_POINT ( 'NONE',  ( -2.098488812743535728E-32, 1.562500000000000000, 57.50000000000000000 ) ) ;
#1935 = CARTESIAN_POINT ( 'NONE',  ( 0.08157205216485666210, 10.45608681229217929, 51.21524772830108674 ) ) ;
#1936 = CARTESIAN_POINT ( 'NONE',  ( -5.499719485120825091, 1.765038107349202079, 0.4290896330709432771 ) ) ;
#1937 = CARTESIAN_POINT ( 'NONE',  ( -0.4474670089317620003, 9.080750565947724340, -2.366437249967564327 ) ) ;
#1938 = CARTESIAN_POINT ( 'NONE',  ( -2.853508476147929684, 7.864932564939047133, 53.83503336499514802 ) ) ;
#1939 = CARTESIAN_POINT ( 'NONE',  ( -0.04237225439386121950, 8.141250486009665721, 55.47654016907390684 ) ) ;
#1940 = CARTESIAN_POINT ( 'NONE',  ( -5.725771875794146482, 4.436479190334428502, 51.18741640935878934 ) ) ;
#1941 = CARTESIAN_POINT ( 'NONE',  ( -3.224547453765687077, 3.460020041513125477, 56.67209630192681402 ) ) ;
#1942 = CARTESIAN_POINT ( 'NONE',  ( -1.869722472888699194, 3.135554441763829470, 57.43137831700990859 ) ) ;
#1943 = CARTESIAN_POINT ( 'NONE',  ( -1.815800005631787783, 9.973797383322198229, 51.15828372079795372 ) ) ;
#1944 = CARTESIAN_POINT ( 'NONE',  ( -2.495053610302282898, 10.51939953183686427, 20.74964467541749613 ) ) ;
#1945 = CARTESIAN_POINT ( 'NONE',  ( -4.009732043419295344, 6.215936812065139705, -4.264202685122266523 ) ) ;
#1946 = CARTESIAN_POINT ( 'NONE',  ( 0.01808054896506352399, 10.18912748239482191, 52.30175845827652381 ) ) ;
#1947 = CARTESIAN_POINT ( 'NONE',  ( -0.2536616247159464987, 9.492598604555094965, 52.96298732380721930 ) ) ;
#1948 = CARTESIAN_POINT ( 'NONE',  ( -3.492818734519654633, 7.834378462949885602, 53.06674574950743306 ) ) ;
#1949 = EDGE_LOOP ( 'NONE', ( #4399, #1822, #5340, #7835 ) ) ;
#1950 = CARTESIAN_POINT ( 'NONE',  ( -4.720911506934115209, 4.997506317220663519, 53.95095899522525684 ) ) ;
#1951 = CARTESIAN_POINT ( 'NONE',  ( -0.0002157455814587462930, 9.419534524634439521, 53.97714611930541651 ) ) ;
#1952 = CARTESIAN_POINT ( 'NONE',  ( -5.577829269814748692, 2.822263901781994377, 46.24587181672467295 ) ) ;
#1953 = CARTESIAN_POINT ( 'NONE',  ( -2.151308677959080651, 10.66472571418136184, 37.31247176208175631 ) ) ;
#1954 = CARTESIAN_POINT ( 'NONE',  ( -2.340277145586764362, 8.875819257727409095, 53.05346544269143294 ) ) ;
#1955 = CARTESIAN_POINT ( 'NONE',  ( 0.002125566865464978070, 9.966762609903998538, 52.92857525785931472 ) ) ;
#1956 = CARTESIAN_POINT ( 'NONE',  ( -3.241406548144639910, 2.405272692067843110, 57.02936712840038069 ) ) ;
#1957 = CARTESIAN_POINT ( 'NONE',  ( -4.371453858110005086, 5.581628531646027902, 54.05569229661988118 ) ) ;
#1958 = CARTESIAN_POINT ( 'NONE',  ( -5.573677111217476998, 3.944253317327855779, 52.58140468525598266 ) ) ;
#1959 = CARTESIAN_POINT ( 'NONE',  ( -1.622616713919046605, 8.322465964908870362, 54.50419562797704032 ) ) ;
#1960 = CARTESIAN_POINT ( 'NONE',  ( -2.550060816202316172, 5.100760329197285614, 56.31417829683618947 ) ) ;
#1961 = CARTESIAN_POINT ( 'NONE',  ( -0.6208238434689877794, 9.688781505054290477, 53.30235859230632656 ) ) ;
#1962 = CARTESIAN_POINT ( 'NONE',  ( -5.299837190117386854, 5.963145696994862632, 51.52632758546474889 ) ) ;
#1963 = CARTESIAN_POINT ( 'NONE',  ( -1.462434383211648364E-15, 1.562500000000000000, -14.99999999999999822 ) ) ;
#1964 = CARTESIAN_POINT ( 'NONE',  ( -2.766276047921471193, 2.950862581372914129, -12.98985909465203825 ) ) ;
#1965 = CARTESIAN_POINT ( 'NONE',  ( -0.1264281041659604532, 9.634434357104781910, 52.68182708235207912 ) ) ;
#1966 = CARTESIAN_POINT ( 'NONE',  ( -1.130794683572572401, 5.103346516980236558, 57.01150718924298388 ) ) ;
#1967 = CARTESIAN_POINT ( 'NONE',  ( -0.4256948183891101634, 10.47066991006309067, 50.95933768168646338 ) ) ;
#1968 = CARTESIAN_POINT ( 'NONE',  ( -0.9103559324245894535, 7.600684036911433239, -7.653154394948928463 ) ) ;
#1969 = CARTESIAN_POINT ( 'NONE',  ( 0.002995130911248190548, 10.51136157632027768, 50.91780492989375517 ) ) ;
#1970 = CARTESIAN_POINT ( 'NONE',  ( -2.636170064225361820, 8.836145863155236313, 52.75009141253728728 ) ) ;
#1971 = CARTESIAN_POINT ( 'NONE',  ( -0.007473593784404371915, 9.305754900161222309, 54.14916440786558383 ) ) ;
#1972 = CARTESIAN_POINT ( 'NONE',  ( -3.999710153480578345, 8.127807302611575579, 51.72732796188017801 ) ) ;
#1973 = CARTESIAN_POINT ( 'NONE',  ( -4.469043002875206838, 7.182839639609222893, 52.23666193431691340 ) ) ;
#1974 = CARTESIAN_POINT ( 'NONE',  ( -1.079438611222164335, 10.17572808750506042, 51.54028172390064100 ) ) ;
#1975 = CARTESIAN_POINT ( 'NONE',  ( -3.648812386964921828, 9.768105874584495751, 20.74983970668897371 ) ) ;
#1976 = CARTESIAN_POINT ( 'NONE',  ( -5.310606036541023478, 5.507949922079404814, 49.93956702791547286 ) ) ;
#1977 = CARTESIAN_POINT ( 'NONE',  ( 0.000000000000000000, 10.21319570790663356, 50.25614278560829007 ) ) ;
#1978 = CARTESIAN_POINT ( 'NONE',  ( -5.499117373173660894, 1.760180949078304247, 6.222974236403676862 ) ) ;
#1979 = CARTESIAN_POINT ( 'NONE',  ( -0.7788730189307639939, 9.944248660741720869, 51.12135160555200741 ) ) ;
#1980 = CARTESIAN_POINT ( 'NONE',  ( -3.524258154892339956, 8.856866381121847098, 51.20078662213159504 ) ) ;
#1981 = CARTESIAN_POINT ( 'NONE',  ( -0.02410150437289733730, 9.475190206201368426, 53.89000925715087931 ) ) ;
#1982 = CARTESIAN_POINT ( 'NONE',  ( -5.481039351810250260, 4.551925454250770109, 52.41329827864328905 ) ) ;
#1983 = CARTESIAN_POINT ( 'NONE',  ( -4.450340319460345917, 4.404683221982303110, 54.87381923094802971 ) ) ;
#1984 = CARTESIAN_POINT ( 'NONE',  ( -4.432001260646392105, 6.312790598606386361, 53.28989699983507933 ) ) ;
#1985 = CARTESIAN_POINT ( 'NONE',  ( -1.141188373126455824, 8.041277317114111867, 55.11995990533412737 ) ) ;
#1986 = CARTESIAN_POINT ( 'NONE',  ( -1.935557815398046388, 8.830608051843658046, 52.69994742135565247 ) ) ;
#1987 = CARTESIAN_POINT ( 'NONE',  ( -3.799517959226077046, 5.476920038593230622, -6.573616926262777049 ) ) ;
#1988 = CARTESIAN_POINT ( 'NONE',  ( 0.02295389743890689088, 10.51135934492628898, 50.91760602221338416 ) ) ;
#1989 = CARTESIAN_POINT ( 'NONE',  ( -0.2272103256468098742, 9.311423559800015681, -1.177233350458393835 ) ) ;
#1990 = CARTESIAN_POINT ( 'NONE',  ( -3.202121497571286390, 7.220545735163113932, 54.13127544256614243 ) ) ;
#1991 = CARTESIAN_POINT ( 'NONE',  ( -0.1298443743732810851, 9.240133403269554790, 54.22985308677110083 ) ) ;
#1992 = EDGE_LOOP ( 'NONE', ( #5127, #4610, #46, #6161 ) ) ;
#1993 = CARTESIAN_POINT ( 'NONE',  ( -4.938988347686798619, 5.204994206243688915, 53.33347097950759519 ) ) ;
#1994 = CARTESIAN_POINT ( 'NONE',  ( -4.297666006138492811, 8.784738416581847176, 28.18587909940925584 ) ) ;
#1995 = CARTESIAN_POINT ( 'NONE',  ( 0.005111458253561205166, 9.798725725869335434, 53.30432192854139828 ) ) ;
#1996 = CARTESIAN_POINT ( 'NONE',  ( -5.496393137635974036, 3.053064914231428784, 33.64115984514670998 ) ) ;
#1997 = CARTESIAN_POINT ( 'NONE',  ( -0.4086159486972473220, 3.501676246482344990, -14.99999999999999645 ) ) ;
#1998 = CARTESIAN_POINT ( 'NONE',  ( -1.225347195861505423, 5.034741274784797049, 57.00659913600399165 ) ) ;
#1999 = CARTESIAN_POINT ( 'NONE',  ( -0.006673914536593857430, 9.245891792521362618, 54.23341988224476040 ) ) ;
#2000 = CARTESIAN_POINT ( 'NONE',  ( -0.003977885823183986702, 3.988646588841846974, 57.19077329144849386 ) ) ;
#2001 = CARTESIAN_POINT ( 'NONE',  ( -2.175460552235058298, 2.270048447769898559, 57.52876793183551030 ) ) ;
#2002 = CARTESIAN_POINT ( 'NONE',  ( -2.133523863838171941, 9.872235540131594433, 50.96324890001724128 ) ) ;
#2003 = CARTESIAN_POINT ( 'NONE',  ( -3.845982779451992517, 7.239658442953242456, 53.26547574542232866 ) ) ;
#2004 = CARTESIAN_POINT ( 'NONE',  ( -0.6632472916277177832, 10.17475448961446105, 52.02391332116339839 ) ) ;
#2005 = CARTESIAN_POINT ( 'NONE',  ( -4.136848834139800424, 4.945799201601452921, 54.91141289909361944 ) ) ;
#2006 = CARTESIAN_POINT ( 'NONE',  ( -2.080617535167585075, 7.292109114671116998, -6.563702550261113267 ) ) ;
#2007 = CARTESIAN_POINT ( 'NONE',  ( -5.611682246737713875, 4.490980352098875805, 39.73977525054809945 ) ) ;
#2008 = CARTESIAN_POINT ( 'NONE',  ( -0.1146493484991909229, 10.43736517191341484, 9.115998599471680564 ) ) ;
#2009 = CARTESIAN_POINT ( 'NONE',  ( -2.086158037851231217, 9.057664387485919733, 53.04924323660733876 ) ) ;
#2010 = CYLINDRICAL_SURFACE ( 'NONE', #2869, 0.1000000000000005745 ) ;
#2011 = CARTESIAN_POINT ( 'NONE',  ( -1.469916018654140011, 10.87441581419837711, 28.18514727044108525 ) ) ;
#2012 = CARTESIAN_POINT ( 'NONE',  ( 0.003112045324471386307, 10.49360299876382818, 51.01737054042065722 ) ) ;
#2013 = CARTESIAN_POINT ( 'NONE',  ( -2.434110618016407823, 8.237317369018358093, 53.84463704965335040 ) ) ;
#2014 = CARTESIAN_POINT ( 'NONE',  ( -0.007413614172112141174, 9.529171501612161421, 53.80236920688232516 ) ) ;
#2015 = CARTESIAN_POINT ( 'NONE',  ( -1.275963833838452688, 3.201144167235244531, 57.57029784103097114 ) ) ;
#2016 = CARTESIAN_POINT ( 'NONE',  ( -4.567905740780642709, 7.292202341802602739, 51.83903818366760419 ) ) ;
#2017 = CARTESIAN_POINT ( 'NONE',  ( -0.7341435014082586807, 7.952942519016756862, 55.43285560026133396 ) ) ;
#2018 = CARTESIAN_POINT ( 'NONE',  ( -3.985126549755728220, 9.320425365676259233, 46.35681202004362689 ) ) ;
#2019 = CARTESIAN_POINT ( 'NONE',  ( -4.031364554976865300, 4.314079184401836464, 54.86527224151831916 ) ) ;
#2020 = CARTESIAN_POINT ( 'NONE',  ( 0.08240370233000030020, 10.49359324105681068, 51.01646258127554745 ) ) ;
#2021 = CARTESIAN_POINT ( 'NONE',  ( -0.7828015001979768961, 10.96937482606187508, 33.64220140270706594 ) ) ;
#2022 = CARTESIAN_POINT ( 'NONE',  ( -3.540006732370132525, 8.885124617847479200, 51.09740651133593303 ) ) ;
#2023 = CARTESIAN_POINT ( 'NONE',  ( -0.02853030251332968822, 9.006194052143765560, 54.56961379628044995 ) ) ;
#2024 = CARTESIAN_POINT ( 'NONE',  ( -5.763374152889317870, 4.451267235564356994, 50.86157059927641200 ) ) ;
#2025 = CARTESIAN_POINT ( 'NONE',  ( -4.010638761076283032, 4.016057434257363390, 55.69588364648319612 ) ) ;
#2026 = CARTESIAN_POINT ( 'NONE',  ( -3.803827050203373528, 5.456560135366147257, 54.94616898419684503 ) ) ;
#2027 = CARTESIAN_POINT ( 'NONE',  ( -1.582062928352888642, 9.538421035460673991, 52.72210286558177472 ) ) ;
#2028 = CARTESIAN_POINT ( 'NONE',  ( -2.362539766166911637, 9.884736183343507676, 6.172416248742246481 ) ) ;
#2029 = CARTESIAN_POINT ( 'NONE',  ( -1.462434383211648364E-15, 1.562500000000000000, -14.99999999999999822 ) ) ;
#2030 = CARTESIAN_POINT ( 'NONE',  ( 0.02293495933036364745, 10.49360056472833058, 51.01714353100205557 ) ) ;
#2031 = CARTESIAN_POINT ( 'NONE',  ( -0.4758134171346524166, 10.98654020090057237, 34.88693070466541712 ) ) ;
#2032 = CARTESIAN_POINT ( 'NONE',  ( -2.299970878577878075, 5.354988272499179303, 56.33488461786146928 ) ) ;
#2033 = CARTESIAN_POINT ( 'NONE',  ( -0.08106680252853087909, 7.128490766348296148, 56.25098000203325199 ) ) ;
#2034 = DIRECTION ( 'NONE',  ( 1.000000000000000000, 0.000000000000000000, -3.335730344018426891E-15 ) ) ;
#2035 = CARTESIAN_POINT ( 'NONE',  ( -5.124967930374960901, 5.358409197707813654, 52.76913436964383664 ) ) ;
#2036 = CARTESIAN_POINT ( 'NONE',  ( -4.264624796292307174, 7.822464385723494118, 50.26734068794225152 ) ) ;
#2037 = CARTESIAN_POINT ( 'NONE',  ( 0.005947126651027297671, 9.580882584803630309, 53.71344499149290641 ) ) ;
#2038 = CARTESIAN_POINT ( 'NONE',  ( -5.145173295473060016, 2.625229814489713043, -6.585734496931457294 ) ) ;
#2039 = CARTESIAN_POINT ( 'NONE',  ( -2.069217658569844520, 10.36166019253586157, 10.78634925481563656 ) ) ;
#2040 = CARTESIAN_POINT ( 'NONE',  ( -2.509776375713342222, 9.343316499747061243, 51.88787838272808983 ) ) ;
#2041 = CARTESIAN_POINT ( 'NONE',  ( 0.003362026546462416280, 10.27376483261105022, 52.00834377501927008 ) ) ;
#2042 = CARTESIAN_POINT ( 'NONE',  ( -4.588954753204967041, 3.371722095155043952, 55.37602312227549817 ) ) ;
#2043 = CARTESIAN_POINT ( 'NONE',  ( -0.9861624632884039565, 5.203932672168352092, 57.01896016445205362 ) ) ;
#2044 = CARTESIAN_POINT ( 'NONE',  ( -3.676976594014316646, 7.452716987051933195, 53.26734552134471556 ) ) ;
#2045 = CARTESIAN_POINT ( 'NONE',  ( -0.6319984333543257060, 9.839019835582973883, 52.98123698239411539 ) ) ;
#2046 = CARTESIAN_POINT ( 'NONE',  ( -4.671726067147250916, 5.426872807946927502, 53.67353738136803543 ) ) ;
#2047 = CARTESIAN_POINT ( 'NONE',  ( 0.004858372492322233019, 10.02392313988610617, 52.78561046273710389 ) ) ;
#2048 = CARTESIAN_POINT ( 'NONE',  ( -2.098488812743535728E-32, 1.562500000000000000, 57.50000000000000000 ) ) ;
#2049 = CARTESIAN_POINT ( 'NONE',  ( -0.02481990344706207219, 3.737639552287824962, -15.00000000000000000 ) ) ;
#2050 = CARTESIAN_POINT ( 'NONE',  ( -2.166271569020207011, 8.976395297093736403, 53.09440893860807620 ) ) ;
#2051 = FACE_OUTER_BOUND ( 'NONE', #2719, .T. ) ;
#2052 = CARTESIAN_POINT ( 'NONE',  ( -1.501351404891964725, 10.81437522505405191, 18.26434650661084547 ) ) ;
#2053 = CARTESIAN_POINT ( 'NONE',  ( -0.01934140459317273270, 7.130155534832224085, 56.25478889552267248 ) ) ;
#2054 = CARTESIAN_POINT ( 'NONE',  ( -1.998212387051595318, 6.760288375096874525, 55.63120156946520467 ) ) ;
#2055 = CARTESIAN_POINT ( 'NONE',  ( -0.003614300557881159649, 9.821249346753873510, 53.25798792232237133 ) ) ;
#2056 = CARTESIAN_POINT ( 'NONE',  ( -3.912862100626304684, 8.172346075269082633, 51.82705747074995628 ) ) ;
#2057 = CARTESIAN_POINT ( 'NONE',  ( -3.153216838228994678, 5.203154466797509592, 55.78601494252222892 ) ) ;
#2058 = CARTESIAN_POINT ( 'NONE',  ( -0.4514665496789947996, 5.086668908897032715, 57.20531329911563745 ) ) ;
#2059 = CARTESIAN_POINT ( 'NONE',  ( -3.639241259910104276, 9.742259149905676097, 18.26348060312792754 ) ) ;
#2060 = CARTESIAN_POINT ( 'NONE',  ( -4.706482924944467072, 5.033533833840056815, 52.96994603275094704 ) ) ;
#2061 = CARTESIAN_POINT ( 'NONE',  ( -0.003977885823184540079, 4.175073941244060727, 57.14293615204898202 ) ) ;
#2062 = FACE_OUTER_BOUND ( 'NONE', #476, .T. ) ;
#2063 = CARTESIAN_POINT ( 'NONE',  ( -0.7740023461990870324, 10.18799978705703779, 6.163424391876288766 ) ) ;
#2064 = CARTESIAN_POINT ( 'NONE',  ( -1.905423052691208818, 5.309352938032905200, 56.57154848670431591 ) ) ;
#2065 = CARTESIAN_POINT ( 'NONE',  ( -0.02522453791935361234, 9.363464713936970440, 54.06330597216201284 ) ) ;
#2066 = CARTESIAN_POINT ( 'NONE',  ( -5.698771022677934894, 4.425736515993071940, 51.40441473084297286 ) ) ;
#2067 = CARTESIAN_POINT ( 'NONE',  ( -2.907008708463883373, 4.276019864940670878, 56.49040096198798722 ) ) ;
#2068 = CARTESIAN_POINT ( 'NONE',  ( -1.652132362272785482, 9.808924247947203412, 51.95760097150864709 ) ) ;
#2069 = CARTESIAN_POINT ( 'NONE',  ( -2.019640988049332009, 8.493126626079932961, -2.998229712686411919 ) ) ;
#2070 = CARTESIAN_POINT ( 'NONE',  ( -4.948317750221391087, 7.249054512220645563, 24.06896264043182043 ) ) ;
#2071 = CARTESIAN_POINT ( 'NONE',  ( 0.03073749043060383657, 9.632619118062764940, 53.62458207927085851 ) ) ;
#2072 = CARTESIAN_POINT ( 'NONE',  ( -0.2987880582139100238, 9.458806785943234985, -0.1913632805196365527 ) ) ;
#2073 = CARTESIAN_POINT ( 'NONE',  ( -3.312311373926573044, 7.463285876533122476, 53.74359954229820602 ) ) ;
#2074 = CARTESIAN_POINT ( 'NONE',  ( -0.08795621747556950365, 9.526933593484383067, 53.80109087169400084 ) ) ;
#2075 = ORIENTED_EDGE ( 'NONE', *, *, #6369, .F. ) ;
#2076 = CARTESIAN_POINT ( 'NONE',  ( -4.296506843621065386, 4.679855283545195199, 54.89299766043701823 ) ) ;
#2077 = CARTESIAN_POINT ( 'NONE',  ( -4.466280643111850246, 8.160392419674771247, 7.847451845645712076 ) ) ;
#2078 = CARTESIAN_POINT ( 'NONE',  ( 0.002123058974723657840, 9.305781652465345388, 54.14943229406861036 ) ) ;
#2079 = CARTESIAN_POINT ( 'NONE',  ( -5.474690650152082227, 2.166494546018555400, 51.70095432902976285 ) ) ;
#2080 = CARTESIAN_POINT ( 'NONE',  ( -2.093676652669308691, 10.66753775648751912, 31.92478719601518833 ) ) ;
#2081 = CARTESIAN_POINT ( 'NONE',  ( -2.070423450011954714, 8.262199490650258937, 54.17218962250609593 ) ) ;
#2082 = CARTESIAN_POINT ( 'NONE',  ( -0.001137903366415066913, 9.682058092754770584, 53.53393837467930894 ) ) ;
#2083 = CARTESIAN_POINT ( 'NONE',  ( -5.718618413257392064, 3.995294562652544457, 51.72116765692764062 ) ) ;
#2084 = CARTESIAN_POINT ( 'NONE',  ( -1.865551185293077063, 9.766075768761231402, 51.76581509699938266 ) ) ;
#2085 = CARTESIAN_POINT ( 'NONE',  ( -3.768520395256346411, 7.610637703149371269, 52.94373082593764224 ) ) ;
#2086 = CARTESIAN_POINT ( 'NONE',  ( -0.6272398067648919939, 9.776921891716522595, 53.11989381940272636 ) ) ;
#2087 = CARTESIAN_POINT ( 'NONE',  ( -4.616617727990996123, 5.615370099969675621, 53.60650610806897731 ) ) ;
#2088 = EDGE_CURVE ( 'NONE', #1258, #6109, #6534, .T. ) ;
#2089 = CARTESIAN_POINT ( 'NONE',  ( 0.002649963798392101968, 9.843240418100061007, 53.21133027112028913 ) ) ;
#2090 = CARTESIAN_POINT ( 'NONE',  ( -3.649507710233254709, 2.830578819683220004, 56.21453460965327054 ) ) ;
#2091 = CARTESIAN_POINT ( 'NONE',  ( -0.1068583729595841969, 10.34106813956936755, 7.833706845174687849 ) ) ;
#2092 = CARTESIAN_POINT ( 'NONE',  ( -1.993604673977437569, 9.095785759477831078, 53.09176214282353357 ) ) ;
#2093 = CARTESIAN_POINT ( 'NONE',  ( -0.003977885823318419098, 8.175118557323269641, 55.43720554971037728 ) ) ;
#2094 = CARTESIAN_POINT ( 'NONE',  ( -0.9495526624008707728, 7.936562466248293646, -6.558745362260292033 ) ) ;
#2095 = CARTESIAN_POINT ( 'NONE',  ( 0.002423745043119695467, 9.864607719101456951, 53.16448769401558394 ) ) ;
#2096 = CARTESIAN_POINT ( 'NONE',  ( -2.629540045904311896, 9.087724521072715334, 52.28424963263078240 ) ) ;
#2097 = CARTESIAN_POINT ( 'NONE',  ( -0.0006132950892529287533, 10.15916357046646823, 52.39968181679016368 ) ) ;
#2098 = PLANE ( 'NONE',  #5845 ) ;
#2099 = CARTESIAN_POINT ( 'NONE',  ( -2.915002610649127135, 6.232944548913063265, 55.29931415383062188 ) ) ;
#2100 = CARTESIAN_POINT ( 'NONE',  ( -4.181402987149057893, 7.122729361718518781, 52.86323702601438868 ) ) ;
#2101 = CARTESIAN_POINT ( 'NONE',  ( -0.9838562404658381944, 9.569734080192391801, 53.25794286282518186 ) ) ;
#2102 = CARTESIAN_POINT ( 'NONE',  ( -2.970903915216946078, 7.881126371349438386, -3.025109380726914932 ) ) ;
#2103 = CARTESIAN_POINT ( 'NONE',  ( -5.128637317473475399, 5.370019088296984933, 51.20021911976187567 ) ) ;
#2104 = CARTESIAN_POINT ( 'NONE',  ( -0.003977885823205168543, 10.09727211110339518, 50.95933768168647049 ) ) ;
#2105 = CARTESIAN_POINT ( 'NONE',  ( -5.564834764492689878, 5.003366455518602152, 50.95933768168647049 ) ) ;
#2106 = CARTESIAN_POINT ( 'NONE',  ( -0.5680995498430740920, 8.492926395070325540, -4.975632410727767407 ) ) ;
#2107 = CARTESIAN_POINT ( 'NONE',  ( -3.130413603272435896, 8.088822690520425240, 53.22974077778864199 ) ) ;
#2108 = CARTESIAN_POINT ( 'NONE',  ( -0.01918076431847763955, 9.926829160070170133, 53.02348431116818972 ) ) ;
#2109 = CARTESIAN_POINT ( 'NONE',  ( -5.669504991074528988, 4.413931500696982368, 51.61863887711550802 ) ) ;
#2110 = CARTESIAN_POINT ( 'NONE',  ( -2.260742339981462568, 3.665566618249752384, 57.10240451369888603 ) ) ;
#2111 = CARTESIAN_POINT ( 'NONE',  ( -1.451564424711873080, 8.885212807111040334, 53.94305296343777201 ) ) ;
#2112 = CARTESIAN_POINT ( 'NONE',  ( -2.462374749905245963, 10.44237961100611045, 15.74352463335231711 ) ) ;
#2113 = CARTESIAN_POINT ( 'NONE',  ( -3.383010607973667927, 5.012237827274516277, -8.627318866469394720 ) ) ;
#2114 = CARTESIAN_POINT ( 'NONE',  ( 0.02788049678959976518, 9.475468055097200804, 53.89099111394070007 ) ) ;
#2115 = CARTESIAN_POINT ( 'NONE',  ( -0.3635613852831707793, 11.07894570722480942, 24.06571285759472900 ) ) ;
#2116 = CARTESIAN_POINT ( 'NONE',  ( -3.355289545427214470, 7.555311749380299702, 53.58642143568963689 ) ) ;
#2117 = CARTESIAN_POINT ( 'NONE',  ( -0.08682904952937693654, 9.904768595093047523, 53.07111188877438224 ) ) ;
#2118 = CARTESIAN_POINT ( 'NONE',  ( -6.095876901521364744, 3.988646588841846974, 57.19077329144849386 ) ) ;
#2119 = CARTESIAN_POINT ( 'NONE',  ( -5.212180126709265338, 6.276696155602512484, 51.42269295465555246 ) ) ;
#2120 = CARTESIAN_POINT ( 'NONE',  ( -4.927244439048795499, 5.314213929040928264, 53.26422424671562794 ) ) ;
#2121 = CARTESIAN_POINT ( 'NONE',  ( -4.553620787467262510, 8.440251610830172169, 20.75006259957056898 ) ) ;
#2122 = CARTESIAN_POINT ( 'NONE',  ( 0.009114898066179549438, 10.27376543139153142, 52.00820783178179596 ) ) ;
#2123 = CARTESIAN_POINT ( 'NONE',  ( -5.257522031258608841, 2.084869521155741978, -6.587937691598506618 ) ) ;
#2124 = CARTESIAN_POINT ( 'NONE',  ( -2.221187647175046909, 10.19244370057725746, 9.117729519025818519 ) ) ;
#2125 = CARTESIAN_POINT ( 'NONE',  ( -0.003388815076585282270, 9.475381012010196002, 53.89036460980435805 ) ) ;
#2126 = CARTESIAN_POINT ( 'NONE',  ( -5.304929681731277213, 3.804880359389872790, 53.59995287656306573 ) ) ;
#2127 = CARTESIAN_POINT ( 'NONE',  ( -3.849887932072757923, 7.575508237182302373, 52.86068658545937637 ) ) ;
#2128 = CARTESIAN_POINT ( 'NONE',  ( -0.5852989677705368043, 10.38922652545258352, 51.22657429007369245 ) ) ;
#2129 = CARTESIAN_POINT ( 'NONE',  ( -5.099268520037406383, 5.939187830392309131, 52.23979779705884141 ) ) ;
#2130 = CARTESIAN_POINT ( 'NONE',  ( 0.004456126013532095941, 9.985818753661817482, 52.88090213213603619 ) ) ;
#2131 = CARTESIAN_POINT ( 'NONE',  ( -5.110070960910176652, 3.281505012517195397, 53.27360110782685609 ) ) ;
#2132 = CARTESIAN_POINT ( 'NONE',  ( -0.1052935051152845830, 9.219830099303916171, -1.766763108263894155 ) ) ;
#2133 = CARTESIAN_POINT ( 'NONE',  ( -1.543938365341385621, 7.119378346463771656, 55.65777835435036991 ) ) ;
#2134 = CARTESIAN_POINT ( 'NONE',  ( -0.003977885823566335369, 9.885672094099046348, 53.12616043939308952 ) ) ;
#2135 = CARTESIAN_POINT ( 'NONE',  ( -1.260149913261020993, 9.322125087741897076, -0.1923359312941682886 ) ) ;
#2136 = CARTESIAN_POINT ( 'NONE',  ( -0.2727598240284670461, 10.10849820244155950, 52.50147105210316312 ) ) ;
#2137 = CARTESIAN_POINT ( 'NONE',  ( -2.849917929703312147, 9.342983166882426360, 51.28889760460057090 ) ) ;
#2138 = CARTESIAN_POINT ( 'NONE',  ( -0.0006918761679474248619, 10.12738901882332954, 52.49673861465204538 ) ) ;
#2139 = CARTESIAN_POINT ( 'NONE',  ( -4.938567281491814676, 3.880151060533311380, 54.42361753144642478 ) ) ;
#2140 = CARTESIAN_POINT ( 'NONE',  ( -2.681227960294552570, 5.742126260520626246, 55.82853446977873801 ) ) ;
#2141 = CARTESIAN_POINT ( 'NONE',  ( -0.2570755119992909066, 9.398447329794231919, 53.97098027481427351 ) ) ;
#2142 = CARTESIAN_POINT ( 'NONE',  ( -4.055817116781697429, 6.945014713763890235, 53.26204456413463362 ) ) ;
#2143 = CARTESIAN_POINT ( 'NONE',  ( -0.9986782858432668997, 10.32136716297730672, 51.03546541237382428 ) ) ;
#2144 = CARTESIAN_POINT ( 'NONE',  ( -4.298293666100651222, 9.271601102597916366, 39.77023851455193437 ) ) ;
#2145 = EDGE_CURVE ( 'NONE', #1173, #2463, #5735, .T. ) ;
#2146 = CARTESIAN_POINT ( 'NONE',  ( -5.050510913431233817, 5.311257279135762843, 51.64691222197887299 ) ) ;
#2147 = CARTESIAN_POINT ( 'NONE',  ( 0.000000000000000000, 10.55571291520804600, 10.78781416516652136 ) ) ;
#2148 =( CONVERSION_BASED_UNIT ( 'INCH', #8036 ) LENGTH_UNIT ( ) NAMED_UNIT ( #184 ) );
#2149 = CARTESIAN_POINT ( 'NONE',  ( -0.5634507276140471310, 7.928765444749283020, -6.993381928570855166 ) ) ;
#2150 = CARTESIAN_POINT ( 'NONE',  ( -3.364781281487482012, 8.989996675696611206, 51.19757094321669655 ) ) ;
#2151 = CARTESIAN_POINT ( 'NONE',  ( -0.02466302114612547655, 9.419327460069169433, 53.97665761465644607 ) ) ;
#2152 = CIRCLE ( 'NONE', #8321, 0.1000000000000005745 ) ;
#2153 = CARTESIAN_POINT ( 'NONE',  ( -5.136789346028408865, 3.905815058580804688, 53.96546954748868075 ) ) ;
#2154 = CARTESIAN_POINT ( 'NONE',  ( -5.066980391915006265, 6.950351985080566841, 50.89459646937488202 ) ) ;
#2155 = CARTESIAN_POINT ( 'NONE',  ( -1.197184466094808997, 7.360000611770626477, 55.67722785994853751 ) ) ;
#2156 = CARTESIAN_POINT ( 'NONE',  ( -2.252162922083332131, 8.184718347796277271, 53.33302453277138966 ) ) ;
#2157 = CARTESIAN_POINT ( 'NONE',  ( -4.888978868757925866, 6.496740064390061242, 50.62960634544746341 ) ) ;
#2158 = CARTESIAN_POINT ( 'NONE',  ( -0.0006773177586057559920, 6.000483071097081123, 56.89433229502778744 ) ) ;
#2159 = CARTESIAN_POINT ( 'NONE',  ( -0.2962433769018905649, 9.399223673296036807, -0.5885981418372133733 ) ) ;
#2160 = CARTESIAN_POINT ( 'NONE',  ( -1.492688018240969861, 3.950172349331371180, 57.31404162067876484 ) ) ;
#2161 = CARTESIAN_POINT ( 'NONE',  ( -0.1391278316621392119, 10.39029890320773042, 51.51679350582131889 ) ) ;
#2162 = DIRECTION ( 'NONE',  ( 0.000000000000000000, 0.000000000000000000, 1.000000000000000000 ) ) ;
#2163 = CARTESIAN_POINT ( 'NONE',  ( -4.794604515794802957, 6.054215585655327914, 52.85968994045960301 ) ) ;
#2164 = CARTESIAN_POINT ( 'NONE',  ( -5.320280879826853493, 5.491156960211815985, 52.04125298443416625 ) ) ;
#2165 = CARTESIAN_POINT ( 'NONE',  ( -4.506313885683796983, 8.269913751167109695, 10.78408530245513219 ) ) ;
#2166 = CARTESIAN_POINT ( 'NONE',  ( 0.008648785817984082358, 10.09358298755226357, 52.59306594726486139 ) ) ;
#2167 = CARTESIAN_POINT ( 'NONE',  ( -5.525581810147493833, 5.026085832063428072, 51.72995935763544395 ) ) ;
#2168 = CARTESIAN_POINT ( 'NONE',  ( -5.500311231109480836, 1.878329187493970487, 12.43828435990683445 ) ) ;
#2169 = CARTESIAN_POINT ( 'NONE',  ( -1.784659329692809493, 8.276551649071592465, -4.192226694808312892 ) ) ;
#2170 = CARTESIAN_POINT ( 'NONE',  ( 0.004069635838530297547, 10.21907957427927727, 52.20458113313214454 ) ) ;
#2171 = CARTESIAN_POINT ( 'NONE',  ( -5.705720105739644943, 3.365957538384402703, 52.40117125332723447 ) ) ;
#2172 = CARTESIAN_POINT ( 'NONE',  ( -3.447212022774453821, 7.012651036925276138, 54.04399000917051410 ) ) ;
#2173 = ADVANCED_FACE ( 'NONE', ( #360 ), #6255, .T. ) ;
#2174 = CARTESIAN_POINT ( 'NONE',  ( -0.6911633204596758784, 10.40569911664137592, 51.02842853995468175 ) ) ;
#2175 = CARTESIAN_POINT ( 'NONE',  ( -5.386865471157135765, 6.152789843293645866, 50.88619318605364583 ) ) ;
#2176 = CARTESIAN_POINT ( 'NONE',  ( -0.01296677355247007578, 8.438640120694097746, 55.18257439954680876 ) ) ;
#2177 = CARTESIAN_POINT ( 'NONE',  ( -5.144545714299036732, 3.790892177089013160, 52.75581846661685859 ) ) ;
#2178 = CARTESIAN_POINT ( 'NONE',  ( -0.2753658351355944278, 11.00725668039092398, 33.64225498766193567 ) ) ;
#2179 = CARTESIAN_POINT ( 'NONE',  ( -1.987650748131562839, 9.073861823410508620, 53.13537868330556080 ) ) ;
#2180 = CARTESIAN_POINT ( 'NONE',  ( -1.473432627222732938, 9.378242380495420250, 0.4091450338814751619 ) ) ;
#2181 = CARTESIAN_POINT ( 'NONE',  ( -0.2681861511768995343, 9.946886300538325898, 52.93093489907928983 ) ) ;
#2182 = CARTESIAN_POINT ( 'NONE',  ( -1.124039550476996441, 4.243971127725764347, 57.33274315076196359 ) ) ;
#2183 = CARTESIAN_POINT ( 'NONE',  ( 0.001902550767937034090, 10.32524495086018845, 51.81142315881677973 ) ) ;
#2184 = CARTESIAN_POINT ( 'NONE',  ( -5.083848115800130962, 3.853910538379647033, 54.12734343473486831 ) ) ;
#2185 = CARTESIAN_POINT ( 'NONE',  ( -3.933473861020913898, 8.203128155166378832, 51.72592568932566337 ) ) ;
#2186 = CARTESIAN_POINT ( 'NONE',  ( -0.2133166052062173967, 7.457854440327412959, 55.99091119166553199 ) ) ;
#2187 = CARTESIAN_POINT ( 'NONE',  ( -4.284224237816846248, 7.253878051218527467, 52.51490865114146089 ) ) ;
#2188 = CARTESIAN_POINT ( 'NONE',  ( -0.7753293685307403038, 9.353630244778559089, 53.78668981451022546 ) ) ;
#2189 = AXIS2_PLACEMENT_3D ( 'NONE', #7582, #3549, #927 ) ;
#2190 = CARTESIAN_POINT ( 'NONE',  ( -2.732033761839397279, 6.749422357400392869, -6.567007342261694802 ) ) ;
#2191 = CARTESIAN_POINT ( 'NONE',  ( -5.285651967978043153, 5.463042429089419727, 28.18661092837754722 ) ) ;
#2192 = CARTESIAN_POINT ( 'NONE',  ( 0.000000000000000000, 9.472329179332909632, -0.1909211665312129935 ) ) ;
#2193 = SURFACE_SIDE_STYLE ('',( #6051 ) ) ;
#2194 = CARTESIAN_POINT ( 'NONE',  ( -0.7407966184420567979, 8.650137319065278163, 54.13373937478579023 ) ) ;
#2195 = CARTESIAN_POINT ( 'NONE',  ( -3.110735489635671147, 8.489765238574815243, 52.67099942973595716 ) ) ;
#2196 = CARTESIAN_POINT ( 'NONE',  ( -0.02323461499730936075, 5.601971701279808258, 57.07379363062305089 ) ) ;
#2197 = CIRCLE ( 'NONE', #8051, 0.09999999999999947820 ) ;
#2198 = CARTESIAN_POINT ( 'NONE',  ( -4.063031786369491805, 6.088398247537467611, 54.08029630056785919 ) ) ;
#2199 = CARTESIAN_POINT ( 'NONE',  ( -1.363423846153691388, 9.480823255691625207, 53.08211467157781982 ) ) ;
#2200 = CARTESIAN_POINT ( 'NONE',  ( -2.025760701075955073, 8.360737954462406307, 53.33572559754139064 ) ) ;
#2201 = CARTESIAN_POINT ( 'NONE',  ( -4.342496048172027834, 5.511647317759214459, 53.29737047780449899 ) ) ;
#2202 = CARTESIAN_POINT ( 'NONE',  ( 0.03066673776118603034, 8.735656710143985038, 54.88914509789051266 ) ) ;
#2203 = CARTESIAN_POINT ( 'NONE',  ( -0.5003299822469456926, 10.88136597930277816, 42.68993699059820557 ) ) ;
#2204 = CARTESIAN_POINT ( 'NONE',  ( -1.323371661360151164, 3.635516836611032421, 57.45969868058666208 ) ) ;
#2205 = VECTOR ( 'NONE', #7159, 39.37007874015748143 ) ;
#2206 = CARTESIAN_POINT ( 'NONE',  ( -0.1373233781152358446, 10.32092245551208798, 51.81406243331969819 ) ) ;
#2207 = CARTESIAN_POINT ( 'NONE',  ( -5.475785971802205054, 4.113118178940562863, 52.82623327184098372 ) ) ;
#2208 = DIRECTION ( 'NONE',  ( 0.000000000000000000, 1.000000000000000000, -0.000000000000000000 ) ) ;
#2209 = CARTESIAN_POINT ( 'NONE',  ( -5.173083985990518663, 6.374458340095578990, 51.42329259938595243 ) ) ;
#2210 = CARTESIAN_POINT ( 'NONE',  ( -5.265041251191203919, 5.573724232015236701, 52.13980662942766031 ) ) ;
#2211 = CARTESIAN_POINT ( 'NONE',  ( -4.014720584116367341, 7.505423137098534703, 51.60487947205041337 ) ) ;
#2212 = CARTESIAN_POINT ( 'NONE',  ( 0.01299101181509159340, 9.776201022520536910, 53.35068350678190541 ) ) ;
#2213 = CARTESIAN_POINT ( 'NONE',  ( -4.525648752562799082, 4.264986011455486725, 54.86408871022999278 ) ) ;
#2214 = CARTESIAN_POINT ( 'NONE',  ( -5.189478462510496826, 2.073366458791267242, -6.993679307113783494 ) ) ;
#2215 = CARTESIAN_POINT ( 'NONE',  ( -1.976939398631711864, 9.440358165157135772, 51.13627248661874347 ) ) ;
#2216 = CARTESIAN_POINT ( 'NONE',  ( -0.004795741272845141512, 9.363666603412896805, 54.06375144171914116 ) ) ;
#2217 = CARTESIAN_POINT ( 'NONE',  ( -5.533969348419865319, 3.309446776850608618, 53.23080296050592608 ) ) ;
#2218 = CARTESIAN_POINT ( 'NONE',  ( -4.188926195752419090, 8.057663933376922216, 51.41990976961061222 ) ) ;
#2219 = CARTESIAN_POINT ( 'NONE',  ( -0.2486779715855562956, 4.746153014240442225, 57.37305604379954360 ) ) ;
#2220 = CARTESIAN_POINT ( 'NONE',  ( -4.482552955136964279, 5.464083564406889693, 53.97469068406287818 ) ) ;
#2221 = CARTESIAN_POINT ( 'NONE',  ( 0.001701402065089922680, 9.776171133208579889, 53.35066790842149231 ) ) ;
#2222 = CARTESIAN_POINT ( 'NONE',  ( -4.508211420236134082, 3.339196204108195509, 54.81747251548676303 ) ) ;
#2223 = CARTESIAN_POINT ( 'NONE',  ( -2.053088832064867475, 9.300008945791743642, 52.64226180022197354 ) ) ;
#2224 = DIRECTION ( 'NONE',  ( -1.000000000000000000, 0.000000000000000000, 0.000000000000000000 ) ) ;
#2225 = CARTESIAN_POINT ( 'NONE',  ( -1.818178464065148159, 10.70493711873259812, 42.67146391618449996 ) ) ;
#2226 = CARTESIAN_POINT ( 'NONE',  ( -0.1721802343114354206, 9.352809342674520465, 54.05948262844339069 ) ) ;
#2227 = CARTESIAN_POINT ( 'NONE',  ( -2.421585112438616516, 8.500182237717833544, 53.51877195633323936 ) ) ;
#2228 = CARTESIAN_POINT ( 'NONE',  ( 0.001052228323280303890, 10.43635070190058123, 51.31586834277601383 ) ) ;
#2229 = CARTESIAN_POINT ( 'NONE',  ( -4.147913057099757772, 3.953912929843436785, 55.57934136348030307 ) ) ;
#2230 = CARTESIAN_POINT ( 'NONE',  ( -3.538170434003351073, 7.550426487171328027, 53.34749306123517698 ) ) ;
#2231 = CARTESIAN_POINT ( 'NONE',  ( -0.1716626928667408514, 5.988939987956253930, 56.88375316116851366 ) ) ;
#2232 = CARTESIAN_POINT ( 'NONE',  ( -3.707812573244815280, 6.682630749316837537, 54.03014487703485003 ) ) ;
#2233 = CARTESIAN_POINT ( 'NONE',  ( -0.8157912629786507885, 9.775167686832631375, 52.98342447250104925 ) ) ;
#2234 = CARTESIAN_POINT ( 'NONE',  ( -1.298244894941675387, 3.303332463821072373, 57.26930643772371354 ) ) ;
#2235 = CARTESIAN_POINT ( 'NONE',  ( -4.779532300628855701, 4.915136056327865433, -3.709239770033131656 ) ) ;
#2236 = CARTESIAN_POINT ( 'NONE',  ( -0.02423101095731084592, 10.16226695872548547, 50.59296922378423034 ) ) ;
#2237 = CARTESIAN_POINT ( 'NONE',  ( -3.487419939216708453, 8.417064336265513091, 50.95933768168647049 ) ) ;
#2238 = CARTESIAN_POINT ( 'NONE',  ( -0.7001487681232625437, 9.416227988474824784, -0.1918053945080603062 ) ) ;
#2239 = CARTESIAN_POINT ( 'NONE',  ( -2.647932550592712708, 7.780010276288338744, 54.15436615554314415 ) ) ;
#2240 = CARTESIAN_POINT ( 'NONE',  ( -0.01468796452152529124, 9.363590117148637759, 54.06353343453485394 ) ) ;
#2241 = CARTESIAN_POINT ( 'NONE',  ( -5.230755056423362248, 3.967823241252783184, 53.67934154460566987 ) ) ;
#2242 = CARTESIAN_POINT ( 'NONE',  ( -4.982304747974109382, 6.872337457683026507, 51.31926293087194324 ) ) ;
#2243 = CARTESIAN_POINT ( 'NONE',  ( -1.086209964084875912, 8.915032854688258013, 54.19778743935530940 ) ) ;
#2244 = CARTESIAN_POINT ( 'NONE',  ( -2.247004280776668583, 8.978629099803105973, 51.96968934876042567 ) ) ;
#2245 = CARTESIAN_POINT ( 'NONE',  ( -5.024930356828742006, 6.931383002450210995, 31.92483076568965572 ) ) ;
#2246 = CARTESIAN_POINT ( 'NONE',  ( 0.05147949643781797591, 9.843363457080011258, 53.21114731430609623 ) ) ;
#2247 = CARTESIAN_POINT ( 'NONE',  ( -0.5583548753953211374, 10.19394877310430125, 6.162236788139274779 ) ) ;
#2248 = CARTESIAN_POINT ( 'NONE',  ( -2.213036822265782799, 5.439912930612316622, 56.34178830165701157 ) ) ;
#2249 = CARTESIAN_POINT ( 'NONE',  ( -0.04137024915699812067, 9.985201038868289913, 52.88139836432907970 ) ) ;
#2250 = CARTESIAN_POINT ( 'NONE',  ( -1.695608371823201344, 2.812572695534213629, 57.55105280811297774 ) ) ;
#2251 = CARTESIAN_POINT ( 'NONE',  ( -1.690926812816593516, 9.109437035261743532, 53.39251669559114077 ) ) ;
#2252 = CARTESIAN_POINT ( 'NONE',  ( -5.191866773187871154, 5.523936460796190495, 52.42333086435620970 ) ) ;
#2253 = CARTESIAN_POINT ( 'NONE',  ( -4.707598428678037905, 7.971837577614217629, 12.44650521136105681 ) ) ;
#2254 = CARTESIAN_POINT ( 'NONE',  ( -0.008904222553240030008, 3.927289032820557857, 57.61791453193225720 ) ) ;
#2255 = CARTESIAN_POINT ( 'NONE',  ( -5.054572870313892352, 4.719722771795661131, 53.49655067654622087 ) ) ;
#2256 = CARTESIAN_POINT ( 'NONE',  ( -1.726532827813466842, 8.065993969398672192, -4.997362326591063386 ) ) ;
#2257 = CARTESIAN_POINT ( 'NONE',  ( 0.002630704401440351649, 10.47485052823486207, 51.11688372093421151 ) ) ;
#2258 = CARTESIAN_POINT ( 'NONE',  ( -3.838593590203975836, 7.722351543953501540, 52.68620227659022248 ) ) ;
#2259 = CARTESIAN_POINT ( 'NONE',  ( -0.5392228682921705873, 9.846008265620174171, 53.02675925385597822 ) ) ;
#2260 = CARTESIAN_POINT ( 'NONE',  ( -5.264546482261461158, 6.062554058859325856, 51.52706060334123350 ) ) ;
#2261 = CARTESIAN_POINT ( 'NONE',  ( 0.005706563756317999114, 10.47485012236616697, 51.11684384993876051 ) ) ;
#2262 = CARTESIAN_POINT ( 'NONE',  ( -5.667333018454730365, 4.050491130588734556, 46.26544949966312714 ) ) ;
#2263 = CARTESIAN_POINT ( 'NONE',  ( -1.666733056719006401, 7.685074999830228570, 55.09471729448135591 ) ) ;
#2264 = CARTESIAN_POINT ( 'NONE',  ( -1.755398393200567453, 10.78038447958091517, 36.12998232832384105 ) ) ;
#2265 = CARTESIAN_POINT ( 'NONE',  ( -0.2772111845349171655, 10.22922875476157500, 52.11239051202047534 ) ) ;
#2266 = CARTESIAN_POINT ( 'NONE',  ( -2.874484087732754656, 9.398169815434780361, 51.08388444708372589 ) ) ;
#2267 = CARTESIAN_POINT ( 'NONE',  ( 0.0007350031693248369443, 10.47485087865491771, 51.11690766802855279 ) ) ;
#2268 = CARTESIAN_POINT ( 'NONE',  ( -4.391136145280663428, 3.889221128081900236, 54.53833670006223855 ) ) ;
#2269 = CARTESIAN_POINT ( 'NONE',  ( -4.692083754424078990, 5.823932959454798386, 53.27859240741976521 ) ) ;
#2270 = CARTESIAN_POINT ( 'NONE',  ( -0.2559875195580941232, 9.342583402607548493, 54.05707255489755880 ) ) ;
#2271 = CARTESIAN_POINT ( 'NONE',  ( -4.569524438798423738, 7.588466095136285894, 51.31888418617452885 ) ) ;
#2272 = CARTESIAN_POINT ( 'NONE',  ( -0.5486211439125180389, 6.640762084713813351, 56.44763374916182386 ) ) ;
#2273 = CARTESIAN_POINT ( 'NONE',  ( -4.049457920851185833, 8.831720243961081351, 9.119535695951869414 ) ) ;
#2274 = CARTESIAN_POINT ( 'NONE',  ( -5.393701792644234772, 5.272551230487739105, 7.855448936828894446 ) ) ;
#2275 = CARTESIAN_POINT ( 'NONE',  ( 0.000000000000000000, 10.19970268249653245, 6.159182949958380782 ) ) ;
#2276 = CARTESIAN_POINT ( 'NONE',  ( -5.172040062753589851, 5.369973097914996885, 50.95933768168644207 ) ) ;
#2277 = CARTESIAN_POINT ( 'NONE',  ( -0.9808668922508351207, 10.83130859269157753, 15.74565565705218084 ) ) ;
#2278 = CARTESIAN_POINT ( 'NONE',  ( -2.930635568890979759, 8.542124164861101931, 52.84605664360059762 ) ) ;
#2279 = CARTESIAN_POINT ( 'NONE',  ( -0.02135902294927091022, 4.780562287433822277, 57.38463891577085718 ) ) ;
#2280 = CARTESIAN_POINT ( 'NONE',  ( -3.169242948638831159, 4.795422203867477862, 56.02911017364240109 ) ) ;
#2281 = CARTESIAN_POINT ( 'NONE',  ( -1.477519943855235107, 9.991252181674932231, 51.65296255646845935 ) ) ;
#2282 = CARTESIAN_POINT ( 'NONE',  ( -2.629488394724329492, 10.11363705718613559, 10.78590534258806777 ) ) ;
#2283 = ADVANCED_FACE ( 'NONE', ( #7545 ), #5050, .F. ) ;
#2284 = CARTESIAN_POINT ( 'NONE',  ( -0.5750674915269227139, 1.891240355318829280, 57.50000000000000000 ) ) ;
#2285 = CARTESIAN_POINT ( 'NONE',  ( 0.04222353528981551835, 10.41540121562370658, 51.41445250244079546 ) ) ;
#2286 = CARTESIAN_POINT ( 'NONE',  ( -0.1777757574640785321, 4.027031972345125332, 57.29768016541071063 ) ) ;
#2287 = CARTESIAN_POINT ( 'NONE',  ( -3.069900990254291528, 7.512188909267653258, 53.98441231084776604 ) ) ;
#2288 = CARTESIAN_POINT ( 'NONE',  ( -0.04158002541601589497, 9.946505842597282765, 52.97642746617093934 ) ) ;
#2289 = CARTESIAN_POINT ( 'NONE',  ( -4.902097572795478087, 6.151204027682922515, 52.51861642763034865 ) ) ;
#2290 = CARTESIAN_POINT ( 'NONE',  ( -1.632510841585844252, 8.832330277573220201, 53.85760873035947327 ) ) ;
#2291 = CARTESIAN_POINT ( 'NONE',  ( -3.823149559277192910, 4.303178559465894004, 55.71749043753573005 ) ) ;
#2292 = CARTESIAN_POINT ( 'NONE',  ( -4.772375816957638683, 8.176310039643922778, 36.12888808194216494 ) ) ;
#2293 = CARTESIAN_POINT ( 'NONE',  ( 0.001960457744667324850, 9.006447241326133835, 54.57074174883629780 ) ) ;
#2294 = CARTESIAN_POINT ( 'NONE',  ( -4.878444466042901162, 4.571169835878910348, 54.00204158451707315 ) ) ;
#2295 = CARTESIAN_POINT ( 'NONE',  ( 0.003711972049320253191, 10.32524459192911515, 51.81138372064576458 ) ) ;
#2296 = CARTESIAN_POINT ( 'NONE',  ( -5.405646816209551453, 3.252655201470706636, 53.71652709815439408 ) ) ;
#2297 = CARTESIAN_POINT ( 'NONE',  ( -0.5688155536163158610, 10.22754720364033965, 51.92303009098851874 ) ) ;
#2298 = CARTESIAN_POINT ( 'NONE',  ( -5.143114106143732656, 5.137400031680472878, 52.92430288616876766 ) ) ;
#2299 = CARTESIAN_POINT ( 'NONE',  ( 0.004570857623007551149, 9.906754289562616833, 53.07056534773149536 ) ) ;
#2300 = CARTESIAN_POINT ( 'NONE',  ( -5.435949082045548053, 3.941597959260323414, 50.64392038367861915 ) ) ;
#2301 = CARTESIAN_POINT ( 'NONE',  ( -3.847022662369794954, 8.247385149552414418, 51.82558739116198865 ) ) ;
#2302 = CARTESIAN_POINT ( 'NONE',  ( -1.382838946249107748, 8.877289468914723258, -2.384057860137964280 ) ) ;
#2303 = CARTESIAN_POINT ( 'NONE',  ( -0.1539690778890486222, 7.809512723495548592, 55.74365053197008990 ) ) ;
#2304 = CARTESIAN_POINT ( 'NONE',  ( -1.316883456202354363, 4.966005805440529386, 57.00170740395133606 ) ) ;
#2305 = CARTESIAN_POINT ( 'NONE',  ( 0.0003358697508070743686, 10.52831930422620133, 50.81828754225274736 ) ) ;
#2306 = CARTESIAN_POINT ( 'NONE',  ( -0.7574131306481328707, 3.988468614616143881, 57.06695848621086498 ) ) ;
#2307 = CARTESIAN_POINT ( 'NONE',  ( -5.331680532147928808, 6.240332886238782351, 50.99434030418515107 ) ) ;
#2308 = CARTESIAN_POINT ( 'NONE',  ( -0.3583749682735171138, 9.910523077948724335, 52.97871406786399007 ) ) ;
#2309 = CARTESIAN_POINT ( 'NONE',  ( -4.275771481170553834, 7.538603892983030796, 52.13506777338568554 ) ) ;
#2310 = CARTESIAN_POINT ( 'NONE',  ( -0.9326801978395400372, 9.925889450356875088, 52.51645992964883192 ) ) ;
#2311 = CARTESIAN_POINT ( 'NONE',  ( -2.843170380421105037, 6.959183763723757465, -5.833345601049028772 ) ) ;
#2312 = CARTESIAN_POINT ( 'NONE',  ( -5.413698147011805517, 5.359632444111034566, 10.78195452376293950 ) ) ;
#2313 = CARTESIAN_POINT ( 'NONE',  ( 0.000000000000000000, 9.002117773658653732, -2.948310329182608491 ) ) ;
#2314 = CARTESIAN_POINT ( 'NONE',  ( -2.510752073150190444, 9.631597778017521705, 51.07514099783843164 ) ) ;
#2315 = CARTESIAN_POINT ( 'NONE',  ( -4.246884880340384250, 7.515696737168774177, 50.95933768168648470 ) ) ;
#2316 = CARTESIAN_POINT ( 'NONE',  ( -0.2129927301147761520, 3.661814214801274669, -15.00000000000000000 ) ) ;
#2317 = CARTESIAN_POINT ( 'NONE',  ( -2.774482721316271494, 8.139865322672404702, 53.59712745400866396 ) ) ;
#2318 = CARTESIAN_POINT ( 'NONE',  ( -0.006511705682167813133, 10.24721092328935690, 52.10683791775249318 ) ) ;
#2319 = CARTESIAN_POINT ( 'NONE',  ( -3.971611562943899276, 6.229597244823612989, 54.08694649661190823 ) ) ;
#2320 = CARTESIAN_POINT ( 'NONE',  ( -1.355434949679489076, 9.437248501891659203, 53.17131144169696455 ) ) ;
#2321 = CARTESIAN_POINT ( 'NONE',  ( -2.188789507141932322, 8.838923995330079109, 52.36091235443715419 ) ) ;
#2322 = CARTESIAN_POINT ( 'NONE',  ( -5.125796526471994241, 6.249841579523018886, 49.93992332601522577 ) ) ;
#2323 = CARTESIAN_POINT ( 'NONE',  ( 0.02697321339144323829, 8.438683726333191970, 55.18469629358990147 ) ) ;
#2324 = CARTESIAN_POINT ( 'NONE',  ( -0.4255466085397730525, 9.832151970938554086, 51.93351562540060939 ) ) ;
#2325 = CARTESIAN_POINT ( 'NONE',  ( -3.387641101972502344, 7.819592448026140730, 53.22945796837833399 ) ) ;
#2326 = CARTESIAN_POINT ( 'NONE',  ( -0.04220190951738442275, 5.601679688774949817, 57.07273404820211482 ) ) ;
#2327 = CARTESIAN_POINT ( 'NONE',  ( -4.659103748940791156, 6.045420080779624783, 53.13404730017282418 ) ) ;
#2328 = CARTESIAN_POINT ( 'NONE',  ( -1.900485847698447195, 9.875139397567007649, 51.36390992799705657 ) ) ;
#2329 = CARTESIAN_POINT ( 'NONE',  ( -5.029078457128568935, 5.522112618598082001, 52.85294254540266223 ) ) ;
#2330 = CARTESIAN_POINT ( 'NONE',  ( -4.612188684370284619, 7.754253370275327129, 6.189721331767318979 ) ) ;
#2331 = CARTESIAN_POINT ( 'NONE',  ( 0.01144920070480383474, 9.947160809126636138, 52.97594621414660310 ) ) ;
#2332 = CARTESIAN_POINT ( 'NONE',  ( -0.1675921402937098348, 9.554360586482674833, 0.4063577451748726088 ) ) ;
#2333 = CARTESIAN_POINT ( 'NONE',  ( -3.594621961365207063, 3.382074768363307005, 56.42551328114210207 ) ) ;
#2334 = CARTESIAN_POINT ( 'NONE',  ( 0.003530296702271020024, 10.43635019619439142, 51.31582935486241581 ) ) ;
#2335 = ORIENTED_EDGE ( 'NONE', *, *, #7629, .F. ) ;
#2336 = CARTESIAN_POINT ( 'NONE',  ( -5.342499388278055150, 3.223435361806437971, 53.92886185462818105 ) ) ;
#2337 = CARTESIAN_POINT ( 'NONE',  ( -0.5917458125689002424, 10.44707159529617613, 50.92610439341953565 ) ) ;
#2338 = CARTESIAN_POINT ( 'NONE',  ( -5.192208171251489368, 5.172723939560057715, 52.76631586117885320 ) ) ;
#2339 = CARTESIAN_POINT ( 'NONE',  ( -0.01809933271007169164, 6.764680629775105203, 56.48366940106970446 ) ) ;
#2340 = CARTESIAN_POINT ( 'NONE',  ( -4.806522686641305775, 2.994843424582946945, -7.619304762819084864 ) ) ;
#2341 = CARTESIAN_POINT ( 'NONE',  ( -3.522126534548821297, 7.703332431751015896, 53.18887840346658891 ) ) ;
#2342 = PLANE ( 'NONE',  #5474 ) ;
#2343 = CARTESIAN_POINT ( 'NONE',  ( -1.191267208972998315, 8.803007439367908304, -2.979029949800330090 ) ) ;
#2344 = CARTESIAN_POINT ( 'NONE',  ( -0.1158485112291218061, 7.469898946317189647, 55.99740783362201313 ) ) ;
#2345 = CARTESIAN_POINT ( 'NONE',  ( -2.661110634319131751, 9.434773122153675473, 51.38644868173274460 ) ) ;
#2346 = CARTESIAN_POINT ( 'NONE',  ( -0.005433152896212409093, 9.419521276187449388, 53.97702589418661034 ) ) ;
#2347 = CARTESIAN_POINT ( 'NONE',  ( -1.309026846183030779, 3.987692341814553565, 56.91064696921117161 ) ) ;
#2348 = CARTESIAN_POINT ( 'NONE',  ( -4.413493903183401734, 5.507162003294079788, 54.05194447189209228 ) ) ;
#2349 = CARTESIAN_POINT ( 'NONE',  ( -1.899856881982986856, 9.132468510574080156, 53.13415965986721545 ) ) ;
#2350 = CARTESIAN_POINT ( 'NONE',  ( -4.369705122759070193, 7.654213588820040215, 51.73413440514176642 ) ) ;
#2351 = CARTESIAN_POINT ( 'NONE',  ( -0.7499566041025771401, 10.05649113398768080, 52.31905673207050000 ) ) ;
#2352 = CARTESIAN_POINT ( 'NONE',  ( -5.267188584097296733, 5.816758911614393845, 51.83935943159237780 ) ) ;
#2353 = CARTESIAN_POINT ( 'NONE',  ( -0.8184690986217149078, 3.083008615544550413, -14.99999999999998934 ) ) ;
#2354 = CARTESIAN_POINT ( 'NONE',  ( -4.161006719872438531, 4.078339045340147351, 54.85332231001036973 ) ) ;
#2355 = CARTESIAN_POINT ( 'NONE',  ( -0.06704241967455644435, 11.08311692031388773, 24.06550652217651987 ) ) ;
#2356 = CARTESIAN_POINT ( 'NONE',  ( -2.331353886991352375, 9.160632357419972394, 52.55826696047548552 ) ) ;
#2357 = CARTESIAN_POINT ( 'NONE',  ( -0.4953566794369733128, 10.04469123644902417, 50.95933768168649181 ) ) ;
#2358 = CARTESIAN_POINT ( 'NONE',  ( -1.208915494555654169, 10.87535113539630238, 39.79308596255464181 ) ) ;
#2359 = CARTESIAN_POINT ( 'NONE',  ( -2.026688627317981606, 6.370314335956075880, 55.87819329946450608 ) ) ;
#2360 = CARTESIAN_POINT ( 'NONE',  ( -0.006771620888265387356, 10.30029403806115340, 51.91023738618245176 ) ) ;
#2361 = CARTESIAN_POINT ( 'NONE',  ( -4.695941990055110260, 7.144966712875490344, 51.73819423539383422 ) ) ;
#2362 = CARTESIAN_POINT ( 'NONE',  ( -0.9156598854068325188, 7.533730716896767099, 55.69354113397108819 ) ) ;
#2363 = CARTESIAN_POINT ( 'NONE',  ( -3.216131691833427730, 9.441379199290810931, 48.55086718638494858 ) ) ;
#2364 = CARTESIAN_POINT ( 'NONE',  ( -5.095611414040857490, 6.865297735787810218, 20.75028549245210030 ) ) ;
#2365 = CARTESIAN_POINT ( 'NONE',  ( 0.04993882392515993501, 9.776298644607750887, 53.35073479046537415 ) ) ;
#2366 = CARTESIAN_POINT ( 'NONE',  ( -5.424668244811073237, 2.123311617632454240, -5.130515853583201391 ) ) ;
#2367 = CARTESIAN_POINT ( 'NONE',  ( -0.3684180749305544511, 7.956285438559035583, 55.09530842304494769 ) ) ;
#2368 = CARTESIAN_POINT ( 'NONE',  ( -2.737962500471778693, 7.096282825188930943, 54.75441382227145226 ) ) ;
#2369 = CARTESIAN_POINT ( 'NONE',  ( -0.04142648561910208110, 10.21857411420205963, 52.20545998298252499 ) ) ;
#2370 = CARTESIAN_POINT ( 'NONE',  ( -5.132038952676293064, 6.470927850370311596, 51.42377395394679240 ) ) ;
#2371 = CARTESIAN_POINT ( 'NONE',  ( -1.856496901582720405, 9.737315552237612692, 51.86550025895873972 ) ) ;
#2372 = CARTESIAN_POINT ( 'NONE',  ( -1.839840425972489202, 2.666963299072352189, 57.54437158841541589 ) ) ;
#2373 = CARTESIAN_POINT ( 'NONE',  ( -2.587478291162731203, 4.258841878927039026, 56.30228922855068419 ) ) ;
#2374 = CARTESIAN_POINT ( 'NONE',  ( 0.01371719528192236193, 10.27376591041579523, 52.00809907719213498 ) ) ;
#2375 = CARTESIAN_POINT ( 'NONE',  ( -0.3455281335826924094, 10.55677130782487261, 10.78761440466412402 ) ) ;
#2376 = CARTESIAN_POINT ( 'NONE',  ( -4.728508686904836722, 4.226971496209632306, 54.57107284151710758 ) ) ;
#2377 = CARTESIAN_POINT ( 'NONE',  ( -4.978061658715648541, 3.231454748703066038, 54.79392218242361423 ) ) ;
#2378 = CARTESIAN_POINT ( 'NONE',  ( -0.4680292221660419805, 10.19335897402384816, 52.11702241421640736 ) ) ;
#2379 = CARTESIAN_POINT ( 'NONE',  ( -5.167601848778592633, 5.155444034951395693, 52.84677821104993001 ) ) ;
#2380 = CARTESIAN_POINT ( 'NONE',  ( -0.01640815947510064141, 7.474402947052920076, 56.00351067089957979 ) ) ;
#2381 = CARTESIAN_POINT ( 'NONE',  ( -5.476531600671687983, 3.484067860920051274, 4.153228399248895641 ) ) ;
#2382 = CARTESIAN_POINT ( 'NONE',  ( -1.440183863940106779, 8.992161439849351012, 52.96437906559591369 ) ) ;
#2383 = CARTESIAN_POINT ( 'NONE',  ( -0.1307855587157583654, 9.523515599957043776, 53.80026086008770392 ) ) ;
#2384 = CARTESIAN_POINT ( 'NONE',  ( -2.571992465959223484, 9.217751876684459944, 52.08758217612997754 ) ) ;
#2385 = CARTESIAN_POINT ( 'NONE',  ( 0.003039519865284315194, 10.21907867111845825, 52.20460804192943272 ) ) ;
#2386 = CARTESIAN_POINT ( 'NONE',  ( -3.217681628734974542, 3.966141749595535337, 55.88084104002859931 ) ) ;
#2387 = CARTESIAN_POINT ( 'NONE',  ( -4.809849501196476140, 5.817588405995611112, 53.05354125090499195 ) ) ;
#2388 = CARTESIAN_POINT ( 'NONE',  ( -1.865618023630170041, 8.995433577594317498, 53.39303026884077497 ) ) ;
#2389 = CARTESIAN_POINT ( 'NONE',  ( -4.226890235761381120, 7.477493090942205711, 52.32807115545337240 ) ) ;
#2390 = CARTESIAN_POINT ( 'NONE',  ( -0.8778435777536012230, 10.24427982899022282, 51.53434386663847278 ) ) ;
#2391 = CARTESIAN_POINT ( 'NONE',  ( -4.711047832028297577, 5.345781791890662049, 53.67007403572434043 ) ) ;
#2392 = CARTESIAN_POINT ( 'NONE',  ( -4.300795368837264654, 8.596503060186311274, 10.78435164979168270 ) ) ;
#2393 = CARTESIAN_POINT ( 'NONE',  ( -0.6772677289702115910, 1.798889069581669498, 57.50000000000000711 ) ) ;
#2394 = CARTESIAN_POINT ( 'NONE',  ( -0.02640752541327106434, 11.06383595611288229, 28.18482878931599700 ) ) ;
#2395 = CARTESIAN_POINT ( 'NONE',  ( -1.678807806022652782, 7.017651735723661410, 55.65019804740551024 ) ) ;
#2396 = CARTESIAN_POINT ( 'NONE',  ( -0.8370421920988793119, 10.38273881452890990, 50.95933768168648470 ) ) ;
#2397 = CARTESIAN_POINT ( 'NONE',  ( -0.9455379141155457745, 9.043402027851440650, 53.34761028253042525 ) ) ;
#2398 = CARTESIAN_POINT ( 'NONE',  ( -2.714346619111645431, 8.498301291552563086, 53.18634779623909026 ) ) ;
#2399 = CARTESIAN_POINT ( 'NONE',  ( -0.007278864830546983959, 9.753024454871210835, 53.39668946478710154 ) ) ;
#2400 = CARTESIAN_POINT ( 'NONE',  ( -4.742290604403242682, 7.192798790202367343, 51.52989426391901873 ) ) ;
#2401 = CARTESIAN_POINT ( 'NONE',  ( -0.9431837120996467982, 9.222570469178279495, 53.86901429209383707 ) ) ;
#2402 = CARTESIAN_POINT ( 'NONE',  ( -3.174300873728945760, 8.629105066599912277, 51.15332492212353088 ) ) ;
#2403 = CARTESIAN_POINT ( 'NONE',  ( -2.673839586946255675, 8.822977424010929326, -0.1937506960571241110 ) ) ;
#2404 = CARTESIAN_POINT ( 'NONE',  ( -5.425562925187065844, 6.049134331814038035, 48.50571920884289057 ) ) ;
#2405 = CARTESIAN_POINT ( 'NONE',  ( 0.06922851260599462153, 9.886132413224304472, 53.11717650214549735 ) ) ;
#2406 = CARTESIAN_POINT ( 'NONE',  ( -5.504560506899667693, 2.258689985879082318, 9.124954226729977691 ) ) ;
#2407 = CARTESIAN_POINT ( 'NONE',  ( -0.4644050310624615041, 8.705552074307563615, -4.161636898924886196 ) ) ;
#2408 = CARTESIAN_POINT ( 'NONE',  ( -2.985856249603685342, 7.739140562485967934, 53.83156070045734509 ) ) ;
#2409 = CARTESIAN_POINT ( 'NONE',  ( -0.04667911100009194958, 9.304925929429449738, 54.14820020576267723 ) ) ;
#2410 = CARTESIAN_POINT ( 'NONE',  ( -4.125603983140472053, 3.423952057429488605, 55.92561181002546533 ) ) ;
#2411 = CARTESIAN_POINT ( 'NONE',  ( -4.404892959197823643, 6.010241074651043292, 53.62102524078517973 ) ) ;
#2412 = CARTESIAN_POINT ( 'NONE',  ( -0.7328760322442522401, 4.514206267836352815, 57.35005483311190488 ) ) ;
#2413 = CARTESIAN_POINT ( 'NONE',  ( -5.003368083164120073, 5.500915520105723822, 52.93128528197704696 ) ) ;
#2414 = CARTESIAN_POINT ( 'NONE',  ( -4.059533371111385236, 6.821977147029278932, -2.451336553515886418 ) ) ;
#2415 = CARTESIAN_POINT ( 'NONE',  ( -0.01027395209507010049, 6.000539882075947240, 56.89374837757668502 ) ) ;
#2416 = CARTESIAN_POINT ( 'NONE',  ( -0.1876611024171858377, 9.503636265769168645, 52.96290033994542767 ) ) ;
#2417 = CARTESIAN_POINT ( 'NONE',  ( -4.321840840838062192, 3.901713667349213654, 55.41418997313717654 ) ) ;
#2418 = AXIS2_PLACEMENT_3D ( 'NONE', #1703, #8314, #1623 ) ;
#2419 = CARTESIAN_POINT ( 'NONE',  ( -5.423055938075687976, 3.458645827463741718, 53.51371667523203968 ) ) ;
#2420 = CARTESIAN_POINT ( 'NONE',  ( -0.2095317975345694361, 4.755844205592479668, 57.37507740140654278 ) ) ;
#2421 = CARTESIAN_POINT ( 'NONE',  ( -3.191923483849950838, 3.502431951079822969, 56.67500370959987777 ) ) ;
#2422 = CARTESIAN_POINT ( 'NONE',  ( 0.006505398327713723255, 10.34878398977282110, 51.71242035488094757 ) ) ;
#2423 = CARTESIAN_POINT ( 'NONE',  ( -5.574671027264250789, 3.483754376691716725, 48.47972491874264733 ) ) ;
#2424 = CARTESIAN_POINT ( 'NONE',  ( -1.598343470668639021, 9.508769546538688999, 51.55083736499967273 ) ) ;
#2425 = CARTESIAN_POINT ( 'NONE',  ( -0.1858745625295949722, 10.34022957986243441, 51.71604029407433956 ) ) ;
#2426 = CARTESIAN_POINT ( 'NONE',  ( -0.7995876633852335713, 3.572522783571285387, 57.58912388925015335 ) ) ;
#2427 = CARTESIAN_POINT ( 'NONE',  ( -0.002993358924082218080, 9.580857764807143795, 53.71331830861319645 ) ) ;
#2428 = CARTESIAN_POINT ( 'NONE',  ( -1.579073908330292042, 3.986935473834939625, 56.81577649005847519 ) ) ;
#2429 = EDGE_CURVE ( 'NONE', #4781, #865, #2152, .T. ) ;
#2430 = CARTESIAN_POINT ( 'NONE',  ( -3.926351270174443187, 4.920408282107591624, 55.20328263146866021 ) ) ;
#2431 = CARTESIAN_POINT ( 'NONE',  ( -5.356870878973516881, 3.627509301258185825, 53.59179441061365168 ) ) ;
#2432 = CARTESIAN_POINT ( 'NONE',  ( -2.241168921770035904, 9.843943240616424006, 50.86388981825278677 ) ) ;
#2433 = CARTESIAN_POINT ( 'NONE',  ( -3.606421868577831091, 6.815997207162269866, 54.03577597001273602 ) ) ;
#2434 = CARTESIAN_POINT ( 'NONE',  ( -0.7087140327876005896, 9.633747137258822590, 53.34743981031887472 ) ) ;
#2435 = CARTESIAN_POINT ( 'NONE',  ( -4.952857885286152673, 5.579072552030785559, 52.97206681289073771 ) ) ;
#2436 = CARTESIAN_POINT ( 'NONE',  ( -2.931216320361244243, 6.553867406366379988, -6.568108939595181717 ) ) ;
#2437 = CARTESIAN_POINT ( 'NONE',  ( -5.335768084479598272, 5.159649355110182967, 28.18669224270740514 ) ) ;
#2438 = CARTESIAN_POINT ( 'NONE',  ( -0.09020947229443214421, 10.67127345647915959, 46.42696538390708838 ) ) ;
#2439 = CARTESIAN_POINT ( 'NONE',  ( -1.747687380622947595, 7.306399582456928776, 55.37703529992703722 ) ) ;
#2440 = CARTESIAN_POINT ( 'NONE',  ( -0.3039778858231849679, 5.504147727546331303, 56.99760597302334020 ) ) ;
#2441 = CARTESIAN_POINT ( 'NONE',  ( -1.060708715004179403, 9.624549884626260265, 51.94628282188062229 ) ) ;
#2442 = CARTESIAN_POINT ( 'NONE',  ( -2.530098968145555460, 7.956123308757920398, 54.08062126251404322 ) ) ;
#2443 = CARTESIAN_POINT ( 'NONE',  ( -0.005843513379292507824, 9.864582159854013099, 53.16452391649823994 ) ) ;
#2444 = CARTESIAN_POINT ( 'NONE',  ( -1.726504728535251942, 3.274802138146782671, 57.43902908204809421 ) ) ;
#2445 = CARTESIAN_POINT ( 'NONE',  ( -0.9550905131160895012, 9.327771767989867513, 53.69744303815068776 ) ) ;
#2446 = CARTESIAN_POINT ( 'NONE',  ( -2.314571841854628165, 6.584092509178955943, 54.99672148810478944 ) ) ;
#2447 = CARTESIAN_POINT ( 'NONE',  ( -4.095496446883998054, 5.002385879232946309, -6.575820120929817492 ) ) ;
#2448 = CARTESIAN_POINT ( 'NONE',  ( 0.06149218235146055450, 10.41539847869214341, 51.41411537880701843 ) ) ;
#2449 = CARTESIAN_POINT ( 'NONE',  ( -4.494442916729695092, 1.700350361394388443, -9.918248790043415752 ) ) ;
#2450 = CARTESIAN_POINT ( 'NONE',  ( -0.6740879827969132876, 10.13181157822328693, 50.25780914012223377 ) ) ;
#2451 = CARTESIAN_POINT ( 'NONE',  ( -1.868191083444508571, 4.935353966403599912, 56.78188604420910934 ) ) ;
#2452 = CARTESIAN_POINT ( 'NONE',  ( -0.04211668940615840434, 10.29982481488637802, 51.91090840884930913 ) ) ;
#2453 = CARTESIAN_POINT ( 'NONE',  ( -5.345527797713923057, 4.257703109588563350, 53.12377585558604665 ) ) ;
#2454 = CARTESIAN_POINT ( 'NONE',  ( -2.795603066662663228, 3.983527220581748018, 56.70919209664728555 ) ) ;
#2455 = CARTESIAN_POINT ( 'NONE',  ( -5.082376787182051991, 5.090822791811057790, 53.11225380557007725 ) ) ;
#2456 = CARTESIAN_POINT ( 'NONE',  ( -1.741037106704669268, 9.728265779442347494, 52.05882582631925715 ) ) ;
#2457 = CARTESIAN_POINT ( 'NONE',  ( -5.476112141841125158, 5.712204109548157049, 51.09546705037033831 ) ) ;
#2458 = CARTESIAN_POINT ( 'NONE',  ( -4.109838804658489053, 6.142070430144432436, 53.12479279571458335 ) ) ;
#2459 = CARTESIAN_POINT ( 'NONE',  ( 0.01813772686830994116, 10.41540462979763326, 51.41487392871013640 ) ) ;
#2460 = AXIS2_PLACEMENT_3D ( 'NONE', #1618, #355, #5440 ) ;
#2461 = CARTESIAN_POINT ( 'NONE',  ( -0.3406053002524261353, 10.43304241557845380, 48.58370207914285288 ) ) ;
#2462 = CARTESIAN_POINT ( 'NONE',  ( -5.684848263136633051, 4.874966208313164628, 50.97596619823141850 ) ) ;
#2463 = VERTEX_POINT ( 'NONE', #4320 ) ;
#2464 = CARTESIAN_POINT ( 'NONE',  ( -5.513775496573648738, 3.501932131016519456, 53.16887599406884135 ) ) ;
#2465 = CARTESIAN_POINT ( 'NONE',  ( -0.4402550672793856812, 9.693014120788413734, 53.39381457384500607 ) ) ;
#2466 = CARTESIAN_POINT ( 'NONE',  ( -5.060120190619443292, 5.190499643988938594, 53.07795357976498707 ) ) ;
#2467 = CARTESIAN_POINT ( 'NONE',  ( 0.007777007954472766292, 10.12739151224868372, 52.49656955599760977 ) ) ;
#2468 = CARTESIAN_POINT ( 'NONE',  ( -5.400549382026831324, 3.415527854422687692, -0.2002350345540031273 ) ) ;
#2469 = CARTESIAN_POINT ( 'NONE',  ( -1.151248366940392565, 7.483989475444207784, -7.651671929308207609 ) ) ;
#2470 = CARTESIAN_POINT ( 'NONE',  ( -0.1758191236216359588, 9.788238335082439789, 53.30392329205106705 ) ) ;
#2471 = CARTESIAN_POINT ( 'NONE',  ( -2.238186413938329178, 8.198513477580098296, 54.08879285715191543 ) ) ;
#2472 = CARTESIAN_POINT ( 'NONE',  ( -0.0006697223565851958150, 9.753052277038282369, 53.39670814264048460 ) ) ;
#2473 = CARTESIAN_POINT ( 'NONE',  ( -5.278773211379909291, 3.638110433339104333, 52.26820297370665003 ) ) ;
#2474 = CARTESIAN_POINT ( 'NONE',  ( -3.885660786645920961, 4.981327367968796160, 55.20770567321218181 ) ) ;
#2475 = CARTESIAN_POINT ( 'NONE',  ( -4.796082538295405762, 3.313827059368465999, 55.08746830404058414 ) ) ;
#2476 = CARTESIAN_POINT ( 'NONE',  ( -1.836682614332710850, 8.874030732728254378, 53.60508500418354316 ) ) ;
#2477 = CARTESIAN_POINT ( 'NONE',  ( -3.941078999410104977, 7.075126978400532174, 53.30257289380839580 ) ) ;
#2478 = CARTESIAN_POINT ( 'NONE',  ( -0.7144590119197928857, 9.701475166219653445, 53.21178373886246504 ) ) ;
#2479 = CARTESIAN_POINT ( 'NONE',  ( -3.904794855642887086, 4.579623577863431549, 55.46483173254689802 ) ) ;
#2480 = CARTESIAN_POINT ( 'NONE',  ( -2.309982964893062984, 5.528142851990274664, -9.991310352480420320 ) ) ;
#2481 = CARTESIAN_POINT ( 'NONE',  ( -5.510240482416511654, 4.944634593800614653, 37.29946871585156742 ) ) ;
#2482 = CARTESIAN_POINT ( 'NONE',  ( -0.01550056484099124159, 9.413409455984467655, -0.5872294501147732326 ) ) ;
#2483 = CARTESIAN_POINT ( 'NONE',  ( -2.277778313968419788, 9.001106665299575482, 52.92028673071123279 ) ) ;
#2484 = CARTESIAN_POINT ( 'NONE',  ( -2.751511638974585505, 9.523468921835512191, 50.95933768168647049 ) ) ;
#2485 = CARTESIAN_POINT ( 'NONE',  ( -0.8448078123574475073, 8.623091841593442552, -4.170633897714124849 ) ) ;
#2486 = CARTESIAN_POINT ( 'NONE',  ( -2.755304743261187905, 8.607201887326475287, 52.97361204778506050 ) ) ;
#2487 = CARTESIAN_POINT ( 'NONE',  ( -0.02335898879979948772, 6.764684389272589193, 56.48334043877783017 ) ) ;
#2488 = CARTESIAN_POINT ( 'NONE',  ( -2.594088672924205419, 4.210677796801932438, 56.72593748022625704 ) ) ;
#2489 = CARTESIAN_POINT ( 'NONE',  ( -1.192366108220682897, 9.658622887926730627, 52.89714782219128608 ) ) ;
#2490 = CARTESIAN_POINT ( 'NONE',  ( -1.801049316332023587, 6.001717045762853253, -10.00264749147929599 ) ) ;
#2491 = CARTESIAN_POINT ( 'NONE',  ( -1.974847819832234119, 2.689365294215877444, 57.24716108928504354 ) ) ;
#2492 = CARTESIAN_POINT ( 'NONE',  ( 0.07517855094073049027, 10.12744613883270617, 52.49510901428715925 ) ) ;
#2493 = CARTESIAN_POINT ( 'NONE',  ( -5.501324800222489486, 1.758860826816968315, -3.188947357354789069 ) ) ;
#2494 = CARTESIAN_POINT ( 'NONE',  ( -0.4523662446298685746, 8.964829297146801323, -2.961750163202865327 ) ) ;
#2495 = CARTESIAN_POINT ( 'NONE',  ( -3.393802243992846357, 8.221500555559455137, 52.67761029074831214 ) ) ;
#2496 = CARTESIAN_POINT ( 'NONE',  ( -0.04329361105794621301, 10.39400080767641121, 51.51517686784942640 ) ) ;
#2497 = CARTESIAN_POINT ( 'NONE',  ( -5.489555786282385164, 4.336106247872554498, 52.58688516866035201 ) ) ;
#2498 = B_SPLINE_CURVE_WITH_KNOTS ( 'NONE', 3,
 ( #2736, #3419, #5229, #1492, #5956, #4671, #2134, #4109, #5913, #7897, #7287, #6725, #1406, #4023, #6641, #753, #3378, #7981, #838, #2093, #8491, #4715, #7330, #1449, #6682, #7853, #795, #6038, #144, #2775, #1319, #3936, #6556, #3293, #21, #6813, #5527, #1534, #2942, #6893 ),
 .UNSPECIFIED., .F., .F.,
 ( 4, 2, 2, 2, 2, 2, 2, 2, 2, 2, 2, 2, 2, 2, 2, 2, 2, 2, 2, 4 ),
 ( 0.000000000000000000, 0.03117349223384384069, 0.04676023835076544011, 0.06234698446768704994, 0.07014035752614754260, 0.07403704405537749056, 0.07793373058460745240, 0.09352047670152721648, 0.1091072228184469944, 0.1246939689353667585, 0.1402807150522865642, 0.1441774015815162346, 0.1480740881107459050, 0.1558674611692049128, 0.1714542072861225674, 0.1870409534030401943, 0.2182144456368751984, 0.2260078186953340673, 0.2338011917537929363, 0.2493879378707104799 ),
 .UNSPECIFIED. ) ;
#2499 = CARTESIAN_POINT ( 'NONE',  ( -4.483187565761057591, 6.106398762394301016, 53.39795975157933583 ) ) ;
#2500 = CARTESIAN_POINT ( 'NONE',  ( -1.462384080930206887, 8.431537047870438784, 54.50988077455036773 ) ) ;
#2501 = CARTESIAN_POINT ( 'NONE',  ( -4.797749425779050725, 7.704765520070736784, 31.92482379454186869 ) ) ;
#2502 = CARTESIAN_POINT ( 'NONE',  ( 0.01307543289787662169, 9.529234427211717318, 53.80271258167530846 ) ) ;
#2503 = CARTESIAN_POINT ( 'NONE',  ( -0.2546952407555527764, 9.772938014809291474, 2.017107369724417509 ) ) ;
#2504 = CARTESIAN_POINT ( 'NONE',  ( -5.187981197750902496, 4.595603231999126237, 53.27633880467072913 ) ) ;
#2505 = CARTESIAN_POINT ( 'NONE',  ( -1.208778896087128407, 3.258224204368658672, 57.57323032141705710 ) ) ;
#2506 = ORIENTED_EDGE ( 'NONE', *, *, #2801, .F. ) ;
#2507 = CARTESIAN_POINT ( 'NONE',  ( -0.4597335389181022025, 10.07122071713926204, 52.50520645497386596 ) ) ;
#2508 = CARTESIAN_POINT ( 'NONE',  ( -4.466403533609057064, 4.742201041072538814, 54.60532183453471333 ) ) ;
#2509 = CARTESIAN_POINT ( 'NONE',  ( -0.003365878305820154022, 9.245900534712776064, 54.23352062862178968 ) ) ;
#2510 = CARTESIAN_POINT ( 'NONE',  ( -5.633241319959708449, 3.488585748700473665, 46.25674830724588560 ) ) ;
#2511 = CARTESIAN_POINT ( 'NONE',  ( -0.3774934783323642407, 3.531549667589399810, -14.99999999999999822 ) ) ;
#2512 = CARTESIAN_POINT ( 'NONE',  ( -2.558218484420662353, 9.464047740470206804, 51.48535280446827045 ) ) ;
#2513 = CARTESIAN_POINT ( 'NONE',  ( 0.0002689798571268394757, 9.821258861582455424, 53.25798214986050994 ) ) ;
#2514 = CARTESIAN_POINT ( 'NONE',  ( -0.7547225044444434428, 3.988646588841719076, 57.49297479607903227 ) ) ;
#2515 = CARTESIAN_POINT ( 'NONE',  ( -5.046973019031664620, 6.146250368384794882, 52.14247850012492336 ) ) ;
#2516 = CARTESIAN_POINT ( 'NONE',  ( -5.793993601554125128, 3.589636384988224904, 51.50443466062451137 ) ) ;
#2517 = CARTESIAN_POINT ( 'NONE',  ( -2.059092379082583690, 9.659631635101810332, 51.77238368447733308 ) ) ;
#2518 = CARTESIAN_POINT ( 'NONE',  ( -3.990620733938238907, 7.464592759951488077, 52.77670486347557244 ) ) ;
#2519 = CARTESIAN_POINT ( 'NONE',  ( -0.6847403808662969604, 9.332295721624561224, 53.87442097504616356 ) ) ;
#2520 = CARTESIAN_POINT ( 'NONE',  ( -5.290013264887238442, 5.832732140187375514, 51.73641460516930124 ) ) ;
#2521 = CARTESIAN_POINT ( 'NONE',  ( -5.047527557673484822, 4.363598591230769763, -3.124948147734524895 ) ) ;
#2522 = CARTESIAN_POINT ( 'NONE',  ( -0.02313174274989901469, 7.802501942025305226, -7.658219485888073663 ) ) ;
#2523 = CARTESIAN_POINT ( 'NONE',  ( -1.611373085682019424, 7.068515041093716533, 55.65398820087794007 ) ) ;
#2524 = CARTESIAN_POINT ( 'NONE',  ( -4.894649039962321702, 7.250149379517717207, 50.95933768168649891 ) ) ;
#2525 = CARTESIAN_POINT ( 'NONE',  ( -0.9779305416481290925, 9.240340666634311972, 52.96385716242517816 ) ) ;
#2526 = CARTESIAN_POINT ( 'NONE',  ( -3.161993254906158235, 9.035798312697027157, 51.50225788875128075 ) ) ;
#2527 = CARTESIAN_POINT ( 'NONE',  ( -0.004664061402540605611, 9.966748057897525825, 52.92864498786396865 ) ) ;
#2528 = CARTESIAN_POINT ( 'NONE',  ( -2.322747468836432461, 4.915882500940816691, 56.54021362207354429 ) ) ;
#2529 = CARTESIAN_POINT ( 'NONE',  ( -2.784370921589847114, 4.844433450479710856, 56.29357963426346600 ) ) ;
#2530 = CARTESIAN_POINT ( 'NONE',  ( -0.8931434678328552534, 8.759135675140727884, 54.53150317386825918 ) ) ;
#2531 = CARTESIAN_POINT ( 'NONE',  ( -3.031871934076019848, 8.372101564335750368, 51.98777621044035868 ) ) ;
#2532 = CARTESIAN_POINT ( 'NONE',  ( -5.158211537569683536, 6.127911064042503853, 28.18644829971793087 ) ) ;
#2533 = CARTESIAN_POINT ( 'NONE',  ( 0.07133223866269219893, 9.966890636601579700, 52.92768885699208425 ) ) ;
#2534 = VECTOR ( 'NONE', #88, 39.37007874015748143 ) ;
#2535 = CARTESIAN_POINT ( 'NONE',  ( -5.499483430243215842, 1.562499999999994005, 48.45646686970584938 ) ) ;
#2536 = CARTESIAN_POINT ( 'NONE',  ( -0.4745270523050530431, 7.949590882792112900, -6.993378377782283550 ) ) ;
#2537 = CARTESIAN_POINT ( 'NONE',  ( -3.607268218633303380, 8.600301521463883603, 51.61606949722031601 ) ) ;
#2538 = CARTESIAN_POINT ( 'NONE',  ( -0.02965345697451237175, 10.18888743122566964, 52.30271872253868537 ) ) ;
#2539 = CARTESIAN_POINT ( 'NONE',  ( -3.507444236430635520, 3.060584485839104030, 56.64584921816775420 ) ) ;
#2540 = CARTESIAN_POINT ( 'NONE',  ( -5.319117724716391216, 5.139758030237005393, 52.41971219215714228 ) ) ;
#2541 = CARTESIAN_POINT ( 'NONE',  ( -4.828682547228352107, 6.467680425017417356, 52.33552334946488571 ) ) ;
#2542 = EDGE_CURVE ( 'NONE', #1258, #8348, #8274, .T. ) ;
#2543 = CARTESIAN_POINT ( 'NONE',  ( -1.536798347770515383, 8.832637520306493073, 53.94151079348689137 ) ) ;
#2544 = CARTESIAN_POINT ( 'NONE',  ( -4.828739053821450966, 7.536988425535586344, 9.120739813902543958 ) ) ;
#2545 = CARTESIAN_POINT ( 'NONE',  ( -0.009274707112308648582, 6.764647390243928804, 56.48423679134548792 ) ) ;
#2546 = CARTESIAN_POINT ( 'NONE',  ( -0.1799017613641891167, 8.873675736163580297, -3.551483499406635769 ) ) ;
#2547 = CARTESIAN_POINT ( 'NONE',  ( -2.343437906733925491, 5.312525943442610199, 56.33143277596369813 ) ) ;
#2548 = ORIENTED_EDGE ( 'NONE', *, *, #5, .T. ) ;
#2549 = CARTESIAN_POINT ( 'NONE',  ( -0.2905303635394198003, 7.786750290908717176, 55.73446165242540218 ) ) ;
#2550 = CARTESIAN_POINT ( 'NONE',  ( -5.233560579046397265, 5.317108493325600094, 52.51255141919725133 ) ) ;
#2551 = CARTESIAN_POINT ( 'NONE',  ( -0.001912440497269728710, 9.363674512777301118, 54.06382485232130364 ) ) ;
#2552 = CARTESIAN_POINT ( 'NONE',  ( -5.502785570985738950, 2.226859317897658563, 34.88856371756511976 ) ) ;
#2553 = CARTESIAN_POINT ( 'NONE',  ( -2.105760429526835953, 10.66308490162027844, 33.64206409126018116 ) ) ;
#2554 = CARTESIAN_POINT ( 'NONE',  ( -1.011286838567974744, 4.326542067958019544, 57.33786121388816071 ) ) ;
#2555 = CARTESIAN_POINT ( 'NONE',  ( -0.001389957267336718993, 9.729386268189720965, 53.44244805584455804 ) ) ;
#2556 = CARTESIAN_POINT ( 'NONE',  ( -1.487354092223765800, 3.988646588841748830, 57.29415997326552201 ) ) ;
#2557 = CARTESIAN_POINT ( 'NONE',  ( -2.463370984573144629, 3.447767455459278541, 57.08819131113166634 ) ) ;
#2558 = CARTESIAN_POINT ( 'NONE',  ( -5.736048029555872674, 3.576876784866952264, 52.02649472211087556 ) ) ;
#2559 = CARTESIAN_POINT ( 'NONE',  ( -1.794624669189446076, 9.122166705265113862, 53.26355149286661828 ) ) ;
#2560 = CARTESIAN_POINT ( 'NONE',  ( -3.059300792521215673, 6.070104329450320968, 55.28718080505655053 ) ) ;
#2561 = CARTESIAN_POINT ( 'NONE',  ( -0.5692843252355237471, 8.897992910617366746, 54.54547505249782802 ) ) ;
#2562 = CARTESIAN_POINT ( 'NONE',  ( -4.812958645296430582, 5.571809187941044961, 53.27181033536427179 ) ) ;
#2563 = CARTESIAN_POINT ( 'NONE',  ( -0.3038699991503343578, 2.097818611052982618, 57.50000000000001421 ) ) ;
#2564 = CARTESIAN_POINT ( 'NONE',  ( -5.162825556814248706, 4.504366478776522520, -1.237776377025139318 ) ) ;
#2565 = CARTESIAN_POINT ( 'NONE',  ( -0.1194164235015311021, 10.55597275326495144, 10.78774757833239129 ) ) ;
#2566 = CARTESIAN_POINT ( 'NONE',  ( -2.153349270943026639, 8.932029293223060051, 53.18071013549215564 ) ) ;
#2567 = CARTESIAN_POINT ( 'NONE',  ( -2.970407695704767814, 9.375131357807671151, 50.95933768168648470 ) ) ;
#2568 = CARTESIAN_POINT ( 'NONE',  ( -0.8808131454870894439, 9.390160964054052428, -0.1919822401034291248 ) ) ;
#2569 = CARTESIAN_POINT ( 'NONE',  ( 0.004439942903974738488, 10.39446307508992717, 51.51441289188350225 ) ) ;
#2570 = CARTESIAN_POINT ( 'NONE',  ( -2.079615937919163660, 7.037900083428245246, 55.35823851483959857 ) ) ;
#2571 = CARTESIAN_POINT ( 'NONE',  ( -0.003506401103207022057, 10.15915816362915436, 52.39973387256235071 ) ) ;
#2572 = CARTESIAN_POINT ( 'NONE',  ( -2.850529217484899291, 5.942091536526763917, 55.56823970116139577 ) ) ;
#2573 = CARTESIAN_POINT ( 'NONE',  ( -4.682199954408995168, 7.416812464081317557, 51.31955123837423116 ) ) ;
#2574 = CARTESIAN_POINT ( 'NONE',  ( -0.3416079198328075273, 3.845902109566001759, 57.60499675292966515 ) ) ;
#2575 = CARTESIAN_POINT ( 'NONE',  ( -1.247244028415191108, 4.758863292437722770, -13.04039496573618884 ) ) ;
#2576 = CARTESIAN_POINT ( 'NONE',  ( -5.079426099153346641, 6.493217629379648415, 28.18636698538817242 ) ) ;
#2577 = CARTESIAN_POINT ( 'NONE',  ( 0.07765232916537154195, 10.24723849319832958, 52.10486017382307011 ) ) ;
#2578 = CARTESIAN_POINT ( 'NONE',  ( -5.500000001129587979, 1.562500000000000000, 9.125556285705329174 ) ) ;
#2579 = CARTESIAN_POINT ( 'NONE',  ( -0.4765030784451981805, 8.079410698447151873, -6.556817566926644858 ) ) ;
#2580 = CARTESIAN_POINT ( 'NONE',  ( -1.783857570485892996, 5.008326950627544960, 56.78753410509609267 ) ) ;
#2581 = CARTESIAN_POINT ( 'NONE',  ( -0.02978163466537149529, 10.02363758701490326, 52.78606206379757282 ) ) ;
#2582 = CARTESIAN_POINT ( 'NONE',  ( -5.134296989102123732, 4.332993884969060794, 53.62437542016305514 ) ) ;
#2583 = CARTESIAN_POINT ( 'NONE',  ( -5.068517385369139205, 4.962542918735207031, 53.25305057828025923 ) ) ;
#2584 = CARTESIAN_POINT ( 'NONE',  ( -4.393378671838907401, 6.264433657414559597, 53.40202177885652191 ) ) ;
#2585 = CARTESIAN_POINT ( 'NONE',  ( -1.547194472235549512, 8.887383133195530860, 53.85886940041526572 ) ) ;
#2586 = CARTESIAN_POINT ( 'NONE',  ( -4.225230007038613955, 6.547283359588772278, -2.457744048123299496 ) ) ;
#2587 = CARTESIAN_POINT ( 'NONE',  ( 0.01796420579050065150, 10.51135990317622237, 50.91765574761549829 ) ) ;
#2588 = CARTESIAN_POINT ( 'NONE',  ( -0.2292629117499084546, 9.463830448113586868, -0.1912748577219517132 ) ) ;
#2589 = CARTESIAN_POINT ( 'NONE',  ( -3.281625711265478085, 7.206669189669142384, 54.05197215855701387 ) ) ;
#2590 = ORIENTED_EDGE ( 'NONE', *, *, #2974, .F. ) ;
#2591 = AXIS2_PLACEMENT_3D ( 'NONE', #709, #63, #2695 ) ;
#2592 = CARTESIAN_POINT ( 'NONE',  ( -4.747697254428635993, 5.023842785874442995, 53.87804762914406354 ) ) ;
#2593 = CARTESIAN_POINT ( 'NONE',  ( -0.002420725108655583969, 9.245903032027658952, 54.23354941362832449 ) ) ;
#2594 = CARTESIAN_POINT ( 'NONE',  ( -5.504653336192196100, 2.962469273845955264, 34.88845011666776941 ) ) ;
#2595 = CARTESIAN_POINT ( 'NONE',  ( -2.082679732295792174, 10.45478486386166495, 12.45128672700280248 ) ) ;
#2596 = CARTESIAN_POINT ( 'NONE',  ( -2.457638448357101879, 9.209416661544493010, 52.27852046435538824 ) ) ;
#2597 = CARTESIAN_POINT ( 'NONE',  ( 0.002188886304124164784, 9.926945597778127350, 53.02331888152303918 ) ) ;
#2598 = CARTESIAN_POINT ( 'NONE',  ( -0.5315614879009313842, 3.988646588841816776, 57.53849173318082677 ) ) ;
#2599 = CARTESIAN_POINT ( 'NONE',  ( -2.236673842621461628, 3.235034485287792361, 57.26926530235641621 ) ) ;
#2600 = CARTESIAN_POINT ( 'NONE',  ( -5.803339995268779639, 3.803675584962928458, 51.18038011587271541 ) ) ;
#2601 = CARTESIAN_POINT ( 'NONE',  ( -1.859641228020986414, 9.375964251968472496, 52.72954313605231391 ) ) ;
#2602 = CARTESIAN_POINT ( 'NONE',  ( -3.277591643570131108, 6.505618663333772034, 54.71763658385908968 ) ) ;
#2603 = CARTESIAN_POINT ( 'NONE',  ( -0.5165998996001656129, 8.043608284483960702, 55.44646707146883813 ) ) ;
#2604 = CARTESIAN_POINT ( 'NONE',  ( -2.994465411180648573, 3.748289985298661087, 56.69225840991411047 ) ) ;
#2605 = CARTESIAN_POINT ( 'NONE',  ( -2.260475272632182620, 7.745479620752477423, -5.008458453840400892 ) ) ;
#2606 = CARTESIAN_POINT ( 'NONE',  ( -5.139999621938545538, 4.048428228745335922, -3.132628052888957182 ) ) ;
#2607 = CARTESIAN_POINT ( 'NONE',  ( -0.09289154437139755804, 10.19917729361216097, 6.159691922988527857 ) ) ;
#2608 = CARTESIAN_POINT ( 'NONE',  ( -1.306032115927746373, 5.791790798324401912, 56.60891869592222037 ) ) ;
#2609 = DIRECTION ( 'NONE',  ( 1.000000000000000000, 0.000000000000000000, -3.335730344018426891E-15 ) ) ;
#2610 = CARTESIAN_POINT ( 'NONE',  ( -0.9124407247454433545, 7.689735279556381364, 55.06842107715216628 ) ) ;
#2611 = CARTESIAN_POINT ( 'NONE',  ( -0.01889086665574616145, 5.601965013767194357, 57.07403554441915361 ) ) ;
#2612 = CARTESIAN_POINT ( 'NONE',  ( -2.605231376756336203, 8.753598379682106412, 52.92695299285367128 ) ) ;
#2613 = CARTESIAN_POINT ( 'NONE',  ( -0.003322463573121788635, 9.843226295088966182, 53.21134952838226440 ) ) ;
#2614 = CARTESIAN_POINT ( 'NONE',  ( -4.084880469875857401, 8.080241380323021971, 51.62594482807035945 ) ) ;
#2615 = CARTESIAN_POINT ( 'NONE',  ( -4.391430267021856793, 7.094239299407194999, 52.51651155902378321 ) ) ;
#2616 = CARTESIAN_POINT ( 'NONE',  ( -0.8956698311481541275, 9.632545054264419093, 53.21250527208147219 ) ) ;
#2617 = CARTESIAN_POINT ( 'NONE',  ( -3.795392118587672226, 9.118415663853093989, 9.119234666464157257 ) ) ;
#2618 = CARTESIAN_POINT ( 'NONE',  ( -4.365796909990644181, 4.880186908551523928, -5.861722894618045743 ) ) ;
#2619 = CARTESIAN_POINT ( 'NONE',  ( 0.000000000000000000, 10.07135517728292662, 51.11069383336149485 ) ) ;
#2620 = CARTESIAN_POINT ( 'NONE',  ( -5.499999995690346033, 1.562500000000000666, 20.75106561753771572 ) ) ;
#2621 = CARTESIAN_POINT ( 'NONE',  ( -0.8887742057082522740, 10.35511986471422041, 48.57754553675076181 ) ) ;
#2622 = CARTESIAN_POINT ( 'NONE',  ( -3.187998797531111705, 8.216963663521838157, 52.98013105873523187 ) ) ;
#2623 = CARTESIAN_POINT ( 'NONE',  ( -0.01808285143707341960, 10.21901811868125876, 52.20501055060095297 ) ) ;
#2624 = CARTESIAN_POINT ( 'NONE',  ( -5.417975200824600712, 4.519487744533256190, 52.67227648328496059 ) ) ;
#2625 = CARTESIAN_POINT ( 'NONE',  ( -5.471967656859400009, 5.229694333642641801, 51.73171589385376024 ) ) ;
#2626 = CARTESIAN_POINT ( 'NONE',  ( -4.657800450155795247, 6.564897678135817927, 52.60788682235721581 ) ) ;
#2627 = CARTESIAN_POINT ( 'NONE',  ( -1.660389776205708490, 9.838225447809060498, 51.85874555894421434 ) ) ;
#2628 = CARTESIAN_POINT ( 'NONE',  ( -2.423555745549137441, 10.31396062401034541, 12.45078340956682084 ) ) ;
#2629 = CARTESIAN_POINT ( 'NONE',  ( -3.439911672781738261, 5.452975690480950099, -7.634623574439886262 ) ) ;
#2630 = CARTESIAN_POINT ( 'NONE',  ( 0.03167842990933503189, 9.682148353609351332, 53.53420167855258427 ) ) ;
#2631 = CARTESIAN_POINT ( 'NONE',  ( -0.2039754602137669182, 8.121483104532906339, -6.555715969593125969 ) ) ;
#2632 = CARTESIAN_POINT ( 'NONE',  ( -3.818390506083534142, 8.382606330983065845, 51.62069626667646105 ) ) ;
#2633 = CARTESIAN_POINT ( 'NONE',  ( -0.09550969809309972636, 5.997627385454422644, 56.88860515847668609 ) ) ;
#2634 = EDGE_LOOP ( 'NONE', ( #5806, #7879, #7312, #2335 ) ) ;
#2635 = CARTESIAN_POINT ( 'NONE',  ( -2.178076409583985296, 2.815988349062366947, 57.41483261898216028 ) ) ;
#2636 = CARTESIAN_POINT ( 'NONE',  ( -2.753142623081612506, 6.250228337607619089, -7.640553437002769677 ) ) ;
#2637 = CARTESIAN_POINT ( 'NONE',  ( 0.007169504595264699666, 10.43634966284205490, 51.31577092550524810 ) ) ;
#2638 = CARTESIAN_POINT ( 'NONE',  ( -5.505225393964553682, 2.157826817313444501, 49.93796368646646044 ) ) ;
#2639 = CARTESIAN_POINT ( 'NONE',  ( -0.6144665343598072482, 3.806929244377055710, 57.28729953333009917 ) ) ;
#2640 = CARTESIAN_POINT ( 'NONE',  ( -2.176566871444654883, 8.313569325862136594, 54.01059931328006769 ) ) ;
#2641 = CARTESIAN_POINT ( 'NONE',  ( 0.002646675626340684855, 10.39446331986900063, 51.51444689322612192 ) ) ;
#2642 = CARTESIAN_POINT ( 'NONE',  ( -5.364834764492690589, 5.003366455518602152, 51.25933768168647475 ) ) ;
#2643 = CARTESIAN_POINT ( 'NONE',  ( -2.690068126524827630, 3.660500425630765164, 56.90711731990691646 ) ) ;
#2644 = CARTESIAN_POINT ( 'NONE',  ( -5.800437711053497480, 4.020328500999492682, 50.96454024266920868 ) ) ;
#2645 = CARTESIAN_POINT ( 'NONE',  ( -1.870345559642409006, 9.413695229160037314, 52.63695414375356307 ) ) ;
#2646 = CARTESIAN_POINT ( 'NONE',  ( -3.744706353754344352, 7.401672012227239250, 53.22751032384756087 ) ) ;
#2647 = CARTESIAN_POINT ( 'NONE',  ( -0.3493601853848042893, 5.542712199366119030, 57.05414180533358603 ) ) ;
#2648 = CARTESIAN_POINT ( 'NONE',  ( -4.980792471730297599, 5.723982865471652026, 52.77402893561109209 ) ) ;
#2649 = CARTESIAN_POINT ( 'NONE',  ( -2.996750498529899165, 10.21896146514453463, 33.64196361946989811 ) ) ;
#2650 = CARTESIAN_POINT ( 'NONE',  ( -5.428906575793531530, 4.595064792372911988, 33.64132060001126234 ) ) ;
#2651 = CARTESIAN_POINT ( 'NONE',  ( -0.1733747507189221382, 11.02737242770303716, 31.92476976814537082 ) ) ;
#2652 = CARTESIAN_POINT ( 'NONE',  ( -1.677568771130795833, 7.359383588753703798, 55.38077684678815871 ) ) ;
#2653 = CARTESIAN_POINT ( 'NONE',  ( -0.5292802401834912907, 10.45264756353990876, 50.95933768168645628 ) ) ;
#2654 = CARTESIAN_POINT ( 'NONE',  ( -1.617859212804359403, 10.74660011559910622, 42.67430592763282249 ) ) ;
#2655 = CARTESIAN_POINT ( 'NONE',  ( -0.01497642036855677435, 4.357756684036848682, 57.51484533340087069 ) ) ;
#2656 = CARTESIAN_POINT ( 'NONE',  ( -2.368551562307625424, 8.021913317371618390, 54.16355084587064539 ) ) ;
#2657 = CARTESIAN_POINT ( 'NONE',  ( -0.002042905478386672097, 9.947136727235408316, 52.97609324179548196 ) ) ;
#2658 = CARTESIAN_POINT ( 'NONE',  ( -4.098068166717480310, 8.269320306152334155, 51.20961216480319678 ) ) ;
#2659 = CARTESIAN_POINT ( 'NONE',  ( -4.158527140959427548, 6.795741532360765724, 53.26014522169612064 ) ) ;
#2660 = CARTESIAN_POINT ( 'NONE',  ( -0.9782073081033205719, 9.524030861506469492, 53.34720297771647779 ) ) ;
#2661 = CARTESIAN_POINT ( 'NONE',  ( -3.567530452233874882, 8.617833278255590201, 50.26494113744220016 ) ) ;
#2662 = CARTESIAN_POINT ( 'NONE',  ( -5.264324467059177337, 5.528444889189453093, 4.137195633915276893 ) ) ;
#2663 = CARTESIAN_POINT ( 'NONE',  ( 0.08283019781534475823, 10.51135263143813958, 50.91700937215304634 ) ) ;
#2664 =( LENGTH_UNIT ( ) NAMED_UNIT ( * ) SI_UNIT ( $, .METRE. ) );
#2665 = CARTESIAN_POINT ( 'NONE',  ( -0.5528086160674260396, 9.372689564699870246, -0.5895757787818136642 ) ) ;
#2666 = CARTESIAN_POINT ( 'NONE',  ( -2.698668803061043953, 7.443704600501634516, 54.46065589832463161 ) ) ;
#2667 = CARTESIAN_POINT ( 'NONE',  ( -0.02052101220507315110, 10.49354281823830704, 51.01760249575171713 ) ) ;
#2668 = CARTESIAN_POINT ( 'NONE',  ( -4.666888869931038464, 3.976214395443874672, 54.84416929314925682 ) ) ;
#2669 = CARTESIAN_POINT ( 'NONE',  ( -4.319363691006829598, 4.285014415763847673, 55.15679543021776965 ) ) ;
#2670 = CARTESIAN_POINT ( 'NONE',  ( -4.444850845164395103, 6.328690045674778553, 53.25250571514659015 ) ) ;
#2671 = CARTESIAN_POINT ( 'NONE',  ( -1.684258243120955845, 9.921019086286129607, 51.55924193715956250 ) ) ;
#2672 = CARTESIAN_POINT ( 'NONE',  ( -2.141549312097298152, 9.348955629076421303, 51.13840404105682325 ) ) ;
#2673 = CARTESIAN_POINT ( 'NONE',  ( -4.988506664927602863, 7.219198203959932059, 10.78328626044557481 ) ) ;
#2674 = CARTESIAN_POINT ( 'NONE',  ( 0.02883935008434361513, 9.529278291251394251, 53.80298367545479721 ) ) ;
#2675 = CARTESIAN_POINT ( 'NONE',  ( -2.098488812743535728E-32, 1.562500000000000000, 57.50000000000000000 ) ) ;
#2676 = CARTESIAN_POINT ( 'NONE',  ( -3.514340878219150532, 7.875017461774135974, 52.98372765658236716 ) ) ;
#2677 = CARTESIAN_POINT ( 'NONE',  ( -0.1355697455957934339, 10.24272712931614926, 52.10938661951376361 ) ) ;
#2678 = FACE_OUTER_BOUND ( 'NONE', #4354, .T. ) ;
#2679 = CARTESIAN_POINT ( 'NONE',  ( -4.693587998599953792, 4.970438485219109026, 54.02379641974216895 ) ) ;
#2680 = CARTESIAN_POINT ( 'NONE',  ( -3.427693659083097533, 6.330006503455562594, -5.842804698905370131 ) ) ;
#2681 = CARTESIAN_POINT ( 'NONE',  ( 0.007207782841338297025, 9.947152339871333737, 52.97599496748039627 ) ) ;
#2682 = CARTESIAN_POINT ( 'NONE',  ( -5.514184492375941105, 3.642411538394236814, 15.73207038096549759 ) ) ;
#2683 = CARTESIAN_POINT ( 'NONE',  ( -1.761904655855559554, 8.884354597633130624, -1.788832589130989525 ) ) ;
#2684 = CARTESIAN_POINT ( 'NONE',  ( -2.326347762033523114, 8.832106193212480250, 53.13987258043007245 ) ) ;
#2685 = CARTESIAN_POINT ( 'NONE',  ( -0.01538999419107052978, 4.357760820065497143, 57.51482739276301004 ) ) ;
#2686 = CARTESIAN_POINT ( 'NONE',  ( -5.609132853036244981, 3.957742236149675907, 52.40671287169364234 ) ) ;
#2687 = CARTESIAN_POINT ( 'NONE',  ( -1.778272418223381779, 9.052435306428030515, 53.39277348221595787 ) ) ;
#2688 = CARTESIAN_POINT ( 'NONE',  ( -3.905335473708726468, 7.335745697038792201, 53.06771606704010225 ) ) ;
#2689 = CARTESIAN_POINT ( 'NONE',  ( -0.7607611171169605946, 10.14500349066980434, 52.02676046544670641 ) ) ;
#2690 = CARTESIAN_POINT ( 'NONE',  ( -4.889244864926363121, 5.644452297173016220, 53.05030612339042762 ) ) ;
#2691 = CARTESIAN_POINT ( 'NONE',  ( -0.01078311014073621114, 8.735581318670506690, 54.88715795676348819 ) ) ;
#2692 = CARTESIAN_POINT ( 'NONE',  ( -5.206643807934746349, 4.132111324128844743, -1.870489668339244238 ) ) ;
#2693 = CARTESIAN_POINT ( 'NONE',  ( -0.07547877036002421935, 6.179816552108036376, 56.45342218331835227 ) ) ;
#2694 = CARTESIAN_POINT ( 'NONE',  ( -2.205173175992221957, 9.103405166179028285, 52.82954884751515579 ) ) ;
#2695 = DIRECTION ( 'NONE',  ( -3.414809992080346871E-15, 0.000000000000000000, -1.000000000000000000 ) ) ;
#2696 = CARTESIAN_POINT ( 'NONE',  ( -1.509408256700798034, 10.84831267917938113, 31.92478196765425835 ) ) ;
#2697 = CARTESIAN_POINT ( 'NONE',  ( 0.004611557964390102134, 10.05976889273825670, 52.68965675872243537 ) ) ;
#2698 = CARTESIAN_POINT ( 'NONE',  ( -2.589747997180902317, 8.711236129176482379, 53.01421013281063210 ) ) ;
#2699 = CARTESIAN_POINT ( 'NONE',  ( -0.02132098661645139004, 6.382647608596444755, 56.68826949044547092 ) ) ;
#2700 = CARTESIAN_POINT ( 'NONE',  ( -1.982790644843419381, 4.399765329632131738, 56.96011739444346489 ) ) ;
#2701 = CARTESIAN_POINT ( 'NONE',  ( -4.417392461962378114, 7.124080186710992635, 52.42416055875728631 ) ) ;
#2702 = CARTESIAN_POINT ( 'NONE',  ( -0.9978188827958666129, 9.677793355448191193, 53.03172201447670631 ) ) ;
#2703 = CARTESIAN_POINT ( 'NONE',  ( -4.032166933428442235, 9.558026063189759114, 39.77277711988546827 ) ) ;
#2704 = CARTESIAN_POINT ( 'NONE',  ( -4.829321539777949646, 5.431803727523567105, -1.852834083645568564 ) ) ;
#2705 = CARTESIAN_POINT ( 'NONE',  ( -0.003977885823196368291, 9.185490385247151224, 53.59761724330346766 ) ) ;
#2706 = DIRECTION ( 'NONE',  ( -3.334775382890963969E-15, 0.000000000000000000, -1.000000000000000000 ) ) ;
#2707 = CARTESIAN_POINT ( 'NONE',  ( -0.7580217055919103997, 9.853723039624602720, 51.53582566859665803 ) ) ;
#2708 = CARTESIAN_POINT ( 'NONE',  ( -3.351686731168421751, 8.542504731801839668, 52.21038652797648894 ) ) ;
#2709 = CARTESIAN_POINT ( 'NONE',  ( -0.01919380215941833903, 10.37226748288849620, 51.61396325323063650 ) ) ;
#2710 = CARTESIAN_POINT ( 'NONE',  ( -5.595802542257999335, 4.606000385019246579, 51.82970326524220184 ) ) ;
#2711 = CARTESIAN_POINT ( 'NONE',  ( -4.576715846615418748, 6.480533885231028357, 52.86286267440150510 ) ) ;
#2712 = CARTESIAN_POINT ( 'NONE',  ( -1.643674204051200016, 9.778179638372540339, 52.05546217442911683 ) ) ;
#2713 = CARTESIAN_POINT ( 'NONE',  ( -0.4715838985969577069, 3.439661979296198879, -14.99999999999999822 ) ) ;
#2714 = CARTESIAN_POINT ( 'NONE',  ( -1.104989222250078118, 2.744704557731310057, -14.99999999999999112 ) ) ;
#2715 = CARTESIAN_POINT ( 'NONE',  ( 0.03306166667757208522, 9.753142600875520429, 53.39681135287298730 ) ) ;
#2716 = CARTESIAN_POINT ( 'NONE',  ( -0.3294420273159088253, 9.769502601704322942, 2.017849171901695993 ) ) ;
#2717 = CARTESIAN_POINT ( 'NONE',  ( -1.376793607108761863, 3.590160225147265294, 57.45708663419319606 ) ) ;
#2718 = CARTESIAN_POINT ( 'NONE',  ( -0.1424898826700262688, 10.50750264898963415, 50.91921078515389354 ) ) ;
#2719 = EDGE_LOOP ( 'NONE', ( #7100, #5255, #6411, #6624 ) ) ;
#2720 = CARTESIAN_POINT ( 'NONE',  ( -5.503952143248215023, 5.607666285924739924, 51.09412966648606869 ) ) ;
#2721 = CARTESIAN_POINT ( 'NONE',  ( -4.277067215034390912, 7.755029191105494490, 2.055681082942846682 ) ) ;
#2722 = CARTESIAN_POINT ( 'NONE',  ( 0.002893060737290461572, 9.363687692679711461, 54.06394720520511754 ) ) ;
#2723 = CARTESIAN_POINT ( 'NONE',  ( -0.8238069789168284141, 1.616629443147979295, 57.50000000000002132 ) ) ;
#2724 = CARTESIAN_POINT ( 'NONE',  ( -1.973218469135827213, 9.799386049010315958, 4.090600409664459924 ) ) ;
#2725 = CARTESIAN_POINT ( 'NONE',  ( -2.113741726500574458, 8.427642082505254706, 53.93124186109459117 ) ) ;
#2726 = CARTESIAN_POINT ( 'NONE',  ( -0.002496665274397089594, 9.580859144047527920, 53.71332534620963628 ) ) ;
#2727 = CARTESIAN_POINT ( 'NONE',  ( -5.415098811933038547, 3.868729830112421997, 53.21569510984840434 ) ) ;
#2728 = CARTESIAN_POINT ( 'NONE',  ( -1.788481324935665917, 9.507140828909452779, 52.54150058047671479 ) ) ;
#2729 = CARTESIAN_POINT ( 'NONE',  ( -3.119855351411835898, 6.345092737143855466, 55.00632083938232597 ) ) ;
#2730 = CARTESIAN_POINT ( 'NONE',  ( -0.5843068662443822170, 9.136071727500969075, 54.21373056142648750 ) ) ;
#2731 = CARTESIAN_POINT ( 'NONE',  ( -5.021640181000169179, 5.878861244050750834, 52.51734645609866448 ) ) ;
#2732 = CARTESIAN_POINT ( 'NONE',  ( 0.004743365999246918104, 10.43635001842219623, 51.31580987837156016 ) ) ;
#2733 = CARTESIAN_POINT ( 'NONE',  ( -5.481510081196843132, 4.615082375777880941, 10.78142182908989000 ) ) ;
#2734 = CARTESIAN_POINT ( 'NONE',  ( -0.1931498995565798793, 10.98913202788644128, 36.13039918408823326 ) ) ;
#2735 = CARTESIAN_POINT ( 'NONE',  ( -1.781093564508539728, 8.210225201435843445, 54.49859116404631720 ) ) ;
#2736 = CARTESIAN_POINT ( 'NONE',  ( -0.003977885823205168543, 10.50373983618910145, 50.95933768168647049 ) ) ;
#2737 = CARTESIAN_POINT ( 'NONE',  ( -1.578018474640220825, 10.82383523510145196, 37.31358630890157002 ) ) ;
#2738 = CARTESIAN_POINT ( 'NONE',  ( -0.004315191141149807459, 9.363667921741949840, 54.06376367673890115 ) ) ;
#2739 = CARTESIAN_POINT ( 'NONE',  ( -1.725726557558583396, 5.867959567279251942, 56.37613260170484608 ) ) ;
#2740 = CARTESIAN_POINT ( 'NONE',  ( -0.001756574833270356907, 10.41540922916817102, 51.41521157990283797 ) ) ;
#2741 = CARTESIAN_POINT ( 'NONE',  ( -5.185166365905373276, 3.832180120341316165, 53.90044955822554584 ) ) ;
#2742 = CARTESIAN_POINT ( 'NONE',  ( -3.019549753318077290, 6.458738538108507399, 55.01409531168480527 ) ) ;
#2743 = CARTESIAN_POINT ( 'NONE',  ( -4.080413389345346253, 6.981466557915140925, 53.18480933204651961 ) ) ;
#2744 = CARTESIAN_POINT ( 'NONE',  ( -0.9922525553432937073, 9.635706111367772664, 53.12279582005344736 ) ) ;
#2745 = CARTESIAN_POINT ( 'NONE',  ( -3.838367107923789323, 9.278054012786684623, 12.44851848110491588 ) ) ;
#2746 = CARTESIAN_POINT ( 'NONE',  ( -4.589612086713733774, 5.128072972714021738, -4.292993081247851173 ) ) ;
#2747 = CARTESIAN_POINT ( 'NONE',  ( 0.000000000000000000, 9.430994823076028766, 53.14862167523134673 ) ) ;
#2748 = CARTESIAN_POINT ( 'NONE',  ( -0.5669551134719199581, 9.523244132515928939, 0.4073487811594425634 ) ) ;
#2749 = CARTESIAN_POINT ( 'NONE',  ( -3.018676315017685408, 8.284334244277982151, 53.10504634647807620 ) ) ;
#2750 = CARTESIAN_POINT ( 'NONE',  ( -0.03324375195841175468, 6.382559546578264076, 56.68756476989575077 ) ) ;
#2751 = CARTESIAN_POINT ( 'NONE',  ( -5.501610909205656874, 4.562101756459825630, 52.32318906120539026 ) ) ;
#2752 = CARTESIAN_POINT ( 'NONE',  ( -4.956189296218872720, 6.581528258045900692, 51.84188235815376800 ) ) ;
#2753 = CARTESIAN_POINT ( 'NONE',  ( -0.4654264890206470384, 3.785584955212001557, 57.60051440374026299 ) ) ;
#2754 = CARTESIAN_POINT ( 'NONE',  ( -2.466552061245919081, 10.50896692340945826, 31.92479068158911559 ) ) ;
#2755 = CARTESIAN_POINT ( 'NONE',  ( -5.364469378106949904, 7.583614908212081396, 42.60041362997728243 ) ) ;
#2756 = CARTESIAN_POINT ( 'NONE',  ( 0.03528378560774978606, 9.864687782832914920, 53.16431047718526770 ) ) ;
#2757 = CARTESIAN_POINT ( 'NONE',  ( -0.5586361415055088875, 10.55658224773734410, 10.78748123099586387 ) ) ;
#2758 = CARTESIAN_POINT ( 'NONE',  ( -3.224565809554630569, 7.270729812428436745, 54.05456558593908767 ) ) ;
#2759 = CARTESIAN_POINT ( 'NONE',  ( -0.08699569765470616112, 9.841188924056202936, 53.21149863190802165 ) ) ;
#2760 = ORIENTED_EDGE ( 'NONE', *, *, #3692, .F. ) ;
#2761 = CARTESIAN_POINT ( 'NONE',  ( -4.989061563424349366, 5.369086249747249795, 53.08230870934073664 ) ) ;
#2762 = CARTESIAN_POINT ( 'NONE',  ( -3.881354612385820246, 7.086053640012528909, -2.444929058908463126 ) ) ;
#2763 = CARTESIAN_POINT ( 'NONE',  ( -0.004609728334601304565, 8.735592555751365396, 54.88745391025042863 ) ) ;
#2764 = CARTESIAN_POINT ( 'NONE',  ( -5.499964204202823836, 1.751673452720116320, 50.28120475749872043 ) ) ;
#2765 = CARTESIAN_POINT ( 'NONE',  ( -1.825368202021026898, 8.425088288854125196, -3.592383273272762079 ) ) ;
#2766 = CARTESIAN_POINT ( 'NONE',  ( 0.003847505516681046234, 10.30030594627058349, 51.91003183354457207 ) ) ;
#2767 = CARTESIAN_POINT ( 'NONE',  ( -5.215879597771557741, 3.750701581995999234, 53.88470565096034193 ) ) ;
#2768 = CARTESIAN_POINT ( 'NONE',  ( -3.470833756374102741, 7.059684191774953987, 53.96738925580289958 ) ) ;
#2769 = CARTESIAN_POINT ( 'NONE',  ( -0.5418149629356860952, 9.886369106609285140, 52.93357954630829454 ) ) ;
#2770 = CARTESIAN_POINT ( 'NONE',  ( -5.149166186727359040, 5.976864853198080141, 52.04399232049973989 ) ) ;
#2771 = CARTESIAN_POINT ( 'NONE',  ( 0.004476220014027639665, 10.47485028472037527, 51.11685979831337079 ) ) ;
#2772 = CARTESIAN_POINT ( 'NONE',  ( -5.701700313604370685, 4.506535791847052330, 42.56062546970137817 ) ) ;
#2773 = CARTESIAN_POINT ( 'NONE',  ( -0.02222647576129062677, 2.239641666085255611, 57.50000000000001421 ) ) ;
#2774 = CARTESIAN_POINT ( 'NONE',  ( -2.258802701521743117, 9.578156429815827266, 51.67888212360861644 ) ) ;
#2775 = CARTESIAN_POINT ( 'NONE',  ( -0.003977885823581003323, 6.670744854010663971, 56.53109094429324699 ) ) ;
#2776 = CARTESIAN_POINT ( 'NONE',  ( -1.546148262171377796, 10.83225844488233491, 34.88708690589931649 ) ) ;
#2777 = CARTESIAN_POINT ( 'NONE',  ( -0.2658779020674205684, 9.844247179509672208, 53.16498604558741903 ) ) ;
#2778 = CARTESIAN_POINT ( 'NONE',  ( -2.712218104866495949, 9.286293915229620666, 51.69343042883921413 ) ) ;
#2779 = CARTESIAN_POINT ( 'NONE',  ( -0.001389440635740457489, 10.37232685952743161, 51.61366781539228299 ) ) ;
#2780 = CARTESIAN_POINT ( 'NONE',  ( -2.082281297372233553, 3.988521495830987806, 57.06612395482588340 ) ) ;
#2781 = CARTESIAN_POINT ( 'NONE',  ( -3.827839070770549412, 8.044198570416282834, 52.22319688731998610 ) ) ;
#2782 = CARTESIAN_POINT ( 'NONE',  ( -0.1166085021546101053, 4.351003885875582178, 57.51035954727048249 ) ) ;
#2783 = CARTESIAN_POINT ( 'NONE',  ( -3.779892201856393186, 6.502638074804150570, 54.09942821272652225 ) ) ;
#2784 = CARTESIAN_POINT ( 'NONE',  ( -0.8136118352398430398, 9.754519643815177332, 53.02941895783352066 ) ) ;
#2785 = CARTESIAN_POINT ( 'NONE',  ( -3.514568378487393119, 9.387347794105751930, 9.118933636976512602 ) ) ;
#2786 = CARTESIAN_POINT ( 'NONE',  ( -4.719181903650361498, 5.289764472504117521, -3.101908432271234251 ) ) ;
#2787 = CARTESIAN_POINT ( 'NONE',  ( 0.000000000000000000, 9.884077511870094312, 51.92394022804067788 ) ) ;
#2788 = CARTESIAN_POINT ( 'NONE',  ( -5.379340216961452370, 1.562499999999997335, -5.899559286043423612 ) ) ;
#2789 = CARTESIAN_POINT ( 'NONE',  ( -0.6979420940802039119, 10.99505608403316970, 20.74939856452743214 ) ) ;
#2790 = CARTESIAN_POINT ( 'NONE',  ( -2.573499491175601062, 7.563330077360991055, 54.46689229863780213 ) ) ;
#2791 = CARTESIAN_POINT ( 'NONE',  ( -0.03260731364601821003, 10.49339908436340529, 51.01772423109861165 ) ) ;
#2792 = CARTESIAN_POINT ( 'NONE',  ( -5.296128151286358943, 4.009833263529134939, 53.46651072856391096 ) ) ;
#2793 = CARTESIAN_POINT ( 'NONE',  ( -1.822004553651933811, 3.182235468824094138, 57.43392838150126067 ) ) ;
#2794 = CARTESIAN_POINT ( 'NONE',  ( -0.7408220606843052281, 5.360046719860721787, 57.03182241297810151 ) ) ;
#2795 = CARTESIAN_POINT ( 'NONE',  ( -2.098488812743535728E-32, 1.562500000000000000, 57.50000000000000000 ) ) ;
#2796 = CARTESIAN_POINT ( 'NONE',  ( -2.164524554349582797, 3.784799185048240755, -13.01151732511666737 ) ) ;
#2797 = CARTESIAN_POINT ( 'NONE',  ( 0.02298813105216707467, 10.52831692101315753, 50.81809420734921900 ) ) ;
#2798 = CARTESIAN_POINT ( 'NONE',  ( -0.3973432551861099116, 10.00019658980764703, 4.077824299789230444 ) ) ;
#2799 = CARTESIAN_POINT ( 'NONE',  ( -3.870559722757125343, 8.651761692250600433, 50.89396603938933339 ) ) ;
#2800 = CARTESIAN_POINT ( 'NONE',  ( -0.08720604018459998663, 9.774062903960452076, 53.35045207675911172 ) ) ;
#2801 = EDGE_CURVE ( 'NONE', #6370, #3750, #4565, .T. ) ;
#2802 = ORIENTED_EDGE ( 'NONE', *, *, #2429, .T. ) ;
#2803 = CARTESIAN_POINT ( 'NONE',  ( -4.646150606901572111, 6.031367317489773505, 53.17142023357952496 ) ) ;
#2804 = CARTESIAN_POINT ( 'NONE',  ( -5.521876001162157266, 5.618975125622063693, 50.98642409080881066 ) ) ;
#2805 = CARTESIAN_POINT ( 'NONE',  ( -1.471685193143452253, 3.155753295867301578, 57.26377010061400341 ) ) ;
#2806 = CARTESIAN_POINT ( 'NONE',  ( 0.006674275853963540853, 9.906759011408921012, 53.07054727166549668 ) ) ;
#2807 = CARTESIAN_POINT ( 'NONE',  ( -5.355823156074387192, 2.104015563229022501, -5.893253220805862114 ) ) ;
#2808 = CARTESIAN_POINT ( 'NONE',  ( -2.188564732949250580, 9.952107820743655964, 6.171398302681954995 ) ) ;
#2809 = CARTESIAN_POINT ( 'NONE',  ( 0.004462178134748176830, 10.12738882159787579, 52.49664139384895378 ) ) ;
#2810 = CARTESIAN_POINT ( 'NONE',  ( -5.574543143965000169, 3.325744205552953581, 53.06123911431572537 ) ) ;
#2811 = CARTESIAN_POINT ( 'NONE',  ( -4.015235164937554835, 7.818901012999451616, 52.22766837350975067 ) ) ;
#2812 = CARTESIAN_POINT ( 'NONE',  ( -0.5013910980153830632, 9.163637856798274584, 54.21666803161815551 ) ) ;
#2813 = CARTESIAN_POINT ( 'NONE',  ( -4.709625453872559042, 5.590729590343980426, 53.45677097902113672 ) ) ;
#2814 = CARTESIAN_POINT ( 'NONE',  ( 0.004150948089755787662, 10.52831886127212968, 50.81825530780167810 ) ) ;
#2815 = CARTESIAN_POINT ( 'NONE',  ( -5.485961370605566323, 4.807823479272792078, 18.26131584442047995 ) ) ;
#2816 = CARTESIAN_POINT ( 'NONE',  ( -1.462434383211648364E-15, 1.562500000000000000, -14.99999999999999822 ) ) ;
#2817 = CARTESIAN_POINT ( 'NONE',  ( -1.981698172370298661, 9.051543337505174591, 53.17869215423679208 ) ) ;
#2818 = CARTESIAN_POINT ( 'NONE',  ( -1.667513007448199192, 10.83567544184800546, 24.06638344770400195 ) ) ;
#2819 = CARTESIAN_POINT ( 'NONE',  ( -0.2829027089544565166, 10.35541195396895198, 51.61891495887827119 ) ) ;
#2820 = CARTESIAN_POINT ( 'NONE',  ( -2.016151902877028501, 7.091512080684421626, 55.36204191319880863 ) ) ;
#2821 = CARTESIAN_POINT ( 'NONE',  ( -0.001443547634447649901, 9.776162778128796305, 53.35066357215210076 ) ) ;
#2822 = CARTESIAN_POINT ( 'NONE',  ( -3.030352337071306579, 3.983526000204927531, 56.54950572909628193 ) ) ;
#2823 = CARTESIAN_POINT ( 'NONE',  ( -3.953517097840554051, 8.232919718594562397, 51.62343109669905772 ) ) ;
#2824 = CARTESIAN_POINT ( 'NONE',  ( -0.3769948008297133724, 10.29306580079542499, 51.81930465530482621 ) ) ;
#2825 = CARTESIAN_POINT ( 'NONE',  ( -4.384994842582689678, 7.374732973267157377, 52.13696694844024648 ) ) ;
#2826 = CARTESIAN_POINT ( 'NONE',  ( -0.9698512752988247554, 10.16206654945384891, 51.73643001761757176 ) ) ;
#2827 = CARTESIAN_POINT ( 'NONE',  ( -3.332777585115220376, 7.616367116651942659, 52.71655773210907370 ) ) ;
#2828 = CARTESIAN_POINT ( 'NONE',  ( -4.946249740334315526, 4.676193223614610872, -3.117268242580098825 ) ) ;
#2829 = CARTESIAN_POINT ( 'NONE',  ( 0.000000000000000000, 10.95835215409945818, 39.80070177855562008 ) ) ;
#2830 = CARTESIAN_POINT ( 'NONE',  ( -5.499997045761379155, 1.562499999999998668, -0.2022392846348561313 ) ) ;
#2831 = CARTESIAN_POINT ( 'NONE',  ( -1.060042834842273907, 10.94220633149839550, 20.74944964414612514 ) ) ;
#2832 = CARTESIAN_POINT ( 'NONE',  ( -2.895687154339297020, 8.458099435332192328, 53.01895249779720132 ) ) ;
#2833 = CARTESIAN_POINT ( 'NONE',  ( -0.02016507054662964107, 4.780564228783565461, 57.38469582794514423 ) ) ;
#2834 = AXIS2_PLACEMENT_3D ( 'NONE', #676, #6653, #7343 ) ;
#2835 = CARTESIAN_POINT ( 'NONE',  ( -5.367488826434938964, 4.053793114853315949, 53.22208642843153825 ) ) ;
#2836 = CARTESIAN_POINT ( 'NONE',  ( -4.299699126796083348, 6.418664433150817139, 53.40565271913925471 ) ) ;
#2837 = CARTESIAN_POINT ( 'NONE',  ( -1.403117753944626012, 9.678796649713147460, 52.62356517840068193 ) ) ;
#2838 = CARTESIAN_POINT ( 'NONE',  ( -1.646778024470454627, 6.768993569749027550, -8.656285236188198340 ) ) ;
#2839 = CARTESIAN_POINT ( 'NONE',  ( -3.615454183651133580, 4.986362744282141435, 54.90112203604169139 ) ) ;
#2840 = CARTESIAN_POINT ( 'NONE',  ( 0.008919316651763826986, 6.000426257719904122, 56.89491621112465225 ) ) ;
#2841 = CARTESIAN_POINT ( 'NONE',  ( -0.3387265304563824575, 7.773451868206060489, -7.656489942640566149 ) ) ;
#2842 = CARTESIAN_POINT ( 'NONE',  ( -3.398010150655652595, 7.840655614496886194, 53.18900105085881336 ) ) ;
#2843 = CARTESIAN_POINT ( 'NONE',  ( -0.1340198778086394982, 10.15446582178900314, 52.40210314178089135 ) ) ;
#2844 = DIRECTION ( 'NONE',  ( -3.414809992080346871E-15, 0.000000000000000000, -1.000000000000000000 ) ) ;
#2845 = CARTESIAN_POINT ( 'NONE',  ( -4.100387852164105951, 5.366040684036210706, 54.64597597719839683 ) ) ;
#2846 = CARTESIAN_POINT ( 'NONE',  ( -5.466732027819673156, 5.584167501471040573, 51.30920207473863570 ) ) ;
#2847 = CARTESIAN_POINT ( 'NONE',  ( -4.527738338335588253, 8.470579889113205141, 33.64172248717289193 ) ) ;
#2848 = CARTESIAN_POINT ( 'NONE',  ( -0.007018264743341317939, 8.438646620393541298, 55.18289042433426772 ) ) ;
#2849 = CARTESIAN_POINT ( 'NONE',  ( -5.401523548497035421, 4.958826511266103410, 52.32719245199209013 ) ) ;
#2850 = CARTESIAN_POINT ( 'NONE',  ( -4.103114603633963853, 1.683612893157553803, 56.15278135931801984 ) ) ;
#2851 = CARTESIAN_POINT ( 'NONE',  ( -2.299206070100632715, 10.62453381843912936, 24.06669295083136717 ) ) ;
#2852 = CARTESIAN_POINT ( 'NONE',  ( 0.003190284818452905971, 9.966764585328748538, 52.92856161219371813 ) ) ;
#2853 = CARTESIAN_POINT ( 'NONE',  ( -5.802861678601239248, 3.385223621953826978, 51.61108847921546783 ) ) ;
#2854 = CARTESIAN_POINT ( 'NONE',  ( -1.698050083516004616, 3.768098604530448092, 57.30228927352617063 ) ) ;
#2855 = CARTESIAN_POINT ( 'NONE',  ( -0.5045021992208524875, 9.223251531615197507, 54.13353738580988050 ) ) ;
#2856 = CARTESIAN_POINT ( 'NONE',  ( -4.811489492371957333, 5.694467885855075018, 53.16433335562427942 ) ) ;
#2857 = CARTESIAN_POINT ( 'NONE',  ( 0.005361058430436556332, 10.09357963946587233, 52.59313206933860840 ) ) ;
#2858 = CARTESIAN_POINT ( 'NONE',  ( -4.981751256156868202, 3.512801083645136213, -5.877488057711954816 ) ) ;
#2859 = CARTESIAN_POINT ( 'NONE',  ( -1.331870891266091261, 6.172592048195245873, 56.39990699229974780 ) ) ;
#2860 = CARTESIAN_POINT ( 'NONE',  ( -1.748495111338453256, 10.43737015322603234, 46.39923033307741917 ) ) ;
#2861 = CARTESIAN_POINT ( 'NONE',  ( -0.2783543950760287156, 10.25598947063912192, 52.01409785513222062 ) ) ;
#2862 = CARTESIAN_POINT ( 'NONE',  ( -1.242799312486551067, 4.587841975268736050, 57.16600272367653446 ) ) ;
#2863 = CARTESIAN_POINT ( 'NONE',  ( 0.002279270333503159891, 10.15916140730102946, 52.39962978313285191 ) ) ;
#2864 = CARTESIAN_POINT ( 'NONE',  ( -0.003977885823185079578, 3.988646588841826102, 55.30765136534769510 ) ) ;
#2865 = CARTESIAN_POINT ( 'NONE',  ( -3.549063129578438947, 7.571375728537764971, 53.30792804715461841 ) ) ;
#2866 = CARTESIAN_POINT ( 'NONE',  ( -0.2536712243860452243, 9.224868102625505273, 54.22568132214303205 ) ) ;
#2867 = CARTESIAN_POINT ( 'NONE',  ( -3.473721599173066554, 6.264213953991253803, 54.70249374548578203 ) ) ;
#2868 = CARTESIAN_POINT ( 'NONE',  ( -0.9868039315923489152, 10.25781002453456914, 51.33697232567536872 ) ) ;
#2869 = AXIS2_PLACEMENT_3D ( 'NONE', #4629, #5273, #7201 ) ;
#2870 = CARTESIAN_POINT ( 'NONE',  ( -3.386998979437758184, 8.043357169107627769, -1.204752907988735133 ) ) ;
#2871 = CARTESIAN_POINT ( 'NONE',  ( -5.291434022461428910, 5.066190041057144100, 50.63778579586529816 ) ) ;
#2872 = CARTESIAN_POINT ( 'NONE',  ( -0.01221654376971878855, 6.184160877196126727, 56.45748489715617069 ) ) ;
#2873 = CARTESIAN_POINT ( 'NONE',  ( -0.3039778858232012881, 10.03879629643383176, 52.10921762787442191 ) ) ;
#2874 = CARTESIAN_POINT ( 'NONE',  ( -1.045768280592029198, 10.54521125466062337, 10.78714829682520460 ) ) ;
#2875 = CARTESIAN_POINT ( 'NONE',  ( -3.349891085652823008, 8.961770879363442077, 51.30073114296691728 ) ) ;
#2876 = CARTESIAN_POINT ( 'NONE',  ( -0.01919227465063651217, 4.357775504806365774, 57.51466612504013654 ) ) ;
#2877 = CARTESIAN_POINT ( 'NONE',  ( -5.161228529670115250, 3.922076901724281583, 53.89375826230246957 ) ) ;
#2878 = CARTESIAN_POINT ( 'NONE',  ( -4.090195910276782421, 6.127652436501994870, 54.00588994276917276 ) ) ;
#2879 = CARTESIAN_POINT ( 'NONE',  ( -0.5293584845532840477, 4.632176595947123054, 57.35925466484941637 ) ) ;
#2880 = CARTESIAN_POINT ( 'NONE',  ( -2.799143954861853079, 10.41968909528445231, 39.78250844033114220 ) ) ;
#2881 = CARTESIAN_POINT ( 'NONE',  ( -5.154948301461853788, 6.571826251150648446, 33.64152154359207714 ) ) ;
#2882 = CARTESIAN_POINT ( 'NONE',  ( 0.005457657447158452066, 4.780348902752202811, 57.38594804547378203 ) ) ;
#2883 = CARTESIAN_POINT ( 'NONE',  ( -1.462434383211648364E-15, 1.562500000000000000, -14.99999999999999822 ) ) ;
#2884 = CARTESIAN_POINT ( 'NONE',  ( -3.377343980119012823, 7.798312918555827977, 53.26952553650885847 ) ) ;
#2885 = AXIS2_PLACEMENT_3D ( 'NONE', #201, #5327, #765 ) ;
#2886 = CARTESIAN_POINT ( 'NONE',  ( -0.04375832411026186336, 9.681307494101917044, 53.53361449785955273 ) ) ;
#2887 = CARTESIAN_POINT ( 'NONE',  ( -4.767892925811695548, 6.028308165079650394, 52.93922260728771789 ) ) ;
#2888 = CARTESIAN_POINT ( 'NONE',  ( -2.033117049843725876, 9.922402002912360075, 50.96067173397362637 ) ) ;
#2889 = CARTESIAN_POINT ( 'NONE',  ( -4.865204507591803562, 5.256541839909282920, 53.44484876012365504 ) ) ;
#2890 = CARTESIAN_POINT ( 'NONE',  ( -4.690669600454157262, 8.111401031309297238, 33.64168229845665792 ) ) ;
#2891 = CARTESIAN_POINT ( 'NONE',  ( 0.01370472198372808988, 10.30030605097160468, 51.90980266529842879 ) ) ;
#2892 = CARTESIAN_POINT ( 'NONE',  ( -5.136205729230765904, 4.784717021516684099, 53.24723340648333192 ) ) ;
#2893 = CARTESIAN_POINT ( 'NONE',  ( -2.728188605883036022, 1.628702800020938479, 57.21578851233037000 ) ) ;
#2894 = CARTESIAN_POINT ( 'NONE',  ( -2.374057416792969555, 10.59505838826176216, 39.78547014655367775 ) ) ;
#2895 = CARTESIAN_POINT ( 'NONE',  ( -0.01916952590748423682, 5.601966964124603265, 57.07401952721821914 ) ) ;
#2896 = VERTEX_POINT ( 'NONE', #6501 ) ;
#2897 = CARTESIAN_POINT ( 'NONE',  ( -3.722268320776329187, 7.532848550262229992, 53.10830683835146004 ) ) ;
#2898 = CARTESIAN_POINT ( 'NONE',  ( -0.5327258577007959461, 9.739253462279162221, 53.25709467048232426 ) ) ;
#2899 = CARTESIAN_POINT ( 'NONE',  ( -2.520831302910437000, 3.383906415142357460, 57.08411521714781856 ) ) ;
#2900 = CARTESIAN_POINT ( 'NONE',  ( 0.003050420073745278415, 9.798720347908549400, 53.30432260116789678 ) ) ;
#2901 = CARTESIAN_POINT ( 'NONE',  ( -5.486996281919778617, 3.967329128220546952, 49.93885443171592442 ) ) ;
#2902 = CARTESIAN_POINT ( 'NONE',  ( -1.909243212249214006, 8.764269473603798488, 53.68795687564870889 ) ) ;
#2903 = FACE_OUTER_BOUND ( 'NONE', #2634, .T. ) ;
#2904 = CARTESIAN_POINT ( 'NONE',  ( -1.744295437833004447, 10.55503961675024982, 12.45179004443876281 ) ) ;
#2905 = CARTESIAN_POINT ( 'NONE',  ( -0.1748493254220168935, 9.671401301885655499, 53.53225611547335916 ) ) ;
#2906 = CARTESIAN_POINT ( 'NONE',  ( -2.312783776173716888, 8.138009488510423495, 54.08679919859345375 ) ) ;
#2907 = CARTESIAN_POINT ( 'NONE',  ( -0.02070950078280312315, 6.000603440530698940, 56.89311260413479943 ) ) ;
#2908 = CARTESIAN_POINT ( 'NONE',  ( -5.419125603020940041, 3.765886081855820411, 53.28477552702584319 ) ) ;
#2909 = CARTESIAN_POINT ( 'NONE',  ( -4.955737913789737270, 5.948076476587058181, 52.60594079977300197 ) ) ;
#2910 = CARTESIAN_POINT ( 'NONE',  ( -0.1829718052457807720, 6.369731462159112567, 56.67795603216313083 ) ) ;
#2911 = CARTESIAN_POINT ( 'NONE',  ( -4.335122446332140278, 7.315707082478497547, 52.32994035697208091 ) ) ;
#2912 = CARTESIAN_POINT ( 'NONE',  ( -0.9908362506896536415, 10.27965193978175229, 51.23652779987114769 ) ) ;
#2913 = CARTESIAN_POINT ( 'NONE',  ( -3.951952855216422034, 8.514661022676138558, 4.110140342414801751 ) ) ;
#2914 = CARTESIAN_POINT ( 'NONE',  ( -4.937786817912433790, 5.112068817089751249, -1.857247979818987593 ) ) ;
#2915 = CARTESIAN_POINT ( 'NONE',  ( -0.02726402987949708492, 10.44864015174538707, 48.58746441060475973 ) ) ;
#2916 = CARTESIAN_POINT ( 'NONE',  ( -5.124838953830201049, 5.557705952170663544, 50.95933768168647049 ) ) ;
#2917 = CARTESIAN_POINT ( 'NONE',  ( -1.139587910868365306, 10.91871424622689091, 33.64216456305049974 ) ) ;
#2918 = CARTESIAN_POINT ( 'NONE',  ( -2.861041555715638562, 8.371036250467277284, 53.18737108832566918 ) ) ;
#2919 = CARTESIAN_POINT ( 'NONE',  ( -0.01594805325048102504, 9.245812678036964272, 54.23317647785813733 ) ) ;
#2920 = CARTESIAN_POINT ( 'NONE',  ( -4.363488146186125682, 6.502063012788197760, 53.21758072530968064 ) ) ;
#2921 = CARTESIAN_POINT ( 'NONE',  ( -1.456318062915376466, 9.908076502274381525, 51.95082230411831148 ) ) ;
#2922 = CARTESIAN_POINT ( 'NONE',  ( -2.303214918561453217, 9.107844325281837072, 51.56384750188222910 ) ) ;
#2923 = CARTESIAN_POINT ( 'NONE',  ( -1.462434383211648364E-15, 1.562500000000000000, -14.99999999999999822 ) ) ;
#2924 = CARTESIAN_POINT ( 'NONE',  ( 0.04112509455218821275, 10.24723122259633001, 52.10573749712275315 ) ) ;
#2925 = B_SPLINE_CURVE_WITH_KNOTS ( 'NONE', 3,
 ( #2104, #4034, #7255, #4726, #5239, #5966, #5283, #4078, #7298, #31, #7908, #3258, #2705, #5326, #1287, #6610, #1374, #3991, #8501, #6694, #7169, #719, #1461, #3903, #5923, #3303, #3347, #7211, #6522, #807, #1330, #7950, #5409, #764, #73, #3431, #2061, #4683 ),
 .UNSPECIFIED., .F., .F.,
 ( 4, 2, 2, 2, 2, 2, 2, 2, 2, 2, 2, 2, 2, 2, 2, 2, 2, 2, 4 ),
 ( 0.000000000000000000, 0.02935031511516439026, 0.04402547267274628529, 0.05870063023032818378, 0.06236941961972364973, 0.06603820900911912262, 0.07337578778790954104, 0.08805094534549033625, 0.1027261029030711176, 0.1174012604606518989, 0.1247388392394425533, 0.1284076286288379221, 0.1320764180182333047, 0.1467515755758142248, 0.1761018906909757598, 0.2054522058061372947, 0.2127897845849275604, 0.2201273633637178540, 0.2348025209212984410 ),
 .UNSPECIFIED. ) ;
#2926 = CARTESIAN_POINT ( 'NONE',  ( -0.5585544625703519062, 10.99082147141000831, 33.64222484612484010 ) ) ;
#2927 = CARTESIAN_POINT ( 'NONE',  ( -3.503527196856546233, 8.043337004174263782, 52.76918259215253926 ) ) ;
#2928 = CARTESIAN_POINT ( 'NONE',  ( -0.04172001056511051575, 9.926297476871109637, 53.02364276950765287 ) ) ;
#2929 = CARTESIAN_POINT ( 'NONE',  ( -4.900028639921636398, 4.933295130069100587, 53.65192592986843323 ) ) ;
#2930 = CARTESIAN_POINT ( 'NONE',  ( -2.862084841067017660, 3.905637642962777711, 56.70355729538837863 ) ) ;
#2931 = CARTESIAN_POINT ( 'NONE',  ( -1.721903405934700482, 9.246178700327465805, 53.13170094855689030 ) ) ;
#2932 = CARTESIAN_POINT ( 'NONE',  ( -4.852427016315323804, 5.365111757600017128, 53.37545865059091454 ) ) ;
#2933 = CARTESIAN_POINT ( 'NONE',  ( -3.909965545804590104, 6.858123732346526502, 52.72561790161081774 ) ) ;
#2934 = CARTESIAN_POINT ( 'NONE',  ( 0.005935511029372580842, 9.305791948143189884, 54.14953918328672700 ) ) ;
#2935 = CARTESIAN_POINT ( 'NONE',  ( -0.004092278174715210590, 9.419523807711545516, 53.97705802576174960 ) ) ;
#2936 = CARTESIAN_POINT ( 'NONE',  ( -3.480900952471561727, 2.586307643348308982, 56.84102608532517564 ) ) ;
#2937 = CARTESIAN_POINT ( 'NONE',  ( -0.4091750357200964472, 7.408612349881687820, 55.97721275704575561 ) ) ;
#2938 = CARTESIAN_POINT ( 'NONE',  ( -4.374332903789428073, 4.543546339377944498, 54.88350051573024047 ) ) ;
#2939 = CARTESIAN_POINT ( 'NONE',  ( 0.005936296024231691067, 10.02392471889105252, 52.78559270341586540 ) ) ;
#2940 = CARTESIAN_POINT ( 'NONE',  ( -5.008163747185793824, 3.700903591975503559, 53.27792281145914188 ) ) ;
#2941 = CARTESIAN_POINT ( 'NONE',  ( -3.720131128575132173, 8.048716150620478516, 52.41029099093645982 ) ) ;
#2942 = CARTESIAN_POINT ( 'NONE',  ( -0.003977885822230022364, 4.190512482707760888, 57.55374408144549392 ) ) ;
#2943 = CARTESIAN_POINT ( 'NONE',  ( -1.214241927927319997, 7.821151582195508212, -6.559846959593810034 ) ) ;
#2944 = CARTESIAN_POINT ( 'NONE',  ( -0.2749604092163197566, 10.17067990054371585, 52.30749331473555941 ) ) ;
#2945 = CARTESIAN_POINT ( 'NONE',  ( -1.874201400390271832, 6.863158042277939686, 55.63884394001688349 ) ) ;
#2946 = CARTESIAN_POINT ( 'NONE',  ( 0.002153396854632073140, 10.27376503203665870, 52.00837105578136743 ) ) ;
#2947 = CARTESIAN_POINT ( 'NONE',  ( -1.258505765192628578, 10.03343211582610550, 51.25933768168647475 ) ) ;
#2948 = CARTESIAN_POINT ( 'NONE',  ( -5.135147629822729876, 6.090492937150058239, 51.94361714354445780 ) ) ;
#2949 = CARTESIAN_POINT ( 'NONE',  ( -0.1942809176248206926, 6.750522936361971205, 56.47215890315774800 ) ) ;
#2950 = CARTESIAN_POINT ( 'NONE',  ( -4.392097277481402884, 7.681509603241055473, 51.63099813972647922 ) ) ;
#2951 = CARTESIAN_POINT ( 'NONE',  ( -0.3679193305121633562, 4.704769066828885293, 57.36704399597537929 ) ) ;
#2952 = CARTESIAN_POINT ( 'NONE',  ( -3.170016123976520106, 7.302798177010875413, 53.32005942187437597 ) ) ;
#2953 = CARTESIAN_POINT ( 'NONE',  ( -5.417481494977394618, 5.509489546748068456, 15.73526691651526832 ) ) ;
#2954 = CARTESIAN_POINT ( 'NONE',  ( 0.000000000000000000, 9.779552821031902710, 2.014140161015306685 ) ) ;
#2955 = CARTESIAN_POINT ( 'NONE',  ( -2.034131381771116409, 8.487804888415624305, 53.93272212524806264 ) ) ;
#2956 = CARTESIAN_POINT ( 'NONE',  ( -0.9192339914560663239, 10.96512062414155686, 31.92477673929325732 ) ) ;
#2957 = CARTESIAN_POINT ( 'NONE',  ( -2.235302813984537007, 6.555811737105680770, 55.61575464882769637 ) ) ;
#2958 = CARTESIAN_POINT ( 'NONE',  ( -0.01278902071013009872, 9.529121650067461147, 53.80229122549722831 ) ) ;
#2959 = CARTESIAN_POINT ( 'NONE',  ( -4.103589941012997677, 6.426518264271218861, 53.71148036588320451 ) ) ;
#2960 = CARTESIAN_POINT ( 'NONE',  ( -0.4687300112134584196, 4.228987624992644356, 57.49490342837185608 ) ) ;
#2961 = CARTESIAN_POINT ( 'NONE',  ( -2.705329644963483826, 10.38753152290552251, 31.92479300530500552 ) ) ;
#2962 = CARTESIAN_POINT ( 'NONE',  ( -3.869636881894995550, 5.155712734840384392, -6.993551478725177795 ) ) ;
#2963 = CARTESIAN_POINT ( 'NONE',  ( 0.04291266403253184147, 10.51135711192655187, 50.91740712060492768 ) ) ;
#2964 = CARTESIAN_POINT ( 'NONE',  ( -0.3900342686105985335, 9.461889263379372750, 52.96316129153080965 ) ) ;
#2965 = CARTESIAN_POINT ( 'NONE',  ( -3.408379199338802845, 7.861718780967631659, 53.14854413333929273 ) ) ;
#2966 = CARTESIAN_POINT ( 'NONE',  ( -0.03894602242912810486, 5.191031098502892682, 57.22834153156732384 ) ) ;
#2967 = CARTESIAN_POINT ( 'NONE',  ( -2.210210401238172029, 3.262884652022924215, 57.27091496643185309 ) ) ;
#2968 = CARTESIAN_POINT ( 'NONE',  ( -1.757928960114319095, 9.392982293919223125, 52.81856785395086007 ) ) ;
#2969 = CARTESIAN_POINT ( 'NONE',  ( -4.927196031956576405, 5.435106394303263144, 53.15799358020819909 ) ) ;
#2970 = CARTESIAN_POINT ( 'NONE',  ( -4.719166157574062659, 8.049282973624288573, 20.75011832279086121 ) ) ;
#2971 = CARTESIAN_POINT ( 'NONE',  ( 0.01340627931318457908, 10.39446185085287766, 51.51424288618428449 ) ) ;
#2972 = CARTESIAN_POINT ( 'NONE',  ( -0.1497316967781177344, 8.015293919046998283, 55.10725835455281185 ) ) ;
#2973 = CARTESIAN_POINT ( 'NONE',  ( -5.193503893548872874, 4.827795264414700860, 53.06855608611567732 ) ) ;
#2974 = EDGE_CURVE ( 'NONE', #4441, #390, #8479, .T. ) ;
#2975 = CARTESIAN_POINT ( 'NONE',  ( 0.003842187144616089015, 10.39446315668625687, 51.51442422565457235 ) ) ;
#2976 = EDGE_LOOP ( 'NONE', ( #8390, #5938 ) ) ;
#2977 = CARTESIAN_POINT ( 'NONE',  ( -5.463702564544213658, 3.278965646871933703, 53.50614920860193990 ) ) ;
#2978 = CARTESIAN_POINT ( 'NONE',  ( -0.4453951025099813221, 9.805200773709289663, 53.16521222110630873 ) ) ;
#2979 = CARTESIAN_POINT ( 'NONE',  ( -4.837930869293296965, 4.992995308079335004, 53.72845973487802240 ) ) ;
#2980 = CARTESIAN_POINT ( 'NONE',  ( 0.0006916010008284938703, 9.632536053995831793, 53.62424567571950007 ) ) ;
#2981 = CARTESIAN_POINT ( 'NONE',  ( -4.941688066056197925, 3.183172226396538296, 53.91785418784873940 ) ) ;
#2982 = CARTESIAN_POINT ( 'NONE',  ( -3.532895627954293793, 7.724023783966877943, 53.14870203771678092 ) ) ;
#2983 = SHAPE_DEFINITION_REPRESENTATION ( #1781, #7520 ) ;
#2984 = CARTESIAN_POINT ( 'NONE',  ( -0.1489624250097452696, 2.192907741912164976, 57.50000000000000000 ) ) ;
#2985 = CARTESIAN_POINT ( 'NONE',  ( -0.1311830009684748499, 9.676499047479353521, 53.53277103268075621 ) ) ;
#2986 = CARTESIAN_POINT ( 'NONE',  ( -2.408564025580448575, 8.770639155267359044, 53.14090867455627887 ) ) ;
#2987 = CARTESIAN_POINT ( 'NONE',  ( -0.01288191660327417561, 8.735580043497146008, 54.88705463290000353 ) ) ;
#2988 = DIRECTION ( 'NONE',  ( -1.000000000000000000, 0.000000000000000000, 0.000000000000000000 ) ) ;
#2989 = CARTESIAN_POINT ( 'NONE',  ( -5.060449235153640757, 6.032568992682060482, 52.24008917880412639 ) ) ;
#2990 = CARTESIAN_POINT ( 'NONE',  ( -1.801111012617576224, 8.718878073977322174, 53.85512351786857010 ) ) ;
#2991 = CARTESIAN_POINT ( 'NONE',  ( -3.782889292820390104, 6.812814629553231249, 53.80200158207785677 ) ) ;
#2992 = CARTESIAN_POINT ( 'NONE',  ( -0.7257793872497959597, 9.827141131718223122, 52.93590273439981786 ) ) ;
#2993 = CARTESIAN_POINT ( 'NONE',  ( -4.863947338454874370, 5.498306530153373117, 53.23304844470087716 ) ) ;
#2994 = CARTESIAN_POINT ( 'NONE',  ( -4.368448121482883195, 8.836098588321744884, 34.88759810993741439 ) ) ;
#2995 = CARTESIAN_POINT ( 'NONE',  ( -5.335651918804883209, 5.562681574906892301, 24.06999431752289098 ) ) ;
#2996 = CARTESIAN_POINT ( 'NONE',  ( -0.03281180931602489109, 10.95835837555120840, 39.80049022811115123 ) ) ;
#2997 = CARTESIAN_POINT ( 'NONE',  ( -2.197050797066466110, 8.732371018225595805, 53.43587759531136072 ) ) ;
#2998 = CARTESIAN_POINT ( 'NONE',  ( -0.6404132051988901120, 10.01145664083031406, 50.95933768168649181 ) ) ;
#2999 = CARTESIAN_POINT ( 'NONE',  ( -0.09607709706564397656, 2.218074390402804852, 57.50000000000000000 ) ) ;
#3000 = CARTESIAN_POINT ( 'NONE',  ( -2.564705951876819601, 8.062147425600899808, 53.92157802270029521 ) ) ;
#3001 = CARTESIAN_POINT ( 'NONE',  ( -0.008640285757872744749, 9.864560598638071554, 53.16453448829386019 ) ) ;
#3002 = CARTESIAN_POINT ( 'NONE',  ( -4.269301453770760979, 6.659759856274472867, 53.22002616892039839 ) ) ;
#3003 = CARTESIAN_POINT ( 'NONE',  ( -1.490936790175466431, 10.04208435272360944, 51.45224648435209502 ) ) ;
#3004 = CARTESIAN_POINT ( 'NONE',  ( -1.816725181851744919, 6.637244446735989456, -8.653830459093361682 ) ) ;
#3005 = CARTESIAN_POINT ( 'NONE',  ( -5.250263631107836559, 6.630612369681686324, 36.12847122617780826 ) ) ;
#3006 = CARTESIAN_POINT ( 'NONE',  ( 0.04568261429898216874, 9.580992694650463548, 53.71400822192887858 ) ) ;
#3007 = CARTESIAN_POINT ( 'NONE',  ( -0.5926176318870580717, 10.96108380077812328, 37.31544388693439629 ) ) ;
#3008 = CARTESIAN_POINT ( 'NONE',  ( -3.373460225389657285, 8.183051548021703425, 52.76681596496143811 ) ) ;
#3009 = CARTESIAN_POINT ( 'NONE',  ( -0.04219779686008375691, 9.863924586621260815, 53.16464657296891261 ) ) ;
#3010 = CARTESIAN_POINT ( 'NONE',  ( -3.159365971114886040, 4.401068355957848510, 56.25902715353465311 ) ) ;
#3011 = CARTESIAN_POINT ( 'NONE',  ( -1.610546564748272846, 8.723082810796412900, 54.02244149774835336 ) ) ;
#3012 = CARTESIAN_POINT ( 'NONE',  ( -4.750369596909344239, 5.264690775834395708, 53.66661069008065255 ) ) ;
#3013 = CARTESIAN_POINT ( 'NONE',  ( -4.244082278178706424, 7.114742893347479225, -0.6047291514231136755 ) ) ;
#3014 = CARTESIAN_POINT ( 'NONE',  ( -0.009657337478556262539, 7.474392060061921583, 56.00393757503835701 ) ) ;
#3015 = CARTESIAN_POINT ( 'NONE',  ( -0.1672493297379710198, 8.848307001020355500, 54.15455687495478543 ) ) ;
#3016 = CARTESIAN_POINT ( 'NONE',  ( -5.265679570775443352, 4.650467971918318177, 53.02675297230662466 ) ) ;
#3017 = CARTESIAN_POINT ( 'NONE',  ( -5.403749950723703677, 3.449096355589767793, 53.58367609253589592 ) ) ;
#3018 = CARTESIAN_POINT ( 'NONE',  ( -0.4514883371967706172, 9.927620407454137208, 52.88558725094267743 ) ) ;
#3019 = CARTESIAN_POINT ( 'NONE',  ( -2.969208283129516346, 3.330615728431959965, 56.88510432732936550 ) ) ;
#3020 = CARTESIAN_POINT ( 'NONE',  ( 0.002059988449775697165, 9.729395345673472306, 53.44246455061102807 ) ) ;
#3021 = CARTESIAN_POINT ( 'NONE',  ( -5.505326387140170752, 3.572954375355149370, 7.859780694553099245 ) ) ;
#3022 = CARTESIAN_POINT ( 'NONE',  ( -3.543736674621574156, 7.744501553140761274, 53.10814026226731244 ) ) ;
#3023 = CARTESIAN_POINT ( 'NONE',  ( -2.098488812743535728E-32, 1.562500000000000000, 57.50000000000000000 ) ) ;
#3024 = CARTESIAN_POINT ( 'NONE',  ( -0.1806290051852790235, 10.14980965170522609, 52.40298989923559247 ) ) ;
#3025 = CARTESIAN_POINT ( 'NONE',  ( -0.9629152016830317962, 3.914825539399868770, 57.47555870249856724 ) ) ;
#3026 = CARTESIAN_POINT ( 'NONE',  ( -0.005061411334315366224, 9.419521127994476828, 53.97703600278273939 ) ) ;
#3027 = CARTESIAN_POINT ( 'NONE',  ( -2.991994759719675656, 3.972233710477663493, 56.05851637987122160 ) ) ;
#3028 = CARTESIAN_POINT ( 'NONE',  ( -4.929128284902935420, 5.925350042705770370, 52.69091885287023302 ) ) ;
#3029 = CARTESIAN_POINT ( 'NONE',  ( -1.776871769401733081, 8.610161331048256983, 54.01906789948501597 ) ) ;
#3030 = CARTESIAN_POINT ( 'NONE',  ( -2.475113159525684114, 4.759322044874134683, 56.52772134172233365 ) ) ;
#3031 = CARTESIAN_POINT ( 'NONE',  ( -0.8416610267717912208, 9.994513513620699285, 52.41823551414284310 ) ) ;
#3032 = CARTESIAN_POINT ( 'NONE',  ( -4.684727510500034775, 5.318455810211821344, 53.74338700040190275 ) ) ;
#3033 = CARTESIAN_POINT ( 'NONE',  ( -4.341021037706781271, 8.814458841680279377, 33.64176267588897673 ) ) ;
#3034 = CARTESIAN_POINT ( 'NONE',  ( -5.415413371853262881, 5.331737189178846315, 20.75056410855416189 ) ) ;
#3035 = CARTESIAN_POINT ( 'NONE',  ( -0.02300244435613167313, 7.473905103619087775, -8.677150841494096767 ) ) ;
#3036 = CARTESIAN_POINT ( 'NONE',  ( -2.408583070823896222, 9.370792466183566205, 51.98390708703678342 ) ) ;
#3037 = CARTESIAN_POINT ( 'NONE',  ( -3.270186609314976511, 8.617394713239145076, 50.95933768168646338 ) ) ;
#3038 = CARTESIAN_POINT ( 'NONE',  ( -1.378790716799387583, 10.39926621991638456, 9.116976945306623392 ) ) ;
#3039 = CARTESIAN_POINT ( 'NONE',  ( -2.367243343696462166, 7.442728372602380738, 54.77533285117705475 ) ) ;
#3040 = CARTESIAN_POINT ( 'NONE',  ( -0.009462641914331796841, 9.580822525913008647, 53.71324008591200538 ) ) ;
#3041 = CARTESIAN_POINT ( 'NONE',  ( -3.629819405060824344, 5.701763472417004763, 54.96268954560407138 ) ) ;
#3042 = CARTESIAN_POINT ( 'NONE',  ( -1.257555487225954227, 9.997404967583086943, 51.94404942157434846 ) ) ;
#3043 = CARTESIAN_POINT ( 'NONE',  ( -3.313629928737038099, 9.995139612239109184, 28.18555384209001602 ) ) ;
#3044 = CARTESIAN_POINT ( 'NONE',  ( -2.028075783114436703, 7.161078220359286206, -6.993444955067997348 ) ) ;
#3045 = CARTESIAN_POINT ( 'NONE',  ( -3.186140444317811848, 4.489625107400649462, -9.968636074482740028 ) ) ;
#3046 = CARTESIAN_POINT ( 'NONE',  ( 0.01851595113626815226, 6.000369441944888749, 56.89550012586616390 ) ) ;
#3047 = CARTESIAN_POINT ( 'NONE',  ( -4.854774945767787564, 2.026567475027734933, -8.589024343790322646 ) ) ;
#3048 = CARTESIAN_POINT ( 'NONE',  ( -0.6050793726894430069, 10.93661884470060386, 39.79689387055512384 ) ) ;
#3049 = CARTESIAN_POINT ( 'NONE',  ( -2.238671734135463165, 5.809313123849617178, 56.11077588178140019 ) ) ;
#3050 = CARTESIAN_POINT ( 'NONE',  ( -0.04501598698759706751, 9.528396957237914577, 53.80179180749366452 ) ) ;
#3051 = CARTESIAN_POINT ( 'NONE',  ( -5.076641237717513633, 4.074319029015685878, 53.97471360322963108 ) ) ;
#3052 = CARTESIAN_POINT ( 'NONE',  ( -4.015824583351867538, 5.500397263408711268, 54.65456874470886817 ) ) ;
#3053 = CARTESIAN_POINT ( 'NONE',  ( -1.792292739786057965, 9.898924566572114614, 51.46166299016230994 ) ) ;
#3054 = CARTESIAN_POINT ( 'NONE',  ( -3.486869089629449636, 3.977976688569003105, 56.22697132267809650 ) ) ;
#3055 = CARTESIAN_POINT ( 'NONE',  ( -3.493085893595066160, 6.208317412393616230, 54.02271270721817586 ) ) ;
#3056 = CARTESIAN_POINT ( 'NONE',  ( 0.01358777448508568554, 10.18912535727503688, 52.30186338967916981 ) ) ;
#3057 = CARTESIAN_POINT ( 'NONE',  ( -0.07291662966391655731, 4.052086855879121430, 57.30044833396552661 ) ) ;
#3058 = CARTESIAN_POINT ( 'NONE',  ( -5.411252049943041875, 4.737939837612620941, 52.50586006786777205 ) ) ;
#3059 = EDGE_CURVE ( 'NONE', #6109, #2896, #3236, .T. ) ;
#3060 = CARTESIAN_POINT ( 'NONE',  ( -5.496496862993344834, 3.494012057838254748, 53.23704245601500418 ) ) ;
#3061 = CARTESIAN_POINT ( 'NONE',  ( -0.1855479135281671299, 4.336494747660104565, 57.50721413230890988 ) ) ;
#3062 = CARTESIAN_POINT ( 'NONE',  ( -5.130870234826302223, 5.128378030045011471, 52.96306522372818648 ) ) ;
#3063 = CARTESIAN_POINT ( 'NONE',  ( 0.006848612789591679816, 10.18912216906831780, 52.30202078787720410 ) ) ;
#3064 = CARTESIAN_POINT ( 'NONE',  ( -5.448244177777755937, 3.464323451605494597, 2.092276657021877373 ) ) ;
#3065 = CARTESIAN_POINT ( 'NONE',  ( -1.736338393797442814, 9.851288817658184982, 49.94241741271395085 ) ) ;
#3066 = CARTESIAN_POINT ( 'NONE',  ( -0.1881737188806260619, 10.40716923010082162, 51.41821236222694580 ) ) ;
#3067 = CARTESIAN_POINT ( 'NONE',  ( -2.487970466838417050, 8.999838231487824913, 52.65469669231893590 ) ) ;
#3068 = CARTESIAN_POINT ( 'NONE',  ( -0.006454958430022597615, 9.305758475987280676, 54.14919180178085156 ) ) ;
#3069 = CARTESIAN_POINT ( 'NONE',  ( -0.3833361976411667205, 3.988624880072083378, 57.14579025067474305 ) ) ;
#3070 = CARTESIAN_POINT ( 'NONE',  ( -4.745474734178112719, 5.753448025861023218, 53.23978085289303408 ) ) ;
#3071 = CARTESIAN_POINT ( 'NONE',  ( -5.722269167427828762, 3.573444672372405595, 52.12362684619594688 ) ) ;
#3072 = CARTESIAN_POINT ( 'NONE',  ( -2.099589016578852885, 9.445166885361176767, 52.26633588538293651 ) ) ;
#3073 = CARTESIAN_POINT ( 'NONE',  ( -3.377707905228219953, 6.385668350779654112, 54.71009584206456822 ) ) ;
#3074 = CARTESIAN_POINT ( 'NONE',  ( -0.8701952102576551162, 10.19520773515963619, 51.73341681806240899 ) ) ;
#3075 = CARTESIAN_POINT ( 'NONE',  ( -4.914309881835670524, 5.545120567425344760, 53.08631453948361667 ) ) ;
#3076 = CARTESIAN_POINT ( 'NONE',  ( -3.991085349466133358, 8.024443956671555966, 50.61938203242517886 ) ) ;
#3077 = CARTESIAN_POINT ( 'NONE',  ( -5.281930958936888132, 4.647232725951933929, 51.20874533751432267 ) ) ;
#3078 = CARTESIAN_POINT ( 'NONE',  ( -0.06640795443306532486, 9.883046601330047309, 51.92553612760066528 ) ) ;
#3079 = CARTESIAN_POINT ( 'NONE',  ( -2.396031858692096339, 9.337538359863961190, 52.08161208529073605 ) ) ;
#3080 = DIRECTION ( 'NONE',  ( -3.414809992080346871E-15, 0.000000000000000000, -1.000000000000000000 ) ) ;
#3081 = CARTESIAN_POINT ( 'NONE',  ( -1.000785546043558849, 9.366404357083114363, 52.69088725185390132 ) ) ;
#3082 = CARTESIAN_POINT ( 'NONE',  ( -2.689934370839133226, 8.430571241333316479, 53.31126500682388070 ) ) ;
#3083 = CARTESIAN_POINT ( 'NONE',  ( -0.004866706232570202836, 9.947125725885859637, 52.97611806973470294 ) ) ;
#3084 = CARTESIAN_POINT ( 'NONE',  ( -4.719448391957199007, 7.169257779156201771, 51.63450002537759076 ) ) ;
#3085 = CARTESIAN_POINT ( 'NONE',  ( -1.286916641618910839, 10.12767977098280703, 51.44594278131133791 ) ) ;
#3086 = CARTESIAN_POINT ( 'NONE',  ( -2.887136949206175807, 8.458280789371967145, -1.199248996482667362 ) ) ;
#3087 = CARTESIAN_POINT ( 'NONE',  ( -2.402756081665112564, 8.111254851652258679, -3.607964139507473078 ) ) ;
#3088 = CARTESIAN_POINT ( 'NONE',  ( -5.141797963993548493, 6.485932266989739681, 24.06937531126828134 ) ) ;
#3089 = CARTESIAN_POINT ( 'NONE',  ( 0.07030293974212270536, 9.927089622061380680, 53.02263490118515676 ) ) ;
#3090 = CARTESIAN_POINT ( 'NONE',  ( -5.500001435629069846, 1.562499999999999778, 4.170263212415861176 ) ) ;
#3091 = CARTESIAN_POINT ( 'NONE',  ( -0.6404792971329980045, 9.981441441597867836, 51.11957531018689593 ) ) ;
#3092 = CARTESIAN_POINT ( 'NONE',  ( -3.332716820407362057, 8.102705524985102770, 52.93918066989650839 ) ) ;
#3093 = CARTESIAN_POINT ( 'NONE',  ( -0.03859658101917324419, 9.005932287054863039, 54.56925166651925707 ) ) ;
#3094 = CARTESIAN_POINT ( 'NONE',  ( -2.101349866986503834, 2.369049104822447571, 57.53233512699216590 ) ) ;
#3095 = CARTESIAN_POINT ( 'NONE',  ( -3.625469407276838307, 4.982070107261907133, 55.49498456819612358 ) ) ;
#3096 = CARTESIAN_POINT ( 'NONE',  ( -1.617159035167212933, 9.234338171563132747, 53.26207397060291981 ) ) ;
#3097 = CARTESIAN_POINT ( 'NONE',  ( -5.182611638120325104, 5.636778916998504307, 52.33292297518362091 ) ) ;
#3098 = CARTESIAN_POINT ( 'NONE',  ( -3.770935584539117258, 5.873414656532765399, -5.849110764142916530 ) ) ;
#3099 = CARTESIAN_POINT ( 'NONE',  ( -0.009397086989456437597, 4.780483089612606484, 57.38521983183991182 ) ) ;
#3100 = CARTESIAN_POINT ( 'NONE',  ( -0.2294673939755038639, 9.211826167797745768, -1.768970056350603670 ) ) ;
#3101 = CARTESIAN_POINT ( 'NONE',  ( -5.670216127401842776, 4.867896489374586189, 51.08436146667276034 ) ) ;
#3102 = VERTEX_POINT ( 'NONE', #2642 ) ;
#3103 = CARTESIAN_POINT ( 'NONE',  ( -4.853591553729843966, 3.169196882992796560, 55.07748358342517037 ) ) ;
#3104 = CARTESIAN_POINT ( 'NONE',  ( -0.3978450518357967147, 8.677803653174438026, 54.86744747896531038 ) ) ;
#3105 = CARTESIAN_POINT ( 'NONE',  ( -5.381535458677350725, 5.293539909362101170, 52.03982925270230453 ) ) ;
#3106 = CARTESIAN_POINT ( 'NONE',  ( 0.007910832591113855367, 10.15916455519454509, 52.39950281188223613 ) ) ;
#3107 = CARTESIAN_POINT ( 'NONE',  ( -1.462434383211648364E-15, 1.562500000000000000, -14.99999999999999822 ) ) ;
#3108 = CARTESIAN_POINT ( 'NONE',  ( -1.866741871084759197, 10.20895452725999419, 7.838455118064685756 ) ) ;
#3109 = CARTESIAN_POINT ( 'NONE',  ( -0.1316574345972247595, 9.859277295200220337, 53.16484180689890593 ) ) ;
#3110 = CARTESIAN_POINT ( 'NONE',  ( -2.415765083428376592, 8.792683971299624091, 53.09805910635138559 ) ) ;
#3111 = CARTESIAN_POINT ( 'NONE',  ( -0.001642770054558570329, 9.682056702598144327, 53.53393432548465825 ) ) ;
#3112 = CARTESIAN_POINT ( 'NONE',  ( -0.003977885823205168543, 0.1805908214217741559, 50.95933768168647049 ) ) ;
#3113 = CARTESIAN_POINT ( 'NONE',  ( -5.233708461933042067, 6.293546650744102244, 51.31604495958171697 ) ) ;
#3114 = CARTESIAN_POINT ( 'NONE',  ( -5.247299987483097894, 3.566180806923231028, 53.94702643639013928 ) ) ;
#3115 = CARTESIAN_POINT ( 'NONE',  ( -2.232350754660866965, 9.820135210898959244, 50.96576891141684484 ) ) ;
#3116 = CARTESIAN_POINT ( 'NONE',  ( -2.630278571174140545, 5.015980414554961797, 56.30728980336126455 ) ) ;
#3117 = CARTESIAN_POINT ( 'NONE',  ( -0.8887469966132398591, 10.31113341080618540, 51.23386779158752802 ) ) ;
#3118 = CARTESIAN_POINT ( 'NONE',  ( -3.588617103206647840, 4.249128265288094397, 55.98698620974339235 ) ) ;
#3119 = CARTESIAN_POINT ( 'NONE',  ( -3.873711379124440857, 7.662714795703671200, -0.6023828227560727999 ) ) ;
#3120 = CARTESIAN_POINT ( 'NONE',  ( -2.098488812743535728E-32, 1.562500000000000000, 57.50000000000000000 ) ) ;
#3121 = CARTESIAN_POINT ( 'NONE',  ( -1.462434383211648364E-15, 1.562500000000000000, -14.99999999999999822 ) ) ;
#3122 = CARTESIAN_POINT ( 'NONE',  ( -2.357612330240420828, 9.233836423153714890, 52.37034496489553703 ) ) ;
#3123 = CARTESIAN_POINT ( 'NONE',  ( -5.848281619364382067, 3.450217402071735773, 50.95933768168646338 ) ) ;
#3124 = CARTESIAN_POINT ( 'NONE',  ( -1.215571978910386930, 9.944740530706255299, 4.084588122664348120 ) ) ;
#3125 = CARTESIAN_POINT ( 'NONE',  ( -3.084320759310596571, 8.877175127666300014, 52.00603190553394484 ) ) ;
#3126 = CARTESIAN_POINT ( 'NONE',  ( -0.01483399004343944477, 3.927348800916650617, 57.61768903847695356 ) ) ;
#3127 = CARTESIAN_POINT ( 'NONE',  ( -4.545530864134288862, 6.987227851738504469, 52.33324174806071483 ) ) ;
#3128 = CARTESIAN_POINT ( 'NONE',  ( -0.6283565546689676706, 6.215606283872809001, 56.64848823731831118 ) ) ;
#3129 = CARTESIAN_POINT ( 'NONE',  ( -2.505345613213112888, 7.567852170712289883, -5.014006517465093182 ) ) ;
#3130 = CARTESIAN_POINT ( 'NONE',  ( -4.765617139959203108, 5.817448318015300046, -1.226768554013004442 ) ) ;
#3131 = CARTESIAN_POINT ( 'NONE',  ( 0.07276756049287060046, 10.02402237116792350, 52.78449203097909503 ) ) ;
#3132 = CARTESIAN_POINT ( 'NONE',  ( -5.188117799427740096, 1.562500000000027311, 53.86542492816391103 ) ) ;
#3133 = CARTESIAN_POINT ( 'NONE',  ( -0.4576964771921644970, 9.533795836738070406, 0.4071010221633007964 ) ) ;
#3134 = CARTESIAN_POINT ( 'NONE',  ( -3.044496482258777892, 7.884453044303151081, 53.59289031142188264 ) ) ;
#3135 = CARTESIAN_POINT ( 'NONE',  ( -0.03526239713517430319, 9.419078446135737082, 53.97644237530439426 ) ) ;
#3136 = CARTESIAN_POINT ( 'NONE',  ( -5.407362402422418057, 4.293815791633977419, 52.90575460549801079 ) ) ;
#3137 = CARTESIAN_POINT ( 'NONE',  ( -5.086835580701020376, 6.433383923101603230, 51.63461638422471367 ) ) ;
#3138 = CARTESIAN_POINT ( 'NONE',  ( -1.775922977554356352, 9.845790289615138136, 51.66283951558208543 ) ) ;
#3139 = CARTESIAN_POINT ( 'NONE',  ( -3.563297332577255450, 5.605603975532968519, -6.993530173993741883 ) ) ;
#3140 = CARTESIAN_POINT ( 'NONE',  ( 0.01747768719827937425, 9.798757972207537748, 53.30431791890001136 ) ) ;
#3141 = CARTESIAN_POINT ( 'NONE',  ( -0.2600626674608697564, 9.615633329189114065, 52.68333711060238045 ) ) ;
#3142 = CARTESIAN_POINT ( 'NONE',  ( -2.834976196113363489, 3.013236074385103436, 57.06153171116581291 ) ) ;
#3143 = ORIENTED_EDGE ( 'NONE', *, *, #3167, .T. ) ;
#3144 = CARTESIAN_POINT ( 'NONE',  ( -0.2316854196960343726, 5.163114288120161710, 57.21752731916085821 ) ) ;
#3145 = CARTESIAN_POINT ( 'NONE',  ( -5.249386030769178646, 5.445009019585516086, 52.33147604568933531 ) ) ;
#3146 = CLOSED_SHELL ( 'NONE', ( #7367, #909, #7104, #8434, #724, #1547, #3954, #3432, #1826, #8006, #7718, #1166, #2283, #4058, #8157, #2173, #4321, #5213 ) ) ;
#3147 = CARTESIAN_POINT ( 'NONE',  ( 0.007299113149587747873, 10.41540616495290195, 51.41506357433279106 ) ) ;
#3148 = CARTESIAN_POINT ( 'NONE',  ( -5.210663832485176172, 2.758015909920622732, 53.26819897828619332 ) ) ;
#3149 = CARTESIAN_POINT ( 'NONE',  ( -1.879549239865243804, 10.75389812141845525, 28.18522858477082238 ) ) ;
#3150 = CARTESIAN_POINT ( 'NONE',  ( -2.161625852245721902, 8.258631006034617528, 54.09073566342303252 ) ) ;
#3151 = CARTESIAN_POINT ( 'NONE',  ( -0.0003512542774754220964, 9.776165695785975274, 53.35066507591917428 ) ) ;
#3152 = DIRECTION ( 'NONE',  ( 3.335730344018426891E-15, 0.000000000000000000, 1.000000000000000000 ) ) ;
#3153 = CARTESIAN_POINT ( 'NONE',  ( -4.399224291461097280, 5.615416117751204972, 53.98207606676562165 ) ) ;
#3154 = CARTESIAN_POINT ( 'NONE',  ( -5.462708797431138130, 3.683666545371527601, 53.20930379126527043 ) ) ;
#3155 = CARTESIAN_POINT ( 'NONE',  ( -2.223280402737928263, 9.795534269179906772, 51.06767556019627818 ) ) ;
#3156 = CARTESIAN_POINT ( 'NONE',  ( -3.857706250840105433, 7.259132768101096644, 53.22654263910843042 ) ) ;
#3157 = CARTESIAN_POINT ( 'NONE',  ( -0.3628882043508692146, 5.121904792887602476, 57.21015280116924373 ) ) ;
#3158 = CARTESIAN_POINT ( 'NONE',  ( -5.171919818096050392, 5.749447751300431619, 52.23884768108528931 ) ) ;
#3159 = CARTESIAN_POINT ( 'NONE',  ( -0.4185994638328038309, 2.016015623993378636, 57.50000000000000000 ) ) ;
#3160 = CARTESIAN_POINT ( 'NONE',  ( -3.698093528890909809, 3.707447408516737486, -9.953519889150946653 ) ) ;
#3161 = CARTESIAN_POINT ( 'NONE',  ( -0.06860914212091571984, 9.985449935972001256, 51.52231514183399241 ) ) ;
#3162 = CARTESIAN_POINT ( 'NONE',  ( -2.435689691416830449, 9.737197182707481247, 50.86850488687262839 ) ) ;
#3163 = CARTESIAN_POINT ( 'NONE',  ( -4.186717370275593098, 8.284733874349349492, 50.95933768168648470 ) ) ;
#3164 = CARTESIAN_POINT ( 'NONE',  ( -0.8392880622960490200, 8.424708961280000352, -4.980718135717046025 ) ) ;
#3165 = CARTESIAN_POINT ( 'NONE',  ( -2.893486651797667619, 8.936489176828652958, 52.19633963125932041 ) ) ;
#3166 = CARTESIAN_POINT ( 'NONE',  ( -0.003995520801079349357, 10.32524374677256596, 51.81152994586198446 ) ) ;
#3167 = EDGE_CURVE ( 'NONE', #6370, #4441, #1388, .T. ) ;
#3168 = CARTESIAN_POINT ( 'NONE',  ( -3.686444208338393924, 7.643641650357598571, 53.02662320126643891 ) ) ;
#3169 = CARTESIAN_POINT ( 'NONE',  ( -4.146046390918592728, 6.777802762616552457, 53.29826519869384782 ) ) ;
#3170 = CARTESIAN_POINT ( 'NONE',  ( -0.5438176040176961878, 5.462091977863591907, 57.04276766051292924 ) ) ;
#3171 = CARTESIAN_POINT ( 'NONE',  ( -0.6310485051995601280, 3.279230871262440505, -14.99999999999999822 ) ) ;
#3172 = CARTESIAN_POINT ( 'NONE',  ( -5.302603919695543233, 6.131585404565921493, 12.44398862418119300 ) ) ;
#3173 = CARTESIAN_POINT ( 'NONE',  ( 0.05428845952500082478, 9.246052588762921687, 54.23527671763935842 ) ) ;
#3174 = CARTESIAN_POINT ( 'NONE',  ( -4.943010643116644509, 1.562500000000008216, 54.73382299493155756 ) ) ;
#3175 = CARTESIAN_POINT ( 'NONE',  ( -0.7094745129935660088, 10.33692368319140797, 7.835206299771540372 ) ) ;
#3176 = CARTESIAN_POINT ( 'NONE',  ( -3.353051735699652092, 8.143465081281073381, 52.85394672713097464 ) ) ;
#3177 = CARTESIAN_POINT ( 'NONE',  ( -0.04131186442577444023, 8.438170982667982045, 55.18122252378532977 ) ) ;
#3178 = CARTESIAN_POINT ( 'NONE',  ( -5.173082152047059346, 4.142649439981909154, 53.68778358433128517 ) ) ;
#3179 = CARTESIAN_POINT ( 'NONE',  ( -5.271849703999366810, 5.110351157336211259, 52.59749865574778482 ) ) ;
#3180 = CARTESIAN_POINT ( 'NONE',  ( -4.775226962537779229, 6.418171861791323707, 52.51918310463921813 ) ) ;
#3181 = CARTESIAN_POINT ( 'NONE',  ( -1.704123632868622007, 9.596615494368490928, 52.44436150649479345 ) ) ;
#3182 = CARTESIAN_POINT ( 'NONE',  ( -4.849050435389428593, 7.579101467955651650, 10.78355260778209868 ) ) ;
#3183 = CARTESIAN_POINT ( 'NONE',  ( 0.01569061861810540706, 9.947169273516777821, 52.97589746795921428 ) ) ;
#3184 = CARTESIAN_POINT ( 'NONE',  ( -0.4028714730064708593, 10.94799141106741835, 39.79816317322195829 ) ) ;
#3185 = CARTESIAN_POINT ( 'NONE',  ( -5.590000120004889439, 4.828863335538312818, 51.62249105756411893 ) ) ;
#3186 = CARTESIAN_POINT ( 'NONE',  ( -3.698259458728761384, 8.013516170252078297, 52.50348000643174373 ) ) ;
#3187 = ORIENTED_EDGE ( 'NONE', *, *, #4854, .F. ) ;
#3188 = CARTESIAN_POINT ( 'NONE',  ( -0.1883350918394390006, 5.174067489374889917, 57.21999708497074977 ) ) ;
#3189 = CARTESIAN_POINT ( 'NONE',  ( -2.447773222360947187, 3.004354574954243962, 57.25605484841846504 ) ) ;
#3190 = CARTESIAN_POINT ( 'NONE',  ( 0.006594365647167319336, 9.985822439625829716, 52.88087209928967525 ) ) ;
#3191 = CARTESIAN_POINT ( 'NONE',  ( -5.407588762552834716, 2.823994161294693050, 52.10268097875992765 ) ) ;
#3192 = CARTESIAN_POINT ( 'NONE',  ( -1.556439218761858090, 9.389979014225501075, 51.95585821924053249 ) ) ;
#3193 = CARTESIAN_POINT ( 'NONE',  ( -2.624320840637778041, 9.625493517238037811, 50.87277488706479289 ) ) ;
#3194 = CARTESIAN_POINT ( 'NONE',  ( 0.001799578964112463720, 10.43635025562265106, 51.31585850806264659 ) ) ;
#3195 = CARTESIAN_POINT ( 'NONE',  ( -2.279077347020471045, 2.116919096343826467, 57.52356320442878257 ) ) ;
#3196 = CARTESIAN_POINT ( 'NONE',  ( -4.741224333134264057, 6.002183402526747535, 53.01809753400761593 ) ) ;
#3197 = CARTESIAN_POINT ( 'NONE',  ( -5.735263880943391790, 3.786114331433468205, 51.82326306852971243 ) ) ;
#3198 = CARTESIAN_POINT ( 'NONE',  ( -2.124860297406470977, 9.848024814962402118, 51.06504783106264256 ) ) ;
#3199 = CARTESIAN_POINT ( 'NONE',  ( -4.183868918728747666, 7.728224638503056632, 52.03499312244314723 ) ) ;
#3200 = CARTESIAN_POINT ( 'NONE',  ( -0.6662673380102090981, 10.20235483292882428, 51.92573816909251860 ) ) ;
#3201 = CARTESIAN_POINT ( 'NONE',  ( -4.876330406526877326, 5.632678631935944757, 53.08825011403683902 ) ) ;
#3202 = CARTESIAN_POINT ( 'NONE',  ( -4.983080091332232620, 4.453150155207318051, 52.74977835361561063 ) ) ;
#3203 = CARTESIAN_POINT ( 'NONE',  ( -0.02194066638793375906, 8.342874795951257028, -5.798924994960646728 ) ) ;
#3204 = CARTESIAN_POINT ( 'NONE',  ( -1.739345046318648391, 7.630357622035377929, 55.09122664250397605 ) ) ;
#3205 = CARTESIAN_POINT ( 'NONE',  ( -3.711832313712907450, 8.779482304355427758, 50.95933768168650602 ) ) ;
#3206 = CARTESIAN_POINT ( 'NONE',  ( -1.170559715015210500, 10.80962206775080325, 15.74538927908972852 ) ) ;
#3207 = CARTESIAN_POINT ( 'NONE',  ( -2.497385365955704817, 8.438020877876347470, 53.51828817337604960 ) ) ;
#3208 = CARTESIAN_POINT ( 'NONE',  ( -0.02429192993108723886, 7.474373465269773753, 56.00303714043830183 ) ) ;
#3209 = CARTESIAN_POINT ( 'NONE',  ( -3.275161592305276592, 6.834842498038248948, 54.42800978068134299 ) ) ;
#3210 = CARTESIAN_POINT ( 'NONE',  ( -3.660678024316034396, 6.016382118822409808, 54.68698127498193884 ) ) ;
#3211 = CARTESIAN_POINT ( 'NONE',  ( -0.4485297054290718344, 4.669395205789128589, 57.36313334430103339 ) ) ;
#3212 = CARTESIAN_POINT ( 'NONE',  ( -3.681361184322774260, 9.780984894260962292, 37.30912812162267045 ) ) ;
#3213 = CARTESIAN_POINT ( 'NONE',  ( -4.476435050019045292, 5.225488282393161654, 53.29412920008033439 ) ) ;
#3214 = CARTESIAN_POINT ( 'NONE',  ( 0.06810231567013008691, 9.843405163073814634, 53.21108526231325442 ) ) ;
#3215 = CARTESIAN_POINT ( 'NONE',  ( -5.498817540604379772, 1.762408381607085239, 2.107112700567426611 ) ) ;
#3216 = CARTESIAN_POINT ( 'NONE',  ( -0.1560431800136893032, 3.692152178645928817, -15.00000000000000000 ) ) ;
#3217 = CARTESIAN_POINT ( 'NONE',  ( -3.294643592222096462, 8.434107833966818291, 52.49342251470499576 ) ) ;
#3218 = CARTESIAN_POINT ( 'NONE',  ( -0.03636644308410494353, 5.601839260312369007, 57.07306417025804279 ) ) ;
#3219 = CARTESIAN_POINT ( 'NONE',  ( -5.355787828904432502, 4.264034546809324588, 53.08860838468898891 ) ) ;
#3220 = CARTESIAN_POINT ( 'NONE',  ( -4.858704298002720634, 4.780231735376302638, 53.86566392276048276 ) ) ;
#3221 = CARTESIAN_POINT ( 'NONE',  ( -4.764630866722011859, 6.669342750997870439, 52.24011134031302106 ) ) ;
#3222 = CARTESIAN_POINT ( 'NONE',  ( -1.026456332613306710, 5.986881896222318922, 56.62474166397390007 ) ) ;
#3223 = B_SPLINE_CURVE_WITH_KNOTS ( 'NONE', 3,
 ( #328, #4331, #8204, #5659, #1672, #2276, #2916, #6826, #3562, #4207, #6782, #6950, #288, #4247, #4288, #8165, #981, #2315, #1065, #4976, #3684, #6305, #412, #2237, #7513, #1631, #3037, #6866, #3604, #4936, #6908, #1024, #3644, #8284, #6265, #4812, #4855, #7431, #1548, #370, #8245, #5620, #5495, #8123, #2998, #2357, #894, #3519, #6138, #245 ),
 .UNSPECIFIED., .F., .F.,
 ( 4, 2, 2, 2, 2, 2, 2, 2, 2, 2, 2, 2, 2, 2, 2, 2, 2, 2, 2, 2, 2, 2, 2, 2, 4 ),
 ( 0.04796802095947443750, 0.07778173050378257847, 0.09268858527593666630, 0.1075954400480907402, 0.1225022948202448281, 0.1299557222063218442, 0.1336824358993603523, 0.1374091495923988604, 0.1523160043645527817, 0.1672228591367067307, 0.1821297139088606798, 0.1858564276018991324, 0.1895831412949375849, 0.1970365686810145178, 0.2119434234531683559, 0.2268502782253221939, 0.2305769919183606187, 0.2343037056113990435, 0.2417571329974759764, 0.2566639877696297867, 0.2641174151557066918, 0.2678441288487451999, 0.2715708425417836525, 0.2790242699278606131, 0.2864776973139375738 ),
 .UNSPECIFIED. ) ;
#3224 = CARTESIAN_POINT ( 'NONE',  ( -4.442851132305048800, 6.875046955031370643, -0.1965802255830344791 ) ) ;
#3225 = CARTESIAN_POINT ( 'NONE',  ( 0.01508794881395521259, 9.906777891663976376, 53.07047497733751840 ) ) ;
#3226 = CARTESIAN_POINT ( 'NONE',  ( -0.3139941624187180813, 11.06119363703284897, 28.18490332745168203 ) ) ;
#3227 = CARTESIAN_POINT ( 'NONE',  ( -2.244085876120221368, 4.994173527950399816, 56.54647691921550745 ) ) ;
#3228 = EDGE_LOOP ( 'NONE', ( #8472, #2548 ) ) ;
#3229 = CARTESIAN_POINT ( 'NONE',  ( -5.061985989550750631, 5.310157172496770883, 52.96686544227976867 ) ) ;
#3230 = CARTESIAN_POINT ( 'NONE',  ( -0.005346052816151863549, 9.006429749191045886, 54.57044543651389290 ) ) ;
#3231 = CARTESIAN_POINT ( 'NONE',  ( -5.411781771733806146, 2.163091093659609943, 52.48652607320714480 ) ) ;
#3232 = CARTESIAN_POINT ( 'NONE',  ( -1.570278194565629892, 8.808308224818595988, 53.14091233185830987 ) ) ;
#3233 = VECTOR ( 'NONE', #720, 39.37007874015748143 ) ;
#3234 = CARTESIAN_POINT ( 'NONE',  ( -2.085838203637849553, 7.977154293905433846, 54.48740777121324896 ) ) ;
#3235 = CARTESIAN_POINT ( 'NONE',  ( 0.001941584842315642687, 9.906748385649990496, 53.07058794504992960 ) ) ;
#3236 = LINE ( 'NONE', #5135, #912 ) ;
#3237 = CARTESIAN_POINT ( 'NONE',  ( -3.592188517175096241, 4.631651783934654709, 55.74235234219919732 ) ) ;
#3238 = CARTESIAN_POINT ( 'NONE',  ( -5.839321098053919634, 3.597885434463010679, 50.95949929102839349 ) ) ;
#3239 = CARTESIAN_POINT ( 'NONE',  ( -1.212855897004576855, 6.256844080038318268, 56.40679655043779661 ) ) ;
#3240 = CARTESIAN_POINT ( 'NONE',  ( -3.721897764292603661, 7.361462698981698694, 53.30588034893201410 ) ) ;
#3241 = CARTESIAN_POINT ( 'NONE',  ( -0.7745432887582982540, 10.24903769149360322, 51.63131672097182445 ) ) ;
#3242 = CARTESIAN_POINT ( 'NONE',  ( -1.777977925060789666, 2.730342080590984821, 57.54722826786073853 ) ) ;
#3243 = CARTESIAN_POINT ( 'NONE',  ( -2.928545311621873370, 10.03833034230943433, 12.45002843341289456 ) ) ;
#3244 = CARTESIAN_POINT ( 'NONE',  ( -4.752936517497105662, 3.713344211796164807, -6.581328107597395949 ) ) ;
#3245 = CARTESIAN_POINT ( 'NONE',  ( -0.1349813460846802093, 9.878503124545654046, 51.92713202716064558 ) ) ;
#3246 = CARTESIAN_POINT ( 'NONE',  ( -1.939727572707947933, 8.492976988221418111, 54.01572375432702700 ) ) ;
#3247 = CARTESIAN_POINT ( 'NONE',  ( -1.191085750028289869, 10.27448301315652301, 50.95933768168649891 ) ) ;
#3248 = CARTESIAN_POINT ( 'NONE',  ( -1.530126587740141542, 10.83783867106871490, 33.64212437433445047 ) ) ;
#3249 = CARTESIAN_POINT ( 'NONE',  ( 0.003523041992565343478, 10.52831892590552521, 50.81826067798009916 ) ) ;
#3250 = APPLICATION_CONTEXT ( 'automotive_design' ) ;
#3251 = CARTESIAN_POINT ( 'NONE',  ( -2.551304409656409700, 8.601177195173248080, 53.22715809658418351 ) ) ;
#3252 = CARTESIAN_POINT ( 'NONE',  ( -0.01088998716482125588, 9.006415251042515280, 54.57022214514633873 ) ) ;
#3253 = CARTESIAN_POINT ( 'NONE',  ( -3.663814297277998122, 7.603957519837389434, 53.10830772367707198 ) ) ;
#3254 = CARTESIAN_POINT ( 'NONE',  ( -3.293410339574313284, 5.420444476510438037, 55.52799163192847942 ) ) ;
#3255 = CARTESIAN_POINT ( 'NONE',  ( -0.9894579878523899197, 9.613889513460417646, 53.16792839059320386 ) ) ;
#3256 = CARTESIAN_POINT ( 'NONE',  ( -2.524009476880355596, 6.937700307920304788, -6.565905744928147492 ) ) ;
#3257 = CARTESIAN_POINT ( 'NONE',  ( -5.335477071751674849, 5.784730672065656165, 34.88805251352697212 ) ) ;
#3258 = CARTESIAN_POINT ( 'NONE',  ( -0.003977885823196648449, 9.235064322643818713, 53.51375311609786678 ) ) ;
#3259 = CARTESIAN_POINT ( 'NONE',  ( -5.331452439535565802, 1.562500000000001776, 53.10376731378804749 ) ) ;
#3260 = CARTESIAN_POINT ( 'NONE',  ( -0.6509042904961492848, 10.19178022624745061, 6.162745761169429848 ) ) ;
#3261 = CARTESIAN_POINT ( 'NONE',  ( -2.616488881442442072, 7.212049069867813245, 54.76143349151444539 ) ) ;
#3262 = CARTESIAN_POINT ( 'NONE',  ( -0.04496947733554379489, 10.51092149144851717, 50.91822883947143907 ) ) ;
#3263 = CARTESIAN_POINT ( 'NONE',  ( -4.224543118241411044, 3.655042470675737842, 55.66930694088145515 ) ) ;
#3264 = CARTESIAN_POINT ( 'NONE',  ( -5.009093039772056777, 4.912852617376977982, 53.43175944211392903 ) ) ;
#3265 = CARTESIAN_POINT ( 'NONE',  ( -4.603759101452377323, 6.509232354234188556, 52.77978592385046142 ) ) ;
#3266 = CARTESIAN_POINT ( 'NONE',  ( -1.009705925659215353, 7.125162421997318418, 55.93846519713648036 ) ) ;
#3267 = CARTESIAN_POINT ( 'NONE',  ( -1.792666841313899306, 7.758873777322405907, -5.819156954264498083 ) ) ;
#3268 = CARTESIAN_POINT ( 'NONE',  ( -4.002391659584028538, 6.482790133066767879, 52.96820635551508616 ) ) ;
#3269 = CARTESIAN_POINT ( 'NONE',  ( 0.003192971091366795817, 7.130095235712017754, 56.25624873782620483 ) ) ;
#3270 = CARTESIAN_POINT ( 'NONE',  ( -0.3166889250507293196, 10.23956193212103116, 49.94313000891351351 ) ) ;
#3271 = CARTESIAN_POINT ( 'NONE',  ( -3.779337427651722869, 8.321013303221135970, 51.82400779016892756 ) ) ;
#3272 = CARTESIAN_POINT ( 'NONE',  ( -0.1770076502567387855, 9.916777217245702047, 53.02446631943601574 ) ) ;
#3273 = EDGE_LOOP ( 'NONE', ( #7141, #268 ) ) ;
#3274 = VECTOR ( 'NONE', #5316, 39.37007874015748143 ) ;
#3275 = CARTESIAN_POINT ( 'NONE',  ( -5.351751054456106438, 5.392707075220959823, 52.04057361283224026 ) ) ;
#3276 = CARTESIAN_POINT ( 'NONE',  ( -0.01352891198550549949, 4.357742207875554108, 57.51490812555418586 ) ) ;
#3277 = CARTESIAN_POINT ( 'NONE',  ( -5.516498741298986985, 3.271418947013722711, 12.43996208469341980 ) ) ;
#3278 = CARTESIAN_POINT ( 'NONE',  ( -0.6742360187557187023, 3.768186045836762865, 57.28591544905272315 ) ) ;
#3279 = CARTESIAN_POINT ( 'NONE',  ( -2.361236614544480084, 8.939759976563159682, 52.92202435026423046 ) ) ;
#3280 = CARTESIAN_POINT ( 'NONE',  ( 0.0005721113207862195665, 9.843235170804534917, 53.21133807141485761 ) ) ;
#3281 = CARTESIAN_POINT ( 'NONE',  ( -5.057567017936071885, 3.742139358039792363, 53.08325158426657708 ) ) ;
#3282 = CARTESIAN_POINT ( 'NONE',  ( -4.835872278328814389, 5.967146132743594400, 52.85880807013052163 ) ) ;
#3283 = CARTESIAN_POINT ( 'NONE',  ( -5.325753189675427102, 3.817234111684725040, 53.52943232958828190 ) ) ;
#3284 = CARTESIAN_POINT ( 'NONE',  ( -1.406257893028419526, 7.218344947586733618, 55.66544361065411550 ) ) ;
#3285 = CARTESIAN_POINT ( 'NONE',  ( -4.112723034572438152, 7.634244868441824039, 52.32575411564398848 ) ) ;
#3286 = CARTESIAN_POINT ( 'NONE',  ( -0.4293920700823102288, 6.687351657406501282, 56.45570363773374822 ) ) ;
#3287 = CARTESIAN_POINT ( 'NONE',  ( -2.059565896990067202, 2.942475774079199358, 57.42118087952191274 ) ) ;
#3288 = CARTESIAN_POINT ( 'NONE',  ( -2.902196196021650021, 8.849343543971192716, 51.14906181324739975 ) ) ;
#3289 = CARTESIAN_POINT ( 'NONE',  ( -4.400409710862816404, 3.589658896484073658, 54.82942244699457035 ) ) ;
#3290 = CARTESIAN_POINT ( 'NONE',  ( -0.04871190459813935086, 9.320588524371814287, -1.175169383643617893 ) ) ;
#3291 = VECTOR ( 'NONE', #619, 39.37007874015748143 ) ;
#3292 = CARTESIAN_POINT ( 'NONE',  ( -2.017561473340451883, 8.805104839192292587, 53.52032407797165092 ) ) ;
#3293 = CARTESIAN_POINT ( 'NONE',  ( -0.003977885823526419382, 5.082060096069830557, 57.27129290888890267 ) ) ;
#3294 = CARTESIAN_POINT ( 'NONE',  ( -0.9347996952676117521, 7.805096059128382890, -6.993397019422279648 ) ) ;
#3295 = CARTESIAN_POINT ( 'NONE',  ( 0.004813103867419770560, 10.09357908140093585, 52.59314308977492658 ) ) ;
#3296 = CARTESIAN_POINT ( 'NONE',  ( -2.450132395020947929, 8.288873900860794564, 53.76364513944071888 ) ) ;
#3297 = CARTESIAN_POINT ( 'NONE',  ( -0.0008605030698443480626, 10.09357754483798253, 52.59324366669404327 ) ) ;
#3298 = CARTESIAN_POINT ( 'NONE',  ( -4.040023142447121351, 8.185966349146703180, 51.52138335589496165 ) ) ;
#3299 = CARTESIAN_POINT ( 'NONE',  ( -4.543973773214107226, 7.265965181348938984, 51.94093923706784466 ) ) ;
#3300 = CARTESIAN_POINT ( 'NONE',  ( -1.054672963623482618, 10.04346053341798495, 52.03575824286124885 ) ) ;
#3301 = CARTESIAN_POINT ( 'NONE',  ( -1.206777699719932428, 3.378119621394026328, 57.27207460627849400 ) ) ;
#3302 = CARTESIAN_POINT ( 'NONE',  ( -5.337665068054551654, 5.661467034012591881, 7.854449300430998093 ) ) ;
#3303 = CARTESIAN_POINT ( 'NONE',  ( -0.003977885823189938538, 7.447627660667393457, 55.52576670259374936 ) ) ;
#3304 = CARTESIAN_POINT ( 'NONE',  ( -5.284271341239889175, 1.562499999999999778, -6.590140886265538178 ) ) ;
#3305 = CARTESIAN_POINT ( 'NONE',  ( -0.8130848928727403280, 10.94986993039962364, 36.13023417868147646 ) ) ;
#3306 = CARTESIAN_POINT ( 'NONE',  ( -3.370171206804966069, 8.576771469386015312, 52.11274109790727493 ) ) ;
#3307 = CARTESIAN_POINT ( 'NONE',  ( -0.01820509458631188252, 10.24716465199126070, 52.10706263992168630 ) ) ;
#3308 = CARTESIAN_POINT ( 'NONE',  ( -5.374972303832309173, 4.495901063030511402, 52.83403252761447533 ) ) ;
#3309 = CARTESIAN_POINT ( 'NONE',  ( -3.461017175496933440, 3.572940325607706580, 56.43884455979061698 ) ) ;
#3310 = CARTESIAN_POINT ( 'NONE',  ( -4.509912944664010048, 6.405976509778186667, 53.06222707677292760 ) ) ;
#3311 = CARTESIAN_POINT ( 'NONE',  ( -1.635216045829614329, 9.747435028797879042, 52.15332337734958656 ) ) ;
#3312 = CARTESIAN_POINT ( 'NONE',  ( -2.262181808081900503, 9.612074419453048080, 49.94215018913903492 ) ) ;
#3313 = CARTESIAN_POINT ( 'NONE',  ( -4.057106068603873794, 5.801149962939428306, -5.058391026462459195 ) ) ;
#3314 = CARTESIAN_POINT ( 'NONE',  ( 0.01019709300399724607, 8.141706723104620735, 55.47947926844264543 ) ) ;
#3315 = CARTESIAN_POINT ( 'NONE',  ( -0.3017690107630460195, 9.098721604720328315, -2.363233502663853347 ) ) ;
#3316 = CARTESIAN_POINT ( 'NONE',  ( -2.815581492808358455, 6.341062209631224356, 55.30736460109513786 ) ) ;
#3317 = CARTESIAN_POINT ( 'NONE',  ( -0.08690563073029962393, 10.05797449292587586, 52.69097469064865180 ) ) ;
#3318 = ORIENTED_EDGE ( 'NONE', *, *, #6475, .T. ) ;
#3319 = CARTESIAN_POINT ( 'NONE',  ( -5.281982641405787327, 5.348755113353167445, 52.33071393541628424 ) ) ;
#3320 = CARTESIAN_POINT ( 'NONE',  ( -3.728875260253237123, 7.119875503509051740, 52.72259784511012981 ) ) ;
#3321 = CARTESIAN_POINT ( 'NONE',  ( 0.009024892857061140444, 10.15916525466607823, 52.39947744163487897 ) ) ;
#3322 = EDGE_CURVE ( 'NONE', #390, #517, #7751, .T. ) ;
#3323 = CARTESIAN_POINT ( 'NONE',  ( -2.098488812743535728E-32, 1.562500000000000000, 57.50000000000000000 ) ) ;
#3324 = CARTESIAN_POINT ( 'NONE',  ( -1.528235875416854128, 7.908396881373038312, -5.816003921645712005 ) ) ;
#3325 = CARTESIAN_POINT ( 'NONE',  ( -2.146468322524147432, 8.202335663608780081, 54.17007008498107723 ) ) ;
#3326 = CARTESIAN_POINT ( 'NONE',  ( 0.002317886388221347769, 9.985815067150408453, 52.88093216582731060 ) ) ;
#3327 = CARTESIAN_POINT ( 'NONE',  ( -5.168859205069363583, 3.697843503221433181, 52.72541695724108024 ) ) ;
#3328 = CARTESIAN_POINT ( 'NONE',  ( -5.096704942692539042, 3.677183335776091688, 54.24241735585566460 ) ) ;
#3329 = CARTESIAN_POINT ( 'NONE',  ( -2.107008975111577254, 9.797743584570358877, 51.26836485207296334 ) ) ;
#3330 = CARTESIAN_POINT ( 'NONE',  ( -4.415459845960681307, 8.026285114530432807, 50.89789892808858696 ) ) ;
#3331 = CARTESIAN_POINT ( 'NONE',  ( -0.6224434217361292099, 9.711504335701077295, 53.25706359364735221 ) ) ;
#3332 = CARTESIAN_POINT ( 'NONE',  ( -4.385042939552166175, 5.231526772566956751, 54.33750543007360534 ) ) ;
#3333 = CARTESIAN_POINT ( 'NONE',  ( -0.01927079676358547586, 6.000593141665991226, 56.89320095456957915 ) ) ;
#3334 = CARTESIAN_POINT ( 'NONE',  ( -1.462434383211648364E-15, 1.562500000000000000, -14.99999999999999822 ) ) ;
#3335 = CARTESIAN_POINT ( 'NONE',  ( -0.07401084506517541239, 10.00648365600870626, 4.074818156289173210 ) ) ;
#3336 = CARTESIAN_POINT ( 'NONE',  ( -2.243755548840801861, 9.220638964232293233, 52.55558009422948373 ) ) ;
#3337 = DIRECTION ( 'NONE',  ( 1.000000000000000000, 0.000000000000000000, -3.335730344018426891E-15 ) ) ;
#3338 = CARTESIAN_POINT ( 'NONE',  ( -0.4351925981013317624, 3.913409121702851490, 57.29145178616230538 ) ) ;
#3339 = CARTESIAN_POINT ( 'NONE',  ( 0.005087888002403421692, 10.27376501224522265, 52.00830299204795182 ) ) ;
#3340 = CARTESIAN_POINT ( 'NONE',  ( -2.417884142733321973, 8.184444959211084836, 53.92490685639133829 ) ) ;
#3341 = CARTESIAN_POINT ( 'NONE',  ( -0.02031594852116174951, 5.601974136600727405, 57.07395398664277053 ) ) ;
#3342 = CARTESIAN_POINT ( 'NONE',  ( -4.202000219998864416, 8.243613735600215264, 51.00142336341756533 ) ) ;
#3343 = CARTESIAN_POINT ( 'NONE',  ( -4.133565640877757907, 6.759863992872340077, 53.33638517569158211 ) ) ;
#3344 = CARTESIAN_POINT ( 'NONE',  ( -1.022695534518426541, 9.851165711217129584, 52.61349344741306311 ) ) ;
#3345 = CARTESIAN_POINT ( 'NONE',  ( -2.461424676164801983, 6.810936157656957590, -6.993466259799429707 ) ) ;
#3346 = CARTESIAN_POINT ( 'NONE',  ( -5.189285683073102007, 5.421651671755515878, 2.076451543906621122 ) ) ;
#3347 = CARTESIAN_POINT ( 'NONE',  ( -0.003977885823189547358, 7.293121770455669228, 55.64312551353267366 ) ) ;
#3348 = CARTESIAN_POINT ( 'NONE',  ( -5.493541243352612291, 1.562500000000002442, -3.794934534324067688 ) ) ;
#3349 = CARTESIAN_POINT ( 'NONE',  ( -0.7361963374982747332, 9.746301402654587775, 51.93989922364058032 ) ) ;
#3350 = CARTESIAN_POINT ( 'NONE',  ( -2.927851332854391586, 8.059591811601308109, 53.51439940706536902 ) ) ;
#3351 = CARTESIAN_POINT ( 'NONE',  ( -0.03213215370198278797, 10.45589236788686094, 51.21681973134433719 ) ) ;
#3352 = CARTESIAN_POINT ( 'NONE',  ( -5.396603428618453435, 4.508026107741812005, 52.75492201159048022 ) ) ;
#3353 = CARTESIAN_POINT ( 'NONE',  ( -5.049948886047843644, 6.663866870919775920, 51.42473666306846525 ) ) ;
#3354 = CARTESIAN_POINT ( 'NONE',  ( -0.6110440906927956384, 4.587611587268162872, 57.35550315050814874 ) ) ;
#3355 = CARTESIAN_POINT ( 'NONE',  ( -2.232507237309910852, 9.547501620875607387, 50.26134181169189219 ) ) ;
#3356 = CARTESIAN_POINT ( 'NONE',  ( -5.292598225969603831, 7.418651999438905520, 46.31765665416617139 ) ) ;
#3357 = CARTESIAN_POINT ( 'NONE',  ( 0.02293940555995201830, 10.43634734996147984, 51.31551773706780750 ) ) ;
#3358 = CARTESIAN_POINT ( 'NONE',  ( -0.09379873975852932866, 3.717717955237874961, -15.00000000000000000 ) ) ;
#3359 = CARTESIAN_POINT ( 'NONE',  ( -3.471462150894735643, 7.793277561616982929, 53.14866865884047087 ) ) ;
#3360 = CARTESIAN_POINT ( 'NONE',  ( -0.1414170959130070793, 10.47088939378492789, 51.11861524732255901 ) ) ;
#3361 = ORIENTED_EDGE ( 'NONE', *, *, #2542, .F. ) ;
#3362 = CARTESIAN_POINT ( 'NONE',  ( -4.964209435987892327, 5.347430862784723793, 53.15570218673894232 ) ) ;
#3363 = CARTESIAN_POINT ( 'NONE',  ( -4.316986471336498710, 7.889127606980938623, 49.94081407126478922 ) ) ;
#3364 = CARTESIAN_POINT ( 'NONE',  ( -0.01187461668801733164, 4.357725663641601521, 57.51497988795073724 ) ) ;
#3365 = CARTESIAN_POINT ( 'NONE',  ( -5.447037992496784220, 2.165473808415090851, 52.11544817524004003 ) ) ;
#3366 = CARTESIAN_POINT ( 'NONE',  ( -2.102255684512517320, 10.64276366078231462, 18.26413003074009112 ) ) ;
#3367 = CARTESIAN_POINT ( 'NONE',  ( -1.883250370847297406, 7.520190108829296172, 55.08425691829881288 ) ) ;
#3368 = CARTESIAN_POINT ( 'NONE',  ( -0.005978401900934297158, 9.305759763833156839, 54.14920516226450076 ) ) ;
#3369 = CARTESIAN_POINT ( 'NONE',  ( -5.643369949259845697, 3.970164746284310375, 52.22389284645327479 ) ) ;
#3370 = CARTESIAN_POINT ( 'NONE',  ( -1.805462373943970134, 9.167077503269592142, 53.17656748564571956 ) ) ;
#3371 = CARTESIAN_POINT ( 'NONE',  ( -3.654476227114174414, 7.411740233955390167, 53.34592974301413904 ) ) ;
#3372 = CARTESIAN_POINT ( 'NONE',  ( -0.2194789196926353603, 3.893344031757218993, 57.60962988288088127 ) ) ;
#3373 = CARTESIAN_POINT ( 'NONE',  ( -5.111038494928189735, 5.825954427985527317, 52.33406869689138574 ) ) ;
#3374 = CARTESIAN_POINT ( 'NONE',  ( 0.002338399895173532209, 9.821264183456573704, 53.25797796799233907 ) ) ;
#3375 = CARTESIAN_POINT ( 'NONE',  ( -1.471891048992977957, 2.216386935148594528, -14.99999999999998757 ) ) ;
#3376 = CARTESIAN_POINT ( 'NONE',  ( -0.2259994866890681631, 10.43730869005763928, 9.116073856843597056 ) ) ;
#3377 = CARTESIAN_POINT ( 'NONE',  ( -2.309985993550325745, 9.715546706111616970, 51.17206683549159152 ) ) ;
#3378 = CARTESIAN_POINT ( 'NONE',  ( -0.003977885823481243713, 8.890869921066641979, 54.69627401957131241 ) ) ;
#3379 = CARTESIAN_POINT ( 'NONE',  ( -1.330388278535456825, 9.871607257111399747, 50.60097826898508089 ) ) ;
#3380 = CARTESIAN_POINT ( 'NONE',  ( 0.003618842363231251653, 10.51136150663790048, 50.91779871384461842 ) ) ;
#3381 = CARTESIAN_POINT ( 'NONE',  ( -2.741592904562081934, 9.094774547865336345, 52.09319641521402389 ) ) ;
#3382 = CARTESIAN_POINT ( 'NONE',  ( -0.01990902846187179651, 8.141677479919843918, 55.47772883713209779 ) ) ;
#3383 = CARTESIAN_POINT ( 'NONE',  ( -5.720122322555530658, 3.615427168394420576, 52.09944017113537740 ) ) ;
#3384 = CARTESIAN_POINT ( 'NONE',  ( -3.405546376410979903, 7.284530915551338914, 53.81765576145978969 ) ) ;
#3385 = CARTESIAN_POINT ( 'NONE',  ( -4.117828784495270789, 7.035353460031297246, 53.06684890176398284 ) ) ;
#3386 = CARTESIAN_POINT ( 'NONE',  ( -0.8674409470111548170, 9.368408766339083371, 53.69859434691710476 ) ) ;
#3387 = CARTESIAN_POINT ( 'NONE',  ( -3.869060588320823335, 9.437639890230180129, 31.92480636667185934 ) ) ;
#3388 = CARTESIAN_POINT ( 'NONE',  ( -4.869710142101870254, 5.173975846457994798, 52.43701409646568123 ) ) ;
#3389 = CARTESIAN_POINT ( 'NONE',  ( 0.000000000000000000, 6.184119707027654123, 56.45829743992373295 ) ) ;
#3390 = CARTESIAN_POINT ( 'NONE',  ( -1.258505765192628578, 10.03343211582610550, 51.25933768168647475 ) ) ;
#3391 = CARTESIAN_POINT ( 'NONE',  ( -0.8187967722828833894, 10.09800682940477579, 50.25814241102505520 ) ) ;
#3392 = CARTESIAN_POINT ( 'NONE',  ( -3.313734743077334954, 8.470622826743044342, 52.39976326950621655 ) ) ;
#3393 = CARTESIAN_POINT ( 'NONE',  ( -0.01959368655086319091, 9.885847664664957790, 53.11776255148773629 ) ) ;
#3394 = CARTESIAN_POINT ( 'NONE',  ( -5.690337720545541877, 4.648476358570868605, 51.18999988755270891 ) ) ;
#3395 = CARTESIAN_POINT ( 'NONE',  ( -4.841442875872857599, 6.741712751812758420, 51.94398301290786435 ) ) ;
#3396 = CARTESIAN_POINT ( 'NONE',  ( -1.531830800214015298, 9.309704453643391275, 53.21751812945937843 ) ) ;
#3397 = CARTESIAN_POINT ( 'NONE',  ( -2.474511600221027674, 10.50777063472884976, 33.64202390254398978 ) ) ;
#3398 = CARTESIAN_POINT ( 'NONE',  ( -4.260563725710177607, 5.864862756297585911, 53.12339109691937722 ) ) ;
#3399 = CARTESIAN_POINT ( 'NONE',  ( 0.02286147723749285682, 10.24722758743487816, 52.10617615844071793 ) ) ;
#3400 = CARTESIAN_POINT ( 'NONE',  ( -0.2566831770165016180, 7.991186788009060571, 55.10128338879887622 ) ) ;
#3401 = CARTESIAN_POINT ( 'NONE',  ( -2.963197740195430807, 6.861825050101552748, 54.73994265501163881 ) ) ;
#3402 = CARTESIAN_POINT ( 'NONE',  ( -0.08821828045509365335, 9.417224279751060578, 53.97532098180906246 ) ) ;
#3403 = FACE_OUTER_BOUND ( 'NONE', #6064, .T. ) ;
#3404 = CARTESIAN_POINT ( 'NONE',  ( -5.485342085533943646, 5.595916893697889805, 51.20166587061235219 ) ) ;
#3405 = CARTESIAN_POINT ( 'NONE',  ( -4.102505759835742616, 7.617709539358672899, 51.17037735762837514 ) ) ;
#3406 = CARTESIAN_POINT ( 'NONE',  ( -0.01397607705124407663, 7.130141177762065574, 56.25513647704948283 ) ) ;
#3407 = CARTESIAN_POINT ( 'NONE',  ( -5.074837276257444074, 2.055519088480901591, -7.613869055469765001 ) ) ;
#3408 = CARTESIAN_POINT ( 'NONE',  ( -1.438518880035371650, 7.554027054169616839, -6.993418324153716448 ) ) ;
#3409 = CARTESIAN_POINT ( 'NONE',  ( 0.001747708007662710904, 10.51136171567561561, 50.91781736202762687 ) ) ;
#3410 = CARTESIAN_POINT ( 'NONE',  ( -5.822411030644818908, 3.808147229338072925, 50.96190266033443805 ) ) ;
#3411 = CARTESIAN_POINT ( 'NONE',  ( -1.940314361332904802, 9.995186600971885937, 50.85653940717462973 ) ) ;
#3412 = CARTESIAN_POINT ( 'NONE',  ( -3.814429909788141781, 7.518786630929490400, 52.98584126029175678 ) ) ;
#3413 = CARTESIAN_POINT ( 'NONE',  ( -0.5807745361958353003, 10.34682827433569408, 51.42646162819744404 ) ) ;
#3414 = CARTESIAN_POINT ( 'NONE',  ( -5.348112658097159411, 6.124224507526927042, 51.10036271528678498 ) ) ;
#3415 = CARTESIAN_POINT ( 'NONE',  ( 0.005154995454106091161, 10.05976956041834391, 52.68964669084045482 ) ) ;
#3416 = CARTESIAN_POINT ( 'NONE',  ( -5.216115183470613204, 4.210874824032281971, 52.07714658580009370 ) ) ;
#3417 = CARTESIAN_POINT ( 'NONE',  ( -0.2057150271455492063, 11.08571368682075864, 24.06560968988564753 ) ) ;
#3418 = CARTESIAN_POINT ( 'NONE',  ( -1.933756982983975137, 8.864865355731865293, 53.52055323590076341 ) ) ;
#3419 = CARTESIAN_POINT ( 'NONE',  ( -0.003977885823206439228, 10.43103761457365408, 51.36694380041988950 ) ) ;
#3420 = CARTESIAN_POINT ( 'NONE',  ( -0.5655987952718026790, 5.357140488235104137, -13.06024834366208687 ) ) ;
#3421 = CARTESIAN_POINT ( 'NONE',  ( 0.003861048142882459507, 10.47485036589747942, 51.11686777250067593 ) ) ;
#3422 = CARTESIAN_POINT ( 'NONE',  ( -2.296606939539437509, 8.082242617917898997, 54.16578239763120450 ) ) ;
#3423 = CARTESIAN_POINT ( 'NONE',  ( -0.004831124547905250692, 9.729375132303790252, 53.44243418620829544 ) ) ;
#3424 = CARTESIAN_POINT ( 'NONE',  ( -5.445046852589237041, 3.756830202252565698, 53.20708659537721985 ) ) ;
#3425 = CARTESIAN_POINT ( 'NONE',  ( -3.527260236744540922, 7.529208399133241691, 53.38695925485344418 ) ) ;
#3426 = CARTESIAN_POINT ( 'NONE',  ( -0.3379002331336771747, 9.267792418764599915, 54.13912341899936820 ) ) ;
#3427 = CARTESIAN_POINT ( 'NONE',  ( -3.121324178894480994, 5.631979042733685326, 55.54416292134915523 ) ) ;
#3428 = CARTESIAN_POINT ( 'NONE',  ( -0.8567719528095456560, 9.263133080387898843, 53.87068968000137659 ) ) ;
#3429 = CARTESIAN_POINT ( 'NONE',  ( -1.928903899482321327, 4.952696270260227962, 56.35104179460466867 ) ) ;
#3430 = CARTESIAN_POINT ( 'NONE',  ( -4.779002511331731817, 5.100110437749230563, 52.74373824061445504 ) ) ;
#3431 = CARTESIAN_POINT ( 'NONE',  ( -0.003977885823184717888, 4.360440152347480947, 57.08983533381108089 ) ) ;
#3432 = ADVANCED_FACE ( 'NONE', ( #4450 ), #952, .F. ) ;
#3433 = CARTESIAN_POINT ( 'NONE',  ( -3.345287985143874376, 1.562499999999998890, -12.95737174895509547 ) ) ;
#3434 = CARTESIAN_POINT ( 'NONE',  ( -1.009062393565667071, 10.83885265396773434, 42.68283196197749163 ) ) ;
#3435 = CARTESIAN_POINT ( 'NONE',  ( -2.791961965846905702, 8.187875951935779995, 53.51601198636232937 ) ) ;
#3436 = CARTESIAN_POINT ( 'NONE',  ( -0.01881557464415058167, 9.966657005965661398, 52.92878341051780211 ) ) ;
#3437 = CARTESIAN_POINT ( 'NONE',  ( -3.209379140576789968, 3.012224294163678984, 56.86535914431366479 ) ) ;
#3438 = CARTESIAN_POINT ( 'NONE',  ( -4.350762015263345717, 6.485699603785410439, 53.25520233788706292 ) ) ;
#3439 = CARTESIAN_POINT ( 'NONE',  ( -1.513418637600554062, 9.217570870022038676, 53.39204594573705975 ) ) ;
#3440 = CARTESIAN_POINT ( 'NONE',  ( -1.462434383211648364E-15, 1.562500000000000000, -14.99999999999999822 ) ) ;
#3441 = CARTESIAN_POINT ( 'NONE',  ( -4.313036672393795179, 5.927032445262627292, 52.96890222640924861 ) ) ;
#3442 = CARTESIAN_POINT ( 'NONE',  ( 0.02102722578263672287, 10.02394681098944851, 52.78534409593087418 ) ) ;
#3443 = CARTESIAN_POINT ( 'NONE',  ( -0.1967677887377826673, 6.155421404644037864, 56.44610929841024927 ) ) ;
#3444 = CARTESIAN_POINT ( 'NONE',  ( -3.874099941603017516, 8.469841092898358070, 51.31079237145322480 ) ) ;
#3445 = CARTESIAN_POINT ( 'NONE',  ( -0.1385265461382133023, 10.36810832934211390, 51.61607080902769695 ) ) ;
#3446 = DIRECTION ( 'NONE',  ( 0.000000000000000000, 0.000000000000000000, -1.000000000000000000 ) ) ;
#3447 = CARTESIAN_POINT ( 'NONE',  ( -3.553032210800534774, 4.685011563092015052, 55.74640362840943908 ) ) ;
#3448 = CARTESIAN_POINT ( 'NONE',  ( -4.939566838858461928, 5.325469766738228472, 53.22815784030422748 ) ) ;
#3449 = CARTESIAN_POINT ( 'NONE',  ( -3.654814967516676116, 7.003787360570622234, 52.96751048462054001 ) ) ;
#3450 = CARTESIAN_POINT ( 'NONE',  ( -0.01391087546205358252, 5.191226196745542865, 57.22965678983888438 ) ) ;
#3451 = CARTESIAN_POINT ( 'NONE',  ( -5.423560084327827546, 4.971044618389409031, 52.23297636369743202 ) ) ;
#3452 = CARTESIAN_POINT ( 'NONE',  ( -4.934174608026376418, 1.727493350197395028, 54.74178961593681692 ) ) ;
#3453 = CARTESIAN_POINT ( 'NONE',  ( -5.058459928715921983, 5.071384928000380654, 53.18454457854094386 ) ) ;
#3454 = CARTESIAN_POINT ( 'NONE',  ( -2.337073717897185876, 10.59691685670258465, 37.31210024647517542 ) ) ;
#3455 = CARTESIAN_POINT ( 'NONE',  ( 0.002768829538372819411, 10.45609798170192484, 51.21638980718615386 ) ) ;
#3456 = CARTESIAN_POINT ( 'NONE',  ( -5.790137459105528350, 4.017318276309277181, 51.07368685221535998 ) ) ;
#3457 = CARTESIAN_POINT ( 'NONE',  ( -3.631916560612302725, 7.369987122192545037, 53.42425457213205675 ) ) ;
#3458 = CARTESIAN_POINT ( 'NONE',  ( -0.5483089038939836790, 9.980920630349151779, 52.69810569798712407 ) ) ;
#3459 = CARTESIAN_POINT ( 'NONE',  ( -4.995253089209813702, 5.857702965820962504, 52.60535972878541600 ) ) ;
#3460 = CARTESIAN_POINT ( 'NONE',  ( -0.01589603757633584191, 4.780541794026620828, 57.38490123603268245 ) ) ;
#3461 = CARTESIAN_POINT ( 'NONE',  ( -5.223115712292120350, 3.731853046470336110, -3.140307958043390801 ) ) ;
#3462 = CARTESIAN_POINT ( 'NONE',  ( -0.2546760163954053247, 10.96195135601270820, 18.26481553766411992 ) ) ;
#3463 = CARTESIAN_POINT ( 'NONE',  ( -1.963817980881991332, 8.983381951026068180, 53.30784283594187656 ) ) ;
#3464 = FACE_OUTER_BOUND ( 'NONE', #5519, .T. ) ;
#3465 = CARTESIAN_POINT ( 'NONE',  ( -1.801649997111035351, 10.76436280465327044, 39.78927805455426636 ) ) ;
#3466 = CARTESIAN_POINT ( 'NONE',  ( -0.2645111805996965271, 9.778137810362219184, 53.30358672087530181 ) ) ;
#3467 = CARTESIAN_POINT ( 'NONE',  ( -2.481285235635062314, 8.686116123170302572, 53.18423410689037212 ) ) ;
#3468 = CARTESIAN_POINT ( 'NONE',  ( -0.003376709580098483880, 9.580857419057995372, 53.71331181933680199 ) ) ;
#3469 = CARTESIAN_POINT ( 'NONE',  ( -5.820614248993618567, 3.499565727796097647, 51.28625737058241185 ) ) ;
#3470 = CARTESIAN_POINT ( 'NONE',  ( -3.761188771280478793, 7.940629939206422350, 52.50489295501917297 ) ) ;
#3471 = CARTESIAN_POINT ( 'NONE',  ( -0.1453810542886894153, 5.182091474244485241, 57.22247094076460883 ) ) ;
#3472 = CARTESIAN_POINT ( 'NONE',  ( -2.389342260770703330, 4.430656150600958298, 56.74259888873690016 ) ) ;
#3473 = CARTESIAN_POINT ( 'NONE',  ( -0.9006563978478462351, 9.676075462256987336, 53.12190421674921481 ) ) ;
#3474 = CARTESIAN_POINT ( 'NONE',  ( -3.328591638862511637, 7.927350769953671161, -1.813109018084798629 ) ) ;
#3475 = CARTESIAN_POINT ( 'NONE',  ( -5.036867126561963559, 4.788132445487823574, -1.861661875992407733 ) ) ;
#3476 = CARTESIAN_POINT ( 'NONE',  ( 0.000000000000000000, 8.747423532352845754, -4.149041100619943023 ) ) ;
#3477 = DIRECTION ( 'NONE',  ( -1.000000000000000000, 0.000000000000000000, -0.000000000000000000 ) ) ;
#3478 = CARTESIAN_POINT ( 'NONE',  ( -0.5582102693088503154, 8.823189371202664333, -3.561870743563113173 ) ) ;
#3479 = CARTESIAN_POINT ( 'NONE',  ( -3.236488220876053479, 8.744106667318245485, 52.01056378668599933 ) ) ;
#3480 = CARTESIAN_POINT ( 'NONE',  ( -0.01853852845613654723, 10.30024949683149060, 51.91045813772819884 ) ) ;
#3481 = CARTESIAN_POINT ( 'NONE',  ( -5.810217794533961033, 4.023129098226711164, 50.85571439888641265 ) ) ;
#3482 = CARTESIAN_POINT ( 'NONE',  ( -4.816742449058033060, 6.989239937015000237, 51.63488880679324922 ) ) ;
#3483 = CARTESIAN_POINT ( 'NONE',  ( -0.8338097768103476248, 6.874463791886347153, 56.19963391321851987 ) ) ;
#3484 = CARTESIAN_POINT ( 'NONE',  ( -2.711903448118352600, 10.38807854833772382, 33.64199711006648386 ) ) ;
#3485 = CARTESIAN_POINT ( 'NONE',  ( -4.856612617425460243, 6.971978507834752037, 4.125171059915064831 ) ) ;
#3486 = CARTESIAN_POINT ( 'NONE',  ( 0.04197621688048321781, 10.37231921030310211, 51.61279989448970440 ) ) ;
#3487 = CARTESIAN_POINT ( 'NONE',  ( -0.3402644038819800931, 8.104448661019727496, -6.556266768259886746 ) ) ;
#3488 = CARTESIAN_POINT ( 'NONE',  ( -1.139491855950263144, 3.315752516795700267, 57.57617710979317849 ) ) ;
#3489 = CARTESIAN_POINT ( 'NONE',  ( -0.05480388750206901388, 4.779935849314877139, 57.38302037566972302 ) ) ;
#3490 = ORIENTED_EDGE ( 'NONE', *, *, #2974, .T. ) ;
#3491 = CARTESIAN_POINT ( 'NONE',  ( -2.658852252494595447, 3.695765339594426990, 56.90953849520697361 ) ) ;
#3492 = CARTESIAN_POINT ( 'NONE',  ( -3.126366899467061256, 3.585976987508333824, 56.68079403814771666 ) ) ;
#3493 = CARTESIAN_POINT ( 'NONE',  ( -1.462434383211648364E-15, 1.562500000000000000, -14.99999999999999822 ) ) ;
#3494 = CARTESIAN_POINT ( 'NONE',  ( 0.008266728677833132602, 10.45609720459070857, 51.21631012000572980 ) ) ;
#3495 = CARTESIAN_POINT ( 'NONE',  ( -4.084293893034043776, 3.898690757630730364, 55.68711865212505074 ) ) ;
#3496 = CARTESIAN_POINT ( 'NONE',  ( -5.503684986816870683, 2.964467885943901315, 18.26059425818464632 ) ) ;
#3497 = CARTESIAN_POINT ( 'NONE',  ( -1.783682414108272773, 8.930816169437010288, 52.69843739310544350 ) ) ;
#3498 = CARTESIAN_POINT ( 'NONE',  ( 0.0006750738950836982335, 9.776168414645196592, 53.35066649199480793 ) ) ;
#3499 = CARTESIAN_POINT ( 'NONE',  ( -5.821233198243649376, 3.387904628116143346, 51.39548098286550015 ) ) ;
#3500 = CARTESIAN_POINT ( 'NONE',  ( -3.733771317130493372, 7.552468927906144103, 53.06759042397032289 ) ) ;
#3501 = CARTESIAN_POINT ( 'NONE',  ( -0.5784808393112552682, 10.32503485757893102, 51.52628737054065766 ) ) ;
#3502 = CARTESIAN_POINT ( 'NONE',  ( -4.225563271239491492, 5.162588083580450515, 54.63290005969595597 ) ) ;
#3503 = CARTESIAN_POINT ( 'NONE',  ( -0.01945696741646482653, 6.764685743532646178, 56.48358211024864062 ) ) ;
#3504 = CARTESIAN_POINT ( 'NONE',  ( -5.337110976917014860, 3.891155373177180188, 51.67093093622370503 ) ) ;
#3505 = CARTESIAN_POINT ( 'NONE',  ( -2.202401327991131641, 9.421133107180461153, 52.17305211991274660 ) ) ;
#3506 =( LENGTH_UNIT ( ) NAMED_UNIT ( * ) SI_UNIT ( $, .METRE. ) );
#3507 = CARTESIAN_POINT ( 'NONE',  ( -1.157150737535500129, 8.418693689553128578, 54.11986104133981001 ) ) ;
#3508 = CARTESIAN_POINT ( 'NONE',  ( -0.2861753470255227194, 10.42007784815740656, 51.32036091060797389 ) ) ;
#3509 = CARTESIAN_POINT ( 'NONE',  ( -2.436588633986643604, 8.547734892063070689, 53.43568258586635267 ) ) ;
#3510 = CARTESIAN_POINT ( 'NONE',  ( 0.001224848047970835156, 10.41540719241065993, 51.41516897604751080 ) ) ;
#3511 = CARTESIAN_POINT ( 'NONE',  ( -4.092543675160897010, 3.956663548028270583, 55.64140602800262059 ) ) ;
#3512 = CARTESIAN_POINT ( 'NONE',  ( -4.116888869407678619, 8.296278179128169228, 51.10533479867014961 ) ) ;
#3513 = CARTESIAN_POINT ( 'NONE',  ( -0.3539912186820572959, 9.783864105990520699, 53.25738399360601250 ) ) ;
#3514 = CARTESIAN_POINT ( 'NONE',  ( -3.907561500755062589, 6.713244624410074302, 53.72090395490705816 ) ) ;
#3515 = CARTESIAN_POINT ( 'NONE',  ( -0.7799964737916742497, 9.405303921266810363, 53.69986951611124226 ) ) ;
#3516 = CARTESIAN_POINT ( 'NONE',  ( -1.462434383211648364E-15, 1.562500000000000000, -14.99999999999999822 ) ) ;
#3517 = CARTESIAN_POINT ( 'NONE',  ( -4.984705291363690449, 5.169163462615360416, -1.232272465519072879 ) ) ;
#3518 = CARTESIAN_POINT ( 'NONE',  ( -0.01963106507490686159, 9.430995525309553429, 53.14850486699842236 ) ) ;
#3519 = CARTESIAN_POINT ( 'NONE',  ( -0.2022911320358367904, 10.08928978479444005, 50.95933768168648470 ) ) ;
#3520 = CARTESIAN_POINT ( 'NONE',  ( -0.6891934481073201946, 8.661317123949880070, -4.167035098198431875 ) ) ;
#3521 = CARTESIAN_POINT ( 'NONE',  ( -3.394152747439389550, 9.045590461614455791, 50.99107993120381366 ) ) ;
#3522 = CARTESIAN_POINT ( 'NONE',  ( -0.006457619084876974752, 10.12736942772719573, 52.49683698528714615 ) ) ;
#3523 = CARTESIAN_POINT ( 'NONE',  ( -3.783324299227711407, 3.083044132810765170, 56.40546247147589298 ) ) ;
#3524 = CARTESIAN_POINT ( 'NONE',  ( -2.050895243126320988, 3.427276977718026973, 57.28080246275402487 ) ) ;
#3525 = CARTESIAN_POINT ( 'NONE',  ( -1.359433480357770341, 9.459273390208782217, 53.12685073634389710 ) ) ;
#3526 = CARTESIAN_POINT ( 'NONE',  ( -2.412045776452750090, 8.956625947795981091, -0.1934559533981752011 ) ) ;
#3527 = CARTESIAN_POINT ( 'NONE',  ( -5.091113224225995104, 6.821063451885812867, 9.121341872877897217 ) ) ;
#3528 = CARTESIAN_POINT ( 'NONE',  ( 0.05096976960238568805, 9.821388975812141098, 53.25788003383703995 ) ) ;
#3529 = CARTESIAN_POINT ( 'NONE',  ( -0.3997127814872584173, 9.585324575922095747, 52.68484713885268178 ) ) ;
#3530 = CARTESIAN_POINT ( 'NONE',  ( -1.649012317488278700, 4.256965034063220799, 57.14317286585778533 ) ) ;
#3531 = CARTESIAN_POINT ( 'NONE',  ( -0.05079585358916022947, 7.473747181358674219, 56.00147232204040648 ) ) ;
#3532 = CARTESIAN_POINT ( 'NONE',  ( -4.822663282029847842, 4.862272847510024754, 53.86986691578881903 ) ) ;
#3533 = CARTESIAN_POINT ( 'NONE',  ( -5.625237303483815232, 4.177086987508420002, 52.12811577296788101 ) ) ;
#3534 = CARTESIAN_POINT ( 'NONE',  ( -4.848399075752002574, 6.103533700263847450, 52.69221175850824324 ) ) ;
#3535 = CARTESIAN_POINT ( 'NONE',  ( -3.522878133376002197, 3.929177188012904942, 56.22331601442390081 ) ) ;
#3536 = CARTESIAN_POINT ( 'NONE',  ( -4.688309069892110159, 8.050724677175093547, 24.06854996959529558 ) ) ;
#3537 = CARTESIAN_POINT ( 'NONE',  ( 0.01407815239038201494, 9.843269261438889473, 53.21128739106161021 ) ) ;
#3538 = CARTESIAN_POINT ( 'NONE',  ( -4.249127769971235757, 4.030078125857976978, 55.42366340343476594 ) ) ;
#3539 = CARTESIAN_POINT ( 'NONE',  ( -5.499011604705792422, 1.753213690389398671, 50.65687118017356028 ) ) ;
#3540 = CARTESIAN_POINT ( 'NONE',  ( -1.933811985337684503, 8.820576270466137458, -1.791039537217698596 ) ) ;
#3541 = CARTESIAN_POINT ( 'NONE',  ( -0.01761777385342076438, 7.818656660085828491, 55.75197101563231428 ) ) ;
#3542 = CARTESIAN_POINT ( 'NONE',  ( -5.837412722037380597, 3.389869263361260376, 51.17669545930353081 ) ) ;
#3543 = CARTESIAN_POINT ( 'NONE',  ( -3.423306913228565396, 6.964667314842131418, 54.12011036990826796 ) ) ;
#3544 = CARTESIAN_POINT ( 'NONE',  ( -0.4446369300507257982, 8.068350348555675566, 55.45115187023750991 ) ) ;
#3545 = CARTESIAN_POINT ( 'NONE',  ( -5.073654110293349895, 5.919604905243211590, 52.33452895903378987 ) ) ;
#3546 = CARTESIAN_POINT ( 'NONE',  ( 0.006746686830465448148, 10.30030597706651463, 51.90996443111564673 ) ) ;
#3547 = CARTESIAN_POINT ( 'NONE',  ( -5.463680294287131645, 3.955553902267661126, 50.27613903977616161 ) ) ;
#3548 = CARTESIAN_POINT ( 'NONE',  ( -1.896900617425004265, 8.713172696902685033, 53.77130179128336351 ) ) ;
#3549 = DIRECTION ( 'NONE',  ( 0.000000000000000000, 0.000000000000000000, -1.000000000000000000 ) ) ;
#3550 = CARTESIAN_POINT ( 'NONE',  ( -1.063132744081736414, 7.749675051597559872, -6.993402345605136183 ) ) ;
#3551 = CARTESIAN_POINT ( 'NONE',  ( -0.2667846098635409113, 9.886566371544491361, 53.07187403033109518 ) ) ;
#3552 = CARTESIAN_POINT ( 'NONE',  ( -2.786171048655185611, 9.458386413832679196, 51.08186645530378200 ) ) ;
#3553 = CARTESIAN_POINT ( 'NONE',  ( -0.002078190723450425159, 9.729384041012535178, 53.44244528191730126 ) ) ;
#3554 = CARTESIAN_POINT ( 'NONE',  ( -5.883347441765629071, 3.988646588841826102, 57.19077329144849386 ) ) ;
#3555 = CARTESIAN_POINT ( 'NONE',  ( -3.992536055941558804, 8.290721355599607989, 51.41691546326882190 ) ) ;
#3556 = CARTESIAN_POINT ( 'NONE',  ( -0.3569095127322463035, 9.869831839928920658, 53.07222707656874405 ) ) ;
#3557 = CARTESIAN_POINT ( 'NONE',  ( -3.831541301930737387, 6.588846810582138502, 53.94873667280860019 ) ) ;
#3558 = CARTESIAN_POINT ( 'NONE',  ( -0.9229257455543530275, 9.855206073803238098, 52.70572958381782769 ) ) ;
#3559 = CARTESIAN_POINT ( 'NONE',  ( -4.152622556597549419, 9.144351292733020387, 18.26319196863359551 ) ) ;
#3560 = CARTESIAN_POINT ( 'NONE',  ( -1.316788859521915933, 2.453238732283828494, -14.99999999999999112 ) ) ;
#3561 = CARTESIAN_POINT ( 'NONE',  ( -0.02337185440207321246, 10.07135314455296005, 51.11104909243451289 ) ) ;
#3562 = CARTESIAN_POINT ( 'NONE',  ( -4.952738601747036284, 6.114356419896008532, 50.95933768168649181 ) ) ;
#3563 = CARTESIAN_POINT ( 'NONE',  ( -0.6882937729419495998, 9.257196313494402418, -1.181361284087945274 ) ) ;
#3564 = CARTESIAN_POINT ( 'NONE',  ( -2.809305053906706817, 8.234624093728680094, 53.43433470483028458 ) ) ;
#3565 = CARTESIAN_POINT ( 'NONE',  ( -0.008458015758251880706, 10.49358800877562459, 51.01748565300906080 ) ) ;
#3566 = CARTESIAN_POINT ( 'NONE',  ( -4.693770254738265812, 6.867807148567154130, 52.14128538880460439 ) ) ;
#3567 = CARTESIAN_POINT ( 'NONE',  ( -1.426390023478912195, 9.783255712635833490, 52.33941080593229600 ) ) ;
#3568 = CARTESIAN_POINT ( 'NONE',  ( -2.613756678858159432, 10.01262757838045481, 9.118080720094750902 ) ) ;
#3569 = CARTESIAN_POINT ( 'NONE',  ( -4.207805581355603231, 5.543905584523247221, -5.063939090087133721 ) ) ;
#3570 = CARTESIAN_POINT ( 'NONE',  ( 0.05246970330188993614, 9.886093212719236689, 53.11729391438552028 ) ) ;
#3571 = CARTESIAN_POINT ( 'NONE',  ( -0.4665866298292464798, 10.11728480534316432, 50.59586611247382848 ) ) ;
#3572 = CARTESIAN_POINT ( 'NONE',  ( -2.661038704218006146, 6.502795704123369269, 55.31935160381555505 ) ) ;
#3573 = CARTESIAN_POINT ( 'NONE',  ( -0.09234927947150642358, 10.45466246532895305, 51.21759292653059248 ) ) ;
#3574 = CARTESIAN_POINT ( 'NONE',  ( -5.553319831955756847, 4.148264604596616500, 52.49845319899308294 ) ) ;
#3575 = CARTESIAN_POINT ( 'NONE',  ( -4.568900614729851206, 5.944822331812718019, 53.39341443556811129 ) ) ;
#3576 = CARTESIAN_POINT ( 'NONE',  ( -0.5891615236509603060, 3.712511410730734429, 57.59625551514432118 ) ) ;
#3577 = CARTESIAN_POINT ( 'NONE',  ( -5.397856971709985352, 5.661180562313485432, 51.52379020440962876 ) ) ;
#3578 = CARTESIAN_POINT ( 'NONE',  ( -0.9373375080328064657, 2.949922599521145550, -14.99999999999999822 ) ) ;
#3579 = CARTESIAN_POINT ( 'NONE',  ( -0.006156152121719739127, 8.141701691678608910, 55.47851899338070325 ) ) ;
#3580 = CARTESIAN_POINT ( 'NONE',  ( -1.942494479607626667, 2.556756238583803409, 57.53967233611580667 ) ) ;
#3581 = CARTESIAN_POINT ( 'NONE',  ( -4.998668563094379458, 5.020687721540711301, 53.36339636660350294 ) ) ;
#3582 = CARTESIAN_POINT ( 'NONE',  ( 0.003084096719874266680, 10.41540676167458912, 51.41513732628851585 ) ) ;
#3583 = VERTEX_POINT ( 'NONE', #1417 ) ;
#3584 = CARTESIAN_POINT ( 'NONE',  ( -2.246445449625190882, 2.168925893452525511, 57.52526626321123615 ) ) ;
#3585 = CARTESIAN_POINT ( 'NONE',  ( -4.042699461927409921, 8.020859550592319920, 51.82988891910341778 ) ) ;
#3586 = CARTESIAN_POINT ( 'NONE',  ( -0.1893834843611001406, 3.902380288962207011, 57.61081334898121042 ) ) ;
#3587 = CARTESIAN_POINT ( 'NONE',  ( -3.342086132922943875, 4.168805458216078286, 56.24135944065503168 ) ) ;
#3588 = CARTESIAN_POINT ( 'NONE',  ( 0.003373109913061988433, 9.821266844143739405, 53.25797587737059757 ) ) ;
#3589 = CARTESIAN_POINT ( 'NONE',  ( -5.442737407430350061, 4.857463347380754470, 24.07061332377763563 ) ) ;
#3590 = CARTESIAN_POINT ( 'NONE',  ( -3.500669997462559913, 7.661745347923055505, 53.26883248469980714 ) ) ;
#3591 = PRODUCT_CONTEXT ( 'NONE', #5168, 'mechanical' ) ;
#3592 = CARTESIAN_POINT ( 'NONE',  ( -1.290100686507140715, 8.268066304144012335, -4.989040231154053373 ) ) ;
#3593 = CARTESIAN_POINT ( 'NONE',  ( -0.1756266626250157503, 9.765650762900532911, 53.35000097103847594 ) ) ;
#3594 = CARTESIAN_POINT ( 'NONE',  ( -2.556009963137342300, 8.898808374842776203, 52.74808143803849703 ) ) ;
#3595 = CARTESIAN_POINT ( 'NONE',  ( 0.001184407313407193595, 9.985813417203448950, 52.88094726892039432 ) ) ;
#3596 = DIRECTION ( 'NONE',  ( -1.000000000000000000, 0.000000000000000000, 0.000000000000000000 ) ) ;
#3597 = CARTESIAN_POINT ( 'NONE',  ( -4.719994524356208920, 5.726942178247218074, 53.31297726711153473 ) ) ;
#3598 = CARTESIAN_POINT ( 'NONE',  ( -0.3576422405028817364, 9.890177458938822497, 53.02547057221636351 ) ) ;
#3599 = CARTESIAN_POINT ( 'NONE',  ( -3.481936802506162554, 6.585049563086242230, 54.41424610549289298 ) ) ;
#3600 = CARTESIAN_POINT ( 'NONE',  ( -0.9375136998862375615, 9.959324650042058025, 52.42089371947139398 ) ) ;
#3601 = CARTESIAN_POINT ( 'NONE',  ( -4.140677216278279893, 9.176595487179973532, 24.06793096334070370 ) ) ;
#3602 = CARTESIAN_POINT ( 'NONE',  ( -0.6522957336594957800, 1.823027114660579429, 57.50000000000001421 ) ) ;
#3603 = CARTESIAN_POINT ( 'NONE',  ( 0.000000000000000000, 10.67192090994640452, 46.42859685748531007 ) ) ;
#3604 = CARTESIAN_POINT ( 'NONE',  ( -2.889276035154651368, 8.925660286628286144, 50.95933768168645628 ) ) ;
#3605 = CARTESIAN_POINT ( 'NONE',  ( -0.8407847167169517633, 9.979645830256446359, 4.081581979164296214 ) ) ;
#3606 = CARTESIAN_POINT ( 'NONE',  ( -1.436923446226455292, 4.435871521621313818, 57.15561100089113467 ) ) ;
#3607 = CARTESIAN_POINT ( 'NONE',  ( -0.02643121459797960482, 6.382618300903982522, 56.68796817729771931 ) ) ;
#3608 = CARTESIAN_POINT ( 'NONE',  ( -4.768806006274428633, 6.942155422338967874, 51.84094927907145234 ) ) ;
#3609 = CARTESIAN_POINT ( 'NONE',  ( -1.510212461906287107, 10.11340052532388079, 51.14972888490126479 ) ) ;
#3610 = CARTESIAN_POINT ( 'NONE',  ( -0.9054614919116144023, 3.608243200592282651, 57.28037911194304144 ) ) ;
#3611 = CARTESIAN_POINT ( 'NONE',  ( -5.074856078497479217, 6.788744074909057957, 7.851450391237315252 ) ) ;
#3612 = CARTESIAN_POINT ( 'NONE',  ( 0.05851551967310263808, 10.18914660004465134, 52.30081409315135232 ) ) ;
#3613 = CARTESIAN_POINT ( 'NONE',  ( -0.3791845066958611232, 9.540570028598148511, 0.4069152029161934303 ) ) ;
#3614 = CARTESIAN_POINT ( 'NONE',  ( -2.080850596582349610, 5.151301566217107997, 56.55901510477057315 ) ) ;
#3615 = CARTESIAN_POINT ( 'NONE',  ( -0.03184341101482787012, 4.357639643978384214, 57.51412555929957193 ) ) ;
#3616 = CARTESIAN_POINT ( 'NONE',  ( -5.194805793190446330, 6.391954828530351129, 51.31675473504092366 ) ) ;
#3617 = CARTESIAN_POINT ( 'NONE',  ( -1.808450354825582584, 9.577327334261562797, 52.35203645823445129 ) ) ;
#3618 = CARTESIAN_POINT ( 'NONE',  ( -2.635721987568370395, 3.253644546692916251, 57.07592565582600486 ) ) ;
#3619 = CARTESIAN_POINT ( 'NONE',  ( -1.952879713109155091, 4.037300506263788336, -13.01873673527155617 ) ) ;
#3620 = CARTESIAN_POINT ( 'NONE',  ( 0.01302350230184354252, 10.49360178230610607, 51.01725703367119991 ) ) ;
#3621 = CARTESIAN_POINT ( 'NONE',  ( -0.1986077668141152108, 9.754881611291640553, 52.32561214879755340 ) ) ;
#3622 = CARTESIAN_POINT ( 'NONE',  ( -3.091477449219204310, 3.175105060816685754, 56.87522126637600905 ) ) ;
#3623 = CARTESIAN_POINT ( 'NONE',  ( 0.001611037560029798636, 9.843237794602686108, 53.21133417107444075 ) ) ;
#3624 = CARTESIAN_POINT ( 'NONE',  ( -4.709252921644151435, 3.099374481601396170, 55.35688181256904983 ) ) ;
#3625 = CARTESIAN_POINT ( 'NONE',  ( -0.3114281118055948760, 6.723001225458668628, 56.46392201206905526 ) ) ;
#3626 = CARTESIAN_POINT ( 'NONE',  ( -5.403309372961285106, 5.306576619199962153, 51.93896648103148550 ) ) ;
#3627 = CARTESIAN_POINT ( 'NONE',  ( -0.01394248580987754275, 4.357746343934042699, 57.51489018495504979 ) ) ;
#3628 = CARTESIAN_POINT ( 'NONE',  ( -2.098488812743535728E-32, 1.562500000000000000, 57.50000000000000000 ) ) ;
#3629 = CARTESIAN_POINT ( 'NONE',  ( -2.968807604884993623, 6.515463903965289738, 55.01797199371392111 ) ) ;
#3630 = CARTESIAN_POINT ( 'NONE',  ( -1.177358296580391483, 8.670444831600704561, -3.576802407038044418 ) ) ;
#3631 = CARTESIAN_POINT ( 'NONE',  ( -0.1843136420752992388, 10.29153590004720087, 51.91378169085313488 ) ) ;
#3632 = CARTESIAN_POINT ( 'NONE',  ( -2.624408301238037478, 9.346468108952985077, 51.69068985928521442 ) ) ;
#3633 = CARTESIAN_POINT ( 'NONE',  ( 0.001575881308601190939, 10.37232432503392587, 51.61361901438390021 ) ) ;
#3634 = CARTESIAN_POINT ( 'NONE',  ( -0.003977885823201667004, 10.03879629643383176, 52.00921762787442049 ) ) ;
#3635 = CARTESIAN_POINT ( 'NONE',  ( -3.631054688475119363, 4.577835453596057036, 55.73827599831594881 ) ) ;
#3636 = CARTESIAN_POINT ( 'NONE',  ( -2.110922877452909407, 9.478892939670696904, 52.16987705522042518 ) ) ;
#3637 = CARTESIAN_POINT ( 'NONE',  ( -3.775393951894586486, 7.119558012130843494, 53.49831600439561896 ) ) ;
#3638 = CARTESIAN_POINT ( 'NONE',  ( -0.9517500143958456116, 10.05273506107184645, 52.13069865023490479 ) ) ;
#3639 = CARTESIAN_POINT ( 'NONE',  ( -4.736979050828809434, 5.372303418043333778, 53.59694334193351040 ) ) ;
#3640 = CARTESIAN_POINT ( 'NONE',  ( -3.133661475692786524, 7.534023489550815356, -3.631335438859562004 ) ) ;
#3641 = CARTESIAN_POINT ( 'NONE',  ( -5.059248373490505379, 4.904974814991374998, 52.06437938932018028 ) ) ;
#3642 = CARTESIAN_POINT ( 'NONE',  ( -0.01775151756921914195, 8.862659408735407141, 54.16072502315297044 ) ) ;
#3643 = CARTESIAN_POINT ( 'NONE',  ( -2.224027730777824008, 8.826060383259697772, 53.26703626157543425 ) ) ;
#3644 = CARTESIAN_POINT ( 'NONE',  ( -2.143792500250426780, 9.399227383003772474, 50.95933768168649181 ) ) ;
#3645 = CARTESIAN_POINT ( 'NONE',  ( -1.186529497310937264, 10.89628553961774493, 37.31432934011460389 ) ) ;
#3646 = CARTESIAN_POINT ( 'NONE',  ( -3.205304408082624068, 9.123126970271375313, 51.19435526430179806 ) ) ;
#3647 = CARTESIAN_POINT ( 'NONE',  ( -0.01573828415837029079, 3.927352389265097443, 57.61765527805006570 ) ) ;
#3648 = CARTESIAN_POINT ( 'NONE',  ( -3.234525083981524940, 5.102280418203121393, 55.77823692644835063 ) ) ;
#3649 = CARTESIAN_POINT ( 'NONE',  ( -1.375398890162241372, 9.543587472005512495, 52.94661512330322495 ) ) ;
#3650 = CARTESIAN_POINT ( 'NONE',  ( -1.455191837286067713, 5.373540469487688043, 56.38029333423722989 ) ) ;
#3651 = CARTESIAN_POINT ( 'NONE',  ( -5.577886942599493914, 6.765697478530589670, 42.58904558418412734 ) ) ;
#3652 = CARTESIAN_POINT ( 'NONE',  ( 0.01244744822988929842, 6.764565569234008535, 56.48563344397327057 ) ) ;
#3653 = CARTESIAN_POINT ( 'NONE',  ( -0.3731284290446771346, 9.090507719267629128, -2.364835376315709059 ) ) ;
#3654 = CARTESIAN_POINT ( 'NONE',  ( -3.418811694469454654, 7.882557123612902394, 53.10770917848505945 ) ) ;
#3655 = CARTESIAN_POINT ( 'NONE',  ( -0.02750222788847686908, 3.927251954373659704, 57.61721190020166716 ) ) ;
#3656 = CARTESIAN_POINT ( 'NONE',  ( -4.939148544849796707, 6.309340513516672466, 52.24055146179436093 ) ) ;
#3657 = CARTESIAN_POINT ( 'NONE',  ( -1.443683198397235579, 7.843895033267944683, 55.10531551819779139 ) ) ;
#3658 = CARTESIAN_POINT ( 'NONE',  ( -2.395034657933966749, 3.063720922300356087, 57.25935632197501235 ) ) ;
#3659 = CARTESIAN_POINT ( 'NONE',  ( -4.400807959818817672, 7.453894796351881347, 50.62347175763397900 ) ) ;
#3660 = CARTESIAN_POINT ( 'NONE',  ( -0.01186781693675728437, 5.191210008789833630, 57.22976637219925777 ) ) ;
#3661 = CARTESIAN_POINT ( 'NONE',  ( -0.1329898623899359311, 8.339653961796210879, -5.800238758551807372 ) ) ;
#3662 = CARTESIAN_POINT ( 'NONE',  ( -4.998888391892470473, 4.448667298415490912, 53.84857978617025509 ) ) ;
#3663 = CARTESIAN_POINT ( 'NONE',  ( 0.004597859921375114373, 10.24722395230443617, 52.10661481968497810 ) ) ;
#3664 = CARTESIAN_POINT ( 'NONE',  ( -5.661135690559452982, 3.354365036619294305, 52.65446785374254546 ) ) ;
#3665 = CARTESIAN_POINT ( 'NONE',  ( -0.3437656957358892762, 7.426529115396832026, 55.98177164225890579 ) ) ;
#3666 = CARTESIAN_POINT ( 'NONE',  ( -5.011705752438561312, 5.150059109616949016, 53.22292440896788435 ) ) ;
#3667 = CARTESIAN_POINT ( 'NONE',  ( 0.005525245828494257383, 9.985820596765464074, 52.88088711552510546 ) ) ;
#3668 = CARTESIAN_POINT ( 'NONE',  ( -5.002572465123314771, 3.080408940783097904, -6.583898501375610834 ) ) ;
#3669 = CARTESIAN_POINT ( 'NONE',  ( -3.763636112285663859, 8.118056237986706947, 52.22160236149364465 ) ) ;
#3670 = CARTESIAN_POINT ( 'NONE',  ( -1.507798583696767780, 8.557595956066563758, -3.584592840155406357 ) ) ;
#3671 = CARTESIAN_POINT ( 'NONE',  ( -0.1799657293483659104, 10.11791239692935029, 52.49982813348498922 ) ) ;
#3672 = CARTESIAN_POINT ( 'NONE',  ( -2.530593473815865302, 9.112789449570268374, 52.37598956247533266 ) ) ;
#3673 = CARTESIAN_POINT ( 'NONE',  ( 0.002478448471532215466, 10.34878395868240908, 51.71250832478050796 ) ) ;
#3674 = CARTESIAN_POINT ( 'NONE',  ( -1.489830132353982872, 3.987226489243065775, 56.84882485296814281 ) ) ;
#3675 = CARTESIAN_POINT ( 'NONE',  ( -4.627837909890410550, 5.754233527875039833, 53.46221896937093732 ) ) ;
#3676 = CARTESIAN_POINT ( 'NONE',  ( -2.164925819431836373, 9.634361700355620783, 51.67579377196634027 ) ) ;
#3677 = CARTESIAN_POINT ( 'NONE',  ( -4.537620529498328281, 7.857662200182251588, 50.89810723738889919 ) ) ;
#3678 = CARTESIAN_POINT ( 'NONE',  ( -0.6309046571814075355, 8.599141007235630241, 54.85495568942773303 ) ) ;
#3679 = CARTESIAN_POINT ( 'NONE',  ( -3.255606736736596840, 3.846910122136042443, 56.45856813478742708 ) ) ;
#3680 = CARTESIAN_POINT ( 'NONE',  ( -3.893814642145612570, 7.890587444127134198, 51.16611424875225111 ) ) ;
#3681 = CARTESIAN_POINT ( 'NONE',  ( -5.457937702728788310, 5.061233227206456853, 12.44247867187328538 ) ) ;
#3682 = CARTESIAN_POINT ( 'NONE',  ( -0.07074514333052198123, 10.07041288359404696, 51.11175961058054895 ) ) ;
#3683 = CARTESIAN_POINT ( 'NONE',  ( -0.7410386135570058430, 3.613266567178366806, 57.59113276210344878 ) ) ;
#3684 = CARTESIAN_POINT ( 'NONE',  ( -3.764890387055005228, 8.133853039650178474, 50.95933768168647049 ) ) ;
#3685 = CARTESIAN_POINT ( 'NONE',  ( -1.300065310179578049, 10.85693902140437395, 18.26441866523439472 ) ) ;
#3686 = CARTESIAN_POINT ( 'NONE',  ( -1.361915566223834251, 4.496047404597014463, 57.15977271063010789 ) ) ;
#3687 = CARTESIAN_POINT ( 'NONE',  ( -0.01216681645975639312, 9.580794549110937197, 53.71320728999318561 ) ) ;
#3688 = CARTESIAN_POINT ( 'NONE',  ( -4.386465219536989757, 6.808121439883490389, 52.86374530804334171 ) ) ;
#3689 = CARTESIAN_POINT ( 'NONE',  ( -1.182217273754584186, 9.597319456054648867, 53.03414726851706007 ) ) ;
#3690 = CARTESIAN_POINT ( 'NONE',  ( -2.597403565058320041, 7.780868411794390482, -4.213819491902509817 ) ) ;
#3691 = CARTESIAN_POINT ( 'NONE',  ( -2.718661557637085835, 9.271137631411493274, 50.26254158694209195 ) ) ;
#3692 = EDGE_CURVE ( 'NONE', #3583, #4092, #7342, .T. ) ;
#3693 = CARTESIAN_POINT ( 'NONE',  ( -2.959683160113998124, 3.816109970478848812, 56.27303768891809455 ) ) ;
#3694 = CARTESIAN_POINT ( 'NONE',  ( 0.08198787724742848115, 10.47484002667449587, 51.11585515478831354 ) ) ;
#3695 = CARTESIAN_POINT ( 'NONE',  ( -2.098488812743535728E-32, 1.562500000000000000, 57.50000000000000000 ) ) ;
#3696 = CARTESIAN_POINT ( 'NONE',  ( -0.5233094172502997798, 10.95442757698667968, 18.26470729972874807 ) ) ;
#3697 = CARTESIAN_POINT ( 'NONE',  ( -3.675922785200551157, 8.717189733373013283, 51.20350358604638075 ) ) ;
#3698 = CARTESIAN_POINT ( 'NONE',  ( -0.09353870292646619677, 10.50997262812460598, 50.91867940920668900 ) ) ;
#3699 = CARTESIAN_POINT ( 'NONE',  ( -5.654077695580105534, 4.407652480688363461, 51.72445759300133261 ) ) ;
#3700 = CARTESIAN_POINT ( 'NONE',  ( -4.990339077916567945, 6.352756177325939113, 52.04476371144912861 ) ) ;
#3701 = CARTESIAN_POINT ( 'NONE',  ( -1.588120871704393533, 8.609028813883039533, 54.18458120050852500 ) ) ;
#3702 = CARTESIAN_POINT ( 'NONE',  ( -4.939694285703297716, 5.446413735487558583, 53.12140995855968129 ) ) ;
#3703 = CARTESIAN_POINT ( 'NONE',  ( -4.107975823285756611, 7.107899212265934352, 52.01969420164029145 ) ) ;
#3704 = CARTESIAN_POINT ( 'NONE',  ( 0.01148376358215190580, 9.682092829254582256, 53.53403962316647124 ) ) ;
#3705 = COLOUR_RGB ( '',0.7921568627450980005, 0.8196078431372548767, 0.9333333333333333481 ) ;
#3706 = CARTESIAN_POINT ( 'NONE',  ( -0.1030376158811826676, 9.411475164519282899, -0.5877182685870736556 ) ) ;
#3707 = CARTESIAN_POINT ( 'NONE',  ( -4.467803850968285140, 4.016660532447848375, 55.13724597111363579 ) ) ;
#3708 = CARTESIAN_POINT ( 'NONE',  ( -5.362807684393260388, 3.428399275510515931, 53.72487960315292810 ) ) ;
#3709 = CARTESIAN_POINT ( 'NONE',  ( -0.3283745153889117696, 7.085236027833333061, 56.23378773350030713 ) ) ;
#3710 = CARTESIAN_POINT ( 'NONE',  ( -5.035818849055878843, 5.170432550262701099, 53.15090510672769852 ) ) ;
#3711 = CARTESIAN_POINT ( 'NONE',  ( 0.006094822739885018444, 10.41540633546507344, 51.41508464625714225 ) ) ;
#3712 = CARTESIAN_POINT ( 'NONE',  ( -5.390943065572926685, 3.404411286268348658, -0.6180250138696722351 ) ) ;
#3713 = CARTESIAN_POINT ( 'NONE',  ( -0.3462698446878940128, 3.560391224803660215, -14.99999999999999645 ) ) ;
#3714 = CARTESIAN_POINT ( 'NONE',  ( -0.1774525590230469907, 9.956719727894274286, 52.93017454058006876 ) ) ;
#3715 = CARTESIAN_POINT ( 'NONE',  ( -2.808880542729703222, 9.510603714772610573, 50.87677988392575656 ) ) ;
#3716 = CARTESIAN_POINT ( 'NONE',  ( -0.02081460212348427291, 6.764690857286600689, 56.48349481942544514 ) ) ;
#3717 = CARTESIAN_POINT ( 'NONE',  ( -3.504193518243742478, 3.956281099854097594, 55.63138176404775948 ) ) ;
#3718 = CARTESIAN_POINT ( 'NONE',  ( -4.704876794105315341, 5.837580897196582796, 53.24188540644575340 ) ) ;
#3719 = CARTESIAN_POINT ( 'NONE',  ( -5.507462931535629380, 3.705502446076870626, 53.03704214032808295 ) ) ;
#3720 = CARTESIAN_POINT ( 'NONE',  ( -1.702292224084116290, 8.267138239311057291, 54.50137293463825472 ) ) ;
#3721 = CARTESIAN_POINT ( 'NONE',  ( -2.771923592400706404, 5.263385970756627508, 56.06625642562237033 ) ) ;
#3722 = CARTESIAN_POINT ( 'NONE',  ( -0.7314207717086116389, 9.885655138977888612, 52.79595991293742685 ) ) ;
#3723 = CARTESIAN_POINT ( 'NONE',  ( -4.965825949116125848, 5.590068202349845805, 52.93279547461647638 ) ) ;
#3724 = CARTESIAN_POINT ( 'NONE',  ( -3.047496245977777907, 6.757339591983139826, -5.836498633667781988 ) ) ;
#3725 = CARTESIAN_POINT ( 'NONE',  ( -4.755263429479000159, 4.071947368045735871, -5.871181992474387989 ) ) ;
#3726 = CARTESIAN_POINT ( 'NONE',  ( -0.05953058500819458781, 9.429875762101053382, 53.14827125053257362 ) ) ;
#3727 = CARTESIAN_POINT ( 'NONE',  ( -2.101365963696928407, 8.745344322652719882, 53.52009492004253133 ) ) ;
#3728 = CARTESIAN_POINT ( 'NONE',  ( -5.013960228072135372, 7.014537171924019709, 50.95933768168650602 ) ) ;
#3729 = CARTESIAN_POINT ( 'NONE',  ( -1.236451667010777689, 10.94469500856518707, 24.06617711228569689 ) ) ;
#3730 = CARTESIAN_POINT ( 'NONE',  ( -1.231998795498473243, 4.162356338328388361, 57.32763015074684176 ) ) ;
#3731 = CARTESIAN_POINT ( 'NONE',  ( -0.008823723670655578277, 9.632494489143981653, 53.62414964882132296 ) ) ;
#3732 = CARTESIAN_POINT ( 'NONE',  ( -4.830409274547857734, 7.283364521735488317, 51.10845835757905320 ) ) ;
#3733 = CARTESIAN_POINT ( 'NONE',  ( -0.7063487371807596338, 6.937450891134606223, 56.20793452551815506 ) ) ;
#3734 = CARTESIAN_POINT ( 'NONE',  ( -2.404367522249034828, 7.337423479516957059, -5.827039535811461946 ) ) ;
#3735 = CARTESIAN_POINT ( 'NONE',  ( -2.458100261281476850, 8.254684422495008889, -3.009749570418053466 ) ) ;
#3736 = CARTESIAN_POINT ( 'NONE',  ( -4.710891037727230390, 5.746122923195033927, -1.848420187472148646 ) ) ;
#3737 = CARTESIAN_POINT ( 'NONE',  ( 0.01288502988916662324, 4.780281804253251110, 57.38631214720616214 ) ) ;
#3738 = CARTESIAN_POINT ( 'NONE',  ( -5.499999999664243688, 1.562500000000010658, 39.71946640787895433 ) ) ;
#3739 = CARTESIAN_POINT ( 'NONE',  ( -0.6047422172013563468, 9.786515016976359504, 51.93723939104059184 ) ) ;
#3740 = CARTESIAN_POINT ( 'NONE',  ( -3.552242507643937230, 8.505705091720368927, 51.91971480984735621 ) ) ;
#3741 = CARTESIAN_POINT ( 'NONE',  ( -0.03477340388063244331, 9.474943838063788704, 53.88981740777687435 ) ) ;
#3742 = CARTESIAN_POINT ( 'NONE',  ( -5.397016029250463198, 4.288121143670787561, 52.94353746713491660 ) ) ;
#3743 = CARTESIAN_POINT ( 'NONE',  ( -4.964743811383182326, 6.331048345421305790, 52.14265758662174477 ) ) ;
#3744 = CARTESIAN_POINT ( 'NONE',  ( -0.5273306790453821113, 3.749458753355595864, 57.59837662591377949 ) ) ;
#3745 = CARTESIAN_POINT ( 'NONE',  ( -5.345633415738999084, 5.748382409117318126, 51.63077650465995561 ) ) ;
#3746 = CARTESIAN_POINT ( 'NONE',  ( -3.469785029801764065, 5.200377391661346493, 54.91307196754978293 ) ) ;
#3747 = CARTESIAN_POINT ( 'NONE',  ( 0.01476238318523847778, 9.886004675480139170, 53.11755854846050795 ) ) ;
#3748 = CARTESIAN_POINT ( 'NONE',  ( -0.4009488007876729210, 10.85946075127472810, 15.74645479093964440 ) ) ;
#3749 = CARTESIAN_POINT ( 'NONE',  ( -5.623590643159912972, 4.845273344935979054, 51.40885134161887748 ) ) ;
#3750 = VERTEX_POINT ( 'NONE', #630 ) ;
#3751 = CARTESIAN_POINT ( 'NONE',  ( -5.530741829218481342, 3.509451165553824747, 53.10069782675000027 ) ) ;
#3752 = CARTESIAN_POINT ( 'NONE',  ( -0.4371024415966975885, 9.621760715834206223, 53.52897861493187293 ) ) ;
#3753 = CARTESIAN_POINT ( 'NONE',  ( -5.084685812937556726, 5.210063299862884634, 53.00316189074808193 ) ) ;
#3754 = CARTESIAN_POINT ( 'NONE',  ( 0.004407819929212720110, 9.821269504431111130, 53.25797378724850972 ) ) ;
#3755 = CARTESIAN_POINT ( 'NONE',  ( -4.189116698932540572, 2.781178728320933935, -9.937144021708164132 ) ) ;
#3756 = CARTESIAN_POINT ( 'NONE',  ( -1.315093161827788792, 7.623623397261072299, -6.993412997970859024 ) ) ;
#3757 = CARTESIAN_POINT ( 'NONE',  ( -0.1310627105901298051, 9.626927333596116299, 53.62269985309653464 ) ) ;
#3758 = CARTESIAN_POINT ( 'NONE',  ( -1.049164846840650478, 4.298991996304095231, 57.33615426312076835 ) ) ;
#3759 = CARTESIAN_POINT ( 'NONE',  ( 0.0004495238249364150889, 9.864602727693766226, 53.16449895796559844 ) ) ;
#3760 = CARTESIAN_POINT ( 'NONE',  ( -4.072721706436552402, 3.922960270635096336, 55.00605259580220974 ) ) ;
#3761 = CARTESIAN_POINT ( 'NONE',  ( -4.441278384978869731, 5.540130099478092873, 53.97843242074215908 ) ) ;
#3762 = CARTESIAN_POINT ( 'NONE',  ( -5.831177607237872706, 3.596560399285964049, 51.06902026206716982 ) ) ;
#3763 = CARTESIAN_POINT ( 'NONE',  ( -1.764590820074052324, 8.554244208156134732, 54.10019082022345316 ) ) ;
#3764 = CARTESIAN_POINT ( 'NONE',  ( -4.201954222186609300, 7.445504946986033268, 52.42068844935626259 ) ) ;
#3765 = CARTESIAN_POINT ( 'NONE',  ( -0.7220120051422578289, 9.786511003397947661, 53.02848048611588894 ) ) ;
#3766 = CARTESIAN_POINT ( 'NONE',  ( -2.814332183785846375, 3.517059582299833842, 56.89739587971195789 ) ) ;
#3767 = CARTESIAN_POINT ( 'NONE',  ( -3.348338361795524687, 7.315834926763617574, -3.639125871976903515 ) ) ;
#3768 = CARTESIAN_POINT ( 'NONE',  ( -5.712211940740740346, 4.966158506208532053, 42.56630949259791663 ) ) ;
#3769 = CARTESIAN_POINT ( 'NONE',  ( -0.02362860929747478966, 4.057255723315527085, 57.30183241824291684 ) ) ;
#3770 = CARTESIAN_POINT ( 'NONE',  ( -2.203831257691819978, 8.756270410122608538, 53.39389883529778302 ) ) ;
#3771 = LINE ( 'NONE', #5701, #3291 ) ;
#3772 = CARTESIAN_POINT ( 'NONE',  ( -1.368477915937557299, 10.86869716155871934, 36.13008654226491956 ) ) ;
#3773 = CARTESIAN_POINT ( 'NONE',  ( -2.722491974431136885, 8.520566879756684031, 53.14443376325509405 ) ) ;
#3774 = CARTESIAN_POINT ( 'NONE',  ( -0.004175706882419172837, 10.34878317051107111, 51.71262340045043970 ) ) ;
#3775 = CARTESIAN_POINT ( 'NONE',  ( -2.526478049001833703, 4.284616194001030998, 56.73148480165660601 ) ) ;
#3776 = CARTESIAN_POINT ( 'NONE',  ( -1.154939897656726444, 9.419462055296326852, 53.39135234189429724 ) ) ;
#3777 = CARTESIAN_POINT ( 'NONE',  ( -3.317216658476205282, 9.987442453402985976, 33.64192343075355751 ) ) ;
#3778 = CARTESIAN_POINT ( 'NONE',  ( -1.462434383211648364E-15, 1.562500000000000000, -14.99999999999999822 ) ) ;
#3779 = CARTESIAN_POINT ( 'NONE',  ( 0.04945277141237720137, 9.006560762699688638, 54.57266787037827527 ) ) ;
#3780 = CARTESIAN_POINT ( 'NONE',  ( -5.499840975523873077, 1.789463793132539449, 9.125355599380212013 ) ) ;
#3781 = CARTESIAN_POINT ( 'NONE',  ( -0.6821257626794765550, 10.96210640258214220, 36.13026891666186202 ) ) ;
#3782 = CARTESIAN_POINT ( 'NONE',  ( -2.905474130627719642, 7.534379889709702738, 54.14449154242971929 ) ) ;
#3783 = CARTESIAN_POINT ( 'NONE',  ( -0.04269441397006009525, 10.34831331533810328, 51.71330344777410204 ) ) ;
#3784 = CARTESIAN_POINT ( 'NONE',  ( -4.976603262802780314, 4.002819532843882477, 54.26222485641685012 ) ) ;
#3785 = CARTESIAN_POINT ( 'NONE',  ( -4.132463785847277471, 5.657975178434786478, 54.36243436747317759 ) ) ;
#3786 = CARTESIAN_POINT ( 'NONE',  ( -0.8884209520677698313, 5.268572835449830016, 57.02403001907357805 ) ) ;
#3787 = CARTESIAN_POINT ( 'NONE',  ( -2.606998532554753556, 3.286531079920660847, 57.07797729193538316 ) ) ;
#3788 = CARTESIAN_POINT ( 'NONE',  ( -2.914142713784871663, 4.851061401758576253, -9.976194167148635827 ) ) ;
#3789 = CARTESIAN_POINT ( 'NONE',  ( 0.01834341208640770729, 10.30030610023498383, 51.90969482143620439 ) ) ;
#3790 = CARTESIAN_POINT ( 'NONE',  ( -0.3524786071342396188, 11.02109304015231039, 31.92477151093238064 ) ) ;
#3791 = CARTESIAN_POINT ( 'NONE',  ( -2.578474943007522668, 2.851367087953522450, 57.24784215595561676 ) ) ;
#3792 = ORIENTED_EDGE ( 'NONE', *, *, #5586, .T. ) ;
#3793 = CARTESIAN_POINT ( 'NONE',  ( -0.4908864036771247719, 10.46490532750021885, 50.92433388423131646 ) ) ;
#3794 = CARTESIAN_POINT ( 'NONE',  ( -5.313006465356851393, 5.251753025853901136, 52.32987396247348499 ) ) ;
#3795 = CARTESIAN_POINT ( 'NONE',  ( -0.01744597159510160103, 6.382630281377180026, 56.68851174285666872 ) ) ;
#3796 = EDGE_CURVE ( 'NONE', #1173, #6370, #2925, .T. ) ;
#3797 = CARTESIAN_POINT ( 'NONE',  ( -5.513257402167708321, 2.844281173623659065, 49.93831998456628440 ) ) ;
#3798 = CARTESIAN_POINT ( 'NONE',  ( -1.269200367570095800, 7.418500956990939699, -7.650930696487848515 ) ) ;
#3799 = CARTESIAN_POINT ( 'NONE',  ( -0.1924017387561591241, 10.52071346053458534, 50.82006610593118978 ) ) ;
#3800 = CARTESIAN_POINT ( 'NONE',  ( -2.314053359868573523, 8.462398306955615013, 53.68395285742096945 ) ) ;
#3801 = CARTESIAN_POINT ( 'NONE',  ( -0.01972684441069165115, 5.601970864833097252, 57.07398749281196615 ) ) ;
#3802 = CARTESIAN_POINT ( 'NONE',  ( -4.593495209891357511, 2.891753166512137430, 55.61569632424265563 ) ) ;
#3803 = CARTESIAN_POINT ( 'NONE',  ( -5.021629950269874243, 6.125950154971810946, 52.24038056054941137 ) ) ;
#3804 = CARTESIAN_POINT ( 'NONE',  ( -5.543013445763897096, 3.721217662933698822, 52.89266874616333070 ) ) ;
#3805 = CARTESIAN_POINT ( 'NONE',  ( -1.034841624871323029, 5.171156957431761292, 57.01644416832438367 ) ) ;
#3806 = CARTESIAN_POINT ( 'NONE',  ( -4.294827164570035549, 7.871860378062813801, 51.52545927061309783 ) ) ;
#3807 = CARTESIAN_POINT ( 'NONE',  ( -0.7351675765119053407, 9.922517590405497856, 52.70175439974974552 ) ) ;
#3808 = CARTESIAN_POINT ( 'NONE',  ( -4.939925256976871459, 5.567869554549467637, 53.01064489935521351 ) ) ;
#3809 = CARTESIAN_POINT ( 'NONE',  ( -3.473904865839334111, 6.948460145086944095, -4.242609888028082032 ) ) ;
#3810 = CARTESIAN_POINT ( 'NONE',  ( -5.689699246612994088, 4.918631555243743847, 46.27850128828892196 ) ) ;
#3811 = CARTESIAN_POINT ( 'NONE',  ( -0.06056435400358505666, 9.516551077916888701, 52.96272637222181601 ) ) ;
#3812 = CARTESIAN_POINT ( 'NONE',  ( -2.179224737431270764, 9.019637430024358693, 53.00701892860480768 ) ) ;
#3813 = CARTESIAN_POINT ( 'NONE',  ( -5.209998727129258711, 6.583127635424443014, 50.95933768168648470 ) ) ;
#3814 = CARTESIAN_POINT ( 'NONE',  ( -0.8730679293655547735, 9.326997574643348443, -0.5906511794208719746 ) ) ;
#3815 = CARTESIAN_POINT ( 'NONE',  ( -2.861578611453450716, 8.864219709891694166, 52.38649155282607950 ) ) ;
#3816 = CARTESIAN_POINT ( 'NONE',  ( -0.006688233311675298443, 9.798686786935856929, 53.30432339103103345 ) ) ;
#3817 = CARTESIAN_POINT ( 'NONE',  ( -3.778185192358129108, 7.795569514890215324, 52.68515826370305177 ) ) ;
#3818 = CARTESIAN_POINT ( 'NONE',  ( -2.407535516051278357, 3.972054739462377526, 56.92881031275624082 ) ) ;
#3819 = CARTESIAN_POINT ( 'NONE',  ( -1.151473570377293365, 9.395569215453933865, 53.43515853732877474 ) ) ;
#3820 = CARTESIAN_POINT ( 'NONE',  ( -3.154845014152032778, 9.242691114819637122, 4.101121911914641593 ) ) ;
#3821 = CARTESIAN_POINT ( 'NONE',  ( -5.262060730246721718, 6.150127951074344956, 20.75039693889289794 ) ) ;
#3822 = CARTESIAN_POINT ( 'NONE',  ( 0.08035492596996275660, 10.39445268548631418, 51.51297358265487958 ) ) ;
#3823 = CARTESIAN_POINT ( 'NONE',  ( -5.495510945467326991, 1.755806219578331495, -3.789740912245829652 ) ) ;
#3824 = CARTESIAN_POINT ( 'NONE',  ( -0.5731924181439104204, 11.00764636393652474, 20.74937999012058754 ) ) ;
#3825 = CARTESIAN_POINT ( 'NONE',  ( -3.513808914204430867, 8.438792755676978175, 52.11681047545019396 ) ) ;
#3826 = CARTESIAN_POINT ( 'NONE',  ( -0.02958568060543879594, 10.09331817333593406, 52.59369535638782622 ) ) ;
#3827 = CARTESIAN_POINT ( 'NONE',  ( -5.366061232168860329, 4.270215166901050630, 53.05303989609262771 ) ) ;
#3828 = CARTESIAN_POINT ( 'NONE',  ( -5.598228717669258891, 5.301776707867043470, 50.98201215342125892 ) ) ;
#3829 = CARTESIAN_POINT ( 'NONE',  ( -4.721117877588902445, 6.366134943153416437, 52.69351335009734782 ) ) ;
#3830 = CARTESIAN_POINT ( 'NONE',  ( -1.319546580261450108, 7.615625298723522008, 55.39975908328072052 ) ) ;
#3831 = CARTESIAN_POINT ( 'NONE',  ( -4.445468450122018744, 6.526241855181639018, 52.03246139812024040 ) ) ;
#3832 = CARTESIAN_POINT ( 'NONE',  ( 0.01772149749463645257, 10.12739958217423819, 52.49635404636546809 ) ) ;
#3833 = CARTESIAN_POINT ( 'NONE',  ( -0.2723241199281160596, 7.783617904399513066, -7.656860559050747916 ) ) ;
#3834 = CARTESIAN_POINT ( 'NONE',  ( -4.843362342103575635, 4.322373609704203368, 54.28185850379125554 ) ) ;
#3835 = CARTESIAN_POINT ( 'NONE',  ( -3.392752279211470601, 7.442802910151784523, 53.66336461646560707 ) ) ;
#3836 = ORIENTED_EDGE ( 'NONE', *, *, #1909, .F. ) ;
#3837 = CARTESIAN_POINT ( 'NONE',  ( -0.2376757104121543229, 6.358908739752331840, 56.67420711127663679 ) ) ;
#3838 = CARTESIAN_POINT ( 'NONE',  ( -3.737375652217413080, 4.039375502660902839, 55.97101118853340296 ) ) ;
#3839 = CARTESIAN_POINT ( 'NONE',  ( 0.001693130689796647692, 9.632538825216043321, 53.62425688671245894 ) ) ;
#3840 = CARTESIAN_POINT ( 'NONE',  ( -2.098488812743535728E-32, 1.562500000000000000, 57.50000000000000000 ) ) ;
#3841 = CARTESIAN_POINT ( 'NONE',  ( -0.8904086069154089067, 5.799750527989878890, 56.40954487386959215 ) ) ;
#3842 = CARTESIAN_POINT ( 'NONE',  ( -2.497052313939940760, 9.311127913734031480, 51.98690323673466196 ) ) ;
#3843 = CARTESIAN_POINT ( 'NONE',  ( -0.001067778376602310014, 9.753051387211082002, 53.39670677806089572 ) ) ;
#3844 = CARTESIAN_POINT ( 'NONE',  ( -0.003977885823236437801, 3.988646588841826102, 57.19072143327907298 ) ) ;
#3845 = CARTESIAN_POINT ( 'NONE',  ( -4.701831473343092149, 5.961980092179484103, 53.13256376894593558 ) ) ;
#3846 = CARTESIAN_POINT ( 'NONE',  ( -5.708273550248735617, 3.778579972473504522, 52.02774689382896867 ) ) ;
#3847 = CARTESIAN_POINT ( 'NONE',  ( -1.783737816466442139, 9.075967357096034860, 53.34984100025692300 ) ) ;
#3848 = CARTESIAN_POINT ( 'NONE',  ( -3.929521548343480220, 7.373359840156573419, 52.98640723905579364 ) ) ;
#3849 = CARTESIAN_POINT ( 'NONE',  ( -0.8922148640762482819, 10.33164748942279054, 51.13343683602403189 ) ) ;
#3850 = CARTESIAN_POINT ( 'NONE',  ( -5.209754671966122963, 5.898328580899486973, 51.94284634574553650 ) ) ;
#3851 = CARTESIAN_POINT ( 'NONE',  ( -4.284352845367911833, 3.836474929150427648, 54.84137237850247715 ) ) ;
#3852 = CARTESIAN_POINT ( 'NONE',  ( -0.09098913044287119944, 11.01135718601194391, 33.64227508202000649 ) ) ;
#3853 = CARTESIAN_POINT ( 'NONE',  ( -2.416211366107816172, 9.687328591226366470, 51.07272250480150433 ) ) ;
#3854 = CARTESIAN_POINT ( 'NONE',  ( -1.731391684401385689, 10.06387869889506881, 50.95933768168647049 ) ) ;
#3855 = CARTESIAN_POINT ( 'NONE',  ( -1.026781717413393968, 9.964673919597997198, 4.083085050914310621 ) ) ;
#3856 = CARTESIAN_POINT ( 'NONE',  ( -0.8843242897884684428, 3.511896010499408138, 57.58612064485046744 ) ) ;
#3857 = CARTESIAN_POINT ( 'NONE',  ( -0.02138933611055011952, 7.818639273320735938, 55.75175329916666556 ) ) ;
#3858 = CARTESIAN_POINT ( 'NONE',  ( -4.164201847242479104, 8.191046077244671153, 51.21038152564609902 ) ) ;
#3859 = CARTESIAN_POINT ( 'NONE',  ( -4.660255138657057650, 7.392993590752643840, 51.42483600462836790 ) ) ;
#3860 = CARTESIAN_POINT ( 'NONE',  ( -0.3971496257806920727, 4.261372169177468194, 57.49792324655409459 ) ) ;
#3861 = CARTESIAN_POINT ( 'NONE',  ( -2.785389322407247903, 7.861140609151474834, 53.13460468728021624 ) ) ;
#3862 = CARTESIAN_POINT ( 'NONE',  ( -5.209449858735265337, 6.481055032710713704, 10.78275356577251642 ) ) ;
#3863 = CARTESIAN_POINT ( 'NONE',  ( 0.01128551812401578508, 4.357494031347151520, 57.51598454459237786 ) ) ;
#3864 = CARTESIAN_POINT ( 'NONE',  ( -5.352647507209983502, 1.562500000000000444, 52.97377332266994188 ) ) ;
#3865 = CARTESIAN_POINT ( 'NONE',  ( -0.4719246209670077130, 8.511782449260817174, -4.973783056186210416 ) ) ;
#3866 = CARTESIAN_POINT ( 'NONE',  ( -3.005547222075153790, 7.788367195864644543, 53.75230127240857314 ) ) ;
#3867 = CARTESIAN_POINT ( 'NONE',  ( -0.03211580527155199344, 9.752676411452453564, 53.39660682129699154 ) ) ;
#3868 = CARTESIAN_POINT ( 'NONE',  ( -5.342512159736911848, 5.154110854324636115, 52.32898012564634627 ) ) ;
#3869 = CARTESIAN_POINT ( 'NONE',  ( -4.470641399998834586, 6.359894064832868565, 53.17729172179766550 ) ) ;
#3870 = CARTESIAN_POINT ( 'NONE',  ( -1.210599396933803140, 6.995371089821886379, 55.92673388541179236 ) ) ;
#3871 = CARTESIAN_POINT ( 'NONE',  ( -4.697941456042673991, 7.274878904233688992, 49.94045777316512158 ) ) ;
#3872 = CARTESIAN_POINT ( 'NONE',  ( 0.01993203658057845357, 9.947177733049057835, 52.97584872891131624 ) ) ;
#3873 = CARTESIAN_POINT ( 'NONE',  ( -0.1859833107589123347, 8.741022100054353317, -4.154439299893488702 ) ) ;
#3874 = CARTESIAN_POINT ( 'NONE',  ( -3.826807756178339126, 8.216321291383644976, 51.92665136555282857 ) ) ;
#3875 = ORIENTED_EDGE ( 'NONE', *, *, #6369, .T. ) ;
#3876 = CARTESIAN_POINT ( 'NONE',  ( -4.204436213801437283, 4.481200581850600884, 55.17117634163255246 ) ) ;
#3877 = CARTESIAN_POINT ( 'NONE',  ( 0.003754058400622149391, 9.776176569743741496, 53.35067074197696968 ) ) ;
#3878 = CARTESIAN_POINT ( 'NONE',  ( -5.500589621580385113, 2.163090550662183809, 50.65414469670096764 ) ) ;
#3879 = CARTESIAN_POINT ( 'NONE',  ( -1.858280446334320768, 9.279540911574203577, 0.4098883108699040156 ) ) ;
#3880 = CARTESIAN_POINT ( 'NONE',  ( -2.389158427683250707, 9.021963745286333491, 52.74374805723398651 ) ) ;
#3881 = CARTESIAN_POINT ( 'NONE',  ( -0.02005678159859939150, 7.130157449114987500, 56.25474255131781831 ) ) ;
#3882 = CARTESIAN_POINT ( 'NONE',  ( -4.749984863945063474, 3.829423539229510620, 53.86939699466790188 ) ) ;
#3883 = CARTESIAN_POINT ( 'NONE',  ( -5.275394840293230914, 6.326164063274418936, 51.10246079539692232 ) ) ;
#3884 = CARTESIAN_POINT ( 'NONE',  ( -2.869423348657173189, 2.453767387889149720, 57.22861402924944940 ) ) ;
#3885 = CARTESIAN_POINT ( 'NONE',  ( -1.912557204180245662, 9.556773285046187283, 52.25989731866606292 ) ) ;
#3886 = CARTESIAN_POINT ( 'NONE',  ( -1.531403008477330685, 3.455149066789038326, 57.44929381948210789 ) ) ;
#3887 = CARTESIAN_POINT ( 'NONE',  ( -0.6602272452452262463, 10.14715414630009782, 52.12208847323427818 ) ) ;
#3888 = CARTESIAN_POINT ( 'NONE',  ( -5.059474901099754618, 5.786731685708899953, 52.51673553649232673 ) ) ;
#3889 = CARTESIAN_POINT ( 'NONE',  ( -3.025389755810873105, 10.23730700681489481, 36.12961757953006270 ) ) ;
#3890 = CARTESIAN_POINT ( 'NONE',  ( -2.297776216725089249, 2.340099040533261565, 57.23608841506577249 ) ) ;
#3891 = CARTESIAN_POINT ( 'NONE',  ( -0.1175453564775699733, 9.777604712564285094, 2.015623765369861875 ) ) ;
#3892 = CARTESIAN_POINT ( 'NONE',  ( -2.395862272250648406, 9.634840762158050964, 51.27666799956288912 ) ) ;
#3893 = CARTESIAN_POINT ( 'NONE',  ( -1.039851018043064901, 10.32361643878666513, 50.95933768168646338 ) ) ;
#3894 = CARTESIAN_POINT ( 'NONE',  ( -1.248878266679295024, 9.256320652054609965, -0.5918243437543926344 ) ) ;
#3895 = CARTESIAN_POINT ( 'NONE',  ( 0.004738878336207195952, 10.34878413842409373, 51.71245810479044280 ) ) ;
#3896 = CARTESIAN_POINT ( 'NONE',  ( -2.155522072982357429, 7.297834114684600415, 55.07013190140035164 ) ) ;
#3897 = CARTESIAN_POINT ( 'NONE',  ( -0.001937174240048335216, 10.43635248701231255, 51.31590768162947569 ) ) ;
#3898 = CARTESIAN_POINT ( 'NONE',  ( -3.755204727084353156, 7.758966219631985517, 52.77341777674267576 ) ) ;
#3899 = CARTESIAN_POINT ( 'NONE',  ( -4.494218203994826411, 7.210862053551283957, 52.13886612349480743 ) ) ;
#3900 = CARTESIAN_POINT ( 'NONE',  ( -0.9866634203614860210, 9.592072915553060852, 53.21306096113296036 ) ) ;
#3901 = CARTESIAN_POINT ( 'NONE',  ( -2.098488812743535728E-32, 1.562500000000000000, 57.50000000000000000 ) ) ;
#3902 = CARTESIAN_POINT ( 'NONE',  ( -4.528259550851291060, 5.502183524303677409, -3.693658903798416215 ) ) ;
#3903 = CARTESIAN_POINT ( 'NONE',  ( -0.003977885823190554365, 7.673828654547470762, 55.34003331193258646 ) ) ;
#3904 = CARTESIAN_POINT ( 'NONE',  ( -5.481175161170311227, 1.752228301063177618, -4.374565870270332724 ) ) ;
#3905 = CARTESIAN_POINT ( 'NONE',  ( -0.4967802470430551787, 8.755737904413120276, 54.14222057855835146 ) ) ;
#3906 = CARTESIAN_POINT ( 'NONE',  ( -3.111437071617885408, 8.044634039730960140, 53.31094504468261874 ) ) ;
#3907 = CARTESIAN_POINT ( 'NONE',  ( -0.03082419909853943360, 10.34857409889801438, 51.71309032684279572 ) ) ;
#3908 = CARTESIAN_POINT ( 'NONE',  ( -2.062367516682849899, 2.416919069156072464, 57.53415415283207324 ) ) ;
#3909 = CARTESIAN_POINT ( 'NONE',  ( -5.199540983314197895, 5.062261667987201896, 52.84505913828070334 ) ) ;
#3910 = CARTESIAN_POINT ( 'NONE',  ( -5.156234555742147840, 6.756679732707078223, 50.89296614721884282 ) ) ;
#3911 = CARTESIAN_POINT ( 'NONE',  ( -1.545550596137303501, 9.375605352058993702, 53.08484582774240579 ) ) ;
#3912 = CARTESIAN_POINT ( 'NONE',  ( -1.976479534610672273, 8.352019490060690998, -3.596278489831443270 ) ) ;
#3913 = CARTESIAN_POINT ( 'NONE',  ( -4.882934848744354461, 7.650866662483568170, 18.26261469964491013 ) ) ;
#3914 = CARTESIAN_POINT ( 'NONE',  ( -0.0002199690301102464707, 8.438654045484518917, 55.18325159670749969 ) ) ;
#3915 = CARTESIAN_POINT ( 'NONE',  ( -1.462434383211648364E-15, 1.562500000000000000, -14.99999999999999822 ) ) ;
#3916 = CARTESIAN_POINT ( 'NONE',  ( -1.714920117472515937, 4.197972230432744034, 57.13904927998514438 ) ) ;
#3917 = ORIENTED_EDGE ( 'NONE', *, *, #6215, .F. ) ;
#3918 = CARTESIAN_POINT ( 'NONE',  ( -3.358903741828918044, 3.711928501933024371, 56.44876535818184493 ) ) ;
#3919 = CARTESIAN_POINT ( 'NONE',  ( 0.003078008456797551740, 9.729398098500814385, 53.44246933356609475 ) ) ;
#3920 = CARTESIAN_POINT ( 'NONE',  ( -5.515454047433516749, 3.115357214310694456, 10.78035643974379276 ) ) ;
#3921 = CARTESIAN_POINT ( 'NONE',  ( -2.098488812743535728E-32, 1.562500000000000000, 57.50000000000000000 ) ) ;
#3922 = AXIS2_PLACEMENT_3D ( 'NONE', #821, #3446, #1563 ) ;
#3923 = CARTESIAN_POINT ( 'NONE',  ( -2.581225160835794785, 9.520640630043303076, 51.28179619332624384 ) ) ;
#3924 = CARTESIAN_POINT ( 'NONE',  ( 0.002817104758639529631, 10.37232395492968884, 51.61359486741433500 ) ) ;
#3925 = CARTESIAN_POINT ( 'NONE',  ( -5.371306435061457663, 3.561035462390103934, 51.70824042826878042 ) ) ;
#3926 = CARTESIAN_POINT ( 'NONE',  ( -5.167634194049880669, 6.241754996786586851, 51.63392892023949798 ) ) ;
#3927 = CARTESIAN_POINT ( 'NONE',  ( -5.813198494987091181, 3.806033471517615396, 51.07123612112097533 ) ) ;
#3928 = CARTESIAN_POINT ( 'NONE',  ( -0.8135898463159284555, 4.462321449125907336, 57.34650733382382271 ) ) ;
#3929 = CARTESIAN_POINT ( 'NONE',  ( -1.726009889513362872, 3.742260656645632455, 57.30062346649561533 ) ) ;
#3930 = CARTESIAN_POINT ( 'NONE',  ( -0.5880625014965967789, 9.195591431721869213, 54.13079443865866125 ) ) ;
#3931 = CARTESIAN_POINT ( 'NONE',  ( -3.378377880446598702, 4.121812682290449281, 56.23780632684952963 ) ) ;
#3932 = CARTESIAN_POINT ( 'NONE',  ( -2.990277296613805369, 10.21670367652864719, 31.92479590995020189 ) ) ;
#3933 = CARTESIAN_POINT ( 'NONE',  ( -5.449353599905848888, 4.435207412316848341, 6.208044360852651877 ) ) ;
#3934 = CARTESIAN_POINT ( 'NONE',  ( -0.04835592112957085020, 9.413112654887136443, -0.5874249775036929355 ) ) ;
#3935 = CARTESIAN_POINT ( 'NONE',  ( -1.031947826211469854, 4.742467004639206785, 57.17639980480128514 ) ) ;
#3936 = CARTESIAN_POINT ( 'NONE',  ( -0.003977885823353409338, 5.945498262770732012, 56.91926526695021948 ) ) ;
#3937 = CARTESIAN_POINT ( 'NONE',  ( -1.114182827377558471, 9.075000747846393878, 53.14301488005095564 ) ) ;
#3938 = CARTESIAN_POINT ( 'NONE',  ( -0.01659235370601818554, 4.780548083679133420, 57.38486710066127472 ) ) ;
#3939 = CARTESIAN_POINT ( 'NONE',  ( -3.011291866551562446, 9.192882055979236355, 51.39594586016823285 ) ) ;
#3940 = CARTESIAN_POINT ( 'NONE',  ( -0.001575975426492378598, 10.39446597132403127, 51.51451547817620025 ) ) ;
#3941 = CARTESIAN_POINT ( 'NONE',  ( -3.914090670130910610, 8.002847122224856946, 52.12710327957774581 ) ) ;
#3942 = CARTESIAN_POINT ( 'NONE',  ( -2.280149390849772306, 4.105246063535035184, 56.93839931468505711 ) ) ;
#3943 = CARTESIAN_POINT ( 'NONE',  ( -1.088711721615699402, 10.22245704010766154, 51.33983430600413556 ) ) ;
#3944 = CARTESIAN_POINT ( 'NONE',  ( -0.3634429833426384149, 2.056434814402907651, 57.50000000000000000 ) ) ;
#3945 = CARTESIAN_POINT ( 'NONE',  ( -5.297877428732543414, 5.775918796315493431, 33.64144116615982938 ) ) ;
#3946 = CARTESIAN_POINT ( 'NONE',  ( -2.098488812743535728E-32, 1.562500000000000000, 57.50000000000000000 ) ) ;
#3947 = CARTESIAN_POINT ( 'NONE',  ( -5.106195682760059640, 1.562500000000003331, -7.610904124188313524 ) ) ;
#3948 = CARTESIAN_POINT ( 'NONE',  ( -0.6030447222974616439, 9.752034567570547097, 2.020321845825953311 ) ) ;
#3949 = CARTESIAN_POINT ( 'NONE',  ( -3.492321787052602655, 8.799490981762620123, 51.40740257838611171 ) ) ;
#3950 = CARTESIAN_POINT ( 'NONE',  ( -0.03219660716324693195, 6.000540297182643812, 56.89244708880998047 ) ) ;
#3951 = CARTESIAN_POINT ( 'NONE',  ( -5.062399450458714867, 4.279054151096627123, 53.83980623482817407 ) ) ;
#3952 = CARTESIAN_POINT ( 'NONE',  ( -5.547053455243152520, 5.272630003652960973, 51.30568987614132936 ) ) ;
#3953 = CARTESIAN_POINT ( 'NONE',  ( -2.728676598232548933, 4.060114441954008058, 56.71479357052208314 ) ) ;
#3954 = ADVANCED_FACE ( 'NONE', ( #8035 ), #7878, .T. ) ;
#3955 = CARTESIAN_POINT ( 'NONE',  ( -1.461362460975964339, 8.940070773101538748, 53.86018432674921286 ) ) ;
#3956 = CARTESIAN_POINT ( 'NONE',  ( -0.4399477951187530378, 3.470990381732955488, -14.99999999999999645 ) ) ;
#3957 = CARTESIAN_POINT ( 'NONE',  ( -5.222922118419838888, 6.815514168894170055, 48.51392793203239506 ) ) ;
#3958 = CARTESIAN_POINT ( 'NONE',  ( 0.0004545263965086444044, 6.382544775519675362, 56.68963370640189936 ) ) ;
#3959 = CARTESIAN_POINT ( 'NONE',  ( -0.2339257175964881141, 5.510513908663378757, -13.06837018008632967 ) ) ;
#3960 = CARTESIAN_POINT ( 'NONE',  ( -1.877189947022645855, 4.498030945102295064, 56.96742451641683402 ) ) ;
#3961 = CARTESIAN_POINT ( 'NONE',  ( -0.1327915597312514795, 10.05484591910222747, 52.69161201574502229 ) ) ;
#3962 = DIRECTION ( 'NONE',  ( -3.414809992080346871E-15, 0.000000000000000000, -1.000000000000000000 ) ) ;
#3963 = CARTESIAN_POINT ( 'NONE',  ( -5.328740085118264247, 5.378280015966700134, 52.13841697803886177 ) ) ;
#3964 = CARTESIAN_POINT ( 'NONE',  ( -4.447709590314662620, 8.898517351227800631, 37.30689902798311408 ) ) ;
#3965 = CARTESIAN_POINT ( 'NONE',  ( -0.01488875760067976013, 6.382618066392423906, 56.68867202344107170 ) ) ;
#3966 = CARTESIAN_POINT ( 'NONE',  ( -4.336560188241384672, 2.416369845973371788, -9.930845611153232610 ) ) ;
#3967 = CARTESIAN_POINT ( 'NONE',  ( -1.668961605747832921, 8.493718522614807753, -3.588488056714084440 ) ) ;
#3968 = CARTESIAN_POINT ( 'NONE',  ( -1.745070577124672839, 6.966150300008642660, 55.64642539739981686 ) ) ;
#3969 = CARTESIAN_POINT ( 'NONE',  ( -0.02032283733753779617, 6.382644023198055905, 56.68833142717831919 ) ) ;
#3970 = CARTESIAN_POINT ( 'NONE',  ( -0.04198102512890376781, 3.988646588841840313, 57.60173897847383984 ) ) ;
#3971 = CARTESIAN_POINT ( 'NONE',  ( -2.823367615161382460, 2.521968169202009946, 57.23176967785542502 ) ) ;
#3972 = CARTESIAN_POINT ( 'NONE',  ( -1.881049891263831597, 9.451426206351602133, 52.54436515145480513 ) ) ;
#3973 = CARTESIAN_POINT ( 'NONE',  ( -4.396416698162320280, 8.002008058894988451, 51.00272124254803430 ) ) ;
#3974 = CARTESIAN_POINT ( 'NONE',  ( -0.4531487683167866320, 7.047118241098237590, 56.22497156411623109 ) ) ;
#3975 = CARTESIAN_POINT ( 'NONE',  ( -4.266737170605792606, 5.094129412882568708, 54.62847724854962905 ) ) ;
#3976 = CARTESIAN_POINT ( 'NONE',  ( -3.018902032778487676, 9.068323279029032236, 50.26334143710873548 ) ) ;
#3977 = CARTESIAN_POINT ( 'NONE',  ( -5.100037119364954741, 4.001044939563470848, -3.732611069385202374 ) ) ;
#3978 = CARTESIAN_POINT ( 'NONE',  ( -0.1188306673612003483, 10.66738753505539350, 12.45392914354165548 ) ) ;
#3979 = AXIS2_PLACEMENT_3D ( 'NONE', #2873, #4420, #3080 ) ;
#3980 = CARTESIAN_POINT ( 'NONE',  ( -2.426087410947983525, 9.712658067947304019, 50.97059985743235444 ) ) ;
#3981 = CARTESIAN_POINT ( 'NONE',  ( -0.1109674703369441240, 10.50372754681764675, 50.95933768168648470 ) ) ;
#3982 = CARTESIAN_POINT ( 'NONE',  ( -1.474318400100831372, 10.12804399373840525, 6.167326518440763294 ) ) ;
#3983 = CARTESIAN_POINT ( 'NONE',  ( 0.003722643795892769964, 9.966765572973175225, 52.92855478946338366 ) ) ;
#3984 = CARTESIAN_POINT ( 'NONE',  ( -2.997369727526347116, 9.163002297970386678, 51.49791922757621165 ) ) ;
#3985 = CARTESIAN_POINT ( 'NONE',  ( -0.0007774391179167827780, 10.27376803297674535, 52.00842643674863552 ) ) ;
#3986 = CARTESIAN_POINT ( 'NONE',  ( -1.481151078682942046, 3.499951778734863961, 57.45188076330975946 ) ) ;
#3987 = CARTESIAN_POINT ( 'NONE',  ( -3.450061895822981839, 5.939740877762494264, 54.97874622563359281 ) ) ;
#3988 = CARTESIAN_POINT ( 'NONE',  ( -0.8345497413975268008, 9.035559014055001725, 54.20544188760410975 ) ) ;
#3989 = CARTESIAN_POINT ( 'NONE',  ( -3.647035245985608132, 9.782660592456265292, 24.06751829250429608 ) ) ;
#3990 = CARTESIAN_POINT ( 'NONE',  ( -4.880517682336515506, 5.496010780834374998, -1.229520509766039105 ) ) ;
#3991 = CARTESIAN_POINT ( 'NONE',  ( -0.003977885823192542358, 8.310347658018837791, 54.74511632608763279 ) ) ;
#3992 = DIRECTION ( 'NONE',  ( 1.000000000000000000, -0.000000000000000000, -3.335730344018426891E-15 ) ) ;
#3993 = CARTESIAN_POINT ( 'NONE',  ( -0.7139132180995105825, 9.626021088341628840, 52.33523947760835426 ) ) ;
#3994 = CARTESIAN_POINT ( 'NONE',  ( -3.159043236235232310, 8.153667234036618083, 53.10629758101934783 ) ) ;
#3995 = CARTESIAN_POINT ( 'NONE',  ( -0.02353886291861843547, 9.529005999609154287, 53.80213403547544715 ) ) ;
#3996 = CARTESIAN_POINT ( 'NONE',  ( -5.712608554881835055, 4.431261938909335285, 51.29601143709268740 ) ) ;
#3997 = CARTESIAN_POINT ( 'NONE',  ( -5.163365238062812779, 5.036350888193709352, 52.96103057861319741 ) ) ;
#3998 = CARTESIAN_POINT ( 'NONE',  ( -2.533643357621928605, 3.835657778100578508, 56.91920281653125357 ) ) ;
#3999 = CARTESIAN_POINT ( 'NONE',  ( -1.591068220825253787, 9.575443440559434194, 52.62891562108038102 ) ) ;
#4000 = CARTESIAN_POINT ( 'NONE',  ( -1.679899199817567412, 7.404133327122240260, -6.993428976519438400 ) ) ;
#4001 = CARTESIAN_POINT ( 'NONE',  ( -5.019058711229452463, 7.264767630746136184, 15.73793069614013440 ) ) ;
#4002 = CARTESIAN_POINT ( 'NONE',  ( 0.03726126024856466629, 9.966827726488139305, 52.92812506015768292 ) ) ;
#4003 = CARTESIAN_POINT ( 'NONE',  ( -2.098488812743535728E-32, 1.562500000000000000, 57.50000000000000000 ) ) ;
#4004 = CARTESIAN_POINT ( 'NONE',  ( -2.425413023917081023, 5.627221705430097920, 56.09596363009315922 ) ) ;
#4005 = CARTESIAN_POINT ( 'NONE',  ( -0.1361457029500860727, 10.26932794306430630, 52.01107827833573793 ) ) ;
#4006 = VERTEX_POINT ( 'NONE', #4640 ) ;
#4007 = CARTESIAN_POINT ( 'NONE',  ( -5.539197946811857065, 5.629908326095894644, 50.87894305388311267 ) ) ;
#4008 = CARTESIAN_POINT ( 'NONE',  ( -1.729232514127024833, 4.282338576466888647, -13.02595614542642366 ) ) ;
#4009 = CARTESIAN_POINT ( 'NONE',  ( 0.006941029347650918939, 9.926955675640128263, 53.02327111957294647 ) ) ;
#4010 = CARTESIAN_POINT ( 'NONE',  ( -5.286108685759511872, 2.143905811903255021, 53.26171642283796359 ) ) ;
#4011 = CARTESIAN_POINT ( 'NONE',  ( -1.472364679129512632, 7.686503329264685824, -6.560948556927331587 ) ) ;
#4012 = CARTESIAN_POINT ( 'NONE',  ( -1.589831759320894822, 6.360940737984250859, 56.15461766619364425 ) ) ;
#4013 = CARTESIAN_POINT ( 'NONE',  ( -0.01801017668387296794, 7.818656912600519426, 55.75194675394448041 ) ) ;
#4014 = CARTESIAN_POINT ( 'NONE',  ( -5.346576697619576990, 3.829587863979577733, 53.45891178261349808 ) ) ;
#4015 = CARTESIAN_POINT ( 'NONE',  ( -1.832575168993483938, 9.274965281743735801, 52.95574978432733815 ) ) ;
#4016 = CARTESIAN_POINT ( 'NONE',  ( -3.517603346849848656, 7.151790429853860154, 53.81335453698815030 ) ) ;
#4017 = CARTESIAN_POINT ( 'NONE',  ( -0.7963679726366839073, 10.39814656617464905, 50.93030180849603994 ) ) ;
#4018 = CARTESIAN_POINT ( 'NONE',  ( -5.256031885346395427, 5.931698865232860385, 51.73706427666064656 ) ) ;
#4019 = CARTESIAN_POINT ( 'NONE',  ( 0.005037698663710010738, 10.39446299348865388, 51.51440155812711197 ) ) ;
#4020 = CARTESIAN_POINT ( 'NONE',  ( -2.372212262009318895, 2.247066686859366946, 57.23332024651097782 ) ) ;
#4021 = CARTESIAN_POINT ( 'NONE',  ( -0.04798668726003515322, 4.055324125024393211, 57.30114037610422173 ) ) ;
#4022 = CARTESIAN_POINT ( 'NONE',  ( -0.6809257212711647966, 3.653688550619401010, 57.59316068981728876 ) ) ;
#4023 = CARTESIAN_POINT ( 'NONE',  ( -0.003977885822786995235, 9.385721437589243266, 54.03497464967330899 ) ) ;
#4024 = CARTESIAN_POINT ( 'NONE',  ( -1.017080370329956240, 8.502607797802241407, 54.12448715248851272 ) ) ;
#4025 = CARTESIAN_POINT ( 'NONE',  ( 0.003731511384685112613, 10.49360292275460438, 51.01736344617820151 ) ) ;
#4026 = CARTESIAN_POINT ( 'NONE',  ( -2.727076277666997672, 9.060732865192784757, 52.19086354375888703 ) ) ;
#4027 = CARTESIAN_POINT ( 'NONE',  ( -0.002770849805140714658, 9.885965232093425925, 53.11767650308347299 ) ) ;
#4028 = FACE_BOUND ( 'NONE', #129, .T. ) ;
#4029 = CARTESIAN_POINT ( 'NONE',  ( -2.803089471061518179, 5.993406091392540880, 55.57224489706249670 ) ) ;
#4030 = CARTESIAN_POINT ( 'NONE',  ( -1.446775772840765084, 3.049265805917994676, 57.56255722939279451 ) ) ;
#4031 = CARTESIAN_POINT ( 'NONE',  ( -1.084075166418931868, 10.19909256380636009, 51.44005801495238472 ) ) ;
#4032 = CARTESIAN_POINT ( 'NONE',  ( -3.556537232782856162, 9.556760893860039019, 12.44902179854094015 ) ) ;
#4033 = CARTESIAN_POINT ( 'NONE',  ( -5.000613911886762075, 5.646971998504350054, 0.4206658272020997180 ) ) ;
#4034 = CARTESIAN_POINT ( 'NONE',  ( -0.003977885823203895256, 10.02737473275275271, 51.34167968771811985 ) ) ;
#4035 = CARTESIAN_POINT ( 'NONE',  ( -1.748565541568575243, 1.562499999999999778, -14.99999999999998757 ) ) ;
#4036 = CARTESIAN_POINT ( 'NONE',  ( -0.4154652598130733621, 6.075156518816793749, 56.43392115689668742 ) ) ;
#4037 = CARTESIAN_POINT ( 'NONE',  ( -2.982388869952665722, 8.196696886956317485, 53.27032255983223763 ) ) ;
#4038 = CARTESIAN_POINT ( 'NONE',  ( -0.01982737527219368898, 9.864474353774316029, 53.16457677547631278 ) ) ;
#4039 = CARTESIAN_POINT ( 'NONE',  ( -4.909982802453177975, 4.162596571274042923, 54.27204168010405283 ) ) ;
#4040 = CARTESIAN_POINT ( 'NONE',  ( -4.684811120417904817, 6.591870374647676556, 52.51902271128084010 ) ) ;
#4041 = CARTESIAN_POINT ( 'NONE',  ( -1.480556641164469056, 9.044668121021750551, 53.69172776820241921 ) ) ;
#4042 = CARTESIAN_POINT ( 'NONE',  ( -1.541433976443310261, 7.252935911842329553, 55.03854624838245968 ) ) ;
#4043 = CARTESIAN_POINT ( 'NONE',  ( -4.806275653527999125, 6.891196687983671687, 50.26974023844239525 ) ) ;
#4044 = CARTESIAN_POINT ( 'NONE',  ( 0.03933424208404150135, 10.09361421575133555, 52.59244884490232153 ) ) ;
#4045 = CARTESIAN_POINT ( 'NONE',  ( -0.3075874861736382915, 8.983971917751079062, -2.957910210625648517 ) ) ;
#4046 = CARTESIAN_POINT ( 'NONE',  ( -2.764067229944907833, 6.394973374461939919, 55.31136026866861499 ) ) ;
#4047 = CARTESIAN_POINT ( 'NONE',  ( -0.1345204677072313337, 10.18449263713786124, 52.30469863003126818 ) ) ;
#4048 = VERTEX_POINT ( 'NONE', #2105 ) ;
#4049 = CARTESIAN_POINT ( 'NONE',  ( -5.141592278129630600, 5.488537175826301073, 52.60197828930228070 ) ) ;
#4050 = CARTESIAN_POINT ( 'NONE',  ( -3.813196400447192769, 6.968889980737402290, -3.055829001344649853 ) ) ;
#4051 = CARTESIAN_POINT ( 'NONE',  ( 0.009163764250835293099, 10.24722486108125352, 52.10650515438766917 ) ) ;
#4052 = CARTESIAN_POINT ( 'NONE',  ( -5.517490754122203356, 2.115044551881249291, 46.23282002809871472 ) ) ;
#4053 = CARTESIAN_POINT ( 'NONE',  ( -1.720395744205461153, 9.300927142682564153, 51.95905001836053572 ) ) ;
#4054 = CARTESIAN_POINT ( 'NONE',  ( 0.003503472355899347416, 10.21907939264321996, 52.20459468105298129 ) ) ;
#4055 = CARTESIAN_POINT ( 'NONE',  ( -5.626557063562322547, 3.964219856548286014, 52.31731852916635006 ) ) ;
#4056 = CARTESIAN_POINT ( 'NONE',  ( -1.916834990155427132, 9.924797606643284809, 51.16112882259864136 ) ) ;
#4057 = CARTESIAN_POINT ( 'NONE',  ( -4.247862844451092634, 8.137496093275553122, 51.10653723764306022 ) ) ;
#4058 = ADVANCED_FACE ( 'NONE', ( #851 ), #5924, .T. ) ;
#4059 = CARTESIAN_POINT ( 'NONE',  ( -0.5163380651064356508, 9.446246759481130795, 53.79186652640322563 ) ) ;
#4060 = CARTESIAN_POINT ( 'NONE',  ( -4.915801262923814363, 5.791025645750200290, 52.85674234934414528 ) ) ;
#4061 = CARTESIAN_POINT ( 'NONE',  ( 0.003519148510169925990, 9.906751928104565508, 53.07057438650979719 ) ) ;
#4062 = CARTESIAN_POINT ( 'NONE',  ( -5.399710417712218380, 4.316367459055485689, 50.64187552107419066 ) ) ;
#4063 = CARTESIAN_POINT ( 'NONE',  ( -0.01464735982137002450, 2.240509865131639078, 57.50000000000001421 ) ) ;
#4064 = CARTESIAN_POINT ( 'NONE',  ( -2.117290345890676218, 9.162747922633514008, 52.82739976889619271 ) ) ;
#4065 = CARTESIAN_POINT ( 'NONE',  ( -0.003977885823201333070, 10.03879629643383176, 52.10921762787442191 ) ) ;
#4066 = CARTESIAN_POINT ( 'NONE',  ( -1.083827677676434398, 9.453486079505742268, 0.4084017568930490283 ) ) ;
#4067 = CARTESIAN_POINT ( 'NONE',  ( 0.004319410726367504429, 10.02392235038363211, 52.78561934239772313 ) ) ;
#4068 = CARTESIAN_POINT ( 'NONE',  ( -2.231899593002319548, 7.859175135547793900, 54.48171519378221461 ) ) ;
#4069 = CARTESIAN_POINT ( 'NONE',  ( -0.01557538873798438271, 8.438635708171508654, 55.18243734418633295 ) ) ;
#4070 = CARTESIAN_POINT ( 'NONE',  ( -5.586016213341057579, 3.699564844333232738, 52.73770142653475546 ) ) ;
#4071 = PRODUCT_DEFINITION_CONTEXT ( 'detailed design', #3250, 'design' ) ;
#4072 = CARTESIAN_POINT ( 'NONE',  ( -1.455419858593451243, 3.522431884682986070, 57.45317962771805753 ) ) ;
#4073 = CARTESIAN_POINT ( 'NONE',  ( -0.2043830910329370865, 7.114746393602632502, 56.24262856116089893 ) ) ;
#4074 = CARTESIAN_POINT ( 'NONE',  ( -4.503585515958421936, 7.512658198421489075, 51.63231368211994976 ) ) ;
#4075 = CARTESIAN_POINT ( 'NONE',  ( -0.3108179523586183102, 3.859617495081956395, 57.60613505073385454 ) ) ;
#4076 = CARTESIAN_POINT ( 'NONE',  ( -3.533542353538960956, 9.475967058185341685, 10.78515069180127384 ) ) ;
#4077 = CARTESIAN_POINT ( 'NONE',  ( -5.491607468370462541, 5.648860809727831445, 48.50161484724790739 ) ) ;
#4078 = CARTESIAN_POINT ( 'NONE',  ( -0.003977885823197626833, 9.397829325097401210, 53.21271479142180993 ) ) ;
#4079 = CARTESIAN_POINT ( 'NONE',  ( -0.003977885823201333070, 10.03879629643383176, 52.10921762787442191 ) ) ;
#4080 = CARTESIAN_POINT ( 'NONE',  ( -0.8321769770054977533, 10.14712377426783974, 49.94286278533866863 ) ) ;
#4081 = CARTESIAN_POINT ( 'NONE',  ( -3.129125222822765284, 8.528808441952987707, 52.58112954179956233 ) ) ;
#4082 = CARTESIAN_POINT ( 'NONE',  ( -0.02056361425223184741, 9.798570074533484942, 53.30431911470625295 ) ) ;
#4083 = CARTESIAN_POINT ( 'NONE',  ( -5.246178468021942543, 4.413605014847318486, 53.26985943800242751 ) ) ;
#4084 = CARTESIAN_POINT ( 'NONE',  ( -3.593395594362681855, 5.397175835597225024, 55.23785776294822369 ) ) ;
#4085 = CARTESIAN_POINT ( 'NONE',  ( -1.381404707792207143, 8.482998756183494748, 54.51281390791458392 ) ) ;
#4086 = CARTESIAN_POINT ( 'NONE',  ( -2.389754246350211275, 10.12086737590080787, 9.117880033769642623 ) ) ;
#4087 = CARTESIAN_POINT ( 'NONE',  ( -3.960014246795686699, 5.482703668347886250, 53.99495604032605911 ) ) ;
#4088 = CARTESIAN_POINT ( 'NONE',  ( 0.04054442144239378543, 10.18913810630809635, 52.30123380476302231 ) ) ;
#4089 = CARTESIAN_POINT ( 'NONE',  ( -0.3395261236979082442, 9.730816409428303615, 52.32836281417207402 ) ) ;
#4090 = CARTESIAN_POINT ( 'NONE',  ( -3.759538093394537484, 8.289711258796433668, 51.92500473240866654 ) ) ;
#4091 = CARTESIAN_POINT ( 'NONE',  ( -0.08809467741748461256, 9.473100585999228329, 53.88881482266048550 ) ) ;
#4092 = VERTEX_POINT ( 'NONE', #1418 ) ;
#4093 = CARTESIAN_POINT ( 'NONE',  ( -4.383712830811510308, 5.723748191269447894, 53.91170775524795999 ) ) ;
#4094 = CARTESIAN_POINT ( 'NONE',  ( -5.116124108119597835, 5.469696001797383467, 52.68623660925291574 ) ) ;
#4095 = CARTESIAN_POINT ( 'NONE',  ( -2.918878927189103134, 5.594121749310642322, -8.636156064010743094 ) ) ;
#4096 = CARTESIAN_POINT ( 'NONE',  ( 0.007984822530782118705, 10.51136101877188445, 50.91775520183875869 ) ) ;
#4097 = CARTESIAN_POINT ( 'NONE',  ( -5.466077478174991455, 4.994244064084727874, 52.03747198618128778 ) ) ;
#4098 = CARTESIAN_POINT ( 'NONE',  ( -5.503395350642021455, 2.213679074416173176, 7.863446028012043065 ) ) ;
#4099 = CARTESIAN_POINT ( 'NONE',  ( -1.966349964210341250, 8.937751350028472430, -1.190993129223562930 ) ) ;
#4100 = CARTESIAN_POINT ( 'NONE',  ( -0.01319696341819656497, 3.927335221024434553, 57.61775062341013864 ) ) ;
#4101 = CARTESIAN_POINT ( 'NONE',  ( -5.659324506380546183, 3.975635327297212918, 52.12655177309359544 ) ) ;
#4102 = CARTESIAN_POINT ( 'NONE',  ( -4.126650914054725838, 7.972823477291295369, 51.72980746366110338 ) ) ;
#4103 = CARTESIAN_POINT ( 'NONE',  ( -0.5874683083977009224, 10.40883841965380086, 51.12644276449457692 ) ) ;
#4104 = CARTESIAN_POINT ( 'NONE',  ( -5.220179504180954666, 6.029726399690097161, 51.73762351454222141 ) ) ;
#4105 = CARTESIAN_POINT ( 'NONE',  ( -0.01435605963361773901, 4.357750479981676861, 57.51487224434183787 ) ) ;
#4106 = CARTESIAN_POINT ( 'NONE',  ( -5.536598743716137250, 4.076544989011832598, 37.29798265342522967 ) ) ;
#4107 = CARTESIAN_POINT ( 'NONE',  ( -0.1924390309588937531, 9.626523640636138524, 52.68258209647722623 ) ) ;
#4108 = CARTESIAN_POINT ( 'NONE',  ( -1.170376483076906560, 5.491575613410181411, 56.82415590769839042 ) ) ;
#4109 = CARTESIAN_POINT ( 'NONE',  ( -0.003977885823565409026, 9.750054673032831687, 53.40398906070847573 ) ) ;
#4110 = CARTESIAN_POINT ( 'NONE',  ( -1.082582766831730492, 7.881513805871410483, -6.559296160927049257 ) ) ;
#4111 = CARTESIAN_POINT ( 'NONE',  ( -0.1027370164326126684, 5.186714455240567290, 57.22485580106189929 ) ) ;
#4112 = CARTESIAN_POINT ( 'NONE',  ( -2.518588075279672100, 8.795302452266270166, 52.96935322686300651 ) ) ;
#4113 = CARTESIAN_POINT ( 'NONE',  ( -0.004741450097061287311, 9.475378270383417956, 53.89033602394162159 ) ) ;
#4114 = CARTESIAN_POINT ( 'NONE',  ( -3.921864426431236783, 3.964015910943329501, 55.82204683013428337 ) ) ;
#4115 = CARTESIAN_POINT ( 'NONE',  ( -3.382870546494374686, 7.237407829751569821, 53.89502982321941715 ) ) ;
#4116 = CARTESIAN_POINT ( 'NONE',  ( -0.3691120752438361019, 10.15499818965836454, 52.30952414768648140 ) ) ;
#4117 = CARTESIAN_POINT ( 'NONE',  ( -4.143131919506036986, 7.070715313717863992, 52.98647148181935762 ) ) ;
#4118 = CARTESIAN_POINT ( 'NONE',  ( -0.8114324075010354020, 9.733871600797723289, 53.07541344316599208 ) ) ;
#4119 = CARTESIAN_POINT ( 'NONE',  ( -2.957330370799370556, 7.181359974739448759, -5.025102644714440459 ) ) ;
#4120 = AXIS2_PLACEMENT_3D ( 'NONE', #7683, #8326, #6391 ) ;
#4121 = CARTESIAN_POINT ( 'NONE',  ( -1.264309708108853902, 2.528604055837396114, -14.99999999999998934 ) ) ;
#4122 = CARTESIAN_POINT ( 'NONE',  ( -0.02265910652953022700, 9.986436085436672272, 51.52131436207378812 ) ) ;
#4123 = CARTESIAN_POINT ( 'NONE',  ( -4.890061941761566722, 1.562499999999998668, -8.583132878762766538 ) ) ;
#4124 = CARTESIAN_POINT ( 'NONE',  ( -0.8036467801873760086, 10.04240113950545599, 50.59791097507830671 ) ) ;
#4125 = CARTESIAN_POINT ( 'NONE',  ( -3.218986137657142699, 8.709762514173215564, 52.10820985932019767 ) ) ;
#4126 = CARTESIAN_POINT ( 'NONE',  ( -0.01937551331344396915, 9.906627057007753479, 53.07072757683276620 ) ) ;
#4127 = CARTESIAN_POINT ( 'NONE',  ( -3.050313842809201592, 2.717914383852110927, 57.04523256894497507 ) ) ;
#4128 = CARTESIAN_POINT ( 'NONE',  ( -4.170096776051392062, 6.241235544568466409, 53.78140169851302943 ) ) ;
#4129 = CARTESIAN_POINT ( 'NONE',  ( -0.7416437930781408783, 6.160567402583882135, 56.64139968346751175 ) ) ;
#4130 = CARTESIAN_POINT ( 'NONE',  ( -2.059654568158739707, 8.470897609674407747, 53.13857616719965904 ) ) ;
#4131 = CARTESIAN_POINT ( 'NONE',  ( -2.098488812743535728E-32, 1.562500000000000000, 57.50000000000000000 ) ) ;
#4132 = CARTESIAN_POINT ( 'NONE',  ( 0.02404356335611740683, 9.245972915422552063, 54.23435542368445539 ) ) ;
#4133 = CARTESIAN_POINT ( 'NONE',  ( -0.3214881547062707901, 8.726938529114281806, -4.158038099409187005 ) ) ;
#4134 = CARTESIAN_POINT ( 'NONE',  ( -3.450410373066506331, 7.944120223461796471, 52.98308431814800201 ) ) ;
#4135 = CARTESIAN_POINT ( 'NONE',  ( -0.08720830248290030451, 8.139537554847468215, 55.47407187690150465 ) ) ;
#4136 = ORIENTED_EDGE ( 'NONE', *, *, #638, .T. ) ;
#4137 = CARTESIAN_POINT ( 'NONE',  ( -4.832906927736143388, 6.216044890182210736, 52.60724932689554123 ) ) ;
#4138 = CARTESIAN_POINT ( 'NONE',  ( -4.655370424410538277, 5.049096417739097120, 54.02803963661034459 ) ) ;
#4139 = CARTESIAN_POINT ( 'NONE',  ( -3.242288527139092214, 6.547497515862755080, -5.839651666286572507 ) ) ;
#4140 = CARTESIAN_POINT ( 'NONE',  ( 0.008092143100538098238, 10.02392787634187421, 52.78555718569411681 ) ) ;
#4141 = CARTESIAN_POINT ( 'NONE',  ( -5.562045161524967085, 5.045417797968296370, 51.51782033254664839 ) ) ;
#4142 = CARTESIAN_POINT ( 'NONE',  ( -5.453848037210712540, 1.756636919648256967, 52.12395963955994205 ) ) ;
#4143 = CARTESIAN_POINT ( 'NONE',  ( -0.8738433605786959379, 5.105024047080723548, -13.05122408096849362 ) ) ;
#4144 = CARTESIAN_POINT ( 'NONE',  ( -0.002688484859103995074, 9.529190535817184227, 53.80244151306863643 ) ) ;
#4145 = CARTESIAN_POINT ( 'NONE',  ( -3.688206405211463590, 7.472941634290309665, 53.22799416621712254 ) ) ;
#4146 = CARTESIAN_POINT ( 'NONE',  ( -0.5314040898663012769, 9.716560820531105591, 53.30255392981953833 ) ) ;
#4147 = CARTESIAN_POINT ( 'NONE',  ( -4.631486987284294976, 5.507069197175049169, 53.67688669082939867 ) ) ;
#4148 = CARTESIAN_POINT ( 'NONE',  ( 0.005739336003782956851, 10.24722417949828746, 52.10658740336148043 ) ) ;
#4149 = CARTESIAN_POINT ( 'NONE',  ( -5.476610952599895832, 4.146862236732008711, 34.88827971532165861 ) ) ;
#4150 = CARTESIAN_POINT ( 'NONE',  ( -2.129703127990184353, 9.202655716018499632, 52.73683974240415751 ) ) ;
#4151 = CARTESIAN_POINT ( 'NONE',  ( -0.003977885823185693670, 5.504147727546331303, 56.79760597302334446 ) ) ;
#4152 = CARTESIAN_POINT ( 'NONE',  ( -0.9759808068048396734, 7.211598455066880575, -8.665613389148470347 ) ) ;
#4153 = CARTESIAN_POINT ( 'NONE',  ( -0.2902539095161104643, 10.49594557909825099, 50.92103698056992300 ) ) ;
#4154 = CARTESIAN_POINT ( 'NONE',  ( -2.391102372674150267, 8.400856956302149570, 53.68303927485391114 ) ) ;
#4155 = CARTESIAN_POINT ( 'NONE',  ( -0.0005324749283457912022, 9.843232482888893742, 53.21134195238567344 ) ) ;
#4156 = CARTESIAN_POINT ( 'NONE',  ( -0.003977885823183986702, 3.529821156036749841, 51.47862819495634312 ) ) ;
#4157 = CARTESIAN_POINT ( 'NONE',  ( -4.029977717199767717, 8.345932794012618672, 51.20873045821075209 ) ) ;
#4158 = CARTESIAN_POINT ( 'NONE',  ( -0.2300105927570605668, 8.122968308489120659, 55.46528425836284271 ) ) ;
#4159 = CARTESIAN_POINT ( 'NONE',  ( -1.629987143424066032, 3.365546692941407958, 57.44414669948661611 ) ) ;
#4160 = CARTESIAN_POINT ( 'NONE',  ( -1.006201898880073831, 10.36031474669527874, 50.83425079893947185 ) ) ;
#4161 = CARTESIAN_POINT ( 'NONE',  ( -3.060835532294119421, 7.387420972913701256, -4.228214689965303030 ) ) ;
#4162 = CARTESIAN_POINT ( 'NONE',  ( -5.481456427449177937, 5.382303062890357204, 37.30021174706476472 ) ) ;
#4163 = CARTESIAN_POINT ( 'NONE',  ( 0.000000000000000000, 11.01148403380618923, 33.64228512919903835 ) ) ;
#4164 = DIRECTION ( 'NONE',  ( 0.000000000000000000, 0.000000000000000000, -1.000000000000000000 ) ) ;
#4165 = CARTESIAN_POINT ( 'NONE',  ( -0.8706086207902387075, 9.567333253628106604, 52.33799014298288910 ) ) ;
#4166 = CARTESIAN_POINT ( 'NONE',  ( -2.495015262413105450, 7.327815314546694658, 54.76845316075743852 ) ) ;
#4167 = CARTESIAN_POINT ( 'NONE',  ( -0.007526440553826535540, 10.39445049793744502, 51.51460798091961379 ) ) ;
#4168 = CARTESIAN_POINT ( 'NONE',  ( -4.526797793505784817, 3.506890316846535960, 55.38559399694933916 ) ) ;
#4169 = CARTESIAN_POINT ( 'NONE',  ( -3.716823227632099158, 5.579161803891576454, 54.95442926490045465 ) ) ;
#4170 = CARTESIAN_POINT ( 'NONE',  ( -1.463515060384774191, 9.936669014054498206, 51.85199225804543488 ) ) ;
#4171 = CARTESIAN_POINT ( 'NONE',  ( -2.119039156907642774, 8.098179420262580308, -4.200623893678281817 ) ) ;
#4172 = CARTESIAN_POINT ( 'NONE',  ( -4.390434863775262819, 5.786411491722470934, -3.685868470681058273 ) ) ;
#4173 = CARTESIAN_POINT ( 'NONE',  ( 0.05197459986985395602, 9.864728334899623974, 53.16422061434580826 ) ) ;
#4174 = CARTESIAN_POINT ( 'NONE',  ( -0.4527258241118961579, 9.355220583467206197, 53.14616870233992785 ) ) ;
#4175 = CARTESIAN_POINT ( 'NONE',  ( -3.346361525337972154, 7.733338071524479496, 53.38935639899512609 ) ) ;
#4176 = CARTESIAN_POINT ( 'NONE',  ( -0.04256235324041426210, 9.820560130968909007, 53.25801266524932487 ) ) ;
#4177 = CARTESIAN_POINT ( 'NONE',  ( -4.412686102909119334, 4.474531827245710858, 54.87868449130704818 ) ) ;
#4178 = PLANE ( 'NONE',  #218 ) ;
#4179 = CARTESIAN_POINT ( 'NONE',  ( -4.356385153400554877, 5.689941134762120711, 53.98563042073813278 ) ) ;
#4180 = CARTESIAN_POINT ( 'NONE',  ( -3.861151581027821855, 4.246861937877483228, 55.71323022507010592 ) ) ;
#4181 = CARTESIAN_POINT ( 'NONE',  ( -2.936150927832235968, 6.058934611263413927, -7.639070971362057705 ) ) ;
#4182 = CARTESIAN_POINT ( 'NONE',  ( -0.01233154360373888044, 6.382605851320003687, 56.68883230397588591 ) ) ;
#4183 = CARTESIAN_POINT ( 'NONE',  ( -5.486491034341698381, 5.005214694757079030, 51.93657321020259587 ) ) ;
#4184 = CARTESIAN_POINT ( 'NONE',  ( -5.497537902988480774, 2.712806621406773200, 28.18726144301603398 ) ) ;
#4185 = CARTESIAN_POINT ( 'NONE',  ( -2.156245247719292824, 9.743039509775302420, 4.092103481414483213 ) ) ;
#4186 = CARTESIAN_POINT ( 'NONE',  ( -0.02013578477017223534, 6.764688300410216293, 56.48353846483736618 ) ) ;
#4187 = CARTESIAN_POINT ( 'NONE',  ( -5.812047438422444756, 3.386564125034984940, 51.50328473104048044 ) ) ;
#4188 = CARTESIAN_POINT ( 'NONE',  ( -4.147785993408851013, 8.001677771697611519, 51.62703999754168649 ) ) ;
#4189 = CARTESIAN_POINT ( 'NONE',  ( -0.4277833886263137653, 7.748894115011947470, 55.72504944960960671 ) ) ;
#4190 = CARTESIAN_POINT ( 'NONE',  ( -4.509882423294341081, 5.495450742965507729, 53.90112234402584335 ) ) ;
#4191 = CARTESIAN_POINT ( 'NONE',  ( -0.003123145020143609351, 9.419526487212444010, 53.97708004892160005 ) ) ;
#4192 = CARTESIAN_POINT ( 'NONE',  ( -5.505271159312908225, 4.104247317316191079, 36.12784594253119508 ) ) ;
#4193 = CARTESIAN_POINT ( 'NONE',  ( -2.300226102677779050, 9.689661982020098208, 51.27393463848429178 ) ) ;
#4194 = CYLINDRICAL_SURFACE ( 'NONE', #1362, 0.09999999999999947820 ) ;
#4195 = CARTESIAN_POINT ( 'NONE',  ( -1.321692979558065195, 8.472930506655286464, -4.181430296261216206 ) ) ;
#4196 = CARTESIAN_POINT ( 'NONE',  ( -0.1689236942693101984, 8.995618148553285565, 54.56397442582751722 ) ) ;
#4197 = CARTESIAN_POINT ( 'NONE',  ( -2.886416772566694267, 9.424873003977191743, 50.98121622054986091 ) ) ;
#4198 = CARTESIAN_POINT ( 'NONE',  ( -0.007507437255007199002, 9.245891194867805751, 54.23339238785759164 ) ) ;
#4199 = CARTESIAN_POINT ( 'NONE',  ( -2.383530810489662866, 3.987845964401951271, 56.92454371805948909 ) ) ;
#4200 = CARTESIAN_POINT ( 'NONE',  ( -3.592741851005773590, 7.653959709007714274, 53.14865131852849345 ) ) ;
#4201 = CARTESIAN_POINT ( 'NONE',  ( -0.3886851168553501767, 10.46458204790931745, 51.02256168460760222 ) ) ;
#4202 = CARTESIAN_POINT ( 'NONE',  ( -3.882383316434357745, 6.672376906223611570, 53.79706690960068016 ) ) ;
#4203 = CARTESIAN_POINT ( 'NONE',  ( -0.4069962731071311013, 5.105531978943484539, 57.20771723041350754 ) ) ;
#4204 = CARTESIAN_POINT ( 'NONE',  ( -4.184275149778866165, 9.184372350856158107, 36.12920072376559233 ) ) ;
#4205 = CARTESIAN_POINT ( 'NONE',  ( -5.141953373522227366, 4.913094743621248206, -0.1987023727274678520 ) ) ;
#4206 = CARTESIAN_POINT ( 'NONE',  ( 0.000000000000000000, 8.130572732422463034, -6.554889771592987024 ) ) ;
#4207 = CARTESIAN_POINT ( 'NONE',  ( -4.845554804337054655, 6.388143999352248414, 50.95933768168648470 ) ) ;
#4208 = CARTESIAN_POINT ( 'NONE',  ( -0.6940427302311181768, 9.354299843366472800, -0.5900645972541134210 ) ) ;
#4209 = CARTESIAN_POINT ( 'NONE',  ( -2.843839188354666536, 8.326512890387586907, 53.27024814432107291 ) ) ;
#4210 = CARTESIAN_POINT ( 'NONE',  ( -0.02259960750318488337, 8.438555234477838951, 55.18211131399389302 ) ) ;
#4211 = CARTESIAN_POINT ( 'NONE',  ( -3.314916766617598931, 4.999414238498499863, 55.77036235018390187 ) ) ;
#4212 = CARTESIAN_POINT ( 'NONE',  ( -1.055807905559315696, 8.679811703511736809, 54.52483318346865104 ) ) ;
#4213 = CARTESIAN_POINT ( 'NONE',  ( -2.697932974336608059, 10.32799767250889822, 15.74316946273563111 ) ) ;
#4214 = CARTESIAN_POINT ( 'NONE',  ( -4.581825675055503311, 6.053860610158771749, -1.844006291298729616 ) ) ;
#4215 = CARTESIAN_POINT ( 'NONE',  ( 0.05294947797666599287, 9.906862684761765792, 53.07014988715391013 ) ) ;
#4216 = CARTESIAN_POINT ( 'NONE',  ( -0.3692338550090389360, 9.392656873428176567, -0.5888914329205937603 ) ) ;
#4217 = CARTESIAN_POINT ( 'NONE',  ( -3.356702303610753280, 7.755184356710540072, 53.34948798391854297 ) ) ;
#4218 = CARTESIAN_POINT ( 'NONE',  ( -0.09390468919304928441, 10.52694635408425938, 50.81903192081480114 ) ) ;
#4219 = CARTESIAN_POINT ( 'NONE',  ( -4.543743148292476164, 4.597821262273443566, 54.59573047165332582 ) ) ;
#4220 = CARTESIAN_POINT ( 'NONE',  ( -4.685371819582185182, 6.073032697085803733, 53.05773624819671852 ) ) ;
#4221 = CARTESIAN_POINT ( 'NONE',  ( -1.643347100063626387, 8.885335045901028295, 53.77429518008431586 ) ) ;
#4222 = CARTESIAN_POINT ( 'NONE',  ( -5.426859135773320020, 5.803085698385219260, 51.20409671818583064 ) ) ;
#4223 = CARTESIAN_POINT ( 'NONE',  ( -1.462434383211648364E-15, 1.562500000000000000, -14.99999999999999822 ) ) ;
#4224 = CARTESIAN_POINT ( 'NONE',  ( 0.01364609404323707635, 10.32524412831322635, 51.81116065689574413 ) ) ;
#4225 = CARTESIAN_POINT ( 'NONE',  ( -5.181983170467793443, 4.819402693316691355, 53.10480562909060609 ) ) ;
#4226 = CARTESIAN_POINT ( 'NONE',  ( -0.001311458390319928443, 9.632530510758639863, 53.62422325454350869 ) ) ;
#4227 = CARTESIAN_POINT ( 'NONE',  ( -5.364450949005874492, 3.233652836159399246, 53.85783905481898870 ) ) ;
#4228 = CARTESIAN_POINT ( 'NONE',  ( -4.021313168449264452, 7.990683807674371586, 51.93115709439900485 ) ) ;
#4229 = CARTESIAN_POINT ( 'NONE',  ( -0.3479142619663757041, 6.329670414497906350, 56.66673042004046579 ) ) ;
#4230 = CARTESIAN_POINT ( 'NONE',  ( -4.863150140956356893, 5.743659896048193048, 53.01394486169002107 ) ) ;
#4231 = CARTESIAN_POINT ( 'NONE',  ( 0.006456967556470129613, 10.09358075559574175, 52.59311002846596494 ) ) ;
#4232 = CARTESIAN_POINT ( 'NONE',  ( -4.823478556407226669, 3.570916731980068093, 53.93019048424510231 ) ) ;
#4233 = CARTESIAN_POINT ( 'NONE',  ( -2.385931743841109842, 5.270134669866628485, 56.32797884443243674 ) ) ;
#4234 = APPLICATION_PROTOCOL_DEFINITION ( 'draft international standard', 'automotive_design', 1998, #3250 ) ;
#4235 = CARTESIAN_POINT ( 'NONE',  ( -1.352019964586314682, 9.345838584275870886, 52.34624213910646517 ) ) ;
#4236 = CARTESIAN_POINT ( 'NONE',  ( -0.1284942283387792428, 6.376099251540146895, 56.68153900792810873 ) ) ;
#4237 = CARTESIAN_POINT ( 'NONE',  ( -2.163520640220096158, 7.615288032610243896, 54.78537150635312258 ) ) ;
#4238 = CARTESIAN_POINT ( 'NONE',  ( -0.0002497122778771183123, 9.864601334873253080, 53.16450176951905604 ) ) ;
#4239 = CARTESIAN_POINT ( 'NONE',  ( -4.488219224184551770, 3.875827544286342352, 54.37486220023185268 ) ) ;
#4240 = CARTESIAN_POINT ( 'NONE',  ( -5.110741137260406575, 6.071707717497928591, 52.04428438010008762 ) ) ;
#4241 = CARTESIAN_POINT ( 'NONE',  ( -0.3447344843208681175, 9.491125938949897645, 53.79563889821575629 ) ) ;
#4242 = CARTESIAN_POINT ( 'NONE',  ( -3.751720393686214017, 7.078145617870584161, 53.57557149582150657 ) ) ;
#4243 = CARTESIAN_POINT ( 'NONE',  ( -0.9947572682664602706, 10.30050955137953039, 51.13599660612248243 ) ) ;
#4244 = CARTESIAN_POINT ( 'NONE',  ( -2.145209172705811351, 5.689200459356634987, -9.995089398813401971 ) ) ;
#4245 = CARTESIAN_POINT ( 'NONE',  ( -4.161553990431878347, 4.331725016812637108, -7.627211246236275777 ) ) ;
#4246 = CARTESIAN_POINT ( 'NONE',  ( 0.000000000000000000, 3.742782928143616239, -15.00000000000000000 ) ) ;
#4247 = CARTESIAN_POINT ( 'NONE',  ( -4.684251762172035427, 6.748915637724204331, 50.95933768168645628 ) ) ;
#4248 = CARTESIAN_POINT ( 'NONE',  ( -0.6880891717102030070, 8.245388674676629392, -5.806544823789371534 ) ) ;
#4249 = CARTESIAN_POINT ( 'NONE',  ( -1.300044157600296790, 4.108904732832116657, 57.32421965328830993 ) ) ;
#4250 = CARTESIAN_POINT ( 'NONE',  ( -0.008753900868960726514, 10.52830334942208168, 50.81835337960581001 ) ) ;
#4251 = CARTESIAN_POINT ( 'NONE',  ( -5.025572372845517499, 6.912233921717104934, 51.10702938800099560 ) ) ;
#4252 = CARTESIAN_POINT ( 'NONE',  ( -1.448948398744261512, 9.878007356232926028, 52.04873487064882909 ) ) ;
#4253 = CARTESIAN_POINT ( 'NONE',  ( -1.891715359275561781, 7.898865112402380539, 54.09518844854689945 ) ) ;
#4254 = CARTESIAN_POINT ( 'NONE',  ( -5.108275195459300200, 6.852436959059754251, 10.78301991310905272 ) ) ;
#4255 = CARTESIAN_POINT ( 'NONE',  ( 0.05749945687384876852, 10.12743183125573765, 52.49549206709656346 ) ) ;
#4256 = CARTESIAN_POINT ( 'NONE',  ( -0.2821259978058253681, 6.128621142271767575, 56.44123404180484727 ) ) ;
#4257 = CARTESIAN_POINT ( 'NONE',  ( -3.090658143098158117, 7.561722357364795144, 53.90612076799721564 ) ) ;
#4258 = CARTESIAN_POINT ( 'NONE',  ( -0.04108563924604698853, 10.09301922276840990, 52.59387520643979030 ) ) ;
#4259 = CARTESIAN_POINT ( 'NONE',  ( -5.006674770611003744, 6.239230149188548680, 52.14263298790524459 ) ) ;
#4260 = CARTESIAN_POINT ( 'NONE',  ( -0.7733834651518793901, 4.488629938541468078, 57.34826797409164101 ) ) ;
#4261 = CARTESIAN_POINT ( 'NONE',  ( -5.438071223904207940, 5.687417045710560615, 51.31033611314548892 ) ) ;
#4262 = CARTESIAN_POINT ( 'NONE',  ( -4.734204214490955742, 8.043482253164867757, 18.26275901689202641 ) ) ;
#4263 = CARTESIAN_POINT ( 'NONE',  ( 0.009233534608136287694, 9.798736480996971920, 53.30432058425599706 ) ) ;
#4264 = CARTESIAN_POINT ( 'NONE',  ( -0.2314032512222284899, 10.00405043862446242, 4.076321228039196498 ) ) ;
#4265 = CARTESIAN_POINT ( 'NONE',  ( -5.124738663316109388, 4.775830145631841717, 53.28268677989869673 ) ) ;
#4266 = CARTESIAN_POINT ( 'NONE',  ( 2.394842638632068235E-05, 9.729389839154162445, 53.44245498567644148 ) ) ;
#4267 = CARTESIAN_POINT ( 'NONE',  ( -3.732391486862181473, 2.682422811888979020, 56.62272652161328779 ) ) ;
#4268 = CARTESIAN_POINT ( 'NONE',  ( -0.4873852385433944390, 10.42713534823250221, 51.12446763738323341 ) ) ;
#4269 = CARTESIAN_POINT ( 'NONE',  ( -4.811781449718802506, 4.968244261262739769, 53.80123068572473954 ) ) ;
#4270 = CARTESIAN_POINT ( 'NONE',  ( -0.01604816253142582125, 7.818655650014973091, 55.75206806238682589 ) ) ;
#4271 = CARTESIAN_POINT ( 'NONE',  ( -1.520540276812586855, 2.134952701945166620, -14.99999999999998934 ) ) ;
#4272 = CARTESIAN_POINT ( 'NONE',  ( -3.631884701719422459, 7.902630881293132070, 52.77144686474532875 ) ) ;
#4273 = DIRECTION ( 'NONE',  ( 1.000000000000000000, 0.000000000000000000, 0.000000000000000000 ) ) ;
#4274 = CARTESIAN_POINT ( 'NONE',  ( -0.6293657808779659080, 5.312030324703417961, -13.05844349112336644 ) ) ;
#4275 = CARTESIAN_POINT ( 'NONE',  ( -0.2654249191481860004, 9.822795290489553466, 53.21142635326591375 ) ) ;
#4276 = CARTESIAN_POINT ( 'NONE',  ( -2.444694915120540379, 8.878413287826745659, 52.92376196981722103 ) ) ;
#4277 = CARTESIAN_POINT ( 'NONE',  ( -0.006783698684508144075, 9.363660410774983234, 54.06370190489693073 ) ) ;
#4278 = DIRECTION ( 'NONE',  ( -0.000000000000000000, -0.000000000000000000, -1.000000000000000000 ) ) ;
#4279 = CARTESIAN_POINT ( 'NONE',  ( -4.732734629267160820, 5.740195102054120646, 53.27637906000228440 ) ) ;
#4280 = CARTESIAN_POINT ( 'NONE',  ( -2.028152734154192949, 9.567385535132169494, 52.06884562288040286 ) ) ;
#4281 = CARTESIAN_POINT ( 'NONE',  ( -3.153547997398477243, 5.961129678997201253, 55.27907296715305563 ) ) ;
#4282 = CARTESIAN_POINT ( 'NONE',  ( -0.7982238003733549414, 9.601435600110141522, 53.34722602967244143 ) ) ;
#4283 = CARTESIAN_POINT ( 'NONE',  ( -4.813699186638876526, 5.449465882333309530, 53.37824696370896760 ) ) ;
#4284 = CARTESIAN_POINT ( 'NONE',  ( -4.127985134992781191, 9.140483114716209556, 33.64180286460518943 ) ) ;
#4285 = CARTESIAN_POINT ( 'NONE',  ( -5.261183692712555704, 5.056913656711343741, 2.079418752615733279 ) ) ;
#4286 = CARTESIAN_POINT ( 'NONE',  ( 0.000000000000000000, 10.43748798498713448, 9.115923342099762294 ) ) ;
#4287 = CARTESIAN_POINT ( 'NONE',  ( -2.271042046707205220, 8.980211022849557523, 52.96461141329240263 ) ) ;
#4288 = CARTESIAN_POINT ( 'NONE',  ( -4.662584437935747950, 6.793304533177970228, 50.95933768168647049 ) ) ;
#4289 = CARTESIAN_POINT ( 'NONE',  ( -0.9953566098863800837, 10.04991459608488924, 50.25854233610845512 ) ) ;
#4290 = CARTESIAN_POINT ( 'NONE',  ( -2.965522950333607355, 8.621905894092428468, 52.66748651735736075 ) ) ;
#4291 = CARTESIAN_POINT ( 'NONE',  ( -0.008614461337274737993, 10.51134620990625024, 50.91790588437125109 ) ) ;
#4292 = CARTESIAN_POINT ( 'NONE',  ( -4.571574272188398069, 7.014980358108886982, 52.23814555149257899 ) ) ;
#4293 = CARTESIAN_POINT ( 'NONE',  ( -1.289698438456794438, 9.045446052913556301, 53.86281417941710714 ) ) ;
#4294 = CARTESIAN_POINT ( 'NONE',  ( -2.044803462662053484, 7.884848645301289594, -5.003835067486522625 ) ) ;
#4295 = CARTESIAN_POINT ( 'NONE',  ( -4.989138687420528129, 6.873245266144182963, 28.18628567105826122 ) ) ;
#4296 = CARTESIAN_POINT ( 'NONE',  ( 0.006519710004589739788, 5.191064312021128835, 57.23075260905505957 ) ) ;
#4297 = CARTESIAN_POINT ( 'NONE',  ( -0.6570623257307386389, 10.66763457720118069, 12.45329999674668997 ) ) ;
#4298 = CARTESIAN_POINT ( 'NONE',  ( -3.166014686637302677, 7.334341556590686650, 54.05710032512808993 ) ) ;
#4299 = CARTESIAN_POINT ( 'NONE',  ( -0.09061452712354746419, 10.37082713117056798, 51.61518858047890745 ) ) ;
#4300 = CARTESIAN_POINT ( 'NONE',  ( -5.426504074596102178, 4.087569144306860025, 53.01165151302416234 ) ) ;
#4301 = CARTESIAN_POINT ( 'NONE',  ( -4.586765703832493379, 6.226946851985047715, 53.09896479487380816 ) ) ;
#4302 = CARTESIAN_POINT ( 'NONE',  ( -1.392226762907052828, 7.566236850311699236, 55.39589160327422235 ) ) ;
#4303 = CARTESIAN_POINT ( 'NONE',  ( -5.106475067233397169, 5.581757431143761217, 52.60294652528354220 ) ) ;
#4304 = CARTESIAN_POINT ( 'NONE',  ( -4.279975092787249302, 7.171415031904567527, -0.1962265343922960370 ) ) ;
#4305 = CARTESIAN_POINT ( 'NONE',  ( 0.008885699215039670473, 9.776190158124306251, 53.35067782937561987 ) ) ;
#4306 = CARTESIAN_POINT ( 'NONE',  ( -0.1641846508983523245, 9.467692953124002386, -0.1911864349242674010 ) ) ;
#4307 = CARTESIAN_POINT ( 'NONE',  ( -3.804277656052511336, 3.522024670768651333, 56.19351485740688190 ) ) ;
#4308 = CARTESIAN_POINT ( 'NONE',  ( 0.004512600850399563560, 10.27376495236717169, 52.00831658637171273 ) ) ;
#4309 = CARTESIAN_POINT ( 'NONE',  ( -5.566510972247991518, 3.322606014005519359, 53.09529532686319442 ) ) ;
#4310 = CARTESIAN_POINT ( 'NONE',  ( -0.4474190788433636823, 9.847692039065838898, 53.07272260444611334 ) ) ;
#4311 = CARTESIAN_POINT ( 'NONE',  ( -4.785632030144308935, 4.943493214446144535, 53.87400163657144958 ) ) ;
#4312 = CARTESIAN_POINT ( 'NONE',  ( -0.0007179950752025673986, 9.529196025321208907, 53.80247539381105071 ) ) ;
#4313 = CARTESIAN_POINT ( 'NONE',  ( -5.358660983823219759, 3.362738146947354068, -1.880788759410557676 ) ) ;
#4314 = CARTESIAN_POINT ( 'NONE',  ( -3.414619122458537603, 7.488354728235645297, 53.58499378921248280 ) ) ;
#4315 = FACE_OUTER_BOUND ( 'NONE', #4566, .T. ) ;
#4316 = CARTESIAN_POINT ( 'NONE',  ( -0.9787323408049204421, 6.638974611787610058, -10.01965319997755266 ) ) ;
#4317 = CARTESIAN_POINT ( 'NONE',  ( -0.07394507047274392897, 4.778671172388394339, 57.38205928277871237 ) ) ;
#4318 = CARTESIAN_POINT ( 'NONE',  ( -2.299190891483239074, 8.411868726373212368, 53.76603967002237994 ) ) ;
#4319 = CARTESIAN_POINT ( 'NONE',  ( 0.0001650222328482082101, 9.843234029838875188, 53.21134005838651859 ) ) ;
#4320 = CARTESIAN_POINT ( 'NONE',  ( -0.003977885823205168543, 10.50373983618910145, 50.95933768168647049 ) ) ;
#4321 = ADVANCED_FACE ( 'NONE', ( #2062 ), #5453, .F. ) ;
#4322 = CARTESIAN_POINT ( 'NONE',  ( -4.495630842626201051, 5.603724652991646238, 53.83098348361600216 ) ) ;
#4323 = CARTESIAN_POINT ( 'NONE',  ( -1.195416216706070456, 5.871864811787157024, 56.61515772982196637 ) ) ;
#4324 = CARTESIAN_POINT ( 'NONE',  ( -3.953107092603966422, 7.094287895167013858, 53.26394390657314659 ) ) ;
#4325 = CARTESIAN_POINT ( 'NONE',  ( -0.7009349250337960635, 9.539047409358461849, 53.52607574330304629 ) ) ;
#4326 = CARTESIAN_POINT ( 'NONE',  ( -2.342217971296427947, 3.121775643996977045, 57.26266197637755084 ) ) ;
#4327 = CARTESIAN_POINT ( 'NONE',  ( -1.386136933177252617, 3.229484942090829591, 57.26653826916885492 ) ) ;
#4328 = CARTESIAN_POINT ( 'NONE',  ( -2.140057878345333897, 2.519920992763408751, 57.24162475217543999 ) ) ;
#4329 = CARTESIAN_POINT ( 'NONE',  ( -0.01566066878540250951, 9.320835855775694512, -1.174710724351445856 ) ) ;
#4330 = CARTESIAN_POINT ( 'NONE',  ( -2.456210522587689127, 9.493872907330672462, 51.58407389505065055 ) ) ;
#4331 = CARTESIAN_POINT ( 'NONE',  ( -5.419651408672534920, 3.840198159550988866, 50.95933768168649181 ) ) ;
#4332 = CARTESIAN_POINT ( 'NONE',  ( -1.026063938023904054, 10.98858171105275261, 24.06607394457663318 ) ) ;
#4333 = CARTESIAN_POINT ( 'NONE',  ( -2.681786327140720516, 8.407667557438781358, 53.35269609383721701 ) ) ;
#4334 = CARTESIAN_POINT ( 'NONE',  ( -0.009179428748574209457, 9.821211765056494514, 53.25799420209251167 ) ) ;
#4335 = CARTESIAN_POINT ( 'NONE',  ( -4.025024308693319064, 6.310253608021580973, 53.93734083858000616 ) ) ;
#4336 = CARTESIAN_POINT ( 'NONE',  ( -0.5877251519564484772, 5.846767480308581177, 56.85719537874805241 ) ) ;
#4337 = CARTESIAN_POINT ( 'NONE',  ( -3.654111106957607991, 9.759630681009754838, 36.12940915164784883 ) ) ;
#4338 = CARTESIAN_POINT ( 'NONE',  ( -2.982543572089781936, 10.16531803870706163, 15.74272549946491218 ) ) ;
#4339 = CARTESIAN_POINT ( 'NONE',  ( -4.454025612658560007, 5.636991018281125143, 52.96925016185645063 ) ) ;
#4340 = CARTESIAN_POINT ( 'NONE',  ( 0.04242610880367376353, 9.419652232897355759, 53.97811529719299273 ) ) ;
#4341 = CARTESIAN_POINT ( 'NONE',  ( -1.462434383211648364E-15, 1.562500000000000000, -14.99999999999999822 ) ) ;
#4342 = CARTESIAN_POINT ( 'NONE',  ( -0.3119937477750452937, 7.975031043344658066, 55.09829590592191551 ) ) ;
#4343 = CIRCLE ( 'NONE', #3922, 0.1000000000000005745 ) ;
#4344 = CARTESIAN_POINT ( 'NONE',  ( -3.252388664787178030, 7.934122270451343439, 53.27013183417836473 ) ) ;
#4345 = CARTESIAN_POINT ( 'NONE',  ( -0.08850187412806131970, 10.24562827519702779, 52.10843445109637884 ) ) ;
#4346 = CARTESIAN_POINT ( 'NONE',  ( -5.621341665790399844, 4.394179823806539709, 51.93144056447780343 ) ) ;
#4347 = CARTESIAN_POINT ( 'NONE',  ( -3.474719598051412284, 4.791731121406736627, 55.75450620082991549 ) ) ;
#4348 = CARTESIAN_POINT ( 'NONE',  ( -1.337096183454324017, 7.267143698008633912, 55.66930724213681003 ) ) ;
#4349 = CARTESIAN_POINT ( 'NONE',  ( -4.864975792596339055, 5.377169994525345054, 53.33921202894937608 ) ) ;
#4350 = CARTESIAN_POINT ( 'NONE',  ( -4.296183668958753366, 7.331610139623687239, 51.17464046650459153 ) ) ;
#4351 = CARTESIAN_POINT ( 'NONE',  ( 0.009920675669951969228, 9.580893609274648171, 53.71350130143858337 ) ) ;
#4352 = CARTESIAN_POINT ( 'NONE',  ( -0.1741237018946875659, 8.996486173755640081, -2.954070258048432152 ) ) ;
#4353 = CARTESIAN_POINT ( 'NONE',  ( -5.288109333995751449, 4.665237552438711965, 52.95256635436041392 ) ) ;
#4354 = EDGE_LOOP ( 'NONE', ( #4698, #5848, #8224, #3361 ) ) ;
#4355 = CARTESIAN_POINT ( 'NONE',  ( -5.693830476526973605, 3.566167486662579655, 52.31381749434351747 ) ) ;
#4356 = CARTESIAN_POINT ( 'NONE',  ( -0.4721220283263052875, 10.24764222206687414, 51.92054593615687708 ) ) ;
#4357 = CARTESIAN_POINT ( 'NONE',  ( -2.201728215633883323, 2.790063036532199892, 57.41356965938850720 ) ) ;
#4358 = CARTESIAN_POINT ( 'NONE',  ( -0.01807121747734243000, 6.000586040471632465, 56.89327394435144214 ) ) ;
#4359 = CARTESIAN_POINT ( 'NONE',  ( -5.470637621392687500, 4.509821152793543675, 24.07088843766856101 ) ) ;
#4360 = CARTESIAN_POINT ( 'NONE',  ( -1.391849417909812203, 7.977275797242560529, -5.814427405336322963 ) ) ;
#4361 = CARTESIAN_POINT ( 'NONE',  ( -0.1910654808699708551, 10.48578591088761591, 51.01960600949526281 ) ) ;
#4362 = CARTESIAN_POINT ( 'NONE',  ( -2.379803924401807436, 8.680056318264730564, 53.31020504840410013 ) ) ;
#4363 = CARTESIAN_POINT ( 'NONE',  ( 0.001001474842858040767, 9.906745981401579471, 53.07059692531611717 ) ) ;
#4364 = CARTESIAN_POINT ( 'NONE',  ( -1.217961333097023591, 3.987883043373381398, 56.93983521024387073 ) ) ;
#4365 = CARTESIAN_POINT ( 'NONE',  ( -4.679290714742843527, 5.810285021713013087, 53.31529940839378412 ) ) ;
#4366 = CARTESIAN_POINT ( 'NONE',  ( -5.813616628986403967, 3.593462251427296028, 51.28767409446286507 ) ) ;
#4367 = CARTESIAN_POINT ( 'NONE',  ( -1.877070681062143143, 9.042091091377093548, 53.30727140415691423 ) ) ;
#4368 = CARTESIAN_POINT ( 'NONE',  ( -4.101470679538243402, 7.312770180193240321, 52.77794444913279648 ) ) ;
#4369 = CARTESIAN_POINT ( 'NONE',  ( -0.8582749426062035170, 10.11525249172514940, 52.02960760973002152 ) ) ;
#4370 = CARTESIAN_POINT ( 'NONE',  ( -5.433300478888788199, 5.932365626536871162, 50.99059591764475385 ) ) ;
#4371 = CARTESIAN_POINT ( 'NONE',  ( -4.278869200624368929, 8.528752248830556937, 9.119836725439531833 ) ) ;
#4372 = CARTESIAN_POINT ( 'NONE',  ( -4.947871883631925094, 4.249999203037814866, -4.314585878342033887 ) ) ;
#4373 = CARTESIAN_POINT ( 'NONE',  ( -0.02922156018284804285, 11.02787196389733104, 31.92476831582287744 ) ) ;
#4374 = CARTESIAN_POINT ( 'NONE',  ( -2.521030343957431086, 9.657263059344602496, 50.97290990791774590 ) ) ;
#4375 = CARTESIAN_POINT ( 'NONE',  ( -5.778889941993478274, 4.280254210778584145, 50.95933768168646338 ) ) ;
#4376 = CARTESIAN_POINT ( 'NONE',  ( -0.7871481827816574350, 7.650834597989496721, -7.653895627769292886 ) ) ;
#4377 = CARTESIAN_POINT ( 'NONE',  ( -2.780015776280247763, 8.670198622926131193, 52.84289905599784731 ) ) ;
#4378 = CARTESIAN_POINT ( 'NONE',  ( -0.003889636328164729033, 10.05975849989956572, 52.68979012224174596 ) ) ;
#4379 = CIRCLE ( 'NONE', #2189, 0.09999999999999947820 ) ;
#4380 = CARTESIAN_POINT ( 'NONE',  ( -4.413075729322319951, 6.839469476122998159, 52.77997606890601645 ) ) ;
#4381 = CARTESIAN_POINT ( 'NONE',  ( -1.219128435538016753, 9.808441959890995321, 52.52428405123836086 ) ) ;
#4382 = CARTESIAN_POINT ( 'NONE',  ( -3.342820187331646320, 9.994598652043379161, 18.26362492037499052 ) ) ;
#4383 = CARTESIAN_POINT ( 'NONE',  ( -2.843205049523113814, 9.440015432319196265, 4.098115768414587023 ) ) ;
#4384 = CARTESIAN_POINT ( 'NONE',  ( -4.351091389667300469, 5.280019835922144189, -5.069487153711808247 ) ) ;
#4385 = CARTESIAN_POINT ( 'NONE',  ( 0.06157680671560748775, 9.581036598722617370, 53.71423365012961426 ) ) ;
#4386 = CARTESIAN_POINT ( 'NONE',  ( -5.500126473145946271, 1.857113166509969160, 31.92487724000924132 ) ) ;
#4387 = CARTESIAN_POINT ( 'NONE',  ( -0.5376830147626758816, 11.06327632428196495, 24.06581602530383890 ) ) ;
#4388 = CARTESIAN_POINT ( 'NONE',  ( -1.091551643595183085, 3.354453149471189111, 57.57815325253699257 ) ) ;
#4389 = CARTESIAN_POINT ( 'NONE',  ( -0.03061773226041218654, 9.906419240157909201, 53.07079461886184646 ) ) ;
#4390 = CARTESIAN_POINT ( 'NONE',  ( -3.936568959956546099, 3.307626418768768062, 56.17844321677482355 ) ) ;
#4391 = CARTESIAN_POINT ( 'NONE',  ( -4.457298964043808098, 6.075194799068367679, 53.47225488016245976 ) ) ;
#4392 = CARTESIAN_POINT ( 'NONE',  ( -1.153919592782866488, 6.676163428971188196, 56.18023913638335642 ) ) ;
#4393 = CARTESIAN_POINT ( 'NONE',  ( -4.126298455515663655, 4.609467349227380772, 55.18059150362355325 ) ) ;
#4394 = CARTESIAN_POINT ( 'NONE',  ( -3.234280185891190484, 5.210930341358707807, -8.630264598983170998 ) ) ;
#4395 = CARTESIAN_POINT ( 'NONE',  ( 0.008921112969168703763, 9.245932988508334560, 54.23389484185420173 ) ) ;
#4396 = PRESENTATION_LAYER_ASSIGNMENT (  '', '', ( #5210 ) ) ;
#4397 = CARTESIAN_POINT ( 'NONE',  ( -0.2312921496761373152, 11.06448651852764797, 28.18488299886923798 ) ) ;
#4398 = CARTESIAN_POINT ( 'NONE',  ( -5.572411140771221127, 4.820231179250426656, 51.72808280796215286 ) ) ;
#4399 = ORIENTED_EDGE ( 'NONE', *, *, #7744, .F. ) ;
#4400 = CARTESIAN_POINT ( 'NONE',  ( -5.564460558104726395, 3.523585143700995292, 52.96122176037075491 ) ) ;
#4401 = CARTESIAN_POINT ( 'NONE',  ( -0.2927949861892650274, 6.344289577125119095, 56.67046876565855484 ) ) ;
#4402 = CARTESIAN_POINT ( 'NONE',  ( -4.623041448024831190, 4.786906326813920920, 54.31053580753970067 ) ) ;
#4403 = CARTESIAN_POINT ( 'NONE',  ( 0.006828841687840916594, 10.49360254266117387, 51.01732797513824380 ) ) ;
#4404 = CARTESIAN_POINT ( 'NONE',  ( -5.261478303506496701, 3.243302548660008444, -4.338577875113358573 ) ) ;
#4405 = CARTESIAN_POINT ( 'NONE',  ( -1.725084568250987438, 9.587200217189742801, 2.028976204560858143 ) ) ;
#4406 = CARTESIAN_POINT ( 'NONE',  ( -0.1229164333481353732, 8.136506578612266338, 55.47193440096228301 ) ) ;
#4407 = CARTESIAN_POINT ( 'NONE',  ( -1.201963155657840066, 4.618723865045350152, 57.16807735815235958 ) ) ;
#4408 = CARTESIAN_POINT ( 'NONE',  ( 0.003002411689192182459, 10.15916086650966932, 52.39961677471852397 ) ) ;
#4409 = CARTESIAN_POINT ( 'NONE',  ( -1.843723093584760164, 3.985860013575077687, 56.71085006916027282 ) ) ;
#4410 = CARTESIAN_POINT ( 'NONE',  ( -5.158773060296025115, 6.108594333062363546, 51.84084341134143870 ) ) ;
#4411 = CARTESIAN_POINT ( 'NONE',  ( -5.646457329229084721, 3.759605820402067256, 52.40461855580036854 ) ) ;
#4412 = CARTESIAN_POINT ( 'NONE',  ( -1.788991391009654652, 8.664519702512789578, 53.93709570867679304 ) ) ;
#4413 = CARTESIAN_POINT ( 'NONE',  ( -3.989372681482314498, 7.150689881251004465, 53.14709066325268338 ) ) ;
#4414 = CARTESIAN_POINT ( 'NONE',  ( -0.7426088905560959130, 9.992335837553572020, 52.51164858517089584 ) ) ;
#4415 = CARTESIAN_POINT ( 'NONE',  ( -4.086640077703559193, 4.672393044129981909, 55.18519969931016078 ) ) ;
#4416 = CARTESIAN_POINT ( 'NONE',  ( -1.612548439602651040, 4.402884498250489997, -13.02956585050385208 ) ) ;
#4417 = CARTESIAN_POINT ( 'NONE',  ( -5.379688120771027648, 5.323163385744956067, 24.07020065294121025 ) ) ;
#4418 = CARTESIAN_POINT ( 'NONE',  ( -0.03843345560989173959, 10.43747479120107968, 9.115948427890401717 ) ) ;
#4419 = CARTESIAN_POINT ( 'NONE',  ( -2.318022530442374940, 9.121877317961091691, 52.64989996516802506 ) ) ;
#4420 = DIRECTION ( 'NONE',  ( 1.000000000000000000, 0.000000000000000000, -3.335730344018426891E-15 ) ) ;
#4421 = CARTESIAN_POINT ( 'NONE',  ( -1.408144232184310285, 10.84430771742441380, 39.79181665988789973 ) ) ;
#4422 = CARTESIAN_POINT ( 'NONE',  ( -2.120374923423377744, 6.657655956461865365, 55.62353136043961399 ) ) ;
#4423 = CARTESIAN_POINT ( 'NONE',  ( -0.003732077308994991797, 10.09357075915687041, 52.59328896355090421 ) ) ;
#4424 = CARTESIAN_POINT ( 'NONE',  ( -3.864134203723903926, 6.066602113120367790, 54.38552938063360642 ) ) ;
#4425 = CARTESIAN_POINT ( 'NONE',  ( -0.9309704330276616924, 9.111724123177426193, 54.03752005887317011 ) ) ;
#4426 = CARTESIAN_POINT ( 'NONE',  ( -3.689631157037406517, 9.557954480838773748, 46.36333791435645679 ) ) ;
#4427 = CARTESIAN_POINT ( 'NONE',  ( -4.456835173049262799, 5.410209323316597541, -4.285795482216456342 ) ) ;
#4428 = CARTESIAN_POINT ( 'NONE',  ( 0.06230237662416965999, 10.47484263945520055, 51.11611027588758560 ) ) ;
#4429 = CARTESIAN_POINT ( 'NONE',  ( -4.120351179094107863, 1.562499999999996891, 56.14628101717747199 ) ) ;
#4430 = CARTESIAN_POINT ( 'NONE',  ( -0.6162760753981226802, 10.94837973035649092, 18.26467122041692903 ) ) ;
#4431 = CARTESIAN_POINT ( 'NONE',  ( -2.645537297051395953, 6.853234157328489395, 55.04083521137934554 ) ) ;
#4432 = CARTESIAN_POINT ( 'NONE',  ( -0.03101310287705166466, 9.864260812391401956, 53.16461380718907037 ) ) ;
#4433 = CARTESIAN_POINT ( 'NONE',  ( -4.460647530127824112, 3.640088264775728444, 55.39516104436099653 ) ) ;
#4434 = CARTESIAN_POINT ( 'NONE',  ( -4.912934818148363192, 6.286842877232664328, 52.33542058915745798 ) ) ;
#4435 = CARTESIAN_POINT ( 'NONE',  ( -1.587657322367320267, 9.092861800685193785, 53.52134745351106204 ) ) ;
#4436 = CARTESIAN_POINT ( 'NONE',  ( -2.845370750494310208, 3.480313876692655128, 56.89494543469448473 ) ) ;
#4437 = CARTESIAN_POINT ( 'NONE',  ( -1.462434383211648364E-15, 1.562500000000000000, -14.99999999999999822 ) ) ;
#4438 = CARTESIAN_POINT ( 'NONE',  ( 0.01804077162780239399, 10.45609582239175950, 51.21616845616294711 ) ) ;
#4439 = CARTESIAN_POINT ( 'NONE',  ( -0.2494512303370277351, 9.405744951675366394, 53.14721997643627560 ) ) ;
#4440 = CARTESIAN_POINT ( 'NONE',  ( -5.698906536736377149, 4.881745326969809895, 50.86784129773189989 ) ) ;
#4441 = VERTEX_POINT ( 'NONE', #7993 ) ;
#4442 = CARTESIAN_POINT ( 'NONE',  ( -0.4235989113482947488, 9.303303716123000555, 54.05183549147442079 ) ) ;
#4443 = CARTESIAN_POINT ( 'NONE',  ( -4.863603241442088887, 5.017005910332254182, 53.65569082664220701 ) ) ;
#4444 = CARTESIAN_POINT ( 'NONE',  ( 0.006737399624872776605, 10.51136115818368921, 50.91776763375906256 ) ) ;
#4445 = CARTESIAN_POINT ( 'NONE',  ( -5.471125642568112291, 2.838793021632542324, 51.23006088189536911 ) ) ;
#4446 = CARTESIAN_POINT ( 'NONE',  ( -1.192294195737922280, 7.086311942139322362, -8.662667656634701174 ) ) ;
#4447 = CARTESIAN_POINT ( 'NONE',  ( -0.1781915266076866122, 10.01406723324756420, 52.78786666881734391 ) ) ;
#4448 = CARTESIAN_POINT ( 'NONE',  ( -2.253636203551872885, 8.253226342779122149, 54.00884990210170855 ) ) ;
#4449 = CARTESIAN_POINT ( 'NONE',  ( -0.01728866983414055827, 4.780554373315157868, 57.38483296527340372 ) ) ;
#4450 = FACE_OUTER_BOUND ( 'NONE', #1949, .T. ) ;
#4451 = CARTESIAN_POINT ( 'NONE',  ( -5.144617477357686930, 6.223665058259242322, 51.73851584373461776 ) ) ;
#4452 = CARTESIAN_POINT ( 'NONE',  ( -5.314481114574902243, 3.603973515108433112, 53.73347767548061427 ) ) ;
#4453 = CARTESIAN_POINT ( 'NONE',  ( -1.995765539579079872, 9.466985691187218777, 52.35829588557241010 ) ) ;
#4454 = CARTESIAN_POINT ( 'NONE',  ( -4.039664758151633173, 7.534410699945794931, 52.60139873516244080 ) ) ;
#4455 = CARTESIAN_POINT ( 'NONE',  ( -0.7238948481664881918, 9.807093761207802629, 52.98233072744758232 ) ) ;
#4456 = CARTESIAN_POINT ( 'NONE',  ( -3.625954960603633648, 4.197221938587875734, 55.98302292912593003 ) ) ;
#4457 = CARTESIAN_POINT ( 'NONE',  ( -4.099359895513330798, 8.172956540135865922, 49.94099222031479002 ) ) ;
#4458 = CARTESIAN_POINT ( 'NONE',  ( -5.436333933776594129, 4.880005110216091069, 7.856448573226782806 ) ) ;
#4459 = CARTESIAN_POINT ( 'NONE',  ( -0.04036906054140071420, 10.55572467529357361, 10.78779196955514408 ) ) ;
#4460 = CARTESIAN_POINT ( 'NONE',  ( -1.811957035918290160, 7.575640244240527288, 55.08773599052659620 ) ) ;
#4461 = CARTESIAN_POINT ( 'NONE',  ( -2.989990860956288188, 3.450217402071735773, 50.95933768168646338 ) ) ;
#4462 = CARTESIAN_POINT ( 'NONE',  ( -0.8941108912734634373, 9.482877919370134023, 0.4080301183988340741 ) ) ;
#4463 = CARTESIAN_POINT ( 'NONE',  ( -3.000228731586571662, 8.699169860397244491, 52.48520755752038980 ) ) ;
#4464 = CARTESIAN_POINT ( 'NONE',  ( -0.003514012739498597725, 10.21907763968439298, 52.20473272881688587 ) ) ;
#4465 = CARTESIAN_POINT ( 'NONE',  ( -4.125360649296011317, 8.136910799225963942, 51.41902055204499788 ) ) ;
#4466 = CARTESIAN_POINT ( 'NONE',  ( -4.256673185362296330, 6.642709161896041437, 53.25789896062754281 ) ) ;
#4467 = CARTESIAN_POINT ( 'NONE',  ( -1.175444870334188874, 9.554967409589341543, 53.12457902666190535 ) ) ;
#4468 = CARTESIAN_POINT ( 'NONE',  ( -3.308703854342962547, 9.983536888016416810, 31.92479939552397639 ) ) ;
#4469 = CARTESIAN_POINT ( 'NONE',  ( -5.180526457590568512, 5.844374902697363261, 50.27213978894268820 ) ) ;
#4470 = CARTESIAN_POINT ( 'NONE',  ( 0.07952155884219350157, 10.34877783126780137, 51.71086006423353609 ) ) ;
#4471 = CARTESIAN_POINT ( 'NONE',  ( -5.305360730457994833, 1.562499999999994671, 53.25523386738937148 ) ) ;
#4472 = CARTESIAN_POINT ( 'NONE',  ( -0.2142358376709003753, 4.014968092755082374, 57.29675744255908398 ) ) ;
#4473 = CARTESIAN_POINT ( 'NONE',  ( -3.101935591685106797, 8.022387195936870441, 53.35149311402183514 ) ) ;
#4474 = CARTESIAN_POINT ( 'NONE',  ( -0.03166097328960804785, 9.798348941691548575, 53.30430932014570544 ) ) ;
#4475 = CARTESIAN_POINT ( 'NONE',  ( -5.151328186738522774, 5.027520691284070864, 52.99895158133667650 ) ) ;
#4476 = CARTESIAN_POINT ( 'NONE',  ( -5.175104499853059536, 6.506607391825156128, 51.21077834462587930 ) ) ;
#4477 = CARTESIAN_POINT ( 'NONE',  ( -1.526402223305481032, 8.777891907417455286, 54.02415218655851703 ) ) ;
#4478 = CARTESIAN_POINT ( 'NONE',  ( -2.712407401286081488, 4.114157480914594878, 56.29253871533981624 ) ) ;
#4479 = CARTESIAN_POINT ( 'NONE',  ( 0.01823385730918641173, 9.843279739004415774, 53.21127181234672321 ) ) ;
#4480 = CARTESIAN_POINT ( 'NONE',  ( -0.2689265955669054020, 8.327631814509622643, -5.801815274861199967 ) ) ;
#4481 = CARTESIAN_POINT ( 'NONE',  ( -5.243374738670995683, 4.635365426357252794, 53.09949898972019611 ) ) ;
#4482 = CARTESIAN_POINT ( 'NONE',  ( -1.582631422763094209, 3.871784098979106581, 57.30899025499081034 ) ) ;
#4483 = ORIENTED_EDGE ( 'NONE', *, *, #4697, .F. ) ;
#4484 = CARTESIAN_POINT ( 'NONE',  ( -0.2062845601952954522, 5.582599581805263611, 57.06289541092795048 ) ) ;
#4485 = CARTESIAN_POINT ( 'NONE',  ( -4.975636295648511620, 5.237764438177588744, 53.22554112463605236 ) ) ;
#4486 = CARTESIAN_POINT ( 'NONE',  ( 0.007906359355972735620, 10.30030598938435915, 51.90993747014530157 ) ) ;
#4487 = CARTESIAN_POINT ( 'NONE',  ( -5.495536782726639480, 3.612418564782173380, 34.88835544925326815 ) ) ;
#4488 = CARTESIAN_POINT ( 'NONE',  ( -1.394146017045233776, 8.793023865669589156, 53.34274836594401137 ) ) ;
#4489 = CARTESIAN_POINT ( 'NONE',  ( -2.249359211821284177, 8.574100348276392225, 53.60246737869071865 ) ) ;
#4490 = CARTESIAN_POINT ( 'NONE',  ( 0.001486771313142550531, 9.947140524989157129, 52.97606189896935547 ) ) ;
#4491 = CARTESIAN_POINT ( 'NONE',  ( -5.152017201772419064, 3.134125173358556893, 54.50038441232383946 ) ) ;
#4492 = CARTESIAN_POINT ( 'NONE',  ( -4.611757139214248014, 5.864034116521926521, 53.39114177756248836 ) ) ;
#4493 = CARTESIAN_POINT ( 'NONE',  ( -5.722227693826345885, 3.782533183113372388, 51.92689122189249673 ) ) ;
#4494 = CARTESIAN_POINT ( 'NONE',  ( -1.821718628257454231, 9.232561422171389864, 53.04470845635513854 ) ) ;
#4495 = CARTESIAN_POINT ( 'NONE',  ( -3.595137440542115925, 7.129023157608981087, 53.73385551103181257 ) ) ;
#4496 = CARTESIAN_POINT ( 'NONE',  ( -0.2904721609859214349, 4.304777243588684854, 57.50251921377478936 ) ) ;
#4497 = CARTESIAN_POINT ( 'NONE',  ( -4.645283263008819219, 5.398718905247591238, 53.74698903723052723 ) ) ;
#4498 = CARTESIAN_POINT ( 'NONE',  ( -4.504413957550896797, 4.244466400785745996, -6.579124912930368829 ) ) ;
#4499 = CARTESIAN_POINT ( 'NONE',  ( -0.09612741010950710818, 10.99107779000240370, 36.13042523757350466 ) ) ;
#4500 = CARTESIAN_POINT ( 'NONE',  ( -1.926352015923530780, 8.437422512201685265, 54.09644759414305781 ) ) ;
#4501 = CARTESIAN_POINT ( 'NONE',  ( -3.013946676304223526, 9.344890212099279836, 50.95933768168642786 ) ) ;
#4502 = CARTESIAN_POINT ( 'NONE',  ( -0.3761850839073129227, 3.944409625086447768, 57.29283587043970982 ) ) ;
#4503 = CARTESIAN_POINT ( 'NONE',  ( -2.797854788682953675, 9.224943505014264744, 51.69603980458260395 ) ) ;
#4504 = CARTESIAN_POINT ( 'NONE',  ( -0.02269036739448209924, 6.000601151528948130, 56.89299850690706961 ) ) ;
#4505 = CARTESIAN_POINT ( 'NONE',  ( -3.892042029255434965, 7.970340902845858722, 52.22479141314632045 ) ) ;
#4506 = CARTESIAN_POINT ( 'NONE',  ( -4.221711609653355346, 6.883088877720802579, 53.06621687761729333 ) ) ;
#4507 = CARTESIAN_POINT ( 'NONE',  ( -0.7754600820762779234, 7.603506838228685893, 55.70230249657939225 ) ) ;
#4508 = CARTESIAN_POINT ( 'NONE',  ( -2.662323137908598092, 7.932184935733729958, -3.615754572624844787 ) ) ;
#4509 = CARTESIAN_POINT ( 'NONE',  ( -3.316988170118825963, 4.302129713592624860, -9.964857028149793905 ) ) ;
#4510 = CARTESIAN_POINT ( 'NONE',  ( 0.05793223475023839136, 9.419694910564581747, 53.97846783058641762 ) ) ;
#4511 = CARTESIAN_POINT ( 'NONE',  ( -5.500000000057401195, 1.562499999999998446, 31.92487956372521651 ) ) ;
#4512 = CARTESIAN_POINT ( 'NONE',  ( -0.6105782304944491479, 10.40145787060991367, 48.58062380794677182 ) ) ;
#4513 = CARTESIAN_POINT ( 'NONE',  ( -2.346383354894330697, 6.080587646234443255, 55.85543003817268470 ) ) ;
#4514 = CARTESIAN_POINT ( 'NONE',  ( -0.03108219364266694845, 10.37211529137128707, 51.61416421352404171 ) ) ;
#4515 = CARTESIAN_POINT ( 'NONE',  ( -5.240583309700912018, 4.189206905989814267, 53.47414705483503639 ) ) ;
#4516 = CARTESIAN_POINT ( 'NONE',  ( -5.614237447353920274, 5.310886621890941406, 50.87425009667288123 ) ) ;
#4517 = CARTESIAN_POINT ( 'NONE',  ( -4.865895370195599590, 6.764481356452598071, 51.84166081369605195 ) ) ;
#4518 = CARTESIAN_POINT ( 'NONE',  ( -0.6130211536832889108, 4.147561141900450110, 57.48914692128411730 ) ) ;
#4519 = CARTESIAN_POINT ( 'NONE',  ( -4.080667499055948610, 6.587079189334819063, 52.72863795811150567 ) ) ;
#4520 = CARTESIAN_POINT ( 'NONE',  ( 0.01808712831696375131, 10.43634806202809528, 51.31559563987628536 ) ) ;
#4521 = CARTESIAN_POINT ( 'NONE',  ( -0.2336642563666452566, 9.105375635596910655, -2.361631629011997635 ) ) ;
#4522 = CARTESIAN_POINT ( 'NONE',  ( -3.348800062596495319, 7.350625552468323498, 53.81977746956035702 ) ) ;
#4523 = EDGE_LOOP ( 'NONE', ( #1345, #7705 ) ) ;
#4524 = CARTESIAN_POINT ( 'NONE',  ( -5.456813347666129133, 5.457339996014496819, 51.52189175548162581 ) ) ;
#4525 = CARTESIAN_POINT ( 'NONE',  ( -0.01447855121032271333, 7.818654639921708061, 55.75216510914703605 ) ) ;
#4526 = CARTESIAN_POINT ( 'NONE',  ( -5.074079002560160312, 2.601851770219572035, -6.993658002382332484 ) ) ;
#4527 = CARTESIAN_POINT ( 'NONE',  ( -1.083912686509853840, 5.662605241665986888, 56.39979436065893026 ) ) ;
#4528 = CARTESIAN_POINT ( 'NONE',  ( -2.375211556477998975, 8.981628573057383491, 52.83362963334212026 ) ) ;
#4529 = CARTESIAN_POINT ( 'NONE',  ( 0.001669563864643730305, 9.885973865702512242, 53.11765052707166035 ) ) ;
#4530 = DIRECTION ( 'NONE',  ( 1.000000000000000000, -0.000000000000000000, -3.335730344018426891E-15 ) ) ;
#4531 = CARTESIAN_POINT ( 'NONE',  ( -1.716236556058489127, 2.792212466051350095, 57.55009606687432466 ) ) ;
#4532 = CARTESIAN_POINT ( 'NONE',  ( -5.336064568476825976, 3.616019052617450935, 53.66252127713055131 ) ) ;
#4533 = CARTESIAN_POINT ( 'NONE',  ( -2.115934636259023893, 9.822884199766379609, 51.16670634156780295 ) ) ;
#4534 = CARTESIAN_POINT ( 'NONE',  ( -3.699053992306327032, 7.320735565308938320, 53.38411164156681821 ) ) ;
#4535 = CARTESIAN_POINT ( 'NONE',  ( -0.6024190629538023201, 9.418370639126996124, 53.79004942275075507 ) ) ;
#4536 = CARTESIAN_POINT ( 'NONE',  ( -2.783260178079986158, 3.553301064868349179, 56.89983716794076685 ) ) ;
#4537 = CARTESIAN_POINT ( 'NONE',  ( -1.622880116474768375, 5.231676335472388750, 56.37054282102638325 ) ) ;
#4538 = CARTESIAN_POINT ( 'NONE',  ( -5.418871621568235319, 4.377111756248988073, 4.146214064415437051 ) ) ;
#4539 = CARTESIAN_POINT ( 'NONE',  ( -0.06788418239513685504, 8.130021811420293787, -6.555165170926367857 ) ) ;
#4540 = CARTESIAN_POINT ( 'NONE',  ( -2.004879166942482804, 8.755666730483772753, 53.60410666609948294 ) ) ;
#4541 = CARTESIAN_POINT ( 'NONE',  ( -2.571990132722530742, 9.633459455447086484, 50.95933768168647049 ) ) ;
#4542 = CARTESIAN_POINT ( 'NONE',  ( -1.204202568939636953, 10.41579822078345785, 9.116826430562770867 ) ) ;
#4543 = CARTESIAN_POINT ( 'NONE',  ( -0.01774161018088217176, 5.191256548723164777, 57.22945132254021416 ) ) ;
#4544 = CARTESIAN_POINT ( 'NONE',  ( -2.954388516341883264, 9.070241434619578769, 51.80156308507126539 ) ) ;
#4545 = CARTESIAN_POINT ( 'NONE',  ( -0.007583777206563248156, 9.729358144820313470, 53.44242260538665334 ) ) ;
#4546 = CARTESIAN_POINT ( 'NONE',  ( -3.675129252808196245, 7.623799585097494003, 53.06746546247175189 ) ) ;
#4547 = CARTESIAN_POINT ( 'NONE',  ( -3.421628879385304245, 5.627209392575903912, 55.25454911147033243 ) ) ;
#4548 = CARTESIAN_POINT ( 'NONE',  ( -1.069766214001050653, 10.12532283841678904, 51.73955311324589701 ) ) ;
#4549 = CARTESIAN_POINT ( 'NONE',  ( -3.010269401171333570, 7.636263520128523830, 53.13320298848517353 ) ) ;
#4550 = CARTESIAN_POINT ( 'NONE',  ( -4.946613728615817607, 5.654520753806380640, 51.64090754341774669 ) ) ;
#4551 = CARTESIAN_POINT ( 'NONE',  ( 0.000000000000000000, 4.057590717257642865, 57.30252446038161906 ) ) ;
#4552 = CARTESIAN_POINT ( 'NONE',  ( -5.500000188763195297, 1.562500000000000666, 7.865445300807834883 ) ) ;
#4553 = CARTESIAN_POINT ( 'NONE',  ( -0.4450235362693963359, 7.927983186571602836, 55.09132511254229314 ) ) ;
#4554 = CARTESIAN_POINT ( 'NONE',  ( -2.890900543336572870, 7.963493240848448451, 53.67517894400898371 ) ) ;
#4555 = CARTESIAN_POINT ( 'NONE',  ( -0.03428092936560396542, 9.528762798176297011, 53.80196704144357511 ) ) ;
#4556 = CARTESIAN_POINT ( 'NONE',  ( -5.012067388015231550, 4.240668517752291145, 53.98385276421149115 ) ) ;
#4557 = CARTESIAN_POINT ( 'NONE',  ( -3.030475310368953235, 3.253153843127581712, 56.88016287769370649 ) ) ;
#4558 = CARTESIAN_POINT ( 'NONE',  ( -4.235815430889979361, 6.058020086156652440, 53.85045759781103669 ) ) ;
#4559 = CARTESIAN_POINT ( 'NONE',  ( -1.837977120033044143, 10.04296914699786036, 50.85401332206587455 ) ) ;
#4560 = CARTESIAN_POINT ( 'NONE',  ( -0.2203528238385963345, 2.151721864072095869, 57.50000000000000711 ) ) ;
#4561 = CARTESIAN_POINT ( 'NONE',  ( -3.654199168369826278, 5.973063693623019255, 54.01346048492091256 ) ) ;
#4562 = CARTESIAN_POINT ( 'NONE',  ( 0.01141385177055069360, 9.419566657038346946, 53.97741041530576211 ) ) ;
#4563 = CARTESIAN_POINT ( 'NONE',  ( -0.2721106767461354825, 8.113997151054856971, -6.555991368926506802 ) ) ;
#4564 = CARTESIAN_POINT ( 'NONE',  ( -3.655041680626376799, 8.120780054670699855, 52.40870070247996892 ) ) ;
#4565 = B_SPLINE_CURVE_WITH_KNOTS ( 'NONE', 3,
 ( #1097, #6898, #8195, #1055, #8235, #3069, #1140, #1013, #2306, #6380, #7672, #1745, #4364, #2347, #1791, #3674, #2428, #4409, #6295, #402, #7025, #5006, #3027, #5649, #2386, #7628, #6981, #7505, #3717, #443, #5690, #3760, #486, #4889, #2268, #4239, #7715, #5263, #3882, #7799, #1265, #3281, #1353, #1225, #3327, #8439, #8358, #2473, #10, #7760, #3925, #5218, #5814, #6461 ),
 .UNSPECIFIED., .F., .F.,
 ( 4, 2, 2, 2, 2, 2, 2, 2, 2, 2, 2, 2, 2, 2, 2, 2, 2, 2, 2, 2, 2, 2, 2, 2, 2, 2, 4 ),
 ( 0.0001004436697204082949, 0.003736510102081157508, 0.007372576534441906138, 0.01464470939916340253, 0.02191684226388490586, 0.02918897512860640225, 0.03282504156096724413, 0.03646110799332807906, 0.04373324085804997791, 0.05827750658749378948, 0.07282177231693762187, 0.08736603804638143345, 0.09100210447874237940, 0.09463817091110332536, 0.1019103037758252311, 0.1164545695052690288, 0.1309988352347128404, 0.1382709680994350376, 0.1455431009641572349, 0.1600873666936016293, 0.1746316324230460237, 0.1819037652877682210, 0.1891758981524904182, 0.1964480310172126154, 0.2037201638819348126, 0.2182644296113798454, 0.2328086953408248783 ),
 .UNSPECIFIED. ) ;
#4566 = EDGE_LOOP ( 'NONE', ( #3318, #5981, #646, #2075 ) ) ;
#4567 = CARTESIAN_POINT ( 'NONE',  ( -4.774014272691148975, 5.049428984767395434, 53.80515657221605608 ) ) ;
#4568 = CARTESIAN_POINT ( 'NONE',  ( 0.005884997556510055371, 9.926953436610766346, 53.02328173263197186 ) ) ;
#4569 = CARTESIAN_POINT ( 'NONE',  ( -5.510179000858572707, 2.936657903406373116, 7.861446755216259241 ) ) ;
#4570 = CARTESIAN_POINT ( 'NONE',  ( -1.437539307645750331, 8.234928056791533280, 54.11060881904258935 ) ) ;
#4571 = CARTESIAN_POINT ( 'NONE',  ( -2.546544258201656863, 9.435231672788521706, 51.58686014655741303 ) ) ;
#4572 = CARTESIAN_POINT ( 'NONE',  ( -0.01637693035411736525, 8.141698545008638987, 55.47791882174947631 ) ) ;
#4573 = CARTESIAN_POINT ( 'NONE',  ( -3.528267325652501007, 2.497259735459243846, 56.83628442989346752 ) ) ;
#4574 = CARTESIAN_POINT ( 'NONE',  ( -4.426580554255763467, 5.648424210858355110, 53.90827518619465053 ) ) ;
#4575 = CARTESIAN_POINT ( 'NONE',  ( -5.675279063501246668, 3.981105908310115016, 52.02921069973392321 ) ) ;
#4576 = CARTESIAN_POINT ( 'NONE',  ( -1.518284226684688987, 7.791449490058724336, 55.10176450424945216 ) ) ;
#4577 = CARTESIAN_POINT ( 'NONE',  ( -3.641660085097206956, 7.216024939785904202, 53.57881863153398427 ) ) ;
#4578 = CARTESIAN_POINT ( 'NONE',  ( -0.6304121750446726180, 9.818502362980719766, 53.02754201439825010 ) ) ;
#4579 = CARTESIAN_POINT ( 'NONE',  ( -4.307444070146945414, 5.024918385809827193, 54.62396267866621002 ) ) ;
#4580 = CARTESIAN_POINT ( 'NONE',  ( -2.612590289701502311, 9.057901849950996009, 51.14479870437126152 ) ) ;
#4581 = CARTESIAN_POINT ( 'NONE',  ( -5.462196009048801315, 4.352566886923575851, 49.93903258076585416 ) ) ;
#4582 = CARTESIAN_POINT ( 'NONE',  ( -0.05068537972176319351, 5.546541066216526872, -13.07197988516376874 ) ) ;
#4583 = CARTESIAN_POINT ( 'NONE',  ( -1.858503110286479743, 8.152428528433773636, 54.49580503066109571 ) ) ;
#4584 = DIRECTION ( 'NONE',  ( -3.334775382890963969E-15, 0.000000000000000000, -1.000000000000000000 ) ) ;
#4585 = CARTESIAN_POINT ( 'NONE',  ( -0.9716583994332749219, 8.155268061356142795, -5.809697856408145178 ) ) ;
#4586 = CARTESIAN_POINT ( 'NONE',  ( 0.001188237980420600148, 9.776169773976189248, 53.35066720014962982 ) ) ;
#4587 = CARTESIAN_POINT ( 'NONE',  ( -2.651527972637981012, 8.875340877865223632, 52.65918306273572824 ) ) ;
#4588 = CARTESIAN_POINT ( 'NONE',  ( -0.01075461328240995273, 9.245870072216183289, 54.23331022517829325 ) ) ;
#4589 = EDGE_CURVE ( 'NONE', #3102, #1301, #1505, .T. ) ;
#4590 = CARTESIAN_POINT ( 'NONE',  ( -4.020138744931527341, 8.157327440284298348, 51.62474303670735054 ) ) ;
#4591 = CARTESIAN_POINT ( 'NONE',  ( -1.678245935979659098, 3.320174415544095314, 57.44158789076735872 ) ) ;
#4592 = CARTESIAN_POINT ( 'NONE',  ( -1.044259227400896606, 9.984415110888001266, 52.23103033926590655 ) ) ;
#4593 = CARTESIAN_POINT ( 'NONE',  ( -3.146833789511668034, 8.259543451956742999, -1.202000952235697140 ) ) ;
#4594 = CARTESIAN_POINT ( 'NONE',  ( -5.368321188732241289, 5.767668978639320265, 12.44348530674522202 ) ) ;
#4595 = CARTESIAN_POINT ( 'NONE',  ( 0.000000000000000000, 10.25817259538964521, 49.94330815796344325 ) ) ;
#4596 = CARTESIAN_POINT ( 'NONE',  ( -5.500005752401487591, 1.562500000000000666, 0.4295851510632281989 ) ) ;
#4597 = CARTESIAN_POINT ( 'NONE',  ( -0.6610621787238188940, 11.04850797124021788, 24.06588480377662620 ) ) ;
#4598 = CARTESIAN_POINT ( 'NONE',  ( -3.555327117941319948, 8.912536904372828417, 50.99385362122900744 ) ) ;
#4599 = CARTESIAN_POINT ( 'NONE',  ( -0.02107935370996287180, 9.752902179855752252, 53.39664748672739591 ) ) ;
#4600 = CARTESIAN_POINT ( 'NONE',  ( -3.658314279779398603, 3.283090110333621858, 56.41882974930669548 ) ) ;
#4601 = CARTESIAN_POINT ( 'NONE',  ( -5.127441677188867786, 5.009520445225152052, 53.07329766100550472 ) ) ;
#4602 = CARTESIAN_POINT ( 'NONE',  ( -4.711522148659267550, 6.617982770777753210, 52.42706150754352734 ) ) ;
#4603 = CARTESIAN_POINT ( 'NONE',  ( -1.550122337559123320, 9.396819846067977267, 53.04009904531969966 ) ) ;
#4604 = CARTESIAN_POINT ( 'NONE',  ( -2.496050041571600264, 10.54220386111135532, 24.06679611854040601 ) ) ;
#4605 = CARTESIAN_POINT ( 'NONE',  ( -4.950264168024760103, 6.554049534897878893, 50.27054008860923062 ) ) ;
#4606 = CARTESIAN_POINT ( 'NONE',  ( 0.02978842025747372585, 9.580948704657078707, 53.71378287736282431 ) ) ;
#4607 = CARTESIAN_POINT ( 'NONE',  ( -0.1939014960293220513, 8.549692585722715066, -4.968234992561537666 ) ) ;
#4608 = CARTESIAN_POINT ( 'NONE',  ( -3.926839525415441567, 8.551973286230552418, 50.99880153163621799 ) ) ;
#4609 = CARTESIAN_POINT ( 'NONE',  ( -0.1772223691337029006, 9.937034888056970772, 52.97743499152398527 ) ) ;
#4610 = ORIENTED_EDGE ( 'NONE', *, *, #2088, .F. ) ;
#4611 = CARTESIAN_POINT ( 'NONE',  ( -5.208895244060419927, 5.300560663332032796, 52.59986206507603157 ) ) ;
#4612 = CARTESIAN_POINT ( 'NONE',  ( -4.370382655226500823, 8.797778872316635912, 18.26304765138635133 ) ) ;
#4613 = CARTESIAN_POINT ( 'NONE',  ( -0.001692797498881142134, 9.006438496574558528, 54.57059359199786996 ) ) ;
#4614 = CARTESIAN_POINT ( 'NONE',  ( -5.436416537856803899, 2.816649322707566405, -1.888145253032918580 ) ) ;
#4615 = CARTESIAN_POINT ( 'NONE',  ( -1.790238652713340484, 8.999954503226062386, -1.189617151347046153 ) ) ;
#4616 = AXIS2_PLACEMENT_3D ( 'NONE', #3390, #7212, #3477 ) ;
#4617 = CARTESIAN_POINT ( 'NONE',  ( -1.667451168222783942, 6.663545518996446759, 55.90052153179673411 ) ) ;
#4618 = CARTESIAN_POINT ( 'NONE',  ( -0.004576844754515288841, 9.419522467853012060, 53.97704701427224450 ) ) ;
#4619 = CARTESIAN_POINT ( 'NONE',  ( -0.02298208141535943230, 3.988646588841856744, 57.60254909564278591 ) ) ;
#4620 = CARTESIAN_POINT ( 'NONE',  ( -5.433961838082681517, 3.879098531767916747, 53.14691800505784158 ) ) ;
#4621 = CARTESIAN_POINT ( 'NONE',  ( -1.705260047088356545, 8.721113123348803953, 53.93856041136535140 ) ) ;
#4622 = CARTESIAN_POINT ( 'NONE',  ( -3.869539421342263807, 7.278430771681343003, 53.18718369322569828 ) ) ;
#4623 = CARTESIAN_POINT ( 'NONE',  ( -0.6240498043170806808, 9.733685191066456355, 53.21149573739472771 ) ) ;
#4624 = CARTESIAN_POINT ( 'NONE',  ( -4.591608809108745248, 5.340864241989695671, 53.89375121037962657 ) ) ;
#4625 = CARTESIAN_POINT ( 'NONE',  ( -1.122522728877793474, 4.875637727579636760, -13.04400467081360659 ) ) ;
#4626 = CARTESIAN_POINT ( 'NONE',  ( -5.415082971794929811, 5.093422360547183558, 24.07040698835934833 ) ) ;
#4627 = CARTESIAN_POINT ( 'NONE',  ( -0.06504168366024218328, 6.956305812939282518, -10.03571414689259100 ) ) ;
#4628 = CARTESIAN_POINT ( 'NONE',  ( -1.979158411563848974, 8.653659612644210242, 53.77028732164679070 ) ) ;
#4629 = CARTESIAN_POINT ( 'NONE',  ( -1.258505765192628578, 10.03343211582610550, 51.25933768168647475 ) ) ;
#4630 = CARTESIAN_POINT ( 'NONE',  ( -1.474858588173115992, 10.85563298462614767, 20.74950536736651330 ) ) ;
#4631 = CARTESIAN_POINT ( 'NONE',  ( 0.002895135895527630419, 10.52831899053473563, 50.81826604817483428 ) ) ;
#4632 = CARTESIAN_POINT ( 'NONE',  ( -2.465953894066222674, 8.339050816626096818, 53.68204770017426597 ) ) ;
#4633 = CARTESIAN_POINT ( 'NONE',  ( -0.0006657868126008338692, 10.24722681269503610, 52.10672568361732715 ) ) ;
#4634 = CARTESIAN_POINT ( 'NONE',  ( -2.017295574841184269, 4.367111551212880194, 56.95768594552028929 ) ) ;
#4635 = CARTESIAN_POINT ( 'NONE',  ( -3.332923979901413425, 5.739183719118155835, 55.26275494103332875 ) ) ;
#4636 = CARTESIAN_POINT ( 'NONE',  ( -1.059824858840793471, 10.07222019870637553, 51.93771884438244513 ) ) ;
#4637 = CARTESIAN_POINT ( 'NONE',  ( -3.276204100988623580, 8.140296944545395874, 51.99415980868040066 ) ) ;
#4638 = CARTESIAN_POINT ( 'NONE',  ( -5.324579840572839728, 5.839786126392272791, 20.75045266211334649 ) ) ;
#4639 = CARTESIAN_POINT ( 'NONE',  ( -0.3039778858232009551, 10.03879629643383176, 52.20921762787441622 ) ) ;
#4640 = CARTESIAN_POINT ( 'NONE',  ( -1.158505765192627823, 10.03343211582610550, 51.25933768168647475 ) ) ;
#4641 = CARTESIAN_POINT ( 'NONE',  ( -2.098488812743535728E-32, 1.562500000000000000, 57.50000000000000000 ) ) ;
#4642 = CARTESIAN_POINT ( 'NONE',  ( -2.026988534896525085, 5.610378925438266329, 56.35556286831254624 ) ) ;
#4643 = CARTESIAN_POINT ( 'NONE',  ( -0.01819365396795125794, 10.05968198377021494, 52.68999667544884602 ) ) ;
#4644 = CARTESIAN_POINT ( 'NONE',  ( -5.439346973030747989, 4.530949381324701264, 52.58963095497943385 ) ) ;
#4645 = CARTESIAN_POINT ( 'NONE',  ( -4.884438713141494581, 4.803321983930882944, 53.79312837364995659 ) ) ;
#4646 = CARTESIAN_POINT ( 'NONE',  ( -5.072118438338632629, 6.683247297162064449, 51.31853262990173192 ) ) ;
#4647 = CARTESIAN_POINT ( 'NONE',  ( -1.699423270044098766, 9.972269904292430098, 51.35780637262491410 ) ) ;
#4648 = CARTESIAN_POINT ( 'NONE',  ( -1.713198132830717535, 8.035930337946727064, 54.10135659674521946 ) ) ;
#4649 = CARTESIAN_POINT ( 'NONE',  ( -4.743639406930137525, 6.828386362970215728, 50.62756148284291413 ) ) ;
#4650 = CARTESIAN_POINT ( 'NONE',  ( 0.03759884115164260215, 9.985875832749417924, 52.88043670539692442 ) ) ;
#4651 = CARTESIAN_POINT ( 'NONE',  ( -0.5549699774473240144, 10.66879727800424149, 12.45342582610567561 ) ) ;
#4652 = CARTESIAN_POINT ( 'NONE',  ( -3.525164046835868703, 7.894932516515228649, 52.94145324305102207 ) ) ;
#4653 = CARTESIAN_POINT ( 'NONE',  ( -0.07019743274166574676, 5.999493487759552934, 56.89018578170109919 ) ) ;
#4654 = ORIENTED_EDGE ( 'NONE', *, *, #5841, .T. ) ;
#4655 = CARTESIAN_POINT ( 'NONE',  ( -5.000014142521886029, 5.258931706523712002, 53.15330364673332042 ) ) ;
#4656 = CARTESIAN_POINT ( 'NONE',  ( -4.430461030574836201, 8.072637709574028264, 6.187685439646684493 ) ) ;
#4657 = CARTESIAN_POINT ( 'NONE',  ( 0.008750303532880939969, 10.37232323657354627, 51.61347441548781489 ) ) ;
#4658 = CARTESIAN_POINT ( 'NONE',  ( -3.191839797855173355, 2.176406297950399971, -12.97181056926483578 ) ) ;
#4659 = CARTESIAN_POINT ( 'NONE',  ( -1.701566644813715445, 8.631915766337789009, -2.990549807531980075 ) ) ;
#4660 = CARTESIAN_POINT ( 'NONE',  ( -2.569892710639667843, 9.492863808151890126, 51.38384546237912787 ) ) ;
#4661 = CARTESIAN_POINT ( 'NONE',  ( -0.01705656445787936959, 4.780552276770923648, 57.38484434373715004 ) ) ;
#4662 = CARTESIAN_POINT ( 'NONE',  ( -5.386219963070883132, 3.852479557803860200, 53.31947228438631470 ) ) ;
#4663 = CARTESIAN_POINT ( 'NONE',  ( -1.682003304383024922, 8.610540901441632755, 54.10208137026507558 ) ) ;
#4664 = CARTESIAN_POINT ( 'NONE',  ( -4.104912676645760428, 7.943010202145321941, 51.83114488823761690 ) ) ;
#4665 = CARTESIAN_POINT ( 'NONE',  ( -0.6509465166519988744, 10.05607167670850188, 52.41325445353987789 ) ) ;
#4666 = CARTESIAN_POINT ( 'NONE',  ( -4.536656447838785411, 5.280699853372257557, 54.04030706007365126 ) ) ;
#4667 = CARTESIAN_POINT ( 'NONE',  ( -0.01861220740392421913, 5.601963063406631527, 57.07405156161792803 ) ) ;
#4668 = CARTESIAN_POINT ( 'NONE',  ( -5.369485287834947940, 4.320018710681259755, 2.085353170033952264 ) ) ;
#4669 = CARTESIAN_POINT ( 'NONE',  ( -0.1669984720585583338, 10.44489702071463988, 48.58575425994024499 ) ) ;
#4670 = CARTESIAN_POINT ( 'NONE',  ( -2.305945649560019461, 9.396357334562246422, 52.07850876369658977 ) ) ;
#4671 = CARTESIAN_POINT ( 'NONE',  ( -0.003977885822912159870, 9.966173048206385943, 52.93753444440952904 ) ) ;
#4672 = CARTESIAN_POINT ( 'NONE',  ( -1.522857090119479562, 10.27859518176382103, 7.837455481666797397 ) ) ;
#4673 = CARTESIAN_POINT ( 'NONE',  ( -0.002900232052029905975, 9.475382373254090496, 53.89037439788414474 ) ) ;
#4674 = CARTESIAN_POINT ( 'NONE',  ( -2.385222173497663078, 8.077380761926255204, 54.08473988656698594 ) ) ;
#4675 = CARTESIAN_POINT ( 'NONE',  ( -0.006102447669947178889, 9.632513529675172492, 53.62417539894502738 ) ) ;
#4676 = EDGE_CURVE ( 'NONE', #5083, #1867, #808, .T. ) ;
#4677 = CARTESIAN_POINT ( 'NONE',  ( -5.883347441765627295, 3.819489674772183374, 53.53161181811348968 ) ) ;
#4678 = CARTESIAN_POINT ( 'NONE',  ( -3.973026576891056205, 8.261820537097085193, 51.52017327998394336 ) ) ;
#4679 = CARTESIAN_POINT ( 'NONE',  ( -3.771576817835689877, 6.198819810459832880, 54.39287736714203447 ) ) ;
#4680 = CARTESIAN_POINT ( 'NONE',  ( -0.8512922814968025831, 9.207632388927914135, 53.95517561551116614 ) ) ;
#4681 = CARTESIAN_POINT ( 'NONE',  ( -1.371006401579983214, 4.641055417966223118, -13.03678526065873022 ) ) ;
#4682 = CARTESIAN_POINT ( 'NONE',  ( -4.487737235911197331, 5.009709891237930535, -5.075035217336478333 ) ) ;
#4683 = CARTESIAN_POINT ( 'NONE',  ( -0.003977885823236437801, 3.988646588552831052, 57.19061771819021800 ) ) ;
#4684 = CARTESIAN_POINT ( 'NONE',  ( -5.364834764492690589, 5.003366455518602152, 51.25933768168647475 ) ) ;
#4685 = CARTESIAN_POINT ( 'NONE',  ( -0.7333049287549533446, 10.38273713672160703, 48.57925568741519839 ) ) ;
#4686 = CARTESIAN_POINT ( 'NONE',  ( -2.909489601787524471, 8.012159183487778336, 53.59500888271527685 ) ) ;
#4687 = CARTESIAN_POINT ( 'NONE',  ( -0.02833276828593190785, 5.191244606083484925, 57.22890099600490998 ) ) ;
#4688 = CARTESIAN_POINT ( 'NONE',  ( -5.645466694229316573, 4.628451174291086545, 51.51359900178537288 ) ) ;
#4689 = CARTESIAN_POINT ( 'NONE',  ( -4.367571077206554797, 6.231760236094593175, 53.47674689723385200 ) ) ;
#4690 = CARTESIAN_POINT ( 'NONE',  ( -1.600073513297618932, 9.612465845658196173, 52.53572837657898731 ) ) ;
#4691 = CARTESIAN_POINT ( 'NONE',  ( -0.2436895020578685456, 2.137160785905634963, 57.49999999999998579 ) ) ;
#4692 = CARTESIAN_POINT ( 'NONE',  ( -4.988587916886661588, 7.253475585355914745, 20.75022976923171214 ) ) ;
#4693 = CARTESIAN_POINT ( 'NONE',  ( 0.02298998065573529259, 10.37232151145824766, 51.61318533385138352 ) ) ;
#4694 = CARTESIAN_POINT ( 'NONE',  ( -0.2668523483904400306, 7.452778014906269455, -8.674450586689808063 ) ) ;
#4695 = CARTESIAN_POINT ( 'NONE',  ( -3.611957897361336656, 8.048742266095922915, 52.59291118688272348 ) ) ;
#4696 = CARTESIAN_POINT ( 'NONE',  ( -0.08750883307541620915, 9.679885548934997530, 53.53324566155482955 ) ) ;
#4697 = EDGE_CURVE ( 'NONE', #6453, #4006, #7825, .T. ) ;
#4698 = ORIENTED_EDGE ( 'NONE', *, *, #746, .F. ) ;
#4699 = CARTESIAN_POINT ( 'NONE',  ( -2.907423152592735871, 3.406310229473933582, 56.89003512790662143 ) ) ;
#4700 = CARTESIAN_POINT ( 'NONE',  ( -0.8786316922451090639, 3.016743777098651602, -14.99999999999999112 ) ) ;
#4701 = CARTESIAN_POINT ( 'NONE',  ( 0.003660786976465574272, 9.419545240044467249, 53.97723421411496503 ) ) ;
#4702 = CARTESIAN_POINT ( 'NONE',  ( -5.376354742695671263, 2.737973191999424127, -4.350573873499005373 ) ) ;
#4703 = CARTESIAN_POINT ( 'NONE',  ( -2.038233407768924810, 10.15956328935305564, 7.838954936263646367 ) ) ;
#4704 = CARTESIAN_POINT ( 'NONE',  ( -1.949939889687132277, 7.787648936089768270, 54.79520451656892988 ) ) ;
#4705 = CARTESIAN_POINT ( 'NONE',  ( 0.001906010537648585674, 9.947141750793115023, 52.97605591283296889 ) ) ;
#4706 = CARTESIAN_POINT ( 'NONE',  ( -3.841570051426177024, 2.980105934062607265, 56.39880782671377091 ) ) ;
#4707 = CARTESIAN_POINT ( 'NONE',  ( -1.685708259655520846, 9.085483491175374127, 53.43539231658451882 ) ) ;
#4708 = CARTESIAN_POINT ( 'NONE',  ( -3.968460838800295321, 7.752377844310565536, 52.41593635734665924 ) ) ;
#4709 = CARTESIAN_POINT ( 'NONE',  ( -0.6383466703819508092, 9.917267575284185455, 52.79430070220841031 ) ) ;
#4710 = CARTESIAN_POINT ( 'NONE',  ( -4.642857810578201239, 5.644338787801066459, 53.53290075722726726 ) ) ;
#4711 = CARTESIAN_POINT ( 'NONE',  ( 0.003772933981684685380, 9.926948957561055664, 53.02330296016528877 ) ) ;
#4712 = CARTESIAN_POINT ( 'NONE',  ( -5.481147763219460955, 4.925700662934021423, 15.73420140466534711 ) ) ;
#4713 = CARTESIAN_POINT ( 'NONE',  ( -0.1305270349672099928, 9.762597752727531386, 52.32423681611029309 ) ) ;
#4714 = CARTESIAN_POINT ( 'NONE',  ( -2.005531170976009303, 9.138839063347756309, 53.00378293639294469 ) ) ;
#4715 = CARTESIAN_POINT ( 'NONE',  ( -0.003977885822537830830, 7.818246628081960026, 55.73995479854796287 ) ) ;
#4716 = CARTESIAN_POINT ( 'NONE',  ( -1.329067251556445006, 9.665354274758900743, 2.026008995851746874 ) ) ;
#4717 = CARTESIAN_POINT ( 'NONE',  ( -0.0008106935414963394385, 9.632531896634336732, 53.62422885976999964 ) ) ;
#4718 = CARTESIAN_POINT ( 'NONE',  ( -2.503624383181930924, 8.752226999859066936, 53.05604255958169801 ) ) ;
#4719 = CARTESIAN_POINT ( 'NONE',  ( -0.004518521576028766522, 9.753040911524369250, 53.39669741707896833 ) ) ;
#4720 = CARTESIAN_POINT ( 'NONE',  ( -0.003977885823236871482, 0.1805908214217741559, 41.45540113598099197 ) ) ;
#4721 = CARTESIAN_POINT ( 'NONE',  ( -4.083930442753887391, 8.425229763190859700, 50.89595394063412215 ) ) ;
#4722 = CARTESIAN_POINT ( 'NONE',  ( -4.457284556146755783, 7.459102134477095802, 51.83739502596844773 ) ) ;
#4723 = CARTESIAN_POINT ( 'NONE',  ( -1.064862186081415363, 10.09944447877672324, 51.83891820673506601 ) ) ;
#4724 = CARTESIAN_POINT ( 'NONE',  ( -2.364703269251071660, 6.616255091621529694, -7.643518368284216713 ) ) ;
#4725 = CARTESIAN_POINT ( 'NONE',  ( -0.6268111114911776305, 1.846419005932094626, 57.50000000000001421 ) ) ;
#4726 = CARTESIAN_POINT ( 'NONE',  ( -0.003977885823200783162, 9.781094393413720667, 52.27420921459501102 ) ) ;
#4727 = CARTESIAN_POINT ( 'NONE',  ( -5.499945153853921020, 1.562499999999995781, -1.905800837726598251 ) ) ;
#4728 = CARTESIAN_POINT ( 'NONE',  ( -0.5502008407349043839, 9.065705977690074135, -2.368573081503369870 ) ) ;
#4729 = CARTESIAN_POINT ( 'NONE',  ( -3.217106613218927880, 8.278795488571741856, 52.85158035337482829 ) ) ;
#4730 = CARTESIAN_POINT ( 'NONE',  ( -0.02633359408719831291, 9.245682263704303239, 54.23290750026217211 ) ) ;
#4731 = CARTESIAN_POINT ( 'NONE',  ( -3.446205251554268933, 3.151354675898533575, 56.65168046152253822 ) ) ;
#4732 = CARTESIAN_POINT ( 'NONE',  ( -4.906399163923965467, 7.076766500791110026, 51.21363062007893774 ) ) ;
#4733 = CARTESIAN_POINT ( 'NONE',  ( -1.626566935576357897, 9.715264280301363797, 52.25011180392128551 ) ) ;
#4734 = CARTESIAN_POINT ( 'NONE',  ( -0.7335964703033389656, 3.728475177734627888, 57.28453136477524765 ) ) ;
#4735 = CARTESIAN_POINT ( 'NONE',  ( -4.969624417174951070, 7.183557362297221083, 9.121040843390220587 ) ) ;
#4736 = CARTESIAN_POINT ( 'NONE',  ( 0.04021858058886831899, 10.15918483333593514, 52.39876708790404081 ) ) ;
#4737 = CARTESIAN_POINT ( 'NONE',  ( -0.4934338581415583791, 10.96753170693866508, 37.31562964473769028 ) ) ;
#4738 = CARTESIAN_POINT ( 'NONE',  ( -3.418784265227462260, 7.687655193057945091, 53.34890436603561170 ) ) ;
#4739 = CARTESIAN_POINT ( 'NONE',  ( -0.08676120895454678128, 9.964857101267348582, 52.92941505337740438 ) ) ;
#4740 = CYLINDRICAL_SURFACE ( 'NONE', #7636, 0.09999999999999947820 ) ;
#4741 = CARTESIAN_POINT ( 'NONE',  ( -4.650348823108342522, 5.906771598671013201, 53.28066615198621037 ) ) ;
#4742 = CARTESIAN_POINT ( 'NONE',  ( -5.065059956907358441, 5.431241926641187767, 52.85150173224216985 ) ) ;
#4743 = CARTESIAN_POINT ( 'NONE',  ( -3.303621699301537262, 6.142351136147561341, -6.570312134262245252 ) ) ;
#4744 = CARTESIAN_POINT ( 'NONE',  ( 0.008971213103769890701, 10.32524434650411216, 51.81126562802523239 ) ) ;
#4745 = CARTESIAN_POINT ( 'NONE',  ( -5.499969330862563233, 2.115040473897323192, 20.75102846872411533 ) ) ;
#4746 = CARTESIAN_POINT ( 'NONE',  ( -1.500764139913548734, 7.275874789119523456, -7.649448230847122332 ) ) ;
#4747 = CARTESIAN_POINT ( 'NONE',  ( 0.0003524409787152640861, 9.753055017275542582, 53.39671126657767530 ) ) ;
#4748 = CARTESIAN_POINT ( 'NONE',  ( -5.555321209716896469, 3.936666990480705675, 52.66296188205598128 ) ) ;
#4749 = CARTESIAN_POINT ( 'NONE',  ( -2.896918902594077583, 5.890701817767564741, 55.56422599920800565 ) ) ;
#4750 = CARTESIAN_POINT ( 'NONE',  ( -0.5191548443716161865, 9.497960880003414985, 53.70423296592696261 ) ) ;
#4751 = CARTESIAN_POINT ( 'NONE',  ( -5.173364418287861533, 5.994932419730234052, 51.94329132160030582 ) ) ;
#4752 = CARTESIAN_POINT ( 'NONE',  ( 0.004026719453199444770, 9.947145987017545821, 52.97603153382078034 ) ) ;
#4753 = CARTESIAN_POINT ( 'NONE',  ( -5.149679582883794460, 3.304115466789644184, 53.11171027362703256 ) ) ;
#4754 = CARTESIAN_POINT ( 'NONE',  ( -0.1276157795900978165, 8.554255424939031016, -4.966847976655369479 ) ) ;
#4755 = CARTESIAN_POINT ( 'NONE',  ( -1.945813461170722514, 8.912760440426275466, 53.43570882936856492 ) ) ;
#4756 = CARTESIAN_POINT ( 'NONE',  ( -5.564834764492689878, 5.003366455518602152, 51.25933768168647475 ) ) ;
#4757 = CARTESIAN_POINT ( 'NONE',  ( -1.259869397548732950, 9.666419325063079881, 51.54483268643853222 ) ) ;
#4758 = CARTESIAN_POINT ( 'NONE',  ( -0.2738472599385580741, 10.14049731153767553, 52.40476341414498762 ) ) ;
#4759 = CARTESIAN_POINT ( 'NONE',  ( -2.898028303539813333, 9.450793162102133493, 50.87857942483391582 ) ) ;
#4760 = CARTESIAN_POINT ( 'NONE',  ( -0.01349076822843233055, 8.735574935248731521, 54.88702973692900144 ) ) ;
#4761 = CARTESIAN_POINT ( 'NONE',  ( -5.152167364256785120, 3.839650070144081440, 53.97664186868850322 ) ) ;
#4762 = CARTESIAN_POINT ( 'NONE',  ( -3.450222336700354830, 7.375710430031319653, 53.66165423509093557 ) ) ;
#4763 = CARTESIAN_POINT ( 'NONE',  ( -0.2581635044404876900, 9.454311256980915346, 53.88488799473098823 ) ) ;
#4764 = CARTESIAN_POINT ( 'NONE',  ( -4.019040392904428494, 6.889125657272630043, 53.37711085150580459 ) ) ;
#4765 = CARTESIAN_POINT ( 'NONE',  ( -0.6073604985527270017, 7.333709936296676446, 55.96375221643733511 ) ) ;
#4766 = CARTESIAN_POINT ( 'NONE',  ( -4.093005974295428118, 8.978140832463177290, 12.44801516366900351 ) ) ;
#4767 = CARTESIAN_POINT ( 'NONE',  ( -5.226708310196155338, 5.782646984297872272, 28.18652961404784918 ) ) ;
#4768 = CARTESIAN_POINT ( 'NONE',  ( -2.098488812743535728E-32, 1.562500000000000000, 57.50000000000000000 ) ) ;
#4769 = CARTESIAN_POINT ( 'NONE',  ( -0.5537387245243440281, 8.948840065575323521, -2.964310131587673869 ) ) ;
#4770 = CARTESIAN_POINT ( 'NONE',  ( -1.931710614315724772, 5.695696396524116523, 56.36244314581630022 ) ) ;
#4771 = CARTESIAN_POINT ( 'NONE',  ( -0.02134566642138287923, 9.729233204348483710, 53.44236238020179997 ) ) ;
#4772 = CARTESIAN_POINT ( 'NONE',  ( -5.337363553992244825, 4.035504723547805206, 53.32641708705550343 ) ) ;
#4773 = CARTESIAN_POINT ( 'NONE',  ( -2.836040409878395341, 4.358284115472198295, 56.49664687186975698 ) ) ;
#4774 = CARTESIAN_POINT ( 'NONE',  ( -0.8560272706794030961, 6.094911953140777605, 56.63459514645534654 ) ) ;
#4775 = CARTESIAN_POINT ( 'NONE',  ( -2.310377808337342742, 8.653086089755293031, -1.796189082753357091 ) ) ;
#4776 = CARTESIAN_POINT ( 'NONE',  ( -4.379007513536610219, 6.263015728503759760, -2.464151542730720568 ) ) ;
#4777 = CARTESIAN_POINT ( 'NONE',  ( 0.02145812043164097016, 10.05978958045228566, 52.68934467232232066 ) ) ;
#4778 = CARTESIAN_POINT ( 'NONE',  ( -0.2975830029817939648, 9.205619597858893499, -1.770073530393959205 ) ) ;
#4779 = CARTESIAN_POINT ( 'NONE',  ( -1.805336616735587318, 4.563757718795070417, 56.97230411103680581 ) ) ;
#4780 = CARTESIAN_POINT ( 'NONE',  ( -0.07407815905182747740, 6.381354231335053306, 56.68507782257000116 ) ) ;
#4781 = VERTEX_POINT ( 'NONE', #5410 ) ;
#4782 = CARTESIAN_POINT ( 'NONE',  ( -5.128164680739845771, 6.338197519226554277, 51.63433314748997560 ) ) ;
#4783 = CARTESIAN_POINT ( 'NONE',  ( -4.814396596183187604, 5.207578491280847821, 53.59021056976194330 ) ) ;
#4784 = CARTESIAN_POINT ( 'NONE',  ( -4.008592031180631565, 7.299603565978177500, -1.213008775247835569 ) ) ;
#4785 = CARTESIAN_POINT ( 'NONE',  ( 0.001973577529971431120, 9.580871554931931655, 53.71338868678938638 ) ) ;
#4786 = CARTESIAN_POINT ( 'NONE',  ( -5.444818781251409945, 4.982644341237068453, 52.13522417493935990 ) ) ;
#4787 = CARTESIAN_POINT ( 'NONE',  ( -5.499574284565924565, 3.033168496628881883, 24.07164500086874526 ) ) ;
#4788 = CARTESIAN_POINT ( 'NONE',  ( -2.030515638671686940, 9.562202248146910222, 50.60506799419389523 ) ) ;
#4789 = CARTESIAN_POINT ( 'NONE',  ( 0.002923762054270146859, 10.43635028507154949, 51.31583909313668102 ) ) ;
#4790 = CARTESIAN_POINT ( 'NONE',  ( -5.759204860936149473, 3.377575718142610928, 52.02564469339662878 ) ) ;
#4791 = CARTESIAN_POINT ( 'NONE',  ( -3.873680068077516303, 7.612294206784951278, 52.77510736051963391 ) ) ;
#4792 = CARTESIAN_POINT ( 'NONE',  ( -0.5300823220318066076, 9.693868178783048961, 53.34801318915675239 ) ) ;
#4793 = CARTESIAN_POINT ( 'NONE',  ( -3.151769527156843775, 3.978335089350603759, 56.46822356304676305 ) ) ;
#4794 = CARTESIAN_POINT ( 'NONE',  ( -0.01636024832945740318, 4.780545987128296481, 57.38487847911841300 ) ) ;
#4795 = CARTESIAN_POINT ( 'NONE',  ( -5.324463429580110763, 3.859557415029252869, -0.6164607947583115033 ) ) ;
#4796 = CARTESIAN_POINT ( 'NONE',  ( -0.3428094505289442928, 10.66907222713832226, 12.45367748482366288 ) ) ;
#4797 = CARTESIAN_POINT ( 'NONE',  ( -1.999567922476723325, 9.117312411412793693, 53.04777253960823913 ) ) ;
#4798 =( NAMED_UNIT ( * ) SI_UNIT ( $, .STERADIAN. ) SOLID_ANGLE_UNIT ( ) );
#4799 = CARTESIAN_POINT ( 'NONE',  ( -1.140099354638164586, 8.325873843924743056, -4.986266199341715222 ) ) ;
#4800 = CARTESIAN_POINT ( 'NONE',  ( -0.2686718299117623610, 9.966045629480507984, 52.88361450475728276 ) ) ;
#4801 = CARTESIAN_POINT ( 'NONE',  ( -2.488714488681586623, 8.708484305254954094, 53.14186198351600865 ) ) ;
#4802 = CARTESIAN_POINT ( 'NONE',  ( 0.001397467772661366205, 10.39446368292073686, 51.51446960931901486 ) ) ;
#4803 = FACE_OUTER_BOUND ( 'NONE', #8007, .T. ) ;
#4804 = CARTESIAN_POINT ( 'NONE',  ( -2.139277177087387738, 4.682260368718549337, 56.76216441751684982 ) ) ;
#4805 = CARTESIAN_POINT ( 'NONE',  ( -0.3413721826225442624, 9.381467561184184234, 53.96854990861091039 ) ) ;
#4806 = CARTESIAN_POINT ( 'NONE',  ( -4.092773940280072686, 6.999610526698923252, 53.14597024963707383 ) ) ;
#4807 = CARTESIAN_POINT ( 'NONE',  ( -0.9105819613568777449, 9.758946561248274421, 52.93853947309939656 ) ) ;
#4808 = CARTESIAN_POINT ( 'NONE',  ( -2.967427231662842502, 6.879190229087939201, 54.05046937411008656 ) ) ;
#4809 = CIRCLE ( 'NONE', #7687, 0.1000000000000005745 ) ;
#4810 = CARTESIAN_POINT ( 'NONE',  ( -5.328304098915634057, 5.147914584841659646, 4.140201777415334128 ) ) ;
#4811 = CARTESIAN_POINT ( 'NONE',  ( 0.000000000000000000, 5.551547312399922163, -13.07288231143312807 ) ) ;
#4812 = CARTESIAN_POINT ( 'NONE',  ( -1.881730027171121700, 9.538331569821313138, 50.95933768168645628 ) ) ;
#4813 = CARTESIAN_POINT ( 'NONE',  ( -0.6803123710352474429, 8.028769866404447342, -6.557643764926782914 ) ) ;
#4814 = CARTESIAN_POINT ( 'NONE',  ( -0.9915217220304041179, 3.432452843442886703, 57.58212551654164457 ) ) ;
#4815 = CARTESIAN_POINT ( 'NONE',  ( -0.02700320565252468941, 6.764652723946404045, 56.48312143165496479 ) ) ;
#4816 = CARTESIAN_POINT ( 'NONE',  ( -3.323315803952810565, 2.845659817189351681, 56.85553981142854241 ) ) ;
#4817 = CARTESIAN_POINT ( 'NONE',  ( -4.884807504151242874, 7.055733779855922982, 51.31951736736785108 ) ) ;
#4818 = CARTESIAN_POINT ( 'NONE',  ( -1.351436419001207589, 9.415223613574536188, 53.21577214705003911 ) ) ;
#4819 = CARTESIAN_POINT ( 'NONE',  ( -2.519294655277488637, 9.323889570047596109, 2.035405156763931522 ) ) ;
#4820 = CARTESIAN_POINT ( 'NONE',  ( -4.402243324561153415, 5.579971900293227094, 53.12198939812429188 ) ) ;
#4821 = CARTESIAN_POINT ( 'NONE',  ( 0.04169537974257524898, 10.32524281813139666, 51.81053083272175996 ) ) ;
#4822 = CARTESIAN_POINT ( 'NONE',  ( -0.4007259004765375554, 8.524108894508019674, -4.972396040280044893 ) ) ;
#4823 = CARTESIAN_POINT ( 'NONE',  ( -1.948664370898916420, 4.862690201821898484, 56.77624190788413472 ) ) ;
#4824 = CARTESIAN_POINT ( 'NONE',  ( -0.08706418659102926894, 9.819193177761741609, 53.25801611129691793 ) ) ;
#4825 = CARTESIAN_POINT ( 'NONE',  ( -5.495477197938166469, 4.122512382684921484, 52.74794332872717462 ) ) ;
#4826 = DIRECTION ( 'NONE',  ( 0.000000000000000000, 0.000000000000000000, -1.000000000000000000 ) ) ;
#4827 = CARTESIAN_POINT ( 'NONE',  ( -4.955060953608368735, 6.196424103340287814, 52.33536920900374412 ) ) ;
#4828 = CARTESIAN_POINT ( 'NONE',  ( -2.421444318625684655, 3.034278427469168982, 57.25770377987210225 ) ) ;
#4829 = CARTESIAN_POINT ( 'NONE',  ( -3.946515258672941950, 7.196269461405402801, -1.826350706605054164 ) ) ;
#4830 = CARTESIAN_POINT ( 'NONE',  ( 0.01335561092319089392, 9.798747229773249856, 53.30431924771115604 ) ) ;
#4831 = CARTESIAN_POINT ( 'NONE',  ( -5.147672795145423308, 4.793603897401526481, 53.21178003306796001 ) ) ;
#4832 = CARTESIAN_POINT ( 'NONE',  ( -5.500021318453803154, 1.750131750906486205, 49.93772615439992535 ) ) ;
#4833 = CARTESIAN_POINT ( 'NONE',  ( -2.253036793311610442, 10.38930140911785749, 12.45103506828482764 ) ) ;
#4834 = CARTESIAN_POINT ( 'NONE',  ( -0.01799699249455120886, 5.191258572175646790, 57.22943762470955420 ) ) ;
#4835 = CARTESIAN_POINT ( 'NONE',  ( -5.500002984944665663, 3.295022134869523889, 53.36739910732187298 ) ) ;
#4836 = CARTESIAN_POINT ( 'NONE',  ( -4.208930996111024392, 8.084795269027333475, 51.31554734314323696 ) ) ;
#4837 = CARTESIAN_POINT ( 'NONE',  ( -0.6805729154432458294, 10.32296622245957707, 51.42895270708652333 ) ) ;
#4838 = CARTESIAN_POINT ( 'NONE',  ( -4.735189757799005861, 5.617265836488866348, 53.38369795811998841 ) ) ;
#4839 = CARTESIAN_POINT ( 'NONE',  ( -0.01898371609039830807, 7.130154577691983242, 56.25481206762487574 ) ) ;
#4840 = CARTESIAN_POINT ( 'NONE',  ( -4.051091837307673416, 3.070899064932263833, -9.942182750152095849 ) ) ;
#4841 = CARTESIAN_POINT ( 'NONE',  ( -2.064877441483613296, 9.338188618693099130, 52.55006268319490914 ) ) ;
#4842 = CARTESIAN_POINT ( 'NONE',  ( -1.706272714967887127, 10.79533346070309285, 31.92478371044122198 ) ) ;
#4843 = CARTESIAN_POINT ( 'NONE',  ( -0.1731418431101202915, 9.464555261598288638, 53.88688067284051186 ) ) ;
#4844 = CARTESIAN_POINT ( 'NONE',  ( -1.765399124241502360, 6.221506874044473001, 56.14377225030326457 ) ) ;
#4845 = CARTESIAN_POINT ( 'NONE',  ( -0.01709775444395259664, 8.141701231387894921, 55.47787398002156323 ) ) ;
#4846 = CARTESIAN_POINT ( 'NONE',  ( -5.364834764492690589, 5.003366455518602152, 50.95933768168647049 ) ) ;
#4847 = CARTESIAN_POINT ( 'NONE',  ( -3.559955825153526821, 7.592324969904201915, 53.26836303307405984 ) ) ;
#4848 = CARTESIAN_POINT ( 'NONE',  ( -0.3517601053081129692, 9.715398142124383796, 53.39443444568495067 ) ) ;
#4849 = CARTESIAN_POINT ( 'NONE',  ( -3.675984143784691849, 6.328469506743618744, 54.40006384742259371 ) ) ;
#4850 = CARTESIAN_POINT ( 'NONE',  ( -0.6355446922707681523, 7.669992868126052521, 55.71117600597572306 ) ) ;
#4851 = CARTESIAN_POINT ( 'NONE',  ( -3.505284825419953343, 7.898286187030263861, 52.00054340692047816 ) ) ;
#4852 = CARTESIAN_POINT ( 'NONE',  ( -3.937336686023167776, 4.164320516460620070, -8.615535936414302043 ) ) ;
#4853 = CARTESIAN_POINT ( 'NONE',  ( -0.02524023209808541612, 10.25817267237068187, 49.94329331220928481 ) ) ;
#4854 = EDGE_CURVE ( 'NONE', #4092, #1867, #5492, .T. ) ;
#4855 = CARTESIAN_POINT ( 'NONE',  ( -1.793240912725273306, 9.582151116699295201, 50.95933768168646338 ) ) ;
#4856 = CARTESIAN_POINT ( 'NONE',  ( -0.4293999276347739147, 5.436507950040210702, -13.06385804873953127 ) ) ;
#4857 = CARTESIAN_POINT ( 'NONE',  ( -2.666540815446990731, 7.834180326020176111, 54.07623461976947965 ) ) ;
#4858 = CARTESIAN_POINT ( 'NONE',  ( -0.007911816491900279524, 9.926907432837500878, 53.02339935553457195 ) ) ;
#4859 = CARTESIAN_POINT ( 'NONE',  ( -5.274558317887698244, 3.996042340525348013, 53.53731103553819537 ) ) ;
#4860 = CARTESIAN_POINT ( 'NONE',  ( -4.222368604313746943, 6.313806856512418797, 53.63110693513539928 ) ) ;
#4861 = CARTESIAN_POINT ( 'NONE',  ( -1.093810478716265910, 8.973838142482387426, 54.11602600332697222 ) ) ;
#4862 = CARTESIAN_POINT ( 'NONE',  ( -2.389176374302973915, 8.885268543869120350, -0.5955393641438735397 ) ) ;
#4863 = CARTESIAN_POINT ( 'NONE',  ( -5.121587429419438564, 6.873259369841351329, 12.44499525905314208 ) ) ;
#4864 = CARTESIAN_POINT ( 'NONE',  ( 0.05340642952454716097, 9.927054008171699806, 53.02280440895725633 ) ) ;
#4865 = CARTESIAN_POINT ( 'NONE',  ( -0.4045010064608047240, 7.761289731606520803, -7.656119326230387045 ) ) ;
#4866 = CARTESIAN_POINT ( 'NONE',  ( -2.446098235737921733, 5.983926205524677577, 55.84778372861127593 ) ) ;
#4867 = CARTESIAN_POINT ( 'NONE',  ( -0.04314879239437187375, 9.752327467449859455, 53.39656028267570775 ) ) ;
#4868 = CARTESIAN_POINT ( 'NONE',  ( -5.387207639988187857, 4.065496529077607946, 53.15290960126073827 ) ) ;
#4869 = CARTESIAN_POINT ( 'NONE',  ( -4.607539223334650380, 5.988701917310389256, 53.28261355343098415 ) ) ;
#4870 = AXIS2_PLACEMENT_3D ( 'NONE', #5422, #6707, #6666 ) ;
#4871 = CARTESIAN_POINT ( 'NONE',  ( -0.6848796879949573535, 4.103972517527718189, 57.48633671852424953 ) ) ;
#4872 = CARTESIAN_POINT ( 'NONE',  ( -5.377361416798177807, 5.647794659026667219, 51.62996297702638770 ) ) ;
#4873 = CARTESIAN_POINT ( 'NONE',  ( -3.168789679619135047, 5.613327517724069793, 54.93697183056557520 ) ) ;
#4874 = CARTESIAN_POINT ( 'NONE',  ( 0.01330172434307029007, 10.12739599610809016, 52.49644982732625920 ) ) ;
#4875 = CARTESIAN_POINT ( 'NONE',  ( -5.263419252385408420, 4.875896934058816967, 52.84162099274224289 ) ) ;
#4876 = CARTESIAN_POINT ( 'NONE',  ( -1.560142615821227707, 7.480703449318730769, -6.993423650336573871 ) ) ;
#4877 = CARTESIAN_POINT ( 'NONE',  ( -0.006201337929008406136, 9.245893041532003309, 54.23343427449339060 ) ) ;
#4878 = MANIFOLD_SOLID_BREP ( 'Cut-Extrude2', #3146 ) ;
#4879 = CARTESIAN_POINT ( 'NONE',  ( -3.861977445260797115, 7.758558157705319758, 52.59809594413877676 ) ) ;
#4880 = CARTESIAN_POINT ( 'NONE',  ( -0.5366360571640123034, 9.804543239738185534, 53.11942609760051681 ) ) ;
#4881 = CARTESIAN_POINT ( 'NONE',  ( -2.289440626875377749, 3.178682543855922749, 57.26596532131977568 ) ) ;
#4882 = CARTESIAN_POINT ( 'NONE',  ( -0.01126719960448387819, 8.438641977881790268, 55.18266469229371296 ) ) ;
#4883 = CARTESIAN_POINT ( 'NONE',  ( -5.605663934301495566, 4.041874870535521858, 39.73723664521441634 ) ) ;
#4884 = CARTESIAN_POINT ( 'NONE',  ( -2.178542033737103090, 9.351698677831247863, 52.36440011980634068 ) ) ;
#4885 = CARTESIAN_POINT ( 'NONE',  ( -1.695309147823747198, 10.24809400826458905, 7.837955299865724257 ) ) ;
#4886 = CARTESIAN_POINT ( 'NONE',  ( -0.2602131276828206219, 9.559876130093847735, 53.70918754622850599 ) ) ;
#4887 = CARTESIAN_POINT ( 'NONE',  ( -0.9957380288215444963, 3.890916184611266981, 57.47423172976620265 ) ) ;
#4888 = CARTESIAN_POINT ( 'NONE',  ( 0.0005848604010313159917, 10.49360338956488015, 51.01739893721168073 ) ) ;
#4889 = CARTESIAN_POINT ( 'NONE',  ( -4.340817467013510900, 3.895472927465433610, 54.61858983585351979 ) ) ;
#4890 = CARTESIAN_POINT ( 'NONE',  ( -4.668731681881484796, 5.672481559109510130, 53.45949497419604057 ) ) ;
#4891 = CARTESIAN_POINT ( 'NONE',  ( -0.3494903002728495522, 9.644196954121101228, 53.53005235495314196 ) ) ;
#4892 = CARTESIAN_POINT ( 'NONE',  ( -4.631850153401009251, 7.659814738936205458, 51.00312609816533183 ) ) ;
#4893 = CARTESIAN_POINT ( 'NONE',  ( -0.5791763048346857401, 6.997427004467300371, 56.21632842689894005 ) ) ;
#4894 = CARTESIAN_POINT ( 'NONE',  ( -3.866698861154793221, 8.308528984237934623, 2.049746665524629030 ) ) ;
#4895 = CARTESIAN_POINT ( 'NONE',  ( -5.176750702304728335, 4.954586310010802741, 0.4221523811789549829 ) ) ;
#4896 = CARTESIAN_POINT ( 'NONE',  ( 0.000000000000000000, 8.002446290883131752, -6.993359736142275018 ) ) ;
#4897 = CARTESIAN_POINT ( 'NONE',  ( -5.564834764492689878, 5.003366455518602152, 51.25933768168647475 ) ) ;
#4898 = CARTESIAN_POINT ( 'NONE',  ( -0.6903368109408656306, 8.464944604538406026, -4.977944103904714979 ) ) ;
#4899 = CARTESIAN_POINT ( 'NONE',  ( -3.165527808521868991, 8.603292833395258299, 52.39548621929987604 ) ) ;
#4900 = CARTESIAN_POINT ( 'NONE',  ( -0.009463309499786607543, 9.798663444455382177, 53.30432253576607593 ) ) ;
#4901 = CARTESIAN_POINT ( 'NONE',  ( -3.954375290740327120, 5.931381491679358575, 54.37792173176261912 ) ) ;
#4902 = CARTESIAN_POINT ( 'NONE',  ( -0.9533388036140025834, 7.843828531590649078, 55.41981524311376717 ) ) ;
#4903 = CARTESIAN_POINT ( 'NONE',  ( -2.618752244358895531, 9.778960699987626626, 48.55839184930869834 ) ) ;
#4904 = CARTESIAN_POINT ( 'NONE',  ( -1.891209449702495826, 2.770682680212710469, 57.24992925783988085 ) ) ;
#4905 = CARTESIAN_POINT ( 'NONE',  ( 0.04261687628578930687, 10.47484524646466753, 51.11636541717240334 ) ) ;
#4906 = CARTESIAN_POINT ( 'NONE',  ( -0.5372425276499908087, 11.00858728047290747, 31.92477325371936914 ) ) ;
#4907 = CARTESIAN_POINT ( 'NONE',  ( -3.690439564811003770, 8.361709203104412680, 51.92324142488821792 ) ) ;
#4908 = CARTESIAN_POINT ( 'NONE',  ( -0.09105948912323433286, 10.39298207068559599, 51.51595190513051392 ) ) ;
#4909 = CARTESIAN_POINT ( 'NONE',  ( -4.711907447178957042, 6.100297600472933901, 52.98002995931764048 ) ) ;
#4910 = CARTESIAN_POINT ( 'NONE',  ( -1.798541700843071522, 9.542994757067601697, 52.44741488088746451 ) ) ;
#4911 = CARTESIAN_POINT ( 'NONE',  ( -4.257038337256424221, 4.747151093220392859, 54.89767811198618830 ) ) ;
#4912 = CARTESIAN_POINT ( 'NONE',  ( -4.725393837088550875, 8.140454281325858688, 34.88771171083475764 ) ) ;
#4913 = CARTESIAN_POINT ( 'NONE',  ( 0.009134453601259872463, 9.529223461201798528, 53.80264480823042561 ) ) ;
#4914 = CARTESIAN_POINT ( 'NONE',  ( -5.078260259678991417, 4.738975845534011633, 53.42499707307482026 ) ) ;
#4915 = CARTESIAN_POINT ( 'NONE',  ( 0.002371419459455450726, 10.51136164599794576, 50.91781114596069102 ) ) ;
#4916 = CARTESIAN_POINT ( 'NONE',  ( -5.746440623463059616, 3.374969466404924123, 52.12266786408424224 ) ) ;
#4917 = CARTESIAN_POINT ( 'NONE',  ( -0.6833139152532955451, 10.34503370970005065, 51.32904777605602931 ) ) ;
#4918 = CARTESIAN_POINT ( 'NONE',  ( -5.503665164392050002, 5.366136076510694686, 51.41446748073619943 ) ) ;
#4919 = CARTESIAN_POINT ( 'NONE',  ( -0.01715825080813764003, 7.474404156713237768, 56.00346323710807184 ) ) ;
#4920 = CARTESIAN_POINT ( 'NONE',  ( -5.502701615899349363, 4.361348039285090294, 12.44147203700132742 ) ) ;
#4921 = CARTESIAN_POINT ( 'NONE',  ( -1.948285714845654493, 4.432419108051383283, 56.96254884336663338 ) ) ;
#4922 = LENGTH_MEASURE_WITH_UNIT ( LENGTH_MEASURE( 0.02539999999999999897 ), #3506 );
#4923 = CARTESIAN_POINT ( 'NONE',  ( -1.315070253858385829, 9.208611719168038334, 52.69390730835446846 ) ) ;
#4924 = CARTESIAN_POINT ( 'NONE',  ( -0.2760735584940813836, 10.20086248954975616, 52.21022321532612409 ) ) ;
#4925 = CARTESIAN_POINT ( 'NONE',  ( -2.387008807548286704, 8.703150672541958954, 53.26816463763942977 ) ) ;
#4926 = CARTESIAN_POINT ( 'NONE',  ( -0.01969807642095540781, 7.474410994283609888, 56.00330068722513488 ) ) ;
#4927 = DIRECTION ( 'NONE',  ( 1.000000000000000000, 0.000000000000000000, -3.335730344018426891E-15 ) ) ;
#4928 = CARTESIAN_POINT ( 'NONE',  ( -2.721183779811007231, 3.624959507989235163, 56.90469305801096311 ) ) ;
#4929 = CARTESIAN_POINT ( 'NONE',  ( -1.973618457591997277, 9.395711583793753263, 52.54722972243290258 ) ) ;
#4930 = CARTESIAN_POINT ( 'NONE',  ( -2.151242517060086623, 4.236740657649645136, 56.94800075891397029 ) ) ;
#4931 = CARTESIAN_POINT ( 'NONE',  ( -0.9563547795220292969, 10.08118143766993491, 52.03262610301069913 ) ) ;
#4932 = CARTESIAN_POINT ( 'NONE',  ( -2.098488812743535728E-32, 1.562500000000000000, 57.50000000000000000 ) ) ;
#4933 = CARTESIAN_POINT ( 'NONE',  ( -5.369487684727881849, 5.220042808076311047, 6.203972576611464618 ) ) ;
#4934 = CARTESIAN_POINT ( 'NONE',  ( 0.000000000000000000, 10.99161574593829727, 36.13045129105877606 ) ) ;
#4935 = CARTESIAN_POINT ( 'NONE',  ( -2.088172526811541641, 8.695967210662631786, 53.60360137218491161 ) ) ;
#4936 = CARTESIAN_POINT ( 'NONE',  ( -2.567018733920422235, 9.148456245847855328, 50.95933768168647049 ) ) ;
#4937 = CARTESIAN_POINT ( 'NONE',  ( -0.5076601011854930956, 6.030488601960137807, 56.42904590029124279 ) ) ;
#4938 = CARTESIAN_POINT ( 'NONE',  ( -2.835226896048866685, 8.303783523763719643, 53.31138088895372107 ) ) ;
#4939 = CARTESIAN_POINT ( 'NONE',  ( -0.02469383280025305716, 5.601964299050270490, 57.07371304948565438 ) ) ;
#4940 = CARTESIAN_POINT ( 'NONE',  ( -4.155129489620476235, 6.501062313367143020, 53.56042448870898198 ) ) ;
#4941 = CARTESIAN_POINT ( 'NONE',  ( -1.108646654697357237, 9.086177110677729374, 53.94945029542817849 ) ) ;
#4942 = CARTESIAN_POINT ( 'NONE',  ( -2.738739175333272158, 10.40073654157611216, 36.12970442448079922 ) ) ;
#4943 = CARTESIAN_POINT ( 'NONE',  ( -4.774485633802298068, 6.316522521512093036, 0.4191792732252451192 ) ) ;
#4944 = CARTESIAN_POINT ( 'NONE',  ( 0.05898749388014760259, 10.21909718945937051, 52.20326699357195821 ) ) ;
#4945 = CARTESIAN_POINT ( 'NONE',  ( -0.5194763904417337708, 10.41377037982271681, 48.58164989834545366 ) ) ;
#4946 = CARTESIAN_POINT ( 'NONE',  ( -3.588189958171331906, 8.191678702367859444, 52.40700028994088200 ) ) ;
#4947 = CARTESIAN_POINT ( 'NONE',  ( -0.04585357379915817183, 9.418707612858801426, 53.97621809660532222 ) ) ;
#4948 = CARTESIAN_POINT ( 'NONE',  ( -4.698568677792931858, 6.086751213724556742, 53.01924473974305130 ) ) ;
#4949 = CARTESIAN_POINT ( 'NONE',  ( -1.654039129459053736, 8.936647319211308726, 53.69017097315792597 ) ) ;
#4950 = CARTESIAN_POINT ( 'NONE',  ( -5.054954319122074047, 5.542514312971655421, 52.77175846564566797 ) ) ;
#4951 = CARTESIAN_POINT ( 'NONE',  ( -4.658578011696877574, 8.081286890261601741, 31.92482030896780998 ) ) ;
#4952 = CARTESIAN_POINT ( 'NONE',  ( 0.01116515651221437234, 9.926964631757574153, 53.02322866733687334 ) ) ;
#4953 = CARTESIAN_POINT ( 'NONE',  ( -2.098488812743535728E-32, 1.562500000000000000, 57.50000000000000000 ) ) ;
#4954 = CARTESIAN_POINT ( 'NONE',  ( -5.199089267932662572, 4.603724486349567435, 53.24108441825428883 ) ) ;
#4955 = CARTESIAN_POINT ( 'NONE',  ( 0.004427341779424012747, 10.30030595242990721, 51.91001835305845447 ) ) ;
#4956 = CARTESIAN_POINT ( 'NONE',  ( -5.525603565442856357, 3.305935488397452549, 53.26483106100858578 ) ) ;
#4957 = CARTESIAN_POINT ( 'NONE',  ( -0.4187330151468458550, 9.185831513167624252, 54.21965199127098600 ) ) ;
#4958 = CARTESIAN_POINT ( 'NONE',  ( -5.424234976588317991, 5.319037601816105187, 51.83578032149719661 ) ) ;
#4959 = CARTESIAN_POINT ( 'NONE',  ( -0.002873540750934398813, 9.363671876525808457, 54.06380038195940330 ) ) ;
#4960 = CARTESIAN_POINT ( 'NONE',  ( -5.295293565180827500, 3.277799892219761979, -3.750788746659042161 ) ) ;
#4961 = CARTESIAN_POINT ( 'NONE',  ( -3.511357441143348801, 7.682641079535153850, 53.22905476921638979 ) ) ;
#4962 = CARTESIAN_POINT ( 'NONE',  ( -1.929730359343376334, 10.72647001678079448, 34.88714370634792772 ) ) ;
#4963 = CARTESIAN_POINT ( 'NONE',  ( -0.1889245370548065517, 10.42821779724849485, 51.31872138511185000 ) ) ;
#4964 = CARTESIAN_POINT ( 'NONE',  ( -2.672873551323692087, 9.462833201701940311, 51.28429446974654127 ) ) ;
#4965 = CARTESIAN_POINT ( 'NONE',  ( 0.0007808359548367058102, 9.947139765438405945, 52.97606816753457792 ) ) ;
#4966 = CARTESIAN_POINT ( 'NONE',  ( -1.258505765192628578, 10.03343211582610550, 50.95933768168647049 ) ) ;
#4967 = CARTESIAN_POINT ( 'NONE',  ( -4.468635694851509577, 5.572324635946833915, 53.90474978007427609 ) ) ;
#4968 = CARTESIAN_POINT ( 'NONE',  ( -1.928352467500759726, 9.238983440798609337, 52.91273374830973353 ) ) ;
#4969 = CARTESIAN_POINT ( 'NONE',  ( -4.518095899887720535, 7.834136806197369296, 51.00315091512793941 ) ) ;
#4970 = CARTESIAN_POINT ( 'NONE',  ( -0.8374050707848970099, 9.961326812351492421, 52.51397125595379123 ) ) ;
#4971 = CARTESIAN_POINT ( 'NONE',  ( -5.095803285769780366, 5.693667065335823452, 52.51600467905350200 ) ) ;
#4972 = CARTESIAN_POINT ( 'NONE',  ( -3.536969552315697651, 7.372371154017888450, 52.71957778860961241 ) ) ;
#4973 = CARTESIAN_POINT ( 'NONE',  ( -5.419591208160743356, 5.411835150038265319, 12.44298198930923505 ) ) ;
#4974 = CARTESIAN_POINT ( 'NONE',  ( -0.07576909261524082673, 11.02176659998657016, 20.74929640529001773 ) ) ;
#4975 = CARTESIAN_POINT ( 'NONE',  ( -2.006487048420843688, 8.378536826573631302, 54.09456813696736788 ) ) ;
#4976 = CARTESIAN_POINT ( 'NONE',  ( -3.893707401968021564, 7.984973559774372731, 50.95933768168646338 ) ) ;
#4977 = CARTESIAN_POINT ( 'NONE',  ( -0.9616626271881479893, 10.93957307899384190, 34.88700170522619715 ) ) ;
#4978 = CARTESIAN_POINT ( 'NONE',  ( -2.286893675849947627, 7.186702230759137500, 55.06298228464912370 ) ) ;
#4979 = CARTESIAN_POINT ( 'NONE',  ( -0.01154461220938268924, 9.632467448154413248, 53.62412335448914291 ) ) ;
#4980 = CARTESIAN_POINT ( 'NONE',  ( -2.765072111292907309, 4.440548366003724823, 56.50289278175151964 ) ) ;
#4981 = CARTESIAN_POINT ( 'NONE',  ( -1.497549769461211433, 10.06693386286139180, 51.35169752184538083 ) ) ;
#4982 = CARTESIAN_POINT ( 'NONE',  ( -3.375048906825474759, 9.771386745314938338, 46.36986380866931512 ) ) ;
#4983 = CARTESIAN_POINT ( 'NONE',  ( -5.040233511459912386, 6.724961159778692021, 6.195829008129083881 ) ) ;
#4984 = CARTESIAN_POINT ( 'NONE',  ( 0.01463900319762681881, 7.130064608489951716, 56.25699024485643207 ) ) ;
#4985 = CARTESIAN_POINT ( 'NONE',  ( -5.500014060381270831, 1.775772820700650012, 34.88863945149667956 ) ) ;
#4986 = CARTESIAN_POINT ( 'NONE',  ( -2.098488812743535728E-32, 1.562500000000000000, 57.50000000000000000 ) ) ;
#4987 = CARTESIAN_POINT ( 'NONE',  ( -1.267883989974937897, 3.681264275398012487, 57.46232523332722053 ) ) ;
#4988 = CARTESIAN_POINT ( 'NONE',  ( -0.04162908037422088231, 10.24672761783091701, 52.10751840683351332 ) ) ;
#4989 = CARTESIAN_POINT ( 'NONE',  ( -2.431155618866458035, 2.514822452603434844, 57.40118070090787228 ) ) ;
#4990 = CARTESIAN_POINT ( 'NONE',  ( -5.196298991466276718, 6.524162465576056391, 51.10420932259056315 ) ) ;
#4991 = CARTESIAN_POINT ( 'NONE',  ( -1.778328619241337005, 9.469638456398561388, 52.63428605006767214 ) ) ;
#4992 = CARTESIAN_POINT ( 'NONE',  ( -4.643866301234280236, 5.155651168470623880, 53.95917448169217323 ) ) ;
#4993 = CARTESIAN_POINT ( 'NONE',  ( -3.833379675483374438, 6.747637687758411218, 52.96785842006781309 ) ) ;
#4994 = CARTESIAN_POINT ( 'NONE',  ( 0.005140500372431528429, 9.245923006779779740, 54.23377969639663831 ) ) ;
#4995 = CARTESIAN_POINT ( 'NONE',  ( -0.2952801422671903486, 10.97699059164415125, 37.31600116034424275 ) ) ;
#4996 = CARTESIAN_POINT ( 'NONE',  ( -3.151430599311117575, 3.094598687068950582, 56.87027884676021472 ) ) ;
#4997 = CARTESIAN_POINT ( 'NONE',  ( -5.547639907436622053, 3.516716236189436628, 53.03178665332116992 ) ) ;
#4998 = CARTESIAN_POINT ( 'NONE',  ( -0.4761186393966512775, 10.29733882970692171, 51.72262887856008007 ) ) ;
#4999 = CARTESIAN_POINT ( 'NONE',  ( -5.216648025340501427, 5.189259790512925186, 52.68251474993676453 ) ) ;
#5000 = CARTESIAN_POINT ( 'NONE',  ( 0.003988508879264471112, 9.864611536011231863, 53.16447924937907032 ) ) ;
#5001 = CARTESIAN_POINT ( 'NONE',  ( -5.346328878593579859, 3.396879237120220107, 52.09204164836008744 ) ) ;
#5002 = CARTESIAN_POINT ( 'NONE',  ( -1.962587798336824951, 10.72491482291775533, 37.31284327768834430 ) ) ;
#5003 = CARTESIAN_POINT ( 'NONE',  ( -0.1820385579019092592, 10.20996713150773161, 52.20827048396314041 ) ) ;
#5004 = CARTESIAN_POINT ( 'NONE',  ( -2.598723693096130383, 9.283895925275832184, 51.89084914282348393 ) ) ;
#5005 = CARTESIAN_POINT ( 'NONE',  ( -0.0004436641840138516547, 9.798711258088559362, 53.30432389574252028 ) ) ;
#5006 = CARTESIAN_POINT ( 'NONE',  ( -2.836500211931495485, 3.975324890368457265, 56.16772196574274290 ) ) ;
#5007 = CARTESIAN_POINT ( 'NONE',  ( -2.263077434402215093, 3.206970715061966626, 57.26761552135059219 ) ) ;
#5008 = CARTESIAN_POINT ( 'NONE',  ( -5.292897660672977622, 3.591927977599414845, 53.80443407383067722 ) ) ;
#5009 = CARTESIAN_POINT ( 'NONE',  ( -0.6504784938899693669, 3.673660908014158011, 57.59418143028230475 ) ) ;
#5010 = CARTESIAN_POINT ( 'NONE',  ( -2.319947747877227684, 4.502663675193306680, 56.74815288008340275 ) ) ;
#5011 = CARTESIAN_POINT ( 'NONE',  ( -0.6675976845811651961, 9.104054828480684591, 54.21092565392456919 ) ) ;
#5012 = CARTESIAN_POINT ( 'NONE',  ( -4.838901040614508098, 5.474190281426051463, 53.30560138782145430 ) ) ;
#5013 = CARTESIAN_POINT ( 'NONE',  ( -3.365021592293935715, 7.069233990082533836, 53.31681814415006215 ) ) ;
#5014 = CARTESIAN_POINT ( 'NONE',  ( -4.918630332483735046, 4.402821864019551334, 52.97064190364525871 ) ) ;
#5015 = CARTESIAN_POINT ( 'NONE',  ( -0.03076483915042730818, 10.95568336084827976, 18.26491174916221283 ) ) ;
#5016 = CARTESIAN_POINT ( 'NONE',  ( -2.264293959077322338, 8.958913778112304271, 53.00858424988927453 ) ) ;
#5017 = CARTESIAN_POINT ( 'NONE',  ( -1.340978683377477720, 10.22204425387560001, 50.95933768168652023 ) ) ;
#5018 = CARTESIAN_POINT ( 'NONE',  ( -0.9628068815040965456, 9.151850427219184070, 53.14371572944848765 ) ) ;
#5019 = CARTESIAN_POINT ( 'NONE',  ( -2.747062488893815324, 8.585847883356615640, 53.01678516696063781 ) ) ;
#5020 = CARTESIAN_POINT ( 'NONE',  ( -0.006112329421739545743, 9.843212061504875265, 53.21135673428457835 ) ) ;
#5021 = CARTESIAN_POINT ( 'NONE',  ( -4.765132816849286357, 7.216339801248532027, 51.42528850246044669 ) ) ;
#5022 = CARTESIAN_POINT ( 'NONE',  ( -0.4961736547233839834, 5.065743591826359804, 57.20295050240697776 ) ) ;
#5023 = CARTESIAN_POINT ( 'NONE',  ( -2.955357949029052911, 8.228145155300060409, 52.37649945822611386 ) ) ;
#5024 = CARTESIAN_POINT ( 'NONE',  ( -3.130270649608847933, 10.24362229994331663, 42.65156983604650520 ) ) ;
#5025 = CARTESIAN_POINT ( 'NONE',  ( -5.510403339544126311, 6.296248735282283349, 39.74992967188281057 ) ) ;
#5026 = CARTESIAN_POINT ( 'NONE',  ( 0.06258078775087279333, 10.49359568768200113, 51.01668954485708696 ) ) ;
#5027 = CARTESIAN_POINT ( 'NONE',  ( -5.493772423157406770, 2.186144402597022918, 0.4280985970863737666 ) ) ;
#5028 = CARTESIAN_POINT ( 'NONE',  ( -0.5861383346658485261, 9.667526268456633431, 52.33294725646292989 ) ) ;
#5029 = AXIS2_PLACEMENT_3D ( 'NONE', #2947, #4278, #2988 ) ;
#5030 = CARTESIAN_POINT ( 'NONE',  ( -3.192658295614263064, 7.800466243317103476, 53.51087022367775603 ) ) ;
#5031 = CARTESIAN_POINT ( 'NONE',  ( -0.03575139038971616307, 9.363213054207685460, 54.06306734283191417 ) ) ;
#5032 = CARTESIAN_POINT ( 'NONE',  ( -3.722006598193590587, 3.184105452303935824, 56.41214621747128888 ) ) ;
#5033 = CARTESIAN_POINT ( 'NONE',  ( -4.496131866619682782, 6.122000744057267241, 53.36081218728777031 ) ) ;
#5034 = CARTESIAN_POINT ( 'NONE',  ( -1.092828935897189879, 6.338778550809956336, 56.41379582352022481 ) ) ;
#5035 = CARTESIAN_POINT ( 'NONE',  ( -5.132131670439806115, 5.600602444962747839, 52.51527382161467017 ) ) ;
#5036 = CARTESIAN_POINT ( 'NONE',  ( -3.279303620034803579, 5.660316586295997432, -7.636106040080623991 ) ) ;
#5037 = CARTESIAN_POINT ( 'NONE',  ( 0.01824342159954831302, 10.37232208674703493, 51.61328169369181040 ) ) ;
#5038 = CARTESIAN_POINT ( 'NONE',  ( -0.2349904930465739616, 10.24777945112779065, 49.94317454617597463 ) ) ;
#5039 = CARTESIAN_POINT ( 'NONE',  ( -5.176784612717037604, 4.587298971088793920, 53.31166756469571055 ) ) ;
#5040 = VERTEX_POINT ( 'NONE', #4897 ) ;
#5041 = CARTESIAN_POINT ( 'NONE',  ( -5.442361925427671387, 3.468195299337715198, 53.44375725792818344 ) ) ;
#5042 = CARTESIAN_POINT ( 'NONE',  ( -0.4349563059557604583, 9.572125007105853456, 53.61795759076220236 ) ) ;
#5043 = CARTESIAN_POINT ( 'NONE',  ( -4.243270147866891939, 4.416644610780319447, 55.16643790786284285 ) ) ;
#5044 = CARTESIAN_POINT ( 'NONE',  ( 0.003688890036776376873, 9.843243041497215629, 53.21132637129486653 ) ) ;
#5045 = CARTESIAN_POINT ( 'NONE',  ( -5.509998071415253662, 3.632528661840104700, 9.123850451941839523 ) ) ;
#5046 = CARTESIAN_POINT ( 'NONE',  ( -2.016311308756288057, 10.65749257674308126, 42.66862190473617744 ) ) ;
#5047 = CARTESIAN_POINT ( 'NONE',  ( -0.08141499750457430185, 5.189025945738607426, 57.22604823121053386 ) ) ;
#5048 = CARTESIAN_POINT ( 'NONE',  ( -2.611565997167083708, 9.315182017114407742, 51.79076950105434918 ) ) ;
#5049 = CARTESIAN_POINT ( 'NONE',  ( 0.002140828572449802406, 10.39446311081991503, 51.51445814210472207 ) ) ;
#5050 = CYLINDRICAL_SURFACE ( 'NONE', #5029, 0.1000000000000005745 ) ;
#5051 = CARTESIAN_POINT ( 'NONE',  ( -2.928440431600837890, 3.827439455671598711, 56.69791696096287126 ) ) ;
#5052 = CARTESIAN_POINT ( 'NONE',  ( -5.534134439494925672, 3.717467092760172065, 52.92974372505931768 ) ) ;
#5053 = CARTESIAN_POINT ( 'NONE',  ( -1.343639105037719883, 6.544899357011470187, 56.16909704245731660 ) ) ;
#5054 = CARTESIAN_POINT ( 'NONE',  ( -3.631028715632752313, 6.861272438867882961, 53.95964784999056718 ) ) ;
#5055 = CARTESIAN_POINT ( 'NONE',  ( -0.2498377065186376256, 3.882653406187408507, 57.60846049865526908 ) ) ;
#5056 = CARTESIAN_POINT ( 'NONE',  ( -5.354363289308869511, 5.877549796974366636, 51.41951580896351004 ) ) ;
#5057 = CARTESIAN_POINT ( 'NONE',  ( -3.166147704473584845, 6.973102782250120590, -5.030650708339089228 ) ) ;
#5058 = CARTESIAN_POINT ( 'NONE',  ( -4.744279038729024123, 4.451715661537271274, -5.086131344585824721 ) ) ;
#5059 = CARTESIAN_POINT ( 'NONE',  ( -0.09829399472756215894, 10.89627674661449142, 42.69562101349483640 ) ) ;
#5060 = CARTESIAN_POINT ( 'NONE',  ( -2.120972088905350716, 8.817108065823141771, 53.39371864236305498 ) ) ;
#5061 = DIRECTION ( 'NONE',  ( -1.000000000000000000, 0.000000000000000000, 0.000000000000000000 ) ) ;
#5062 = CARTESIAN_POINT ( 'NONE',  ( -1.119524602013904024, 9.831240660940284926, 51.12561471442828775 ) ) ;
#5063 = CARTESIAN_POINT ( 'NONE',  ( -2.632431219565855240, 8.265232452010126352, 53.59895386897415648 ) ) ;
#5064 = CARTESIAN_POINT ( 'NONE',  ( -0.005574697336845469905, 9.885952258203150933, 53.11769109871190153 ) ) ;
#5065 = PRODUCT_DEFINITION_FORMATION_WITH_SPECIFIED_SOURCE ( 'ANY', '', #7399, .NOT_KNOWN. ) ;
#5066 = CARTESIAN_POINT ( 'NONE',  ( -1.944260869278373383, 3.534147558716721704, 57.28738499642828685 ) ) ;
#5067 = CARTESIAN_POINT ( 'NONE',  ( -0.9667883833983941244, 9.429095124032976116, 53.52394008082049481 ) ) ;
#5068 = CARTESIAN_POINT ( 'NONE',  ( -3.105626923971671172, 8.506942159214158750, 51.58086075780561686 ) ) ;
#5069 = CARTESIAN_POINT ( 'NONE',  ( -4.242656509797012809, 4.967321667866759327, 53.97645159573156093 ) ) ;
#5070 = CARTESIAN_POINT ( 'NONE',  ( 0.02934741179176389783, 7.474329155342724462, 56.00640413293871944 ) ) ;
#5071 = CARTESIAN_POINT ( 'NONE',  ( -5.499999030097982633, 1.562500000000004663, 46.21976823947299806 ) ) ;
#5072 = CARTESIAN_POINT ( 'NONE',  ( -0.4860397280511873364, 9.695899562366699698, 52.33111347954658754 ) ) ;
#5073 = CARTESIAN_POINT ( 'NONE',  ( -2.122266455477325398, 5.525061454352416135, 56.34868259080878516 ) ) ;
#5074 = CARTESIAN_POINT ( 'NONE',  ( -0.03853137940388339650, 6.000424456044926025, 56.89207393608127461 ) ) ;
#5075 = CARTESIAN_POINT ( 'NONE',  ( -5.742976245720668338, 4.220217705192410129, 51.29369384519281994 ) ) ;
#5076 = CARTESIAN_POINT ( 'NONE',  ( -3.323969788825986260, 4.601392135551567897, 56.01402783346371450 ) ) ;
#5077 = CARTESIAN_POINT ( 'NONE',  ( -1.626891484260781118, 9.279109012547616331, 53.17442692189202091 ) ) ;
#5078 = CARTESIAN_POINT ( 'NONE',  ( -3.663292818000619011, 4.145315611887657070, 55.97905964850846772 ) ) ;
#5079 = CARTESIAN_POINT ( 'NONE',  ( -5.097077957625255173, 7.921181301603385627, 39.76008409321736536 ) ) ;
#5080 = CARTESIAN_POINT ( 'NONE',  ( 0.01829557290881901610, 10.24722667864451608, 52.10628582377021445 ) ) ;
#5081 = CARTESIAN_POINT ( 'NONE',  ( -0.3880858197531065201, 10.98192622415626474, 36.13034707711769045 ) ) ;
#5082 = CARTESIAN_POINT ( 'NONE',  ( -1.983228687354149145, 2.511523348467736838, 57.53781082689089033 ) ) ;
#5083 = VERTEX_POINT ( 'NONE', #1591 ) ;
#5084 = CARTESIAN_POINT ( 'NONE',  ( -5.556050232770674668, 3.520150689945215738, 52.99650420684596241 ) ) ;
#5085 = CARTESIAN_POINT ( 'NONE',  ( -0.4638849964122518377, 10.13408872670738248, 52.31176307978259388 ) ) ;
#5086 = CARTESIAN_POINT ( 'NONE',  ( -5.097074157862777177, 5.219674142810994510, 52.96501765950173990 ) ) ;
#5087 = CARTESIAN_POINT ( 'NONE',  ( 0.007964323762243846749, 10.27376531163546503, 52.00823502042921120 ) ) ;
#5088 = CARTESIAN_POINT ( 'NONE',  ( -5.513916924387759266, 3.743297603236984905, 10.78080035197131892 ) ) ;
#5089 = CARTESIAN_POINT ( 'NONE',  ( -1.903496160516071622, 10.70740414668588514, 18.26420218936364748 ) ) ;
#5090 = CARTESIAN_POINT ( 'NONE',  ( -0.1317232755156277357, 9.880682204283749215, 53.11818848089934164 ) ) ;
#5091 = CARTESIAN_POINT ( 'NONE',  ( -2.401374562698176174, 8.748255268580217958, 53.18343494155764972 ) ) ;
#5092 = CARTESIAN_POINT ( 'NONE',  ( 0.003020965777238249043, 10.18911976881406289, 52.30211240832398545 ) ) ;
#5093 = CARTESIAN_POINT ( 'NONE',  ( -0.3066109276501348679, 3.988646588841701313, 57.57572238926793062 ) ) ;
#5094 = CARTESIAN_POINT ( 'NONE',  ( -4.728051961637587119, 5.988840623602399660, 53.05647838577314701 ) ) ;
#5095 = CARTESIAN_POINT ( 'NONE',  ( -5.783789223631482734, 3.587583449526580814, 51.61209915403694737 ) ) ;
#5096 = CARTESIAN_POINT ( 'NONE',  ( -1.905546947410617475, 9.154346911828426414, 53.09038610366489053 ) ) ;
#5097 = CARTESIAN_POINT ( 'NONE',  ( -4.346663371512869745, 7.626001927151587978, 51.83575186826929837 ) ) ;
#5098 = CARTESIAN_POINT ( 'NONE',  ( -0.8244948730352725796, 9.854042702671591769, 52.79761912366645049 ) ) ;
#5099 = CARTESIAN_POINT ( 'NONE',  ( -3.943900578098326726, 4.520332542453780356, 55.46037647955494521 ) ) ;
#5100 = CARTESIAN_POINT ( 'NONE',  ( -2.098488812743535728E-32, 1.562500000000000000, 57.50000000000000000 ) ) ;
#5101 = CARTESIAN_POINT ( 'NONE',  ( -5.438594518446991266, 5.306235429886162258, 18.26160447891482619 ) ) ;
#5102 = CARTESIAN_POINT ( 'NONE',  ( -0.01560731770875096840, 9.472340085827733347, -0.1909506407971078845 ) ) ;
#5103 = CARTESIAN_POINT ( 'NONE',  ( -2.467442654773946309, 9.522413700740388620, 51.48265806903808084 ) ) ;
#5104 = CARTESIAN_POINT ( 'NONE',  ( -2.205231724640314805, 9.838237102066045736, 50.95933768168649181 ) ) ;
#5105 = CARTESIAN_POINT ( 'NONE',  ( -0.9387074879232230051, 9.719838008788109107, 2.023041787142633385 ) ) ;
#5106 = CARTESIAN_POINT ( 'NONE',  ( -2.763541754267541339, 8.628200799193027848, 52.93004105052266084 ) ) ;
#5107 = CARTESIAN_POINT ( 'NONE',  ( -0.02311177791866802361, 7.130147785689716855, 56.25455598690989234 ) ) ;
#5108 = CARTESIAN_POINT ( 'NONE',  ( -3.392941327937663232, 7.077637377652309603, 54.04668386124894397 ) ) ;
#5109 = CARTESIAN_POINT ( 'NONE',  ( -4.244024435065196776, 6.625426515236873648, 53.29577139082590520 ) ) ;
#5110 = CARTESIAN_POINT ( 'NONE',  ( -1.212480660161386226, 9.772401609491275565, 52.61829082877251551 ) ) ;
#5111 = CARTESIAN_POINT ( 'NONE',  ( -2.563979482554516576, 7.307538777666753305, 54.06897381870454922 ) ) ;
#5112 = CARTESIAN_POINT ( 'NONE',  ( -4.853686564289438010, 5.578795640350235452, 52.05161219284023133 ) ) ;
#5113 = CARTESIAN_POINT ( 'NONE',  ( 0.07710472554722405669, 10.21910299834857838, 52.20283346873274155 ) ) ;
#5114 = CARTESIAN_POINT ( 'NONE',  ( -5.383185430194814103, 1.562499999999992895, 52.77695886212105592 ) ) ;
#5115 = CARTESIAN_POINT ( 'NONE',  ( -2.098488812743535728E-32, 1.562500000000000000, 57.50000000000000000 ) ) ;
#5116 = CARTESIAN_POINT ( 'NONE',  ( -2.946027058224763628, 7.638436528732824193, 53.98890533683277226 ) ) ;
#5117 = CARTESIAN_POINT ( 'NONE',  ( -0.04520504023218694517, 10.52788323319145647, 50.81863554782972869 ) ) ;
#5118 = CARTESIAN_POINT ( 'NONE',  ( -5.509683538886646303, 4.345558466470809122, 52.50095492429461075 ) ) ;
#5119 = CARTESIAN_POINT ( 'NONE',  ( -5.387567104284173958, 5.180768277630138918, 52.13684332306335278 ) ) ;
#5120 = CARTESIAN_POINT ( 'NONE',  ( -4.547655620902099294, 6.182687441808422335, 53.21222485710568151 ) ) ;
#5121 = CARTESIAN_POINT ( 'NONE',  ( -1.808192142660433266, 9.949843530928498936, 51.25963071859029441 ) ) ;
#5122 = CARTESIAN_POINT ( 'NONE',  ( -1.723826924400568172, 2.928837022957248237, 57.25546559494959098 ) ) ;
#5123 = CARTESIAN_POINT ( 'NONE',  ( 0.01832097498849305159, 10.32524391002812436, 51.81105568600288791 ) ) ;
#5124 = CARTESIAN_POINT ( 'NONE',  ( -0.2273239754209278873, 9.404541020539241458, -0.5883048507538332084 ) ) ;
#5125 = CARTESIAN_POINT ( 'NONE',  ( -2.890598737939996443, 2.941092129387726573, 57.05743263273916455 ) ) ;
#5126 = CARTESIAN_POINT ( 'NONE',  ( -2.635668203616830407, 5.790497281248812023, 55.83239506873223235 ) ) ;
#5127 = ORIENTED_EDGE ( 'NONE', *, *, #3059, .F. ) ;
#5128 = CARTESIAN_POINT ( 'NONE',  ( -0.4088602110251698951, 8.947069665078526413, 54.55293834673645392 ) ) ;
#5129 = CARTESIAN_POINT ( 'NONE',  ( -4.800331290953661956, 5.075015183660347873, 53.73226551528805572 ) ) ;
#5130 = CARTESIAN_POINT ( 'NONE',  ( 0.0009801902497074644824, 9.580868797464006548, 53.71337461061351348 ) ) ;
#5131 = CARTESIAN_POINT ( 'NONE',  ( -5.502329803411029729, 4.441353825544497980, 18.26112342142420886 ) ) ;
#5132 = CARTESIAN_POINT ( 'NONE',  ( -1.946063041697389195, 10.72569797293389726, 36.12993022135325560 ) ) ;
#5133 = CARTESIAN_POINT ( 'NONE',  ( -2.402996498640395995, 9.060857774724459190, 52.65229832874348403 ) ) ;
#5134 = CARTESIAN_POINT ( 'NONE',  ( 0.001338069094501431961, 10.49360312580119192, 51.01739178719017076 ) ) ;
#5135 = CARTESIAN_POINT ( 'NONE',  ( -0.3039778858231849679, 5.504147727546331303, 56.99760597302334020 ) ) ;
#5136 = CARTESIAN_POINT ( 'NONE',  ( -4.142669486570224713, 5.298862394349961313, 54.64167959344315761 ) ) ;
#5137 = CARTESIAN_POINT ( 'NONE',  ( -5.471780671621780279, 3.688257209031034822, 53.17502531651823006 ) ) ;
#5138 = CARTESIAN_POINT ( 'NONE',  ( -1.693709167075002853, 8.666622070922334942, 54.02075469861668466 ) ) ;
#5139 = CARTESIAN_POINT ( 'NONE',  ( -2.399232678732640789, 4.837632571017409511, 56.53396389633667241 ) ) ;
#5140 = CARTESIAN_POINT ( 'NONE',  ( -0.8956827315392567046, 10.35216156803939569, 51.03300588046054287 ) ) ;
#5141 = CARTESIAN_POINT ( 'NONE',  ( -5.161116108534045566, 5.862886539429588595, 52.14147747012783185 ) ) ;
#5142 = CARTESIAN_POINT ( 'NONE',  ( -5.217857957370452660, 4.606453304860764320, 51.65892157910127480 ) ) ;
#5143 = CARTESIAN_POINT ( 'NONE',  ( -0.08247169449645726236, 10.44794006076905291, 48.58678035033896947 ) ) ;
#5144 = CARTESIAN_POINT ( 'NONE',  ( -0.7109821674140853753, 3.633477558898884130, 57.59214672596036877 ) ) ;
#5145 = CARTESIAN_POINT ( 'NONE',  ( -4.445710123796696500, 7.956270439409709461, 50.95933768168649181 ) ) ;
#5146 = CARTESIAN_POINT ( 'NONE',  ( -0.8153846195810454667, 7.985810330659077749, -6.558194563593535698 ) ) ;
#5147 = CARTESIAN_POINT ( 'NONE',  ( -3.176842251204881062, 9.065858502997793167, 51.40009289762323164 ) ) ;
#5148 = CARTESIAN_POINT ( 'NONE',  ( -0.01270664192471392638, 9.305714482051522296, 54.14904212525611626 ) ) ;
#5149 = CARTESIAN_POINT ( 'NONE',  ( -3.462292690225464487, 7.218436278634353442, 53.81553405335922236 ) ) ;
#5150 = CARTESIAN_POINT ( 'NONE',  ( -2.860852963147973327, 4.758015125350261165, 56.28671443186438950 ) ) ;
#5151 = CARTESIAN_POINT ( 'NONE',  ( -0.9370770725636542453, 9.167147296177853733, 53.95326717548350359 ) ) ;
#5152 = CARTESIAN_POINT ( 'NONE',  ( -3.791246338071132538, 9.823228774051294465, 42.64020179025335722 ) ) ;
#5153 = CARTESIAN_POINT ( 'NONE',  ( -5.293348481775614900, 6.106969321208661761, 10.78248721843599967 ) ) ;
#5154 = CARTESIAN_POINT ( 'NONE',  ( 0.06977682498070859884, 9.906900229398676316, 53.07000559977428367 ) ) ;
#5155 = CARTESIAN_POINT ( 'NONE',  ( -5.499999999964850339, 1.562500000000002887, 36.12711644494349628 ) ) ;
#5156 = CARTESIAN_POINT ( 'NONE',  ( -0.5016782483323228847, 9.813988976467294734, 51.93511152496061101 ) ) ;
#5157 = CARTESIAN_POINT ( 'NONE',  ( -3.454486513261242120, 8.333475997762175069, 52.40359946486270815 ) ) ;
#5158 = CARTESIAN_POINT ( 'NONE',  ( -0.04157266667535483573, 6.764420100124626245, 56.48223575466786883 ) ) ;
#5159 = CARTESIAN_POINT ( 'NONE',  ( -5.262232928185127001, 4.203840728161554630, 53.40353141339112852 ) ) ;
#5160 = CARTESIAN_POINT ( 'NONE',  ( -5.431036593421422864, 5.206122644385668075, 51.93816872408852703 ) ) ;
#5161 = CARTESIAN_POINT ( 'NONE',  ( -5.109437266688656720, 6.452155886735956969, 51.52919516908575304 ) ) ;
#5162 = CARTESIAN_POINT ( 'NONE',  ( -1.622027990820419152, 9.256944873677817043, 53.21839112066405875 ) ) ;
#5163 = CARTESIAN_POINT ( 'NONE',  ( -3.950383601773825415, 6.411190447932556324, 53.12619449450978948 ) ) ;
#5164 = CARTESIAN_POINT ( 'NONE',  ( 0.01961341095868886913, 9.926982528146616858, 53.02314378550005358 ) ) ;
#5165 = CARTESIAN_POINT ( 'NONE',  ( -0.3689659108104841878, 11.00318277205468398, 33.64224494048291092 ) ) ;
#5166 = CARTESIAN_POINT ( 'NONE',  ( -2.471070716714827142, 5.581726425056737106, 56.09225471114969253 ) ) ;
#5167 = EDGE_LOOP ( 'NONE', ( #1130, #2590, #5893, #1217, #8094 ) ) ;
#5168 = APPLICATION_CONTEXT ( 'automotive_design' ) ;
#5169 = CARTESIAN_POINT ( 'NONE',  ( -4.926658584334669300, 5.193743451422056623, 53.36952930726111077 ) ) ;
#5170 = CARTESIAN_POINT ( 'NONE',  ( -0.001184878720939826387, 9.419531845781930812, 53.97712409560303115 ) ) ;
#5171 = CARTESIAN_POINT ( 'NONE',  ( -5.501104650057570211, 2.300096662609355747, 33.64107946771439117 ) ) ;
#5172 = CARTESIAN_POINT ( 'NONE',  ( -1.385664230366969729, 7.348955509008582965, -7.650189463667485867 ) ) ;
#5173 = CARTESIAN_POINT ( 'NONE',  ( -2.277577258673244565, 8.671020500132007314, 53.43583661093605741 ) ) ;
#5174 = CARTESIAN_POINT ( 'NONE',  ( 0.0004741223378750843002, 9.798713623670771256, 53.30432344412837864 ) ) ;
#5175 = CARTESIAN_POINT ( 'NONE',  ( -1.773017862325802607, 3.988646588841846974, 57.19077329144849386 ) ) ;
#5176 = CARTESIAN_POINT ( 'NONE',  ( -4.014165136608072615, 5.140094881159378737, 54.92469263332766616 ) ) ;
#5177 = CARTESIAN_POINT ( 'NONE',  ( -5.376948061463155959, 3.638425882844102954, 53.52155362363836844 ) ) ;
#5178 = CARTESIAN_POINT ( 'NONE',  ( -1.827141004211306763, 9.253970891461896997, 53.00041886355067078 ) ) ;
#5179 = CARTESIAN_POINT ( 'NONE',  ( -3.664684324549721595, 7.258505848536956684, 53.50110469798597279 ) ) ;
#5180 = CARTESIAN_POINT ( 'NONE',  ( -0.3187801355946073834, 5.138277606831720412, 57.21258837192497282 ) ) ;
#5181 = CARTESIAN_POINT ( 'NONE',  ( -5.362182448091359355, 6.007795819484123001, 51.20633370614147140 ) ) ;
#5182 = CARTESIAN_POINT ( 'NONE',  ( -3.039744024100909936, 10.26046625395318124, 24.06710562166784939 ) ) ;
#5183 = CARTESIAN_POINT ( 'NONE',  ( -5.001434225593969884, 4.308905162142150580, -3.724820636267842655 ) ) ;
#5184 = CARTESIAN_POINT ( 'NONE',  ( -0.1823296536129637990, 10.66875247860627418, 46.42533391032881696 ) ) ;
#5185 = CARTESIAN_POINT ( 'NONE',  ( -2.293879778529353430, 9.363373274690225401, 52.17622718460507514 ) ) ;
#5186 = CARTESIAN_POINT ( 'NONE',  ( -5.391550479550152097, 6.095583836966059543, 50.95933768168648470 ) ) ;
#5187 = CARTESIAN_POINT ( 'NONE',  ( -1.264872142068321326, 10.92409009903030181, 28.18510661327611189 ) ) ;
#5188 = CARTESIAN_POINT ( 'NONE',  ( 0.005168597962603256254, 10.24722406590131030, 52.10660111152333940 ) ) ;
#5189 = CARTESIAN_POINT ( 'NONE',  ( -2.712240879696190543, 9.025476821937305161, 52.28693839322983905 ) ) ;
#5190 = CARTESIAN_POINT ( 'NONE',  ( -0.003510206921352809675, 10.18911790165677367, 52.30223330068962184 ) ) ;
#5191 = CARTESIAN_POINT ( 'NONE',  ( -4.064085755405555389, 8.051035293510269142, 51.72862074380783071 ) ) ;
#5192 = CARTESIAN_POINT ( 'NONE',  ( -4.247507270960965364, 6.917275177350624027, 52.98630059310813323 ) ) ;
#5193 = CARTESIAN_POINT ( 'NONE',  ( -1.106231706259121816, 10.30734441023799164, 50.93729864044254896 ) ) ;
#5194 = CARTESIAN_POINT ( 'NONE',  ( -3.201421450823944692, 9.555238821961136608, 7.842453663656264062 ) ) ;
#5195 = CARTESIAN_POINT ( 'NONE',  ( -4.848474138380054477, 5.925177767276218255, -0.1976412991552510268 ) ) ;
#5196 = CARTESIAN_POINT ( 'NONE',  ( 0.08076082973833197121, 10.41539573615023606, 51.41377827259539401 ) ) ;
#5197 = CARTESIAN_POINT ( 'NONE',  ( -5.499999682807224843, 1.562499999999999556, 6.224331497817406245 ) ) ;
#5198 = CARTESIAN_POINT ( 'NONE',  ( -0.5790578953868837919, 11.03957855126298071, 28.18496431319903550 ) ) ;
#5199 = CARTESIAN_POINT ( 'NONE',  ( -2.344698894818867174, 6.453836952862475052, 55.60791942169583280 ) ) ;
#5200 = CARTESIAN_POINT ( 'NONE',  ( -0.02388015378099552985, 3.927324031178448749, 57.61734951594677767 ) ) ;
#5201 = CARTESIAN_POINT ( 'NONE',  ( -5.684138006876231941, 4.419834008345026710, 51.51152680397924399 ) ) ;
#5202 = CARTESIAN_POINT ( 'NONE',  ( -2.500345933593258518, 2.944024539623947501, 57.25276073450149283 ) ) ;
#5203 = CARTESIAN_POINT ( 'NONE',  ( -4.937025901589004562, 6.830494142274107006, 51.53025847573006502 ) ) ;
#5204 = CARTESIAN_POINT ( 'NONE',  ( -1.675459059179025045, 9.486502818832651229, 52.72457591549915179 ) ) ;
#5205 = CARTESIAN_POINT ( 'NONE',  ( -4.886377185426405312, 7.647509673100260308, 15.73846345206511188 ) ) ;
#5206 = CARTESIAN_POINT ( 'NONE',  ( -0.009824758402406317745, 5.191193820627445277, 57.22987595438416264 ) ) ;
#5207 = CARTESIAN_POINT ( 'NONE',  ( -0.2458532096235298281, 8.867916720059023206, -3.553431107685975476 ) ) ;
#5208 = CARTESIAN_POINT ( 'NONE',  ( -2.916869630355464427, 6.572013378159428321, 55.02182655503798969 ) ) ;
#5209 = EDGE_LOOP ( 'NONE', ( #7183, #4654, #2802, #3836 ) ) ;
#5210 = STYLED_ITEM ( 'NONE', ( #32 ), #4878 ) ;
#5211 = CARTESIAN_POINT ( 'NONE',  ( -4.901999057630410661, 5.171241941778792928, 53.44164596276813484 ) ) ;
#5212 = CARTESIAN_POINT ( 'NONE',  ( -0.001689393181781512340, 9.305771352736812219, 54.14932540790693594 ) ) ;
#5213 = ADVANCED_FACE ( 'NONE', ( #6182 ), #6611, .T. ) ;
#5214 = CARTESIAN_POINT ( 'NONE',  ( -1.650318853806268526, 1.887433267790865843, -14.99999999999998401 ) ) ;
#5215 = CARTESIAN_POINT ( 'NONE',  ( -1.634152625982995044, 8.346632601636837734, -4.188627895292616365 ) ) ;
#5216 = CARTESIAN_POINT ( 'NONE',  ( -2.484012162325659911, 9.277645118274209679, 52.08459713071035679 ) ) ;
#5217 = CARTESIAN_POINT ( 'NONE',  ( 0.002436187765932686881, 9.947142809906264205, 52.97604981799614876 ) ) ;
#5218 = CARTESIAN_POINT ( 'NONE',  ( -5.414142149163565065, 3.506825515239573754, 51.33390484980775170 ) ) ;
#5219 = CARTESIAN_POINT ( 'NONE',  ( -4.260372124705636310, 5.446478187225321399, 54.35015721603695482 ) ) ;
#5220 = CARTESIAN_POINT ( 'NONE',  ( -3.622760990166415951, 2.873322183017788856, 56.63424838047043863 ) ) ;
#5221 = CARTESIAN_POINT ( 'NONE',  ( -1.952775157727991262, 9.683735983332301345, 51.86883010818890227 ) ) ;
#5222 = CARTESIAN_POINT ( 'NONE',  ( -3.571656116108736789, 7.084506502574287268, 53.81112219904743199 ) ) ;
#5223 = CARTESIAN_POINT ( 'NONE',  ( -0.7643033573096584821, 10.17287752315291982, 51.92861937592076060 ) ) ;
#5224 = CARTESIAN_POINT ( 'NONE',  ( -4.954445696423571022, 5.702006387377849705, 52.85556305073323813 ) ) ;
#5225 = CARTESIAN_POINT ( 'NONE',  ( -1.946999785699349506, 6.959307692302676429, -7.646483299565663749 ) ) ;
#5226 = CARTESIAN_POINT ( 'NONE',  ( -4.724690827020340933, 3.859600513041461234, 53.93944270654235140 ) ) ;
#5227 = CARTESIAN_POINT ( 'NONE',  ( -2.098488812743535728E-32, 1.562500000000000000, 57.50000000000000000 ) ) ;
#5228 = CARTESIAN_POINT ( 'NONE',  ( -2.374589022207730160, 9.579451258200768038, 51.47983405258483458 ) ) ;
#5229 = CARTESIAN_POINT ( 'NONE',  ( -0.003977885823019256493, 10.34423123060797778, 51.76970143580516748 ) ) ;
#5230 = CARTESIAN_POINT ( 'NONE',  ( -1.545395269202336719, 10.74534173019837446, 15.74485652316475104 ) ) ;
#5231 = CARTESIAN_POINT ( 'NONE',  ( -0.01722537102255945751, 7.818656407569395839, 55.75199527732066684 ) ) ;
#5232 = CARTESIAN_POINT ( 'NONE',  ( -2.301869117547475252, 7.800043539153065808, 54.47879468308529027 ) ) ;
#5233 = CARTESIAN_POINT ( 'NONE',  ( -0.003046656689131251646, 9.864595763591195166, 53.16451301573287225 ) ) ;
#5234 = CARTESIAN_POINT ( 'NONE',  ( -3.608166033051931620, 7.502177466864506705, 53.30732137498346646 ) ) ;
#5235 = CARTESIAN_POINT ( 'NONE',  ( -4.615073754435441877, 7.343806793601922678, 51.63362922451342030 ) ) ;
#5236 = CARTESIAN_POINT ( 'NONE',  ( -0.8981631144980002368, 9.654310258260704103, 53.16720474441534350 ) ) ;
#5237 = CARTESIAN_POINT ( 'NONE',  ( -3.516115097578559556, 8.535521221465890207, 50.61529230721625083 ) ) ;
#5238 = CARTESIAN_POINT ( 'NONE',  ( -2.058054861231477517, 2.605906751326426019, 57.24439292073030572 ) ) ;
#5239 = CARTESIAN_POINT ( 'NONE',  ( -0.003977885823200174274, 9.720409922545353965, 52.45698874793415456 ) ) ;
#5240 = CARTESIAN_POINT ( 'NONE',  ( -5.499999935703539400, 1.562500000000001776, 15.72993935726560366 ) ) ;
#5241 = CARTESIAN_POINT ( 'NONE',  ( -0.9891217019156023360, 10.92349405275095187, 37.31470085572119899 ) ) ;
#5242 = CARTESIAN_POINT ( 'NONE',  ( -3.197701402760383615, 8.237574271871807241, 52.93728082361510445 ) ) ;
#5243 = CARTESIAN_POINT ( 'NONE',  ( -0.01965887092523306914, 10.41534910077296061, 51.41547015127572706 ) ) ;
#5244 = CARTESIAN_POINT ( 'NONE',  ( -5.288910428510596340, 4.442638825426429072, 53.12943827848224032 ) ) ;
#5245 = CARTESIAN_POINT ( 'NONE',  ( -5.491526952204853096, 5.240908291372132766, 51.62637626702106530 ) ) ;
#5246 = CARTESIAN_POINT ( 'NONE',  ( -5.093620617403663786, 6.702031002653331626, 51.21218761249137685 ) ) ;
#5247 = CARTESIAN_POINT ( 'NONE',  ( -1.668422537930178695, 9.866251517388731074, 51.75914637741087887 ) ) ;
#5248 = CARTESIAN_POINT ( 'NONE',  ( -1.894734093404379927, 8.699824826694714019, 52.96490096876669895 ) ) ;
#5249 = CARTESIAN_POINT ( 'NONE',  ( -4.493688504165741726, 6.951924739422778998, 0.4176927192483900764 ) ) ;
#5250 = CARTESIAN_POINT ( 'NONE',  ( 0.03260058775482640309, 9.729477851786798581, 53.44260812809951489 ) ) ;
#5251 = CARTESIAN_POINT ( 'NONE',  ( -0.3422327908553363662, 10.96124408215782431, 18.26477945835231864 ) ) ;
#5252 = CARTESIAN_POINT ( 'NONE',  ( -3.246734457473944513, 7.319906802356682007, 53.97731280899299122 ) ) ;
#5253 = CARTESIAN_POINT ( 'NONE',  ( -0.1760115846182561394, 9.810825907264346668, 53.25784561306365816 ) ) ;
#5254 = CARTESIAN_POINT ( 'NONE',  ( -3.427273522294692842, 3.619948645259599473, 56.44216576117099038 ) ) ;
#5255 = ORIENTED_EDGE ( 'NONE', *, *, #3692, .T. ) ;
#5256 = CARTESIAN_POINT ( 'NONE',  ( -4.584293965263309900, 4.862167157212891944, 54.31514611780981738 ) ) ;
#5257 = CARTESIAN_POINT ( 'NONE',  ( -3.719650745342044651, 7.645773833709593070, 52.00692700516037803 ) ) ;
#5258 = CARTESIAN_POINT ( 'NONE',  ( 0.007044973311618346092, 10.45609737731786737, 51.21632782814720741 ) ) ;
#5259 = CARTESIAN_POINT ( 'NONE',  ( -5.456415739272829413, 2.846724313800427897, -0.2008245198719010305 ) ) ;
#5260 = CARTESIAN_POINT ( 'NONE',  ( -0.9873506965154539294, 5.732427555070844782, 56.40466961726426831 ) ) ;
#5261 = CARTESIAN_POINT ( 'NONE',  ( -2.603239491609909084, 9.574365713167717118, 51.07742629328770789 ) ) ;
#5262 = CARTESIAN_POINT ( 'NONE',  ( 0.001639323701769277060, 10.52831911978477564, 50.81827678859700370 ) ) ;
#5263 = CARTESIAN_POINT ( 'NONE',  ( -4.668965143095945791, 3.846067696989176277, 54.03989107998660302 ) ) ;
#5264 = CARTESIAN_POINT ( 'NONE',  ( -5.771679447578752509, 3.795810123097631550, 51.50597612025173788 ) ) ;
#5265 = CARTESIAN_POINT ( 'NONE',  ( -1.065649037409542199, 5.564280724574348191, 56.82987616514100893 ) ) ;
#5266 = CARTESIAN_POINT ( 'NONE',  ( -3.756201296544884993, 7.421461639702031654, 53.18788152319725526 ) ) ;
#5267 = CARTESIAN_POINT ( 'NONE',  ( -0.6192042652018463489, 9.666058674407505436, 53.34765359096530801 ) ) ;
#5268 = CARTESIAN_POINT ( 'NONE',  ( -3.708254959389593708, 4.469266583989197628, 55.73006822754926759 ) ) ;
#5269 = CARTESIAN_POINT ( 'NONE',  ( -2.975243187886254415, 8.987157153681870625, 50.61120258200732280 ) ) ;
#5270 = CARTESIAN_POINT ( 'NONE',  ( -5.265336192365315249, 4.201874077381590133, -0.6152876304247912875 ) ) ;
#5271 = CARTESIAN_POINT ( 'NONE',  ( -0.2034164377524780298, 10.85862201291332951, 15.74672116890211981 ) ) ;
#5272 = CARTESIAN_POINT ( 'NONE',  ( -2.067523721656662872, 8.991786315364116433, 53.17970114486447386 ) ) ;
#5273 = DIRECTION ( 'NONE',  ( -0.000000000000000000, -0.000000000000000000, -1.000000000000000000 ) ) ;
#5274 = CARTESIAN_POINT ( 'NONE',  ( -1.562751051889851972, 10.82794516420936937, 36.13003443529442649 ) ) ;
#5275 = CARTESIAN_POINT ( 'NONE',  ( -0.005025288844499132233, 9.305762339461596255, 54.14923188327956183 ) ) ;
#5276 = CARTESIAN_POINT ( 'NONE',  ( -1.909739623475062764, 6.467808598138309328, 55.88566740791525689 ) ) ;
#5277 = CARTESIAN_POINT ( 'NONE',  ( -0.001651868779701327937, 9.985811586359050196, 52.88097822838182793 ) ) ;
#5278 = CARTESIAN_POINT ( 'NONE',  ( -3.485102053740155803, 7.264048665957347772, 53.73788402214529469 ) ) ;
#5279 = CARTESIAN_POINT ( 'NONE',  ( -2.933091584703141130, 5.078853357017257153, 56.05145530268141840 ) ) ;
#5280 = CARTESIAN_POINT ( 'NONE',  ( -1.110377224133336949, 10.32678272618536219, 50.83660266876122336 ) ) ;
#5281 = CARTESIAN_POINT ( 'NONE',  ( -0.6944285072958719107, 3.214210599776589294, -14.99999999999998934 ) ) ;
#5282 = CARTESIAN_POINT ( 'NONE',  ( -5.651491567488949208, 5.791875796415670408, 46.29155307691457466 ) ) ;
#5283 = CARTESIAN_POINT ( 'NONE',  ( -0.003977885823198352815, 9.505943276784970308, 52.99475861270231292 ) ) ;
#5284 =( NAMED_UNIT ( * ) PLANE_ANGLE_UNIT ( ) SI_UNIT ( $, .RADIAN. ) );
#5285 = CARTESIAN_POINT ( 'NONE',  ( -0.4956699946102974264, 6.874204229068920924, -10.02878589528218356 ) ) ;
#5286 = CARTESIAN_POINT ( 'NONE',  ( -2.815461398671280868, 7.762804733330347595, 53.99316083691034862 ) ) ;
#5287 = CARTESIAN_POINT ( 'NONE',  ( -0.03471867757956583617, 7.130018042418489799, 56.25385965709128300 ) ) ;
#5288 = CARTESIAN_POINT ( 'NONE',  ( -5.256899792770857616, 4.420988242683770331, 53.23480147179873967 ) ) ;
#5289 = CARTESIAN_POINT ( 'NONE',  ( -4.174187782149710202, 4.155074153791130875, 55.43298415483769759 ) ) ;
#5290 = CARTESIAN_POINT ( 'NONE',  ( -4.341620311332219373, 6.198230767633969407, 53.55146699927905019 ) ) ;
#5291 = CARTESIAN_POINT ( 'NONE',  ( -1.090085346923072018, 6.717269122656767344, 56.18406078535817016 ) ) ;
#5292 = CARTESIAN_POINT ( 'NONE',  ( -2.092760501991135946, 9.237381750902526889, 51.55984438284144034 ) ) ;
#5293 = CARTESIAN_POINT ( 'NONE',  ( -3.052136099099354016, 4.672497071655512535, -9.972415120815686151 ) ) ;
#5294 = CARTESIAN_POINT ( 'NONE',  ( -0.001335333684352951874, 5.601842138083064526, 57.07504462589660932 ) ) ;
#5295 = CARTESIAN_POINT ( 'NONE',  ( -0.04582159009394026067, 2.235029698320536440, 57.50000000000001421 ) ) ;
#5296 = CARTESIAN_POINT ( 'NONE',  ( -1.185683216041506727, 3.277400308511005722, 57.57421258420909993 ) ) ;
#5297 = CARTESIAN_POINT ( 'NONE',  ( -0.08569405658179170271, 7.816646259925672524, 55.74803393375563587 ) ) ;
#5298 = CARTESIAN_POINT ( 'NONE',  ( -3.629999590823698163, 3.779877249006073470, 56.21223522041516674 ) ) ;
#5299 = CARTESIAN_POINT ( 'NONE',  ( -0.3039778858231853009, 5.504147727546331303, 56.89760597302333878 ) ) ;
#5300 = CARTESIAN_POINT ( 'NONE',  ( -5.024590877021895885, 5.279792946868093750, 53.08013114455285830 ) ) ;
#5301 = CARTESIAN_POINT ( 'NONE',  ( -3.822177833058203689, 7.251850649418761563, 52.39850478122229305 ) ) ;
#5302 = CARTESIAN_POINT ( 'NONE',  ( 0.006382978810800570002, 9.885984961025076956, 53.11761740961755152 ) ) ;
#5303 = CARTESIAN_POINT ( 'NONE',  ( -5.451869459295609843, 2.841040888874938997, -0.6199802877588709293 ) ) ;
#5304 = CARTESIAN_POINT ( 'NONE',  ( -1.593722752964346068, 8.898475557122674573, 52.96455303331956088 ) ) ;
#5305 = CARTESIAN_POINT ( 'NONE',  ( -2.220618297239194572, 8.472769741877568705, 53.76713845505923928 ) ) ;
#5306 = CARTESIAN_POINT ( 'NONE',  ( 0.003456383838986752839, 10.24722372511084423, 52.10664223600783629 ) ) ;
#5307 = CARTESIAN_POINT ( 'NONE',  ( -3.100040673938132763, 2.640875185392572710, 57.04122792935843478 ) ) ;
#5308 = CARTESIAN_POINT ( 'NONE',  ( -1.789181242827944107, 9.099067031180574361, 53.30669624656177064 ) ) ;
#5309 = CARTESIAN_POINT ( 'NONE',  ( -4.229339106082463218, 7.787311505251325094, 51.83365682650601514 ) ) ;
#5310 = CARTESIAN_POINT ( 'NONE',  ( -0.2551798621220227048, 4.317410122595104482, 57.50407128426384418 ) ) ;
#5311 = CARTESIAN_POINT ( 'NONE',  ( -4.774971356962428359, 5.533820007066601931, 53.38103527682701355 ) ) ;
#5312 = CARTESIAN_POINT ( 'NONE',  ( -0.001703239966323362529, 9.529193280609327132, 53.80245845340292021 ) ) ;
#5313 = CARTESIAN_POINT ( 'NONE',  ( -2.098488812743535728E-32, 1.562500000000000000, 57.50000000000000000 ) ) ;
#5314 = CARTESIAN_POINT ( 'NONE',  ( -0.1232598419109000448, 9.511655499123104818, 52.96281335608363605 ) ) ;
#5315 = CARTESIAN_POINT ( 'NONE',  ( -2.256475216222987079, 9.257722854148596525, 52.46225685755605639 ) ) ;
#5316 = DIRECTION ( 'NONE',  ( -0.000000000000000000, -0.000000000000000000, -1.000000000000000000 ) ) ;
#5317 = CARTESIAN_POINT ( 'NONE',  ( -1.405893937937498839, 9.919032122109307181, 4.086091194414373184 ) ) ;
#5318 = CARTESIAN_POINT ( 'NONE',  ( 0.002716989407039425552, 9.885976331801426653, 53.11764316699817101 ) ) ;
#5319 = CARTESIAN_POINT ( 'NONE',  ( -2.597493631273510850, 8.732602263953005206, 52.97077283383703161 ) ) ;
#5320 = CARTESIAN_POINT ( 'NONE',  ( -0.02020857253968614056, 7.474407501327933190, 56.00327147838776654 ) ) ;
#5321 = CARTESIAN_POINT ( 'NONE',  ( -3.337283519601570436, 7.142153283660726437, 54.04932800990297892 ) ) ;
#5322 = CARTESIAN_POINT ( 'NONE',  ( -4.196175199077831763, 6.848531172146842039, 53.14484983602145718 ) ) ;
#5323 = CARTESIAN_POINT ( 'NONE',  ( -1.003384580553029704, 9.718860750933883352, 52.94005733216646092 ) ) ;
#5324 = CARTESIAN_POINT ( 'NONE',  ( -3.964530572058258873, 9.508348736985196226, 37.30838509040935236 ) ) ;
#5325 = CARTESIAN_POINT ( 'NONE',  ( -4.928233083995357866, 5.555573068529978009, -0.6105949730907123119 ) ) ;
#5326 = CARTESIAN_POINT ( 'NONE',  ( -0.003977885823195544297, 9.031503584451073152, 53.84478805337088403 ) ) ;
#5327 = DIRECTION ( 'NONE',  ( 0.000000000000000000, 0.000000000000000000, -1.000000000000000000 ) ) ;
#5328 = CARTESIAN_POINT ( 'NONE',  ( -0.8406440284427950660, 10.91801781755470913, 39.79541301744382054 ) ) ;
#5329 = CARTESIAN_POINT ( 'NONE',  ( -2.796211974997509397, 7.710567703623367741, 54.07162208665188530 ) ) ;
#5330 = CARTESIAN_POINT ( 'NONE',  ( -0.01942975560177798156, 10.39440623901662875, 51.51479349788537832 ) ) ;
#5331 = CARTESIAN_POINT ( 'NONE',  ( -5.613244418175662886, 4.613941829969395947, 51.72627020048174273 ) ) ;
#5332 = CARTESIAN_POINT ( 'NONE',  ( -4.630779775804086285, 6.537065016185003685, 52.69383637310383506 ) ) ;
#5333 = CARTESIAN_POINT ( 'NONE',  ( -1.143634906508940396, 7.038634867213697355, 55.93064432265335739 ) ) ;
#5334 = CARTESIAN_POINT ( 'NONE',  ( -2.098488812743535728E-32, 1.562500000000000000, 57.50000000000000000 ) ) ;
#5335 = CARTESIAN_POINT ( 'NONE',  ( -1.807594315330634860, 2.850469216044995591, 57.25269742639464710 ) ) ;
#5336 = CARTESIAN_POINT ( 'NONE',  ( 0.03571089423109556626, 9.886053916399315966, 53.11741145688336019 ) ) ;
#5337 = CARTESIAN_POINT ( 'NONE',  ( -0.2500241347392961333, 6.934535003036565115, -10.03287986214287919 ) ) ;
#5338 = CARTESIAN_POINT ( 'NONE',  ( -2.541437148662384349, 5.887210968449055670, 55.84009476858704346 ) ) ;
#5339 = CARTESIAN_POINT ( 'NONE',  ( -0.1350210576058231693, 10.21451945248671933, 52.20729411828165212 ) ) ;
#5340 = ORIENTED_EDGE ( 'NONE', *, *, #1281, .F. ) ;
#5341 = CARTESIAN_POINT ( 'NONE',  ( -4.165602279735982627, 4.545756552920882321, 55.17591477540225497 ) ) ;
#5342 = CARTESIAN_POINT ( 'NONE',  ( -4.066395754377087890, 7.395476199592256883, -0.6035559870895925716 ) ) ;
#5343 = CARTESIAN_POINT ( 'NONE',  ( -0.01265770280975514646, 7.474396898741727746, 56.00374783986026017 ) ) ;
#5344 = CARTESIAN_POINT ( 'NONE',  ( -5.479338762522079520, 2.866761364765554543, 2.097222004870389789 ) ) ;
#5345 = CARTESIAN_POINT ( 'NONE',  ( -2.138164258090002434, 10.32574048134917710, 46.39270443876437611 ) ) ;
#5346 = CARTESIAN_POINT ( 'NONE',  ( -2.085065290553115069, 8.318748534489134983, 54.09267846969414961 ) ) ;
#5347 = CARTESIAN_POINT ( 'NONE',  ( 0.003357234864649402597, 10.12738792463445847, 52.49666533995382878 ) ) ;
#5348 = CARTESIAN_POINT ( 'NONE',  ( -5.443334880201772030, 3.884069915113220084, 53.11218860949797715 ) ) ;
#5349 = CARTESIAN_POINT ( 'NONE',  ( -1.818359008808093868, 9.611659911455522121, 52.25665803558143807 ) ) ;
#5350 = CARTESIAN_POINT ( 'NONE',  ( -4.060870759280144959, 7.882451984013099100, 52.03225612848466142 ) ) ;
#5351 = CARTESIAN_POINT ( 'NONE',  ( -0.5953203525357395609, 9.308932470665833847, 53.96153643224832308 ) ) ;
#5352 = CARTESIAN_POINT ( 'NONE',  ( -4.824264608755521877, 5.706971490208363917, 53.12741656293071912 ) ) ;
#5353 = CARTESIAN_POINT ( 'NONE',  ( -0.008085994318060377509, 9.006423188159901727, 54.57033432015485630 ) ) ;
#5354 = CARTESIAN_POINT ( 'NONE',  ( -5.467285574846398433, 4.486093326255337743, 7.857448209624680935 ) ) ;
#5355 = CARTESIAN_POINT ( 'NONE',  ( -0.05394092696110119878, 9.002158947343870565, -2.950230305471216230 ) ) ;
#5356 = CARTESIAN_POINT ( 'NONE',  ( -1.833192299642682377, 8.439091598550961137, 54.17837987386426590 ) ) ;
#5357 = CYLINDRICAL_SURFACE ( 'NONE', #663, 0.09999999999999947820 ) ;
#5358 = CARTESIAN_POINT ( 'NONE',  ( -1.451004144957461994, 10.89364220299592745, 24.06628027999486719 ) ) ;
#5359 = CARTESIAN_POINT ( 'NONE',  ( 0.001821044886229304530, 9.821262853112990854, 53.25797901330322048 ) ) ;
#5360 = CARTESIAN_POINT ( 'NONE',  ( -0.8567977867311270535, 3.531943823805687277, 57.58712010747312604 ) ) ;
#5361 = CARTESIAN_POINT ( 'NONE',  ( -0.01592617472906495205, 8.735554502255070020, 54.88693015304499312 ) ) ;
#5362 = CARTESIAN_POINT ( 'NONE',  ( -1.773017862325802607, 3.988646588841846974, 57.19077329144849386 ) ) ;
#5363 = CARTESIAN_POINT ( 'NONE',  ( -3.871103713487797471, 8.109818291679104618, 52.02783560446876976 ) ) ;
#5364 = CARTESIAN_POINT ( 'NONE',  ( -2.853159832522606187, 5.171842256949934935, 56.05887235224685838 ) ) ;
#5365 = CARTESIAN_POINT ( 'NONE',  ( -0.9810317742845793276, 9.546882470849430646, 53.30257292027083338 ) ) ;
#5366 = CARTESIAN_POINT ( 'NONE',  ( -3.273048488882674079, 8.540430895748350792, 0.4132330573178252253 ) ) ;
#5367 = CARTESIAN_POINT ( 'NONE',  ( -3.803162653365832924, 4.384833788451798497, -8.618481668928071215 ) ) ;
#5368 = CARTESIAN_POINT ( 'NONE',  ( 0.000000000000000000, 9.640359893738191133, 52.68031705410176357 ) ) ;
#5369 = CARTESIAN_POINT ( 'NONE',  ( -0.5491431238708268658, 9.276977071101914163, -1.180214635857514516 ) ) ;
#5370 = CARTESIAN_POINT ( 'NONE',  ( -3.332825893932573447, 8.507137819519270394, 52.30610402430744443 ) ) ;
#5371 = CARTESIAN_POINT ( 'NONE',  ( -0.03449587558342114696, 7.474242933033764302, 56.00244643212236895 ) ) ;
#5372 = CARTESIAN_POINT ( 'NONE',  ( -2.386409494650201246, 2.571462806802655265, 57.40363252837887842 ) ) ;
#5373 = CARTESIAN_POINT ( 'NONE',  ( -1.571550540575803456, 2.932774955575114806, 57.55679819606874048 ) ) ;
#5374 = CARTESIAN_POINT ( 'NONE',  ( -1.540981145253352169, 9.353939897681204485, 53.12925872752795442 ) ) ;
#5375 = CARTESIAN_POINT ( 'NONE',  ( -1.703604557716760448, 7.125383400654365929, 55.03057962737709374 ) ) ;
#5376 = CARTESIAN_POINT ( 'NONE',  ( -4.956466627525635715, 7.357089128244409970, 33.64160192102445279 ) ) ;
#5377 = CARTESIAN_POINT ( 'NONE',  ( 0.02292779313299489127, 10.45609513071942587, 51.21609762617594441 ) ) ;
#5378 = CARTESIAN_POINT ( 'NONE',  ( -0.03782203884136926125, 2.236888374809731683, 57.50000000000001421 ) ) ;
#5379 = CARTESIAN_POINT ( 'NONE',  ( -3.268669205835457614, 7.368044763741115055, 53.89957659106445220 ) ) ;
#5380 = CARTESIAN_POINT ( 'NONE',  ( -0.08687744792971813235, 9.883970443025186015, 53.11805664026849882 ) ) ;
#5381 = CARTESIAN_POINT ( 'NONE',  ( -1.773017862325802607, 3.988646588841846974, 57.19077329144849386 ) ) ;
#5382 = CARTESIAN_POINT ( 'NONE',  ( -3.269333190914332388, 4.262399680074069330, 56.24845106455425281 ) ) ;
#5383 = CARTESIAN_POINT ( 'NONE',  ( -4.976589515100160455, 5.358337927299825942, 53.11922849135780922 ) ) ;
#5384 = CARTESIAN_POINT ( 'NONE',  ( -3.740817220959502531, 6.844714488700581079, -3.654706738211631833 ) ) ;
#5385 = CARTESIAN_POINT ( 'NONE',  ( 0.005193474198151804867, 9.529212490060261942, 53.80257703950902481 ) ) ;
#5386 = CARTESIAN_POINT ( 'NONE',  ( -5.500080401375888606, 1.806849539916832503, 33.64102588275947880 ) ) ;
#5387 = CARTESIAN_POINT ( 'NONE',  ( -1.661910410383719228, 7.835448253673590102, -5.817580437955101935 ) ) ;
#5388 = CARTESIAN_POINT ( 'NONE',  ( 0.002193276635754744502, 9.885975098799150373, 53.11764684697097039 ) ) ;
#5389 = CARTESIAN_POINT ( 'NONE',  ( -3.376713732714883509, 2.759782201583135475, 56.85068618086144454 ) ) ;
#5390 = CARTESIAN_POINT ( 'NONE',  ( -3.494218551611975698, 7.105737310814406626, 53.89037189639552849 ) ) ;
#5391 = CARTESIAN_POINT ( 'NONE',  ( -0.5431132383180788947, 9.905718937013784142, 52.88665433167139440 ) ) ;
#5392 = CARTESIAN_POINT ( 'NONE',  ( -4.942339757772435505, 5.813787290800619623, 52.77503544148014925 ) ) ;
#5393 = CARTESIAN_POINT ( 'NONE',  ( 0.004350977445127332359, 10.49360284674012433, 51.01735635195489493 ) ) ;
#5394 = CARTESIAN_POINT ( 'NONE',  ( -5.377730810479663504, 4.862513648424712898, 28.18677355703713516 ) ) ;
#5395 = CARTESIAN_POINT ( 'NONE',  ( -0.2904619263423283138, 10.98610652357274020, 36.13037313060294764 ) ) ;
#5396 = CARTESIAN_POINT ( 'NONE',  ( -2.319745884422872440, 9.741431430203135733, 51.07019903249889126 ) ) ;
#5397 = LINE ( 'NONE', #4756, #3274 ) ;
#5398 = CARTESIAN_POINT ( 'NONE',  ( -1.277809566777866834, 9.418693614523217406, 0.4087733953872617065 ) ) ;
#5399 = CARTESIAN_POINT ( 'NONE',  ( -0.2677115448521441565, 9.927159302132645635, 52.97807291394819629 ) ) ;
#5400 = CARTESIAN_POINT ( 'NONE',  ( -2.725145272891068338, 9.316642221116149258, 51.59230732861671953 ) ) ;
#5401 = CARTESIAN_POINT ( 'NONE',  ( -0.002270034375577695447, 10.47485216972041933, 51.11693983838971178 ) ) ;
#5402 = CARTESIAN_POINT ( 'NONE',  ( -2.820279372629670434, 3.985464521785506253, 56.68222304513624721 ) ) ;
#5403 = CARTESIAN_POINT ( 'NONE',  ( -1.640858861583354145, 3.819852406018847457, 57.30563566407728615 ) ) ;
#5404 = CARTESIAN_POINT ( 'NONE',  ( -0.3479409882747242500, 9.594575013686009513, 53.61931577607370514 ) ) ;
#5405 = CARTESIAN_POINT ( 'NONE',  ( -4.525773889082983281, 7.538193237893327847, 51.52812566441418340 ) ) ;
#5406 = CARTESIAN_POINT ( 'NONE',  ( -0.9654644318455447571, 10.13652528320562851, 51.83575893172153570 ) ) ;
#5407 = CARTESIAN_POINT ( 'NONE',  ( -3.669770410065201993, 8.150116631997748939, 51.16185113987611999 ) ) ;
#5408 = CARTESIAN_POINT ( 'NONE',  ( -5.385246866147957334, 5.799422338872946447, 36.12826279829565124 ) ) ;
#5409 = CARTESIAN_POINT ( 'NONE',  ( -0.003977885823185329378, 4.911931789671136528, 56.90700494187719016 ) ) ;
#5410 = CARTESIAN_POINT ( 'NONE',  ( -1.158505765192627823, 10.03343211582610550, 50.95933768168647049 ) ) ;
#5411 = CARTESIAN_POINT ( 'NONE',  ( -0.8391294160440474492, 10.85608488245621039, 42.68520030485105821 ) ) ;
#5412 = CARTESIAN_POINT ( 'NONE',  ( -3.147436161904333840, 8.566638847182030503, 52.48931503611269278 ) ) ;
#5413 = CARTESIAN_POINT ( 'NONE',  ( -0.02613483255983597986, 4.780554522034848652, 57.38441126707375162 ) ) ;
#5414 = CARTESIAN_POINT ( 'NONE',  ( -4.196362308151145193, 6.277967172524282269, 53.70626812627677538 ) ) ;
#5415 = CARTESIAN_POINT ( 'NONE',  ( -1.421746135738651162, 8.715650726757356637, 54.18885655055112238 ) ) ;
#5416 = CARTESIAN_POINT ( 'NONE',  ( -2.133375828082342718, 8.693666560717201008, 52.70196079235598319 ) ) ;
#5417 = CARTESIAN_POINT ( 'NONE',  ( -4.785008857207858846, 6.399373845740701228, 51.18742979313329045 ) ) ;
#5418 = CARTESIAN_POINT ( 'NONE',  ( 0.02595946549968504782, 9.363750908531681461, 54.06453453685885080 ) ) ;
#5419 = CARTESIAN_POINT ( 'NONE',  ( -0.3044408687380391054, 9.546235133511258297, 0.4067293836690871744 ) ) ;
#5420 = CARTESIAN_POINT ( 'NONE',  ( -3.439821004503132329, 7.923754778979069435, 53.02499892297661432 ) ) ;
#5421 = CARTESIAN_POINT ( 'NONE',  ( -0.08693657279221214673, 9.862579683540696251, 53.16477763608826024 ) ) ;
#5422 = CARTESIAN_POINT ( 'NONE',  ( -5.464834764492690233, 5.003366455518602152, 51.25933768168647475 ) ) ;
#5423 = CARTESIAN_POINT ( 'NONE',  ( -4.875269200692670779, 6.127779588115845222, 52.60695430762068980 ) ) ;
#5424 = CARTESIAN_POINT ( 'NONE',  ( -4.736247095663495443, 5.130613708272052875, 53.80908245870737971 ) ) ;
#5425 = CARTESIAN_POINT ( 'NONE',  ( -4.749314097313003025, 8.634752512098241795, 39.76516130388457526 ) ) ;
#5426 = CARTESIAN_POINT ( 'NONE',  ( 0.008168108469029317434, 9.729411860716858484, 53.44249325050877530 ) ) ;
#5427 = CARTESIAN_POINT ( 'NONE',  ( -5.101548255469241511, 4.757495270087792605, 53.35380221429142011 ) ) ;
#5428 = CARTESIAN_POINT ( 'NONE',  ( -5.505554585795617406, 2.349314138428126864, 10.77982374507072727 ) ) ;
#5429 = CARTESIAN_POINT ( 'NONE',  ( -2.042092830819102645, 9.220759047797333352, 0.4102599493641170270 ) ) ;
#5430 = CARTESIAN_POINT ( 'NONE',  ( -0.01969909309584875687, 7.130156491973224320, 56.25476572342032711 ) ) ;
#5431 = CARTESIAN_POINT ( 'NONE',  ( -5.691416962627224407, 3.362538849616304670, 52.48978327348046946 ) ) ;
#5432 = CARTESIAN_POINT ( 'NONE',  ( -3.540758436389237929, 7.196867785536166018, 53.73589768710882453 ) ) ;
#5433 = CARTESIAN_POINT ( 'NONE',  ( -0.5287500292506582822, 9.670630099452443673, 53.39319470200506146 ) ) ;
#5434 = CARTESIAN_POINT ( 'NONE',  ( -4.876283594826077206, 5.755659888026499971, 52.97515352843850422 ) ) ;
#5435 = CARTESIAN_POINT ( 'NONE',  ( 0.0003766966937391337251, 9.682062262945182241, 53.53395052256204423 ) ) ;
#5436 = CARTESIAN_POINT ( 'NONE',  ( -5.499985652697745309, 4.242189070355580682, 10.78115548175336258 ) ) ;
#5437 = CARTESIAN_POINT ( 'NONE',  ( -0.2052984532049105804, 9.871047723658618267, 51.92872792672064008 ) ) ;
#5438 = VECTOR ( 'NONE', #3152, 39.37007874015748143 ) ;
#5439 = CARTESIAN_POINT ( 'NONE',  ( -1.975745596609034482, 9.029224851599838786, 53.22200562516803046 ) ) ;
#5440 = DIRECTION ( 'NONE',  ( 1.000000000000000000, 0.000000000000000000, 0.000000000000000000 ) ) ;
#5441 = CARTESIAN_POINT ( 'NONE',  ( -2.098488812743535728E-32, 1.562500000000000000, 57.50000000000000000 ) ) ;
#5442 = CARTESIAN_POINT ( 'NONE',  ( -0.08262395787354788468, 4.354470846902097847, 57.51188543201799774 ) ) ;
#5443 = CARTESIAN_POINT ( 'NONE',  ( -2.614998477931177234, 9.051279629011700578, 52.37870363994749567 ) ) ;
#5444 = CARTESIAN_POINT ( 'NONE',  ( -0.01576783757736583899, 4.357765358439009695, 57.51481079848467459 ) ) ;
#5445 = CARTESIAN_POINT ( 'NONE',  ( -3.234992699509455782, 3.981057802237926602, 56.41017337376514007 ) ) ;
#5446 = CARTESIAN_POINT ( 'NONE',  ( -3.648466808948972240, 7.753693083700948563, 52.94268231766072574 ) ) ;
#5447 = CARTESIAN_POINT ( 'NONE',  ( -0.3613588799438193222, 9.987956463759495307, 52.79013667235196294 ) ) ;
#5448 = CARTESIAN_POINT ( 'NONE',  ( -3.358970339795294802, 6.057685999825830336, 54.98672725804104999 ) ) ;
#5449 = CARTESIAN_POINT ( 'NONE',  ( -0.7608730521757314236, 9.188823218487513600, 54.04192940411819279 ) ) ;
#5450 = CARTESIAN_POINT ( 'NONE',  ( -3.221241361874089382, 7.405374359719258948, 53.13180128969016636 ) ) ;
#5451 = CARTESIAN_POINT ( 'NONE',  ( -4.618570750073675235, 4.733492805277824012, -5.080583280961151971 ) ) ;
#5452 = CARTESIAN_POINT ( 'NONE',  ( 0.000000000000000000, 11.00114223685225312, 34.88685970410452342 ) ) ;
#5453 = CYLINDRICAL_SURFACE ( 'NONE', #2834, 0.09999999999999947820 ) ;
#5454 = CARTESIAN_POINT ( 'NONE',  ( -1.100249603022659617, 10.89228905624532295, 18.26449082385801859 ) ) ;
#5455 = CARTESIAN_POINT ( 'NONE',  ( -3.270241358611620353, 8.809395223167026501, 51.81071730443643730 ) ) ;
#5456 = CARTESIAN_POINT ( 'NONE',  ( -0.009747190250999005628, 9.776115123854269839, 53.35065086943964729 ) ) ;
#5457 = CARTESIAN_POINT ( 'NONE',  ( -4.969353641045566761, 7.138014048990930505, 50.89575877287258265 ) ) ;
#5458 = CARTESIAN_POINT ( 'NONE',  ( -1.441578734573146114, 9.847938210191470532, 52.14664743717934670 ) ) ;
#5459 = CARTESIAN_POINT ( 'NONE',  ( -2.289316020932050222, 8.294693486283275519, 53.13740808487060718 ) ) ;
#5460 = CARTESIAN_POINT ( 'NONE',  ( -4.952281101623666082, 7.148104089877374889, 7.850450754839421563 ) ) ;
#5461 = CARTESIAN_POINT ( 'NONE',  ( 0.01734595048951782098, 7.474348511172427934, 56.00564519188112200 ) ) ;
#5462 = CARTESIAN_POINT ( 'NONE',  ( -0.3143707019983318918, 8.860375803649585436, -3.555378715965314740 ) ) ;
#5463 = CARTESIAN_POINT ( 'NONE',  ( -3.209332184923024744, 7.432603961615674493, 53.90175798337536861 ) ) ;
#5464 = CARTESIAN_POINT ( 'NONE',  ( -0.08713511338781461391, 9.796628040861097730, 53.30423409402801838 ) ) ;
#5465 = CARTESIAN_POINT ( 'NONE',  ( -6.095876901521364744, 3.988646588841846974, 57.19077329144849386 ) ) ;
#5466 = CARTESIAN_POINT ( 'NONE',  ( -3.706003021308090339, 4.868272906726417659, 55.48645416010882059 ) ) ;
#5467 = CARTESIAN_POINT ( 'NONE',  ( -5.001634977557636752, 5.379661384256301027, 53.04469248518055480 ) ) ;
#5468 = CARTESIAN_POINT ( 'NONE',  ( -4.528865139759066238, 8.444750180826551045, 24.06834363417719302 ) ) ;
#5469 = CARTESIAN_POINT ( 'NONE',  ( 0.008167251244237287017, 10.47484979759043533, 51.11681195342528383 ) ) ;
#5470 = CARTESIAN_POINT ( 'NONE',  ( -3.528504481901414636, 3.478923686303919904, 56.43220215702989151 ) ) ;
#5471 = CARTESIAN_POINT ( 'NONE',  ( -5.184752975064447433, 1.744788270202326297, 53.87159307636211736 ) ) ;
#5472 = CARTESIAN_POINT ( 'NONE',  ( -2.301248542794212426, 10.59962111465595136, 20.74961681380735357 ) ) ;
#5473 = CARTESIAN_POINT ( 'NONE',  ( 0.003780448961487476930, 10.02392156083456598, 52.78562822213508809 ) ) ;
#5474 = AXIS2_PLACEMENT_3D ( 'NONE', #8151, #7417, #4273 ) ;
#5475 = CARTESIAN_POINT ( 'NONE',  ( -1.874600134378104688, 4.051317064286064529, 57.12877427533300079 ) ) ;
#5476 = EDGE_CURVE ( 'NONE', #865, #4781, #4809, .T. ) ;
#5477 = CARTESIAN_POINT ( 'NONE',  ( -0.6750148985770463295, 10.27764662864077572, 51.62851053635851883 ) ) ;
#5478 = CARTESIAN_POINT ( 'NONE',  ( -4.096109577581808381, 5.010763359897207891, 54.91585782512454728 ) ) ;
#5479 = CARTESIAN_POINT ( 'NONE',  ( 0.005190384266471671261, 10.37232366761772617, 51.61354668655781808 ) ) ;
#5480 = CARTESIAN_POINT ( 'NONE',  ( -4.789413677048457885, 3.401272232692570174, -6.993626045285197712 ) ) ;
#5481 = CARTESIAN_POINT ( 'NONE',  ( -1.871725285331441224, 8.606266175250549821, 53.93565170279575227 ) ) ;
#5482 = CARTESIAN_POINT ( 'NONE',  ( -1.533194640634116812, 9.865703838076568033, 50.25974211135855541 ) ) ;
#5483 = CARTESIAN_POINT ( 'NONE',  ( -0.1711199910442024741, 9.235044969721538877, 54.22846249856173984 ) ) ;
#5484 = CARTESIAN_POINT ( 'NONE',  ( -2.344473238161573381, 8.245593726016176461, 53.92657127323685273 ) ) ;
#5485 = CARTESIAN_POINT ( 'NONE',  ( -0.02069252734914779970, 7.130161746117029686, 56.25469972846771327 ) ) ;
#5486 = FACE_BOUND ( 'NONE', #348, .T. ) ;
#5487 = CARTESIAN_POINT ( 'NONE',  ( -1.811824753213386874, 4.109808867825489820, 57.13287652926037197 ) ) ;
#5488 = CARTESIAN_POINT ( 'NONE',  ( -0.3561832050407851002, 9.848920605984615051, 53.11874737065916463 ) ) ;
#5489 = CARTESIAN_POINT ( 'NONE',  ( -3.682328352542590721, 6.637728440058951129, 54.10556596716850919 ) ) ;
#5490 = CARTESIAN_POINT ( 'NONE',  ( -0.7892352004009997035, 9.506657149636971837, 53.52523197017661261 ) ) ;
#5491 = CARTESIAN_POINT ( 'NONE',  ( -3.266912372740119697, 7.803871913577994590, -2.425706575086204797 ) ) ;
#5492 = CIRCLE ( 'NONE', #7409, 0.09999999999999947820 ) ;
#5493 = CARTESIAN_POINT ( 'NONE',  ( -5.386048027717892595, 5.373736402521536171, 34.88810931397564019 ) ) ;
#5494 = CARTESIAN_POINT ( 'NONE',  ( -0.02118174190531887935, 9.768370934394681626, 52.32194459496485450 ) ) ;
#5495 = CARTESIAN_POINT ( 'NONE',  ( -0.7842668004486814670, 9.973761551809557702, 50.95933768168646338 ) ) ;
#5496 = CARTESIAN_POINT ( 'NONE',  ( -0.3179608967307649414, 3.972521991266679819, 57.29421995471712137 ) ) ;
#5497 = CARTESIAN_POINT ( 'NONE',  ( -2.038189693595222618, 5.991638569964549355, 56.12551069581008534 ) ) ;
#5498 = CARTESIAN_POINT ( 'NONE',  ( -0.02698106829447170091, 7.130108323729501763, 56.25432425395553082 ) ) ;
#5499 = CARTESIAN_POINT ( 'NONE',  ( -4.190562805971071114, 3.306438932817064469, 55.91725897653572019 ) ) ;
#5500 = CARTESIAN_POINT ( 'NONE',  ( -4.389219739515209717, 6.534487391922223942, 53.14140523929295767 ) ) ;
#5501 = CARTESIAN_POINT ( 'NONE',  ( -0.6936472303826630714, 5.795854669440305251, 56.85078865855167862 ) ) ;
#5502 = CARTESIAN_POINT ( 'NONE',  ( -2.430619681381031238, 8.664940532882472013, 52.36549679672820190 ) ) ;
#5503 = CARTESIAN_POINT ( 'NONE',  ( -5.016388009672655635, 6.153576374448443964, 50.63165120805177821 ) ) ;
#5504 = CARTESIAN_POINT ( 'NONE',  ( 0.03483975309290539973, 9.006525878322054979, 54.57207519424729014 ) ) ;
#5505 = CARTESIAN_POINT ( 'NONE',  ( -0.3764232074992612254, 9.267488878129535479, 53.35409283797893920 ) ) ;
#5506 = CARTESIAN_POINT ( 'NONE',  ( -3.629898571549984077, 8.262043515298637786, 52.21808850647892086 ) ) ;
#5507 = CARTESIAN_POINT ( 'NONE',  ( -0.04146293277151685136, 9.966138041538966874, 52.92899566490388708 ) ) ;
#5508 = CARTESIAN_POINT ( 'NONE',  ( -4.661047736946035691, 4.710766768992848519, 54.30584597748079290 ) ) ;
#5509 = CARTESIAN_POINT ( 'NONE',  ( -5.377408442575894121, 4.059726608625128463, 53.18741879152399576 ) ) ;
#5510 = CARTESIAN_POINT ( 'NONE',  ( -5.150624333365182217, 6.356327929661066634, 51.52881287343796402 ) ) ;
#5511 = CARTESIAN_POINT ( 'NONE',  ( -1.542941203753977142, 8.377793690506681656, 54.50701832131583302 ) ) ;
#5512 = CARTESIAN_POINT ( 'NONE',  ( -4.951829356875625088, 5.336523798269621643, 53.19217588212008252 ) ) ;
#5513 = CARTESIAN_POINT ( 'NONE',  ( -3.991631035678075978, 6.711065753281102886, -3.063508906499084361 ) ) ;
#5514 = CARTESIAN_POINT ( 'NONE',  ( 0.01308862622226791145, 10.47484914799408884, 51.11674816055550252 ) ) ;
#5515 = CARTESIAN_POINT ( 'NONE',  ( -5.613273270592983977, 5.072450343247872695, 51.19525720859417106 ) ) ;
#5516 = CARTESIAN_POINT ( 'NONE',  ( -5.383725637727277302, 1.755800435819161454, 52.77494549112065414 ) ) ;
#5517 = CARTESIAN_POINT ( 'NONE',  ( -1.899526574594551320, 8.696485601416172884, -2.393669102049097663 ) ) ;
#5518 = CARTESIAN_POINT ( 'NONE',  ( -0.02000318558849724371, 6.382642496333178705, 56.68835146225601562 ) ) ;
#5519 = EDGE_LOOP ( 'NONE', ( #1431, #3917, #6244, #7057 ) ) ;
#5520 = CARTESIAN_POINT ( 'NONE',  ( -5.771052352287146192, 3.379804196240202341, 51.92483789449521936 ) ) ;
#5521 = CARTESIAN_POINT ( 'NONE',  ( -3.908466430412175008, 7.827920169406263007, 52.41465072869203112 ) ) ;
#5522 = CARTESIAN_POINT ( 'NONE',  ( -0.5134513517564364138, 9.392469939706160176, 53.87841874342289117 ) ) ;
#5523 = CARTESIAN_POINT ( 'NONE',  ( -4.604954225658152822, 5.478091297684359873, 53.75047957369766749 ) ) ;
#5524 = CARTESIAN_POINT ( 'NONE',  ( -0.002154011867251117655, 9.419529166641291695, 53.97710207214174005 ) ) ;
#5525 = CARTESIAN_POINT ( 'NONE',  ( -5.448446809995272311, 3.992094278004329588, 4.149220207915485403 ) ) ;
#5526 = CARTESIAN_POINT ( 'NONE',  ( -0.9884307621401359212, 4.773213397943915304, 57.17849195469236179 ) ) ;
#5527 = CARTESIAN_POINT ( 'NONE',  ( -0.003977885822739757847, 4.688401473384207208, 57.40616718505690841 ) ) ;
#5528 = CARTESIAN_POINT ( 'NONE',  ( -1.112959916414056893, 8.101189792266165313, -5.811274372717534220 ) ) ;
#5529 = CARTESIAN_POINT ( 'NONE',  ( -0.1752392145771188570, 9.718800171649494501, 53.44127591306335745 ) ) ;
#5530 = CARTESIAN_POINT ( 'NONE',  ( -2.089836271548562330, 7.353400056647332761, 55.07370670977596205 ) ) ;
#5531 = CARTESIAN_POINT ( 'NONE',  ( -0.006124855695363534344, 9.363664281991480820, 54.06371576443159910 ) ) ;
#5532 = CARTESIAN_POINT ( 'NONE',  ( -5.625135722872531829, 3.679232042495701904, 52.57943892381631912 ) ) ;
#5533 = CARTESIAN_POINT ( 'NONE',  ( -2.012240293585285222, 2.991460705884081861, 57.42372932059205226 ) ) ;
#5534 = CARTESIAN_POINT ( 'NONE',  ( -0.2222501193794976515, 7.800962487052191641, 55.73919382217017215 ) ) ;
#5535 = CARTESIAN_POINT ( 'NONE',  ( -4.433797696740388261, 7.431877723416036474, 51.93915428423233749 ) ) ;
#5536 = CARTESIAN_POINT ( 'NONE',  ( -0.4460732157020987909, 5.506294891058083785, 57.04839046485163578 ) ) ;
#5537 = CARTESIAN_POINT ( 'NONE',  ( -3.754999343690677893, 8.938712005683621342, 6.181577763284910709 ) ) ;
#5538 = CARTESIAN_POINT ( 'NONE',  ( -4.817676091765657809, 4.721144843152970338, 52.97029396819812774 ) ) ;
#5539 = CARTESIAN_POINT ( 'NONE',  ( -0.03235404007506668955, 10.89700443894224158, 42.69656835064425593 ) ) ;
#5540 = DIRECTION ( 'NONE',  ( 1.000000000000000000, 0.000000000000000000, -3.335730344018426891E-15 ) ) ;
#5541 = CARTESIAN_POINT ( 'NONE',  ( -1.114884999575227020, 10.93304256096877580, 31.92477848208020674 ) ) ;
#5542 = CARTESIAN_POINT ( 'NONE',  ( -2.904425507199244638, 8.479361731906715605, 52.97603842309038669 ) ) ;
#5543 = CARTESIAN_POINT ( 'NONE',  ( -0.006750439856122033948, 10.05974319667369699, 52.68983143288317450 ) ) ;
#5544 = CARTESIAN_POINT ( 'NONE',  ( -4.312497287416164227, 6.435700941587953139, 53.36806835506233426 ) ) ;
#5545 = CARTESIAN_POINT ( 'NONE',  ( -0.8747348311085900718, 7.204097254391557570, 55.94658752359480758 ) ) ;
#5546 = CARTESIAN_POINT ( 'NONE',  ( -2.747098116813929902, 10.42419876552645519, 24.06693367548580298 ) ) ;
#5547 = CARTESIAN_POINT ( 'NONE',  ( -4.726514547229745844, 6.250547807945634915, -0.1972876079645122516 ) ) ;
#5548 = CARTESIAN_POINT ( 'NONE',  ( 0.04275787341781372985, 10.49359812889925081, 51.01691652811688016 ) ) ;
#5549 = CARTESIAN_POINT ( 'NONE',  ( -0.3661989533468469893, 6.910567925261344335, -10.03099033897640524 ) ) ;
#5550 = CARTESIAN_POINT ( 'NONE',  ( -3.802514796475247039, 8.542917574339123021, 51.30956348772990339 ) ) ;
#5551 = CARTESIAN_POINT ( 'NONE',  ( -0.08751716648475171834, 10.15748041072568242, 52.40125120012451987 ) ) ;
#5552 = CARTESIAN_POINT ( 'NONE',  ( -4.925017565661048202, 4.955715366443224745, 53.57955374804059545 ) ) ;
#5553 = CARTESIAN_POINT ( 'NONE',  ( -3.972475440951175329, 5.203872985092893977, 54.92903225824596092 ) ) ;
#5554 = CARTESIAN_POINT ( 'NONE',  ( -1.727045557196586367, 9.267956993933337273, 53.08760999465432207 ) ) ;
#5555 = CARTESIAN_POINT ( 'NONE',  ( -4.952289357144464610, 5.457562502914744762, 53.08437896493038721 ) ) ;
#5556 = CARTESIAN_POINT ( 'NONE',  ( -2.771323674580859819, 5.025641507053297374, -9.979973213481596162 ) ) ;
#5557 = CARTESIAN_POINT ( 'NONE',  ( 0.01349686255857753328, 10.37232266178541451, 51.61337805423736569 ) ) ;
#5558 = CARTESIAN_POINT ( 'NONE',  ( -5.544209408123807137, 5.035978345398430811, 51.62448830309986647 ) ) ;
#5559 = CARTESIAN_POINT ( 'NONE',  ( 0.003909706499698789930, 10.12738837311616713, 52.49665336690139128 ) ) ;
#5560 = CARTESIAN_POINT ( 'NONE',  ( -3.954968916501280241, 2.772316346721849900, 56.38552984632048748 ) ) ;
#5561 = CARTESIAN_POINT ( 'NONE',  ( -0.5560858117110193399, 10.08245238779380593, 52.41093381414034980 ) ) ;
#5562 = CARTESIAN_POINT ( 'NONE',  ( -5.072403001778500453, 5.200281471925911170, 53.04055773525653450 ) ) ;
#5563 = CARTESIAN_POINT ( 'NONE',  ( 0.001386430064578229177, 9.682065042885819039, 53.53395862134971139 ) ) ;
#5564 = CARTESIAN_POINT ( 'NONE',  ( -5.338566559565830261, 3.875709516429483248, -0.1997634462996844829 ) ) ;
#5565 = CARTESIAN_POINT ( 'NONE',  ( -3.742002798421502963, 8.083916130988878734, 52.31710197544118301 ) ) ;
#5566 = FACE_OUTER_BOUND ( 'NONE', #1992, .T. ) ;
#5567 = CARTESIAN_POINT ( 'NONE',  ( -1.038576315214096768, 7.610962419463309203, 55.06244611139818090 ) ) ;
#5568 = CARTESIAN_POINT ( 'NONE',  ( -0.2794976056171402656, 10.28275018651667061, 51.91580519824398010 ) ) ;
#5569 = CARTESIAN_POINT ( 'NONE',  ( -0.8285204788285703836, 3.552199315795677048, 57.58812063515082258 ) ) ;
#5570 = CARTESIAN_POINT ( 'NONE',  ( -0.01871499893694410568, 5.191265495932850804, 57.22939866658352059 ) ) ;
#5571 = CARTESIAN_POINT ( 'NONE',  ( -0.3039778858231856895, 5.504147727546331303, 56.79760597302334446 ) ) ;
#5572 = CARTESIAN_POINT ( 'NONE',  ( -4.902518656016133569, 5.902623608824482559, 52.77589690596747118 ) ) ;
#5573 = CARTESIAN_POINT ( 'NONE',  ( -0.2433595568805561327, 8.715261045838667897, 54.87593487458416774 ) ) ;
#5574 = CARTESIAN_POINT ( 'NONE',  ( -4.038756568051108609, 7.224155450085103958, 52.98664237053057491 ) ) ;
#5575 = CARTESIAN_POINT ( 'NONE',  ( -0.9056196873165077710, 9.718030305144960579, 53.03050938745653298 ) ) ;
#5576 = CARTESIAN_POINT ( 'NONE',  ( -3.710232549857753082, 8.776850005476013905, 4.107134198914741852 ) ) ;
#5577 = CARTESIAN_POINT ( 'NONE',  ( -4.836612462676575852, 4.985286403360828622, -3.109588337425666094 ) ) ;
#5578 = CARTESIAN_POINT ( 'NONE',  ( -0.03183043873323168627, 10.99161762235139861, 36.13044260656368323 ) ) ;
#5579 = CARTESIAN_POINT ( 'NONE',  ( -1.448649957909776687, 6.086061791503766472, 56.39310220656390982 ) ) ;
#5580 = CARTESIAN_POINT ( 'NONE',  ( -1.043698298263215918, 10.65402460662295603, 12.45279667931070833 ) ) ;
#5581 = CARTESIAN_POINT ( 'NONE',  ( -3.027835572441077705, 8.305701079579831614, 53.06289570335548689 ) ) ;
#5582 = CARTESIAN_POINT ( 'NONE',  ( -0.01532219693590423405, 9.305682448960105546, 54.14897988545641283 ) ) ;
#5583 = CARTESIAN_POINT ( 'NONE',  ( -3.508193404100299784, 5.513373158731138091, 55.24627838427564086 ) ) ;
#5584 = CARTESIAN_POINT ( 'NONE',  ( -1.023408232760911307, 8.416860167879336885, 54.83545634963302007 ) ) ;
#5585 = CARTESIAN_POINT ( 'NONE',  ( -2.757791617136958529, 10.40942289458856251, 37.31123337672645590 ) ) ;
#5586 = EDGE_CURVE ( 'NONE', #3750, #1173, #3223, .T. ) ;
#5587 = CARTESIAN_POINT ( 'NONE',  ( -3.526820779695948982, 4.808521367705093752, -8.624373133955621995 ) ) ;
#5588 = CARTESIAN_POINT ( 'NONE',  ( 0.04783416157699655474, 9.682192677863612928, 53.53433142474682427 ) ) ;
#5589 = CARTESIAN_POINT ( 'NONE',  ( -0.1508516007561495065, 4.035014689482887107, 57.29837220754941285 ) ) ;
#5590 = CARTESIAN_POINT ( 'NONE',  ( -3.524773607981391166, 8.081240851301975781, 52.68029579445970256 ) ) ;
#5591 = CARTESIAN_POINT ( 'NONE',  ( -0.04114970011607289868, 10.15863348982617609, 52.40041270936419693 ) ) ;
#5592 = CARTESIAN_POINT ( 'NONE',  ( -4.217736011752849734, 5.516977184295143388, 54.35424959984903381 ) ) ;
#5593 = CARTESIAN_POINT ( 'NONE',  ( -1.732192499924831930, 9.289305636282485068, 53.04316955632334896 ) ) ;
#5594 = CARTESIAN_POINT ( 'NONE',  ( -4.964990273886179750, 5.468537824801795288, 53.04665331544840257 ) ) ;
#5595 = CARTESIAN_POINT ( 'NONE',  ( -2.461787049457632381, 4.400562610822918330, 56.31203974176150240 ) ) ;
#5596 = CARTESIAN_POINT ( 'NONE',  ( 0.01372966858011663398, 10.24722576985998401, 52.10639548908584118 ) ) ;
#5597 = CARTESIAN_POINT ( 'NONE',  ( -0.1167183887631103728, 8.877622674999374297, -3.549535891127296505 ) ) ;
#5598 = CARTESIAN_POINT ( 'NONE',  ( -5.356425949659458396, 4.933035234779554301, 52.50827470502118643 ) ) ;
#5599 = CARTESIAN_POINT ( 'NONE',  ( 0.004602225561574072553, 10.18912110625017320, 52.30207325411463870 ) ) ;
#5600 = CARTESIAN_POINT ( 'NONE',  ( -0.1509047059717635586, 4.344893121505749356, 57.50878575983141161 ) ) ;
#5601 = CARTESIAN_POINT ( 'NONE',  ( -5.265371959714077121, 5.221590191834285299, 52.51152903549131423 ) ) ;
#5602 = CARTESIAN_POINT ( 'NONE',  ( 0.006633772634436850731, 10.32524445559366910, 51.81131811360478423 ) ) ;
#5603 = CARTESIAN_POINT ( 'NONE',  ( -5.468735324129835540, 4.862678373399772269, 20.75067555499493821 ) ) ;
#5604 = CARTESIAN_POINT ( 'NONE',  ( -3.554658254550432606, 7.764750326705903483, 53.06704358411224831 ) ) ;
#5605 = DIRECTION ( 'NONE',  ( 0.000000000000000000, 0.000000000000000000, -1.000000000000000000 ) ) ;
#5606 = CARTESIAN_POINT ( 'NONE',  ( -1.555541431228838700, 9.922159338431548292, 49.94250648723894415 ) ) ;
#5607 = CARTESIAN_POINT ( 'NONE',  ( -0.1314140660551194051, 9.770712558181903873, 53.35024095861051308 ) ) ;
#5608 = CARTESIAN_POINT ( 'NONE',  ( -2.284136448916786133, 8.359902306305151853, 53.84748063193316625 ) ) ;
#5609 = CARTESIAN_POINT ( 'NONE',  ( -0.01025966335964675034, 9.006420132636955955, 54.57024354284566670 ) ) ;
#5610 = DIRECTION ( 'NONE',  ( 0.000000000000000000, 0.000000000000000000, -1.000000000000000000 ) ) ;
#5611 = CARTESIAN_POINT ( 'NONE',  ( -3.786193323739837968, 4.753978506059683973, 55.47789194051643591 ) ) ;
#5612 = CARTESIAN_POINT ( 'NONE',  ( -2.076564497103350337, 9.374813001780555766, 52.45644077619868995 ) ) ;
#5613 = CARTESIAN_POINT ( 'NONE',  ( -3.917009558669877212, 7.036560373331193219, 53.37976449451029026 ) ) ;
#5614 = CARTESIAN_POINT ( 'NONE',  ( -0.7276598487360679268, 9.846645800804779469, 52.88925512724568989 ) ) ;
#5615 = CARTESIAN_POINT ( 'NONE',  ( -5.220730517644576629, 5.784168822078061822, 52.04306267005527076 ) ) ;
#5616 = CARTESIAN_POINT ( 'NONE',  ( -2.576838151949489397, 5.959510619850328261, -8.642047529038260123 ) ) ;
#5617 = CARTESIAN_POINT ( 'NONE',  ( -3.321461449665272347, 3.342955078989165330, 56.24378614928571096 ) ) ;
#5618 = CARTESIAN_POINT ( 'NONE',  ( 0.000000000000000000, 10.89699701221530148, 42.69704201921896924 ) ) ;
#5619 = CARTESIAN_POINT ( 'NONE',  ( -2.217304114567920426, 8.802926285984582933, 53.30938650510520205 ) ) ;
#5620 = CARTESIAN_POINT ( 'NONE',  ( -0.8317754597543587369, 9.960142248541622223, 50.95933768168648470 ) ) ;
#5621 = CARTESIAN_POINT ( 'NONE',  ( -0.6856945504945991532, 8.924908437597993682, -2.967510092068686767 ) ) ;
#5622 = CARTESIAN_POINT ( 'NONE',  ( -2.648985872989880974, 8.313698158193371768, 53.51732060746166297 ) ) ;
#5623 = CARTESIAN_POINT ( 'NONE',  ( -0.008378495179649014107, 9.885931339495511949, 53.11770538926707275 ) ) ;
#5624 = CARTESIAN_POINT ( 'NONE',  ( -4.282066485702500813, 6.676656339877553137, 53.18169424280497992 ) ) ;
#5625 = CARTESIAN_POINT ( 'NONE',  ( -1.528410808842473712, 10.17892799067188037, 50.84641285962763391 ) ) ;
#5626 = CARTESIAN_POINT ( 'NONE',  ( -2.342500955543916685, 7.517237700871037376, 54.07822604100201147 ) ) ;
#5627 = CARTESIAN_POINT ( 'NONE',  ( -5.158591868348608500, 7.034066789936489705, 36.12857544011892941 ) ) ;
#5628 = CARTESIAN_POINT ( 'NONE',  ( 0.04941627837388028882, 9.753186276371115682, 53.39686153062525875 ) ) ;
#5629 = CARTESIAN_POINT ( 'NONE',  ( -0.3483860277521251270, 8.805623280816449849, 54.14761770823182019 ) ) ;
#5630 = CARTESIAN_POINT ( 'NONE',  ( -1.730505627747107811, 4.629889648465192131, 56.97719763257920533 ) ) ;
#5631 = CARTESIAN_POINT ( 'NONE',  ( -0.04202194544408822258, 9.885303604961530155, 53.11786320019729146 ) ) ;
#5632 = CARTESIAN_POINT ( 'NONE',  ( -4.243058258993031018, 5.802787970714121002, 54.06667817644115814 ) ) ;
#5633 = CARTESIAN_POINT ( 'NONE',  ( -2.007894272204536534, 9.849092776196760823, 51.26547211133917159 ) ) ;
#5634 = CARTESIAN_POINT ( 'NONE',  ( -4.776163489124923167, 5.290391494601770717, 53.59363536358358004 ) ) ;
#5635 = CARTESIAN_POINT ( 'NONE',  ( -0.4971943731619161699, 1.955185284253352584, 57.50000000000001421 ) ) ;
#5636 = CARTESIAN_POINT ( 'NONE',  ( -0.008200105929220791526, 7.818650599410676527, 55.75255329622338962 ) ) ;
#5637 = CARTESIAN_POINT ( 'NONE',  ( -0.1630585711245861602, 9.315829339397639686, -1.176545361520135113 ) ) ;
#5638 = CARTESIAN_POINT ( 'NONE',  ( -5.142873437585010699, 4.561847723500086715, 53.41792224780816412 ) ) ;
#5639 = ORIENTED_EDGE ( 'NONE', *, *, #1014, .T. ) ;
#5640 = CARTESIAN_POINT ( 'NONE',  ( -5.630990106166231968, 3.547473091357385755, 52.65700138481461323 ) ) ;
#5641 = CARTESIAN_POINT ( 'NONE',  ( -0.4659592260908990147, 10.16462331040117562, 52.21471649310502272 ) ) ;
#5642 = CARTESIAN_POINT ( 'NONE',  ( -4.758996603980503615, 4.917999109170422045, 53.94680755170756470 ) ) ;
#5643 = CARTESIAN_POINT ( 'NONE',  ( 0.005956435296589481648, 10.43634984064404314, 51.31579040189994600 ) ) ;
#5644 = CARTESIAN_POINT ( 'NONE',  ( -5.490832298621497465, 3.453935581838233126, 50.27720550666510491 ) ) ;
#5645 = CARTESIAN_POINT ( 'NONE',  ( -1.583897803742940091, 8.942738750112287249, -1.786625641044280233 ) ) ;
#5646 = CARTESIAN_POINT ( 'NONE',  ( -0.1289175425960034926, 9.000647608093185426, 54.56572067176154661 ) ) ;
#5647 = CARTESIAN_POINT ( 'NONE',  ( -2.394185099815903328, 8.725871381893076872, 53.22596120855902058 ) ) ;
#5648 = CARTESIAN_POINT ( 'NONE',  ( 0.001486262555550470123, 10.47485055588854230, 51.11689962543826482 ) ) ;
#5649 = CARTESIAN_POINT ( 'NONE',  ( -3.180407156315888439, 3.967203901862986548, 55.91085355461145667 ) ) ;
#5650 = CARTESIAN_POINT ( 'NONE',  ( -4.302355976001527083, 5.375289618558027449, 54.34599267649184640 ) ) ;
#5651 = CARTESIAN_POINT ( 'NONE',  ( -1.813072355216259979, 8.771680415472694392, 53.77229000409336379 ) ) ;
#5652 = CARTESIAN_POINT ( 'NONE',  ( -3.929050906216243977, 7.055966061634049602, 53.34120188104363791 ) ) ;
#5653 = CARTESIAN_POINT ( 'NONE',  ( -0.3280597081582869445, 4.719306040563103544, 57.36903946724586945 ) ) ;
#5654 = CARTESIAN_POINT ( 'NONE',  ( -4.604117086461745778, 5.233405739328192752, 53.96313403229926564 ) ) ;
#5655 = CARTESIAN_POINT ( 'NONE',  ( -4.357546218693481244, 8.755214196957567196, 15.74006171983999991 ) ) ;
#5656 = CARTESIAN_POINT ( 'NONE',  ( -5.196542163348092380, 4.543908308776235749, -0.6141144660912714048 ) ) ;
#5657 = CARTESIAN_POINT ( 'NONE',  ( -0.007224206910900615730, 2.241021972126894024, 57.50000000000000711 ) ) ;
#5658 = CARTESIAN_POINT ( 'NONE',  ( -2.291250848490848480, 9.042897950199609625, 52.83163736554889311 ) ) ;
#5659 = CARTESIAN_POINT ( 'NONE',  ( -5.289324124919180470, 4.801552883057680354, 50.95933768168647049 ) ) ;
#5660 = CARTESIAN_POINT ( 'NONE',  ( -0.8535571462634168327, 9.010151287916833951, -2.374446618226834893 ) ) ;
#5661 = CARTESIAN_POINT ( 'NONE',  ( -2.698082414537545493, 8.453474925227851600, 53.26983391981053728 ) ) ;
#5662 = CARTESIAN_POINT ( 'NONE',  ( -0.02504666597319816709, 7.130130894057255198, 56.25444040317159988 ) ) ;
#5663 = CARTESIAN_POINT ( 'NONE',  ( -4.466274014946488791, 6.900364067012777269, 52.60696572207932320 ) ) ;
#5664 = CARTESIAN_POINT ( 'NONE',  ( -0.8660477964716420951, 8.494376828823622105, 54.84310591297576565 ) ) ;
#5665 = CARTESIAN_POINT ( 'NONE',  ( -2.248937008495143886, 6.989518297032835115, -6.993455607433741505 ) ) ;
#5666 = CARTESIAN_POINT ( 'NONE',  ( -2.906426818879820129, 9.952686678244930363, 10.78568338647433400 ) ) ;
#5667 = CARTESIAN_POINT ( 'NONE',  ( -5.030390531147936883, 5.722496416860241908, 51.19595601088577297 ) ) ;
#5668 = CARTESIAN_POINT ( 'NONE',  ( 0.009697655015653857888, 3.927088874763394077, 57.61862478764091122 ) ) ;
#5669 = CARTESIAN_POINT ( 'NONE',  ( -5.352726501310375973, 1.754493127544399345, 52.97354136570515237 ) ) ;
#5670 = CARTESIAN_POINT ( 'NONE',  ( -0.05394458266223749188, 2.232867286185291622, 57.50000000000001421 ) ) ;
#5671 = CARTESIAN_POINT ( 'NONE',  ( -3.272251006714395949, 7.977184530983574717, 53.18903400372868617 ) ) ;
#5672 = CARTESIAN_POINT ( 'NONE',  ( -0.08782663643988795898, 10.18746928516790717, 52.30380684071209174 ) ) ;
#5673 = CARTESIAN_POINT ( 'NONE',  ( -5.325044896925120064, 4.244897200340437493, 53.19365697935224091 ) ) ;
#5674 = CARTESIAN_POINT ( 'NONE',  ( -4.378535117946395161, 5.977333137593188184, 53.69546595398087874 ) ) ;
#5675 = CARTESIAN_POINT ( 'NONE',  ( -1.607377145727717282, 9.188218635712837923, 53.34901310649384243 ) ) ;
#5676 = CARTESIAN_POINT ( 'NONE',  ( -4.914697778209855095, 5.423799053118967706, 53.19457720185671690 ) ) ;
#5677 = CARTESIAN_POINT ( 'NONE',  ( -4.455377723716582139, 7.455164954905735719, 2.058648291651967277 ) ) ;
#5678 = CARTESIAN_POINT ( 'NONE',  ( 0.005613712914453555282, 9.006455983446977953, 54.57088990702931852 ) ) ;
#5679 = CARTESIAN_POINT ( 'NONE',  ( -0.1809660788028258638, 9.309781605228137025, 53.35652379627212838 ) ) ;
#5680 = CARTESIAN_POINT ( 'NONE',  ( -5.718138748341304201, 4.660786053931506245, 50.97300708385586177 ) ) ;
#5681 = CARTESIAN_POINT ( 'NONE',  ( -5.478778254030086003, 3.485678682045957100, 53.30562767291196735 ) ) ;
#5682 = CARTESIAN_POINT ( 'NONE',  ( -0.4484325543975262174, 9.868092862279498334, 53.02611491303617441 ) ) ;
#5683 = CARTESIAN_POINT ( 'NONE',  ( -5.118650460232577082, 5.119160081473556723, 53.00109864160425133 ) ) ;
#5684 = CARTESIAN_POINT ( 'NONE',  ( 0.006241870433538070952, 10.05977089577852013, 52.68962655507649373 ) ) ;
#5685 = CARTESIAN_POINT ( 'NONE',  ( -5.201549288885754407, 3.193040683736671603, -5.110172953626072712 ) ) ;
#5686 = CARTESIAN_POINT ( 'NONE',  ( -1.902337851257760004, 10.41459061096710315, 10.78648242848388250 ) ) ;
#5687 = CARTESIAN_POINT ( 'NONE',  ( -0.05651705704097734900, 3.926071047344303899, 57.61609462800826975 ) ) ;
#5688 = CARTESIAN_POINT ( 'NONE',  ( -2.684300230696659906, 9.489983425009926421, 51.18200302924176270 ) ) ;
#5689 = CARTESIAN_POINT ( 'NONE',  ( -0.01940852480783759534, 7.474407785685980521, 56.00332093573598513 ) ) ;
#5690 = CARTESIAN_POINT ( 'NONE',  ( -3.833940974963725878, 3.940097568295410912, 55.29565235726712302 ) ) ;
#5691 = CARTESIAN_POINT ( 'NONE',  ( -4.875836770626314376, 5.879085889246897345, 52.85777520973733345 ) ) ;
#5692 = CARTESIAN_POINT ( 'NONE',  ( -5.748913816378783181, 3.579898013706988014, 51.92566407509940518 ) ) ;
#5693 = CARTESIAN_POINT ( 'NONE',  ( -2.133084978867998860, 9.543677902625317344, 51.97437523230596668 ) ) ;
#5694 = CARTESIAN_POINT ( 'NONE',  ( -3.581524855363497295, 6.769807678347064872, 54.11146999710877026 ) ) ;
#5695 = CARTESIAN_POINT ( 'NONE',  ( -0.5889777278468658617, 8.014758009291060858, 55.44189465393733229 ) ) ;
#5696 = CARTESIAN_POINT ( 'NONE',  ( -4.762910269629321292, 5.398825044196006395, 53.52381264814267325 ) ) ;
#5697 = CARTESIAN_POINT ( 'NONE',  ( -4.227730665468435234, 8.376881225531148445, 6.185649547526116621 ) ) ;
#5698 = CARTESIAN_POINT ( 'NONE',  ( -2.667751197802918917, 3.099482876693469890, -12.99346879972948088 ) ) ;
#5699 = CARTESIAN_POINT ( 'NONE',  ( -0.008362756744552847163, 3.741154243769411192, -15.00000000000000000 ) ) ;
#5700 = CARTESIAN_POINT ( 'NONE',  ( -1.273231131458210985, 5.416933740188413893, 56.81850967712683342 ) ) ;
#5701 = CARTESIAN_POINT ( 'NONE',  ( -1.158505765192627823, 10.03343211582610550, 51.25933768168647475 ) ) ;
#5702 = CARTESIAN_POINT ( 'NONE',  ( -0.8478005396107983760, 8.761378495644693842, -3.569011973920686476 ) ) ;
#5703 = CARTESIAN_POINT ( 'NONE',  ( -2.829237267574308490, 8.789447747826322654, 52.57300577977792955 ) ) ;
#5704 = CARTESIAN_POINT ( 'NONE',  ( -0.004927885874318325976, 10.43634777903997701, 51.31594730103575586 ) ) ;
#5705 = CARTESIAN_POINT ( 'NONE',  ( -4.871726890176126368, 7.325676112901295944, 50.89692107637028329 ) ) ;
#5706 = CARTESIAN_POINT ( 'NONE',  ( -1.292527301662400152, 10.15175107125384812, 51.34555826666166212 ) ) ;
#5707 = CARTESIAN_POINT ( 'NONE',  ( -0.3342717697036678426, 2.077014394004675690, 57.50000000000000000 ) ) ;
#5708 = CARTESIAN_POINT ( 'NONE',  ( -2.343929132497240442, 7.959475840185632478, -4.206621892871098112 ) ) ;
#5709 = CARTESIAN_POINT ( 'NONE',  ( -5.194187658447241063, 6.451054107194072351, 9.121642902365559635 ) ) ;
#5710 = CARTESIAN_POINT ( 'NONE',  ( 0.07586851075737341410, 10.15920717844889154, 52.39795531671146023 ) ) ;
#5711 = CARTESIAN_POINT ( 'NONE',  ( -5.500141757460003333, 1.827248519115199477, 10.77946861528869427 ) ) ;
#5712 = CARTESIAN_POINT ( 'NONE',  ( -0.6613107112638730856, 10.07753747438866831, 50.59705894899310152 ) ) ;
#5713 = AXIS2_PLACEMENT_3D ( 'NONE', #973, #4927, #7587 ) ;
#5714 = CARTESIAN_POINT ( 'NONE',  ( -3.642306934799205198, 8.660105189817000948, 51.41056354209646173 ) ) ;
#5715 = CARTESIAN_POINT ( 'NONE',  ( -0.03056620455441192222, 10.32503290642473992, 51.81201644016155683 ) ) ;
#5716 = CARTESIAN_POINT ( 'NONE',  ( -4.293125756634148082, 3.532020161102608302, 55.66038642719323093 ) ) ;
#5717 = CARTESIAN_POINT ( 'NONE',  ( -4.640084148112777029, 6.284257318191425412, 52.94204856707065687 ) ) ;
#5718 = CARTESIAN_POINT ( 'NONE',  ( -1.567568190216516166, 8.991848896122167645, 53.69092460750833595 ) ) ;
#5719 = CARTESIAN_POINT ( 'NONE',  ( -5.407462135781353041, 5.790037836249497083, 51.31142755374236231 ) ) ;
#5720 = CARTESIAN_POINT ( 'NONE',  ( -3.809909850212790605, 5.731099973999095099, 54.00420826262354268 ) ) ;
#5721 = CARTESIAN_POINT ( 'NONE',  ( 0.01552269684758853310, 9.682103934125537492, 53.53407203424368532 ) ) ;
#5722 = CARTESIAN_POINT ( 'NONE',  ( -0.2860446493520979461, 9.964035475596276115, 51.52681865075487622 ) ) ;
#5723 = CARTESIAN_POINT ( 'NONE',  ( -5.495730326582477510, 4.782029824087256742, 52.13342845480909205 ) ) ;
#5724 = ORIENTED_EDGE ( 'NONE', *, *, #5729, .F. ) ;
#5725 = CARTESIAN_POINT ( 'NONE',  ( -5.207272926221743425, 3.348444597805575462, 54.22264121843280549 ) ) ;
#5726 = CARTESIAN_POINT ( 'NONE',  ( -0.4535343345133419635, 9.966187530791140503, 52.79147028737478564 ) ) ;
#5727 = CARTESIAN_POINT ( 'NONE',  ( -1.901614233042782320, 2.601630997132226231, 57.54153960569932025 ) ) ;
#5728 = CARTESIAN_POINT ( 'NONE',  ( 0.006147428375471911295, 9.947150222557507249, 52.97600715581385344 ) ) ;
#5729 = EDGE_CURVE ( 'NONE', #5083, #3583, #1096, .T. ) ;
#5730 = CARTESIAN_POINT ( 'NONE',  ( -5.313594666737079919, 2.797986021717456140, 52.76487863611852447 ) ) ;
#5731 = CARTESIAN_POINT ( 'NONE',  ( -1.667867862960059622, 9.331931282826161578, 0.4095166723756891169 ) ) ;
#5732 = CARTESIAN_POINT ( 'NONE',  ( -0.1776988815512602071, 9.975835563012036999, 52.88273858332582478 ) ) ;
#5733 = CARTESIAN_POINT ( 'NONE',  ( -2.502315252203729301, 9.038871250905193833, 52.56343024003047759 ) ) ;
#5734 = CARTESIAN_POINT ( 'NONE',  ( -0.0001358055798268817578, 9.821257778181438525, 53.25798326940012828 ) ) ;
#5735 = LINE ( 'NONE', #3112, #625 ) ;
#5736 = CARTESIAN_POINT ( 'NONE',  ( -4.809254391429520936, 5.942003896815390540, 52.93814330966950621 ) ) ;
#5737 = CARTESIAN_POINT ( 'NONE',  ( -5.498567431247942672, 3.701325935654699695, 53.07190883062341413 ) ) ;
#5738 = CARTESIAN_POINT ( 'NONE',  ( -1.272613233044506797, 6.215299308172342663, 56.40332318484141894 ) ) ;
#5739 = CARTESIAN_POINT ( 'NONE',  ( -3.807597460850580706, 6.854985873307285260, 53.72548288336961519 ) ) ;
#5740 = CARTESIAN_POINT ( 'NONE',  ( -0.8740716789395502895, 10.22042875434643072, 51.63412290558513007 ) ) ;
#5741 = CARTESIAN_POINT ( 'NONE',  ( -3.060466973377805822, 3.667687086157209286, 56.68654255075968962 ) ) ;
#5742 = CARTESIAN_POINT ( 'NONE',  ( -3.816460660096708590, 7.562205597577405847, -1.210256819494801350 ) ) ;
#5743 = CARTESIAN_POINT ( 'NONE',  ( -4.875264430328329901, 4.367745774183394047, 53.11638260294395764 ) ) ;
#5744 = CARTESIAN_POINT ( 'NONE',  ( -0.02287873746470897585, 8.002448640152685755, -6.993360623839418366 ) ) ;
#5745 = CARTESIAN_POINT ( 'NONE',  ( -2.383480646560296456, 9.304284253544354399, 52.17931708354468867 ) ) ;
#5746 = CARTESIAN_POINT ( 'NONE',  ( -5.683698664064176675, 4.893030451155751415, 50.95933768168646338 ) ) ;
#5747 = CARTESIAN_POINT ( 'NONE',  ( -0.8504527905164283030, 8.890090721470615520, -2.971350044645899136 ) ) ;
#5748 = CARTESIAN_POINT ( 'NONE',  ( -1.831800419118946310, 5.781287026093711923, 56.36931305468318243 ) ) ;
#5749 = CARTESIAN_POINT ( 'NONE',  ( -0.02215725636320125397, 8.141651662928293121, 55.47761191147179005 ) ) ;
#5750 = CARTESIAN_POINT ( 'NONE',  ( -1.774286634415168207, 3.228916495884358806, 57.43647844599261987 ) ) ;
#5751 = CARTESIAN_POINT ( 'NONE',  ( -1.137524559129565738, 9.298082925874750160, 53.60941067885230638 ) ) ;
#5752 = CARTESIAN_POINT ( 'NONE',  ( -2.159424403607617116, 6.790807541748018039, -7.645000833924969541 ) ) ;
#5753 = CARTESIAN_POINT ( 'NONE',  ( -4.653548557473984992, 5.669938785951885052, -2.476966531945561822 ) ) ;
#5754 = CARTESIAN_POINT ( 'NONE',  ( 0.06694260059586537581, 9.798886577597716752, 53.30430234395845446 ) ) ;
#5755 = CARTESIAN_POINT ( 'NONE',  ( -1.740247179380313591, 1.615265837591467912, -14.99999999999998757 ) ) ;
#5756 = CARTESIAN_POINT ( 'NONE',  ( -0.4436827800724634230, 9.290081523979541345, -1.179297317273170442 ) ) ;
#5757 = CARTESIAN_POINT ( 'NONE',  ( -3.624787576716254289, 8.630203355640441387, 51.51331651965838887 ) ) ;
#5758 = CARTESIAN_POINT ( 'NONE',  ( -0.03143689490276050519, 9.820901869270700857, 53.25801180373741772 ) ) ;
#5759 = CARTESIAN_POINT ( 'NONE',  ( -5.703239876128003871, 4.206076554352106811, 51.61677563555286952 ) ) ;
#5760 = CARTESIAN_POINT ( 'NONE',  ( -2.157283518471592831, 3.318584985493188366, 57.27421429458272684 ) ) ;
#5761 = CARTESIAN_POINT ( 'NONE',  ( -1.597529512774027216, 9.140759530509292574, 53.43528963325810821 ) ) ;
#5762 = CARTESIAN_POINT ( 'NONE',  ( -2.098488812743535728E-32, 1.562500000000000000, 57.50000000000000000 ) ) ;
#5763 = CARTESIAN_POINT ( 'NONE',  ( -0.009774329603689374535, 6.382593636159938022, 56.68899258446109002 ) ) ;
#5764 = CARTESIAN_POINT ( 'NONE',  ( -0.4502642097841003666, 10.66924499259038051, 12.45355165546466658 ) ) ;
#5765 = CARTESIAN_POINT ( 'NONE',  ( -5.072592434413928153, 4.507375535991281268, 53.63244684830884523 ) ) ;
#5766 = CARTESIAN_POINT ( 'NONE',  ( -3.906030011334991947, 8.337674725047467206, 51.51896320407291796 ) ) ;
#5767 = ORIENTED_EDGE ( 'NONE', *, *, #1909, .T. ) ;
#5768 = CARTESIAN_POINT ( 'NONE',  ( -0.4780944180815914213, 10.32149096511634667, 51.62347777154150208 ) ) ;
#5769 = CARTESIAN_POINT ( 'NONE',  ( -5.273500456482614673, 5.460847287770119962, 52.23697062303235583 ) ) ;
#5770 = CARTESIAN_POINT ( 'NONE',  ( -0.01747142783362065979, 6.000582489860403435, 56.89331043923444753 ) ) ;
#5771 = CARTESIAN_POINT ( 'NONE',  ( -5.395562109762456870, 3.416453040602146274, 51.67893717430532519 ) ) ;
#5772 = CARTESIAN_POINT ( 'NONE',  ( -1.607736241179707370, 9.056519134942439209, -1.188241173470529599 ) ) ;
#5773 = CARTESIAN_POINT ( 'NONE',  ( -2.444102902028142843, 9.173312936361991632, 52.37316726368543840 ) ) ;
#5774 = CARTESIAN_POINT ( 'NONE',  ( -4.113721017429131712E-05, 9.798712278684215349, 53.30432361288983856 ) ) ;
#5775 = CARTESIAN_POINT ( 'NONE',  ( -0.003977885823236437801, 3.988646588745493826, 57.19066957552632147 ) ) ;
#5776 = CARTESIAN_POINT ( 'NONE',  ( -4.637520711726835110, 5.892736403714413207, 53.31748424217270355 ) ) ;
#5777 = CARTESIAN_POINT ( 'NONE',  ( -5.516352613950952666, 3.709537844596328071, 53.00150942782889985 ) ) ;
#5778 = CARTESIAN_POINT ( 'NONE',  ( -1.824877484774485303, 8.822855574100474385, 53.68868750413844992 ) ) ;
#5779 = CARTESIAN_POINT ( 'NONE',  ( -3.476046227273542844, 6.899714102677109828, 54.11723024564176399 ) ) ;
#5780 = CARTESIAN_POINT ( 'NONE',  ( -0.3977167005434515401, 5.524503545212101407, 57.05126613509261091 ) ) ;
#5781 = CARTESIAN_POINT ( 'NONE',  ( -5.244363903307354136, 5.800785683041412177, 51.94230425801546147 ) ) ;
#5782 = CARTESIAN_POINT ( 'NONE',  ( -5.126489734176467472, 4.461132546274002131, -1.866075772165823876 ) ) ;
#5783 = CARTESIAN_POINT ( 'NONE',  ( -0.07636234737727380650, 10.25735313652321423, 49.94326362070096792 ) ) ;
#5784 = CARTESIAN_POINT ( 'NONE',  ( -1.221803807267558772, 5.454254676799298096, 56.82133279241261192 ) ) ;
#5785 = CARTESIAN_POINT ( 'NONE',  ( -3.142989015531050256, 9.252189676175088806, 50.95933768168644207 ) ) ;
#5786 = CARTESIAN_POINT ( 'NONE',  ( -0.8780316721306626881, 8.580061790429638791, 54.12911326363714437 ) ) ;
#5787 = CARTESIAN_POINT ( 'NONE',  ( -3.017320873966403916, 8.735962840047470479, 52.39120916909354264 ) ) ;
#5788 = CARTESIAN_POINT ( 'NONE',  ( -0.02472808025787157082, 6.382632989485411912, 56.68806902914821677 ) ) ;
#5789 = CARTESIAN_POINT ( 'NONE',  ( -3.869561818601373826, 7.936831037213016415, 52.32022525716816119 ) ) ;
#5790 = CARTESIAN_POINT ( 'NONE',  ( -4.745604406914298856, 7.485492671675041620, 51.00310128120272424 ) ) ;
#5791 = CARTESIAN_POINT ( 'NONE',  ( -1.275534488257847654, 10.07838796276642235, 51.64636185224295417 ) ) ;
#5792 = CARTESIAN_POINT ( 'NONE',  ( -2.882417332796342713, 8.081328009022447745, 52.71051761910769784 ) ) ;
#5793 = CARTESIAN_POINT ( 'NONE',  ( -5.146709146321312822, 6.360812470436451704, 6.197864900249670406 ) ) ;
#5794 = CARTESIAN_POINT ( 'NONE',  ( 0.02091223852997809232, 6.382447050032033609, 56.69091594790177169 ) ) ;
#5795 = CARTESIAN_POINT ( 'NONE',  ( -5.499879263626465509, 1.562500000000001998, 50.28173799094319207 ) ) ;
#5796 = CARTESIAN_POINT ( 'NONE',  ( -0.4582608645815134385, 8.840091102100030795, -3.559273932523994599 ) ) ;
#5797 = CARTESIAN_POINT ( 'NONE',  ( -3.222591669076447118, 7.868011432724040688, 53.39079476524884882 ) ) ;
#5798 = CARTESIAN_POINT ( 'NONE',  ( -0.02952975157306639981, 10.12713927399095759, 52.49723027593053359 ) ) ;
#5799 = CARTESIAN_POINT ( 'NONE',  ( -2.998247595932764575, 2.793407554351094557, 57.04928386001262908 ) ) ;
#5800 = CARTESIAN_POINT ( 'NONE',  ( -4.801954754883065668, 6.442926143404370976, 52.42735322705205192 ) ) ;
#5801 = CARTESIAN_POINT ( 'NONE',  ( -0.6489943478259819765, 4.126250431432059607, 57.48773062527410360 ) ) ;
#5802 = CARTESIAN_POINT ( 'NONE',  ( -3.890622286402632746, 6.325738821299631276, 53.30709431097742623 ) ) ;
#5803 = CARTESIAN_POINT ( 'NONE',  ( 0.01621644410837704692, 9.985839019289349139, 52.88073696255651868 ) ) ;
#5804 = CARTESIAN_POINT ( 'NONE',  ( -0.1898666453595780068, 6.943747106226883403, -10.03382462372611528 ) ) ;
#5805 = CARTESIAN_POINT ( 'NONE',  ( -2.064469437813555075, 4.754251487839971091, 56.76778965881654671 ) ) ;
#5806 = ORIENTED_EDGE ( 'NONE', *, *, #377, .F. ) ;
#5807 = CARTESIAN_POINT ( 'NONE',  ( -0.2783563557516821052, 7.444445880911977120, 55.98633052747205596 ) ) ;
#5808 = CARTESIAN_POINT ( 'NONE',  ( -4.987769076137386293, 5.248421702063267524, 53.18966777959892056 ) ) ;
#5809 = CARTESIAN_POINT ( 'NONE',  ( 0.004080939164917434317, 9.798723037087427201, 53.30432226461274325 ) ) ;
#5810 = CARTESIAN_POINT ( 'NONE',  ( -5.512425619784742992, 2.071494917842987782, 39.72454361854622817 ) ) ;
#5811 = CARTESIAN_POINT ( 'NONE',  ( -1.944792920489342825, 10.38405635486368972, 46.39596738592092606 ) ) ;
#5812 = CARTESIAN_POINT ( 'NONE',  ( -1.648844737903591318, 6.314459338705143310, 56.15100550308393679 ) ) ;
#5813 = CARTESIAN_POINT ( 'NONE',  ( -0.02047037604967241395, 6.000600242839265519, 56.89312796477578615 ) ) ;
#5814 = CARTESIAN_POINT ( 'NONE',  ( -5.431507881336654187, 3.478927444293712146, 51.14662599183327529 ) ) ;
#5815 = CARTESIAN_POINT ( 'NONE',  ( -4.730522466706481133, 5.864307285733498354, 53.16808879717200398 ) ) ;
#5816 = CARTESIAN_POINT ( 'NONE',  ( -5.748300068060438583, 3.789695479753563578, 51.71963491516692812 ) ) ;
#5817 = CARTESIAN_POINT ( 'NONE',  ( -2.097817846867045422, 9.771665707869237494, 51.36989782691605200 ) ) ;
#5818 = CARTESIAN_POINT ( 'NONE',  ( -1.319481678727449037, 3.163286360960723798, 57.56835264197979285 ) ) ;
#5819 = CARTESIAN_POINT ( 'NONE',  ( -0.7711593418405023881, 10.22410875523903862, 51.73057562026138356 ) ) ;
#5820 = CARTESIAN_POINT ( 'NONE',  ( -4.902159323325848916, 5.656225962410088570, 53.01236213274400910 ) ) ;
#5821 = CARTESIAN_POINT ( 'NONE',  ( -5.394863286444986805, 4.986476002843775568, 33.64136078872746083 ) ) ;
#5822 = CARTESIAN_POINT ( 'NONE',  ( -0.1494574701302402164, 11.02478025088747060, 20.74931033609508901 ) ) ;
#5823 = CARTESIAN_POINT ( 'NONE',  ( -1.992018789253166000, 8.704663171563991497, 53.68719699387313682 ) ) ;
#5824 = CARTESIAN_POINT ( 'NONE',  ( -3.595139922205194072, 8.887032298452290036, 50.95933768168649181 ) ) ;
#5825 = CARTESIAN_POINT ( 'NONE',  ( -0.1135165023187902217, 2.210436766521941099, 57.50000000000000000 ) ) ;
#5826 = CARTESIAN_POINT ( 'NONE',  ( -2.566640317264770044, 8.645845163422197999, 53.14271924342903475 ) ) ;
#5827 = CARTESIAN_POINT ( 'NONE',  ( -0.008193601958595773949, 9.682025524718515186, 53.53388888658575695 ) ) ;
#5828 = CARTESIAN_POINT ( 'NONE',  ( -3.641442175243152501, 7.563629932216668905, 53.18850086920079434 ) ) ;
#5829 = CARTESIAN_POINT ( 'NONE',  ( -3.981877340048325831, 6.531939182893991003, 53.79213223712350356 ) ) ;
#5830 = CARTESIAN_POINT ( 'NONE',  ( -1.269596091405501781, 10.05183541634266575, 51.74579930450254039 ) ) ;
#5831 = CARTESIAN_POINT ( 'NONE',  ( -3.374227925982970611, 10.02905346302101464, 37.30987115283566169 ) ) ;
#5832 = CARTESIAN_POINT ( 'NONE',  ( -5.186248927173911838, 6.494692345210143714, 20.75034121567253820 ) ) ;
#5833 = CARTESIAN_POINT ( 'NONE',  ( 0.07362812419859150748, 10.05985350548254864, 52.68837845387329111 ) ) ;
#5834 = CARTESIAN_POINT ( 'NONE',  ( -5.380459380991920781, 1.740423166339563066, -5.897457264297568891 ) ) ;
#5835 = CARTESIAN_POINT ( 'NONE',  ( -0.3405998882055935040, 6.106882926818460788, 56.43798387073454847 ) ) ;
#5836 = CARTESIAN_POINT ( 'NONE',  ( -3.178302505389642096, 8.196036394431164496, 53.02253762266859383 ) ) ;
#5837 = CARTESIAN_POINT ( 'NONE',  ( -0.03013836372575937061, 9.966458276606871891, 52.92889081778550775 ) ) ;
#5838 = CARTESIAN_POINT ( 'NONE',  ( -5.386670190823941162, 4.282258525047916820, 52.98052521073608290 ) ) ;
#5839 = CARTESIAN_POINT ( 'NONE',  ( -3.847089740002855418, 3.877040714723596349, 55.95878313812868754 ) ) ;
#5840 = CARTESIAN_POINT ( 'NONE',  ( -4.914036506158868001, 6.809222094873799591, 51.63527758820890767 ) ) ;
#5841 = EDGE_CURVE ( 'NONE', #4006, #4781, #3771, .T. ) ;
#5842 = CARTESIAN_POINT ( 'NONE',  ( -1.602465607977380913, 9.164708395421342857, 53.39226072313162774 ) ) ;
#5843 = CARTESIAN_POINT ( 'NONE',  ( -5.136187731982473359, 7.785526194611073869, 46.32418254847921446 ) ) ;
#5844 = CARTESIAN_POINT ( 'NONE',  ( 0.01828219829402068231, 10.34878299838758053, 51.71216868984734560 ) ) ;
#5845 = AXIS2_PLACEMENT_3D ( 'NONE', #4720, #1454, #319 ) ;
#5846 = CARTESIAN_POINT ( 'NONE',  ( -0.3093565453721822123, 11.02400555190163800, 20.74933819770530263 ) ) ;
#5847 = CARTESIAN_POINT ( 'NONE',  ( -3.167498579519696822, 6.958372378239915612, 54.43477183130044494 ) ) ;
#5848 = ORIENTED_EDGE ( 'NONE', *, *, #3059, .T. ) ;
#5849 = CARTESIAN_POINT ( 'NONE',  ( -5.074553812219834370, 5.319963660627157864, 52.92789720567549239 ) ) ;
#5850 = CARTESIAN_POINT ( 'NONE',  ( 0.007683078322679942965, 10.34878389066120619, 51.71239518830402204 ) ) ;
#5851 = CARTESIAN_POINT ( 'NONE',  ( -5.504945907866491517, 2.170204334660847501, 36.12732487282571725 ) ) ;
#5852 = CARTESIAN_POINT ( 'NONE',  ( -2.099966102960975967, 10.67358329892428870, 20.74958895219710087 ) ) ;
#5853 = CARTESIAN_POINT ( 'NONE',  ( -2.319401106455431183, 8.809721979684761450, 53.18255457360473315 ) ) ;
#5854 = CARTESIAN_POINT ( 'NONE',  ( -0.02017048122824733475, 6.000598467547702874, 56.89314621222522561 ) ) ;
#5855 = CARTESIAN_POINT ( 'NONE',  ( -0.3818030300132893573, 3.988646588841816332, 57.56429181524914185 ) ) ;
#5856 = CARTESIAN_POINT ( 'NONE',  ( -4.782678418296363532, 5.916646335666211343, 53.01681368089006696 ) ) ;
#5857 = CARTESIAN_POINT ( 'NONE',  ( -5.846974886986034292, 3.599036780275011616, 50.85032290553824197 ) ) ;
#5858 = CARTESIAN_POINT ( 'NONE',  ( -1.572368744799631068, 8.067475433233255444, 54.81144849714604561 ) ) ;
#5859 = CARTESIAN_POINT ( 'NONE',  ( -3.810741805959361184, 7.180225096089195347, 53.38207025308546605 ) ) ;
#5860 = CARTESIAN_POINT ( 'NONE',  ( -0.7934230259994662360, 10.37893034234038581, 51.03071721020761231 ) ) ;
#5861 = CARTESIAN_POINT ( 'NONE',  ( -4.177212885019200073, 4.880118562421205120, 54.90688528683148917 ) ) ;
#5862 = CARTESIAN_POINT ( 'NONE',  ( -2.793301568856858541, 9.189035829906240238, 2.037877830688186620 ) ) ;
#5863 = CARTESIAN_POINT ( 'NONE',  ( -4.675242453197371084, 3.665263478881377601, -6.993615392919475759 ) ) ;
#5864 = CARTESIAN_POINT ( 'NONE',  ( -0.1548408187331239694, 10.25373087978633002, 49.94321908343847127 ) ) ;
#5865 = CARTESIAN_POINT ( 'NONE',  ( -2.036406894584723570, 8.876908024298311162, 53.39350263423276033 ) ) ;
#5866 = CARTESIAN_POINT ( 'NONE',  ( -0.9892632376482675127, 10.33900241519470775, 50.95933768168646338 ) ) ;
#5867 = CARTESIAN_POINT ( 'NONE',  ( -0.7869023846210981832, 6.750818281677584132, -10.02343224631049878 ) ) ;
#5868 = CARTESIAN_POINT ( 'NONE',  ( -0.008542651237332670941, 9.006422094572457127, 54.57031580080401056 ) ) ;
#5869 = CARTESIAN_POINT ( 'NONE',  ( -2.231428208045551642, 7.557768145940956472, 54.78202528796109760 ) ) ;
#5870 = B_SPLINE_CURVE_WITH_KNOTS ( 'NONE', 3,
 ( #3123, #8449, #4375, #5746, #1802, #7119, #1151, #5186, #6992, #3813, #7036, #1193, #6347, #8408, #3728, #2524, #6430, #8369, #5145, #3163, #1235, #1843, #454, #7770, #3205, #5824, #1925, #1108, #7810, #5785, #1885, #4501, #2567, #2484, #4541, #5104, #7727, #3854, #1276, #6471, #5017, #3247, #579, #3893, #5866, #2396, #7641, #2653, #1967, #8023, #3981, #7940 ),
 .UNSPECIFIED., .F., .F.,
 ( 4, 2, 2, 2, 2, 2, 2, 2, 2, 2, 2, 2, 2, 2, 2, 2, 2, 2, 2, 2, 2, 2, 2, 2, 2, 4 ),
 ( 0.04799350238919760508, 0.07983400780007034181, 0.09575426050550675527, 0.1116745132109431549, 0.1275947659163795822, 0.1355548922690977265, 0.1395349554454567986, 0.1435150186218158708, 0.1594352713272522426, 0.1753555240326886422, 0.1912757767381250418, 0.1952558399144841139, 0.1992359030908431861, 0.2071960294435613859, 0.2151561557962796134, 0.2191362189726386578, 0.2231162821489977299, 0.2390365348544339630, 0.2549567875598702238, 0.2629169139125883126, 0.2708770402653064568, 0.2748571034416655845, 0.2788371666180246566, 0.2867972929707428564, 0.2947574193234610562, 0.3027175456761792005 ),
 .UNSPECIFIED. ) ;
#5871 = CARTESIAN_POINT ( 'NONE',  ( -0.008156872460487749402, 9.245886970337481969, 54.23337595532173339 ) ) ;
#5872 = CARTESIAN_POINT ( 'NONE',  ( -3.957692924285051372, 8.066806699359926114, 51.92972713879566982 ) ) ;
#5873 = CARTESIAN_POINT ( 'NONE',  ( -4.121071227138979332, 6.741690941214066868, 53.37445720850131892 ) ) ;
#5874 = CARTESIAN_POINT ( 'NONE',  ( -0.8906409008566766872, 9.587428179912278026, 53.30235644593568622 ) ) ;
#5875 = CARTESIAN_POINT ( 'NONE',  ( -3.862191821266675706, 9.445855971068828794, 28.18571647074958264 ) ) ;
#5876 = CARTESIAN_POINT ( 'NONE',  ( -4.657703825422194299, 5.211486373232390612, -3.701449336915773713 ) ) ;
#5877 = CARTESIAN_POINT ( 'NONE',  ( 0.000000000000000000, 9.986438591694255962, 51.52081397219369308 ) ) ;
#5878 = CARTESIAN_POINT ( 'NONE',  ( -5.105468789210449110, 1.724406248549015919, -7.611892434615462832 ) ) ;
#5879 = CARTESIAN_POINT ( 'NONE',  ( -0.5602388807391843750, 10.15483128809298208, 50.25754252340000505 ) ) ;
#5880 = CARTESIAN_POINT ( 'NONE',  ( -2.872311484885621269, 7.914827298209119455, 53.75534900530269056 ) ) ;
#5881 = CARTESIAN_POINT ( 'NONE',  ( -0.02762435212213249988, 4.357729990980298673, 57.51430731136987617 ) ) ;
#5882 = AXIS2_PLACEMENT_3D ( 'NONE', #232, #5605, #6934 ) ;
#5883 = CARTESIAN_POINT ( 'NONE',  ( -5.310280051749228569, 4.456607594107423687, 53.05825733160313007 ) ) ;
#5884 = CARTESIAN_POINT ( 'NONE',  ( -5.032961793885999846, 4.932956904389738106, 53.36019831583281103 ) ) ;
#5885 = CARTESIAN_POINT ( 'NONE',  ( -5.115122796468695832, 6.720814708144598804, 51.10584259508102889 ) ) ;
#5886 = CARTESIAN_POINT ( 'NONE',  ( -1.056994996114947405, 7.450844333966711197, 55.68522631096514175 ) ) ;
#5887 = CARTESIAN_POINT ( 'NONE',  ( -2.334572879599730033, 9.678198420419072079, 4.093606553164506501 ) ) ;
#5888 = CARTESIAN_POINT ( 'NONE',  ( -4.158237939624138235, 6.443222570043859676, -3.071188811653506878 ) ) ;
#5889 = CARTESIAN_POINT ( 'NONE',  ( 0.02691998114464240824, 9.419609481814442020, 53.97776282539977188 ) ) ;
#5890 = CARTESIAN_POINT ( 'NONE',  ( -0.2006397397376933900, 8.334688851771616669, -5.801027016706503225 ) ) ;
#5891 = CARTESIAN_POINT ( 'NONE',  ( -3.376544618799209641, 7.600229959210830444, 53.50753642852571801 ) ) ;
#5892 = CARTESIAN_POINT ( 'NONE',  ( -0.06563168573301678133, 4.356204327415355237, 57.51264837439175182 ) ) ;
#5893 = ORIENTED_EDGE ( 'NONE', *, *, #3167, .F. ) ;
#5894 = CIRCLE ( 'NONE', #4120, 0.09999999999999947820 ) ;
#5895 = CARTESIAN_POINT ( 'NONE',  ( -5.531792144655304000, 5.503128462301321910, 51.09279228260179906 ) ) ;
#5896 = CARTESIAN_POINT ( 'NONE',  ( -2.204649184633665548, 4.677407824061623920, 56.33154076818303935 ) ) ;
#5897 = CARTESIAN_POINT ( 'NONE',  ( -0.01496761606785040888, 4.780533407783661204, 57.38494674982153043 ) ) ;
#5898 = CARTESIAN_POINT ( 'NONE',  ( -4.894660937943781320, 2.062980643242556589, 54.75772285794744221 ) ) ;
#5899 = CARTESIAN_POINT ( 'NONE',  ( -1.417289523096428416, 7.347134110929014916, 55.04452121413653032 ) ) ;
#5900 = CARTESIAN_POINT ( 'NONE',  ( -2.312454450877339251, 8.787337766157042651, 53.22523656677938675 ) ) ;
#5901 = CARTESIAN_POINT ( 'NONE',  ( -0.01210597767793206506, 8.735578910414966813, 54.88709453829294205 ) ) ;
#5902 = CARTESIAN_POINT ( 'NONE',  ( -5.028988661253977810, 3.078676572936851930, 54.78399920313741944 ) ) ;
#5903 = CARTESIAN_POINT ( 'NONE',  ( -4.756420957984972553, 5.890730396126625301, 53.09335575467094515 ) ) ;
#5904 = CARTESIAN_POINT ( 'NONE',  ( -5.405603066767239895, 3.863467751396762129, 53.25016816567569578 ) ) ;
#5905 = CARTESIAN_POINT ( 'NONE',  ( -1.750706886593595968, 8.930995162624922656, 53.60556588520753962 ) ) ;
#5906 = CARTESIAN_POINT ( 'NONE',  ( -2.084514295846831899, 4.301937235244335689, 56.95283977106454643 ) ) ;
#5907 = CARTESIAN_POINT ( 'NONE',  ( -0.6351736004734177543, 9.878418299392500046, 52.88787482003534990 ) ) ;
#5908 = CARTESIAN_POINT ( 'NONE',  ( -2.549531998714262837, 3.351847718759114247, 57.08207614461486656 ) ) ;
#5909 = CARTESIAN_POINT ( 'NONE',  ( -2.898050477370391231, 9.634445927544543764, 48.55497154797976123 ) ) ;
#5910 = CARTESIAN_POINT ( 'NONE',  ( -5.684427689185249655, 4.481888783212541583, 46.27197539397607073 ) ) ;
#5911 = CARTESIAN_POINT ( 'NONE',  ( -0.1188263750983172412, 9.317909466423635934, 53.35733411570318907 ) ) ;
#5912 = CARTESIAN_POINT ( 'NONE',  ( -2.061318077673131910, 8.969442638884897789, 53.22285539750930639 ) ) ;
#5913 = CARTESIAN_POINT ( 'NONE',  ( -0.003977885823319431309, 9.702415000246944032, 53.49576192915355932 ) ) ;
#5914 = CARTESIAN_POINT ( 'NONE',  ( -1.292254852895379891, 9.764141131583338407, 51.12774626886638885 ) ) ;
#5915 = CARTESIAN_POINT ( 'NONE',  ( 0.005014649770449438985, 10.12738927006361500, 52.49662942082742489 ) ) ;
#5916 = CARTESIAN_POINT ( 'NONE',  ( -2.969128156315869127, 9.102242684583551124, 51.70125855606938359 ) ) ;
#5917 = CARTESIAN_POINT ( 'NONE',  ( -0.008080406957751267230, 9.475361009445707694, 53.89028093589484314 ) ) ;
#5918 = CARTESIAN_POINT ( 'NONE',  ( -4.059907539962714473, 8.214605258009108013, 51.41802367508257277 ) ) ;
#5919 = CARTESIAN_POINT ( 'NONE',  ( -4.365207588117127280, 7.063481757572770192, 52.60600148147700139 ) ) ;
#5920 = CARTESIAN_POINT ( 'NONE',  ( -0.5347641127433411246, 5.872223885742720029, 56.86039873884623574 ) ) ;
#5921 = CARTESIAN_POINT ( 'NONE',  ( -3.444393098822274624, 9.020533639921128000, 4.104128055414689058 ) ) ;
#5922 = CARTESIAN_POINT ( 'NONE',  ( -5.310446775361513438, 5.607511628539270987, 6.201936684490867435 ) ) ;
#5923 = CARTESIAN_POINT ( 'NONE',  ( -0.003977885823190454619, 7.636299432646664442, 55.37132632153246448 ) ) ;
#5924 = PLANE ( 'NONE',  #4616 ) ;
#5925 = CARTESIAN_POINT ( 'NONE',  ( -0.2607896742693298076, 3.997346041337576317, 57.29560403899455423 ) ) ;
#5926 = CARTESIAN_POINT ( 'NONE',  ( -2.776703340610216397, 7.657195082999020741, 54.14942884898643172 ) ) ;
#5927 = CARTESIAN_POINT ( 'NONE',  ( -0.01874816834721879100, 10.32518844470762076, 51.81179842350242382 ) ) ;
#5928 = CARTESIAN_POINT ( 'NONE',  ( -5.331765230522615084, 4.470097223785378659, 52.98527819411784634 ) ) ;
#5929 = CARTESIAN_POINT ( 'NONE',  ( -2.750160087268543219, 3.118101386953488152, 57.06769720892702225 ) ) ;
#5930 = CARTESIAN_POINT ( 'NONE',  ( -2.104160910646242666, 3.373378748821053819, 57.27751011214076016 ) ) ;
#5931 = CARTESIAN_POINT ( 'NONE',  ( -1.522645365701314590, 9.264098325282631663, 53.30500485172735381 ) ) ;
#5932 = CARTESIAN_POINT ( 'NONE',  ( -2.405379573153532125, 10.22460945479590322, 10.78608290747910026 ) ) ;
#5933 = CARTESIAN_POINT ( 'NONE',  ( -4.391906471403743240, 6.017422522545004426, 52.73467807111252625 ) ) ;
#5934 = CARTESIAN_POINT ( 'NONE',  ( 0.03612213142817557315, 9.906825049564970342, 53.07029430109389523 ) ) ;
#5935 = CARTESIAN_POINT ( 'NONE',  ( -0.5155606658571647571, 10.33937851441746680, 7.834706481572587755 ) ) ;
#5936 = CARTESIAN_POINT ( 'NONE',  ( -3.408246453468734671, 7.666001390924700232, 53.38863721586826472 ) ) ;
#5937 = CARTESIAN_POINT ( 'NONE',  ( -0.1331801208697833971, 10.08873270663773880, 52.59530934496046939 ) ) ;
#5938 = ORIENTED_EDGE ( 'NONE', *, *, #8264, .F. ) ;
#5939 = CARTESIAN_POINT ( 'NONE',  ( -5.476494981966734343, 5.469382769197972394, 51.41554816313441023 ) ) ;
#5940 = CARTESIAN_POINT ( 'NONE',  ( -4.102277143842369966, 7.455364584302567543, -0.1958728432015571508 ) ) ;
#5941 = CARTESIAN_POINT ( 'NONE',  ( 0.009066031881523805777, 10.30030600170180932, 51.90991050917592986 ) ) ;
#5942 = CARTESIAN_POINT ( 'NONE',  ( -5.327899943985674014, 2.703515941428261016, -5.119419726333846121 ) ) ;
#5943 = CARTESIAN_POINT ( 'NONE',  ( -1.691087012964697101, 8.600331088428550430, 53.33950708821987519 ) ) ;
#5944 = CARTESIAN_POINT ( 'NONE',  ( -2.291589769806672283, 8.718377076348485133, 53.35199110390187371 ) ) ;
#5945 = CARTESIAN_POINT ( 'NONE',  ( 0.003479031948403512892, 10.18912057482264544, 52.30209948727165425 ) ) ;
#5946 = CARTESIAN_POINT ( 'NONE',  ( -5.366692769349731051, 3.841338389130142250, 53.38890658941225098 ) ) ;
#5947 = B_SPLINE_SURFACE_WITH_KNOTS ( 'NONE', 3, 1, ( 
 ( #1539, #1583 ),
 ( #886, #4156 ),
 ( #4677, #6043 ),
 ( #237, #2864 ),
 ( #3554, #280 ) ),
 .UNSPECIFIED., .F., .F., .F.,
 ( 4, 1, 4 ),
 ( 2, 2 ),
 ( 0.6167631030817291027, 0.7122132439895718647, 1.000000000000000000 ),
 ( 0.000000000000000000, 1.000000000000000000 ),
 .UNSPECIFIED. ) ;
#5948 = CARTESIAN_POINT ( 'NONE',  ( -1.999151847282746308, 9.823402552718121683, 51.36690387745655073 ) ) ;
#5949 = CARTESIAN_POINT ( 'NONE',  ( -4.015142746044936040, 7.499501729948641504, 52.68905179931901017 ) ) ;
#5950 = CARTESIAN_POINT ( 'NONE',  ( -0.5528669084976444159, 8.629976699834914555, 54.85902741016973039 ) ) ;
#5951 = CARTESIAN_POINT ( 'NONE',  ( -4.496070608146480296, 5.356734977981940204, 54.04426024392159889 ) ) ;
#5952 = CARTESIAN_POINT ( 'NONE',  ( -0.01476963345691042866, 4.357754616018457483, 57.51485430371452168 ) ) ;
#5953 = CARTESIAN_POINT ( 'NONE',  ( -5.403441485652959564, 4.668716118129136561, 31.92485167913347155 ) ) ;
#5954 = CARTESIAN_POINT ( 'NONE',  ( -0.06605552512227441664, 8.342466396916877969, -5.799450500397111519 ) ) ;
#5955 = CARTESIAN_POINT ( 'NONE',  ( -2.406036819179232289, 9.661084676692208717, 51.17469525218219673 ) ) ;
#5956 = CARTESIAN_POINT ( 'NONE',  ( -0.003977885822913438361, 10.11013707983901000, 52.55442546989824848 ) ) ;
#5957 = CARTESIAN_POINT ( 'NONE',  ( -1.027633758294375754, 8.971432381560116909, -2.377650365530545873 ) ) ;
#5958 = CARTESIAN_POINT ( 'NONE',  ( 0.005007178042203588864, 10.30030595858913678, 51.91000487257257134 ) ) ;
#5959 = CARTESIAN_POINT ( 'NONE',  ( -2.543656105354835439, 8.578527464896851029, 53.26904514033652305 ) ) ;
#5960 = CARTESIAN_POINT ( 'NONE',  ( -0.003912973788658060878, 9.798702142707565343, 53.30432384737159168 ) ) ;
#5961 = CARTESIAN_POINT ( 'NONE',  ( -2.726787716972275177, 5.693755239792440470, 55.82467387082524368 ) ) ;
#5962 = CARTESIAN_POINT ( 'NONE',  ( -4.286534131700653560, 6.967550864523365028, 52.86369247544828909 ) ) ;
#5963 = CARTESIAN_POINT ( 'NONE',  ( -0.3613594330643088437, 4.277564441269880113, 57.49943315564520674 ) ) ;
#5964 = CARTESIAN_POINT ( 'NONE',  ( -3.607254359177842762, 9.684683958462791509, 15.74165998761496610 ) ) ;
#5965 = CARTESIAN_POINT ( 'NONE',  ( -5.094634824434509213, 5.302936101935530111, 0.4214091041905269064 ) ) ;
#5966 = CARTESIAN_POINT ( 'NONE',  ( -0.003977885823198972111, 9.582895439939770554, 52.81728336147745040 ) ) ;
#5967 = CARTESIAN_POINT ( 'NONE',  ( -5.479280429146417219, 1.562499999999998668, -4.379364269624596240 ) ) ;
#5968 = CARTESIAN_POINT ( 'NONE',  ( -0.7425000400483705576, 10.93792142079833241, 18.26462311466791633 ) ) ;
#5969 = CARTESIAN_POINT ( 'NONE',  ( -2.946079627511955401, 8.105809350955990311, 53.43326837970074905 ) ) ;
#5970 = CARTESIAN_POINT ( 'NONE',  ( -0.02081784677754765570, 9.776019506706505879, 53.35063222041003428 ) ) ;
#5971 = CARTESIAN_POINT ( 'NONE',  ( -5.578360666340334895, 4.598058940069098099, 51.93313633000266094 ) ) ;
#5972 = CARTESIAN_POINT ( 'NONE',  ( -5.295723289695870584, 5.125405206149375559, 52.51044425866794541 ) ) ;
#5973 = CARTESIAN_POINT ( 'NONE',  ( -4.483607961396178787, 6.375421960363815366, 53.13944816189636100 ) ) ;
#5974 = CARTESIAN_POINT ( 'NONE',  ( -1.518041988134426035, 9.241064280397345954, 53.34863878388947001 ) ) ;
#5975 = CARTESIAN_POINT ( 'NONE',  ( -2.379701356418824965, 10.03024989831149405, 7.839954572661529397 ) ) ;
#5976 = CARTESIAN_POINT ( 'NONE',  ( -4.919314565902543457, 7.320334861460167986, 31.92482728011583148 ) ) ;
#5977 = CARTESIAN_POINT ( 'NONE',  ( -0.001948844808070311760, 4.357626396327902718, 57.51541045985032241 ) ) ;
#5978 = CARTESIAN_POINT ( 'NONE',  ( -0.3849923774561220258, 10.13085793348275310, 50.59535489682272669 ) ) ;
#5979 = CARTESIAN_POINT ( 'NONE',  ( -3.482102270531644894, 7.813945021240620292, 53.10797099230943275 ) ) ;
#5980 = CARTESIAN_POINT ( 'NONE',  ( -0.07795888536198919416, 6.763214974910554567, 56.47996986343890313 ) ) ;
#5981 = ORIENTED_EDGE ( 'NONE', *, *, #2145, .F. ) ;
#5982 = CARTESIAN_POINT ( 'NONE',  ( -5.039618533128269462, 5.410840777002093205, 52.92964272745259535 ) ) ;
#5983 = CARTESIAN_POINT ( 'NONE',  ( -3.605607872272533765, 6.924127201600038362, 53.12899789209981094 ) ) ;
#5984 = CARTESIAN_POINT ( 'NONE',  ( -0.01471097787337048365, 5.601935758219791950, 57.07427580230503139 ) ) ;
#5985 = CARTESIAN_POINT ( 'NONE',  ( -5.427666785917579340, 2.800692726482784778, -2.534633983412339919 ) ) ;
#5986 = CARTESIAN_POINT ( 'NONE',  ( -1.720191112659894994, 8.710196273158626212, 53.14021148246079207 ) ) ;
#5987 = CARTESIAN_POINT ( 'NONE',  ( -2.127985913663711592, 8.481371856065356596, 53.85013499773075552 ) ) ;
#5988 = CARTESIAN_POINT ( 'NONE',  ( -0.01944818515908794399, 5.601968914478850259, 57.07400351001508909 ) ) ;
#5989 = CARTESIAN_POINT ( 'NONE',  ( -5.690333408337897581, 3.986101664608805439, 51.92833616740573177 ) ) ;
#5990 = CARTESIAN_POINT ( 'NONE',  ( -1.932901643985944995, 9.621636457912766005, 52.06552029079023924 ) ) ;
#5991 = CARTESIAN_POINT ( 'NONE',  ( -3.745274313484658002, 7.572089305550058214, 53.02687400958917863 ) ) ;
#5992 = CARTESIAN_POINT ( 'NONE',  ( -0.7778377466933985573, 10.27258928210466316, 51.53160075237774862 ) ) ;
#5993 = CARTESIAN_POINT ( 'NONE',  ( -4.838138356381548988, 5.596519526671550615, 53.19911445990317844 ) ) ;
#5994 = CARTESIAN_POINT ( 'NONE',  ( 0.005567121406767022371, 10.12738971851339898, 52.49661744783675488 ) ) ;
#5995 = CARTESIAN_POINT ( 'NONE',  ( -0.7015501518557797356, 1.774102304361882432, 57.50000000000000711 ) ) ;
#5996 = CARTESIAN_POINT ( 'NONE',  ( -0.2119589543243461105, 10.34067645913940581, 7.833956754274161938 ) ) ;
#5997 = CARTESIAN_POINT ( 'NONE',  ( -1.406147931426737774, 6.499499405398814211, 56.16546215715690948 ) ) ;
#5998 = FACE_OUTER_BOUND ( 'NONE', #5209, .T. ) ;
#5999 = CARTESIAN_POINT ( 'NONE',  ( -1.190557423781945623, 9.426448233124620657, 52.34349147373198008 ) ) ;
#6000 = CARTESIAN_POINT ( 'NONE',  ( -0.01555926809394486687, 8.141698796820262984, 55.47796683546914664 ) ) ;
#6001 = CARTESIAN_POINT ( 'NONE',  ( -2.582036783791695100, 8.689548172850404484, 53.05718927914923455 ) ) ;
#6002 = CARTESIAN_POINT ( 'NONE',  ( -0.001045986753826135245, 10.32524785048387272, 51.81147645236710275 ) ) ;
#6003 = CARTESIAN_POINT ( 'NONE',  ( -5.518794482426453207, 3.728755496373729716, 52.97313527942861100 ) ) ;
#6004 = CARTESIAN_POINT ( 'NONE',  ( -3.603775485949785917, 7.674229536489075798, 53.10822399297219221 ) ) ;
#6005 = CARTESIAN_POINT ( 'NONE',  ( -4.309673342074493263, 7.284792566848512507, 52.42242450405677090 ) ) ;
#6006 = CARTESIAN_POINT ( 'NONE',  ( -0.8727272608057556891, 9.420063757886547151, 53.61204713607573780 ) ) ;
#6007 = CARTESIAN_POINT ( 'NONE',  ( -3.883861103797821901, 9.401970051739670708, 15.74112723168992112 ) ) ;
#6008 = CARTESIAN_POINT ( 'NONE',  ( -5.280060625654699358, 6.074764220234766476, 9.121943931853246923 ) ) ;
#6009 = CARTESIAN_POINT ( 'NONE',  ( 0.000000000000000000, 8.028771121439072900, 55.11622080318368688 ) ) ;
#6010 = FILL_AREA_STYLE ('',( #8079 ) ) ;
#6011 = CARTESIAN_POINT ( 'NONE',  ( -0.8240204145316935014, 10.94156589541080393, 37.31501045206004363 ) ) ;
#6012 = CARTESIAN_POINT ( 'NONE',  ( -3.388655682441510386, 8.611038206970189179, 52.01509566783805383 ) ) ;
#6013 = CARTESIAN_POINT ( 'NONE',  ( -0.01809183811651755500, 10.09349852437474482, 52.59351519122216700 ) ) ;
#6014 = CARTESIAN_POINT ( 'NONE',  ( -5.704575662054150342, 4.654796465567053509, 51.08159142414882581 ) ) ;
#6015 = CARTESIAN_POINT ( 'NONE',  ( -4.816279324987177368, 6.718171069025718367, 52.04438113989714054 ) ) ;
#6016 = CARTESIAN_POINT ( 'NONE',  ( -1.721089576774050833, 10.04388448988090943, 51.05418818614295873 ) ) ;
#6017 = CARTESIAN_POINT ( 'NONE',  ( -2.466366702636482611, 10.52094203820294283, 28.18535055626556485 ) ) ;
#6018 = CARTESIAN_POINT ( 'NONE',  ( -4.594983243037765952, 6.219877215376975244, 52.03884499636019711 ) ) ;
#6019 = CARTESIAN_POINT ( 'NONE',  ( 0.001586370551623044909, 6.764606479942269601, 56.48493511777601128 ) ) ;
#6020 = CARTESIAN_POINT ( 'NONE',  ( -0.3928338799241409274, 10.18305173730281510, 50.25714259831665487 ) ) ;
#6021 = CARTESIAN_POINT ( 'NONE',  ( -3.112344249637910121, 7.019809426101826233, 54.43811486907434727 ) ) ;
#6022 = CARTESIAN_POINT ( 'NONE',  ( -0.04199052431840222255, 3.926963647154503967, 57.61666143722121802 ) ) ;
#6023 = CARTESIAN_POINT ( 'NONE',  ( -0.3039778858231853009, 5.504147727546331303, 56.89760597302333878 ) ) ;
#6024 = CARTESIAN_POINT ( 'NONE',  ( -2.664433735609210263, 3.220294328471551282, 57.07386945388936539 ) ) ;
#6025 = CARTESIAN_POINT ( 'NONE',  ( -4.845427569868008710, 8.674219976281825950, 42.61746569866703283 ) ) ;
#6026 = CARTESIAN_POINT ( 'NONE',  ( -0.009426801152081330445, 8.141700685035718976, 55.47832693841809970 ) ) ;
#6027 = CARTESIAN_POINT ( 'NONE',  ( -5.499788338546721889, 1.734303738412941609, 37.29327678907528565 ) ) ;
#6028 = CARTESIAN_POINT ( 'NONE',  ( -1.629029708210449900, 9.027791499438121647, 52.69692736485509243 ) ) ;
#6029 = CARTESIAN_POINT ( 'NONE',  ( 0.002702525433734085433, 10.02391998164322473, 52.78564598176329525 ) ) ;
#6030 = CARTESIAN_POINT ( 'NONE',  ( -5.779183164870548950, 4.014042989054801502, 51.18264791506199884 ) ) ;
#6031 = CARTESIAN_POINT ( 'NONE',  ( -3.327686475045009917, 6.772732426509553427, 54.42459181285929759 ) ) ;
#6032 = CARTESIAN_POINT ( 'NONE',  ( -0.4752216388458433971, 8.656487031738786087, 54.86322461908317649 ) ) ;
#6033 = CARTESIAN_POINT ( 'NONE',  ( -4.551129151737171696, 5.418576849984182431, 53.89749490797741061 ) ) ;
#6034 = CARTESIAN_POINT ( 'NONE',  ( 0.001041968438535554762, 9.729392592461850953, 53.44245976808953458 ) ) ;
#6035 = CARTESIAN_POINT ( 'NONE',  ( -5.433560792644264836, 4.335858847082546319, 50.27533918960946124 ) ) ;
#6036 = CARTESIAN_POINT ( 'NONE',  ( -0.2259728497859836149, 10.15102128225247391, 50.59433246552049468 ) ) ;
#6037 = CARTESIAN_POINT ( 'NONE',  ( -1.475043148384061809, 6.809438875931292934, 55.91162025575363970 ) ) ;
#6038 = CARTESIAN_POINT ( 'NONE',  ( -0.003977885822707047901, 7.194290439128537606, 56.20364362504079736 ) ) ;
#6039 = CARTESIAN_POINT ( 'NONE',  ( -1.225669667348785463, 9.552538161931831695, 51.94947462100061841 ) ) ;
#6040 = CARTESIAN_POINT ( 'NONE',  ( -0.2717088046126094891, 10.07446499900133396, 52.59752357482638985 ) ) ;
#6041 = CARTESIAN_POINT ( 'NONE',  ( -1.672689626778401939, 5.911295837872022396, 56.37954237521567791 ) ) ;
#6042 = CARTESIAN_POINT ( 'NONE',  ( -0.01777735152128591747, 4.780558231474751452, 57.38480918667482200 ) ) ;
#6043 = CARTESIAN_POINT ( 'NONE',  ( -0.003977885823183986702, 3.819489674772183374, 53.53161181811348968 ) ) ;
#6044 = CARTESIAN_POINT ( 'NONE',  ( -3.670943641209023944, 7.792784310734685249, 52.85858292534529568 ) ) ;
#6045 = CARTESIAN_POINT ( 'NONE',  ( -0.3463377362977961837, 9.542850476317953579, 53.70747733714473071 ) ) ;
#6046 = CARTESIAN_POINT ( 'NONE',  ( -3.244219080417523049, 5.851158045660407758, 55.27096077059632506 ) ) ;
#6047 = CARTESIAN_POINT ( 'NONE',  ( -0.4081153158669656444, 4.688004510710131356, 57.36507268402684190 ) ) ;
#6048 = CARTESIAN_POINT ( 'NONE',  ( -2.504085199089098879, 6.392959369008203829, 54.98477155659696791 ) ) ;
#6049 = CARTESIAN_POINT ( 'NONE',  ( -3.445431538373877611, 4.109419260880565083, -9.961077981816838900 ) ) ;
#6050 = CARTESIAN_POINT ( 'NONE',  ( 0.000000000000000000, 8.862651372561950680, 54.16149604167774356 ) ) ;
#6051 = SURFACE_STYLE_FILL_AREA ( #6010 ) ;
#6052 = CARTESIAN_POINT ( 'NONE',  ( -0.8357418900716560017, 10.33409143446974809, 7.835539511904165977 ) ) ;
#6053 = CARTESIAN_POINT ( 'NONE',  ( -2.826614603743066834, 8.281054157139852379, 53.35251363358636922 ) ) ;
#6054 = CARTESIAN_POINT ( 'NONE',  ( -0.01799002226508385552, 10.12731506497927469, 52.49703370699549509 ) ) ;
#6055 = CARTESIAN_POINT ( 'NONE',  ( -5.110749746419960715, 4.315457001768934653, 53.69610797331456808 ) ) ;
#6056 = CARTESIAN_POINT ( 'NONE',  ( -5.046568360113286467, 6.931567680264638653, 51.00074046361707047 ) ) ;
#6057 = CARTESIAN_POINT ( 'NONE',  ( -1.559272768671145615, 9.438801166819210664, 52.95025194000155011 ) ) ;
#6058 = CARTESIAN_POINT ( 'NONE',  ( -2.040646507474762394, 9.111160970244950974, 51.96543361660047111 ) ) ;
#6059 = CARTESIAN_POINT ( 'NONE',  ( -4.491273692118115335, 6.119521559171936076, 52.42051010421847934 ) ) ;
#6060 = CARTESIAN_POINT ( 'NONE',  ( 0.02292178971340617932, 10.27376686846340270, 52.00788156801497308 ) ) ;
#6061 = CARTESIAN_POINT ( 'NONE',  ( -0.5427933114736449571, 10.43682716558613777, 9.116299628959357193 ) ) ;
#6062 = CARTESIAN_POINT ( 'NONE',  ( -3.855872206777237299, 8.441369435660403653, 51.41458691067886377 ) ) ;
#6063 = CARTESIAN_POINT ( 'NONE',  ( -0.08735677161557300896, 9.727249643937984303, 53.44199797264532492 ) ) ;
#6064 = EDGE_LOOP ( 'NONE', ( #4136, #3490, #1519 ) ) ;
#6065 = CARTESIAN_POINT ( 'NONE',  ( -4.328655325071014026, 5.655348344668725602, 54.05935425656031157 ) ) ;
#6066 = CARTESIAN_POINT ( 'NONE',  ( -4.545546482501787722, 4.937427987611862079, 54.31975642807993410 ) ) ;
#6067 = CARTESIAN_POINT ( 'NONE',  ( -4.153571959025187610, 7.541850615371346045, 0.4162061652715349780 ) ) ;
#6068 = CARTESIAN_POINT ( 'NONE',  ( 0.001359887680002696024, 9.245913021287186950, 54.23366455365446370 ) ) ;
#6069 = CARTESIAN_POINT ( 'NONE',  ( -5.506036422244595663, 5.015650263410253551, 51.83326628391902346 ) ) ;
#6070 = CARTESIAN_POINT ( 'NONE',  ( -5.304529121620302767, 1.751990970657506086, 53.25739471920553569 ) ) ;
#6071 = CARTESIAN_POINT ( 'NONE',  ( -5.070418357948986987, 5.081103859905718778, 53.14839919205551411 ) ) ;
#6072 = CARTESIAN_POINT ( 'NONE',  ( -2.090703072558887765, 9.695706291068445282, 49.94223926366398558 ) ) ;
#6073 = CARTESIAN_POINT ( 'NONE',  ( 0.003244431385478386935, 10.39446323827762875, 51.51443555944034358 ) ) ;
#6074 = CARTESIAN_POINT ( 'NONE',  ( -5.480791639546019667, 3.903235842679636747, 52.97080402141097721 ) ) ;
#6075 = CARTESIAN_POINT ( 'NONE',  ( -4.083174439236795905, 7.913196926999348513, 51.93248231281412330 ) ) ;
#6076 = CARTESIAN_POINT ( 'NONE',  ( -0.6936827589137545269, 10.42460155371654551, 50.92811767013414936 ) ) ;
#6077 = CARTESIAN_POINT ( 'NONE',  ( -2.035903095287676212, 2.966968239981640387, 57.42245510005698605 ) ) ;
#6078 = CARTESIAN_POINT ( 'NONE',  ( -0.01697546323830808820, 5.191250478356063347, 57.22949241602407966 ) ) ;
#6079 = CARTESIAN_POINT ( 'NONE',  ( -4.639558297654701846, 3.001523656352130143, 54.80153927347632248 ) ) ;
#6080 = CARTESIAN_POINT ( 'NONE',  ( -0.1368608714062760912, 7.998270571228792036, -6.993365062325137771 ) ) ;
#6081 = CARTESIAN_POINT ( 'NONE',  ( -2.104840436170883233, 9.121202473154893298, 52.91656857538624337 ) ) ;
#6082 = CARTESIAN_POINT ( 'NONE',  ( -1.527615441402124130, 9.629456898636275852, 2.027492600206298512 ) ) ;
#6083 = CARTESIAN_POINT ( 'NONE',  ( -0.2817737633353357696, 10.33165795473310133, 51.71798763987561642 ) ) ;
#6084 = CARTESIAN_POINT ( 'NONE',  ( -2.585710187788745618, 8.977079964949654212, 52.56590917951228192 ) ) ;
#6085 = CARTESIAN_POINT ( 'NONE',  ( -0.01870362549276301592, 7.818660242450189202, 55.75190164598255649 ) ) ;
#6086 = CARTESIAN_POINT ( 'NONE',  ( -1.928749425682512841, 3.988646588841816332, 57.13136484483086264 ) ) ;
#6087 = CARTESIAN_POINT ( 'NONE',  ( -3.805782308511438394, 8.010373584100948463, 52.31866361630467566 ) ) ;
#6088 = CARTESIAN_POINT ( 'NONE',  ( -0.3722744506450837432, 10.21387346920188399, 52.11459683836892509 ) ) ;
#6089 = CARTESIAN_POINT ( 'NONE',  ( -4.155888942053710622, 7.088053329718082551, 52.94539332988436797 ) ) ;
#6090 = CARTESIAN_POINT ( 'NONE',  ( -0.9081003552844133520, 9.738747515229773555, 52.98467173148269893 ) ) ;
#6091 = CARTESIAN_POINT ( 'NONE',  ( -4.151419431143329675, 9.158180730774754252, 34.88754130948878895 ) ) ;
#6092 = CARTESIAN_POINT ( 'NONE',  ( -4.771567411874589659, 4.680611245404183940, 53.11778430173910692 ) ) ;
#6093 = CARTESIAN_POINT ( 'NONE',  ( 0.000000000000000000, 7.802617843766335604, -7.658343024691466994 ) ) ;
#6094 = CARTESIAN_POINT ( 'NONE',  ( -4.498344780012899946, 1.562500000000000888, -9.915729425821449894 ) ) ;
#6095 = CARTESIAN_POINT ( 'NONE',  ( -1.173036728340290491, 10.90298930031534930, 36.13013864923539842 ) ) ;
#6096 = CARTESIAN_POINT ( 'NONE',  ( -2.878309393800138949, 8.415001254519347995, 53.10379511193680457 ) ) ;
#6097 = CARTESIAN_POINT ( 'NONE',  ( -0.03052950084888291296, 8.735350383767498172, 54.88632328962071227 ) ) ;
#6098 = CARTESIAN_POINT ( 'NONE',  ( -5.317022512946745216, 4.022989061701006896, 53.39620001026909790 ) ) ;
#6099 = CARTESIAN_POINT ( 'NONE',  ( -4.862574056934214184, 7.034052995461473223, 51.42526393285583453 ) ) ;
#6100 = CARTESIAN_POINT ( 'NONE',  ( -1.371404498723816756, 9.522978813673736553, 52.99200587564455134 ) ) ;
#6101 = CARTESIAN_POINT ( 'NONE',  ( -2.485182952028693659, 9.495597435374747874, 49.94203142310582422 ) ) ;
#6102 = CARTESIAN_POINT ( 'NONE',  ( -4.501153456034236555, 6.439079470095252056, -1.221264642506936227 ) ) ;
#6103 = CARTESIAN_POINT ( 'NONE',  ( 0.04087026229591925186, 10.21909137928025579, 52.20370052162199670 ) ) ;
#6104 = CARTESIAN_POINT ( 'NONE',  ( -0.3211550761973964718, 9.478647664159872477, 52.96307430766902513 ) ) ;
#6105 = CARTESIAN_POINT ( 'NONE',  ( -3.546020019106236543, 8.119144698429686002, 52.59140899676687297 ) ) ;
#6106 = CARTESIAN_POINT ( 'NONE',  ( -0.08887197285396190860, 9.004035975787623158, 54.56738584309027829 ) ) ;
#6107 = CARTESIAN_POINT ( 'NONE',  ( -5.406848413393781527, 4.076756661262348480, 53.08300959725281132 ) ) ;
#6108 = EDGE_CURVE ( 'NONE', #2896, #8348, #5894, .T. ) ;
#6109 = VERTEX_POINT ( 'NONE', #2440 ) ;
#6110 = CARTESIAN_POINT ( 'NONE',  ( -4.517047489467782562, 5.884644747614443894, 53.54124978265865309 ) ) ;
#6111 = CARTESIAN_POINT ( 'NONE',  ( -4.914922039239129958, 5.302958091343627167, 53.30029065312703551 ) ) ;
#6112 = CARTESIAN_POINT ( 'NONE',  ( -3.549082846382018097, 6.829112119160056338, 53.31357686642573412 ) ) ;
#6113 = CARTESIAN_POINT ( 'NONE',  ( -0.01507226925873357548, 6.000568287415483759, 56.89345641876649040 ) ) ;
#6114 = CARTESIAN_POINT ( 'NONE',  ( -5.113192253364365669, 4.766754982364682647, 53.31820478489971293 ) ) ;
#6115 = CARTESIAN_POINT ( 'NONE',  ( -5.505405338135965998, 2.764223135945247822, 15.73100486911553197 ) ) ;
#6116 = CARTESIAN_POINT ( 'NONE',  ( -2.319477312898030608, 10.59368475365375417, 36.12982600741216999 ) ) ;
#6117 = CARTESIAN_POINT ( 'NONE',  ( 0.003387006199464429913, 9.985816910497353760, 52.88091714884084382 ) ) ;
#6118 = CARTESIAN_POINT ( 'NONE',  ( -5.482250204449139908, 3.287242064059592739, 53.43647901009909162 ) ) ;
#6119 = CARTESIAN_POINT ( 'NONE',  ( -3.779279527531042238, 7.460845495243623837, 53.10822431342094063 ) ) ;
#6120 = CARTESIAN_POINT ( 'NONE',  ( -0.4889466931935052552, 8.925183157530577560, 54.54919061485122711 ) ) ;
#6121 = CARTESIAN_POINT ( 'NONE',  ( -4.343699457776846629, 5.303408195562491656, 54.34174905328272587 ) ) ;
#6122 = CARTESIAN_POINT ( 'NONE',  ( -0.001006584330189045414, 9.580863281515414442, 53.71334645924471118 ) ) ;
#6123 = CARTESIAN_POINT ( 'NONE',  ( -5.147692357776594285, 3.647559305806600705, -4.328981076404828876 ) ) ;
#6124 = VECTOR ( 'NONE', #3992, 39.37007874015748143 ) ;
#6125 = CARTESIAN_POINT ( 'NONE',  ( -2.154316495162207801, 9.279413791462696182, 52.55282138871219644 ) ) ;
#6126 = CARTESIAN_POINT ( 'NONE',  ( -1.363532456684799055, 8.751140477024097919, -2.982869902377545124 ) ) ;
#6127 = CARTESIAN_POINT ( 'NONE',  ( -0.2663308849866550809, 9.865699068529789173, 53.11854573790893141 ) ) ;
#6128 = CARTESIAN_POINT ( 'NONE',  ( -2.671911350081833447, 9.190655384243498816, 51.99277751583469609 ) ) ;
#6129 = CARTESIAN_POINT ( 'NONE',  ( -0.01995110429859041010, 5.601973923398301913, 57.07397399659469528 ) ) ;
#6130 = CARTESIAN_POINT ( 'NONE',  ( -5.767613540657337445, 3.570531514657289129, 51.77580001032274026 ) ) ;
#6131 = CARTESIAN_POINT ( 'NONE',  ( -1.231428233613328871, 3.239144506977884141, 57.57225116183651181 ) ) ;
#6132 = CARTESIAN_POINT ( 'NONE',  ( -0.2366850748188083220, 8.419114677163895166, 55.17060956647350167 ) ) ;
#6133 = CARTESIAN_POINT ( 'NONE',  ( -4.258522985958359541, 7.222026465342906931, 52.60461298031120947 ) ) ;
#6134 = CARTESIAN_POINT ( 'NONE',  ( -0.7846635790526081955, 9.456977597755061637, 53.61304921771225196 ) ) ;
#6135 = CARTESIAN_POINT ( 'NONE',  ( -3.864281077730278291, 8.440195954415299795, 49.94117036936475529 ) ) ;
#6136 = CARTESIAN_POINT ( 'NONE',  ( -4.500287505035777791, 4.616263418866958013, -5.864875927236828268 ) ) ;
#6137 = CARTESIAN_POINT ( 'NONE',  ( -0.01997521727066959088, 9.517662351063805204, 52.96266838298061685 ) ) ;
#6138 = CARTESIAN_POINT ( 'NONE',  ( -0.1036742736375096396, 10.09727926044949697, 50.95933768168645628 ) ) ;
#6139 = CARTESIAN_POINT ( 'NONE',  ( -1.151990289617116359, 10.56567019060781654, 46.40901917454667114 ) ) ;
#6140 = CARTESIAN_POINT ( 'NONE',  ( -1.699524057527277643, 5.081299934851489120, 56.79318216598307600 ) ) ;
#6141 = CARTESIAN_POINT ( 'NONE',  ( -0.01033615504952717541, 9.729333156725946452, 53.44241056034968551 ) ) ;
#6142 = CARTESIAN_POINT ( 'NONE',  ( -5.039032611461585986, 3.840767686006897108, 54.25231468823351122 ) ) ;
#6143 = CARTESIAN_POINT ( 'NONE',  ( -4.481590533076204252, 6.644327662557259373, 52.86330399122242341 ) ) ;
#6144 = CARTESIAN_POINT ( 'NONE',  ( -1.503971930696705428, 10.09065005243682833, 51.25076665738487236 ) ) ;
#6145 = CARTESIAN_POINT ( 'NONE',  ( -2.321580910347138094, 8.386023295958002777, 52.96542287193759080 ) ) ;
#6146 = CARTESIAN_POINT ( 'NONE',  ( -3.950391703532978749, 5.242696854110424631, -6.574718523596296826 ) ) ;
#6147 = CARTESIAN_POINT ( 'NONE',  ( 0.05552078119570531822, 10.02399723191779124, 52.78477597431328405 ) ) ;
#6148 = CARTESIAN_POINT ( 'NONE',  ( -0.4121399062996652374, 9.714664870066522795, 52.32973814685932723 ) ) ;
#6149 = CARTESIAN_POINT ( 'NONE',  ( -3.294385023234420284, 7.621644662056586306, 53.58777408000012343 ) ) ;
#6150 = CARTESIAN_POINT ( 'NONE',  ( -0.04417727967949225398, 9.631763889861934658, 53.62378315290314390 ) ) ;
#6151 = CARTESIAN_POINT ( 'NONE',  ( -5.571808376843405242, 4.155878651897285003, 52.40880718758690904 ) ) ;
#6152 = CARTESIAN_POINT ( 'NONE',  ( -3.232677450981183753, 4.308622572035329057, 56.25197642754771010 ) ) ;
#6153 = CARTESIAN_POINT ( 'NONE',  ( -2.024875354209914491, 9.898589030212905371, 51.06236305282727272 ) ) ;
#6154 = CARTESIAN_POINT ( 'NONE',  ( -4.021831990439974192, 4.400997016474936352, 55.45140612070903074 ) ) ;
#6155 = CARTESIAN_POINT ( 'NONE',  ( -4.551825110281491504, 7.630923689118059627, 4.119158772914972566 ) ) ;
#6156 = CARTESIAN_POINT ( 'NONE',  ( 0.01442026778781024636, 9.864636968459514321, 53.16442296976106263 ) ) ;
#6157 = CARTESIAN_POINT ( 'NONE',  ( -3.919460016096852684, 3.767303389403483305, 55.95057390081533555 ) ) ;
#6158 = CARTESIAN_POINT ( 'NONE',  ( -5.501411638512096580, 2.186104086805315205, 6.220259713576214544 ) ) ;
#6159 = CARTESIAN_POINT ( 'NONE',  ( -2.276742245180890745, 10.60569886474169898, 28.18530989910075135 ) ) ;
#6160 = CARTESIAN_POINT ( 'NONE',  ( 0.002467439397838249848, 9.906749566557353504, 53.07058342541230900 ) ) ;
#6161 = ORIENTED_EDGE ( 'NONE', *, *, #6739, .T. ) ;
#6162 = CARTESIAN_POINT ( 'NONE',  ( -5.829637212126444368, 3.388988969113615024, 51.28620902716158270 ) ) ;
#6163 = CARTESIAN_POINT ( 'NONE',  ( -3.767696239335426078, 7.441251267176824946, 53.14825272254694966 ) ) ;
#6164 = CARTESIAN_POINT ( 'NONE',  ( -0.5075339784558028366, 9.280972974199961811, 54.04925121719490733 ) ) ;
#6165 = CARTESIAN_POINT ( 'NONE',  ( -4.590377645403790119, 5.586401412138284783, 53.68011145891068736 ) ) ;
#6166 = CARTESIAN_POINT ( 'NONE',  ( -0.01526335687083683716, 7.818655144971787152, 55.75211658576603924 ) ) ;
#6167 = CARTESIAN_POINT ( 'NONE',  ( -5.301817735439748880, 3.832552377366900132, -1.243280288531207756 ) ) ;
#6168 = CARTESIAN_POINT ( 'NONE',  ( -2.166519856663168930, 9.316267927964576145, 52.45934881687737317 ) ) ;
#6169 = CARTESIAN_POINT ( 'NONE',  ( -0.3039778858231853009, 5.504147727546331303, 56.89760597302333878 ) ) ;
#6170 = CARTESIAN_POINT ( 'NONE',  ( -1.675648971903657136, 10.81760297673810456, 28.18518792760598757 ) ) ;
#6171 = CARTESIAN_POINT ( 'NONE',  ( -0.1483378758881536696, 7.465884110987263789, 55.99524228630318845 ) ) ;
#6172 = CARTESIAN_POINT ( 'NONE',  ( -1.470775605818877452, 5.266401782522788011, 56.80728141608011583 ) ) ;
#6173 = CARTESIAN_POINT ( 'NONE',  ( -0.0008315045754377372277, 9.821256091895925522, 53.25798419998457689 ) ) ;
#6174 = CARTESIAN_POINT ( 'NONE',  ( -5.787233852928108213, 3.547384282059829363, 51.61304199314457719 ) ) ;
#6175 = CARTESIAN_POINT ( 'NONE',  ( -4.066415414303706122, 8.399542033283976750, 51.00022604638306944 ) ) ;
#6176 = CARTESIAN_POINT ( 'NONE',  ( -0.3706884287314822779, 10.18534048108336165, 52.21236277659297542 ) ) ;
#6177 = CARTESIAN_POINT ( 'NONE',  ( -4.031308273547001164, 6.907915027253195284, 53.33879352836761001 ) ) ;
#6178 = CARTESIAN_POINT ( 'NONE',  ( -0.9278029716969464769, 9.890547762080057481, 52.61109475673332980 ) ) ;
#6179 = CARTESIAN_POINT ( 'NONE',  ( -4.033565991100951820, 8.768951796475640492, 7.845452572849962891 ) ) ;
#6180 = CARTESIAN_POINT ( 'NONE',  ( -5.708419365483829999, 5.427427574598699067, 42.57199351549457589 ) ) ;
#6181 = CARTESIAN_POINT ( 'NONE',  ( -0.02476421877477005817, 10.21319528436033863, 50.25620943978884725 ) ) ;
#6182 = FACE_OUTER_BOUND ( 'NONE', #3228, .T. ) ;
#6183 = CARTESIAN_POINT ( 'NONE',  ( -0.9774583724398242524, 9.992475165233889456, 50.59893340638058135 ) ) ;
#6184 = CARTESIAN_POINT ( 'NONE',  ( -3.334582019128741859, 8.932674742380207533, 51.40374773800466812 ) ) ;
#6185 = CARTESIAN_POINT ( 'NONE',  ( -0.006946050310307237859, 10.32523268635957692, 51.81158364139007233 ) ) ;
#6186 = CARTESIAN_POINT ( 'NONE',  ( -4.143557406718362479, 6.203657863243945414, 53.85630009835353604 ) ) ;
#6187 = CARTESIAN_POINT ( 'NONE',  ( -1.263767495765168780, 8.878453860120060881, 54.11182334996874488 ) ) ;
#6188 = CARTESIAN_POINT ( 'NONE',  ( -1.471536335550534647, 6.276461502200697318, -10.00957574308969633 ) ) ;
#6189 = CARTESIAN_POINT ( 'NONE',  ( -5.349018479448416130, 7.139736326000474698, 39.75500688255009152 ) ) ;
#6190 = CARTESIAN_POINT ( 'NONE',  ( 0.04888890610825238209, 9.729521743535281431, 53.44268482866578296 ) ) ;
#6191 = CARTESIAN_POINT ( 'NONE',  ( -0.4842401901534250097, 10.21658184420989457, 49.94304093438854153 ) ) ;
#6192 = CARTESIAN_POINT ( 'NONE',  ( -2.757158194499578219, 6.741170880526381026, 55.03330127544439421 ) ) ;
#6193 = CARTESIAN_POINT ( 'NONE',  ( -0.05133946401166904205, 8.140907899777225509, 55.47604651063942782 ) ) ;
#6194 = CARTESIAN_POINT ( 'NONE',  ( -4.796205815305703446, 4.837619276797600953, 53.94256894747616116 ) ) ;
#6195 = CARTESIAN_POINT ( 'NONE',  ( -5.688936758454346432, 4.200893645551525779, 51.72270039868835312 ) ) ;
#6196 = CARTESIAN_POINT ( 'NONE',  ( -4.754537130820142288, 6.015354454791811634, 52.97898894070178244 ) ) ;
#6197 = CARTESIAN_POINT ( 'NONE',  ( -1.083088717708048598, 5.949259992825509435, 56.62151498575683917 ) ) ;
#6198 = CARTESIAN_POINT ( 'NONE',  ( -4.670924707567444045, 5.183674390119338504, 53.88605069105585699 ) ) ;
#6199 = CARTESIAN_POINT ( 'NONE',  ( -3.399801424615094714, 5.821682070661597486, -6.993519521628038582 ) ) ;
#6200 = CARTESIAN_POINT ( 'NONE',  ( 0.01357147830090730568, 10.34878339504932043, 51.71226935556656201 ) ) ;
#6201 = CARTESIAN_POINT ( 'NONE',  ( -4.930786329948466218, 4.616149511108858405, 53.85725793670379602 ) ) ;
#6202 = CARTESIAN_POINT ( 'NONE',  ( 0.004265149305216433921, 10.09357852331073246, 52.59315411025660580 ) ) ;
#6203 = CARTESIAN_POINT ( 'NONE',  ( -5.590470657307220037, 3.331654290538159202, 52.99183320294680044 ) ) ;
#6204 = CARTESIAN_POINT ( 'NONE',  ( -3.815209735147154557, 7.686144930201682435, 52.77430860904167531 ) ) ;
#6205 = CARTESIAN_POINT ( 'NONE',  ( -0.5353359868509166564, 9.782970509775536172, 53.16539181671274150 ) ) ;
#6206 = CARTESIAN_POINT ( 'NONE',  ( -3.966655883924125270, 4.858938636213964379, 55.19881559055313858 ) ) ;
#6207 = CARTESIAN_POINT ( 'NONE',  ( 0.006377024020990594913, 10.37232352395197310, 51.61352259615710381 ) ) ;
#6208 = CARTESIAN_POINT ( 'NONE',  ( -5.077948341841493018, 3.584014973227695133, -5.102775535459840306 ) ) ;
#6209 = CARTESIAN_POINT ( 'NONE',  ( -3.576595125937074737, 7.805024994476166711, 52.98427458671149992 ) ) ;
#6210 = CARTESIAN_POINT ( 'NONE',  ( -0.3145728666665180140, 3.588026619559065988, -14.99999999999999467 ) ) ;
#6211 = CARTESIAN_POINT ( 'NONE',  ( -0.09316913480839561501, 4.776650220526091672, 57.38108047848349003 ) ) ;
#6212 = CARTESIAN_POINT ( 'NONE',  ( -2.657891220341748184, 9.156755046809173848, 52.09045150792169210 ) ) ;
#6213 = CARTESIAN_POINT ( 'NONE',  ( 0.0002988144287933571061, 9.906744903325801488, 53.07060154022530440 ) ) ;
#6214 = DIRECTION ( 'NONE',  ( 0.000000000000000000, 1.000000000000000000, 0.000000000000000000 ) ) ;
#6215 = EDGE_CURVE ( 'NONE', #5040, #3102, #401, .T. ) ;
#6216 = CARTESIAN_POINT ( 'NONE',  ( -5.351002384600423767, 6.255014092633217615, 50.88745496141935831 ) ) ;
#6217 = CARTESIAN_POINT ( 'NONE',  ( -0.3844951478287187419, 10.40613806146775033, 51.32229142523887333 ) ) ;
#6218 = CARTESIAN_POINT ( 'NONE',  ( -3.703895448847872807, 6.993333901754612114, 53.72977115887779576 ) ) ;
#6219 = CARTESIAN_POINT ( 'NONE',  ( -0.7937379734735008352, 9.554301919326187331, 53.43636092947510008 ) ) ;
#6220 = CARTESIAN_POINT ( 'NONE',  ( -2.682714640529411554, 6.200918948362228456, 54.97282162508917480 ) ) ;
#6221 = CARTESIAN_POINT ( 'NONE',  ( -1.462434383211648364E-15, 1.562500000000000000, -14.99999999999999822 ) ) ;
#6222 = CARTESIAN_POINT ( 'NONE',  ( -0.02050010465235435272, 9.640358364593557994, 52.68056872547681735 ) ) ;
#6223 = CARTESIAN_POINT ( 'NONE',  ( -2.250842234575005207, 8.915597214112551683, 53.09568357922965731 ) ) ;
#6224 = DIRECTION ( 'NONE',  ( -1.000000000000000000, 0.000000000000000000, 0.000000000000000000 ) ) ;
#6225 = CARTESIAN_POINT ( 'NONE',  ( -0.9444640012995180189, 10.94921360813852296, 33.64218465740860609 ) ) ;
#6226 = CARTESIAN_POINT ( 'NONE',  ( -1.815617335921501319, 5.388498165687802377, 56.57781265589968456 ) ) ;
#6227 = CARTESIAN_POINT ( 'NONE',  ( -0.02440472159817245329, 8.141619092058860474, 55.47749420842935564 ) ) ;
#6228 = CARTESIAN_POINT ( 'NONE',  ( -4.839658252996123622, 7.011646466238237174, 51.53007636982454187 ) ) ;
#6229 = CARTESIAN_POINT ( 'NONE',  ( -1.484323810889721429, 10.01723484258582531, 51.55279544685880211 ) ) ;
#6230 = CARTESIAN_POINT ( 'NONE',  ( -2.416802210409337182, 9.352598024973461932, 50.60745366723244842 ) ) ;
#6231 = CARTESIAN_POINT ( 'NONE',  ( -4.316431933738959614, 5.685893214925910932, -4.278597883185060624 ) ) ;
#6232 = CARTESIAN_POINT ( 'NONE',  ( 0.06009162301852288834, 10.30030654344469809, 51.90872422705764677 ) ) ;
#6233 = CARTESIAN_POINT ( 'NONE',  ( -0.3921061647913419712, 8.717137344708801194, -4.159837499167038821 ) ) ;
#6234 = CARTESIAN_POINT ( 'NONE',  ( -3.131947108691930381, 7.659702971640698799, 53.74898375472130851 ) ) ;
#6235 = CARTESIAN_POINT ( 'NONE',  ( -0.05065071073744781271, 8.437813499160890629, 55.18076089643749071 ) ) ;
#6236 = CARTESIAN_POINT ( 'NONE',  ( -3.400061400292979652, 4.501750219457613333, 56.00635309671005757 ) ) ;
#6237 = CARTESIAN_POINT ( 'NONE',  ( -1.847188048023896911, 9.707306357684069908, 51.96438293705837452 ) ) ;
#6238 = CARTESIAN_POINT ( 'NONE',  ( -4.387778218997184787, 4.884834837213404057, 54.61476472034881624 ) ) ;
#6239 = CARTESIAN_POINT ( 'NONE',  ( -3.724060934736229456, 6.581366175382044048, 53.31033558870160505 ) ) ;
#6240 = CARTESIAN_POINT ( 'NONE',  ( 0.01297451415441949404, 10.51136046112466360, 50.91770547415753612 ) ) ;
#6241 = CARTESIAN_POINT ( 'NONE',  ( -0.2984435403898740846, 10.89086946356277252, 42.69277900204648546 ) ) ;
#6242 = CARTESIAN_POINT ( 'NONE',  ( -4.904930933944735116, 4.594005816114680840, 53.92965268527002110 ) ) ;
#6243 = CARTESIAN_POINT ( 'NONE',  ( -0.01166502183158439100, 8.735579713191729212, 54.88711567777235700 ) ) ;
#6244 = ORIENTED_EDGE ( 'NONE', *, *, #7629, .T. ) ;
#6245 = CARTESIAN_POINT ( 'NONE',  ( -5.550409058598154033, 3.316212822129982918, 53.16303486926221922 ) ) ;
#6246 = CARTESIAN_POINT ( 'NONE',  ( -0.4555953851751441408, 10.00253766665174204, 52.69653605453534340 ) ) ;
#6247 = CARTESIAN_POINT ( 'NONE',  ( -4.938793607669015984, 5.085942043648302935, 53.43844316541262174 ) ) ;
#6248 = CARTESIAN_POINT ( 'NONE',  ( -0.01543182682212883988, 4.780537600911753060, 57.38492399293373580 ) ) ;
#6249 = CARTESIAN_POINT ( 'NONE',  ( -0.7548078056414482262, 1.714410438529923919, 57.50000000000002132 ) ) ;
#6250 = CARTESIAN_POINT ( 'NONE',  ( -3.071757165240495357, 6.743870602068057885, 54.73259711926456816 ) ) ;
#6251 = CARTESIAN_POINT ( 'NONE',  ( -1.031677893183596817, 7.544895245812925921, -7.652413162128564927 ) ) ;
#6252 = CARTESIAN_POINT ( 'NONE',  ( -0.1306310124449366061, 9.469677263906977061, 53.88787701189528434 ) ) ;
#6253 = CARTESIAN_POINT ( 'NONE',  ( -2.516555180803655922, 9.076496012347053721, 52.47053862797105950 ) ) ;
#6254 = CARTESIAN_POINT ( 'NONE',  ( 0.0005398251918150314852, 9.926942334382104605, 53.02333485387993761 ) ) ;
#6255 = PLANE ( 'NONE',  #5713 ) ;
#6256 = CARTESIAN_POINT ( 'NONE',  ( -4.771005979539219233, 5.779387585794286686, 53.16621107639814170 ) ) ;
#6257 = CARTESIAN_POINT ( 'NONE',  ( -2.122003928160454134, 9.511285421148008012, 52.07212614376319237 ) ) ;
#6258 = CARTESIAN_POINT ( 'NONE',  ( -3.798959187937769766, 7.160002734769744137, 53.42081883685552413 ) ) ;
#6259 = CARTESIAN_POINT ( 'NONE',  ( -0.7559308539846577579, 9.131346079552187689, 54.12557535358037342 ) ) ;
#6260 = CARTESIAN_POINT ( 'NONE',  ( -5.394520791932340131, 5.905440758934671130, 51.20521521216365102 ) ) ;
#6261 = CARTESIAN_POINT ( 'NONE',  ( -0.3915087449949255505, 2.036097087037773257, 57.50000000000001421 ) ) ;
#6262 = CARTESIAN_POINT ( 'NONE',  ( -5.140657908701544265, 4.961332583094209880, 51.65291690054013429 ) ) ;
#6263 = CARTESIAN_POINT ( 'NONE',  ( -0.02192433093851587841, 9.884074986097409976, 51.92447219456067131 ) ) ;
#6264 = CARTESIAN_POINT ( 'NONE',  ( -2.210580498358016843, 8.779792188709468093, 53.35173674863497695 ) ) ;
#6265 = CARTESIAN_POINT ( 'NONE',  ( -2.013379655467095741, 9.469848895283648815, 50.95933768168647049 ) ) ;
#6266 = CARTESIAN_POINT ( 'NONE',  ( -1.156971094118205201, 10.91023580064378429, 34.88703010545050631 ) ) ;
#6267 = CARTESIAN_POINT ( 'NONE',  ( -1.091557087853308294, 3.819906676088575814, 57.47025316799444283 ) ) ;
#6268 = CARTESIAN_POINT ( 'NONE',  ( -0.007919905949192290393, 10.43633661573784011, 51.31598720176182127 ) ) ;
#6269 = CARTESIAN_POINT ( 'NONE',  ( -4.647491294651405092, 7.094692263575185898, 51.94228125349987835 ) ) ;
#6270 = CARTESIAN_POINT ( 'NONE',  ( -1.272494718732383401, 8.935280708526709859, 54.02946042726197362 ) ) ;
#6271 = CARTESIAN_POINT ( 'NONE',  ( -1.462434383211648364E-15, 1.562500000000000000, -14.99999999999999822 ) ) ;
#6272 = CARTESIAN_POINT ( 'NONE',  ( -5.440833585272305761, 6.725342545646450176, 39.75246827721628762 ) ) ;
#6273 = CARTESIAN_POINT ( 'NONE',  ( 0.04247587915376488388, 10.45609236403008602, 51.21581430622792652 ) ) ;
#6274 = CARTESIAN_POINT ( 'NONE',  ( -0.4075396256886821833, 7.963333356010490860, -6.993375714690855283 ) ) ;
#6275 = CARTESIAN_POINT ( 'NONE',  ( -3.709809910308279779, 8.393203654779828327, 51.82231056935391678 ) ) ;
#6276 = CARTESIAN_POINT ( 'NONE',  ( -0.04543765858800288132, 9.474575187650875918, 53.88961689075359374 ) ) ;
#6277 = CARTESIAN_POINT ( 'NONE',  ( -1.917340395488742688, 3.088105119109533447, 57.42882824234042971 ) ) ;
#6278 = CARTESIAN_POINT ( 'NONE',  ( -1.932710235849279812, 9.972568465693127493, 50.95809456793001146 ) ) ;
#6279 = CARTESIAN_POINT ( 'NONE',  ( -5.512177634843721918, 5.735694903282953838, 50.88047767829081636 ) ) ;
#6280 = CARTESIAN_POINT ( 'NONE',  ( -4.649003742914080917, 7.835072240559630252, 7.848451482043651062 ) ) ;
#6281 = CARTESIAN_POINT ( 'NONE',  ( -0.01267311067918618604, 6.000554084820663547, 56.89360239821391474 ) ) ;
#6282 = CARTESIAN_POINT ( 'NONE',  ( -0.1375694658477065735, 7.797699928453787344, -7.657601791871107899 ) ) ;
#6283 = CARTESIAN_POINT ( 'NONE',  ( -5.731140344812847509, 4.666506281267083445, 50.86470594850415239 ) ) ;
#6284 = ORIENTED_EDGE ( 'NONE', *, *, #7001, .T. ) ;
#6285 = CARTESIAN_POINT ( 'NONE',  ( -5.522270924643150281, 3.505753923576928166, 53.13498289405866615 ) ) ;
#6286 = CARTESIAN_POINT ( 'NONE',  ( -0.4282659363803691943, 9.414885302014244672, 53.88054939744538530 ) ) ;
#6287 = CARTESIAN_POINT ( 'NONE',  ( -5.465185724245376520, 5.343373264358983299, 51.62732024898166117 ) ) ;
#6288 = CARTESIAN_POINT ( 'NONE',  ( 0.006672064679402187407, 10.12739061541296337, 52.49659350185543616 ) ) ;
#6289 = CARTESIAN_POINT ( 'NONE',  ( -5.516017208709129704, 3.553935421238392678, 36.12770699060975232 ) ) ;
#6290 = CARTESIAN_POINT ( 'NONE',  ( -3.997625464518406169, 8.476634127873047930, 50.99957078447568648 ) ) ;
#6291 = CARTESIAN_POINT ( 'NONE',  ( -1.479433564507644405, 8.412153227160407809, -4.185029095776919839 ) ) ;
#6292 = CARTESIAN_POINT ( 'NONE',  ( -0.1767929313797746704, 9.896519546434433323, 53.07149764734805331 ) ) ;
#6293 = CARTESIAN_POINT ( 'NONE',  ( -2.343575792076276976, 8.562016671891298003, 53.51917241419317151 ) ) ;
#6294 = CARTESIAN_POINT ( 'NONE',  ( 0.002272882881402353387, 10.02391882487815167, 52.78565468383769144 ) ) ;
#6295 = CARTESIAN_POINT ( 'NONE',  ( -2.016051747380188441, 3.984875658297737822, 56.63320074037418550 ) ) ;
#6296 = CARTESIAN_POINT ( 'NONE',  ( -4.653588964081594170, 5.782362144187796815, 53.38874894191136633 ) ) ;
#6297 = CARTESIAN_POINT ( 'NONE',  ( -2.185050052038955304, 9.690494831817128230, 51.47398424612067203 ) ) ;
#6298 = CARTESIAN_POINT ( 'NONE',  ( -1.781929501508079605, 3.690584760876000292, 57.29729185243450473 ) ) ;
#6299 = CARTESIAN_POINT ( 'NONE',  ( -0.9023388646904955124, 10.39041584498835569, 50.83200192103639381 ) ) ;
#6300 = CARTESIAN_POINT ( 'NONE',  ( -5.121314176147018671, 5.712516868913919410, 52.42475025754550444 ) ) ;
#6301 = CARTESIAN_POINT ( 'NONE',  ( -4.310050698532704949, 8.465377774273704858, 48.53444974000605328 ) ) ;
#6302 = CARTESIAN_POINT ( 'NONE',  ( -4.424284263439740350, 4.183602715669881178, -6.993594088188049618 ) ) ;
#6303 = CARTESIAN_POINT ( 'NONE',  ( -0.1041647812659772104, 10.85632620838769924, 15.74685435788338772 ) ) ;
#6304 = CARTESIAN_POINT ( 'NONE',  ( -2.074794366257117773, 8.645056869524184506, 53.68643711209756475 ) ) ;
#6305 = CARTESIAN_POINT ( 'NONE',  ( -3.592802817740877064, 8.312423194997915488, 50.95933768168647049 ) ) ;
#6306 = CARTESIAN_POINT ( 'NONE',  ( -1.358674540657566876, 10.78112386445353010, 15.74512290112721402 ) ) ;
#6307 = CARTESIAN_POINT ( 'NONE',  ( -3.116166025388602545, 8.942546996240604784, 51.80637875994307961 ) ) ;
#6308 = CARTESIAN_POINT ( 'NONE',  ( -0.003574518289825254561, 10.12738301841417510, 52.49678780486005536 ) ) ;
#6309 = CARTESIAN_POINT ( 'NONE',  ( -4.333731705914057208, 6.743372642633393532, 53.02581308181117947 ) ) ;
#6310 = CARTESIAN_POINT ( 'NONE',  ( -1.199118686771381004, 9.698490403169987673, 52.80525736597270026 ) ) ;
#6311 = CARTESIAN_POINT ( 'NONE',  ( -1.111257180547016610, 3.453793570501304533, 57.27484277483330288 ) ) ;
#6312 = CARTESIAN_POINT ( 'NONE',  ( -3.042851695059870742, 9.960320510248054759, 46.37638970298228713 ) ) ;
#6313 = CARTESIAN_POINT ( 'NONE',  ( -3.757619237599174156, 4.767516182548790837, 54.88917210453391959 ) ) ;
#6314 = CARTESIAN_POINT ( 'NONE',  ( 0.07440333756966099887, 10.09364982215762652, 52.59174373408022518 ) ) ;
#6315 = CARTESIAN_POINT ( 'NONE',  ( -5.479422567036664304, 2.151003861693127295, -3.779353668089352247 ) ) ;
#6316 = CARTESIAN_POINT ( 'NONE',  ( -0.6132927410518550504, 10.33840348052881453, 7.834956390672060067 ) ) ;
#6317 = CARTESIAN_POINT ( 'NONE',  ( -3.312392616494067354, 8.061640527618910923, 53.02395575551897622 ) ) ;
#6318 = CARTESIAN_POINT ( 'NONE',  ( -0.04486459007143985683, 6.000238262387851407, 56.89169630520523668 ) ) ;
#6319 = CARTESIAN_POINT ( 'NONE',  ( -2.729167510023066789, 2.656965207443782173, 57.23812827815815751 ) ) ;
#6320 = CARTESIAN_POINT ( 'NONE',  ( -5.216833625952911113, 6.541154887391257056, 50.99746973397405014 ) ) ;
#6321 = CARTESIAN_POINT ( 'NONE',  ( -1.646338869109506220, 9.365562103278572081, 52.99702545652321817 ) ) ;
#6322 = CARTESIAN_POINT ( 'NONE',  ( -5.494447023726274359, 5.724143878711672961, 50.98786336113396089 ) ) ;
#6323 = CARTESIAN_POINT ( 'NONE',  ( -4.935634553268152480, 8.286998326057593900, 39.76262269855079978 ) ) ;
#6324 = CARTESIAN_POINT ( 'NONE',  ( -0.01111456902789173529, 7.130133520713163975, 56.25532185385333150 ) ) ;
#6325 = CARTESIAN_POINT ( 'NONE',  ( -0.1061640884677521324, 9.556880325279706767, 0.4061719259277659644 ) ) ;
#6326 = CARTESIAN_POINT ( 'NONE',  ( -4.947493538312949468, 4.407018006488895523, 53.99299192519334412 ) ) ;
#6327 = CARTESIAN_POINT ( 'NONE',  ( -5.383684395551602719, 3.439008650216200280, 53.65414899797820425 ) ) ;
#6328 = CARTESIAN_POINT ( 'NONE',  ( -0.3591568760828667828, 7.767822202960331879, 55.72975555101750444 ) ) ;
#6329 = CARTESIAN_POINT ( 'NONE',  ( -5.358941265800556408, 5.279830245826673263, 52.13765289712534923 ) ) ;
#6330 = CARTESIAN_POINT ( 'NONE',  ( -0.009901198450404706530, 8.735582924124370763, 54.88720023576537699 ) ) ;
#6331 = CARTESIAN_POINT ( 'NONE',  ( -5.375519468362657705, 3.385079200958252876, -1.246949562868587824 ) ) ;
#6332 = CARTESIAN_POINT ( 'NONE',  ( -1.513282588752371760, 9.259497832866914635, 52.34899280448095737 ) ) ;
#6333 = CARTESIAN_POINT ( 'NONE',  ( -0.1762027021686098371, 9.832846687574312128, 53.21147220635427999 ) ) ;
#6334 = CARTESIAN_POINT ( 'NONE',  ( -2.695726910069628168, 9.517133648317910755, 51.07971158873698414 ) ) ;
#6335 = CARTESIAN_POINT ( 'NONE',  ( -0.009912622000806146222, 9.006418813604476270, 54.57026024285728028 ) ) ;
#6336 = LINE ( 'NONE', #6858, #7223 ) ;
#6337 = CARTESIAN_POINT ( 'NONE',  ( -5.291153978121499790, 6.209533463929227004, 51.20831356231738596 ) ) ;
#6338 = CARTESIAN_POINT ( 'NONE',  ( -5.578453418494468075, 3.735648944582189657, 52.74109482898477097 ) ) ;
#6339 = CARTESIAN_POINT ( 'NONE',  ( -1.888476371962319877, 9.087899358386195559, 53.22110864542991493 ) ) ;
#6340 = CARTESIAN_POINT ( 'NONE',  ( -4.323621620266669296, 7.597790265483135741, 51.93736933139682321 ) ) ;
#6341 = CARTESIAN_POINT ( 'NONE',  ( -0.6888742157422712564, 9.386000441952775830, 53.78836961863049027 ) ) ;
#6342 = CARTESIAN_POINT ( 'NONE',  ( -3.027493929762764768, 3.708263168873588977, 56.68940853839563232 ) ) ;
#6343 = CARTESIAN_POINT ( 'NONE',  ( -4.261533924584215427, 8.472063293904614767, 7.846452209247849474 ) ) ;
#6344 = CARTESIAN_POINT ( 'NONE',  ( -4.198653641457621433, 3.705915492615938334, -8.609644471386744158 ) ) ;
#6345 = CARTESIAN_POINT ( 'NONE',  ( -0.01709192888409180947, 5.550067267009787031, -13.07258150267667496 ) ) ;
#6346 = CARTESIAN_POINT ( 'NONE',  ( -2.114436713835876613, 8.793186818099666624, 53.43584406825621613 ) ) ;
#6347 = CARTESIAN_POINT ( 'NONE',  ( -5.082822859907209612, 6.871530574864458174, 50.95933768168646338 ) ) ;
#6348 = CARTESIAN_POINT ( 'NONE',  ( -1.225477803059950244, 10.63957247447907406, 12.45254502059272284 ) ) ;
#6349 = CARTESIAN_POINT ( 'NONE',  ( -1.491832336949195703, 4.829738470865640565, 56.99191527051336692 ) ) ;
#6350 = CARTESIAN_POINT ( 'NONE',  ( -0.005276481765364271492, 10.47484716824713757, 51.11697230645130219 ) ) ;
#6351 = CARTESIAN_POINT ( 'NONE',  ( -4.851348930209795185, 7.304818849992655849, 51.00262779766093502 ) ) ;
#6352 = CARTESIAN_POINT ( 'NONE',  ( -1.232194846529101495, 9.875201566745097637, 52.33314846012942212 ) ) ;
#6353 = CARTESIAN_POINT ( 'NONE',  ( -2.098488812743535728E-32, 1.562500000000000000, 57.50000000000000000 ) ) ;
#6354 = CARTESIAN_POINT ( 'NONE',  ( -0.5672326274793367817, 3.343781397598482474, -14.99999999999999112 ) ) ;
#6355 = CARTESIAN_POINT ( 'NONE',  ( -5.227938307139377017, 5.883678324876398413, 49.93974517696553761 ) ) ;
#6356 = CARTESIAN_POINT ( 'NONE',  ( 0.05671466663478715725, 9.363834982844506882, 54.06531781520272517 ) ) ;
#6357 = CARTESIAN_POINT ( 'NONE',  ( -5.498794376748366020, 1.562500000000002887, 50.65823442190986015 ) ) ;
#6358 = CARTESIAN_POINT ( 'NONE',  ( -0.7567023506632923890, 10.66562907146511385, 12.45317416738769012 ) ) ;
#6359 = CARTESIAN_POINT ( 'NONE',  ( -3.708632157316436473, 8.772595215124121992, 50.99612514299590060 ) ) ;
#6360 = CARTESIAN_POINT ( 'NONE',  ( -0.03121813593142258245, 9.842884729337187721, 53.21141277419865645 ) ) ;
#6361 = CARTESIAN_POINT ( 'NONE',  ( -5.716750048192930755, 4.210907703906571875, 51.50952343317776183 ) ) ;
#6362 = CARTESIAN_POINT ( 'NONE',  ( -5.015228506571582479, 6.373641088867719517, 51.94420476989699864 ) ) ;
#6363 = CARTESIAN_POINT ( 'NONE',  ( -0.9696466453020055054, 6.022891915195137891, 56.62802615813438223 ) ) ;
#6364 = CARTESIAN_POINT ( 'NONE',  ( -5.387367671145347536, 5.776518980328269492, 51.41860715193118381 ) ) ;
#6365 = CARTESIAN_POINT ( 'NONE',  ( -4.382556094273017067, 6.932514034292401206, 51.61688882917299281 ) ) ;
#6366 = CARTESIAN_POINT ( 'NONE',  ( 0.009747962982847493268, 9.305802239773674600, 54.14964607556041898 ) ) ;
#6367 = CARTESIAN_POINT ( 'NONE',  ( -0.2019241058696656377, 7.461431000762805077, -8.675187019818249468 ) ) ;
#6368 = CARTESIAN_POINT ( 'NONE',  ( -5.639591003192032659, 4.853050564240030340, 51.30080526482049663 ) ) ;
#6369 = EDGE_CURVE ( 'NONE', #561, #3750, #536, .T. ) ;
#6370 = VERTEX_POINT ( 'NONE', #7077 ) ;
#6371 = CARTESIAN_POINT ( 'NONE',  ( -5.581246230513074558, 3.530052422449761362, 52.88842276022450761 ) ) ;
#6372 = CARTESIAN_POINT ( 'NONE',  ( -0.4464096311023987296, 9.826731922861400292, 53.11908673412983717 ) ) ;
#6373 = CARTESIAN_POINT ( 'NONE',  ( -5.539874146465338711, 5.387494173548452281, 51.19915259741602398 ) ) ;
#6374 = CARTESIAN_POINT ( 'NONE',  ( 0.007014219560321359112, 10.02392629770961996, 52.78557494440154585 ) ) ;
#6375 = CARTESIAN_POINT ( 'NONE',  ( -5.340774050336501766, 3.337454023843907436, -2.523954825733312202 ) ) ;
#6376 = CARTESIAN_POINT ( 'NONE',  ( -1.838774311105262793, 10.09895612404175225, 48.56728463276396468 ) ) ;
#6377 = CARTESIAN_POINT ( 'NONE',  ( -0.1012554398852784920, 6.379283146230664059, 56.68333049581059413 ) ) ;
#6378 = CARTESIAN_POINT ( 'NONE',  ( -1.160140086436290074, 4.649682768208379002, 57.17015376654921255 ) ) ;
#6379 = CARTESIAN_POINT ( 'NONE',  ( 0.002546131432873926462, 10.05976578640785668, 52.68969683639473089 ) ) ;
#6380 = CARTESIAN_POINT ( 'NONE',  ( -0.9427098698398530541, 3.988300634210300899, 57.01999294973287391 ) ) ;
#6381 = CARTESIAN_POINT ( 'NONE',  ( -4.453587021497033227, 5.680631544155964718, 53.83437549499610952 ) ) ;
#6382 = CARTESIAN_POINT ( 'NONE',  ( -4.482250956212613602, 3.151993680708119250, 55.63351137585013362 ) ) ;
#6383 = CARTESIAN_POINT ( 'NONE',  ( -1.848323073980094655, 8.923575492078622773, 53.52074699001845204 ) ) ;
#6384 = CARTESIAN_POINT ( 'NONE',  ( -4.413883331619717687, 7.707986283609372435, 51.52701871425746560 ) ) ;
#6385 = CARTESIAN_POINT ( 'NONE',  ( -0.6099411925141366986, 8.306949508263345550, 55.14842517168253266 ) ) ;
#6386 = CARTESIAN_POINT ( 'NONE',  ( -3.414623910561325637, 4.074289627660748536, 56.23421611495221129 ) ) ;
#6387 = CARTESIAN_POINT ( 'NONE',  ( -3.909158921418756538, 7.725523935608393344, -0.1955191520108184311 ) ) ;
#6388 = CARTESIAN_POINT ( 'NONE',  ( -4.630641709192494737, 4.346434426710143129, -5.868028959855611681 ) ) ;
#6389 = CARTESIAN_POINT ( 'NONE',  ( -0.03639107856225371612, 10.85459035144568318, 15.74694315053753790 ) ) ;
#6390 = CARTESIAN_POINT ( 'NONE',  ( -2.370645129886129965, 9.269750436295502993, 52.27560043173117776 ) ) ;
#6391 = DIRECTION ( 'NONE',  ( -3.334775382890963969E-15, 0.000000000000000000, -1.000000000000000000 ) ) ;
#6392 = CARTESIAN_POINT ( 'NONE',  ( -1.351984765224484741, 10.87456986471852538, 34.88705850567490785 ) ) ;
#6393 = CARTESIAN_POINT ( 'NONE',  ( -3.246262935692015628, 9.205193696005638415, 50.88523483585020557 ) ) ;
#6394 = CARTESIAN_POINT ( 'NONE',  ( -0.006979526119361843979, 9.776139028141210829, 53.35065553169705055 ) ) ;
#6395 = CARTESIAN_POINT ( 'NONE',  ( -2.693665506074903959, 4.521315659675646081, 56.50909961676049420 ) ) ;
#6396 = CARTESIAN_POINT ( 'NONE',  ( -1.225710711941546460, 9.842653581247915895, 52.42922361846242296 ) ) ;
#6397 = CARTESIAN_POINT ( 'NONE',  ( -3.356169880954628315, 10.02038662885035514, 20.74978398346845765 ) ) ;
#6398 = CARTESIAN_POINT ( 'NONE',  ( -5.383206389739665809, 6.244201128042084825, 37.30169780949110248 ) ) ;
#6399 = CARTESIAN_POINT ( 'NONE',  ( 0.06398989185441664174, 9.682236907375596502, 53.53446127254287745 ) ) ;
#6400 = CARTESIAN_POINT ( 'NONE',  ( -5.500131724955197754, 1.765336003245774998, -0.2020034905076968923 ) ) ;
#6401 = CARTESIAN_POINT ( 'NONE',  ( -0.4459617264761664424, 9.384827884825245548, -0.5891847240039739253 ) ) ;
#6402 = CARTESIAN_POINT ( 'NONE',  ( -2.925883134548028064, 7.586955081226559372, 54.06700955353428384 ) ) ;
#6403 = CARTESIAN_POINT ( 'NONE',  ( -0.04444624673391295300, 10.47440265018728667, 51.11741262943067454 ) ) ;
#6404 = CARTESIAN_POINT ( 'NONE',  ( -5.335267766523413613, 4.251371672367802113, 53.15894332648310439 ) ) ;
#6405 = CARTESIAN_POINT ( 'NONE',  ( -3.889096049637379426, 5.331429192959923569, 54.93771150808255044 ) ) ;
#6406 = CARTESIAN_POINT ( 'NONE',  ( -1.651209707925597625, 9.386408014226059748, 52.95207034835070203 ) ) ;
#6407 = CARTESIAN_POINT ( 'NONE',  ( -4.580728254771017305, 7.147689064381339108, 50.62551662023860644 ) ) ;
#6408 = CARTESIAN_POINT ( 'NONE',  ( 0.01670705399276641023, 9.753098825685389883, 53.39676129050634756 ) ) ;
#6409 = CARTESIAN_POINT ( 'NONE',  ( -0.07161368706975200504, 3.725016719955450917, -15.00000000000000000 ) ) ;
#6410 = CARTESIAN_POINT ( 'NONE',  ( -5.276860270221289895, 4.657935922522840499, 52.99003117749960978 ) ) ;
#6411 = ORIENTED_EDGE ( 'NONE', *, *, #4854, .T. ) ;
#6412 = CARTESIAN_POINT ( 'NONE',  ( -0.4856090941466812971, 10.40775451558283748, 51.22449881300492791 ) ) ;
#6413 = CARTESIAN_POINT ( 'NONE',  ( -5.200252352644785248, 5.411859244550058179, 52.51348749597364218 ) ) ;
#6414 = CARTESIAN_POINT ( 'NONE',  ( -0.01041741263225536701, 8.438642906384140829, 55.18270983870182533 ) ) ;
#6415 = CARTESIAN_POINT ( 'NONE',  ( -5.449102386523280828, 4.145395406289110518, 28.18696329047341465 ) ) ;
#6416 = CARTESIAN_POINT ( 'NONE',  ( -1.084919738313681714, 7.151115376425124737, -8.664140522891587537 ) ) ;
#6417 = CARTESIAN_POINT ( 'NONE',  ( -1.791029558438280045, 6.565567990851987723, 55.89311863999555641 ) ) ;
#6418 = CARTESIAN_POINT ( 'NONE',  ( 0.001703773064325308974, 9.966761399932748233, 52.92858195166370905 ) ) ;
#6419 = CARTESIAN_POINT ( 'NONE',  ( -1.630987862422899726, 3.988646588841824325, 57.24495486829437141 ) ) ;
#6420 = CARTESIAN_POINT ( 'NONE',  ( -4.559945833977047336, 5.805392615567216197, 53.53858241019324282 ) ) ;
#6421 = CARTESIAN_POINT ( 'NONE',  ( -5.270530665873000231, 3.579326262267717329, 53.87565303961822138 ) ) ;
#6422 = CARTESIAN_POINT ( 'NONE',  ( -1.894166626972653367, 9.110183934480138745, 53.17763415264856519 ) ) ;
#6423 = CARTESIAN_POINT ( 'NONE',  ( -2.248404541262965406, 4.574504812837532519, 56.75374949583715534 ) ) ;
#6424 = CARTESIAN_POINT ( 'NONE',  ( -0.7067810093296751361, 9.610460502376659164, 53.39230028251474636 ) ) ;
#6425 = CARTESIAN_POINT ( 'NONE',  ( -5.017873395426185823, 5.633248589221653724, 52.77289370062838003 ) ) ;
#6426 = CARTESIAN_POINT ( 'NONE',  ( -3.419104095825350687, 7.168321540472545550, 53.13039959089500286 ) ) ;
#6427 = CARTESIAN_POINT ( 'NONE',  ( -5.247679594668665182, 4.603405330809144047, 0.4228956581673809501 ) ) ;
#6428 = CARTESIAN_POINT ( 'NONE',  ( -0.06418321252788385112, 9.767303892178953006, 52.32286148342303278 ) ) ;
#6429 = CARTESIAN_POINT ( 'NONE',  ( -2.385384696218899592, 9.607673719909238130, 51.37850842936638429 ) ) ;
#6430 = CARTESIAN_POINT ( 'NONE',  ( -4.790871362609651740, 7.432705109360779439, 50.95933768168652023 ) ) ;
#6431 = CARTESIAN_POINT ( 'NONE',  ( -0.8579955248833637249, 9.122482963828973723, -1.777797848697439287 ) ) ;
#6432 = CARTESIAN_POINT ( 'NONE',  ( -2.877642547279947394, 8.900981423666486592, 52.29231591442796656 ) ) ;
#6433 = CARTESIAN_POINT ( 'NONE',  ( -0.01708480738699883275, 4.357772575892619571, 57.51475528419495475 ) ) ;
#6434 = CARTESIAN_POINT ( 'NONE',  ( -3.574877889791378216, 7.439208633705768570, 53.42533122237283294 ) ) ;
#6435 = CARTESIAN_POINT ( 'NONE',  ( -4.077574456400171243, 6.388337672640894027, 53.78694435921206463 ) ) ;
#6436 = CARTESIAN_POINT ( 'NONE',  ( -1.238678981116656752, 9.907749552242281155, 52.23707330179642128 ) ) ;
#6437 = CARTESIAN_POINT ( 'NONE',  ( -3.228286872617348813, 9.727881479112777896, 10.78541703913777461 ) ) ;
#6438 = CARTESIAN_POINT ( 'NONE',  ( -5.289499233889451979, 6.155618923598725978, 18.26203743065625318 ) ) ;
#6439 = CARTESIAN_POINT ( 'NONE',  ( 0.08116673350670117193, 10.43633878681415617, 51.31458296253591556 ) ) ;
#6440 = CARTESIAN_POINT ( 'NONE',  ( -2.747972561521468737, 1.562499999999996891, 57.21394306662715223 ) ) ;
#6441 = CARTESIAN_POINT ( 'NONE',  ( -0.7603171518684234131, 10.55431408619538480, 10.78734805732760549 ) ) ;
#6442 = CARTESIAN_POINT ( 'NONE',  ( -3.282213296226936361, 7.998601219668930895, 53.14829508233691513 ) ) ;
#6443 = CARTESIAN_POINT ( 'NONE',  ( -0.04471691461193839229, 10.49315891299929504, 51.01785088847976368 ) ) ;
#6444 = CARTESIAN_POINT ( 'NONE',  ( -5.548797091325163855, 4.363271950338870830, 52.32118383668775152 ) ) ;
#6445 = CARTESIAN_POINT ( 'NONE',  ( -3.256870126808655286, 3.416972832748783162, 56.66918370029214458 ) ) ;
#6446 = CARTESIAN_POINT ( 'NONE',  ( -4.748182381823088605, 6.392575494314940876, 52.60783936544525119 ) ) ;
#6447 = CARTESIAN_POINT ( 'NONE',  ( -1.417090155326485856, 8.174095789703606840, 54.81807780571951128 ) ) ;
#6448 = CARTESIAN_POINT ( 'NONE',  ( -4.474617795707381163, 7.032847942740811042, 51.17890357538095714 ) ) ;
#6449 = CARTESIAN_POINT ( 'NONE',  ( 0.01895208539440989409, 9.886014523663973819, 53.11752913014507982 ) ) ;
#6450 = CARTESIAN_POINT ( 'NONE',  ( -0.2262463154972126356, 8.837014431548722015, 54.15224381938046605 ) ) ;
#6451 = CARTESIAN_POINT ( 'NONE',  ( -2.023385166379196409, 2.464789033489697356, 57.53597317867197347 ) ) ;
#6452 = CARTESIAN_POINT ( 'NONE',  ( -1.913116612166174901, 4.465167558255907387, 56.96498471910684458 ) ) ;
#6453 = VERTEX_POINT ( 'NONE', #6512 ) ;
#6454 = CARTESIAN_POINT ( 'NONE',  ( -0.3013416679050439084, 8.108023896684672494, 55.46055312141195515 ) ) ;
#6455 = CARTESIAN_POINT ( 'NONE',  ( -5.175243761095025263, 5.394548919579166935, 52.60092017718915969 ) ) ;
#6456 = CARTESIAN_POINT ( 'NONE',  ( 0.0002672498096182812730, 9.529198769711969774, 53.80249233451456092 ) ) ;
#6457 = CARTESIAN_POINT ( 'NONE',  ( -2.572813901684777527, 1.958991454639971375, 57.22501574084637355 ) ) ;
#6458 = CARTESIAN_POINT ( 'NONE',  ( -1.418729553887774886, 8.902396731752247661, 53.14161318125578504 ) ) ;
#6459 = CARTESIAN_POINT ( 'NONE',  ( -1.952704870563613637, 7.464645739579986561, 55.08074913644014714 ) ) ;
#6460 = CARTESIAN_POINT ( 'NONE',  ( 0.0007340254170246219949, 9.885971425548659042, 53.11765785754468538 ) ) ;
#6461 = CARTESIAN_POINT ( 'NONE',  ( -5.446451398240996333, 3.450217402071735773, 50.95933768168646338 ) ) ;
#6462 = CARTESIAN_POINT ( 'NONE',  ( -5.254551651113136934, 6.309855357009260146, 51.20925287748931964 ) ) ;
#6463 = CARTESIAN_POINT ( 'NONE',  ( -5.804197979476767522, 3.591689320449868994, 51.39677016721208247 ) ) ;
#6464 = CARTESIAN_POINT ( 'NONE',  ( -1.670125986290229347, 8.552925914135078855, 54.18250422180746995 ) ) ;
#6465 = CARTESIAN_POINT ( 'NONE',  ( -3.893301941040468339, 7.316839385206410640, 53.10805926355990891 ) ) ;
#6466 = CARTESIAN_POINT ( 'NONE',  ( -0.3774997506707918893, 5.935150828169329706, 56.87028720054704678 ) ) ;
#6467 = CARTESIAN_POINT ( 'NONE',  ( -4.787687500573853505, 5.546685862492279462, 53.34459639001202191 ) ) ;
#6468 = CARTESIAN_POINT ( 'NONE',  ( -5.391934793788760949, 4.717530528930577560, 50.27453933944272535 ) ) ;
#6469 = CARTESIAN_POINT ( 'NONE',  ( -0.07492716829632670161, 10.21234697249595413, 50.25634274814996871 ) ) ;
#6470 = CARTESIAN_POINT ( 'NONE',  ( -2.281539405043222057, 9.329091970034660619, 52.27256696008766568 ) ) ;
#6471 = CARTESIAN_POINT ( 'NONE',  ( -1.439658488334551123, 10.18462424876627814, 50.95933768168650602 ) ) ;
#6472 = CARTESIAN_POINT ( 'NONE',  ( -0.6873222817813434693, 6.799625167467919340, -10.02532176947697629 ) ) ;
#6473 = CARTESIAN_POINT ( 'NONE',  ( -2.401657667450236566, 8.131572549403809802, 54.00517666312931908 ) ) ;
#6474 = CARTESIAN_POINT ( 'NONE',  ( -0.01836074154802590924, 8.735526625179145910, 54.88682970204285283 ) ) ;
#6475 = EDGE_CURVE ( 'NONE', #561, #2463, #5870, .T. ) ;
#6476 = CARTESIAN_POINT ( 'NONE',  ( -2.603046216459651063, 5.445418943058116135, 56.08110804048909870 ) ) ;
#6477 = CARTESIAN_POINT ( 'NONE',  ( -4.083506001703166355, 6.686486729761917935, 53.48856215283557702 ) ) ;
#6478 = CARTESIAN_POINT ( 'NONE',  ( -1.168650598788149697, 9.511128638130344370, 53.21417233923593670 ) ) ;
#6479 = CARTESIAN_POINT ( 'NONE',  ( -3.210746009045608584, 9.634467317043029055, 9.118632607488825315 ) ) ;
#6480 = CARTESIAN_POINT ( 'NONE',  ( -3.896496940947103749, 4.543711386690112874, 54.87722217302606964 ) ) ;
#6481 = CARTESIAN_POINT ( 'NONE',  ( 0.04056980408489287843, 8.438698543356533577, 55.18541865090205079 ) ) ;
#6482 = CARTESIAN_POINT ( 'NONE',  ( -0.8492922768074684381, 1.562500000000000000, 57.50000000000000711 ) ) ;
#6483 = CARTESIAN_POINT ( 'NONE',  ( -0.4223646891993618757, 6.895941147967050711, -10.03004557739316738 ) ) ;
#6484 = CARTESIAN_POINT ( 'NONE',  ( -3.275330581640317984, 8.396451044839178479, 52.58497925873862755 ) ) ;
#6485 = CARTESIAN_POINT ( 'NONE',  ( -0.03011554863429760989, 10.27354726682459685, 52.00898557935064304 ) ) ;
#6486 = CARTESIAN_POINT ( 'NONE',  ( -5.789317331017345580, 4.236188232542492216, 50.85852669733417741 ) ) ;
#6487 = CARTESIAN_POINT ( 'NONE',  ( -2.225308890664150940, 2.763714231750352024, 57.41231236468525623 ) ) ;
#6488 = CARTESIAN_POINT ( 'NONE',  ( -4.536492034120128025, 6.436177835273002579, 52.98364964235211261 ) ) ;
#6489 = CARTESIAN_POINT ( 'NONE',  ( -0.9600837293294234298, 5.634985241634680619, 56.83568750442758244 ) ) ;
#6490 = CARTESIAN_POINT ( 'NONE',  ( -4.863628922793758136, 7.650960507213062201, 20.75017404601132398 ) ) ;
#6491 = CARTESIAN_POINT ( 'NONE',  ( 0.02022577238422687204, 9.966796167477317780, 52.92834331872145981 ) ) ;
#6492 = CARTESIAN_POINT ( 'NONE',  ( -0.3795595665329206114, 10.99197911756495216, 34.88691650455323412 ) ) ;
#6493 = CARTESIAN_POINT ( 'NONE',  ( -3.370885435964404042, 7.397251092067923750, 53.74173544371873845 ) ) ;
#6494 = ORIENTED_EDGE ( 'NONE', *, *, #5476, .T. ) ;
#6495 = CARTESIAN_POINT ( 'NONE',  ( -5.049447102314240432, 5.300149909314117558, 53.00511907588423099 ) ) ;
#6496 = CARTESIAN_POINT ( 'NONE',  ( 0.005622566737548198579, 9.906756650664023667, 53.07055630945009028 ) ) ;
#6497 = CARTESIAN_POINT ( 'NONE',  ( -5.581233929280634776, 2.778910205830565694, 42.53788937811526694 ) ) ;
#6498 = CARTESIAN_POINT ( 'NONE',  ( -1.732361735879557552, 8.761901926709368738, -2.390465354745388460 ) ) ;
#6499 = CARTESIAN_POINT ( 'NONE',  ( -2.470972010711379063, 9.244162322814387878, 52.18229102468605163 ) ) ;
#6500 = CARTESIAN_POINT ( 'NONE',  ( -0.01903347914123617798, 7.474407180857753907, 56.00334465263114936 ) ) ;
#6501 = CARTESIAN_POINT ( 'NONE',  ( -0.003977885823185026669, 5.504147727546331303, 56.99760597302334020 ) ) ;
#6502 = CARTESIAN_POINT ( 'NONE',  ( -3.438107206026475904, 4.451929261410636052, 56.00251572833322911 ) ) ;
#6503 = CARTESIAN_POINT ( 'NONE',  ( -3.430111661476956009, 2.673904585976919712, 56.84583255029434667 ) ) ;
#6504 = CARTESIAN_POINT ( 'NONE',  ( -1.139252467207059638, 5.910562402306332785, 56.61833635778940277 ) ) ;
#6505 = CARTESIAN_POINT ( 'NONE',  ( -3.547944096117861434, 7.039026721690109234, 53.88796549312311157 ) ) ;
#6506 = CARTESIAN_POINT ( 'NONE',  ( -0.7992395773823330885, 10.41655731606486768, 50.82992274279283151 ) ) ;
#6507 = CARTESIAN_POINT ( 'NONE',  ( -5.085256698013972176, 5.806343056847213191, 52.42540211669185624 ) ) ;
#6508 = CARTESIAN_POINT ( 'NONE',  ( -3.007595916666946145, 10.22577903102117780, 34.88731410769411667 ) ) ;
#6509 = CARTESIAN_POINT ( 'NONE',  ( -4.975176398245650944, 3.875930936764116819, -5.097227471835164003 ) ) ;
#6510 = CARTESIAN_POINT ( 'NONE',  ( -0.04984764808938166314, 9.558413797824004021, 0.4059861066806595420 ) ) ;
#6511 = CARTESIAN_POINT ( 'NONE',  ( -2.030125087503299675, 8.852973629262971045, 53.43577644881239053 ) ) ;
#6512 = CARTESIAN_POINT ( 'NONE',  ( -1.358505765192629111, 10.03343211582610550, 51.25933768168647475 ) ) ;
#6513 = CARTESIAN_POINT ( 'NONE',  ( -1.233327832545831004, 9.153261785136241002, -1.185489217717494714 ) ) ;
#6514 = CARTESIAN_POINT ( 'NONE',  ( -0.001503277976690049712, 9.580861902443862377, 53.71333942148442731 ) ) ;
#6515 = CARTESIAN_POINT ( 'NONE',  ( -2.520597476217468547, 8.509148707687781865, 53.39408108202724179 ) ) ;
#6516 = CARTESIAN_POINT ( 'NONE',  ( -0.02153629912776386032, 6.764692234462540199, 56.48344919620168980 ) ) ;
#6517 = CARTESIAN_POINT ( 'NONE',  ( -3.369385380811185549, 7.029078401729496939, 54.12294904513542804 ) ) ;
#6518 = CARTESIAN_POINT ( 'NONE',  ( -4.637664446546249764, 7.368400192177283259, 51.52923261457089410 ) ) ;
#6519 = CARTESIAN_POINT ( 'NONE',  ( -1.000601107344546215, 9.698581416815368783, 52.98604111579886933 ) ) ;
#6520 = CARTESIAN_POINT ( 'NONE',  ( -3.799528961630687096, 8.994947848434065918, 48.54265846319552224 ) ) ;
#6521 = CARTESIAN_POINT ( 'NONE',  ( -0.6009981190632085468, 1.869121656565364553, 57.50000000000000000 ) ) ;
#6522 = CARTESIAN_POINT ( 'NONE',  ( -0.003977885823187757991, 6.491136682898718924, 56.17879592955250700 ) ) ;
#6523 = CARTESIAN_POINT ( 'NONE',  ( -5.499999999970478726, 1.562500000000003109, 33.64099909028204394 ) ) ;
#6524 = CARTESIAN_POINT ( 'NONE',  ( -0.5463715852152702945, 9.325611912856537344, 53.14570146940820905 ) ) ;
#6525 = CARTESIAN_POINT ( 'NONE',  ( -3.424316691834637716, 8.676243450093448217, 51.81505584892979499 ) ) ;
#6526 = CARTESIAN_POINT ( 'NONE',  ( -0.04187288489018964333, 10.27327621635864929, 52.00921340784140767 ) ) ;
#6527 = CARTESIAN_POINT ( 'NONE',  ( -5.278239573233477699, 4.435577664269570342, 53.16482286975988814 ) ) ;
#6528 = CARTESIAN_POINT ( 'NONE',  ( -4.832447521518713707, 4.756414789903294249, 53.93826352674077640 ) ) ;
#6529 = CARTESIAN_POINT ( 'NONE',  ( -4.154452009795083889, 5.947199250251322233, 54.07364610452381726 ) ) ;
#6530 = CARTESIAN_POINT ( 'NONE',  ( -0.9114242089414906767, 6.454769487691043750, 56.42456710600931302 ) ) ;
#6531 = CARTESIAN_POINT ( 'NONE',  ( -2.135253333308920087, 8.870067714990524266, -1.192369107100080372 ) ) ;
#6532 = CARTESIAN_POINT ( 'NONE',  ( -4.773784258891439869, 7.422786525682592895, 6.191757223887891293 ) ) ;
#6533 = CARTESIAN_POINT ( 'NONE',  ( 0.002445565036355848258, 8.735605393005227981, 54.88779214502190484 ) ) ;
#6534 = CIRCLE ( 'NONE', #2418, 0.09999999999999947820 ) ;
#6535 = CARTESIAN_POINT ( 'NONE',  ( -0.2025685883363069206, 8.004643811455096625, 55.10427087167584403 ) ) ;
#6536 = CARTESIAN_POINT ( 'NONE',  ( -3.018157767902570399, 6.802964546687632286, 54.73628850898084153 ) ) ;
#6537 = CARTESIAN_POINT ( 'NONE',  ( -0.1835486003254002962, 10.26488178558924602, 52.01208480393456313 ) ) ;
#6538 = ORIENTED_EDGE ( 'NONE', *, *, #1281, .T. ) ;
#6539 = CARTESIAN_POINT ( 'NONE',  ( -5.513592488195221186, 5.492023209766420777, 51.20043015946679077 ) ) ;
#6540 = CARTESIAN_POINT ( 'NONE',  ( 0.008032780218149300488, 10.21908084571279574, 52.20448629773324001 ) ) ;
#6541 = CARTESIAN_POINT ( 'NONE',  ( -5.444579497258914991, 2.830124461150022253, -1.251536155790308413 ) ) ;
#6542 = CARTESIAN_POINT ( 'NONE',  ( -0.1847426783530940753, 2.173059657547085965, 57.50000000000001421 ) ) ;
#6543 = CARTESIAN_POINT ( 'NONE',  ( -2.592232326222851935, 9.547503171605509209, 51.17961124330697231 ) ) ;
#6544 = CARTESIAN_POINT ( 'NONE',  ( 0.002317227406269273694, 10.43635037394870757, 51.31584883141094622 ) ) ;
#6545 = CARTESIAN_POINT ( 'NONE',  ( -0.07995017473745209824, 3.988646588841840313, 57.59947392095956786 ) ) ;
#6546 = CARTESIAN_POINT ( 'NONE',  ( -4.942935130730685245, 6.061130935008306686, 52.51829106602208697 ) ) ;
#6547 = CARTESIAN_POINT ( 'NONE',  ( -4.734344773586210309, 3.456502540766086984, 55.09745264946268151 ) ) ;
#6548 = CARTESIAN_POINT ( 'NONE',  ( -1.716810927101710238, 8.775604175775271187, 53.85636612411401813 ) ) ;
#6549 = CARTESIAN_POINT ( 'NONE',  ( -4.356787066358217331, 7.951344888964985813, 51.21236381988725128 ) ) ;
#6550 = CARTESIAN_POINT ( 'NONE',  ( -0.7842475428180362140, 10.31733296478906325, 51.33163206401050616 ) ) ;
#6551 = CARTESIAN_POINT ( 'NONE',  ( -4.618446036058782234, 5.369791573618643454, 53.82037012380507690 ) ) ;
#6552 = CARTESIAN_POINT ( 'NONE',  ( -2.701653621377076764, 8.450173203541490707, 52.37099812747717209 ) ) ;
#6553 = CARTESIAN_POINT ( 'NONE',  ( -4.548913911226615703, 3.590728496416724536, -7.622763849314096340 ) ) ;
#6554 = CARTESIAN_POINT ( 'NONE',  ( -0.1097615348708557426, 8.856514322158993480, 54.15686993052911191 ) ) ;
#6555 = CARTESIAN_POINT ( 'NONE',  ( -2.048887601035635164, 8.923581955709630975, 53.30837051912207158 ) ) ;
#6556 = CARTESIAN_POINT ( 'NONE',  ( -0.003977885823527030872, 5.568636279054584470, 57.08799113890375310 ) ) ;
#6557 = CARTESIAN_POINT ( 'NONE',  ( -1.131966917720071963, 9.695315035698078177, 2.024525391497193016 ) ) ;
#6558 = CARTESIAN_POINT ( 'NONE',  ( 0.003921566106051015653, 9.985817832109994185, 52.88090964044150155 ) ) ;
#6559 = CARTESIAN_POINT ( 'NONE',  ( -1.282504730398978943, 4.557243785044827966, 57.16392605266106131 ) ) ;
#6560 = CARTESIAN_POINT ( 'NONE',  ( -0.002511827227465378027, 9.906740591022689557, 53.07061999986204626 ) ) ;
#6561 = CARTESIAN_POINT ( 'NONE',  ( -4.105120559585934359, 8.108576089774492957, 51.52248269005767867 ) ) ;
#6562 = CARTESIAN_POINT ( 'NONE',  ( -2.457910154886268295, 4.357636172300994204, 56.73704184519674953 ) ) ;
#6563 = CARTESIAN_POINT ( 'NONE',  ( -1.074670241920685720, 10.15120119805685484, 51.64018801975672801 ) ) ;
#6564 = CARTESIAN_POINT ( 'NONE',  ( -3.032664295894638151, 8.014858208632052339, -2.419299080478774844 ) ) ;
#6565 = CARTESIAN_POINT ( 'NONE',  ( -5.282017097723314514, 5.829548302312132613, 24.06978798210476000 ) ) ;
#6566 = CARTESIAN_POINT ( 'NONE',  ( 0.08326711715954192294, 10.52831069526354213, 50.81757875183544826 ) ) ;
#6567 = CARTESIAN_POINT ( 'NONE',  ( -5.499410469505514598, 1.562499999999996891, -3.194067294124409706 ) ) ;
#6568 = CARTESIAN_POINT ( 'NONE',  ( -0.8694158964287704849, 10.43211408175248778, 9.116550486865754976 ) ) ;
#6569 = CARTESIAN_POINT ( 'NONE',  ( -3.149469018826778210, 8.132219290404581358, 53.14768729654763746 ) ) ;
#6570 = CARTESIAN_POINT ( 'NONE',  ( -0.02011051739379574391, 10.45603892890254905, 51.21666978186291175 ) ) ;
#6571 = CIRCLE ( 'NONE', #8091, 0.09999999999999947820 ) ;
#6572 = CARTESIAN_POINT ( 'NONE',  ( -5.299581283787714092, 4.449699986583288691, 53.09405368720459251 ) ) ;
#6573 = CARTESIAN_POINT ( 'NONE',  ( -5.564340521174553800, 5.282479563448259086, 51.19785413447540634 ) ) ;
#6574 = CARTESIAN_POINT ( 'NONE',  ( -4.181910917804667172, 5.984958845254564785, 53.99947910993186184 ) ) ;
#6575 = CARTESIAN_POINT ( 'NONE',  ( -1.563839080629609413, 9.459096235314955692, 52.90486181720579140 ) ) ;
#6576 = CARTESIAN_POINT ( 'NONE',  ( -1.986754255880482711, 8.974081787940617616, 52.35724480060451214 ) ) ;
#6577 = CARTESIAN_POINT ( 'NONE',  ( -5.234686187735568375, 7.538573795096043639, 39.75754548788363962 ) ) ;
#6578 = CARTESIAN_POINT ( 'NONE',  ( 0.02298210218931949489, 10.30030614949192902, 51.90958697758922114 ) ) ;
#6579 = CARTESIAN_POINT ( 'NONE',  ( -1.462434383211648364E-15, 1.562500000000000000, -14.99999999999999822 ) ) ;
#6580 = CARTESIAN_POINT ( 'NONE',  ( -2.025867748842008709, 4.790397725833947185, 56.77060707517241411 ) ) ;
#6581 = CARTESIAN_POINT ( 'NONE',  ( -0.08679787097831734299, 10.02208481957507225, 52.78677056070699081 ) ) ;
#6582 = CARTESIAN_POINT ( 'NONE',  ( -3.469970752651450496, 10.04738564709052895, 42.64588581314981752 ) ) ;
#6583 = CARTESIAN_POINT ( 'NONE',  ( -5.305729115780422056, 5.363852956712440445, 52.23626034324547618 ) ) ;
#6584 = CARTESIAN_POINT ( 'NONE',  ( -4.406225060979217290, 8.866002114549736746, 36.12909650982442855 ) ) ;
#6585 = CARTESIAN_POINT ( 'NONE',  ( 0.007663485469570439218, 9.985824282243005001, 52.88085708342967450 ) ) ;
#6586 = CARTESIAN_POINT ( 'NONE',  ( -5.501225960908878498, 3.975231623915310486, 20.75084272465613111 ) ) ;
#6587 = CARTESIAN_POINT ( 'NONE',  ( -1.576356180432750831, 8.136868181636691233, 54.10598270789397901 ) ) ;
#6588 = CARTESIAN_POINT ( 'NONE',  ( -1.729240363330531993, 6.614556754924217685, 55.89682008589614526 ) ) ;
#6589 = CARTESIAN_POINT ( 'NONE',  ( 0.003454591540907677935, 10.15916175700207091, 52.39960429349032012 ) ) ;
#6590 = CARTESIAN_POINT ( 'NONE',  ( -0.1557162178157364130, 3.988646588841873619, 57.59335512871805207 ) ) ;
#6591 = CARTESIAN_POINT ( 'NONE',  ( -5.591708642510168303, 3.951264615751065801, 52.49610721422092752 ) ) ;
#6592 = CARTESIAN_POINT ( 'NONE',  ( -1.981138927349955781, 9.769841770649259516, 51.56885215149098656 ) ) ;
#6593 = CARTESIAN_POINT ( 'NONE',  ( -2.687845636711335029, 5.354459587420119959, 56.07367977831670913 ) ) ;
#6594 = CARTESIAN_POINT ( 'NONE',  ( -0.6126346496665926455, 9.571437669079951860, 53.52691951642947998 ) ) ;
#6595 = CARTESIAN_POINT ( 'NONE',  ( -5.007046747895353533, 5.745163183055871592, 52.68933321633316780 ) ) ;
#6596 = CARTESIAN_POINT ( 'NONE',  ( -2.678967920008552994, 9.192231206062414728, 50.60915771940292984 ) ) ;
#6597 = CARTESIAN_POINT ( 'NONE',  ( -4.872813632612228218, 3.793643818839354420, -5.874335025093168738 ) ) ;
#6598 = CARTESIAN_POINT ( 'NONE',  ( -0.04986038128384084195, 9.221605289246113557, -1.765659634220538399 ) ) ;
#6599 = CARTESIAN_POINT ( 'NONE',  ( -1.539545592221397641, 6.761005407781499166, 55.90791454837796692 ) ) ;
#6600 = DIRECTION ( 'NONE',  ( -3.334775382890963969E-15, 0.000000000000000000, -1.000000000000000000 ) ) ;
#6601 = CARTESIAN_POINT ( 'NONE',  ( -1.002982452451496087, 8.578735279165325522, -4.174232697229822264 ) ) ;
#6602 = CARTESIAN_POINT ( 'NONE',  ( 0.005163822368379314236, 10.18912137195865775, 52.30206013754707328 ) ) ;
#6603 = CARTESIAN_POINT ( 'NONE',  ( -2.528301473008202294, 8.532511873623763066, 53.35251522092334397 ) ) ;
#6604 = CARTESIAN_POINT ( 'NONE',  ( -0.0008890914232327307111, 10.30030925325845281, 51.91012718987995811 ) ) ;
#6605 = CARTESIAN_POINT ( 'NONE',  ( -2.176314345775442582, 4.646308351402929304, 56.75935384103511439 ) ) ;
#6606 = CARTESIAN_POINT ( 'NONE',  ( -4.007525540659544028, 6.571503375512864231, 53.71632502644450824 ) ) ;
#6607 = CARTESIAN_POINT ( 'NONE',  ( -0.8458126101840595101, 9.152131697467929428, 54.03966155102094859 ) ) ;
#6608 = CARTESIAN_POINT ( 'NONE',  ( -2.628954164918248182, 7.152543647710242425, -5.830192568430218714 ) ) ;
#6609 = CARTESIAN_POINT ( 'NONE',  ( -5.351452463281862748, 5.838942268819556247, 18.26189311340911914 ) ) ;
#6610 = CARTESIAN_POINT ( 'NONE',  ( -0.003977885823193991720, 8.689713415187284795, 54.31073030083833686 ) ) ;
#6611 = PLANE ( 'NONE',  #1790 ) ;
#6612 = CARTESIAN_POINT ( 'NONE',  ( -0.5704535551396670012, 8.274665884448520359, -5.805231060198213555 ) ) ;
#6613 = CARTESIAN_POINT ( 'NONE',  ( -2.528006330895655740, 6.964587523694237170, 55.04825452620931259 ) ) ;
#6614 = CARTESIAN_POINT ( 'NONE',  ( -0.01797462928467045626, 10.15909357789283440, 52.39999429318796587 ) ) ;
#6615 = CARTESIAN_POINT ( 'NONE',  ( -5.751429233545975350, 4.446605899549846974, 50.97004796948029792 ) ) ;
#6616 = CARTESIAN_POINT ( 'NONE',  ( -4.496696045686089604, 6.390788603142884661, 53.10116407024327856 ) ) ;
#6617 = CARTESIAN_POINT ( 'NONE',  ( -1.734788349636187332, 10.08828876155586762, 50.85147983458646337 ) ) ;
#6618 = CARTESIAN_POINT ( 'NONE',  ( -1.349246880971115337, 6.372879899479246824, -10.01209510731165864 ) ) ;
#6619 = CARTESIAN_POINT ( 'NONE',  ( -4.167665934787560644, 5.954670111350996109, -4.271400284153662241 ) ) ;
#6620 = CARTESIAN_POINT ( 'NONE',  ( 0.03884812071264841932, 10.05981092410045541, 52.68902253836760963 ) ) ;
#6621 = CARTESIAN_POINT ( 'NONE',  ( -0.4294445131606757782, 10.42431268235119646, 48.58267598874415683 ) ) ;
#6622 = CARTESIAN_POINT ( 'NONE',  ( -3.397679175245559513, 7.644077580353410006, 53.42827028675408485 ) ) ;
#6623 = CARTESIAN_POINT ( 'NONE',  ( -0.1322124073710091441, 9.980730529777801507, 52.88230062261008868 ) ) ;
#6624 = ORIENTED_EDGE ( 'NONE', *, *, #4676, .F. ) ;
#6625 = CARTESIAN_POINT ( 'NONE',  ( -5.090655938109565071, 5.450854827768465860, 52.77049492920354368 ) ) ;
#6626 = CARTESIAN_POINT ( 'NONE',  ( -3.049119639665958559, 6.235987982183430312, -6.993498216896592012 ) ) ;
#6627 = CARTESIAN_POINT ( 'NONE',  ( 0.008067773810641443166, 10.49360239059016031, 51.01731378684483786 ) ) ;
#6628 = CARTESIAN_POINT ( 'NONE',  ( -5.314841310529034857, 2.149316244579127400, 53.10657071137834606 ) ) ;
#6629 = CARTESIAN_POINT ( 'NONE',  ( -1.164796900910637811, 6.511600366564503695, -10.01587415364460298 ) ) ;
#6630 = CARTESIAN_POINT ( 'NONE',  ( -1.816560852007462534, 7.252731281568824961, 55.37330932002868877 ) ) ;
#6631 = CARTESIAN_POINT ( 'NONE',  ( -0.01424145401602471342, 8.438638727711802900, 55.18250668002121273 ) ) ;
#6632 = CARTESIAN_POINT ( 'NONE',  ( -5.536965308216316828, 3.929080663633555570, 52.74451907885597279 ) ) ;
#6633 = CARTESIAN_POINT ( 'NONE',  ( -1.837996526767142313, 9.295514401467221077, 52.91076747912318723 ) ) ;
#6634 = CARTESIAN_POINT ( 'NONE',  ( -4.266805712720016075, 8.163078510031805735, 51.00185598979438595 ) ) ;
#6635 = CARTESIAN_POINT ( 'NONE',  ( -0.5917315203690955983, 9.253238015619709600, 54.04672110761805470 ) ) ;
#6636 = CARTESIAN_POINT ( 'NONE',  ( -5.321358907472391486, 5.978580613620463780, 51.42042446599582917 ) ) ;
#6637 = CARTESIAN_POINT ( 'NONE',  ( -0.01936388209002514946, 6.382639442599319146, 56.68839153240910633 ) ) ;
#6638 = CARTESIAN_POINT ( 'NONE',  ( -5.052332383145277106, 3.949751734976577833, -4.321783477373430493 ) ) ;
#6639 = CARTESIAN_POINT ( 'NONE',  ( -0.05653715148529786516, 8.879713336523099798, -3.547588282847957242 ) ) ;
#6640 = CARTESIAN_POINT ( 'NONE',  ( -1.083149311568636586, 5.137461959967612124, 57.01396943209000767 ) ) ;
#6641 = CARTESIAN_POINT ( 'NONE',  ( -0.003977885823342518744, 9.268848083589521281, 54.20633010782798777 ) ) ;
#6642 = CARTESIAN_POINT ( 'NONE',  ( -1.131458114229279222, 9.163917879620216311, 52.96403113014878983 ) ) ;
#6643 = CARTESIAN_POINT ( 'NONE',  ( 0.0008635226452134336017, 9.753056387296627605, 53.39671282865907642 ) ) ;
#6644 = CARTESIAN_POINT ( 'NONE',  ( -3.063886708852407548, 9.304843976460871247, 50.98503254771279813 ) ) ;
#6645 = CARTESIAN_POINT ( 'NONE',  ( -0.001287889848565331678, 10.02391796107689359, 52.78570049560885025 ) ) ;
#6646 = FACE_OUTER_BOUND ( 'NONE', #5167, .T. ) ;
#6647 = CARTESIAN_POINT ( 'NONE',  ( -3.472450928548429960, 7.420770981050003989, 53.58349873724985457 ) ) ;
#6648 = CARTESIAN_POINT ( 'NONE',  ( -2.707888880031720902, 4.930851775609160548, 56.30044483666254251 ) ) ;
#6649 = CARTESIAN_POINT ( 'NONE',  ( -0.8118112489696250877, 8.798797660955225197, 54.53483816906806680 ) ) ;
#6650 = CARTESIAN_POINT ( 'NONE',  ( -3.091398764700179935, 8.140936825926317510, -1.808695121911372494 ) ) ;
#6651 = CARTESIAN_POINT ( 'NONE',  ( -2.468008728897608695, 3.385088249273758176, -13.00068820988435370 ) ) ;
#6652 = CARTESIAN_POINT ( 'NONE',  ( 0.000000000000000000, 2.241098641572417005, 57.50000000000000711 ) ) ;
#6653 = DIRECTION ( 'NONE',  ( 1.000000000000000000, -0.000000000000000000, -3.335730344018427286E-15 ) ) ;
#6654 = CARTESIAN_POINT ( 'NONE',  ( -0.5484496092042369098, 9.174759628087338470, -1.773751777205141433 ) ) ;
#6655 = CARTESIAN_POINT ( 'NONE',  ( -1.652154181299860802, 4.696363979437851555, 56.98209999053658237 ) ) ;
#6656 = CARTESIAN_POINT ( 'NONE',  ( -0.01838197888242665279, 10.02382766794642777, 52.78591881154282106 ) ) ;
#6657 = CARTESIAN_POINT ( 'NONE',  ( -5.540828365242562725, 4.580645820934288182, 52.13165376967602782 ) ) ;
#6658 = CARTESIAN_POINT ( 'NONE',  ( -3.395308449253673366, 4.896548058793876557, 55.76248777391945310 ) ) ;
#6659 = CARTESIAN_POINT ( 'NONE',  ( -1.676455299654649123, 9.894277586968403426, 51.65954719587755051 ) ) ;
#6660 = CARTESIAN_POINT ( 'NONE',  ( -1.865034132396905298, 7.990319455758737810, -5.000136358403404202 ) ) ;
#6661 = CARTESIAN_POINT ( 'NONE',  ( -4.556819224961369486, 6.518149422108693969, -0.6070754800901517756 ) ) ;
#6662 = CARTESIAN_POINT ( 'NONE',  ( 0.03982036345543459033, 10.12741750740221391, 52.49587515143704053 ) ) ;
#6663 = CARTESIAN_POINT ( 'NONE',  ( -0.3377832779483915249, 8.318538602107540925, -5.802603533015894044 ) ) ;
#6664 = CARTESIAN_POINT ( 'NONE',  ( -1.552650287922386019, 3.897913515763194781, 57.31067404355346184 ) ) ;
#6665 = CARTESIAN_POINT ( 'NONE',  ( -0.1429954982076335201, 10.52451164013605656, 50.81951002623789293 ) ) ;
#6666 = DIRECTION ( 'NONE',  ( -1.000000000000000000, 0.000000000000000000, 0.000000000000000000 ) ) ;
#6667 = CARTESIAN_POINT ( 'NONE',  ( -4.762731712614026947, 5.157035059241362518, 53.73607129569808194 ) ) ;
#6668 = CARTESIAN_POINT ( 'NONE',  ( -4.563803355144569807, 8.428438629106686619, 18.26290333413927058 ) ) ;
#6669 = CARTESIAN_POINT ( 'NONE',  ( 0.004780386563505653781, 9.776179287419854091, 53.35067215945669972 ) ) ;
#6670 = CARTESIAN_POINT ( 'NONE',  ( -5.508328220524080443, 3.893061435985577745, 18.26088289267899611 ) ) ;
#6671 = CARTESIAN_POINT ( 'NONE',  ( -1.915073759462141201, 9.775624443516887752, 49.94232833818895756 ) ) ;
#6672 = CARTESIAN_POINT ( 'NONE',  ( -0.0001586406889349658645, 9.753053647156912476, 53.39670970460907995 ) ) ;
#6673 = CARTESIAN_POINT ( 'NONE',  ( -5.768228870635568661, 4.010767701800325824, 51.29160897790863771 ) ) ;
#6674 = CARTESIAN_POINT ( 'NONE',  ( -0.5582827740577497311, 3.731395652427393017, 57.59730773700054129 ) ) ;
#6675 = CARTESIAN_POINT ( 'NONE',  ( -2.051150185240204760, 4.334535524041680965, 56.95525927713983094 ) ) ;
#6676 = CARTESIAN_POINT ( 'NONE',  ( -0.5712909205937087842, 10.25330758779956675, 51.82425531585249701 ) ) ;
#6677 = CARTESIAN_POINT ( 'NONE',  ( -5.047647145646759981, 5.899233074646981656, 52.42593770756622717 ) ) ;
#6678 = CARTESIAN_POINT ( 'NONE',  ( 0.003240702178610472585, 9.885977564709367726, 53.11763948715320538 ) ) ;
#6679 = CARTESIAN_POINT ( 'NONE',  ( -5.446171944087466521, 5.100464822728655534, 20.75061983177448965 ) ) ;
#6680 = CARTESIAN_POINT ( 'NONE',  ( -0.2007606388034351153, 10.95529135052465719, 39.79943247588877142 ) ) ;
#6681 = CARTESIAN_POINT ( 'NONE',  ( -2.269463687002109875, 9.607096598288254796, 51.57814602292889106 ) ) ;
#6682 = CARTESIAN_POINT ( 'NONE',  ( -0.003977885823243681139, 7.654876028565473334, 55.86905175301567539 ) ) ;
#6683 = CARTESIAN_POINT ( 'NONE',  ( -1.068357360573028991, 9.358849997255397568, -0.1921590856987981377 ) ) ;
#6684 = CARTESIAN_POINT ( 'NONE',  ( 0.004597064389212209001, 10.37232373945060360, 51.61355873175818232 ) ) ;
#6685 = CARTESIAN_POINT ( 'NONE',  ( -2.360215572457976307, 8.298712635402647919, 53.84609526765236609 ) ) ;
#6686 = CARTESIAN_POINT ( 'NONE',  ( -0.009419070641086588203, 9.363644925908994665, 54.06364646675829277 ) ) ;
#6687 = CARTESIAN_POINT ( 'NONE',  ( -0.003977885823205168543, 10.09727211110339518, 50.95933768168647049 ) ) ;
#6688 = CARTESIAN_POINT ( 'NONE',  ( -3.124096895987027001, 6.684532527303952421, 54.72887646953898155 ) ) ;
#6689 = CARTESIAN_POINT ( 'NONE',  ( -0.3659702603214456951, 10.09250423931138130, 52.50324123933730647 ) ) ;
#6690 = CARTESIAN_POINT ( 'NONE',  ( -4.651707799363634876, 7.682485765249843723, 50.89786137166735358 ) ) ;
#6691 = CARTESIAN_POINT ( 'NONE',  ( -0.7053601804110006812, 7.638394898894645735, 55.70668317788353363 ) ) ;
#6692 = CARTESIAN_POINT ( 'NONE',  ( -3.114830612664387210, 7.852617738779428258, 52.71353767560837156 ) ) ;
#6693 = CARTESIAN_POINT ( 'NONE',  ( -5.686985053470104745, 5.884647520469293625, 42.57767753839097224 ) ) ;
#6694 = CARTESIAN_POINT ( 'NONE',  ( -0.003977885823191415655, 7.965732390366463633, 55.08318939654287760 ) ) ;
#6695 = CARTESIAN_POINT ( 'NONE',  ( -0.9534138063045198841, 10.59760757089750349, 46.41228212170305056 ) ) ;
#6696 = CARTESIAN_POINT ( 'NONE',  ( -3.318833169973499864, 8.902609528766573632, 51.50610759835149821 ) ) ;
#6697 = CARTESIAN_POINT ( 'NONE',  ( -0.01898601532351130647, 9.947031263132585011, 52.97624104550361324 ) ) ;
#6698 = CARTESIAN_POINT ( 'NONE',  ( -4.391244185482943152, 3.770900966062471049, 55.40467550874908653 ) ) ;
#6699 = CARTESIAN_POINT ( 'NONE',  ( -4.338012847855794440, 6.469108556921630004, 53.29283419533049226 ) ) ;
#6700 = CARTESIAN_POINT ( 'NONE',  ( -1.490087165051875218, 9.096088341081303597, 53.60707324189993983 ) ) ;
#6701 = CARTESIAN_POINT ( 'NONE',  ( -1.179620082567692130, 5.590989007347917372, 56.39491910405338615 ) ) ;
#6702 = CARTESIAN_POINT ( 'NONE',  ( -5.085599062108731694, 7.177880637253614360, 48.51803229362691638 ) ) ;
#6703 = CARTESIAN_POINT ( 'NONE',  ( 0.02214127068679608290, 10.12740316721983547, 52.49625826737977974 ) ) ;
#6704 = CARTESIAN_POINT ( 'NONE',  ( -0.3998130820557924126, 10.22914166153464421, 49.94308547165103107 ) ) ;
#6705 = CARTESIAN_POINT ( 'NONE',  ( -3.799136761908909143, 8.352315347645836496, 51.72301084792918857 ) ) ;
#6706 = CARTESIAN_POINT ( 'NONE',  ( -0.08781028642261255734, 9.578630241739691797, 53.71219470852651767 ) ) ;
#6707 = DIRECTION ( 'NONE',  ( 0.000000000000000000, 0.000000000000000000, -1.000000000000000000 ) ) ;
#6708 = CARTESIAN_POINT ( 'NONE',  ( -4.437691289661754190, 5.789747666291030548, 53.76363425605189406 ) ) ;
#6709 = CARTESIAN_POINT ( 'NONE',  ( -5.216789420132570854, 5.541262925817864726, 52.33223815596238637 ) ) ;
#6710 = CARTESIAN_POINT ( 'NONE',  ( -2.623230440055046131, 5.196514410837363762, -9.983752259814552943 ) ) ;
#6711 = CARTESIAN_POINT ( 'NONE',  ( 0.008382573895287636495, 10.43634948501622439, 51.31575144918748066 ) ) ;
#6712 = CARTESIAN_POINT ( 'NONE',  ( -5.310124125013300223, 4.905178157977784892, 52.67839419627814124 ) ) ;
#6713 = CARTESIAN_POINT ( 'NONE',  ( -1.713846906109988133, 1.722780135596348572, -14.99999999999998757 ) ) ;
#6714 = CARTESIAN_POINT ( 'NONE',  ( -5.046602645906626883, 5.061518255214753736, 53.22020171314164116 ) ) ;
#6715 = CARTESIAN_POINT ( 'NONE',  ( -1.863547744186143218, 8.564861273590574697, -2.994389760109194665 ) ) ;
#6716 = CARTESIAN_POINT ( 'NONE',  ( -0.01987058640682225208, 6.000596692256141118, 56.89316445967466507 ) ) ;
#6717 = CARTESIAN_POINT ( 'NONE',  ( -5.782975098275430881, 3.798715795147492802, 51.39844780009183722 ) ) ;
#6718 = CARTESIAN_POINT ( 'NONE',  ( -4.285265381572730625, 8.187964458337610552, 50.89725399226954750 ) ) ;
#6719 = CARTESIAN_POINT ( 'NONE',  ( -0.2201911210845707290, 4.328096373814459774, 57.50564250478641526 ) ) ;
#6720 = CARTESIAN_POINT ( 'NONE',  ( -4.578041688697662259, 5.448334073834271152, 53.82398724083753905 ) ) ;
#6721 = CARTESIAN_POINT ( 'NONE',  ( -0.01515043696420393868, 8.141698922717688802, 55.47799084233012223 ) ) ;
#6722 = CARTESIAN_POINT ( 'NONE',  ( -4.438198278636441785, 3.231303712777547688, -8.603753006359196931 ) ) ;
#6723 = CARTESIAN_POINT ( 'NONE',  ( -0.2182886142686928099, 10.05939351664492243, 51.11389116501862873 ) ) ;
#6724 = CARTESIAN_POINT ( 'NONE',  ( -1.884395394207293517, 8.660481593943512024, 53.85389850791777633 ) ) ;
#6725 = CARTESIAN_POINT ( 'NONE',  ( -0.003977885822812614498, 9.549283307256622777, 53.76756979902903311 ) ) ;
#6726 = CARTESIAN_POINT ( 'NONE',  ( -1.738907192681477420, 10.78298430825494947, 34.88711530612363276 ) ) ;
#6727 = CARTESIAN_POINT ( 'NONE',  ( -0.1427066738872587170, 7.122255498478978097, 56.24683404063627989 ) ) ;
#6728 = CARTESIAN_POINT ( 'NONE',  ( -2.511090751324445147, 8.773930252086415749, 53.01292261573563280 ) ) ;
#6729 = CARTESIAN_POINT ( 'NONE',  ( -0.004053061441616757216, 9.529187607814534999, 53.80241676192945022 ) ) ;
#6730 = CARTESIAN_POINT ( 'NONE',  ( -3.622006903452826165, 3.973549156591840159, 56.10440705712493070 ) ) ;
#6731 = UNCERTAINTY_MEASURE_WITH_UNIT (LENGTH_MEASURE( 1.000000000000000082E-05 ), #8230, 'distance_accuracy_value', 'NONE');
#6732 = CARTESIAN_POINT ( 'NONE',  ( -3.614893753679313981, 7.694274955901699187, 53.06725452329200010 ) ) ;
#6733 = CARTESIAN_POINT ( 'NONE',  ( -0.3591157141412837372, 9.930304584961984204, 52.93171191914494500 ) ) ;
#6734 = CARTESIAN_POINT ( 'NONE',  ( -1.404912850186506912, 3.087587550662883373, 57.56448154869202938 ) ) ;
#6735 = CARTESIAN_POINT ( 'NONE',  ( -0.9609595446482129821, 10.10962781426802160, 51.93455355578650057 ) ) ;
#6736 = CARTESIAN_POINT ( 'NONE',  ( -4.094431388295770802, 9.128636912063369024, 28.18579778507953293 ) ) ;
#6737 = CARTESIAN_POINT ( 'NONE',  ( -4.657982002097713625, 4.987454997187491301, 53.11918600053422779 ) ) ;
#6738 = CARTESIAN_POINT ( 'NONE',  ( 0.000000000000000000, 9.320758399420395079, -1.174481394705359616 ) ) ;
#6739 = EDGE_CURVE ( 'NONE', #8348, #2896, #8103, .T. ) ;
#6740 = CARTESIAN_POINT ( 'NONE',  ( -1.462434383211648364E-15, 1.562500000000000000, -14.99999999999999822 ) ) ;
#6741 = CARTESIAN_POINT ( 'NONE',  ( -1.008494196081609395, 10.90093837812614730, 39.79435526522145494 ) ) ;
#6742 = CARTESIAN_POINT ( 'NONE',  ( -3.073871091054953819, 8.410459826716421006, 52.84881849848771651 ) ) ;
#6743 = CARTESIAN_POINT ( 'NONE',  ( -0.01802874036087193793, 10.18905584828704747, 52.30250242189445942 ) ) ;
#6744 = CARTESIAN_POINT ( 'NONE',  ( -5.252988484489037546, 3.982251417521560199, 53.60811134251247267 ) ) ;
#6745 = CARTESIAN_POINT ( 'NONE',  ( -4.588842531507215661, 6.760893708430379512, 52.51835383291459181 ) ) ;
#6746 = CARTESIAN_POINT ( 'NONE',  ( -1.254903188915376333, 8.819947522657971106, 54.19319471490359064 ) ) ;
#6747 = CARTESIAN_POINT ( 'NONE',  ( -2.722204118373733994, 10.39263365943428319, 34.88726677398668130 ) ) ;
#6748 = CARTESIAN_POINT ( 'NONE',  ( -4.916182780464164459, 7.079342503833580658, 6.193793116008490252 ) ) ;
#6749 = CARTESIAN_POINT ( 'NONE',  ( 0.02275303079480688398, 10.21908556781235866, 52.20413405288216069 ) ) ;
#6750 = CARTESIAN_POINT ( 'NONE',  ( -0.4318877231182002840, 10.95870208462092599, 18.26474337904051026 ) ) ;
#6751 = CARTESIAN_POINT ( 'NONE',  ( -3.837218215406678290, 8.598527209927407711, 51.10191078364374562 ) ) ;
#6752 = CARTESIAN_POINT ( 'NONE',  ( -0.1320857629461207328, 9.961636441572247591, 52.92979436133045112 ) ) ;
#6753 = EDGE_LOOP ( 'NONE', ( #735, #5639 ) ) ;
#6754 = CARTESIAN_POINT ( 'NONE',  ( -3.844563029738244708, 5.041705286149577248, 55.21208853929353211 ) ) ;
#6755 = CARTESIAN_POINT ( 'NONE',  ( -4.709762478712963052, 5.104192357302742344, 53.88209362171667749 ) ) ;
#6756 = CARTESIAN_POINT ( 'NONE',  ( -4.559015121001467996, 8.496154166348793169, 34.88765491038616062 ) ) ;
#6757 = CARTESIAN_POINT ( 'NONE',  ( 0.0005198490874401950207, 9.475391900511095145, 53.89044291571277512 ) ) ;
#6758 = CARTESIAN_POINT ( 'NONE',  ( -3.735493490908239345, 3.626968957387742165, 56.20104581703696311 ) ) ;
#6759 = CARTESIAN_POINT ( 'NONE',  ( -5.331152239484380218, 1.753449293595974456, 53.10470177965144956 ) ) ;
#6760 = CARTESIAN_POINT ( 'NONE',  ( -2.209255058093502644, 10.09995209019500351, 7.839454754462590991 ) ) ;
#6761 = CARTESIAN_POINT ( 'NONE',  ( -0.0006330366782715634959, 9.682059482911398618, 53.53394242387396673 ) ) ;
#6762 = CARTESIAN_POINT ( 'NONE',  ( -5.542189203509009232, 3.312829799490295546, 53.19691891488407265 ) ) ;
#6763 = CARTESIAN_POINT ( 'NONE',  ( -4.228396920281058513, 8.111145681151443299, 51.21104229039315214 ) ) ;
#6764 = CARTESIAN_POINT ( 'NONE',  ( -0.5662997736516579561, 10.20019584124307599, 52.02123904052620418 ) ) ;
#6765 = CARTESIAN_POINT ( 'NONE',  ( -3.669654823932356535, 4.523551018792627332, 55.73417211293261175 ) ) ;
#6766 = CARTESIAN_POINT ( 'NONE',  ( -0.01872457859178204564, 6.382636388864086463, 56.68843160256140834 ) ) ;
#6767 = CARTESIAN_POINT ( 'NONE',  ( -5.412198423232138289, 4.562705607419650811, 28.18685487136700374 ) ) ;
#6768 = CARTESIAN_POINT ( 'NONE',  ( -2.011509872733734827, 9.159972578095869622, 52.95939642908719236 ) ) ;
#6769 = CARTESIAN_POINT ( 'NONE',  ( -5.464834764492690233, 5.003366455518602152, 51.25933768168647475 ) ) ;
#6770 = CARTESIAN_POINT ( 'NONE',  ( -1.462434383211648364E-15, 1.562500000000000000, -14.99999999999999822 ) ) ;
#6771 = CARTESIAN_POINT ( 'NONE',  ( -0.1623563373199694015, 8.428518034424298477, 55.17480258463496767 ) ) ;
#6772 = CARTESIAN_POINT ( 'NONE',  ( -2.643871090601662477, 9.122854709374850657, 52.18812550000868100 ) ) ;
#6773 = CARTESIAN_POINT ( 'NONE',  ( 0.002256008029249604793, 10.24722383504046164, 52.10666975319719540 ) ) ;
#6774 = CARTESIAN_POINT ( 'NONE',  ( -5.338276485014406880, 3.792313828672415621, 53.51716823307281601 ) ) ;
#6775 = CARTESIAN_POINT ( 'NONE',  ( -4.048443916995820402, 8.373134650172628923, 51.10456622103455970 ) ) ;
#6776 = CARTESIAN_POINT ( 'NONE',  ( -0.3628818664563046026, 10.02415470295433408, 52.69496641108355561 ) ) ;
#6777 = CARTESIAN_POINT ( 'NONE',  ( -3.580391469733694265, 6.458119203027404609, 54.40725032770315295 ) ) ;
#6778 = CARTESIAN_POINT ( 'NONE',  ( -0.6613555560935662214, 7.985907734098161015, 55.43732223640582646 ) ) ;
#6779 = CARTESIAN_POINT ( 'NONE',  ( -3.416915090795520804, 7.758230548991503994, 52.38750211972436688 ) ) ;
#6780 = CARTESIAN_POINT ( 'NONE',  ( -4.499640218426753435, 4.425541508614837305, 53.95794715113699169 ) ) ;
#6781 = CARTESIAN_POINT ( 'NONE',  ( 0.000000000000000000, 9.558814624169587049, 0.4058002874335525645 ) ) ;
#6782 = CARTESIAN_POINT ( 'NONE',  ( -4.807632783247067110, 6.478935427405406955, 50.95933768168648470 ) ) ;
#6783 = CARTESIAN_POINT ( 'NONE',  ( -0.9274281727152532406, 10.18127773826399718, 6.164272680259869297 ) ) ;
#6784 = CARTESIAN_POINT ( 'NONE',  ( -3.036994829864469558, 8.327067914881679300, 53.02074506023289757 ) ) ;
#6785 = CARTESIAN_POINT ( 'NONE',  ( -0.007723173251509412966, 10.41539355683764256, 51.41529759134071753 ) ) ;
#6786 = CARTESIAN_POINT ( 'NONE',  ( -4.800634470931751885, 3.682637632863594579, 54.82411452662399398 ) ) ;
#6787 = CARTESIAN_POINT ( 'NONE',  ( -4.428430774777994294, 6.582268529523441103, 53.02455158255687451 ) ) ;
#6788 = CARTESIAN_POINT ( 'NONE',  ( -1.281096578594588919, 8.990363380720133080, 53.94613730333954038 ) ) ;
#6789 = CARTESIAN_POINT ( 'NONE',  ( -2.266602448860684405, 8.526189263459176715, -2.401144512424425059 ) ) ;
#6790 = CARTESIAN_POINT ( 'NONE',  ( -2.098488812743535728E-32, 1.562500000000000000, 57.50000000000000000 ) ) ;
#6791 = CARTESIAN_POINT ( 'NONE',  ( 0.01068338244082656270, 6.382495913476956773, 56.69027482754896141 ) ) ;
#6792 = CARTESIAN_POINT ( 'NONE',  ( -0.4601920259110244826, 9.442429205078200383, 52.96324827539260127 ) ) ;
#6793 = CARTESIAN_POINT ( 'NONE',  ( -3.567217864292690610, 8.155952364584527103, 52.50034271512703299 ) ) ;
#6794 = CARTESIAN_POINT ( 'NONE',  ( -0.08726531688665987996, 10.12567234807075245, 52.49821452264664146 ) ) ;
#6795 = CARTESIAN_POINT ( 'NONE',  ( -4.136717788238947868, 4.217572167757707824, 55.43764453053916696 ) ) ;
#6796 = CARTESIAN_POINT ( 'NONE',  ( -5.534240631873714733, 4.140085089752943759, 52.58407386794231542 ) ) ;
#6797 = CARTESIAN_POINT ( 'NONE',  ( -5.464834764492690233, 5.003366455518602152, 51.25933768168647475 ) ) ;
#6798 = CARTESIAN_POINT ( 'NONE',  ( -5.080954795422712778, 6.299940573377264208, 51.84148585763320938 ) ) ;
#6799 = CARTESIAN_POINT ( 'NONE',  ( -5.427335159688056798, 5.559260279163990681, 51.52284097994562728 ) ) ;
#6800 = CARTESIAN_POINT ( 'NONE',  ( -0.4711973030153819297, 1.975724630817756067, 57.50000000000001421 ) ) ;
#6801 = CARTESIAN_POINT ( 'NONE',  ( 0.01294163345725252157, 10.52831795622025268, 50.81818012602228407 ) ) ;
#6802 = CARTESIAN_POINT ( 'NONE',  ( -4.981378852488410836, 4.659017644729878782, 53.71265458138792326 ) ) ;
#6803 = CARTESIAN_POINT ( 'NONE',  ( -5.491851153583059642, 1.755129812449285787, 51.24427124481609752 ) ) ;
#6804 = CARTESIAN_POINT ( 'NONE',  ( -2.106560109717565688, 9.481640075419713654, 2.031943413269968524 ) ) ;
#6805 = CARTESIAN_POINT ( 'NONE',  ( 0.001902157097892271569, 9.864606446700918241, 53.16449050902270557 ) ) ;
#6806 = CARTESIAN_POINT ( 'NONE',  ( -5.845188231948317714, 3.390749557608905729, 51.06718189144547182 ) ) ;
#6807 = CARTESIAN_POINT ( 'NONE',  ( -3.921206549557742616, 7.683842338452145704, 52.59919687448000047 ) ) ;
#6808 = CARTESIAN_POINT ( 'NONE',  ( -0.4599292844482846254, 8.362418690147231715, 55.15718824466033965 ) ) ;
#6809 = CARTESIAN_POINT ( 'NONE',  ( -4.536836265661931655, 5.526029363412958695, 53.82748536222677416 ) ) ;
#6810 = CARTESIAN_POINT ( 'NONE',  ( 0.005489976719768982841, 10.51136129757666637, 50.91778006575058413 ) ) ;
#6811 = CARTESIAN_POINT ( 'NONE',  ( -5.385386452704353566, 3.915769639166696958, 51.21727155526674835 ) ) ;
#6812 = CARTESIAN_POINT ( 'NONE',  ( -0.8937122127116353676, 4.408964835920217595, 57.34301447729471590 ) ) ;
#6813 = CARTESIAN_POINT ( 'NONE',  ( -0.003977885822394473282, 4.787215600194100418, 57.37396559250464634 ) ) ;
#6814 = CARTESIAN_POINT ( 'NONE',  ( -0.4947128696041716567, 3.879921044283138887, 57.29006770188485831 ) ) ;
#6815 = CARTESIAN_POINT ( 'NONE',  ( -0.1735929692238319666, 9.518394412757595902, 53.79937636462278761 ) ) ;
#6816 = CARTESIAN_POINT ( 'NONE',  ( -2.526076188000733413, 8.816297169926645694, 52.92540896401916939 ) ) ;
#6817 = CARTESIAN_POINT ( 'NONE',  ( -0.006819380728847309649, 9.305758960425517756, 54.14917959911057466 ) ) ;
#6818 = CARTESIAN_POINT ( 'NONE',  ( -4.064553319010414612, 3.957976625391891101, 55.67206708272975391 ) ) ;
#6819 = CARTESIAN_POINT ( 'NONE',  ( -3.637228392818945721, 7.734147470184079332, 52.98473201381843722 ) ) ;
#6820 = CARTESIAN_POINT ( 'NONE',  ( -0.3360749322783086468, 9.208025169536975696, 54.22263595092382360 ) ) ;
#6821 = CARTESIAN_POINT ( 'NONE',  ( -3.856962309182547788, 6.630611858402875036, 53.87290179120464018 ) ) ;
#6822 = CARTESIAN_POINT ( 'NONE',  ( -0.8048682195225052016, 9.669265141372850536, 53.21207174033019527 ) ) ;
#6823 = CARTESIAN_POINT ( 'NONE',  ( -3.440972098879439667, 8.151282990904606507, -0.6000364940890332566 ) ) ;
#6824 = CARTESIAN_POINT ( 'NONE',  ( -5.375293748688245721, 5.572378185805709983, 20.75050838533367425 ) ) ;
#6825 = CARTESIAN_POINT ( 'NONE',  ( 0.000000000000000000, 10.66665976604477351, 12.45405497290064289 ) ) ;
#6826 = CARTESIAN_POINT ( 'NONE',  ( -5.015251812025469214, 5.929911266454808150, 50.95933768168649181 ) ) ;
#6827 = CARTESIAN_POINT ( 'NONE',  ( -0.8972479941505865364, 9.689386722960273701, 51.94309102276059065 ) ) ;
#6828 = CARTESIAN_POINT ( 'NONE',  ( -2.325935467066724716, 6.824066465573277007, 55.34289452132112075 ) ) ;
#6829 = CARTESIAN_POINT ( 'NONE',  ( -0.02079449340819730999, 8.735491376896815652, 54.88672841955843040 ) ) ;
#6830 = CARTESIAN_POINT ( 'NONE',  ( -4.562037232551142019, 6.732630872574296710, 52.60742627221826950 ) ) ;
#6831 = CARTESIAN_POINT ( 'NONE',  ( -1.343399916209013112, 9.369738168571924319, 53.30392747808528497 ) ) ;
#6832 = CARTESIAN_POINT ( 'NONE',  ( -1.884080047037840266, 7.430406506677446288, -6.562784552483202916 ) ) ;
#6833 = CARTESIAN_POINT ( 'NONE',  ( -5.052537609866976531, 6.858451474282099447, 24.06916897584998338 ) ) ;
#6834 = CARTESIAN_POINT ( 'NONE',  ( 0.004668336588885490211, 4.357560215225201539, 57.51569750402592263 ) ) ;
#6835 = CARTESIAN_POINT ( 'NONE',  ( -0.4824322956439821564, 11.01509379457075610, 20.74936605931552336 ) ) ;
#6836 = CARTESIAN_POINT ( 'NONE',  ( -3.335990742804501696, 7.711217176765070569, 53.42912016385555063 ) ) ;
#6837 = CARTESIAN_POINT ( 'NONE',  ( -0.04865165938613097429, 9.005553024801416839, 54.56887850183346700 ) ) ;
#6838 = CARTESIAN_POINT ( 'NONE',  ( -5.673687940651897854, 4.195281895827882579, 51.82624075580365997 ) ) ;
#6839 = CARTESIAN_POINT ( 'NONE',  ( -5.215846441077756523, 6.408895586411068379, 51.21007371069312342 ) ) ;
#6840 = CARTESIAN_POINT ( 'NONE',  ( -1.664731158854481308, 8.987959592521590935, 53.60604676623153608 ) ) ;
#6841 = CARTESIAN_POINT ( 'NONE',  ( -5.366500543442173310, 5.762450694722793365, 51.52469182829557326 ) ) ;
#6842 = CARTESIAN_POINT ( 'NONE',  ( -4.953842292926948332, 8.134413421362612695, 46.33070844279183831 ) ) ;
#6843 = CARTESIAN_POINT ( 'NONE',  ( -0.01125393002540756027, 4.780499862547578971, 57.38512880471217414 ) ) ;
#6844 = CARTESIAN_POINT ( 'NONE',  ( -5.660368675976513941, 5.097205344405657534, 50.87107524926342705 ) ) ;
#6845 = CARTESIAN_POINT ( 'NONE',  ( 0.002966364994216787437, 9.947143869019413387, 52.97604372315932153 ) ) ;
#6846 = CARTESIAN_POINT ( 'NONE',  ( -5.781973825596643302, 3.381715777262577216, 51.82112962331480333 ) ) ;
#6847 = CARTESIAN_POINT ( 'NONE',  ( -3.931594846029823120, 7.862093765800484135, 52.32168321122359345 ) ) ;
#6848 = CARTESIAN_POINT ( 'NONE',  ( -0.6778319156331961137, 10.30089873521910349, 51.52885763811701736 ) ) ;
#6849 = CARTESIAN_POINT ( 'NONE',  ( -4.968796423491124159, 5.835745128310791507, 52.69019758513278617 ) ) ;
#6850 = CARTESIAN_POINT ( 'NONE',  ( 0.006880812086142358043, 10.24722440669224177, 52.10655998703774117 ) ) ;
#6851 = CARTESIAN_POINT ( 'NONE',  ( -5.408225639275548779, 3.951715834107879743, 2.088320378743061312 ) ) ;
#6852 = CARTESIAN_POINT ( 'NONE',  ( -2.865858044529491444, 6.287057205862521592, 55.30334686816328116 ) ) ;
#6853 = DIRECTION ( 'NONE',  ( 1.000000000000000000, -0.000000000000000000, -3.335730344018427286E-15 ) ) ;
#6854 = CARTESIAN_POINT ( 'NONE',  ( -1.731108479790629096, 10.70171984927690900, 15.74459014520227385 ) ) ;
#6855 = CARTESIAN_POINT ( 'NONE',  ( -0.1754341591546698109, 9.742499606531414003, 53.39578581185835304 ) ) ;
#6856 = CARTESIAN_POINT ( 'NONE',  ( -2.451559045941942294, 8.594934031716254808, 53.35242478446641456 ) ) ;
#6857 = CARTESIAN_POINT ( 'NONE',  ( 0.001739216038269113165, 10.34878463794705716, 51.71252108660033997 ) ) ;
#6858 = CARTESIAN_POINT ( 'NONE',  ( -1.358505765192629111, 10.03343211582610550, 51.25933768168647475 ) ) ;
#6859 = CARTESIAN_POINT ( 'NONE',  ( -4.783839549832742399, 5.792284678403569309, 53.12918154905487000 ) ) ;
#6860 = CARTESIAN_POINT ( 'NONE',  ( -0.3644260633888751766, 10.05832947113285769, 52.59910382521043459 ) ) ;
#6861 = CARTESIAN_POINT ( 'NONE',  ( -4.026288110739491444, 7.205983023490408534, 53.02738033700581610 ) ) ;
#6862 = CARTESIAN_POINT ( 'NONE',  ( -0.7508885029179482862, 9.072037929460401884, 54.20812074642264378 ) ) ;
#6863 = CARTESIAN_POINT ( 'NONE',  ( -4.220512750064025376, 9.213525268944803059, 37.30764205919631848 ) ) ;
#6864 = CARTESIAN_POINT ( 'NONE',  ( -4.717828802517396447, 4.631578503948690972, 53.28764664463188439 ) ) ;
#6865 = CARTESIAN_POINT ( 'NONE',  ( -0.007798337568279160512, 4.057638003756526501, 57.30229377966871596 ) ) ;
#6866 = CARTESIAN_POINT ( 'NONE',  ( -3.045149415346650734, 8.807121952505632123, 50.95933768168645628 ) ) ;
#6867 = CARTESIAN_POINT ( 'NONE',  ( -0.6853382866048713939, 9.153573997592353351, -1.775590900610732659 ) ) ;
#6868 = CARTESIAN_POINT ( 'NONE',  ( -3.303084320818257869, 8.872544315152941508, 51.60846745869832830 ) ) ;
#6869 = CARTESIAN_POINT ( 'NONE',  ( -0.02087973622844971344, 10.52825815498632878, 50.81844241296192877 ) ) ;
#6870 = CARTESIAN_POINT ( 'NONE',  ( -4.325263680448243164, 6.452517510057850458, 53.33046605277392160 ) ) ;
#6871 = CARTESIAN_POINT ( 'NONE',  ( -1.470517502120004538, 9.963960597864714330, 51.75247740725694712 ) ) ;
#6872 = CARTESIAN_POINT ( 'NONE',  ( -2.171288733736514320, 8.249201582228939955, -3.601472111909685747 ) ) ;
#6873 = CARTESIAN_POINT ( 'NONE',  ( -4.081417147462460093, 5.389631986384722850, -5.855416829380482469 ) ) ;
#6874 = CARTESIAN_POINT ( 'NONE',  ( 0.02327968902170044624, 8.141710742522397126, 55.48024748928929029 ) ) ;
#6875 = CARTESIAN_POINT ( 'NONE',  ( -0.3836591966650284569, 9.374816111158347454, 53.14651912703870096 ) ) ;
#6876 = CARTESIAN_POINT ( 'NONE',  ( -3.429316349486293269, 7.903155951295985915, 53.06635405073083689 ) ) ;
#6877 = CARTESIAN_POINT ( 'NONE',  ( -0.04107686463578509584, 10.12684588880691550, 52.49742712527375232 ) ) ;
#6878 = CARTESIAN_POINT ( 'NONE',  ( -5.104968033478946232, 6.319433908845601522, 51.73883483497846925 ) ) ;
#6879 = CARTESIAN_POINT ( 'NONE',  ( -1.675271153333375507, 9.037576403002638870, 53.52114355857128203 ) ) ;
#6880 = CARTESIAN_POINT ( 'NONE',  ( -3.290154553311148256, 3.802543846004916350, 56.45532394290092526 ) ) ;
#6881 = CARTESIAN_POINT ( 'NONE',  ( -3.919373166515141449, 6.593459239873397770, -3.662497171328991552 ) ) ;
#6882 = CARTESIAN_POINT ( 'NONE',  ( 0.01276312035202046245, 10.05977890641830719, 52.68950574312467694 ) ) ;
#6883 = CARTESIAN_POINT ( 'NONE',  ( -0.1839529770915948326, 9.775622118782189673, 2.016365567547138582 ) ) ;
#6884 = CARTESIAN_POINT ( 'NONE',  ( -5.228355244535835666, 4.852296604491105114, 52.95696128838321926 ) ) ;
#6885 = CARTESIAN_POINT ( 'NONE',  ( -5.010748129732273348, 5.031136080661836374, 53.32752423658850915 ) ) ;
#6886 = CARTESIAN_POINT ( 'NONE',  ( 0.001303689876765221859, 9.821261522669459509, 53.25798005873902241 ) ) ;
#6887 = CARTESIAN_POINT ( 'NONE',  ( -4.371236595091984256, 2.945901548957601701, 55.89223813997345047 ) ) ;
#6888 = CARTESIAN_POINT ( 'NONE',  ( -0.4925687962455554403, 10.48249074340559694, 50.82426786584514389 ) ) ;
#6889 = CARTESIAN_POINT ( 'NONE',  ( -2.721655204612862811, 3.152523225435639453, 57.06975512214710022 ) ) ;
#6890 = CARTESIAN_POINT ( 'NONE',  ( 0.005087073912863396101, 9.947148104939632418, 52.97601934459392226 ) ) ;
#6891 = CARTESIAN_POINT ( 'NONE',  ( -1.462434383211648364E-15, 1.562500000000000000, -14.99999999999999822 ) ) ;
#6892 = CARTESIAN_POINT ( 'NONE',  ( -3.886895450749580760, 8.308511996904824670, 51.62211915669076490 ) ) ;
#6893 = CARTESIAN_POINT ( 'NONE',  ( -0.003977885822662209636, 3.988646588841838536, 57.60324137038323755 ) ) ;
#6894 = CARTESIAN_POINT ( 'NONE',  ( -1.266427250008131944, 8.991571901814609191, 53.14231403065335257 ) ) ;
#6895 = CARTESIAN_POINT ( 'NONE',  ( -0.2696431873814879032, 10.00436428736487571, 52.78897371611326861 ) ) ;
#6896 = CARTESIAN_POINT ( 'NONE',  ( -2.473625681473104798, 8.960805212070457770, 52.74596314460740132 ) ) ;
#6897 = CARTESIAN_POINT ( 'NONE',  ( -0.004725171987715833834, 9.529184386574060639, 53.80240725092002663 ) ) ;
#6898 = CARTESIAN_POINT ( 'NONE',  ( -0.05196771471617812194, 3.988646581341502184, 57.18867670916517909 ) ) ;
#6899 = CARTESIAN_POINT ( 'NONE',  ( -5.085595186207023666, 6.052138355089994981, 52.14218677945211056 ) ) ;
#6900 = CARTESIAN_POINT ( 'NONE',  ( -2.038730919285127285, 9.599458822878551345, 51.97107586678374247 ) ) ;
#6901 = CARTESIAN_POINT ( 'NONE',  ( -3.655395185129632463, 6.905605543441512673, 53.88315268657827772 ) ) ;
#6902 = CARTESIAN_POINT ( 'NONE',  ( -0.9785049260455356279, 10.21178789590170766, 51.53725893787044754 ) ) ;
#6903 = CARTESIAN_POINT ( 'NONE',  ( -4.927117569406271436, 5.556495060987406198, 53.04847971941941154 ) ) ;
#6904 = CARTESIAN_POINT ( 'NONE',  ( -1.493000672396031403, 4.522456912920455707, -13.03317555558131779 ) ) ;
#6905 = CARTESIAN_POINT ( 'NONE',  ( -5.404071101627862639, 5.309429423173238405, 9.122545990828593077 ) ) ;
#6906 = CARTESIAN_POINT ( 'NONE',  ( 0.000000000000000000, 9.221688554700632423, -1.764556160177183974 ) ) ;
#6907 = CARTESIAN_POINT ( 'NONE',  ( -2.432738657479108557, 9.433511106443798866, 51.78493440903895362 ) ) ;
#6908 = CARTESIAN_POINT ( 'NONE',  ( -2.400681986085472897, 9.252777965348332856, 50.95933768168647049 ) ) ;
#6909 = CARTESIAN_POINT ( 'NONE',  ( -0.6874666373601723279, 8.797955141770223975, -3.565116757362012390 ) ) ;
#6910 = CARTESIAN_POINT ( 'NONE',  ( -3.034413016346236169, 8.772755819697698243, 52.29721078066668838 ) ) ;
#6911 = CARTESIAN_POINT ( 'NONE',  ( -0.02568436982863634213, 7.818586393915642141, 55.75151374359469258 ) ) ;
#6912 = CARTESIAN_POINT ( 'NONE',  ( -4.622596555055475065, 7.068734416136140730, 52.04250352351567699 ) ) ;
#6913 = CARTESIAN_POINT ( 'NONE',  ( -1.298177140755842007, 9.098786668394470922, 53.77852131575369299 ) ) ;
#6914 = CARTESIAN_POINT ( 'NONE',  ( -1.018484212451576498, 4.972338285599645857, -13.04701275837815722 ) ) ;
#6915 = CARTESIAN_POINT ( 'NONE',  ( -4.629544162958748821, 5.812859317794976555, 52.42601143496749927 ) ) ;
#6916 = CARTESIAN_POINT ( 'NONE',  ( 0.05938871186136197855, 10.24723485785080435, 52.10529883558353959 ) ) ;
#6917 = CARTESIAN_POINT ( 'NONE',  ( -0.4831210729676732596, 9.997487519179466986, 4.078575835664241644 ) ) ;
#6918 = CARTESIAN_POINT ( 'NONE',  ( -3.252189952181692600, 7.528758241568981546, 53.74539427977256878 ) ) ;
#6919 = CARTESIAN_POINT ( 'NONE',  ( -0.04884991041268170464, 6.764179075081811376, 56.48178257642207711 ) ) ;
#6920 = CARTESIAN_POINT ( 'NONE',  ( -4.880881892927538601, 6.514684737886819121, 52.14270678405475934 ) ) ;
#6921 = CARTESIAN_POINT ( 'NONE',  ( -1.495139633887418329, 8.121553216224189242, 54.81473943312136043 ) ) ;
#6922 = CARTESIAN_POINT ( 'NONE',  ( -5.157371654280065165, 5.618690680980625629, 52.42409839839914554 ) ) ;
#6923 = CARTESIAN_POINT ( 'NONE',  ( -0.9945382658252533981, 2.882420360826901007, -14.99999999999999645 ) ) ;
#6924 = CARTESIAN_POINT ( 'NONE',  ( -0.01022032138142901433, 4.357709119234000283, 57.51505165012190446 ) ) ;
#6925 = CARTESIAN_POINT ( 'NONE',  ( -0.1628103730477422073, 9.408620294931029804, -0.5880115596704532654 ) ) ;
#6926 = CARTESIAN_POINT ( 'NONE',  ( -2.629766876568874867, 2.787585571706503451, 57.24458641871810727 ) ) ;
#6927 = CARTESIAN_POINT ( 'NONE',  ( 0.004296332166221915501, 10.32524456466408758, 51.81137059923239718 ) ) ;
#6928 = CARTESIAN_POINT ( 'NONE',  ( -5.645805545260701663, 3.350042674739683868, 52.73485680943366560 ) ) ;
#6929 = CARTESIAN_POINT ( 'NONE',  ( -0.3854171754068407840, 8.382995387897306472, 55.16164998739502323 ) ) ;
#6930 = CARTESIAN_POINT ( 'NONE',  ( -5.445160580215352653, 5.331498584432248222, 51.73259416196290772 ) ) ;
#6931 = CARTESIAN_POINT ( 'NONE',  ( 0.002727730234428567963, 9.776173851673361170, 53.35066932496520309 ) ) ;
#6932 = CARTESIAN_POINT ( 'NONE',  ( -3.920175305254420373, 2.293164438744901723, 56.18528307002060274 ) ) ;
#6933 = CARTESIAN_POINT ( 'NONE',  ( -3.925164571920402690, 8.366837453190107965, 51.41580725145507103 ) ) ;
#6934 = DIRECTION ( 'NONE',  ( -1.000000000000000000, 0.000000000000000000, 0.000000000000000000 ) ) ;
#6935 = CARTESIAN_POINT ( 'NONE',  ( -1.630742912600362526, 9.163512269464403559, -0.5929975080879131832 ) ) ;
#6936 = CARTESIAN_POINT ( 'NONE',  ( -0.1312988641095860498, 9.723880674412670899, 53.44165426792196172 ) ) ;
#6937 = CARTESIAN_POINT ( 'NONE',  ( -2.358103720280023463, 8.609669982038418823, 53.43579562656074700 ) ) ;
#6938 = CARTESIAN_POINT ( 'NONE',  ( -0.01466634750415133151, 8.438638263369119485, 55.18248410685178840 ) ) ;
#6939 = DIRECTION ( 'NONE',  ( -0.000000000000000000, -0.000000000000000000, -1.000000000000000000 ) ) ;
#6940 = CARTESIAN_POINT ( 'NONE',  ( -4.522625990400892526, 5.635124670036458561, 53.75721718715773534 ) ) ;
#6941 = CARTESIAN_POINT ( 'NONE',  ( -0.9443189261756501640, 4.803584958571054386, 57.18059543094020114 ) ) ;
#6942 = CARTESIAN_POINT ( 'NONE',  ( -4.251569760468770554, 7.508517554263266724, 52.23281585739622557 ) ) ;
#6943 = CARTESIAN_POINT ( 'NONE',  ( -0.7048323145643821119, 9.586656138037259467, 53.43689210277752011 ) ) ;
#6944 = CARTESIAN_POINT ( 'NONE',  ( -2.578275077541137161, 3.319417613148405444, 57.08002892804475437 ) ) ;
#6945 = VECTOR ( 'NONE', #675, 39.37007874015748143 ) ;
#6946 = CARTESIAN_POINT ( 'NONE',  ( -2.861435053376815585, 6.434032430616709597, -6.993487564530862954 ) ) ;
#6947 = CARTESIAN_POINT ( 'NONE',  ( -4.616518006225173387, 4.144998322331375995, 53.94869492883965734 ) ) ;
#6948 = CARTESIAN_POINT ( 'NONE',  ( -0.04821869192412620714, 8.027741006103719101, 55.11323332030671907 ) ) ;
#6949 = CARTESIAN_POINT ( 'NONE',  ( -2.344579530594712136, 9.197922410011926786, 52.46508949805990341 ) ) ;
#6950 = CARTESIAN_POINT ( 'NONE',  ( -4.747319672660442080, 6.614386088377711914, 50.95933768168648470 ) ) ;
#6951 = CARTESIAN_POINT ( 'NONE',  ( -0.9480884283525375933, 9.891490401881323891, 51.12348315999013693 ) ) ;
#6952 = CARTESIAN_POINT ( 'NONE',  ( -1.721511193560866904, 5.467980154618158117, 56.58407481635686764 ) ) ;
#6953 = CARTESIAN_POINT ( 'NONE',  ( -0.02633271906155401978, 7.474347358822571508, 56.00291899877511526 ) ) ;
#6954 = CARTESIAN_POINT ( 'NONE',  ( -4.294831517634240647, 6.693552823480632519, 53.14336231668956145 ) ) ;
#6955 = CARTESIAN_POINT ( 'NONE',  ( -0.9491879993184866304, 9.276140055430454723, 53.78371775930011012 ) ) ;
#6956 = CARTESIAN_POINT ( 'NONE',  ( -3.629999378763916873, 9.740754198530828134, 34.88742770859148123 ) ) ;
#6957 = CARTESIAN_POINT ( 'NONE',  ( -2.771732238217457400, 8.594005780857143506, 51.98139261220047302 ) ) ;
#6958 = CARTESIAN_POINT ( 'NONE',  ( -4.531760854391879256, 5.719765705492166674, 52.73769812761312892 ) ) ;
#6959 = CARTESIAN_POINT ( 'NONE',  ( 0.06577088908467901285, 9.753229852727468341, 53.39691182339395681 ) ) ;
#6960 = CARTESIAN_POINT ( 'NONE',  ( -5.499916419961849989, 2.116253010718910144, 24.07192011475970972 ) ) ;
#6961 = CARTESIAN_POINT ( 'NONE',  ( -0.4071390963339768243, 8.307467226462819099, -5.803391791170590785 ) ) ;
#6962 = CARTESIAN_POINT ( 'NONE',  ( -3.434427227297471852, 8.297267833918477109, 52.49709695074163562 ) ) ;
#6963 = CARTESIAN_POINT ( 'NONE',  ( -0.08813610639502417188, 10.21745815961013371, 52.20636248129965651 ) ) ;
#6964 = CARTESIAN_POINT ( 'NONE',  ( -5.637709680685252245, 4.400916152247451585, 51.82794907873956447 ) ) ;
#6965 = CARTESIAN_POINT ( 'NONE',  ( -5.063504084804616667, 6.413965180999233517, 51.73903127904979726 ) ) ;
#6966 = CARTESIAN_POINT ( 'NONE',  ( -1.013078874451450062, 5.600131133746725887, 56.83276005547949694 ) ) ;
#6967 = CARTESIAN_POINT ( 'NONE',  ( -4.889889733772951885, 5.400687623638379620, 53.26683949715805966 ) ) ;
#6968 = CARTESIAN_POINT ( 'NONE',  ( -4.205630674036768823, 7.224867653557176084, 51.61088415061164625 ) ) ;
#6969 = CARTESIAN_POINT ( 'NONE',  ( 0.01057268099067784801, 9.885994821270314148, 53.11758797494867679 ) ) ;
#6970 = CARTESIAN_POINT ( 'NONE',  ( -0.2119024828867407395, 9.973917133973925431, 51.52531748111456267 ) ) ;
#6971 = CARTESIAN_POINT ( 'NONE',  ( -2.341663370433944902, 2.628103161001875687, 57.40608435584988456 ) ) ;
#6972 = CARTESIAN_POINT ( 'NONE',  ( -5.708490305299783962, 3.570012559877858926, 52.22075897028101821 ) ) ;
#6973 = CARTESIAN_POINT ( 'NONE',  ( -0.4800244452915077287, 10.34424805823370619, 51.52395308499897908 ) ) ;
#6974 = CARTESIAN_POINT ( 'NONE',  ( -5.591171833042622552, 5.417727260633582453, 50.87583752037760831 ) ) ;
#6975 = CARTESIAN_POINT ( 'NONE',  ( -0.01749757039607411843, 5.601955261951752973, 57.07411563040432156 ) ) ;
#6976 = CARTESIAN_POINT ( 'NONE',  ( -5.244759327545816419, 2.771912098212069520, 53.10937410896830357 ) ) ;
#6977 = CARTESIAN_POINT ( 'NONE',  ( -1.833932143696580752, 10.05834283528669104, 6.169362410561354260 ) ) ;
#6978 = CARTESIAN_POINT ( 'NONE',  ( -0.1070011816774572577, 6.760938907006906362, 56.47805583314450217 ) ) ;
#6979 = CARTESIAN_POINT ( 'NONE',  ( -2.365367684381896929, 8.633496637111980121, 53.39410723274453119 ) ) ;
#6980 = CARTESIAN_POINT ( 'NONE',  ( 0.001893476336684324140, 9.985813874914548194, 52.88093952905503414 ) ) ;
#6981 = CARTESIAN_POINT ( 'NONE',  ( -3.327414422033198260, 3.962726245276833037, 55.78922434115806794 ) ) ;
#6982 = CARTESIAN_POINT ( 'NONE',  ( -3.475916053210400758, 4.401692401132429211, 55.99866005611546171 ) ) ;
#6983 = CARTESIAN_POINT ( 'NONE',  ( -5.397025243952795037, 3.649342464430020527, 53.45131283666307809 ) ) ;
#6984 = CARTESIAN_POINT ( 'NONE',  ( -2.088076756841101833, 9.409989943570865378, 52.36138833079081678 ) ) ;
#6985 = CARTESIAN_POINT ( 'NONE',  ( -4.456848923187852307, 7.760119726191255118, 51.31821713397481943 ) ) ;
#6986 = CARTESIAN_POINT ( 'NONE',  ( -0.8623393766091079771, 10.14340021337701536, 51.93150058274900971 ) ) ;
#6987 = CARTESIAN_POINT ( 'NONE',  ( -4.851424189534691678, 5.486248405789712734, 53.26932491626116217 ) ) ;
#6988 = CARTESIAN_POINT ( 'NONE',  ( -3.609615990276089370, 7.810530542441543211, -1.207504863741765133 ) ) ;
#6989 = CARTESIAN_POINT ( 'NONE',  ( -5.465993758303994809, 4.949381208680300404, 36.12805437041341605 ) ) ;
#6990 = CARTESIAN_POINT ( 'NONE',  ( -0.01675264633533174452, 9.115961884907457957, -2.355758092288528616 ) ) ;
#6991 = CARTESIAN_POINT ( 'NONE',  ( -2.531024975071464400, 9.682139166632849125, 50.87070684219256123 ) ) ;
#6992 = CARTESIAN_POINT ( 'NONE',  ( -5.324649554768573267, 6.291894029301123403, 50.95933768168648470 ) ) ;
#6993 = CARTESIAN_POINT ( 'NONE',  ( -0.4991989268253528289, 5.398769706371402854, -13.06205319620081085 ) ) ;
#6994 = CARTESIAN_POINT ( 'NONE',  ( -2.796490266401400859, 8.710820839780160085, 52.75411136153485359 ) ) ;
#6995 = CARTESIAN_POINT ( 'NONE',  ( -0.003829893996297596952, 10.30030517336857088, 51.91018219829601321 ) ) ;
#6996 = AXIS2_PLACEMENT_3D ( 'NONE', #1756, #497, #5061 ) ;
#6997 = CARTESIAN_POINT ( 'NONE',  ( -4.360076344448745367, 6.775865925500514919, 52.94507566450850078 ) ) ;
#6998 = CARTESIAN_POINT ( 'NONE',  ( -1.263657694553156130, 10.02528286991891093, 51.84523675676212662 ) ) ;
#6999 = CARTESIAN_POINT ( 'NONE',  ( -2.835720776336645432, 8.338104995694283872, -1.804281225737959904 ) ) ;
#7000 = CARTESIAN_POINT ( 'NONE',  ( -2.510204940176687938, 8.390130526622096241, -2.406484091263935365 ) ) ;
#7001 = EDGE_CURVE ( 'NONE', #1867, #4092, #6571, .T. ) ;
#7002 = CARTESIAN_POINT ( 'NONE',  ( -5.644683073692225328, 6.331825083469798443, 42.58336156128778782 ) ) ;
#7003 = CARTESIAN_POINT ( 'NONE',  ( 0.05914980286568962548, 9.475554838284656611, 53.89161784597011717 ) ) ;
#7004 = CARTESIAN_POINT ( 'NONE',  ( -5.498683046571825273, 2.171495114905540369, 4.164250925415753812 ) ) ;
#7005 = CARTESIAN_POINT ( 'NONE',  ( -0.4443611083695648833, 9.188838815002645433, -1.772280478480669164 ) ) ;
#7006 = CARTESIAN_POINT ( 'NONE',  ( -3.232538380377334875, 7.890242684015732699, 53.35065521968438418 ) ) ;
#7007 = CARTESIAN_POINT ( 'NONE',  ( -0.02991088193576076776, 10.24700245348938843, 52.10728939576780050 ) ) ;
#7008 = CARTESIAN_POINT ( 'NONE',  ( -5.778464391462176053, 4.232509772660912439, 50.96717782500398641 ) ) ;
#7009 = CARTESIAN_POINT ( 'NONE',  ( -4.600011535471381308, 6.241416844052610990, 53.06025197304386865 ) ) ;
#7010 = CARTESIAN_POINT ( 'NONE',  ( -0.7657433533335241682, 4.918869418950207795, 57.18924921130953720 ) ) ;
#7011 = CARTESIAN_POINT ( 'NONE',  ( -5.278973134648586196, 5.703242785183337382, 51.94176217028538645 ) ) ;
#7012 = CARTESIAN_POINT ( 'NONE',  ( -2.060046086595749060, 3.912165164583081278, -13.01512703019410999 ) ) ;
#7013 = CARTESIAN_POINT ( 'NONE',  ( 0.01596690041814242608, 9.966788277724612399, 52.92839788336240758 ) ) ;
#7014 = CARTESIAN_POINT ( 'NONE',  ( -0.04863792799885232471, 3.731664078162012732, -15.00000000000000000 ) ) ;
#7015 = CARTESIAN_POINT ( 'NONE',  ( -5.221211379943541786, 4.619783656171337682, 53.17070241303667189 ) ) ;
#7016 = CARTESIAN_POINT ( 'NONE',  ( -5.572861775015967467, 3.526885768864418846, 52.92525143792772724 ) ) ;
#7017 = CARTESIAN_POINT ( 'NONE',  ( -0.2741618605729351232, 5.965577928791568674, 56.87701551924804733 ) ) ;
#7018 = CARTESIAN_POINT ( 'NONE',  ( -5.047928902712610189, 5.180545494668488793, 53.11465053637764555 ) ) ;
#7019 = CARTESIAN_POINT ( 'NONE',  ( 0.003418930970128283408, 9.753063236524297963, 53.39672064008125574 ) ) ;
#7020 = CARTESIAN_POINT ( 'NONE',  ( -5.538388387100074084, 3.513810760565275970, 37.29699194514105187 ) ) ;
#7021 = CARTESIAN_POINT ( 'NONE',  ( -1.559478963209230740, 8.822151299012967129, -2.387261607441678368 ) ) ;
#7022 = CARTESIAN_POINT ( 'NONE',  ( -0.1314730951326056607, 9.793288597442550980, 53.30409157763895678 ) ) ;
#7023 = CARTESIAN_POINT ( 'NONE',  ( -2.430207305266354201, 8.836082067385158112, 53.01153483529542143 ) ) ;
#7024 = CARTESIAN_POINT ( 'NONE',  ( -0.01840257951432516803, 7.818657165115211249, 55.75192249225665364 ) ) ;
#7025 = CARTESIAN_POINT ( 'NONE',  ( -2.516779494346930601, 3.980240872185899281, 56.36976886118968366 ) ) ;
#7026 = CARTESIAN_POINT ( 'NONE',  ( -4.822914279626360212, 5.830153115857202195, 53.01537927129004402 ) ) ;
#7027 = CARTESIAN_POINT ( 'NONE',  ( -5.678549868305817760, 3.769787361698508033, 52.22222865260966529 ) ) ;
#7028 = CARTESIAN_POINT ( 'NONE',  ( -1.409529353820117459, 6.857222777088152199, 55.91533851081437234 ) ) ;
#7029 = CARTESIAN_POINT ( 'NONE',  ( -4.126654531668918047, 7.346670676653141996, 52.69058446413910701 ) ) ;
#7030 = CARTESIAN_POINT ( 'NONE',  ( -0.8331136487786026112, 9.926209388411812995, 52.60881617285888723 ) ) ;
#7031 = CARTESIAN_POINT ( 'NONE',  ( -4.901611934018198724, 5.533572414535145256, 53.12345704753048636 ) ) ;
#7032 = CARTESIAN_POINT ( 'NONE',  ( -3.959748546387493739, 7.816245167335994282, 0.4154628882831081227 ) ) ;
#7033 = CARTESIAN_POINT ( 'NONE',  ( -5.445266035305967200, 4.922512565490790415, 9.122847020316262601 ) ) ;
#7034 = CARTESIAN_POINT ( 'NONE',  ( -0.01757953935625993641, 9.002309112509667699, -2.948950321278811515 ) ) ;
#7035 = CARTESIAN_POINT ( 'NONE',  ( -2.183489875815757930, 8.684572234431568560, 53.51983511533851612 ) ) ;
#7036 = CARTESIAN_POINT ( 'NONE',  ( -5.169441281121853748, 6.679676548904152966, 50.95933768168648470 ) ) ;
#7037 = CARTESIAN_POINT ( 'NONE',  ( -1.382952658785800759, 10.86319166535732883, 37.31395782450809406 ) ) ;
#7038 = CARTESIAN_POINT ( 'NONE',  ( -2.673611639131091344, 8.384423684591972403, 53.39396744481589963 ) ) ;
#7039 = CARTESIAN_POINT ( 'NONE',  ( -0.004355892963758997184, 10.37232259424957803, 51.61371685503888784 ) ) ;
#7040 = CARTESIAN_POINT ( 'NONE',  ( -4.597085413621936567, 7.041857387122513856, 52.14032453750412799 ) ) ;
#7041 = CARTESIAN_POINT ( 'NONE',  ( -0.9725072759993027560, 9.476811146960212540, 53.43569851977436258 ) ) ;
#7042 = CARTESIAN_POINT ( 'NONE',  ( -2.824167051866786959, 7.950930136980220553, 52.96611874283176746 ) ) ;
#7043 = CARTESIAN_POINT ( 'NONE',  ( -4.755637286759029081, 5.497483761685439951, 52.43151276571665420 ) ) ;
#7044 = CARTESIAN_POINT ( 'NONE',  ( 0.06287143082453450216, 10.51135487410294012, 50.91720823723540690 ) ) ;
#7045 = CARTESIAN_POINT ( 'NONE',  ( -5.501869644298668760, 1.761365374438569331, -2.555992298770411786 ) ) ;
#7046 = CARTESIAN_POINT ( 'NONE',  ( -0.4498349533287793744, 9.445198477589714869, -0.1915401261150063150 ) ) ;
#7047 = CARTESIAN_POINT ( 'NONE',  ( -1.430350142575478101, 4.002846088125761703, 57.31742570866739328 ) ) ;
#7048 = CARTESIAN_POINT ( 'NONE',  ( -0.03001945403896341333, 9.985518046742882348, 52.88128123312286277 ) ) ;
#7049 = CARTESIAN_POINT ( 'NONE',  ( -5.125910509024959261, 4.109441003777764223, 53.83103268348608594 ) ) ;
#7050 = CARTESIAN_POINT ( 'NONE',  ( -4.886371093762304163, 6.263518091475861027, 52.42711295456204823 ) ) ;
#7051 = CARTESIAN_POINT ( 'NONE',  ( -1.722828393143506220, 9.664693037802026154, 52.25337991994480547 ) ) ;
#7052 = CARTESIAN_POINT ( 'NONE',  ( -1.819218896614683390, 2.688191170389175877, 57.54532269802989930 ) ) ;
#7053 = CARTESIAN_POINT ( 'NONE',  ( -4.713198521751087000, 7.307657484439386231, 4.122164916415009372 ) ) ;
#7054 = CARTESIAN_POINT ( 'NONE',  ( 0.01818832541965613100, 10.39446119756717124, 51.51415221754398743 ) ) ;
#7055 = CARTESIAN_POINT ( 'NONE',  ( -0.2049181504344997351, 7.992667831331453421, -6.993367725416565150 ) ) ;
#7056 = CARTESIAN_POINT ( 'NONE',  ( -3.990080118859288039, 3.654415893148521111, 55.94226493600218220 ) ) ;
#7057 = ORIENTED_EDGE ( 'NONE', *, *, #7902, .T. ) ;
#7058 = CARTESIAN_POINT ( 'NONE',  ( -0.4819030678730374384, 10.36581396725690496, 51.42420837027276548 ) ) ;
#7059 = CARTESIAN_POINT ( 'NONE',  ( -3.393184967236304583, 3.666279916105429137, 56.44547569007788468 ) ) ;
#7060 = CARTESIAN_POINT ( 'NONE',  ( -0.01595393397969189705, 5.191242384494510809, 57.22954720730299272 ) ) ;
#7061 = CARTESIAN_POINT ( 'NONE',  ( -5.494098921449448447, 2.842929562439594715, 50.65005497149203251 ) ) ;
#7062 = CARTESIAN_POINT ( 'NONE',  ( -1.072178242363781564, 6.576976564214382037, -10.01776367681108049 ) ) ;
#7063 = CARTESIAN_POINT ( 'NONE',  ( -0.1304538020665213238, 9.413799788307491312, 53.97428233855579549 ) ) ;
#7064 = CARTESIAN_POINT ( 'NONE',  ( -1.618076450142000633, 5.954938685893998773, 56.38293848071397463 ) ) ;
#7065 = CARTESIAN_POINT ( 'NONE',  ( 0.002639685148377826206, 10.32524422595426827, 51.81140983542919543 ) ) ;
#7066 = CARTESIAN_POINT ( 'NONE',  ( -2.954545770636778368, 2.313285648676442374, 57.22244982690730097 ) ) ;
#7067 = CARTESIAN_POINT ( 'NONE',  ( -5.189907160379573448, 6.259225576194549667, 51.52831093744752877 ) ) ;
#7068 = CARTESIAN_POINT ( 'NONE',  ( -5.525242296366275063, 3.713573243115785072, 52.96597671532971674 ) ) ;
#7069 = CARTESIAN_POINT ( 'NONE',  ( -2.006755399552397456, 9.501886658636852445, 52.26313660175068065 ) ) ;
#7070 = CARTESIAN_POINT ( 'NONE',  ( -4.273597040474838238, 7.844550554446794166, 51.62923033648434767 ) ) ;
#7071 = CARTESIAN_POINT ( 'NONE',  ( -0.8500644469607868681, 10.05740284099971582, 52.22510360170532806 ) ) ;
#7072 = CARTESIAN_POINT ( 'NONE',  ( -4.631266758338094647, 5.262269316054517532, 53.88990095071774533 ) ) ;
#7073 = CARTESIAN_POINT ( 'NONE',  ( -3.622367001836080735, 7.215773596166328296, -3.048149096190214902 ) ) ;
#7074 = CARTESIAN_POINT ( 'NONE',  ( -5.217543706000598469, 4.568315000046895058, -0.1990560639182067659 ) ) ;
#7075 = CARTESIAN_POINT ( 'NONE',  ( -0.05836316500616076097, 9.322872675739988679, 53.35814443513422844 ) ) ;
#7076 = CARTESIAN_POINT ( 'NONE',  ( -1.935912656064419757, 8.094631855431705603, 54.49301889727588133 ) ) ;
#7077 = CARTESIAN_POINT ( 'NONE',  ( -0.003977885823236437801, 3.988646588552831052, 57.19061771819021800 ) ) ;
#7078 = CARTESIAN_POINT ( 'NONE',  ( -2.098488812743535728E-32, 1.562500000000000000, 57.50000000000000000 ) ) ;
#7079 = CARTESIAN_POINT ( 'NONE',  ( -3.219336222274149062, 9.151320326212077916, 51.09141497559701151 ) ) ;
#7080 = CARTESIAN_POINT ( 'NONE',  ( -0.003709126226214696804, 10.27376383224122591, 52.00848196775310583 ) ) ;
#7081 = CARTESIAN_POINT ( 'NONE',  ( -3.732186929641102768, 7.721323477813859526, 52.85937558311336204 ) ) ;
#7082 = CARTESIAN_POINT ( 'NONE',  ( -3.377559036949526750, 5.313010240123211325, 55.51986339975072582 ) ) ;
#7083 = CARTESIAN_POINT ( 'NONE',  ( -1.251309331826389259, 9.968018724914085027, 52.04202252256236250 ) ) ;
#7084 = CARTESIAN_POINT ( 'NONE',  ( -3.358550163734232985, 10.03657498913914203, 24.06731195708591997 ) ) ;
#7085 = CARTESIAN_POINT ( 'NONE',  ( -4.816659106151067071, 5.883671908887352586, -0.6094218087571917630 ) ) ;
#7086 = CARTESIAN_POINT ( 'NONE',  ( 0.01469194440675859054, 5.190999552758794877, 57.23119093217589892 ) ) ;
#7087 = CARTESIAN_POINT ( 'NONE',  ( -5.500040483842950856, 1.562500000000000666, 49.93760738836665780 ) ) ;
#7088 = CARTESIAN_POINT ( 'NONE',  ( -0.4715196509352435061, 9.566112690890630432, 52.68560215297782889 ) ) ;
#7089 = CARTESIAN_POINT ( 'NONE',  ( -3.172575978848830580, 7.754310487409161290, 53.59047936862111783 ) ) ;
#7090 = CARTESIAN_POINT ( 'NONE',  ( -0.03045007927343789528, 9.926624347550673022, 53.02356516347096971 ) ) ;
#7091 = CARTESIAN_POINT ( 'NONE',  ( -4.864580283654942328, 3.921285923662528372, 54.55094211603932308 ) ) ;
#7092 = CARTESIAN_POINT ( 'NONE',  ( -5.581627587105955079, 5.292329123243557198, 51.09001839280948332 ) ) ;
#7093 = CARTESIAN_POINT ( 'NONE',  ( -4.613257367110269236, 6.255886836120175154, 53.02153915121393624 ) ) ;
#7094 = CARTESIAN_POINT ( 'NONE',  ( -1.685043454265567675, 9.523766835982577561, 52.63159084242022345 ) ) ;
#7095 = CARTESIAN_POINT ( 'NONE',  ( -4.241432366266946197, 6.306687682187374300, 52.73165801461200175 ) ) ;
#7096 = CARTESIAN_POINT ( 'NONE',  ( 0.01796488224976175788, 10.52831743875089288, 50.81813716616278498 ) ) ;
#7097 = CARTESIAN_POINT ( 'NONE',  ( -0.3047470061854975487, 10.14212807449138687, 50.59484368117161779 ) ) ;
#7098 = CARTESIAN_POINT ( 'NONE',  ( -5.389138159779111703, 4.725792514776847142, 52.59237674129852280 ) ) ;
#7099 = CARTESIAN_POINT ( 'NONE',  ( -1.747874017464634555, 4.168475828617506984, 57.13698748704882746 ) ) ;
#7100 = ORIENTED_EDGE ( 'NONE', *, *, #5, .F. ) ;
#7101 = CARTESIAN_POINT ( 'NONE',  ( -0.2661823479639444656, 7.102141470915237953, 56.23819940251870975 ) ) ;
#7102 = CARTESIAN_POINT ( 'NONE',  ( -5.416667383509666145, 5.432747566965415054, 51.73344089752306729 ) ) ;
#7103 = CARTESIAN_POINT ( 'NONE',  ( -0.01565806814203154346, 7.474401737390682143, 56.00355810469172013 ) ) ;
#7104 = ADVANCED_FACE ( 'NONE', ( #5998 ), #2010, .F. ) ;
#7105 = CARTESIAN_POINT ( 'NONE',  ( -4.928612860166771803, 3.046883718628997428, -6.993640248439489504 ) ) ;
#7106 = CARTESIAN_POINT ( 'NONE',  ( -1.995318058426564178, 10.71479277863883439, 39.78800875188741060 ) ) ;
#7107 = CARTESIAN_POINT ( 'NONE',  ( -2.206061181290248641, 8.420637081185253336, 53.84880781483196444 ) ) ;
#7108 = CARTESIAN_POINT ( 'NONE',  ( 0.002910852198764252250, 10.12738695406896561, 52.49667710561746503 ) ) ;
#7109 = CARTESIAN_POINT ( 'NONE',  ( -5.254693145366777784, 3.182565464394593757, 54.21295305386494334 ) ) ;
#7110 = CARTESIAN_POINT ( 'NONE',  ( -4.717630442502999344, 5.851016704868222895, 53.20523105916497997 ) ) ;
#7111 = CARTESIAN_POINT ( 'NONE',  ( -5.560771458301839942, 3.728718803280752336, 52.81851878837134961 ) ) ;
#7112 = CARTESIAN_POINT ( 'NONE',  ( -2.141947015991511272, 9.895651969992650621, 50.86147773746223066 ) ) ;
#7113 = CARTESIAN_POINT ( 'NONE',  ( -1.905262092680097608, 4.022098945944984294, 57.12673161878007733 ) ) ;
#7114 = CARTESIAN_POINT ( 'NONE',  ( -0.8458627368662889889, 10.02595817731020844, 52.32166955792408913 ) ) ;
#7115 = CARTESIAN_POINT ( 'NONE',  ( -5.033301024060410356, 5.766343500640091158, 52.60463749705525061 ) ) ;
#7116 = CARTESIAN_POINT ( 'NONE',  ( -5.425823114938681968, 4.739570696543301764, 49.93921072981573417 ) ) ;
#7117 = CARTESIAN_POINT ( 'NONE',  ( -0.01789111302436675530, 9.779458183928113613, 2.014387428407732550 ) ) ;
#7118 = CARTESIAN_POINT ( 'NONE',  ( -1.966129094394609700, 8.601094075444757792, 53.85265007371678081 ) ) ;
#7119 = CARTESIAN_POINT ( 'NONE',  ( -5.559016907516961759, 5.499141825146904416, 50.95933768168649181 ) ) ;
#7120 = CARTESIAN_POINT ( 'NONE',  ( -1.153349092288819655, 9.935353803512681381, 50.59995583768283467 ) ) ;
#7121 = CARTESIAN_POINT ( 'NONE',  ( -2.811246044761090079, 9.255468994064612431, 51.59483575073920747 ) ) ;
#7122 = CARTESIAN_POINT ( 'NONE',  ( -0.02302467809714079522, 6.382642770400768661, 56.68816947284245344 ) ) ;
#7123 = CARTESIAN_POINT ( 'NONE',  ( -3.936139311006385366, 8.035353341603853394, 52.02941514600917117 ) ) ;
#7124 = CARTESIAN_POINT ( 'NONE',  ( -4.183581984228955442, 6.830987419596838528, 53.18343204711326422 ) ) ;
#7125 = CARTESIAN_POINT ( 'NONE',  ( -1.123254731522351779, 9.194912616708123210, 53.78087016238341533 ) ) ;
#7126 = CARTESIAN_POINT ( 'NONE',  ( -2.015501139497772431, 6.474718935503851469, -8.650884726579615602 ) ) ;
#7127 = CARTESIAN_POINT ( 'NONE',  ( -5.125171662253677596, 5.799411033365988288, 50.63369607065642697 ) ) ;
#7128 = CARTESIAN_POINT ( 'NONE',  ( 0.06096245334920071673, 10.37231690514153470, 51.61241446641062680 ) ) ;
#7129 = CARTESIAN_POINT ( 'NONE',  ( -5.499999998192762973, 1.562500000000004219, 28.18742407167561836 ) ) ;
#7130 = CARTESIAN_POINT ( 'NONE',  ( -0.5317932298716282480, 10.00681490937852480, 51.11815427389483091 ) ) ;
#7131 = CARTESIAN_POINT ( 'NONE',  ( -2.823838114946486844, 7.324079123642277978, 54.45441949801145398 ) ) ;
#7132 = CARTESIAN_POINT ( 'NONE',  ( -0.03623637752370995752, 9.305300516808211242, 54.14847042955207002 ) ) ;
#7133 = CARTESIAN_POINT ( 'NONE',  ( -5.283367350007059926, 4.217807552262511805, 53.33340089199582224 ) ) ;
#7134 = CARTESIAN_POINT ( 'NONE',  ( -5.409716131843230968, 5.193774627602977034, 52.03904349719530131 ) ) ;
#7135 = CARTESIAN_POINT ( 'NONE',  ( -4.890347864518341581, 6.787249961092437722, 51.73933861448423954 ) ) ;
#7136 = CARTESIAN_POINT ( 'NONE',  ( -0.6922653850604333359, 4.538674707646956463, 57.35187093891065047 ) ) ;
#7137 = CARTESIAN_POINT ( 'NONE',  ( -4.282987123924241857, 6.822443189746267400, 52.02607779988039027 ) ) ;
#7138 = CARTESIAN_POINT ( 'NONE',  ( -0.008253061004040029500, 7.130125863712934553, 56.25550723064790049 ) ) ;
#7139 = CARTESIAN_POINT ( 'NONE',  ( -0.2446808685606905176, 9.298596640599134489, 53.35571347684106769 ) ) ;
#7140 = CARTESIAN_POINT ( 'NONE',  ( -3.436251456124383097, 7.532828356115839341, 53.50634724707870760 ) ) ;
#7141 = ORIENTED_EDGE ( 'NONE', *, *, #2088, .T. ) ;
#7142 = CARTESIAN_POINT ( 'NONE',  ( -5.257771610226091852, 5.332931803339383769, 52.42163267730676779 ) ) ;
#7143 = CARTESIAN_POINT ( 'NONE',  ( -0.009019286762564283910, 8.735584529478572335, 54.88724251481031047 ) ) ;
#7144 = CARTESIAN_POINT ( 'NONE',  ( -5.490246314443901099, 2.165712407986759125, 51.23858709964787295 ) ) ;
#7145 = CARTESIAN_POINT ( 'NONE',  ( -2.052934788679262379, 10.25371320949221321, 9.117579004281980204 ) ) ;
#7146 = CARTESIAN_POINT ( 'NONE',  ( -2.347250632171838269, 8.897497922748730304, 53.01005954259234443 ) ) ;
#7147 = CARTESIAN_POINT ( 'NONE',  ( 0.001660870412220810492, 9.926944477767870367, 53.02332418876026310 ) ) ;
#7148 = CARTESIAN_POINT ( 'NONE',  ( -0.1934915295790048395, 3.988646588841703533, 57.58938748472824898 ) ) ;
#7149 = CARTESIAN_POINT ( 'NONE',  ( -2.895325728269194876, 3.866692854153292558, 56.70073989475892517 ) ) ;
#7150 = CARTESIAN_POINT ( 'NONE',  ( -5.435076372149521440, 3.669454392059916081, 53.31252748171713307 ) ) ;
#7151 = CARTESIAN_POINT ( 'NONE',  ( -1.800044603929096487, 9.144831401088412193, 53.22020466707939335 ) ) ;
#7152 = CARTESIAN_POINT ( 'NONE',  ( -4.376872771934290363, 7.977051196786523413, 51.10763061996096468 ) ) ;
#7153 = CARTESIAN_POINT ( 'NONE',  ( -0.5347334040489050144, 8.336792492159437629, 55.15274724081928781 ) ) ;
#7154 = CARTESIAN_POINT ( 'NONE',  ( -4.863529582333098844, 5.620731093582731930, 53.12550413650128434 ) ) ;
#7155 = CARTESIAN_POINT ( 'NONE',  ( -2.545805023140186307, 8.080155740631200345, 53.13600638607544369 ) ) ;
#7156 = CARTESIAN_POINT ( 'NONE',  ( -5.237125257174685800, 4.168735206917994596, -1.240528332778173537 ) ) ;
#7157 = CARTESIAN_POINT ( 'NONE',  ( -0.06856334426703640517, 8.001680047377520921, -6.993362399233706839 ) ) ;
#7158 = CARTESIAN_POINT ( 'NONE',  ( -2.329783626229578353, 9.461000019789144844, 51.88181419409838213 ) ) ;
#7159 = DIRECTION ( 'NONE',  ( 1.000000000000000000, -0.000000000000000000, -0.000000000000000000 ) ) ;
#7160 = CARTESIAN_POINT ( 'NONE',  ( -0.8050098668964111859, 7.854772098661497282, -6.993391693239423113 ) ) ;
#7161 = CARTESIAN_POINT ( 'NONE',  ( 0.005125681932873741783, 10.15916280636719016, 52.39956623780057043 ) ) ;
#7162 = CARTESIAN_POINT ( 'NONE',  ( -1.517591059880180726, 5.229158949396060407, 56.80446647006359484 ) ) ;
#7163 = CARTESIAN_POINT ( 'NONE',  ( -0.005322452837941677069, 9.906728276172808378, 53.07063816351763563 ) ) ;
#7164 = CARTESIAN_POINT ( 'NONE',  ( -3.697861659700817150, 7.663269945891991952, 52.98518944092537453 ) ) ;
#7165 = CARTESIAN_POINT ( 'NONE',  ( -3.877456051170195206, 6.367547709549349122, 54.09329045828452820 ) ) ;
#7166 = CARTESIAN_POINT ( 'NONE',  ( -1.097596358124324878, 10.26587990228462921, 51.13866109322871978 ) ) ;
#7167 = CARTESIAN_POINT ( 'NONE',  ( -3.228992641863655422, 8.439629455233502497, -0.1944580784386013839 ) ) ;
#7168 = CARTESIAN_POINT ( 'NONE',  ( -5.213161675988189359, 6.502816362094942626, 18.26218174790344762 ) ) ;
#7169 = CARTESIAN_POINT ( 'NONE',  ( -0.003977885823191197080, 7.894244534168775473, 55.14865007273366615 ) ) ;
#7170 = CARTESIAN_POINT ( 'NONE',  ( -5.500431826596452467, 1.765306846360019888, -0.6238908355372709824 ) ) ;
#7171 = CARTESIAN_POINT ( 'NONE',  ( -0.5494077695240877635, 10.10148219245242096, 50.59637732812494448 ) ) ;
#7172 = CARTESIAN_POINT ( 'NONE',  ( -3.000491433382622475, 8.240778620464890736, 53.18804256274690090 ) ) ;
#7173 = CARTESIAN_POINT ( 'NONE',  ( -0.03080806982268074340, 9.885636895445614414, 53.11781484017949140 ) ) ;
#7174 = CARTESIAN_POINT ( 'NONE',  ( -5.157251255572765203, 4.349840268993653503, 53.55301430419283548 ) ) ;
#7175 = CARTESIAN_POINT ( 'NONE',  ( -5.056742075085387533, 4.952872368193401265, 53.28870667011010909 ) ) ;
#7176 = CARTESIAN_POINT ( 'NONE',  ( -5.027063133335606615, 6.643811800885738528, 51.52995976038133108 ) ) ;
#7177 = CARTESIAN_POINT ( 'NONE',  ( -1.694627849352110305, 9.561030853132503893, 52.53860576934129512 ) ) ;
#7178 = CARTESIAN_POINT ( 'NONE',  ( -2.189320494067976686, 9.052146777505829078, -0.1932201592710154625 ) ) ;
#7179 = CARTESIAN_POINT ( 'NONE',  ( -4.920870739249258108, 7.808243156552637565, 36.12878386800122144 ) ) ;
#7180 = CARTESIAN_POINT ( 'NONE',  ( 0.01389422458745631986, 9.580904628351134988, 53.71355761662344008 ) ) ;
#7181 = CARTESIAN_POINT ( 'NONE',  ( -0.3992121800203559112, 10.88663908222406818, 42.69135799632234551 ) ) ;
#7182 = CARTESIAN_POINT ( 'NONE',  ( -3.909576791019319320, 8.525136350128425633, 51.10291544956087506 ) ) ;
#7183 = ORIENTED_EDGE ( 'NONE', *, *, #1014, .F. ) ;
#7184 = CARTESIAN_POINT ( 'NONE',  ( -4.335419873705246729, 4.611700811461569849, 54.88824908808363290 ) ) ;
#7185 = CARTESIAN_POINT ( 'NONE',  ( 0.006384438690590298580, 9.966770510583934595, 52.92852067673373995 ) ) ;
#7186 = CARTESIAN_POINT ( 'NONE',  ( -4.731912360512852800, 2.506590955186719150, -8.594915808817853886 ) ) ;
#7187 = CARTESIAN_POINT ( 'NONE',  ( -2.099514966053977361, 10.58939373507589465, 15.74405738927729104 ) ) ;
#7188 = CARTESIAN_POINT ( 'NONE',  ( -2.416834569597540838, 9.099751804162583113, 52.56084860025298156 ) ) ;
#7189 = CARTESIAN_POINT ( 'NONE',  ( 0.0008589812071594678375, 9.864603901705203626, 53.16449613929360396 ) ) ;
#7190 = CARTESIAN_POINT ( 'NONE',  ( -4.006123522962740324, 2.665894085613873532, 56.37897691059108496 ) ) ;
#7191 = CARTESIAN_POINT ( 'NONE',  ( -4.507259475078289057, 5.744248997197137996, 53.68644660602358698 ) ) ;
#7192 = CARTESIAN_POINT ( 'NONE',  ( -5.731811836505039004, 3.999490502699938332, 51.61514003798225048 ) ) ;
#7193 = CARTESIAN_POINT ( 'NONE',  ( -2.049053413873262119, 9.630156414426991773, 51.87215995741907193 ) ) ;
#7194 = CARTESIAN_POINT ( 'NONE',  ( -3.733311989160208455, 7.381697472352369616, 53.26672226270391519 ) ) ;
#7195 = CARTESIAN_POINT ( 'NONE',  ( -0.6335870655191512268, 9.858993661446655565, 52.93466187894880903 ) ) ;
#7196 = CARTESIAN_POINT ( 'NONE',  ( -4.046981699891454731, 4.735318739032583046, 55.18980789499676831 ) ) ;
#7197 = CARTESIAN_POINT ( 'NONE',  ( -2.504827797420649205, 7.971068523863261035, 53.32978325504709716 ) ) ;
#7198 = CARTESIAN_POINT ( 'NONE',  ( -5.580970436326398776, 4.422262427887585723, 48.48930176246379631 ) ) ;
#7199 = CARTESIAN_POINT ( 'NONE',  ( -1.462434383211648364E-15, 1.562500000000000000, -14.99999999999999822 ) ) ;
#7200 = CARTESIAN_POINT ( 'NONE',  ( -2.042659369032416183, 8.900447645361891702, 53.35103545654360602 ) ) ;
#7201 = DIRECTION ( 'NONE',  ( -1.000000000000000000, 0.000000000000000000, 0.000000000000000000 ) ) ;
#7202 = CARTESIAN_POINT ( 'NONE',  ( -1.218658875781675865, 9.043572718127601107, -1.782211744870858983 ) ) ;
#7203 = CARTESIAN_POINT ( 'NONE',  ( -0.01283923501489333402, 3.927331372032820234, 57.61776428249385873 ) ) ;
#7204 = CARTESIAN_POINT ( 'NONE',  ( -2.682142831847679432, 8.952375823339426830, 52.47566082858419634 ) ) ;
#7205 = CARTESIAN_POINT ( 'NONE',  ( -0.008749738799418926849, 9.419502967677351180, 53.97696370132656796 ) ) ;
#7206 = CARTESIAN_POINT ( 'NONE',  ( -3.709303416347578874, 7.682621123199282032, 52.94325148832137273 ) ) ;
#7207 = CARTESIAN_POINT ( 'NONE',  ( -1.890312813466087816, 3.586516392102148121, 57.29068541500407719 ) ) ;
#7208 = CARTESIAN_POINT ( 'NONE',  ( -0.5717129354643809558, 6.243125724517271991, 56.65203251424370734 ) ) ;
#7209 = CARTESIAN_POINT ( 'NONE',  ( -3.503044596998120319, 9.313358004726442374, 7.843453300054165744 ) ) ;
#7210 = CARTESIAN_POINT ( 'NONE',  ( -4.775653541938736701, 5.363129510583188875, -2.483374026552982006 ) ) ;
#7211 = CARTESIAN_POINT ( 'NONE',  ( -0.003977885823188429329, 6.819762947399000019, 55.97812149654934899 ) ) ;
#7212 = DIRECTION ( 'NONE',  ( 0.000000000000000000, 0.000000000000000000, -1.000000000000000000 ) ) ;
#7213 = CARTESIAN_POINT ( 'NONE',  ( -0.6854000072075618899, 10.17974687692057500, 49.94293701410943243 ) ) ;
#7214 = CARTESIAN_POINT ( 'NONE',  ( -1.209946819656931405, 3.727347314499013020, 57.46496378953891337 ) ) ;
#7215 = CARTESIAN_POINT ( 'NONE',  ( -0.01867104272357593756, 9.985713893292583521, 52.88116187752614650 ) ) ;
#7216 = CARTESIAN_POINT ( 'NONE',  ( -2.944423166936380287, 2.867249841869410787, 57.05335824637590036 ) ) ;
#7217 = CARTESIAN_POINT ( 'NONE',  ( -5.223763746463501612, 5.078780668666213138, 52.76478380835333581 ) ) ;
#7218 = CARTESIAN_POINT ( 'NONE',  ( -4.790455095854594170, 6.693756910011794403, 52.14224624010508080 ) ) ;
#7219 = CARTESIAN_POINT ( 'NONE',  ( -1.499477377923760679, 9.145748916381576166, 53.52159609420643704 ) ) ;
#7220 = CARTESIAN_POINT ( 'NONE',  ( -2.060273257493229426, 8.626135970935903785, -2.396872849352809531 ) ) ;
#7221 = CARTESIAN_POINT ( 'NONE',  ( -4.591502482601883095, 6.567630615815256867, -0.1969339167737732821 ) ) ;
#7222 = CARTESIAN_POINT ( 'NONE',  ( 0.03441441004045791424, 9.821346570883473959, 53.25791327609226755 ) ) ;
#7223 = VECTOR ( 'NONE', #6939, 39.37007874015748143 ) ;
#7224 = CARTESIAN_POINT ( 'NONE',  ( -0.3307002133140364286, 7.442112928374036152, -8.673714153561364881 ) ) ;
#7225 = CARTESIAN_POINT ( 'NONE',  ( -2.162919313709943392, 5.072692999166562799, 56.55274584651694170 ) ) ;
#7226 = CARTESIAN_POINT ( 'NONE',  ( -0.1300760823176004832, 9.300004852063647576, 54.14588619052349827 ) ) ;
#7227 = DIRECTION ( 'NONE',  ( 1.000000000000000000, 0.000000000000000000, -3.335730344018426891E-15 ) ) ;
#7228 = CARTESIAN_POINT ( 'NONE',  ( -4.963439600659946827, 5.226907346336377991, 53.26150420796651730 ) ) ;
#7229 = CARTESIAN_POINT ( 'NONE',  ( -3.809884699248607287, 7.773777870999745154, 51.59887479348930839 ) ) ;
#7230 = CARTESIAN_POINT ( 'NONE',  ( 0.006700779103902790475, 9.632552679547000452, 53.62431294347678801 ) ) ;
#7231 = CARTESIAN_POINT ( 'NONE',  ( -5.479836678398898542, 3.569653634572164780, 28.18709881435639986 ) ) ;
#7232 = CARTESIAN_POINT ( 'NONE',  ( -1.888830696655554364, 9.715059059662735308, 50.26054196152519893 ) ) ;
#7233 = CARTESIAN_POINT ( 'NONE',  ( -2.263532833946017231, 8.623294453161433282, 53.51950376476584381 ) ) ;
#7234 = CARTESIAN_POINT ( 'NONE',  ( 0.002972358345529061124, 10.34878428706191578, 51.71249585473673704 ) ) ;
#7235 = CARTESIAN_POINT ( 'NONE',  ( -0.09891143669825813722, 3.988646588841872287, 57.59809665039363580 ) ) ;
#7236 = CARTESIAN_POINT ( 'NONE',  ( -4.988154995336371300, 3.609213700665994562, 54.53064536622320446 ) ) ;
#7237 = CARTESIAN_POINT ( 'NONE',  ( -1.772780650034499583, 9.028482186798896691, 53.43549741290892996 ) ) ;
#7238 = CARTESIAN_POINT ( 'NONE',  ( -4.316057288665233749, 7.899170201678833436, 51.42168820474184798 ) ) ;
#7239 = CARTESIAN_POINT ( 'NONE',  ( -0.6692320482696532125, 10.22837292199610815, 51.82695830856219743 ) ) ;
#7240 = CARTESIAN_POINT ( 'NONE',  ( -4.749539069739578956, 5.508088296215243318, 53.45391305045698971 ) ) ;
#7241 = CARTESIAN_POINT ( 'NONE',  ( -2.634820255388939714, 8.302706185652350968, 52.70749756260721597 ) ) ;
#7242 = CARTESIAN_POINT ( 'NONE',  ( -5.174527687627831440, 4.092063168330898115, -2.509004004982662295 ) ) ;
#7243 = CARTESIAN_POINT ( 'NONE',  ( -0.1981665724286749974, 10.89405064193698358, 42.69420000777063962 ) ) ;
#7244 = CARTESIAN_POINT ( 'NONE',  ( -2.092377954203640034, 9.079238246686056613, 53.00540093249887263 ) ) ;
#7245 = CARTESIAN_POINT ( 'NONE',  ( -5.464834764492690233, 5.003366455518602152, 51.25933768168647475 ) ) ;
#7246 = CARTESIAN_POINT ( 'NONE',  ( -0.2820256842439226586, 3.614266858163783347, -14.99999999999999467 ) ) ;
#7247 = CARTESIAN_POINT ( 'NONE',  ( -0.002195862411883760419, 9.529191908253388021, 53.80244998319886207 ) ) ;
#7248 = CARTESIAN_POINT ( 'NONE',  ( -1.404983495313802511, 4.897721372163018394, 56.99681328789853296 ) ) ;
#7249 = CARTESIAN_POINT ( 'NONE',  ( -0.002427974372849147234, 10.49360444461963127, 51.01742753729774904 ) ) ;
#7250 = CARTESIAN_POINT ( 'NONE',  ( -3.439254276527758503, 7.171834522957365898, 53.89272839862429265 ) ) ;
#7251 = CARTESIAN_POINT ( 'NONE',  ( -4.234540630353603952, 6.900273582379393034, 53.02659159169061098 ) ) ;
#7252 = CARTESIAN_POINT ( 'NONE',  ( -0.9950366582471867893, 9.657005294081011826, 53.07740291315455039 ) ) ;
#7253 = CARTESIAN_POINT ( 'NONE',  ( -3.376429792864518831, 8.791212889504315342, 2.043812248106406049 ) ) ;
#7254 = CARTESIAN_POINT ( 'NONE',  ( -5.266637618075342253, 6.044144610929714112, 7.853449664033107958 ) ) ;
#7255 = CARTESIAN_POINT ( 'NONE',  ( -0.003977885823202633245, 9.944088018812678342, 51.71965593540867445 ) ) ;
#7256 = CARTESIAN_POINT ( 'NONE',  ( -0.3039778858232016767, 10.03879629643383176, 52.00921762787442049 ) ) ;
#7257 = CARTESIAN_POINT ( 'NONE',  ( -0.1819872653498180726, 3.679262092683116769, -15.00000000000000000 ) ) ;
#7258 = CARTESIAN_POINT ( 'NONE',  ( -1.508675665693873791, 4.376119694958394923, 57.15146133575721876 ) ) ;
#7259 = CARTESIAN_POINT ( 'NONE',  ( -0.03187699535122184846, 10.43614403227333831, 51.31631091055084681 ) ) ;
#7260 = CARTESIAN_POINT ( 'NONE',  ( -5.521626616795844988, 4.571655035836070802, 52.22926407455484821 ) ) ;
#7261 = CARTESIAN_POINT ( 'NONE',  ( -5.103785236011462167, 4.991020024715862036, 53.14580754057232781 ) ) ;
#7262 = CARTESIAN_POINT ( 'NONE',  ( -3.678597784625063927, 5.280978512463311070, 55.22943714162079942 ) ) ;
#7263 = CARTESIAN_POINT ( 'NONE',  ( -1.713937491056620743, 10.02033176398942693, 51.15543210883239311 ) ) ;
#7264 = CARTESIAN_POINT ( 'NONE',  ( -2.287223809866340662, 9.418001392278718242, 2.033427017624523714 ) ) ;
#7265 = CARTESIAN_POINT ( 'NONE',  ( -5.107430903232057062, 7.464782641804088570, 37.30392690313053095 ) ) ;
#7266 = CARTESIAN_POINT ( 'NONE',  ( 0.02299585593930949037, 10.32524369164877953, 51.81095071534665664 ) ) ;
#7267 = CARTESIAN_POINT ( 'NONE',  ( -0.1152353440478886132, 3.709792333946678511, -15.00000000000000000 ) ) ;
#7268 = CARTESIAN_POINT ( 'NONE',  ( -3.503535198507664372, 7.854811904659150024, 53.02552050670544048 ) ) ;
#7269 = CARTESIAN_POINT ( 'NONE',  ( -0.1419648069718500161, 10.48969275132303380, 51.01894354792764830 ) ) ;
#7270 = PLANE ( 'NONE',  #1247 ) ;
#7271 = CARTESIAN_POINT ( 'NONE',  ( -5.150105845734993082, 5.376479058643489850, 52.68502727341649461 ) ) ;
#7272 = CARTESIAN_POINT ( 'NONE',  ( -2.098488812743535728E-32, 1.562500000000000000, 57.50000000000000000 ) ) ;
#7273 = CARTESIAN_POINT ( 'NONE',  ( 0.001252494687324986035, 9.529201513781627497, 53.80250927551345086 ) ) ;
#7274 = CARTESIAN_POINT ( 'NONE',  ( -1.462434383211648364E-15, 1.562500000000000000, -14.99999999999999822 ) ) ;
#7275 = CARTESIAN_POINT ( 'NONE',  ( -1.584242451696080467, 8.137758980328753111, -4.994588294778728788 ) ) ;
#7276 = CARTESIAN_POINT ( 'NONE',  ( -2.613926772791148156, 9.600323518395059708, 50.97508625919125791 ) ) ;
#7277 = CARTESIAN_POINT ( 'NONE',  ( -0.02047519344682825412, 6.764689578848408935, 56.48351664213140566 ) ) ;
#7278 = CARTESIAN_POINT ( 'NONE',  ( -5.424594557098837200, 3.873991908828081421, 53.18122205402111291 ) ) ;
#7279 = CARTESIAN_POINT ( 'NONE',  ( -1.739458307116769520, 8.879751446655891556, 53.68942923864818795 ) ) ;
#7280 = CARTESIAN_POINT ( 'NONE',  ( -3.586629930802703203, 7.284964600743562890, 53.58044219939021957 ) ) ;
#7281 = CARTESIAN_POINT ( 'NONE',  ( -0.7903930259953141357, 10.35872764137581648, 51.13104823259804732 ) ) ;
#7282 = CARTESIAN_POINT ( 'NONE',  ( -4.850833969357323916, 5.608625310127141717, 53.16230929820223139 ) ) ;
#7283 = CARTESIAN_POINT ( 'NONE',  ( 0.005725419175450102184, 10.18912163766187895, 52.30204702099045022 ) ) ;
#7284 = CARTESIAN_POINT ( 'NONE',  ( -5.009292705788679356, 4.080438374227894016, 52.97098983909244652 ) ) ;
#7285 = CARTESIAN_POINT ( 'NONE',  ( -0.1826389796871448756, 11.00998716238120956, 33.64226503484097464 ) ) ;
#7286 = CARTESIAN_POINT ( 'NONE',  ( -2.172748153225739109, 8.998016363559047548, 53.05071393360643839 ) ) ;
#7287 = CARTESIAN_POINT ( 'NONE',  ( -0.003977885822812914605, 9.601731814577439295, 53.67745002798783105 ) ) ;
#7288 = CARTESIAN_POINT ( 'NONE',  ( -0.9895193293816152424, 8.378219790491737484, -4.983492167529380623 ) ) ;
#7289 = CARTESIAN_POINT ( 'NONE',  ( 0.004288387127275187193, 10.41540659120060042, 51.41511625424543297 ) ) ;
#7290 = CARTESIAN_POINT ( 'NONE',  ( -2.939648876367897845, 9.038240184655606413, 51.90186761407314719 ) ) ;
#7291 = CARTESIAN_POINT ( 'NONE',  ( -0.005456330491658216431, 9.682043573862630481, 53.53390772446694967 ) ) ;
#7292 = CARTESIAN_POINT ( 'NONE',  ( -5.692167832457888821, 3.637172881341673047, 52.26030186173056791 ) ) ;
#7293 = CARTESIAN_POINT ( 'NONE',  ( -3.716103749930599331, 7.867758203053472066, 52.68401754881445953 ) ) ;
#7294 = CARTESIAN_POINT ( 'NONE',  ( -4.591837708347178193, 7.318439502256268270, 51.73713713026735661 ) ) ;
#7295 = CARTESIAN_POINT ( 'NONE',  ( -1.049521068406171986, 10.01470086812959259, 52.13379764134006678 ) ) ;
#7296 = CARTESIAN_POINT ( 'NONE',  ( -3.904764700808453171, 9.460503316406978058, 34.88748450903996456 ) ) ;
#7297 = CARTESIAN_POINT ( 'NONE',  ( -4.154403954665752963, 4.681870428158201314, -6.993572783456611042 ) ) ;
#7298 = CARTESIAN_POINT ( 'NONE',  ( -0.003977885823197503667, 9.375624017440280511, 53.25611609019460246 ) ) ;
#7299 = CARTESIAN_POINT ( 'NONE',  ( -5.500031876715590684, 1.562500000000005329, -1.262543978802445510 ) ) ;
#7300 = CARTESIAN_POINT ( 'NONE',  ( -0.5576370479022727533, 9.433699715461635549, -0.1916580231785860178 ) ) ;
#7301 = CARTESIAN_POINT ( 'NONE',  ( -2.964275097714086815, 8.151720676538360522, 53.35200337380410218 ) ) ;
#7302 = CARTESIAN_POINT ( 'NONE',  ( -0.03429089675357658434, 6.764578795973884340, 56.48268245098152107 ) ) ;
#7303 = CARTESIAN_POINT ( 'NONE',  ( -5.235359586817532218, 4.406044967700892379, 53.30500159799694160 ) ) ;
#7304 = CARTESIAN_POINT ( 'NONE',  ( -1.612986710640952781, 2.893356377610982300, 57.55488159621899058 ) ) ;
#7305 = CARTESIAN_POINT ( 'NONE',  ( -1.608994430751002458, 9.647778549569537176, 52.44132301765996829 ) ) ;
#7306 = CARTESIAN_POINT ( 'NONE',  ( -0.8115372254384639605, 3.674940897412631635, 57.28268591907197305 ) ) ;
#7307 = CARTESIAN_POINT ( 'NONE',  ( -3.593900967621647347, 5.240187055547284700, -7.633141108799163632 ) ) ;
#7308 = CARTESIAN_POINT ( 'NONE',  ( 0.03689770843047063958, 9.947211571178177891, 52.97565377271971698 ) ) ;
#7309 = CARTESIAN_POINT ( 'NONE',  ( -0.3997448793072130857, 11.05590285761051383, 28.18492365603413319 ) ) ;
#7310 = CARTESIAN_POINT ( 'NONE',  ( -3.739224083484885774, 8.257424540402176660, 52.02456864436040007 ) ) ;
#7311 = CARTESIAN_POINT ( 'NONE',  ( -0.08800609598414128876, 8.436383565132523188, 55.17891438704610607 ) ) ;
#7312 = ORIENTED_EDGE ( 'NONE', *, *, #8264, .T. ) ;
#7313 = CARTESIAN_POINT ( 'NONE',  ( -2.154424603534086824, 2.841913661592534446, 57.41609557857581336 ) ) ;
#7314 = CARTESIAN_POINT ( 'NONE',  ( -4.204116221823713140, 7.746394712778726266, 50.62142689502954340 ) ) ;
#7315 = CARTESIAN_POINT ( 'NONE',  ( 0.005766742510829441296, 9.843248287088760762, 53.21131857318884073 ) ) ;
#7316 = CARTESIAN_POINT ( 'NONE',  ( -5.503477251718064345, 2.160529492843632049, 50.28013829060977713 ) ) ;
#7317 = CARTESIAN_POINT ( 'NONE',  ( -5.034673213438325412, 5.051455867344467165, 53.25595916417872644 ) ) ;
#7318 = CARTESIAN_POINT ( 'NONE',  ( -1.673456183711178102, 9.168207733616593913, 52.35174346985550642 ) ) ;
#7319 = CARTESIAN_POINT ( 'NONE',  ( -2.169802595388659938, 8.635272809014766793, 53.60306871256187122 ) ) ;
#7320 = CARTESIAN_POINT ( 'NONE',  ( -0.01825237480848365679, 5.191260595624886953, 57.22942392687612312 ) ) ;
#7321 = CARTESIAN_POINT ( 'NONE',  ( -5.462065049001034289, 3.893871146223550461, 53.04235691944208497 ) ) ;
#7322 = CARTESIAN_POINT ( 'NONE',  ( -1.891942331178137593, 9.848737851876155247, 51.46479756378750636 ) ) ;
#7323 = CARTESIAN_POINT ( 'NONE',  ( -4.168356094580635052, 8.029670852537266867, 51.52347488357614935 ) ) ;
#7324 = CARTESIAN_POINT ( 'NONE',  ( -0.7810426447557173857, 10.29496112344686409, 51.43161640819413094 ) ) ;
#7325 = CARTESIAN_POINT ( 'NONE',  ( -4.837148487548213360, 5.719316996141414755, 53.09005070636892754 ) ) ;
#7326 = CARTESIAN_POINT ( 'NONE',  ( 0.004255002774137026968, 9.966766560549672249, 52.92854796683550234 ) ) ;
#7327 = CARTESIAN_POINT ( 'NONE',  ( -1.421258896002100425, 2.296815039340590392, -14.99999999999998934 ) ) ;
#7328 = CARTESIAN_POINT ( 'NONE',  ( -0.1487900219233262988, 10.15746476943702348, 50.59382124986939289 ) ) ;
#7329 = CARTESIAN_POINT ( 'NONE',  ( -0.7915028872830313089, 4.034579487740211690, 57.48223769337472788 ) ) ;
#7330 = CARTESIAN_POINT ( 'NONE',  ( -0.003977885823255561393, 7.777610480277179050, 55.77267005846817227 ) ) ;
#7331 = CARTESIAN_POINT ( 'NONE',  ( -0.1311695422130648714, 2.202011468858341647, 57.50000000000000711 ) ) ;
#7332 = CARTESIAN_POINT ( 'NONE',  ( 0.003244918088559290825, 9.926947837716021183, 53.02330826716657697 ) ) ;
#7333 = CARTESIAN_POINT ( 'NONE',  ( -2.570860075463043959, 8.937944169896214319, 52.65699530877538592 ) ) ;
#7334 = CARTESIAN_POINT ( 'NONE',  ( -0.01904665002122383349, 5.191266184037739428, 57.22938158665879627 ) ) ;
#7335 = CARTESIAN_POINT ( 'NONE',  ( -5.835214940262408945, 3.475116776002390218, 51.12277438306354327 ) ) ;
#7336 = CARTESIAN_POINT ( 'NONE',  ( -3.516321650424071521, 7.507728501259981257, 53.42633538997345255 ) ) ;
#7337 = CARTESIAN_POINT ( 'NONE',  ( -0.3785298139678177631, 10.31699738741744987, 51.72019142062943331 ) ) ;
#7338 = CARTESIAN_POINT ( 'NONE',  ( -3.982156811160416421, 6.832057314648006141, 53.49192289104976794 ) ) ;
#7339 = CARTESIAN_POINT ( 'NONE',  ( -1.093216572722530922, 10.24465896251846253, 51.23929311047380963 ) ) ;
#7340 = CARTESIAN_POINT ( 'NONE',  ( -3.052045898444674776, 7.724410739443701601, 52.96646667827902633 ) ) ;
#7341 = CARTESIAN_POINT ( 'NONE',  ( -5.216288660816309708, 5.436070440397114290, 50.63574093326074177 ) ) ;
#7342 = LINE ( 'NONE', #4639, #6945 ) ;
#7343 = DIRECTION ( 'NONE',  ( -3.414809992080346871E-15, 0.000000000000000000, -1.000000000000000000 ) ) ;
#7344 = CARTESIAN_POINT ( 'NONE',  ( -0.3677185849214883451, 5.464377980214690567, -13.06536209252179859 ) ) ;
#7345 = CARTESIAN_POINT ( 'NONE',  ( -3.236565476235151451, 8.318798121275222002, 52.76404542549049381 ) ) ;
#7346 = CARTESIAN_POINT ( 'NONE',  ( -0.03339458253805724364, 8.141488808581133441, 55.47702339625965351 ) ) ;
#7347 = CARTESIAN_POINT ( 'NONE',  ( -5.202553182885068850, 4.382844225830821117, 53.41072683059964277 ) ) ;
#7348 = CARTESIAN_POINT ( 'NONE',  ( -4.927990823696687173, 7.097799221726297070, 51.10774387279002440 ) ) ;
#7349 = CARTESIAN_POINT ( 'NONE',  ( -1.441766388447781599, 8.830354841120541920, 54.02592160012633116 ) ) ;
#7350 = CARTESIAN_POINT ( 'NONE',  ( -1.836384508653791992, 8.498907595027199946, 53.33788644935765433 ) ) ;
#7351 = CARTESIAN_POINT ( 'NONE',  ( -5.011352525863036256, 7.258074254292235850, 18.26247038239774056 ) ) ;
#7352 = CARTESIAN_POINT ( 'NONE',  ( 0.02179969555921852653, 10.09359637383606056, 52.59280146985104665 ) ) ;
#7353 = CARTESIAN_POINT ( 'NONE',  ( -0.3291905371424962978, 9.601865857785465863, 52.68409212472752046 ) ) ;
#7354 = CARTESIAN_POINT ( 'NONE',  ( -3.568560682589990041, 7.973479732250545737, 52.77036590574807917 ) ) ;
#7355 = CARTESIAN_POINT ( 'NONE',  ( -0.06554377525050235354, 5.601041402625271282, 57.07141355997838161 ) ) ;
#7356 = DIRECTION ( 'NONE',  ( 1.000000000000000000, -0.000000000000000000, -3.335730344018427286E-15 ) ) ;
#7357 = CARTESIAN_POINT ( 'NONE',  ( -5.072316087793454997, 6.166550581797777042, 52.04457643970043534 ) ) ;
#7358 = CARTESIAN_POINT ( 'NONE',  ( -5.166944126243172342, 5.506609995774516264, 52.51442357275003303 ) ) ;
#7359 = CARTESIAN_POINT ( 'NONE',  ( -3.228586388457129974, 6.031820275509925722, -6.993508869262329064 ) ) ;
#7360 = CARTESIAN_POINT ( 'NONE',  ( 0.008624233225765552333, 10.39446250382157366, 51.51433355576511985 ) ) ;
#7361 = CARTESIAN_POINT ( 'NONE',  ( -5.006124479332772381, 4.679744222250991292, 53.64041251857574366 ) ) ;
#7362 = CARTESIAN_POINT ( 'NONE',  ( -5.499174689765562896, 1.709172394663232231, 42.51894263512657091 ) ) ;
#7363 = CARTESIAN_POINT ( 'NONE',  ( -1.745538569179845734, 8.800737310392403145, 52.96472700104318676 ) ) ;
#7364 = CARTESIAN_POINT ( 'NONE',  ( 0.002492579264507883887, 10.49360307476779930, 51.01737763468226206 ) ) ;
#7365 = CARTESIAN_POINT ( 'NONE',  ( -4.420465627975520562, 3.279329152769959510, 55.64246893129632809 ) ) ;
#7366 = CARTESIAN_POINT ( 'NONE',  ( -1.297858867298176344, 3.182212751640925763, 57.56932377279242274 ) ) ;
#7367 = ADVANCED_FACE ( 'NONE', ( #2051 ), #1364, .F. ) ;
#7368 = CARTESIAN_POINT ( 'NONE',  ( -0.5274048804739540630, 9.646861558817400706, 53.43809809297356850 ) ) ;
#7369 = CARTESIAN_POINT ( 'NONE',  ( -1.757404028615493941, 2.751019873208922828, 57.54818407067879349 ) ) ;
#7370 = CARTESIAN_POINT ( 'NONE',  ( 0.004601462582927946972, 10.45609772270062798, 51.21636324467184664 ) ) ;
#7371 = CARTESIAN_POINT ( 'NONE',  ( -5.182770120756861054, 3.322306998950811163, 52.97180168846929149 ) ) ;
#7372 = CARTESIAN_POINT ( 'NONE',  ( -0.1845206924142869798, 9.416863671772558675, 53.14757040113503450 ) ) ;
#7373 = CARTESIAN_POINT ( 'NONE',  ( -1.957841591428851391, 8.960252079730683050, 53.35066602086517662 ) ) ;
#7374 = DIRECTION ( 'NONE',  ( -0.000000000000000000, -0.000000000000000000, -1.000000000000000000 ) ) ;
#7375 = CARTESIAN_POINT ( 'NONE',  ( -1.717867299677601434, 10.34468177688370893, 9.117277974794280482 ) ) ;
#7376 = CARTESIAN_POINT ( 'NONE',  ( -0.2850941929102905337, 10.39892101530069368, 51.41994195849571270 ) ) ;
#7377 = CARTESIAN_POINT ( 'NONE',  ( -1.571732616298639806, 5.588848810197405648, 56.59341189564789687 ) ) ;
#7378 = CARTESIAN_POINT ( 'NONE',  ( -0.01341128238551928149, 9.006395724664750801, 54.57013655434899135 ) ) ;
#7379 = CARTESIAN_POINT ( 'NONE',  ( -5.280173633400510269, 3.808938880154500328, 53.67117649832594850 ) ) ;
#7380 = CARTESIAN_POINT ( 'NONE',  ( -3.581784354895986677, 7.633481181983842845, 53.18868963633369162 ) ) ;
#7381 = CARTESIAN_POINT ( 'NONE',  ( -0.2592077902399791411, 9.508152038358698377, 53.79760737369295498 ) ) ;
#7382 = CARTESIAN_POINT ( 'NONE',  ( -3.805869216374318409, 6.546180216819283082, 54.02426930405250260 ) ) ;
#7383 = CARTESIAN_POINT ( 'NONE',  ( -0.8179717089804408037, 9.795288601989790678, 52.93714358985081958 ) ) ;
#7384 = CARTESIAN_POINT ( 'NONE',  ( -4.070840996619224939, 8.907791748830440781, 10.78461799712822966 ) ) ;
#7385 = CARTESIAN_POINT ( 'NONE',  ( -4.374756044466574068, 4.699751388542688701, 53.96719937343434736 ) ) ;
#7386 = CARTESIAN_POINT ( 'NONE',  ( -0.03121648612211092022, 11.00114060281530648, 34.88686443747524635 ) ) ;
#7387 = CARTESIAN_POINT ( 'NONE',  ( -1.462434383211648364E-15, 1.562500000000000000, -14.99999999999999822 ) ) ;
#7388 = CARTESIAN_POINT ( 'NONE',  ( -2.756779234506180121, 8.090576361612999534, 53.67776209610273952 ) ) ;
#7389 = CARTESIAN_POINT ( 'NONE',  ( -0.03196204169347007656, 8.438419596174316695, 55.18167334294017934 ) ) ;
#7390 = CARTESIAN_POINT ( 'NONE',  ( -5.347534074514995517, 4.041762554471204361, 53.29152562544869909 ) ) ;
#7391 = CARTESIAN_POINT ( 'NONE',  ( -5.003938560409813441, 6.892285689700066165, 51.21314615943646942 ) ) ;
#7392 = CARTESIAN_POINT ( 'NONE',  ( -1.471026117277063117, 8.993247900962195729, 53.77638229450489860 ) ) ;
#7393 = CARTESIAN_POINT ( 'NONE',  ( -1.963135941016963537, 7.652639691620508167, -5.821258976010358133 ) ) ;
#7394 = CARTESIAN_POINT ( 'NONE',  ( -4.313576929605599020, 6.166273165447672788, -3.078868716807938277 ) ) ;
#7395 = CARTESIAN_POINT ( 'NONE',  ( 0.007496007261864442300, 7.818640497305269221, 55.75352376412769928 ) ) ;
#7396 = CARTESIAN_POINT ( 'NONE',  ( -0.2866567573755792186, 8.822749109052644201, 54.14993076380613957 ) ) ;
#7397 = CARTESIAN_POINT ( 'NONE',  ( -3.482224167946087245, 8.004330111091965350, 52.85591851970255561 ) ) ;
#7398 = CARTESIAN_POINT ( 'NONE',  ( -0.1402991320694484401, 10.43228777179403721, 51.31790162236378450 ) ) ;
#7399 = PRODUCT ( 'Shell_Left_1', 'Shell_Left_1', '', ( #3591 ) ) ;
#7400 = CARTESIAN_POINT ( 'NONE',  ( -0.3039778858232012881, 10.03879629643383176, 52.10921762787442191 ) ) ;
#7401 = CARTESIAN_POINT ( 'NONE',  ( -4.779037091659128933, 6.166090005605195934, 52.77804191784701970 ) ) ;
#7402 = CARTESIAN_POINT ( 'NONE',  ( -5.333938856852062926, 5.619323875442220562, 51.83807482652096610 ) ) ;
#7403 = CARTESIAN_POINT ( 'NONE',  ( -3.121736656369164198, 6.351437168555788659, -6.569210536928707711 ) ) ;
#7404 = CARTESIAN_POINT ( 'NONE',  ( 0.002694660372617876422, 9.632541596082234037, 53.62426809806532191 ) ) ;
#7405 = CARTESIAN_POINT ( 'NONE',  ( -5.240043247152359918, 4.860163381013675732, 52.91851452316956284 ) ) ;
#7406 = CARTESIAN_POINT ( 'NONE',  ( -5.501934108256063105, 3.031079455756448215, 20.75095417109691098 ) ) ;
#7407 = CARTESIAN_POINT ( 'NONE',  ( -1.403889689815438935, 6.945877905974597866, -8.659721924120924896 ) ) ;
#7408 = CARTESIAN_POINT ( 'NONE',  ( -0.008999308157658036933, 9.006421000943886312, 54.57029728147431769 ) ) ;
#7409 = AXIS2_PLACEMENT_3D ( 'NONE', #4079, #74, #2706 ) ;
#7410 = CARTESIAN_POINT ( 'NONE',  ( -5.792895298906140411, 3.383627358284952091, 51.71742135213437308 ) ) ;
#7411 = CARTESIAN_POINT ( 'NONE',  ( -2.771362780730363351, 5.645349106759715241, 55.82080872693594387 ) ) ;
#7412 = CARTESIAN_POINT ( 'NONE',  ( -0.5586579175806675179, 10.11317926375639864, 52.31400201187871346 ) ) ;
#7413 = CARTESIAN_POINT ( 'NONE',  ( -3.513512963442390280, 4.351027239231198607, 55.99478418837546201 ) ) ;
#7414 = CARTESIAN_POINT ( 'NONE',  ( 0.005768126286677673943, 10.21908011918366732, 52.20454048937899927 ) ) ;
#7415 = CARTESIAN_POINT ( 'NONE',  ( -5.052339798804307058, 3.731209254819321419, 53.11357920535380117 ) ) ;
#7416 = CARTESIAN_POINT ( 'NONE',  ( -2.098615481310986741, 9.100429748415583830, 52.96115297863126159 ) ) ;
#7417 = DIRECTION ( 'NONE',  ( -0.000000000000000000, 0.000000000000000000, 1.000000000000000000 ) ) ;
#7418 = CARTESIAN_POINT ( 'NONE',  ( -1.453560320299275288, 9.279815815929282508, -0.1925127768895371905 ) ) ;
#7419 = CARTESIAN_POINT ( 'NONE',  ( -0.2840130387950583479, 10.37776418244398080, 51.51952300638345150 ) ) ;
#7420 = CARTESIAN_POINT ( 'NONE',  ( -2.328730903865170010, 8.192474816629703227, 54.00704727882133938 ) ) ;
#7421 = CARTESIAN_POINT ( 'NONE',  ( -0.01747889357529779780, 4.780557068467398807, 57.38482333657235301 ) ) ;
#7422 = CARTESIAN_POINT ( 'NONE',  ( -2.531376657214896575, 3.987296611268679847, 56.84816074568301048 ) ) ;
#7423 = UNCERTAINTY_MEASURE_WITH_UNIT (LENGTH_MEASURE( 1.000000000000000082E-05 ), #2148, 'distance_accuracy_value', 'NONE');
#7424 = CARTESIAN_POINT ( 'NONE',  ( -3.360194716577769469, 7.190284743951801616, 53.97240388497903751 ) ) ;
#7425 = CARTESIAN_POINT ( 'NONE',  ( -0.3800648271059220984, 10.34092897403947653, 51.62107818595404751 ) ) ;
#7426 = CARTESIAN_POINT ( 'NONE',  ( -4.105243198443993435, 7.017578617127693263, 53.10671183917974503 ) ) ;
#7427 = CARTESIAN_POINT ( 'NONE',  ( -0.9470493505430165326, 10.02274789021086043, 52.22800885800064918 ) ) ;
#7428 = CARTESIAN_POINT ( 'NONE',  ( -3.265790407808341289, 7.491281983921838972, 52.96681461372630650 ) ) ;
#7429 = CARTESIAN_POINT ( 'NONE',  ( -4.835325002742845157, 4.547095684694882678, -4.307388279310643497 ) ) ;
#7430 = CARTESIAN_POINT ( 'NONE',  ( 0.000000000000000000, 10.44863700122230199, 48.58780644073765131 ) ) ;
#7431 = CARTESIAN_POINT ( 'NONE',  ( -1.525562568865560964, 9.707994052489310022, 50.95933768168648470 ) ) ;
#7432 = CARTESIAN_POINT ( 'NONE',  ( -0.6738414318538807901, 7.898200462805468725, -6.993386367056571906 ) ) ;
#7433 = CARTESIAN_POINT ( 'NONE',  ( -2.136746253789879813, 6.273725153535115062, 55.87063267231889085 ) ) ;
#7434 = CARTESIAN_POINT ( 'NONE',  ( -0.007690568050758424430, 9.947106833335205067, 52.97614266488847790 ) ) ;
#7435 = CARTESIAN_POINT ( 'NONE',  ( -4.000129360553654756, 3.198234252862830029, 56.17089546812613321 ) ) ;
#7436 = CARTESIAN_POINT ( 'NONE',  ( -4.376353942850667700, 6.518275202355210851, 53.17949298230131916 ) ) ;
#7437 = CARTESIAN_POINT ( 'NONE',  ( -1.181797911834044923, 8.325042399639636770, 54.82832034589344516 ) ) ;
#7438 = CARTESIAN_POINT ( 'NONE',  ( -2.453373289421338477, 9.428584793854991375, 50.26187504513641358 ) ) ;
#7439 = CARTESIAN_POINT ( 'NONE',  ( -5.104143665219048387, 6.998331148409469904, 34.88788211218084001 ) ) ;
#7440 = CARTESIAN_POINT ( 'NONE',  ( 0.007581762562021028377, 5.601779721290053971, 57.07555717263633710 ) ) ;
#7441 = CARTESIAN_POINT ( 'NONE',  ( -0.4442441507493476438, 9.247783488611322156, 53.35328251854787140 ) ) ;
#7442 = CARTESIAN_POINT ( 'NONE',  ( -3.315249177737560782, 7.666975387246254492, 53.50864769357639972 ) ) ;
#7443 = CARTESIAN_POINT ( 'NONE',  ( -0.04275580130924936523, 9.798004761525458406, 53.30429427492217087 ) ) ;
#7444 = FACE_OUTER_BOUND ( 'NONE', #4523, .T. ) ;
#7445 = CARTESIAN_POINT ( 'NONE',  ( -5.257262939285298309, 6.442227657205353175, 50.99654145013820994 ) ) ;
#7446 = CARTESIAN_POINT ( 'NONE',  ( -5.356090048436611184, 5.633874148896195422, 51.73502581807501599 ) ) ;
#7447 = CARTESIAN_POINT ( 'NONE',  ( -2.334496876449032143, 4.539871254393974986, 56.32179025497218561 ) ) ;
#7448 = CARTESIAN_POINT ( 'NONE',  ( 0.01372021003129019444, 9.821293437025964579, 53.25795498864040667 ) ) ;
#7449 = CARTESIAN_POINT ( 'NONE',  ( -5.170518992136413416, 4.810852354336147663, 53.14062423760595522 ) ) ;
#7450 = CARTESIAN_POINT ( 'NONE',  ( -5.499207529016354457, 1.728631088280434991, 46.22411883568158686 ) ) ;
#7451 = CARTESIAN_POINT ( 'NONE',  ( -2.292113131134639215, 10.58953415692782407, 33.64204399690213876 ) ) ;
#7452 = CARTESIAN_POINT ( 'NONE',  ( 0.003241487197610780965, 10.02392077123889536, 52.78563710194919167 ) ) ;
#7453 = CARTESIAN_POINT ( 'NONE',  ( -5.614266313593709867, 3.339960030223626308, 52.88452896303881801 ) ) ;
#7454 = CARTESIAN_POINT ( 'NONE',  ( -2.361292438336119126, 4.876787834089046925, 56.53708517364383823 ) ) ;
#7455 = CARTESIAN_POINT ( 'NONE',  ( -0.3905666828138790736, 7.068330584751427281, 56.22937606448190451 ) ) ;
#7456 = CARTESIAN_POINT ( 'NONE',  ( -5.307399952162566770, 6.094198634171458906, 51.31438577900411957 ) ) ;
#7457 = CARTESIAN_POINT ( 'NONE',  ( -0.004548732318580593972, 9.305763627180857256, 54.14924524385874349 ) ) ;
#7458 = CARTESIAN_POINT ( 'NONE',  ( -2.466359553098150581, 2.120726054492001911, 57.22962935510457072 ) ) ;
#7459 = CARTESIAN_POINT ( 'NONE',  ( -2.236840340101604152, 9.517855918695172335, 51.87862747399630337 ) ) ;
#7460 =( NAMED_UNIT ( * ) PLANE_ANGLE_UNIT ( ) SI_UNIT ( $, .RADIAN. ) );
#7461 = CARTESIAN_POINT ( 'NONE',  ( -1.421190946692053814, 9.107638803076564926, -1.186865195594010158 ) ) ;
#7462 = CARTESIAN_POINT ( 'NONE',  ( -0.2912142198532103876, 10.51311710133163935, 50.82117826531779770 ) ) ;
#7463 = CARTESIAN_POINT ( 'NONE',  ( -2.473855982588538005, 8.663747941085651050, 53.22660623026473559 ) ) ;
#7464 = CARTESIAN_POINT ( 'NONE',  ( -0.006096470076853711430, 9.419517614485428680, 53.97701345561459618 ) ) ;
#7465 = CARTESIAN_POINT ( 'NONE',  ( -5.048479012759299778, 3.860714126493689058, 54.20197696688989453 ) ) ;
#7466 = CARTESIAN_POINT ( 'NONE',  ( -2.559366449527586518, 5.490846429648710725, 56.08482404249498643 ) ) ;
#7467 = CARTESIAN_POINT ( 'NONE',  ( -0.3532496288543324758, 9.761227518378099433, 53.30316275435368567 ) ) ;
#7468 = CARTESIAN_POINT ( 'NONE',  ( -3.733000846677265283, 6.726639197328450948, 53.95432007894402915 ) ) ;
#7469 = CARTESIAN_POINT ( 'NONE',  ( -0.3257644598498202759, 4.292144364582265226, 57.50096714328572745 ) ) ;
#7470 = CARTESIAN_POINT ( 'NONE',  ( -4.260383913439845571, 9.058749777504591094, 46.35028612573081830 ) ) ;
#7471 = CARTESIAN_POINT ( 'NONE',  ( -3.572245127143152565, 3.911366509699956584, -9.957298935483894553 ) ) ;
#7472 = CARTESIAN_POINT ( 'NONE',  ( 0.000000000000000000, 10.34141727185504145, 7.833456936075216426 ) ) ;
#7473 = CARTESIAN_POINT ( 'NONE',  ( -1.462434383211648364E-15, 1.562500000000000000, -14.99999999999999822 ) ) ;
#7474 = CARTESIAN_POINT ( 'NONE',  ( -2.739075747696089191, 8.041287400553594367, 53.75839673819681508 ) ) ;
#7475 = CARTESIAN_POINT ( 'NONE',  ( -0.02302642787476198022, 5.191263293242045940, 57.22917598262825578 ) ) ;
#7476 = CARTESIAN_POINT ( 'NONE',  ( -4.672607008877014856, 3.599178022163708413, 55.10743699488477176 ) ) ;
#7477 = CARTESIAN_POINT ( 'NONE',  ( -4.454988158033651224, 6.613414555379762305, 52.94423149210521018 ) ) ;
#7478 = CARTESIAN_POINT ( 'NONE',  ( -1.379381416058590659, 9.563706910327912425, 52.90095023645323380 ) ) ;
#7479 = CARTESIAN_POINT ( 'NONE',  ( -2.710157466098586099, 10.39845376639013708, 28.18540476581866017 ) ) ;
#7480 = CARTESIAN_POINT ( 'NONE',  ( -4.521549523264855708, 5.970223251432635436, -2.470559037338141639 ) ) ;
#7481 = CARTESIAN_POINT ( 'NONE',  ( 0.05429674900914505803, 9.966859216062683657, 52.92790690637821882 ) ) ;
#7482 = CARTESIAN_POINT ( 'NONE',  ( -0.4387331157037332452, 9.936480591911267979, 51.52982099003546068 ) ) ;
#7483 = CARTESIAN_POINT ( 'NONE',  ( -3.461014971359699821, 7.964190186005186689, 52.94069571866618418 ) ) ;
#7484 = CARTESIAN_POINT ( 'NONE',  ( -0.04118488192796066621, 10.02332703352693599, 52.78620376317945784 ) ) ;
#7485 = CARTESIAN_POINT ( 'NONE',  ( -5.642284576753756831, 4.183631844146725953, 52.03067450563888485 ) ) ;
#7486 = CARTESIAN_POINT ( 'NONE',  ( -4.620385451173335767, 6.003116091754805872, 53.24568233570926878 ) ) ;
#7487 = CARTESIAN_POINT ( 'NONE',  ( -2.041130688662208037, 9.945419285482268279, 50.85900857231843020 ) ) ;
#7488 = CARTESIAN_POINT ( 'NONE',  ( -4.890098744779893813, 5.279848216254682036, 53.37254484844898883 ) ) ;
#7489 = CARTESIAN_POINT ( 'NONE',  ( -4.124454312214277607, 6.926273951834914122, -1.830764602778476302 ) ) ;
#7490 = CARTESIAN_POINT ( 'NONE',  ( -0.01198997652829157136, 6.764657617819344715, 56.48406220973785707 ) ) ;
#7491 = CARTESIAN_POINT ( 'NONE',  ( -5.629622878329151092, 5.081057705904053812, 51.08722518139337865 ) ) ;
#7492 = CARTESIAN_POINT ( 'NONE',  ( -1.931044556437862880, 9.331521007840795079, 51.55684204356089140 ) ) ;
#7493 = CARTESIAN_POINT ( 'NONE',  ( -0.01596809922421180486, 8.141698670917241643, 55.47794282860891002 ) ) ;
#7494 = CARTESIAN_POINT ( 'NONE',  ( -5.385472237690553499, 3.243396252504827437, 53.78702392959475986 ) ) ;
#7495 = CARTESIAN_POINT ( 'NONE',  ( -3.976925697886370070, 7.927405833164672622, 52.12858430163195322 ) ) ;
#7496 = CARTESIAN_POINT ( 'NONE',  ( -0.5405170916298602801, 9.866464293037592981, 52.98030037538846670 ) ) ;
#7497 = CARTESIAN_POINT ( 'NONE',  ( -5.367792232570400834, 6.138728965970543072, 50.99318179174828458 ) ) ;
#7498 = CARTESIAN_POINT ( 'NONE',  ( -0.01877815006310765145, 6.764683186654673719, 56.48362575565965216 ) ) ;
#7499 = CARTESIAN_POINT ( 'NONE',  ( -5.680149750972431022, 4.053650026778862880, 42.55494144680475443 ) ) ;
#7500 = CARTESIAN_POINT ( 'NONE',  ( -3.304173570325486864, 7.255336720623224878, 53.97488502606871918 ) ) ;
#7501 = CARTESIAN_POINT ( 'NONE',  ( -1.654626609635711176, 10.09723221677696081, 6.168344464501042346 ) ) ;
#7502 = CARTESIAN_POINT ( 'NONE',  ( -0.2672480773578425617, 9.906862836838568498, 53.02497347213964929 ) ) ;
#7503 = CARTESIAN_POINT ( 'NONE',  ( -1.937131118865703883, 6.811604584414379104, 55.63503667397801422 ) ) ;
#7504 = CARTESIAN_POINT ( 'NONE',  ( -0.001757927016487601272, 9.753049292073738386, 53.39670490586451024 ) ) ;
#7505 = CARTESIAN_POINT ( 'NONE',  ( -3.434671944261965759, 3.959008273679232026, 55.69552153550177565 ) ) ;
#7506 = CARTESIAN_POINT ( 'NONE',  ( -4.849355271144088597, 5.854726185374895309, 52.93691322253827991 ) ) ;
#7507 = CARTESIAN_POINT ( 'NONE',  ( -0.3430805210043019748, 9.437300664322330945, 53.88268005146788653 ) ) ;
#7508 = CARTESIAN_POINT ( 'NONE',  ( -4.547962262207544626, 7.563728277365167507, 51.42393764670840994 ) ) ;
#7509 = CARTESIAN_POINT ( 'NONE',  ( -0.2801964933446399186, 3.871962780617598021, 57.60729111442965689 ) ) ;
#7510 = CARTESIAN_POINT ( 'NONE',  ( -3.202199298499594171, 7.672801644941307231, -3.032789285881359209 ) ) ;
#7511 = CARTESIAN_POINT ( 'NONE',  ( -5.028386650218544141, 5.222013611563311564, -0.6117681374242320835 ) ) ;
#7512 = CARTESIAN_POINT ( 'NONE',  ( 0.000000000000000000, 7.474250815729512887, -8.677396319203579012 ) ) ;
#7513 = CARTESIAN_POINT ( 'NONE',  ( -3.451785549527978780, 8.451228776733991310, 50.95933768168647049 ) ) ;
#7514 = CARTESIAN_POINT ( 'NONE',  ( -0.5845279803719358735, 6.843003330741032286, -10.02721129264345556 ) ) ;
#7515 = CARTESIAN_POINT ( 'NONE',  ( -2.948126036662002125, 8.582645949118060003, 52.75769320985423150 ) ) ;
#7516 = CARTESIAN_POINT ( 'NONE',  ( -0.007494364050862600476, 9.966729847511153650, 52.92867267239473961 ) ) ;
#7517 = CARTESIAN_POINT ( 'NONE',  ( -4.274102805555921591, 6.384591416276547804, 53.48082144729308851 ) ) ;
#7518 = CARTESIAN_POINT ( 'NONE',  ( -1.347428159470182685, 9.392720767377486624, 53.25996481748985190 ) ) ;
#7519 = CARTESIAN_POINT ( 'NONE',  ( -2.444280365172795122, 9.060800659396347712, 0.4111271058506154596 ) ) ;
#7520 = ADVANCED_BREP_SHAPE_REPRESENTATION ( 'Shell_Left_1', ( #4878, #2460 ), #256 ) ;
#7521 = CARTESIAN_POINT ( 'NONE',  ( -5.218267247271211495, 7.069821625399836051, 37.30318387191737628 ) ) ;
#7522 = CARTESIAN_POINT ( 'NONE',  ( 0.05386338107242832213, 9.947245331581635597, 52.97545893076060253 ) ) ;
#7523 = CARTESIAN_POINT ( 'NONE',  ( -0.4881920115370653179, 11.04870126615583814, 28.18494398461660566 ) ) ;
#7524 = CARTESIAN_POINT ( 'NONE',  ( -3.048912440802646895, 7.461565044915189127, 54.06216980350610157 ) ) ;
#7525 = CARTESIAN_POINT ( 'NONE',  ( -0.04237364827607929818, 9.842545568280989698, 53.21142994574052665 ) ) ;
#7526 = CARTESIAN_POINT ( 'NONE',  ( -4.725289999912056338, 6.113624549450241474, 52.94016459388203089 ) ) ;
#7527 = CARTESIAN_POINT ( 'NONE',  ( -1.828113059611497615, 9.644468403702656900, 52.16000698034175542 ) ) ;
#7528 = CARTESIAN_POINT ( 'NONE',  ( -5.207423553332879429, 5.654108706669457973, 52.23831828444408387 ) ) ;
#7529 = CARTESIAN_POINT ( 'NONE',  ( -4.006536849481155294, 6.983697220906793568, 52.40400611197141245 ) ) ;
#7530 = CARTESIAN_POINT ( 'NONE',  ( 0.01070689773864406426, 9.632563757347499589, 53.62435779464674823 ) ) ;
#7531 = CARTESIAN_POINT ( 'NONE',  ( -0.3149825381520916512, 10.34038084601897900, 7.834206663373630697 ) ) ;
#7532 = CARTESIAN_POINT ( 'NONE',  ( -4.656464547156635270, 4.377413560055386732, 54.58106815172821058 ) ) ;
#7533 = CARTESIAN_POINT ( 'NONE',  ( -4.950006491400460007, 4.978135602817348904, 53.50718156621275057 ) ) ;
#7534 = CARTESIAN_POINT ( 'NONE',  ( 0.003524682987876692677, 10.05976755727434124, 52.68967689466589377 ) ) ;
#7535 = CARTESIAN_POINT ( 'NONE',  ( -4.177546346140379008, 2.862209881554720781, 56.14833317102769428 ) ) ;
#7536 = CARTESIAN_POINT ( 'NONE',  ( -0.2750357475526296613, 5.152161086865432615, 57.21505755335097376 ) ) ;
#7537 = CARTESIAN_POINT ( 'NONE',  ( -3.774280132819157974, 3.986024146041776461, 55.96696804763563904 ) ) ;
#7538 = CARTESIAN_POINT ( 'NONE',  ( 0.004828965767935474059, 9.926951197251124626, 53.02329234616270526 ) ) ;
#7539 = CARTESIAN_POINT ( 'NONE',  ( -4.664781353291094668, 3.336429247279337318, -7.621281383673379040 ) ) ;
#7540 = CARTESIAN_POINT ( 'NONE',  ( -3.468522388522955691, 7.597958375163369027, 53.38783571282176155 ) ) ;
#7541 = CARTESIAN_POINT ( 'NONE',  ( -1.285819142324400755, 9.080916836365810596, 52.96420509787232334 ) ) ;
#7542 = CARTESIAN_POINT ( 'NONE',  ( -0.2806448177162149671, 10.30790395549725069, 51.81706032087296165 ) ) ;
#7543 = CARTESIAN_POINT ( 'NONE',  ( -2.422986194347365618, 8.814383019342390213, 53.05479697082340351 ) ) ;
#7544 = CARTESIAN_POINT ( 'NONE',  ( -0.002718718137376071198, 9.682053538890128763, 53.53392603402287619 ) ) ;
#7545 = FACE_OUTER_BOUND ( 'NONE', #1906, .T. ) ;
#7546 = CARTESIAN_POINT ( 'NONE',  ( -4.836114521402975264, 5.842546333438893846, 52.97648222893875669 ) ) ;
#7547 = CARTESIAN_POINT ( 'NONE',  ( -2.017574549023258168, 9.535312247385785867, 52.16661537897707035 ) ) ;
#7548 = CARTESIAN_POINT ( 'NONE',  ( -4.151838383799592691, 7.380571173113043670, 52.60322447914541044 ) ) ;
#7549 = CARTESIAN_POINT ( 'NONE',  ( -0.7705715770302105083, 9.299964517537166131, 53.87249019321373567 ) ) ;
#7550 = CARTESIAN_POINT ( 'NONE',  ( -5.451743084331004852, 5.945171543030544292, 50.88340677055779082 ) ) ;
#7551 = CARTESIAN_POINT ( 'NONE',  ( -3.590480308508087859, 8.030041586329833336, 51.59287011492818209 ) ) ;
#7552 = CARTESIAN_POINT ( 'NONE',  ( -4.290824451519618776, 4.435829685624286256, -6.993583435822332106 ) ) ;
#7553 = CARTESIAN_POINT ( 'NONE',  ( 0.000000000000000000, 11.06384859248873553, 28.18482201312184543 ) ) ;
#7554 = CARTESIAN_POINT ( 'NONE',  ( -2.304691173893397504, 9.083122278502210989, 52.74153296986056461 ) ) ;
#7555 =( NAMED_UNIT ( * ) SI_UNIT ( $, .STERADIAN. ) SOLID_ANGLE_UNIT ( ) );
#7556 = CARTESIAN_POINT ( 'NONE',  ( -1.024546976482307192, 10.42672459841227628, 9.116675915818948539 ) ) ;
#7557 = CARTESIAN_POINT ( 'NONE',  ( -2.869660127854305909, 8.393159607413359424, 53.14575680300440297 ) ) ;
#7558 = CARTESIAN_POINT ( 'NONE',  ( -0.008133064933042135486, 9.906708032339796688, 53.07065604618065890 ) ) ;
#7559 = CARTESIAN_POINT ( 'NONE',  ( -4.307714633118757241, 6.710282424189171202, 53.10459929159802073 ) ) ;
#7560 = CARTESIAN_POINT ( 'NONE',  ( -1.418736026515762916, 9.750104659971631449, 52.43524603999032507 ) ) ;
#7561 = CARTESIAN_POINT ( 'NONE',  ( -2.351511480272840959, 8.772875377871544700, -1.194203744268771183 ) ) ;
#7562 = CARTESIAN_POINT ( 'NONE',  ( -2.266940925728048839, 3.654798466957745351, -13.00790762003923540 ) ) ;
#7563 = CARTESIAN_POINT ( 'NONE',  ( 0.05974016743994243345, 10.27377070064775211, 52.00701153132059318 ) ) ;
#7564 = CARTESIAN_POINT ( 'NONE',  ( -0.5839634234489884390, 10.96997108934784215, 36.13029497014714053 ) ) ;
#7565 = CARTESIAN_POINT ( 'NONE',  ( -3.766350096525675095, 8.484726374094638146, 51.51619989900456886 ) ) ;
#7566 = CARTESIAN_POINT ( 'NONE',  ( -0.04685725024206078421, 6.382208668734831392, 56.68673944081365335 ) ) ;
#7567 = CARTESIAN_POINT ( 'NONE',  ( -5.416667166466440086, 4.082239846370230296, 53.04767169855607989 ) ) ;
#7568 = CARTESIAN_POINT ( 'NONE',  ( -2.434531326866383516, 3.479324995808675602, 57.09022673081941690 ) ) ;
#7569 = CARTESIAN_POINT ( 'NONE',  ( -1.874605469003433722, 9.794835985284851887, 51.66612993504002560 ) ) ;
#7570 = CARTESIAN_POINT ( 'NONE',  ( -4.616305106371165756, 5.126883383355958834, 54.03219693800729573 ) ) ;
#7571 = CARTESIAN_POINT ( 'NONE',  ( -4.630892474817506432, 8.041318217041482086, 28.18604172806890062 ) ) ;
#7572 = CARTESIAN_POINT ( 'NONE',  ( 0.01303242234754537626, 10.09358745126319867, 52.59297778522546452 ) ) ;
#7573 = CARTESIAN_POINT ( 'NONE',  ( -0.1149318048324623337, 6.173906564185345225, 56.45098455501565127 ) ) ;
#7574 = CARTESIAN_POINT ( 'NONE',  ( -5.454424727086150781, 4.760931562580779541, 52.32519428572302900 ) ) ;
#7575 = CARTESIAN_POINT ( 'NONE',  ( 0.004635799321161247245, 10.21907975591533635, 52.20456758521130070 ) ) ;
#7576 = CARTESIAN_POINT ( 'NONE',  ( -5.720023248852064590, 3.369376227152501180, 52.31255923317400658 ) ) ;
#7577 = CARTESIAN_POINT ( 'NONE',  ( -0.4259324238643319993, 9.359094509068622614, 53.96619244445990660 ) ) ;
#7578 = CARTESIAN_POINT ( 'NONE',  ( -3.594446450622657885, 3.830127881131035306, 56.21594767055589870 ) ) ;
#7579 = CARTESIAN_POINT ( 'NONE',  ( -0.01433277470472208229, 8.141699174512536885, 55.47803885605210183 ) ) ;
#7580 = CARTESIAN_POINT ( 'NONE',  ( -3.067407115473151258, 2.437928271886109499, -12.97782674439391215 ) ) ;
#7581 = CARTESIAN_POINT ( 'NONE',  ( -2.515686682595522861, 5.536273916239306203, 56.08854004450086705 ) ) ;
#7582 = CARTESIAN_POINT ( 'NONE',  ( -5.464834764492690233, 5.003366455518602152, 50.95933768168647049 ) ) ;
#7583 = CARTESIAN_POINT ( 'NONE',  ( -1.893745918610352463, 10.74101213447002046, 20.74956109058686593 ) ) ;
#7584 = CARTESIAN_POINT ( 'NONE',  ( -0.1317970921378914806, 9.901496133879403416, 53.07130945585652881 ) ) ;
#7585 = CARTESIAN_POINT ( 'NONE',  ( -1.422595143375526616, 5.303955458741524076, 56.81008971458848578 ) ) ;
#7586 = CARTESIAN_POINT ( 'NONE',  ( 0.002728491815819089356, 10.09357637023841114, 52.59318697100609796 ) ) ;
#7587 = DIRECTION ( 'NONE',  ( -3.335730344018426891E-15, 0.000000000000000000, -1.000000000000000000 ) ) ;
#7588 = CARTESIAN_POINT ( 'NONE',  ( -2.492130607106611162, 3.415965111525600673, 57.08615428968077765 ) ) ;
#7589 = CARTESIAN_POINT ( 'NONE',  ( -2.143897053973629507, 9.574711817601201602, 51.87544075389422460 ) ) ;
#7590 = CARTESIAN_POINT ( 'NONE',  ( -3.856565645449811175, 6.937394451729539391, 53.57209425413582693 ) ) ;
#7591 = CARTESIAN_POINT ( 'NONE',  ( -0.4890066069974141616, 6.664056871060157761, 56.45166869344778604 ) ) ;
#7592 = CARTESIAN_POINT ( 'NONE',  ( -1.798597367256877577, 2.709419041705999565, 57.54627380764438982 ) ) ;
#7593 = CARTESIAN_POINT ( 'NONE',  ( -3.485591567154589399, 7.578081488204876592, -2.432114069693615654 ) ) ;
#7594 = CARTESIAN_POINT ( 'NONE',  ( -4.371714904414414349, 4.503191980705052444, -6.578023315596852605 ) ) ;
#7595 = CARTESIAN_POINT ( 'NONE',  ( -0.08609657717139330979, 10.95808672136263162, 18.26488769628770470 ) ) ;
#7596 = CARTESIAN_POINT ( 'NONE',  ( -2.230723801938775175, 8.848804150421008430, 53.22451192499975292 ) ) ;
#7597 = CARTESIAN_POINT ( 'NONE',  ( -1.258505765192628578, 10.03343211582610550, 50.95933768168647049 ) ) ;
#7598 = CARTESIAN_POINT ( 'NONE',  ( -0.8131555559131793398, 9.221253321603933628, 53.14441657884601966 ) ) ;
#7599 = CARTESIAN_POINT ( 'NONE',  ( -2.982919864005212585, 8.661165839066795158, 52.57727982486049001 ) ) ;
#7600 = CARTESIAN_POINT ( 'NONE',  ( -0.01405454512541030876, 9.419449746643900667, 53.97686212032527919 ) ) ;
#7601 = CARTESIAN_POINT ( 'NONE',  ( -2.202582545828839056, 3.726614973038688827, 57.10645256306176520 ) ) ;
#7602 = CARTESIAN_POINT ( 'NONE',  ( -0.6689879573814867531, 6.584445087437035937, 56.43978109588856285 ) ) ;
#7603 = CARTESIAN_POINT ( 'NONE',  ( -2.709883599086526651, 8.927145719864189033, 0.4117465033409706265 ) ) ;
#7604 = CARTESIAN_POINT ( 'NONE',  ( -4.458369326736854710, 5.881130857922618915, -3.086548621962371453 ) ) ;
#7605 = CARTESIAN_POINT ( 'NONE',  ( 0.04024757698621586610, 9.305884508059813598, 54.15050126263894015 ) ) ;
#7606 = CARTESIAN_POINT ( 'NONE',  ( -5.500113479807729355, 1.981337500103512284, 28.18736986212241646 ) ) ;
#7607 = CARTESIAN_POINT ( 'NONE',  ( -0.3678449566033425433, 9.298551115253500754, -1.178609328334911721 ) ) ;
#7608 = CARTESIAN_POINT ( 'NONE',  ( -3.063740699861877914, 7.931307671266838000, 53.51278682776840157 ) ) ;
#7609 = CARTESIAN_POINT ( 'NONE',  ( -0.03569013534087178696, 4.780382508230836436, 57.38394901493253286 ) ) ;
#7610 = CARTESIAN_POINT ( 'NONE',  ( -4.735621470925514664, 3.830612776559008559, 54.83417917998313840 ) ) ;
#7611 = CARTESIAN_POINT ( 'NONE',  ( -4.521920023787267873, 6.152562554589142252, 53.28650835632053173 ) ) ;
#7612 = CARTESIAN_POINT ( 'NONE',  ( -1.742496398993127915, 9.331576896244135000, 52.95391788792953491 ) ) ;
#7613 = CARTESIAN_POINT ( 'NONE',  ( -3.983006300553765922, 4.461041507044130050, 55.45592122656299239 ) ) ;
#7614 = CARTESIAN_POINT ( 'NONE',  ( -3.320854548907050230, 5.409424442268973010, 54.92502189905771814 ) ) ;
#7615 = CARTESIAN_POINT ( 'NONE',  ( 0.01323485109537937687, 10.43634877371289527, 51.31567354391642510 ) ) ;
#7616 = CARTESIAN_POINT ( 'NONE',  ( -0.1652719606546325382, 9.216564394460030840, -1.767866582307248136 ) ) ;
#7617 = CARTESIAN_POINT ( 'NONE',  ( -5.048417340792862973, 4.488264563555959263, 53.70443236229784389 ) ) ;
#7618 = ORIENTED_EDGE ( 'NONE', *, *, #5476, .F. ) ;
#7619 = CARTESIAN_POINT ( 'NONE',  ( -5.614687553312585955, 3.542183924395291950, 52.73778939819860057 ) ) ;
#7620 = CARTESIAN_POINT ( 'NONE',  ( -0.4327462903347061851, 9.520405678160683394, 53.70585515153585021 ) ) ;
#7621 = CARTESIAN_POINT ( 'NONE',  ( -5.574699050398872480, 5.408020990927834504, 50.98350744469525608 ) ) ;
#7622 = CARTESIAN_POINT ( 'NONE',  ( -0.007172680479515793246, 9.006425375334792705, 54.57037135885654777 ) ) ;
#7623 = CARTESIAN_POINT ( 'NONE',  ( -5.471080142017298975, 3.446556614886870484, 50.64664686715124731 ) ) ;
#7624 = CARTESIAN_POINT ( 'NONE',  ( -1.472519118580852160, 9.120676011695708851, 52.69541733660475558 ) ) ;
#7625 = CARTESIAN_POINT ( 'NONE',  ( -0.1763975904206233347, 9.854267256636703110, 53.16488988646174363 ) ) ;
#7626 = CARTESIAN_POINT ( 'NONE',  ( -2.459172264465149471, 8.920359195915155581, 52.83562190113534029 ) ) ;
#7627 = CARTESIAN_POINT ( 'NONE',  ( -0.003673729756933486953, 9.529187790784128254, 53.80242457295591407 ) ) ;
#7628 = CARTESIAN_POINT ( 'NONE',  ( -3.291166421473123105, 3.963903419279747986, 55.82004111425032988 ) ) ;
#7629 = EDGE_CURVE ( 'NONE', #5040, #4048, #5397, .T. ) ;
#7630 = CARTESIAN_POINT ( 'NONE',  ( -5.008468655712083439, 5.991119900417693600, 52.42633766375083582 ) ) ;
#7631 = CARTESIAN_POINT ( 'NONE',  ( -5.772800269923830108, 3.585250944035390130, 51.71832949144114622 ) ) ;
#7632 = CARTESIAN_POINT ( 'NONE',  ( -0.7561289678191320807, 4.058140498959064146, 57.48358945697641076 ) ) ;
#7633 = CARTESIAN_POINT ( 'NONE',  ( -2.902740633484835797, 5.499665318091404131, 55.80921767587830828 ) ) ;
#7634 = CARTESIAN_POINT ( 'NONE',  ( -0.7125536141847741423, 9.679255862845433711, 53.25718089397194177 ) ) ;
#7635 = CARTESIAN_POINT ( 'NONE',  ( -5.333168866779780082, 5.862798195858828443, 51.52550970688015752 ) ) ;
#7636 = AXIS2_PLACEMENT_3D ( 'NONE', #5299, #7356, #1475 ) ;
#7637 = CARTESIAN_POINT ( 'NONE',  ( -4.514604986148174071, 8.772693088650997950, 46.34376023141788181 ) ) ;
#7638 = CARTESIAN_POINT ( 'NONE',  ( -5.415243849338241766, 4.828368772904198636, 6.206008468732051142 ) ) ;
#7639 = CARTESIAN_POINT ( 'NONE',  ( -0.01949606001787409365, 8.747646943945387221, -4.149640900539225186 ) ) ;
#7640 = CARTESIAN_POINT ( 'NONE',  ( -2.444648256627663940, 9.464285138669307429, 51.68496119544520440 ) ) ;
#7641 = CARTESIAN_POINT ( 'NONE',  ( -0.7349559067819151359, 10.40869248980017403, 50.95933768168646338 ) ) ;
#7642 = CARTESIAN_POINT ( 'NONE',  ( -1.348384204173703971, 10.30141277178410597, 7.836955663467847444 ) ) ;
#7643 = CARTESIAN_POINT ( 'NONE',  ( -2.512440807844001700, 7.901254716279058066, 54.15908774234952006 ) ) ;
#7644 = CARTESIAN_POINT ( 'NONE',  ( -0.01593177250765280203, 9.006368479894563350, 54.57005011026114261 ) ) ;
#7645 = CARTESIAN_POINT ( 'NONE',  ( -4.671716642353257676, 7.119829488225337677, 51.84023774444685984 ) ) ;
#7646 = CARTESIAN_POINT ( 'NONE',  ( -0.9609930269136923719, 9.379403480549282079, 53.61116831700126539 ) ) ;
#7647 = CARTESIAN_POINT ( 'NONE',  ( -3.602040874616314170, 9.723338741925081408, 31.92480288109812392 ) ) ;
#7648 = CARTESIAN_POINT ( 'NONE',  ( -2.168919089544520507, 7.513319947436527535, -5.823886503192656328 ) ) ;
#7649 = CARTESIAN_POINT ( 'NONE',  ( -5.272511383026943221, 6.193774162091842506, 34.88799571307827563 ) ) ;
#7650 = CARTESIAN_POINT ( 'NONE',  ( 0.06752512872038632374, 9.821431279196175979, 53.25784691890621758 ) ) ;
#7651 = CARTESIAN_POINT ( 'NONE',  ( -5.489868982970636857, 2.168815298273491621, -2.547448972627185171 ) ) ;
#7652 = CARTESIAN_POINT ( 'NONE',  ( -0.5552976102566498096, 9.413021323850133015, 52.96336425387498537 ) ) ;
#7653 = CARTESIAN_POINT ( 'NONE',  ( -3.533245578514493168, 8.472809751687485402, 52.01915950111015263 ) ) ;
#7654 = CARTESIAN_POINT ( 'NONE',  ( -0.03282069686897327865, 9.681662980393646478, 53.53370670693573885 ) ) ;
#7655 = CARTESIAN_POINT ( 'NONE',  ( -4.534802484540308321, 6.167734688009193000, 53.24935088352838619 ) ) ;
#7656 = CARTESIAN_POINT ( 'NONE',  ( -1.368318367793968093, 7.894860544213564424, 55.10891844450011945 ) ) ;
#7657 = CARTESIAN_POINT ( 'NONE',  ( -4.724171757991249443, 5.238192715176051450, 53.73978496357327117 ) ) ;
#7658 = CARTESIAN_POINT ( 'NONE',  ( -3.079734687105059265, 5.404829820773390914, -8.633210331496959711 ) ) ;
#7659 = CARTESIAN_POINT ( 'NONE',  ( 0.01797923080850112945, 10.49360117368560097, 51.01720028172334054 ) ) ;
#7660 = CARTESIAN_POINT ( 'NONE',  ( -0.2530802715379038004, 10.43991875929399704, 48.58472816954153473 ) ) ;
#7661 = CARTESIAN_POINT ( 'NONE',  ( -5.254498871329596810, 4.643000021313795855, 53.06347476711363953 ) ) ;
#7662 = ORIENTED_EDGE ( 'NONE', *, *, #638, .F. ) ;
#7663 = CARTESIAN_POINT ( 'NONE',  ( -5.539212733793812404, 3.513148407530720885, 53.06641275944133440 ) ) ;
#7664 = CARTESIAN_POINT ( 'NONE',  ( -0.4212012161772648589, 9.245521975189898711, 54.13633040240462435 ) ) ;
#7665 = CARTESIAN_POINT ( 'NONE',  ( -5.522118351436319017, 5.377023515183596558, 51.30689019631450520 ) ) ;
#7666 = CARTESIAN_POINT ( 'NONE',  ( -0.01646469860910147742, 5.191246431431753017, 57.22951981166902868 ) ) ;
#7667 = CARTESIAN_POINT ( 'NONE',  ( -5.479910422481501620, 3.690557422846979296, 33.64122682634029360 ) ) ;
#7668 = CARTESIAN_POINT ( 'NONE',  ( -1.786002316902838949, 9.847198995433910085, 4.089097337914426866 ) ) ;
#7669 = CARTESIAN_POINT ( 'NONE',  ( -0.1313567956801416636, 9.747571487879330476, 53.39609588554255737 ) ) ;
#7670 = CARTESIAN_POINT ( 'NONE',  ( -2.159820319428384483, 7.918305272516115600, 54.48458130867263094 ) ) ;
#7671 = CARTESIAN_POINT ( 'NONE',  ( -0.002312988091230949207, 9.632527738830157560, 53.62421204427047883 ) ) ;
#7672 = CARTESIAN_POINT ( 'NONE',  ( -1.034864993039195991, 3.988190125078096671, 56.99473222198078304 ) ) ;
#7673 = CARTESIAN_POINT ( 'NONE',  ( -4.055370321023816338, 5.075727518192961973, 54.92030275115547511 ) ) ;
#7674 = CARTESIAN_POINT ( 'NONE',  ( -4.313390199521078827, 3.067433487952685667, 55.90057050409861716 ) ) ;
#7675 = CARTESIAN_POINT ( 'NONE',  ( -1.592885254972142173, 7.739003946849504878, 55.09821349030111293 ) ) ;
#7676 = CARTESIAN_POINT ( 'NONE',  ( -3.727807921267043412, 7.035739759812598138, 53.65267132734965116 ) ) ;
#7677 = CARTESIAN_POINT ( 'NONE',  ( -0.5161625365757361861, 7.022272622782769425, 56.22064999550758557 ) ) ;
#7678 = CARTESIAN_POINT ( 'NONE',  ( -3.221058920162045425, 3.891276398267168535, 56.46181232667392180 ) ) ;
#7679 = CARTESIAN_POINT ( 'NONE',  ( -4.172028978228421003, 8.235572933268121787, 4.113146485914856321 ) ) ;
#7680 = CARTESIAN_POINT ( 'NONE',  ( -5.352048695298340597, 4.692053363285592305, 50.63983065846970533 ) ) ;
#7681 = CARTESIAN_POINT ( 'NONE',  ( -0.09974434535735575424, 10.95756560157603055, 39.80006712722220641 ) ) ;
#7682 = CARTESIAN_POINT ( 'NONE',  ( -2.127477146635980976, 8.840643210993098577, 53.35140489222202831 ) ) ;
#7683 = CARTESIAN_POINT ( 'NONE',  ( -0.003977885823185360603, 5.504147727546331303, 56.89760597302333878 ) ) ;
#7684 = CARTESIAN_POINT ( 'NONE',  ( -1.191946006809595282, 10.04735468217358019, 49.94268463628885257 ) ) ;
#7685 = CARTESIAN_POINT ( 'NONE',  ( -3.067801068509319773, 8.842753558960417593, 52.10367862073312040 ) ) ;
#7686 = CARTESIAN_POINT ( 'NONE',  ( -0.004488282334557848127, 9.985801841084231967, 52.88100899072387762 ) ) ;
#7687 = AXIS2_PLACEMENT_3D ( 'NONE', #7597, #4164, #6224 ) ;
#7688 = CARTESIAN_POINT ( 'NONE',  ( -4.218712105677244750, 6.590631515101362581, 53.37147749045682588 ) ) ;
#7689 = CARTESIAN_POINT ( 'NONE',  ( -1.297977216788285704, 10.17467300799187591, 51.24482373167914062 ) ) ;
#7690 = CARTESIAN_POINT ( 'NONE',  ( -1.462434383211648364E-15, 1.562500000000000000, -14.99999999999999822 ) ) ;
#7691 = CARTESIAN_POINT ( 'NONE',  ( -4.585213147088271768, 5.339110708790578919, 52.96959809730372370 ) ) ;
#7692 = CARTESIAN_POINT ( 'NONE',  ( 0.07082905450353679799, 9.947279014724086821, 52.97526420259603697 ) ) ;
#7693 = CARTESIAN_POINT ( 'NONE',  ( -5.218084252731910233, 1.730293974977943128, -6.993693510268068181 ) ) ;
#7694 = CARTESIAN_POINT ( 'NONE',  ( -0.6694474208156018236, 10.97167168690142702, 34.88695910488974761 ) ) ;
#7695 = CARTESIAN_POINT ( 'NONE',  ( -3.414144262596034984, 8.259949563097208625, 52.58840461653517906 ) ) ;
#7696 = CARTESIAN_POINT ( 'NONE',  ( -0.04240016760127714168, 10.32476897134506189, 51.81223780863319206 ) ) ;
#7697 = CARTESIAN_POINT ( 'NONE',  ( -5.755026334472317373, 4.224410393146674991, 51.18491571425128228 ) ) ;
#7698 = CARTESIAN_POINT ( 'NONE',  ( -5.153910008239841467, 6.489052318074255865, 51.31734736666118835 ) ) ;
#7699 = CARTESIAN_POINT ( 'NONE',  ( -1.612268090447465108, 9.211278403637985335, 53.30554353854837757 ) ) ;
#7700 = CARTESIAN_POINT ( 'NONE',  ( -2.106992267172230981, 2.892555565054890199, 57.41863545301988125 ) ) ;
#7701 = CARTESIAN_POINT ( 'NONE',  ( -4.870300481013675409, 7.770817674140319653, 34.88776851128357492 ) ) ;
#7702 = CARTESIAN_POINT ( 'NONE',  ( 0.01631226827770711554, 9.729433861832106345, 53.44253153841879822 ) ) ;
#7703 = CARTESIAN_POINT ( 'NONE',  ( -0.3700397163608837858, 10.65935101554774178, 46.42207096317235937 ) ) ;
#7704 = CARTESIAN_POINT ( 'NONE',  ( -2.295532009236150195, 2.683405670513513197, 57.40855967797223514 ) ) ;
#7705 = ORIENTED_EDGE ( 'NONE', *, *, #377, .T. ) ;
#7706 = CARTESIAN_POINT ( 'NONE',  ( -5.598015141507287851, 3.536385729620445506, 52.81476540481808257 ) ) ;
#7707 = CARTESIAN_POINT ( 'NONE',  ( -0.4741428607117111338, 10.27318669429749498, 51.82177998557865806 ) ) ;
#7708 = CARTESIAN_POINT ( 'NONE',  ( -5.109489091311398390, 5.229086544252223412, 52.92615168389838942 ) ) ;
#7709 = CARTESIAN_POINT ( 'NONE',  ( 0.007563663776456790340, 10.37232338027057921, 51.61349850580042187 ) ) ;
#7710 = CARTESIAN_POINT ( 'NONE',  ( -4.580860632724094827, 2.910348386255668718, -8.599825363007498780 ) ) ;
#7711 = CARTESIAN_POINT ( 'NONE',  ( -1.534321285685157132, 8.694016173840902084, -2.986709854954765042 ) ) ;
#7712 = CARTESIAN_POINT ( 'NONE',  ( -0.1302765916881060693, 9.357922312708007340, 54.06068766521630664 ) ) ;
#7713 = CARTESIAN_POINT ( 'NONE',  ( -2.544631766828074237, 9.149082886793484803, 52.28144049697959872 ) ) ;
#7714 = CARTESIAN_POINT ( 'NONE',  ( 0.001092966729199663228, 10.52831913604144454, 50.81828213386499016 ) ) ;
#7715 = CARTESIAN_POINT ( 'NONE',  ( -4.535054146326576330, 3.868669953183268895, 54.29148495357669191 ) ) ;
#7716 = CARTESIAN_POINT ( 'NONE',  ( -4.969290165777406898, 6.083006726188404656, 52.42673761993545156 ) ) ;
#7717 = CARTESIAN_POINT ( 'NONE',  ( -3.679002742431063400, 2.778790353276876957, 56.62846728611521030 ) ) ;
#7718 = ADVANCED_FACE ( 'NONE', ( #3464 ), #5357, .F. ) ;
#7719 = CARTESIAN_POINT ( 'NONE',  ( -1.939749524514599255, 9.280242987909158359, 52.82303788347892493 ) ) ;
#7720 = CARTESIAN_POINT ( 'NONE',  ( -3.679761654626512613, 6.949938648015142384, 53.80665752316598116 ) ) ;
#7721 = CARTESIAN_POINT ( 'NONE',  ( -0.4297858658339856475, 5.915174409582209414, 56.86697503043907886 ) ) ;
#7722 = CARTESIAN_POINT ( 'NONE',  ( -3.784927769350980409, 4.358777240520828045, 55.72169970434043762 ) ) ;
#7723 = CARTESIAN_POINT ( 'NONE',  ( -4.346976098177564474, 8.822684001080112637, 24.06813729875883112 ) ) ;
#7724 = CARTESIAN_POINT ( 'NONE',  ( -5.454590197480884584, 5.214891318886559546, 15.73473416059035657 ) ) ;
#7725 = CARTESIAN_POINT ( 'NONE',  ( -0.01851380681373022974, 8.879865550842607647, -3.546289877328397289 ) ) ;
#7726 = CARTESIAN_POINT ( 'NONE',  ( -1.075464890282803898, 4.711720611334498265, 57.17430765491021560 ) ) ;
#7727 = CARTESIAN_POINT ( 'NONE',  ( -2.018020694826724970, 9.933075196665507534, 50.95933768168647049 ) ) ;
#7728 = CARTESIAN_POINT ( 'NONE',  ( -0.7873584177384382876, 7.762539060988391526, 55.07439604290608060 ) ) ;
#7729 = CARTESIAN_POINT ( 'NONE',  ( -2.845514675626954482, 8.827457996116901739, 52.48066719122419244 ) ) ;
#7730 = CARTESIAN_POINT ( 'NONE',  ( -0.02518128287726172088, 6.764671205939533749, 56.48323117682332395 ) ) ;
#7731 = CARTESIAN_POINT ( 'NONE',  ( -3.507692394189239060, 7.308617949910855671, 53.65994385371625697 ) ) ;
#7732 = CARTESIAN_POINT ( 'NONE',  ( -4.492873942596525616, 6.929917042213082468, 52.51768495454835062 ) ) ;
#7733 = CARTESIAN_POINT ( 'NONE',  ( -1.172047734561169285, 9.533048023859842957, 53.16937568294892458 ) ) ;
#7734 = CARTESIAN_POINT ( 'NONE',  ( -3.425502539044938732, 10.05921548526697862, 39.77785433055273501 ) ) ;
#7735 = CARTESIAN_POINT ( 'NONE',  ( -5.601382105613474494, 6.219142053547098037, 46.29807897122775984 ) ) ;
#7736 = CARTESIAN_POINT ( 'NONE',  ( 0.07864638344181934526, 10.30030674026688153, 51.90829285215823319 ) ) ;
#7737 = CARTESIAN_POINT ( 'NONE',  ( -5.420488722398452808, 1.562499999999994005, 52.49752873470514913 ) ) ;
#7738 = CARTESIAN_POINT ( 'NONE',  ( -0.06492829521894434575, 2.229596727257776578, 57.50000000000001421 ) ) ;
#7739 = CARTESIAN_POINT ( 'NONE',  ( -3.082854201117203985, 7.976994608183299640, 53.43220205457121352 ) ) ;
#7740 = CARTESIAN_POINT ( 'NONE',  ( -0.04025147445768766097, 8.735091479326298369, 54.88590487849675270 ) ) ;
#7741 = CARTESIAN_POINT ( 'NONE',  ( -5.469150614704352265, 4.326018215952673884, 52.66918312276857961 ) ) ;
#7742 = CARTESIAN_POINT ( 'NONE',  ( -5.115578914943965216, 5.000349425646269275, 53.10977108007692493 ) ) ;
#7743 = CARTESIAN_POINT ( 'NONE',  ( -4.560651960519144232, 6.197493749894163351, 53.17461960986614145 ) ) ;
#7744 = EDGE_CURVE ( 'NONE', #2463, #390, #2498, .T. ) ;
#7745 = CARTESIAN_POINT ( 'NONE',  ( -1.665784322894161118, 9.447556664973312479, 52.81631212604479941 ) ) ;
#7746 = CARTESIAN_POINT ( 'NONE',  ( -4.162385134783068708, 6.209110430014047388, 52.96855429096216028 ) ) ;
#7747 = CARTESIAN_POINT ( 'NONE',  ( 0.01538928371603030983, 9.926973582590376211, 53.02318622264836279 ) ) ;
#7748 = CARTESIAN_POINT ( 'NONE',  ( -0.4398806201801191418, 10.43719115981762968, 9.116224371587431818 ) ) ;
#7749 = CARTESIAN_POINT ( 'NONE',  ( -5.321889458898292347, 4.686597038500664780, 52.83787617300473016 ) ) ;
#7750 = CARTESIAN_POINT ( 'NONE',  ( -3.806068115969210020, 8.184283241754354066, 52.02625606292837546 ) ) ;
#7751 = B_SPLINE_CURVE_WITH_KNOTS ( 'NONE', 3,
 ( #8398, #4619, #3970, #6545, #7235, #6590, #7148, #5093, #5855, #2598, #699, #2514, #569, #1832, #7842, #2556, #6419, #5175 ),
 .UNSPECIFIED., .F., .F.,
 ( 4, 2, 2, 2, 2, 2, 2, 2, 4 ),
 ( 0.001051416591500705083, 0.002500496722844076751, 0.003949576854187447986, 0.006847737116874193924, 0.01264405764224768754, 0.01844037816762118115, 0.02423669869299466956, 0.03582933974374179903, 0.04742198079448892156 ),
 .UNSPECIFIED. ) ;
#7752 = EDGE_LOOP ( 'NONE', ( #3792, #1779, #8430 ) ) ;
#7753 = CARTESIAN_POINT ( 'NONE',  ( -0.2526495482511863511, 6.738792854446230329, 56.46803365800913355 ) ) ;
#7754 = CARTESIAN_POINT ( 'NONE',  ( -5.184087583350388329, 5.283262115489597122, 52.68381793758008058 ) ) ;
#7755 = CARTESIAN_POINT ( 'NONE',  ( -0.01683758507374037358, 7.130148834859656226, 56.25495110023639711 ) ) ;
#7756 = CARTESIAN_POINT ( 'NONE',  ( -5.515732808108786855, 3.886292674063786645, 12.44080094708668049 ) ) ;
#7757 = CARTESIAN_POINT ( 'NONE',  ( -1.915380218031793369, 10.65008468743884151, 15.74432376723974869 ) ) ;
#7758 = CARTESIAN_POINT ( 'NONE',  ( -1.506084910735093096, 6.042293019838183454, 56.38971897012098111 ) ) ;
#7759 = CARTESIAN_POINT ( 'NONE',  ( 0.001970203768281132955, 10.41540668322128305, 51.41515832508368078 ) ) ;
#7760 = CARTESIAN_POINT ( 'NONE',  ( -5.345801453303660189, 3.587349310589387663, 51.89531319373283225 ) ) ;
#7761 = CARTESIAN_POINT ( 'NONE',  ( -4.585947159115844940, 5.835124516657928417, 53.46481497507395630 ) ) ;
#7762 = CARTESIAN_POINT ( 'NONE',  ( -5.662817205393591458, 3.764947013898618522, 52.31547588215196498 ) ) ;
#7763 = CARTESIAN_POINT ( 'NONE',  ( -1.464199708569746683, 7.515423546884193229, 55.39208051135285871 ) ) ;
#7764 = CARTESIAN_POINT ( 'NONE',  ( -3.881372591844421738, 7.297728775261589362, 53.14782474734295903 ) ) ;
#7765 = CARTESIAN_POINT ( 'NONE',  ( -0.8815123740681890530, 10.26695602443414934, 51.43428010930173144 ) ) ;
#7766 = CARTESIAN_POINT ( 'NONE',  ( -4.564367871689210432, 5.311160310185760736, 53.96709358290635805 ) ) ;
#7767 = CARTESIAN_POINT ( 'NONE',  ( -4.631982631853912125, 3.980906719020581352, -6.580226510263879725 ) ) ;
#7768 = CARTESIAN_POINT ( 'NONE',  ( -0.02740184777632840088, 11.01917277234409553, 20.74928711808660253 ) ) ;
#7769 = CARTESIAN_POINT ( 'NONE',  ( -1.801121321506500728, 7.901331655317052061, 54.80167643821979340 ) ) ;
#7770 = CARTESIAN_POINT ( 'NONE',  ( -3.750285979222439448, 8.743098687490510557, 50.95933768168650602 ) ) ;
#7771 = CARTESIAN_POINT ( 'NONE',  ( -1.029788605518856759, 9.500544335258775064, 52.34074080835745235 ) ) ;
#7772 = CARTESIAN_POINT ( 'NONE',  ( -2.756109531457165751, 9.128816230537886156, 51.99552928666916785 ) ) ;
#7773 = CARTESIAN_POINT ( 'NONE',  ( -0.006396940503988752039, 9.821234545730503029, 53.25799125036502346 ) ) ;
#7774 = CARTESIAN_POINT ( 'NONE',  ( -2.469180591897422339, 5.185456650478704077, 56.32107340311198129 ) ) ;
#7775 = CARTESIAN_POINT ( 'NONE',  ( -3.541153451850669320, 5.821795755699157304, 54.97076519322613564 ) ) ;
#7776 = CARTESIAN_POINT ( 'NONE',  ( -1.158385548415350019, 9.442873750641995301, 53.34730209690365399 ) ) ;
#7777 = CARTESIAN_POINT ( 'NONE',  ( -3.330142454196836965, 9.996643819085559102, 34.88737090814262132 ) ) ;
#7778 = CARTESIAN_POINT ( 'NONE',  ( -4.593345337087872515, 5.588692832418430179, -3.094228527116802852 ) ) ;
#7779 = CARTESIAN_POINT ( 'NONE',  ( 0.05549738155315672716, 9.305925545278729061, 54.15092892945462921 ) ) ;
#7780 = CARTESIAN_POINT ( 'NONE',  ( -5.478380511811389297, 1.562499999999996003, 51.71296368615211492 ) ) ;
#7781 = CARTESIAN_POINT ( 'NONE',  ( -0.5705721952709359446, 9.994124745477895644, 4.079327371539260838 ) ) ;
#7782 = CARTESIAN_POINT ( 'NONE',  ( -3.659344506219706528, 8.689070537220651147, 51.30710572028327476 ) ) ;
#7783 = CARTESIAN_POINT ( 'NONE',  ( -0.03330551075695142166, 9.632123139828669522, 53.62390430478917125 ) ) ;
#7784 = CARTESIAN_POINT ( 'NONE',  ( -4.606662658196087889, 3.739939629455488301, 55.11741624392695371 ) ) ;
#7785 = CARTESIAN_POINT ( 'NONE',  ( -5.451502125140410548, 5.217908489014154938, 51.83494230897114363 ) ) ;
#7786 = CARTESIAN_POINT ( 'NONE',  ( -4.980576187455956649, 6.603027725306495732, 51.73942416719244619 ) ) ;
#7787 = CARTESIAN_POINT ( 'NONE',  ( -1.800360020335542766, 9.924937925007949246, 51.36086079801467719 ) ) ;
#7788 = CARTESIAN_POINT ( 'NONE',  ( -4.827472583577785414, 7.649358209921595098, 24.06875630501359353 ) ) ;
#7789 = CARTESIAN_POINT ( 'NONE',  ( 0.01831949249761336343, 10.27376638943974996, 52.00799032260321297 ) ) ;
#7790 = CARTESIAN_POINT ( 'NONE',  ( -0.2052768532617825492, 7.791722667259318946, -7.657231175460925243 ) ) ;
#7791 = CARTESIAN_POINT ( 'NONE',  ( -3.654022307503069555, 7.939946891216729696, 52.68287683392586729 ) ) ;
#7792 = ORIENTED_EDGE ( 'NONE', *, *, #2429, .F. ) ;
#7793 = CARTESIAN_POINT ( 'NONE',  ( -4.951242905671382921, 5.216050254495167238, 53.29746729129698934 ) ) ;
#7794 = CARTESIAN_POINT ( 'NONE',  ( 0.007552876685593758882, 10.09358187162453113, 52.59308798777470884 ) ) ;
#7795 = CARTESIAN_POINT ( 'NONE',  ( -5.494023642219406867, 2.865478816638596271, 4.158238638415645561 ) ) ;
#7796 = CARTESIAN_POINT ( 'NONE',  ( -1.858734041659529046, 9.646485687596930703, 50.60404556289168454 ) ) ;
#7797 = CARTESIAN_POINT ( 'NONE',  ( -1.414966500072858624, 5.710744452388401449, 56.60271163800047844 ) ) ;
#7798 = CARTESIAN_POINT ( 'NONE',  ( 0.0007863348669460306674, 9.821260192125956578, 53.25798110429976617 ) ) ;
#7799 = CARTESIAN_POINT ( 'NONE',  ( -4.898133968945115768, 3.793146301025918987, 53.52379491464424177 ) ) ;
#7800 = CARTESIAN_POINT ( 'NONE',  ( -4.795945447979873322, 5.929432778851288610, 52.97781092943900205 ) ) ;
#7801 = CARTESIAN_POINT ( 'NONE',  ( -4.120628864818222326, 2.975545117352022650, 56.15583907778808026 ) ) ;
#7802 = CARTESIAN_POINT ( 'NONE',  ( -1.848839242314459064, 9.336612640914189853, 52.82080286871489250 ) ) ;
#7803 = CARTESIAN_POINT ( 'NONE',  ( -3.168446218045673390, 6.287861496392046057, 55.00240869445782010 ) ) ;
#7804 = CARTESIAN_POINT ( 'NONE',  ( -0.5989091847023836346, 9.364626925711958094, 53.87635175687859146 ) ) ;
#7805 = CARTESIAN_POINT ( 'NONE',  ( -5.382247108095365995, 6.022153834278045181, 51.09921440388007596 ) ) ;
#7806 = CARTESIAN_POINT ( 'NONE',  ( -2.890112354545162798, 9.855032479241801369, 9.118331578001171778 ) ) ;
#7807 = CARTESIAN_POINT ( 'NONE',  ( -4.863520810934806704, 4.165578285951966997, -5.091679408210492142 ) ) ;
#7808 = CARTESIAN_POINT ( 'NONE',  ( -0.1863838591721756477, 10.19843964477388276, 6.160200896018677597 ) ) ;
#7809 = CARTESIAN_POINT ( 'NONE',  ( -2.341231604920614107, 9.491475589532589296, 51.78189233467463737 ) ) ;
#7810 = CARTESIAN_POINT ( 'NONE',  ( -3.269983276056346533, 9.157026550148897215, 50.95933768168645628 ) ) ;
#7811 = CARTESIAN_POINT ( 'NONE',  ( -1.265951611478279393, 10.90251066201689234, 20.74947750575627126 ) ) ;
#7812 = CARTESIAN_POINT ( 'NONE',  ( 0.003990584901079806401, 10.45609780904035269, 51.21637209882314323 ) ) ;
#7813 = CARTESIAN_POINT ( 'NONE',  ( -2.784066962124404299, 9.193275601830665167, 51.79623111258425183 ) ) ;
#7814 = CARTESIAN_POINT ( 'NONE',  ( -0.003588358456131796222, 10.24722249111388095, 52.10678173721019135 ) ) ;
#7815 = CARTESIAN_POINT ( 'NONE',  ( -3.416215862830052075, 7.125232767280378354, 53.96992274388935584 ) ) ;
#7816 = CARTESIAN_POINT ( 'NONE',  ( -4.765795069228942360, 7.507309330317435858, 50.89761550594581507 ) ) ;
#7817 = CARTESIAN_POINT ( 'NONE',  ( -0.7873675783270074335, 8.533135159295763827, 54.84693069464714199 ) ) ;
#7818 = CARTESIAN_POINT ( 'NONE',  ( -2.771979518217683403, 7.094868814738277685, 54.05972159640731434 ) ) ;
#7819 = CARTESIAN_POINT ( 'NONE',  ( -4.226457511898873420, 5.138094042909438386, -5.858569861999265882 ) ) ;
#7820 = CARTESIAN_POINT ( 'NONE',  ( 0.04477732321275739585, 8.735682330496723935, 54.88982159086901191 ) ) ;
#7821 = CARTESIAN_POINT ( 'NONE',  ( -3.337436675961094057, 1.661760360836310735, -12.95977821900672033 ) ) ;
#7822 = CARTESIAN_POINT ( 'NONE',  ( -0.7414017728248863959, 10.43476266465026470, 9.116450143703200837 ) ) ;
#7823 = CARTESIAN_POINT ( 'NONE',  ( -2.439523780348868964, 6.717125977520661984, 55.33507556090417978 ) ) ;
#7824 = CARTESIAN_POINT ( 'NONE',  ( -0.04244853470284498664, 7.129836915471817527, 56.25338603085775446 ) ) ;
#7825 = CIRCLE ( 'NONE', #2885, 0.1000000000000005745 ) ;
#7826 = CARTESIAN_POINT ( 'NONE',  ( -4.537233254582186959, 3.878300080951668782, 55.12733110752029830 ) ) ;
#7827 = CARTESIAN_POINT ( 'NONE',  ( -4.581316947913862236, 4.524352028200757658, 54.59084303167829688 ) ) ;
#7828 = CARTESIAN_POINT ( 'NONE',  ( -4.960015297019141123, 6.851766189674414420, 51.42523936325122236 ) ) ;
#7829 = CARTESIAN_POINT ( 'NONE',  ( -1.767375055835266107, 9.817396977150739446, 51.76248086248784119 ) ) ;
#7830 = CARTESIAN_POINT ( 'NONE',  ( -2.485176102242338203, 10.51032462940139744, 34.88722890702094048 ) ) ;
#7831 = CARTESIAN_POINT ( 'NONE',  ( -4.086755852305113734, 6.332809370886036682, -3.670287604446340168 ) ) ;
#7832 = CARTESIAN_POINT ( 'NONE',  ( 0.01058186239516740144, 9.363708767518657439, 54.06414298013184094 ) ) ;
#7833 = CARTESIAN_POINT ( 'NONE',  ( -0.2615931935417131204, 8.543114760067362923, -4.969622008467705854 ) ) ;
#7834 = CARTESIAN_POINT ( 'NONE',  ( -3.590259289975663570, 8.011110999173235214, 52.68163854631539778 ) ) ;
#7835 = ORIENTED_EDGE ( 'NONE', *, *, #3322, .F. ) ;
#7836 = CARTESIAN_POINT ( 'NONE',  ( -5.437131713365523922, 5.445297222831020356, 51.62823534782884138 ) ) ;
#7837 = CARTESIAN_POINT ( 'NONE',  ( -0.0009513402503576905882, 9.363677148757783897, 54.06384932289807210 ) ) ;
#7838 = CARTESIAN_POINT ( 'NONE',  ( -5.513066351682979871, 2.997295676390585140, 9.124352167754638643 ) ) ;
#7839 = CARTESIAN_POINT ( 'NONE',  ( -2.025394921837640361, 10.03197276488815071, 48.56523245196650862 ) ) ;
#7840 = CARTESIAN_POINT ( 'NONE',  ( -2.191314026367451984, 8.367103203523695854, 53.92970356405601251 ) ) ;
#7841 = CARTESIAN_POINT ( 'NONE',  ( 0.001415730286793035310, 9.906747204742625712, 53.07059246468755020 ) ) ;
#7842 = CARTESIAN_POINT ( 'NONE',  ( -1.197057403948849519, 3.988646588841749718, 57.38317078901396684 ) ) ;
#7843 = CARTESIAN_POINT ( 'NONE',  ( -5.295568831725457670, 6.341936806507021629, 50.99549881662201756 ) ) ;
#7844 = CARTESIAN_POINT ( 'NONE',  ( -5.704475910797644822, 3.990698113630675170, 51.82475191216668975 ) ) ;
#7845 = CARTESIAN_POINT ( 'NONE',  ( -2.078879040042083570, 9.717347235113217963, 51.57201910340402407 ) ) ;
#7846 = CARTESIAN_POINT ( 'NONE',  ( -4.088449655576536834, 7.601293194119172369, 52.41850761465591546 ) ) ;
#7847 = CARTESIAN_POINT ( 'NONE',  ( -0.7536094364932592882, 10.08768967281076101, 52.22236848029964307 ) ) ;
#7848 = CARTESIAN_POINT ( 'NONE',  ( -3.186421645813623638, 3.935051333794554740, 56.46503236838182005 ) ) ;
#7849 = CARTESIAN_POINT ( 'NONE',  ( -2.868156897706805708, 9.634878563414781993, 6.175470086923144031 ) ) ;
#7850 = CARTESIAN_POINT ( 'NONE',  ( -5.282906163416543954, 4.222068816718826945, -0.1994097551089452081 ) ) ;
#7851 = CARTESIAN_POINT ( 'NONE',  ( -0.04873630030405427804, 9.472009973349535983, -0.1910095893288975555 ) ) ;
#7852 = CARTESIAN_POINT ( 'NONE',  ( -2.352679583611650305, 9.521951159276031973, 51.68197047525089971 ) ) ;
#7853 = CARTESIAN_POINT ( 'NONE',  ( -0.003977885823243367154, 7.530984020640302923, 55.96337166224284232 ) ) ;
#7854 = CARTESIAN_POINT ( 'NONE',  ( -2.098488812743535728E-32, 1.562500000000000000, 57.50000000000000000 ) ) ;
#7855 = CARTESIAN_POINT ( 'NONE',  ( -0.01122406598590196258, 8.735580515943574653, 54.88713681726254379 ) ) ;
#7856 = CARTESIAN_POINT ( 'NONE',  ( -2.620706867721986466, 8.795590611140310600, 52.83931331088695060 ) ) ;
#7857 = CARTESIAN_POINT ( 'NONE',  ( -0.02110567410513892322, 6.000602982730349311, 56.89308978468925204 ) ) ;
#7858 = CARTESIAN_POINT ( 'NONE',  ( -3.846839951216785458, 7.902287372686891409, 52.41326558038738170 ) ) ;
#7859 = CARTESIAN_POINT ( 'NONE',  ( -4.170988769380079120, 6.813443667046835017, 53.22201425820507126 ) ) ;
#7860 = CARTESIAN_POINT ( 'NONE',  ( -1.011709045271951712, 9.778134549766390293, 52.80137754140789497 ) ) ;
#7861 = CARTESIAN_POINT ( 'NONE',  ( -3.907367091663321634, 9.496880078681160242, 24.06772462792235245 ) ) ;
#7862 = CARTESIAN_POINT ( 'NONE',  ( -5.185947797246192259, 5.902021374726817093, 4.134189490415226764 ) ) ;
#7863 = CARTESIAN_POINT ( 'NONE',  ( 0.000000000000000000, 10.16226814213391449, 50.59279881856718930 ) ) ;
#7864 = CARTESIAN_POINT ( 'NONE',  ( -5.499983607661706131, 1.562500000000000000, 2.109090839706833531 ) ) ;
#7865 = CARTESIAN_POINT ( 'NONE',  ( -0.5557534636382881477, 7.725920541767965055, -7.655254554606630180 ) ) ;
#7866 = CARTESIAN_POINT ( 'NONE',  ( -3.459024383029079885, 8.739350507909621868, 51.61251203751731964 ) ) ;
#7867 = CARTESIAN_POINT ( 'NONE',  ( -0.01988798624868815673, 10.43629196252929248, 51.31614680466606870 ) ) ;
#7868 = CARTESIAN_POINT ( 'NONE',  ( -5.460467794414844533, 4.541749152041715476, 52.50340749608119495 ) ) ;
#7869 = CARTESIAN_POINT ( 'NONE',  ( -4.910173128280268529, 4.826412232485462361, 53.72059282453943041 ) ) ;
#7870 = CARTESIAN_POINT ( 'NONE',  ( -4.931802404981788790, 6.560028790785305652, 51.94434054911508269 ) ) ;
#7871 = CARTESIAN_POINT ( 'NONE',  ( -1.100578834418866947, 7.757512234588588740, 55.41159946477480958 ) ) ;
#7872 = CARTESIAN_POINT ( 'NONE',  ( -2.519452549030808619, 10.52111394184896476, 37.31172873086857322 ) ) ;
#7873 = CARTESIAN_POINT ( 'NONE',  ( -5.218024433865050327, 7.966111140722113682, 42.60609765287399142 ) ) ;
#7874 = CARTESIAN_POINT ( 'NONE',  ( 0.03396599229863329905, 9.798800941944689313, 53.30431260365543267 ) ) ;
#7875 = CARTESIAN_POINT ( 'NONE',  ( -0.3727181255784319247, 10.19677892371551842, 6.161218842078974411 ) ) ;
#7876 = CARTESIAN_POINT ( 'NONE',  ( -2.589106605124615434, 5.838853349911244273, 55.83625028857492367 ) ) ;
#7877 = CARTESIAN_POINT ( 'NONE',  ( -0.1274675037929645094, 8.729932847496735704, 54.88186378646911834 ) ) ;
#7878 = B_SPLINE_SURFACE_WITH_KNOTS ( 'NONE', 3, 3, ( 
 ( #3946, #6652, #4551, #3389, #6009, #6050, #116, #2747, #156, #5368, #7992, #2787, #5877, #2619, #7863, #1977, #4595, #7430, #3603, #5618, #2829, #8164, #4934, #5452, #4163, #244, #7553, #1670, #980, #1546, #850, #6825, #2147, #4286, #7472, #2275, #8078, #2954, #6781, #2192, #1630, #6738, #6906, #8122, #2313, #1022, #3476, #200, #8202, #4206, #4896, #6093, #7512, #939, #4811, #4246, #287 ),
 ( #4768, #893, #6865, #2872, #1590, #3642, #1504, #3518, #6137, #6222, #5494, #6263, #4122, #3561, #2236, #6181, #4853, #2915, #368, #5539, #2996, #326, #5578, #7386, #1754, #4373, #2394, #1711, #7768, #5015, #6389, #577, #4459, #4418, #8406, #1149, #495, #7117, #8367, #5102, #2482, #4329, #1800, #6990, #7034, #7725, #7639, #1191, #3203, #410, #5744, #2522, #3035, #1106, #6345, #5699, #3121 ),
 ( #534, #5657, #3769, #1841, #6948, #1063, #7075, #3726, #3811, #452, #6428, #3078, #3161, #3682, #8324, #6469, #5783, #5143, #2438, #5059, #7681, #1883, #4499, #1233, #3852, #8282, #8243, #2355, #4974, #7595, #6303, #3978, #2565, #2008, #2091, #2607, #3335, #103, #6510, #7851, #3934, #3290, #6598, #707, #5355, #6639, #617, #7895, #5954, #4539, #7157, #61, #8488, #4627, #4582, #2049, #7199 ),
 ( #5227, #4063, #4021, #2693, #1317, #6554, #5911, #19, #5314, #1965, #4713, #3245, #7938, #793, #7328, #1447, #5864, #4669, #5184, #7243, #6680, #662, #2734, #7979, #7285, #2651, #1274, #1361, #5822, #8447, #5271, #1404, #751, #3376, #5996, #7808, #1923, #3891, #6325, #998, #3706, #432, #2132, #1490, #1085, #5597, #1041, #4754, #3661, #8221, #6080, #6282, #1689, #8262, #8303, #7014, #2816 ),
 ( #4953, #2773, #3057, #7573, #2972, #3015, #5679, #7372, #2416, #4107, #3621, #5437, #6970, #6723, #6036, #836, #5038, #7660, #142, #6241, #388, #4995, #5395, #8065, #2178, #1777, #4397, #3417, #8021, #3462, #186, #4796, #2375, #345, #7531, #1648, #4264, #6883, #2332, #4306, #6925, #5637, #7616, #1734, #4352, #2546, #3873, #4607, #5890, #2631, #7055, #7790, #6367, #5804, #8514, #6409, #3915 ),
 ( #515, #8346, #8428, #1128, #6535, #6450, #7139, #4439, #1947, #3141, #1820, #599, #5722, #643, #7097, #1299, #3270, #2461, #7703, #7181, #3184, #1256, #5081, #6492, #5165, #3790, #3226, #1904, #5846, #5251, #3748, #5764, #8470, #7748, #558, #7875, #474, #2503, #8387, #2588, #5124, #1989, #3100, #4521, #1864, #5207, #1171, #7833, #4480, #4563, #1214, #3833, #4694, #5337, #732, #3358, #1385 ),
 ( #4003, #5378, #8089, #3443, #3400, #7396, #126, #8003, #6104, #7353, #4089, #1472, #688, #775, #5978, #6020, #6704, #6621, #167, #2203, #7920, #4737, #1515, #2031, #85, #7961, #7309, #2115, #818, #6750, #8046, #4651, #2757, #6061, #5935, #43, #2798, #2716, #5419, #2072, #2159, #1428, #4778, #3315, #4045, #5462, #4133, #862, #6663, #3487, #211, #2841, #7224, #1342, #3959, #7267, #6579 ),
 ( #2675, #5295, #5589, #8213, #4342, #5629, #5505, #6875, #2964, #3529, #6148, #2324, #7482, #990, #3571, #1033, #6191, #4945, #904, #1600, #3048, #3007, #7564, #297, #2926, #4906, #7523, #1681, #6835, #3696, #8133, #4297, #8295, #1076, #6316, #2247, #6917, #1558, #3613, #423, #4216, #7607, #1724, #3653, #949, #254, #6233, #4822, #6961, #1640, #6274, #4865, #8254, #5549, #8174, #380, #2883 ),
 ( #4986, #5670, #2286, #4256, #2367, #337, #7441, #4174, #6792, #7088, #5072, #5156, #547, #7130, #7171, #5879, #1812, #4512, #507, #1855, #8461, #1767, #3781, #7694, #1246, #1161, #5198, #4387, #3824, #4430, #1205, #6358, #6441, #7822, #3175, #3260, #7781, #8379, #3133, #7046, #6401, #5756, #7005, #1937, #2494, #5796, #2407, #3865, #8419, #2579, #2536, #1896, #1289, #6483, #590, #3216, #1119 ),
 ( #5115, #7738, #4472, #5835, #4553, #3905, #8337, #6524, #7652, #632, #5028, #3739, #465, #3091, #5712, #2450, #7213, #4685, #8503, #5411, #5328, #6011, #3305, #809, #2021, #677, #7994, #4597, #2789, #5968, #158, #8037, #1332, #6568, #6052, #2063, #117, #3948, #2748, #7300, #2665, #5369, #6654, #4728, #4769, #3478, #7910, #2106, #6612, #7952, #2149, #7865, #1375, #5285, #7344, #7257, #7387 ),
 ( #4641, #1419, #5925, #4036, #1506, #766, #852, #1463, #75, #721, #3993, #3349, #2707, #1979, #4124, #3391, #4080, #2621, #6695, #3434, #6741, #5241, #33, #4977, #6225, #2956, #329, #8080, #8166, #8124, #2277, #5580, #2874, #7556, #1066, #6783, #3605, #371, #895, #2238, #4208, #3563, #6867, #982, #5621, #6909, #3520, #4898, #4248, #4813, #7432, #8205, #246, #7514, #4856, #2316, #7473 ),
 ( #1549, #2999, #5496, #4937, #202, #2194, #1673, #7598, #289, #1592, #4165, #6827, #8246, #6951, #6183, #4289, #941, #1632, #6139, #1025, #2358, #3645, #6095, #6266, #2917, #5541, #1714, #4332, #2831, #5454, #3206, #6348, #1844, #4542, #8409, #8370, #3855, #5105, #4462, #2568, #3814, #537, #6431, #5660, #5747, #5702, #2485, #3164, #455, #5146, #7160, #4376, #1194, #6472, #6993, #8327, #1803 ),
 ( #7078, #5825, #4502, #1109, #7728, #5786, #2397, #5018, #2525, #3081, #7771, #2441, #1886, #5062, #7120, #8285, #7684, #1926, #1236, #580, #4421, #7037, #3772, #6392, #8450, #1152, #5187, #3729, #7811, #3685, #6306, #413, #498, #3038, #7642, #1757, #3124, #6557, #4066, #6683, #106, #666, #8492, #5957, #1277, #796, #6601, #7288, #4585, #2094, #3294, #1968, #754, #5867, #3420, #7246, #1450 ),
 ( #7854, #7331, #3338, #1407, #2610, #4024, #64, #3937, #6642, #7941, #5999, #6039, #4757, #5914, #3379, #7898, #710, #145, #620, #2654, #22, #2737, #5274, #2776, #3248, #2696, #2011, #5358, #4630, #2052, #5230, #1365, #8024, #7982, #4672, #3982, #5317, #4716, #5398, #2135, #3894, #6513, #7202, #1320, #2343, #3630, #356, #4799, #5528, #4110, #3550, #6251, #4152, #1658, #4274, #6210, #6770 ),
 ( #5441, #2984, #6814, #189, #5567, #3507, #8111, #6894, #7541, #4923, #4235, #1579, #1009, #8067, #276, #5482, #5606, #1619, #2860, #2225, #3465, #8152, #2264, #6726, #928, #4842, #6170, #2818, #8231, #1493, #6854, #2904, #839, #7375, #4885, #7501, #969, #6082, #2180, #7418, #1535, #7461, #882, #2302, #6126, #233, #4195, #3592, #315, #2943, #8191, #2469, #6416, #4316, #1092, #3713, #566 ),
 ( #8436, #1699, #1872, #3841, #1178, #1786, #4488, #6458, #2382, #7624, #6332, #3192, #2424, #8310, #439, #482, #3065, #6376, #5811, #5046, #7106, #5002, #5132, #4962, #522, #8395, #3149, #1741, #7583, #5089, #7757, #8270, #5686, #1222, #3108, #6977, #7668, #4405, #5731, #8354, #6935, #5772, #5645, #7021, #7711, #3670, #6291, #1828, #4360, #1136, #3756, #3798, #4446, #7062, #1051, #2511, #397 ),
 ( #3023, #6542, #2639, #5260, #7928, #4570, #1437, #3232, #5304, #6028, #7318, #4053, #8476, #696, #7796, #7232, #6671, #7839, #5345, #7969, #1394, #1953, #1262, #1350, #2553, #2080, #7884, #51, #5852, #3366, #7187, #2595, #2039, #7145, #4703, #7, #2724, #784, #3879, #605, #93, #4615, #2683, #6498, #4659, #3967, #5215, #7275, #3324, #4011, #3408, #5172, #1305, #6629, #650, #1997, #1911 ),
 ( #3921, #740, #3278, #4527, #5899, #6587, #5943, #5986, #7363, #3497, #266, #223, #7492, #2215, #4788, #8057, #6072, #177, #828, #8013, #2894, #3454, #6116, #1610, #7451, #872, #6159, #2851, #5472, #8143, #8101, #4833, #1570, #2124, #6760, #2808, #4185, #6804, #5429, #918, #134, #4099, #3540, #5517, #6715, #2765, #2169, #2256, #5387, #1482, #4876, #4746, #7407, #1525, #4143, #3956, #3440 ),
 ( #2795, #4560, #4734, #6701, #4042, #4648, #7350, #815, #5248, #1986, #6576, #6058, #5292, #2672, #685, #3355, #3312, #729, #164, #7917, #1469, #7872, #8000, #7830, #3397, #2754, #6017, #4604, #1944, #7958, #2112, #2628, #5932, #4086, #5975, #2028, #5887, #7264, #1425, #7178, #40, #6531, #1296, #7220, #2069, #3912, #640, #6660, #3267, #1382, #4000, #8511, #1339, #6618, #82, #2713, #772 ),
 ( #5334, #4691, #7306, #123, #5375, #4253, #2200, #4130, #1597, #5416, #2321, #2244, #2922, #208, #6230, #7438, #6101, #4903, #1512, #8210, #2880, #5585, #4942, #6747, #3484, #2961, #7479, #5546, #859, #8171, #4213, #8086, #2282, #3568, #1637, #1678, #376, #4819, #7519, #3526, #4862, #7561, #4775, #6789, #1555, #6872, #4171, #4294, #7393, #6832, #901, #946, #2838, #6188, #6914, #294, #6271 ),
 ( #1030, #987, #3610, #3650, #334, #8043, #2156, #5459, #6145, #251, #5502, #8130, #8291, #4580, #6596, #3691, #615, #5909, #6312, #5024, #1115, #461, #3889, #6508, #2649, #3932, #419, #5182, #1272, #1720, #4338, #3243, #5666, #7806, #1763, #7849, #4383, #5862, #7603, #2403, #1359, #1315, #8486, #7000, #3735, #3087, #5708, #2605, #7648, #2006, #3044, #5225, #3004, #7893, #4625, #6354, #1963 ),
 ( #8333, #2563, #1921, #4537, #17, #5626, #7197, #7155, #1072, #7241, #6552, #6957, #660, #3288, #5269, #3976, #8251, #2363, #4982, #6582, #7734, #5831, #1850, #7777, #3777, #4468, #3043, #7084, #6397, #4382, #1201, #8375, #6437, #6479, #5194, #1114, #3820, #8332, #1157, #1892, #1071, #3086, #6999, #543, #460, #4508, #3690, #3129, #3734, #503, #5665, #5752, #7126, #2490, #2575, #3171, #7690 ),
 ( #6353, #5707, #6311, #1242, #2446, #5111, #1719, #3861, #7042, #5792, #5023, #2531, #5068, #2402, #8415, #418, #586, #1808, #4426, #5152, #8457, #3212, #4337, #6956, #8290, #7647, #1762, #3989, #1975, #2059, #5964, #4032, #4076, #2785, #7209, #1415, #5921, #7253, #5366, #7167, #673, #4593, #6650, #6564, #2102, #1285, #717, #1328, #6608, #3256, #3345, #4724, #71, #154, #4681, #5281, #29 ),
 ( #3901, #3944, #3301, #3429, #6048, #7818, #1933, #4549, #7340, #6692, #762, #4637, #1459, #805, #5237, #2661, #7906, #6520, #2018, #1372, #2703, #5324, #7948, #7296, #628, #3387, #5875, #7861, #7990, #8499, #6007, #2745, #114, #2617, #366, #5537, #5576, #198, #891, #8200, #6823, #2870, #3474, #5491, #7510, #3640, #4161, #4119, #2311, #2190, #8162, #8033, #1502, #4244, #6904, #8120, #3516 ),
 ( #4932, #6261, #2234, #1628, #6220, #4808, #2952, #5450, #7428, #2827, #6779, #4851, #7551, #5407, #8076, #1544, #6135, #242, #7470, #1668, #2144, #6863, #4204, #6091, #4284, #1588, #6736, #3601, #937, #3559, #1020, #4766, #7384, #2273, #6179, #285, #2913, #4894, #978, #848, #324, #6988, #1104, #7593, #1147, #3767, #8241, #5057, #3724, #2436, #6946, #2636, #5616, #2480, #4416, #2353, #3 ),
 ( #5100, #3159, #4327, #5896, #1709, #450, #5013, #6426, #1061, #4972, #408, #5257, #7229, #3680, #3076, #493, #4457, #6301, #7637, #1752, #1347, #3964, #6584, #2994, #3033, #7881, #1994, #7723, #8322, #4612, #5655, #8280, #2392, #4371, #6343, #5697, #7679, #1798, #7032, #6387, #3119, #5742, #8365, #1839, #7073, #1189, #3809, #532, #4139, #7403, #6626, #4181, #824, #868, #4008, #4700, #3493 ),
 ( #7272, #781, #2805, #7447, #7966, #7925, #6112, #5983, #3449, #3320, #5301, #8053, #2211, #3405, #7314, #2036, #3363, #220, #1566, #6025, #5425, #1522, #90, #6756, #2847, #737, #1433, #5468, #2121, #6668, #1391, #131, #2165, #693, #2077, #4656, #8097, #2721, #6067, #5940, #5342, #4784, #4829, #2762, #4050, #5384, #8010, #48, #2680, #4743, #7359, #1478, #4095, #6710, #173, #3578, #4223 ),
 ( #1083, #6800, #386, #5595, #4873, #3055, #6239, #8140, #4993, #2933, #7529, #3703, #6968, #4350, #3659, #996, #1607, #343, #6842, #1646, #6323, #1039, #2292, #4912, #2890, #4951, #7571, #3536, #2970, #4262, #8219, #2253, #430, #914, #6280, #2330, #6155, #5677, #1687, #4304, #3013, #8301, #7489, #2414, #5513, #6881, #304, #1732, #957, #262, #6199, #5036, #7658, #5556, #3619, #6923, #8260 ),
 ( #8181, #5635, #1774, #2373, #7614, #4561, #5802, #5163, #3268, #4519, #1254, #7137, #6365, #6448, #6407, #556, #3871, #1169, #5843, #7873, #5079, #1902, #7179, #7701, #513, #2501, #1862, #7788, #6490, #3913, #5205, #1818, #3182, #2544, #472, #6532, #7053, #597, #5249, #3224, #8426, #1297, #8468, #2586, #5888, #7831, #1945, #641, #3098, #8512, #3139, #2629, #4394, #3788, #7012, #1126, #4437 ),
 ( #5762, #8385, #5122, #4478, #3746, #5720, #8344, #2458, #7746, #7095, #1212, #3831, #686, #124, #4649, #4043, #730, #6702, #3356, #2755, #6577, #7265, #209, #165, #5376, #5976, #83, #2070, #4692, #7351, #4001, #860, #2673, #4735, #5460, #6748, #3485, #7918, #8001, #7221, #6661, #6102, #1383, #4776, #7394, #816, #6619, #3313, #773, #1987, #1513, #7307, #2113, #5293, #2796, #2714, #2029 ),
 ( #4131, #7959, #5335, #1470, #2839, #4087, #8044, #3398, #3441, #5933, #6059, #6018, #1426, #5417, #2157, #4605, #1340, #3957, #41, #1679, #6189, #7521, #5627, #7439, #947, #2245, #4295, #6833, #2364, #1556, #988, #4863, #4254, #3527, #3611, #4983, #335, #420, #4943, #5547, #295, #1598, #4214, #7480, #7604, #4172, #6231, #3569, #6873, #6146, #2962, #1721, #5587, #3045, #7562, #8172, #2923 ),
 ( #6790, #2284, #4904, #3693, #6313, #8087, #2201, #4820, #4339, #6958, #6915, #1638, #1073, #902, #5503, #8211, #2322, #252, #1031, #3651, #6272, #378, #3005, #8252, #2881, #8131, #2576, #3088, #5832, #7168, #1243, #587, #3862, #5709, #629, #5793, #8458, #462, #1158, #5195, #7085, #3130, #3736, #5753, #7778, #3902, #4427, #4384, #7819, #2447, #8416, #8292, #1764, #4509, #1286, #8376, #3778 ),
 ( #1934, #6521, #2491, #1893, #6480, #5069, #3213, #8334, #7691, #1809, #7043, #5112, #4550, #5667, #7127, #4469, #6355, #2404, #7735, #7002, #5025, #6398, #504, #7649, #1116, #1851, #2532, #1202, #3821, #6438, #544, #3172, #5153, #6008, #7254, #1373, #7862, #1416, #4033, #8500, #5325, #3990, #2704, #7210, #2786, #5876, #2746, #4682, #2618, #155, #7297, #7949, #5367, #6049, #6651, #4121, #115 ),
 ( #763, #4725, #5238, #7907, #2019, #7385, #1503, #6737, #2060, #3430, #3388, #7991, #2146, #2103, #7341, #1460, #1976, #4077, #5282, #6693, #806, #30, #5408, #3257, #3945, #8034, #4767, #6565, #4638, #6609, #718, #4594, #1329, #674, #3302, #5922, #2662, #3346, #5965, #72, #7511, #3517, #2914, #8121, #5577, #2235, #1629, #5451, #6136, #7594, #7552, #4245, #4852, #7471, #938, #3560, #6221 ),
 ( #1545, #3602, #4328, #5617, #2354, #6780, #6864, #6092, #5538, #8242, #243, #3641, #6262, #8201, #2871, #8077, #8163, #849, #367, #6180, #979, #4162, #1669, #5493, #892, #325, #2191, #2995, #6824, #1589, #2953, #4973, #2312, #6905, #2274, #4933, #4810, #4285, #4895, #4205, #1021, #1710, #3475, #199, #2828, #286, #7429, #5058, #6388, #4498, #6302, #8323, #1105, #3160, #5698, #1232, #409 ),
 ( #3120, #2393, #8366, #1148, #3851, #6947, #533, #5743, #5014, #3202, #494, #8281, #5142, #3077, #7680, #6468, #7116, #576, #3810, #3768, #1753, #2481, #6989, #1799, #5821, #1190, #2437, #4417, #3034, #5101, #7724, #3681, #1840, #7033, #4458, #7638, #8446, #1062, #6427, #7074, #5656, #2564, #5782, #8405, #2521, #5183, #4372, #7807, #3725, #7767, #451, #1882, #6344, #1922, #1964, #7327, #141 ),
 ( #2048, #5995, #3890, #661, #3289, #5226, #102, #616, #7284, #1273, #1446, #3416, #750, #1360, #4062, #6035, #4581, #7198, #5910, #2772, #2007, #7894, #18, #60, #2650, #5953, #5394, #4626, #6679, #1316, #4712, #8020, #2733, #7978, #5354, #3933, #4538, #4668, #792, #7850, #5270, #7156, #2692, #7242, #2606, #3977, #6638, #6509, #6597, #3244, #5863, #6553, #1403, #8487, #706, #3375, #3334 ),
 ( #5313, #7937, #4020, #2090, #2222, #4232, #2940, #7415, #8188, #2177, #1532, #8064, #3504, #6811, #2300, #3547, #2901, #1006, #2262, #7499, #4883, #4106, #4192, #4149, #925, #1616, #6767, #3589, #5603, #2815, #8149, #4920, #5436, #879, #230, #8109, #5525, #6851, #1656, #5564, #4795, #6167, #274, #835, #3461, #966, #6123, #6208, #2858, #313, #5480, #7539, #6722, #4840, #353, #4271, #6891 ),
 ( #3628, #6249, #7458, #1577, #6079, #2981, #2131, #4753, #7371, #1489, #185, #5001, #5771, #8269, #7623, #5644, #1091, #2423, #2510, #8228, #1827, #7020, #6289, #4487, #7667, #1049, #6415, #4359, #438, #5131, #8394, #7756, #5088, #5045, #3021, #1785, #2381, #3064, #1871, #2468, #3712, #6331, #4313, #6375, #481, #4960, #4404, #5685, #1135, #3668, #7105, #2340, #7710, #3755, #7580, #1221, #3107 ),
 ( #3840, #395, #6457, #6932, #8309, #1740, #3148, #6976, #1696, #5730, #565, #3191, #8353, #4445, #7061, #1177, #3797, #521, #1952, #6497, #1393, #1910, #50, #2594, #1996, #1261, #7231, #92, #6586, #6670, #2682, #3277, #3920, #7838, #4569, #8475, #7795, #5344, #1304, #5259, #5303, #6541, #4614, #5985, #1349, #695, #4702, #5942, #7927, #2038, #4526, #7883, #7186, #3966, #4658, #5214, #7274 ),
 ( #3323, #2723, #604, #649, #5898, #6, #4010, #6628, #7968, #739, #3231, #3365, #2079, #7144, #3878, #7316, #2638, #1435, #4052, #783, #5810, #8435, #5851, #2552, #5171, #1723, #4184, #4787, #7406, #3496, #6115, #265, #5428, #2406, #4098, #6158, #7004, #8294, #5027, #827, #1569, #133, #8100, #7651, #176, #6315, #422, #2366, #2807, #2123, #2214, #3407, #3047, #222, #917, #6713, #4341 ),
 ( #3695, #1075, #2893, #2850, #3452, #5471, #6070, #6759, #5669, #5516, #1524, #4142, #8012, #6803, #3539, #2764, #4832, #871, #7450, #7362, #1766, #6027, #8142, #4985, #5386, #4386, #7606, #6960, #4745, #1481, #8056, #2168, #5711, #3780, #631, #1978, #1204, #3215, #1936, #6400, #7170, #1160, #506, #7045, #2493, #3823, #3904, #1118, #5834, #8418, #7693, #5878, #546, #2449, #7821, #5755, #1854 ),
 ( #1288, #6482, #6440, #4429, #3174, #3132, #4471, #3259, #3864, #5114, #7737, #8336, #7780, #1895, #6357, #5795, #7087, #2535, #5071, #8502, #3738, #589, #5155, #464, #6523, #4511, #7129, #8460, #2620, #1811, #5240, #8378, #1245, #2578, #4552, #5197, #3090, #7864, #4596, #2830, #1331, #7299, #4727, #157, #6567, #3348, #5967, #7909, #2788, #3304, #1462, #3947, #4123, #6094, #3433, #4035, #6740 ) ),
 .UNSPECIFIED., .F., .F., .F.,
 ( 4, 1, 1, 1, 1, 1, 1, 1, 1, 1, 1, 1, 1, 1, 1, 1, 1, 1, 1, 1, 1, 1, 1, 1, 1, 1, 1, 1, 1, 1, 1, 1, 1, 1, 1, 1, 1, 1, 1, 1, 4 ),
 ( 4, 1, 1, 1, 1, 1, 1, 1, 1, 1, 1, 1, 1, 1, 1, 1, 1, 1, 1, 1, 1, 1, 1, 1, 1, 1, 1, 1, 1, 1, 1, 1, 1, 1, 1, 1, 1, 1, 1, 1, 1, 1, 1, 1, 1, 1, 1, 1, 1, 1, 1, 1, 1, 1, 4 ),
 ( 0.000000000000000000, 0.007812500000000000000, 0.01562500000000000000, 0.02343750000000000000, 0.03125000000000000000, 0.03906250000000000000, 0.04687500000000000000, 0.05468750000000000000, 0.06250000000000000000, 0.07812500000000000000, 0.09375000000000000000, 0.1093750000000000000, 0.1250000000000000000, 0.1406250000000000000, 0.1562500000000000000, 0.1718750000000000000, 0.1875000000000000000, 0.2031250000000000000, 0.2187500000000000000, 0.2500000000000000000, 0.2812500000000000000, 0.3125000000000000000, 0.3437500000000000000, 0.3750000000000000000, 0.4062500000000000000, 0.4375000000000000000, 0.4687500000000000000, 0.5000000000000000000, 0.5312500000000000000, 0.5625000000000000000, 0.5937500000000000000, 0.6250000000000000000, 0.6562500000000000000, 0.6875000000000000000, 0.7187500000000000000, 0.7500000000000000000, 0.7812500000000000000, 0.8125000000000000000, 0.8750000000000000000, 0.9375000000000000000, 1.000000000000000000 ),
 ( 0.000000000000000000, 0.02343750000000000000, 0.06250000000000000000, 0.07812500000000000000, 0.1054687500000000000, 0.1093750000000000000, 0.1132812500000000000, 0.1144476432969474267, 0.1171875000000000000, 0.1250000000000000000, 0.1289062500000000000, 0.1328125000000000000, 0.1406250000000000000, 0.1445312500000000000, 0.1523437500000000000, 0.1532350075252634780, 0.1562500000000000000, 0.2031250000000000000, 0.2343750000000000000, 0.2968750000000000000, 0.3125000000000000000, 0.3281250000000000000, 0.3416163961991939280, 0.3593750000000000000, 0.3750000000000000000, 0.4062500000000000000, 0.5000000000000000000, 0.5297627487251538314, 0.5312500000000000000, 0.5937500000000000000, 0.6250000000000000000, 0.6553503411625909436, 0.6562500000000000000, 0.6875000000000000000, 0.7031250000000000000, 0.7187500000000000000, 0.7656250000000000000, 0.7812500000000000000, 0.7814068372761135972, 0.7890625000000000000, 0.7968750000000000000, 0.8046875000000000000, 0.8125000000000000000, 0.8203125000000000000, 0.8281250000000000000, 0.8359375000000000000, 0.8437500000000000000, 0.8593750000000000000, 0.8671875000000000000, 0.8712016975803168473, 0.8750000000000000000, 0.8906250000000000000, 0.9062500000000000000, 0.9218750000000000000, 1.000000000000000000 ),
 .UNSPECIFIED. ) ;
#7879 = ORIENTED_EDGE ( 'NONE', *, *, #4589, .T. ) ;
#7880 = CARTESIAN_POINT ( 'NONE',  ( -2.693044470111036759, 3.186408776953595368, 57.07181228801822925 ) ) ;
#7881 = CARTESIAN_POINT ( 'NONE',  ( -4.316402742973044937, 8.796162410156433964, 31.92481333781986308 ) ) ;
#7882 = CARTESIAN_POINT ( 'NONE',  ( 0.006936907499729631776, 10.47484995998952151, 51.11682790164272916 ) ) ;
#7883 = CARTESIAN_POINT ( 'NONE',  ( -4.955474349564196856, 2.565554796188956210, -7.616833986751192498 ) ) ;
#7884 = CARTESIAN_POINT ( 'NONE',  ( -2.080544730502976059, 10.68331167482972255, 28.18526924193578864 ) ) ;
#7885 = CARTESIAN_POINT ( 'NONE',  ( -1.118317017214740083, 4.680641671371407853, 57.17223017494607262 ) ) ;
#7886 = CARTESIAN_POINT ( 'NONE',  ( -0.01337582762006944183, 3.927337145517211248, 57.61774379386346823 ) ) ;
#7887 = CARTESIAN_POINT ( 'NONE',  ( -0.003977885823236437801, 3.988646588552831052, 57.19061771819021800 ) ) ;
#7888 = CARTESIAN_POINT ( 'NONE',  ( -5.831118258050576486, 3.810069963910930113, 50.85290210043864079 ) ) ;
#7889 = CARTESIAN_POINT ( 'NONE',  ( -1.962321782187830266, 9.712853701931519979, 51.76909939073835432 ) ) ;
#7890 = CARTESIAN_POINT ( 'NONE',  ( -3.966077786722083331, 7.428698597914475954, 52.86190788439124333 ) ) ;
#7891 = CARTESIAN_POINT ( 'NONE',  ( -0.6540504713388652913, 10.08702409066515315, 52.31644390621691798 ) ) ;
#7892 = CARTESIAN_POINT ( 'NONE',  ( -4.006960497673807353, 4.797468990320337134, 55.19434854963761694 ) ) ;
#7893 = CARTESIAN_POINT ( 'NONE',  ( -1.622806216295334059, 6.152983019181973212, -10.00642653781221547 ) ) ;
#7894 = CARTESIAN_POINT ( 'NONE',  ( -5.527991566520761069, 4.508074249061320593, 37.29872568463839144 ) ) ;
#7895 = CARTESIAN_POINT ( 'NONE',  ( -0.06287205564032699590, 8.556746660667208459, -4.965460960749200403 ) ) ;
#7896 = CARTESIAN_POINT ( 'NONE',  ( -2.079938121498822401, 9.036090528285782852, 53.09308554071580488 ) ) ;
#7897 = CARTESIAN_POINT ( 'NONE',  ( -0.003977885823318975077, 9.627353641821494890, 53.63218305080343384 ) ) ;
#7898 = CARTESIAN_POINT ( 'NONE',  ( -1.353485236598463759, 9.933239868296737995, 50.25934218627522654 ) ) ;
#7899 = CARTESIAN_POINT ( 'NONE',  ( -0.0001281699916804141090, 9.682060872974863841, 53.53394647316820709 ) ) ;
#7900 = CARTESIAN_POINT ( 'NONE',  ( -3.076323825160033110, 9.331172056761179334, 50.88217850665022723 ) ) ;
#7901 = CARTESIAN_POINT ( 'NONE',  ( -0.0006009430881881434698, 10.21908220560201919, 52.20467726118845064 ) ) ;
#7902 = EDGE_CURVE ( 'NONE', #4048, #1301, #4379, .T. ) ;
#7903 = CARTESIAN_POINT ( 'NONE',  ( -3.619241652844494173, 7.522904591885348324, 53.26789358144830544 ) ) ;
#7904 = CARTESIAN_POINT ( 'NONE',  ( -3.013023336883675629, 4.985864457084580259, 56.04403825311597842 ) ) ;
#7905 = CARTESIAN_POINT ( 'NONE',  ( -0.4948177834910239548, 5.485333307083934073, 57.04555391420443300 ) ) ;
#7906 = CARTESIAN_POINT ( 'NONE',  ( -3.612181353887456314, 8.690103575930651303, 49.94134851841457845 ) ) ;
#7907 = CARTESIAN_POINT ( 'NONE',  ( -3.203144455056813555, 3.505062589208588264, 56.25353666249658602 ) ) ;
#7908 = CARTESIAN_POINT ( 'NONE',  ( -0.003977885823197076058, 9.306657796624197232, 53.38563281786621673 ) ) ;
#7909 = CARTESIAN_POINT ( 'NONE',  ( -5.444538363644698897, 1.562500000000000000, -5.141611980832545115 ) ) ;
#7910 = CARTESIAN_POINT ( 'NONE',  ( -0.5628245232986897051, 8.687781374031674275, -4.164036098602016622 ) ) ;
#7911 = CARTESIAN_POINT ( 'NONE',  ( -3.570253765345471564, 8.939189598914921930, 50.89034699606007450 ) ) ;
#7912 = CARTESIAN_POINT ( 'NONE',  ( -0.02298351464145478515, 9.580682641902646068, 53.71307610631793494 ) ) ;
#7913 = CARTESIAN_POINT ( 'NONE',  ( -5.267621117519771801, 4.428371470520223063, 53.19974350559505183 ) ) ;
#7914 = CARTESIAN_POINT ( 'NONE',  ( -4.698198022775879501, 4.633786484307176323, 54.30109637882228668 ) ) ;
#7915 = CARTESIAN_POINT ( 'NONE',  ( -3.543622132243207101, 5.093802306135828850, 55.50336565370007946 ) ) ;
#7916 = CARTESIAN_POINT ( 'NONE',  ( -1.508771551041622860, 9.193630218808550580, 53.43522932856018315 ) ) ;
#7917 = CARTESIAN_POINT ( 'NONE',  ( -2.590073119083481146, 10.47908278642031377, 42.66009587039121698 ) ) ;
#7918 = CARTESIAN_POINT ( 'NONE',  ( -4.761586210524802354, 6.816256162509752414, 2.064582709070180488 ) ) ;
#7919 = CARTESIAN_POINT ( 'NONE',  ( 0.03650991992932310637, 9.927018310371574117, 53.02297403690680966 ) ) ;
#7920 = CARTESIAN_POINT ( 'NONE',  ( -0.5039848412931077215, 10.94283757972596938, 39.79752852188854462 ) ) ;
#7921 = CARTESIAN_POINT ( 'NONE',  ( -3.333800459676893979, 7.509298812956711089, 53.66501048899392146 ) ) ;
#7922 = CARTESIAN_POINT ( 'NONE',  ( -0.08853443049528834929, 9.243549259089043346, 54.23117261710211068 ) ) ;
#7923 = ORIENTED_EDGE ( 'NONE', *, *, #5841, .F. ) ;
#7924 = CARTESIAN_POINT ( 'NONE',  ( -5.099689457558000072, 5.339576636887935379, 52.84996073246692561 ) ) ;
#7925 = CARTESIAN_POINT ( 'NONE',  ( -3.325743346883555329, 6.437287308304767919, 54.03196492951534680 ) ) ;
#7926 = CARTESIAN_POINT ( 'NONE',  ( -0.01133932856826621628, 7.818652619721389918, 55.75235920267103040 ) ) ;
#7927 = CARTESIAN_POINT ( 'NONE',  ( -5.249847919673364061, 2.664136553283929842, -5.886947155568286405 ) ) ;
#7928 = CARTESIAN_POINT ( 'NONE',  ( -1.291642039711598189, 7.438801773396801487, 55.05049617989039490 ) ) ;
#7929 = CARTESIAN_POINT ( 'NONE',  ( -2.354249143577720638, 8.918825678316048666, 52.96622170872527846 ) ) ;
#7930 = CARTESIAN_POINT ( 'NONE',  ( 0.003267669253938080155, 10.30030594011125800, 51.91004531403069677 ) ) ;
#7931 = CARTESIAN_POINT ( 'NONE',  ( -5.283409812450094556, 3.791921146935116838, 53.67093141086811414 ) ) ;
#7932 = CARTESIAN_POINT ( 'NONE',  ( -2.069131344291904817, 9.689106855776627114, 51.67260741153559422 ) ) ;
#7933 = CARTESIAN_POINT ( 'NONE',  ( -4.038052962108849897, 7.850676498506276246, 52.12996225099720249 ) ) ;
#7934 = CARTESIAN_POINT ( 'NONE',  ( -0.6256448055409863374, 9.755303541391489475, 53.16569477839873059 ) ) ;
#7935 = CARTESIAN_POINT ( 'NONE',  ( -4.800344380813730716, 5.559350465330247459, 53.30819255345208774 ) ) ;
#7936 = CARTESIAN_POINT ( 'NONE',  ( 0.002945332988501287060, 9.864608991404715255, 53.16448487913674370 ) ) ;
#7937 = CARTESIAN_POINT ( 'NONE',  ( -0.7249710544341997354, 1.748788614423764542, 57.50000000000001421 ) ) ;
#7938 = CARTESIAN_POINT ( 'NONE',  ( -0.1393834154277366622, 9.981085160656238742, 51.52381631147426333 ) ) ;
#7939 = CARTESIAN_POINT ( 'NONE',  ( -2.159807983148824384, 8.954398160276163310, 53.13771510113372898 ) ) ;
#7940 = CARTESIAN_POINT ( 'NONE',  ( -0.003977885823205168543, 10.50373983618910145, 50.95933768168647049 ) ) ;
#7941 = CARTESIAN_POINT ( 'NONE',  ( -1.157539549390409706, 9.290790611358108464, 52.69239728010420265 ) ) ;
#7942 = CARTESIAN_POINT ( 'NONE',  ( 0.004880692283202182034, 10.32524453739758563, 51.81135747782270329 ) ) ;
#7943 = CARTESIAN_POINT ( 'NONE',  ( -3.024816646587110469, 9.221761395287522589, 51.29336516843262217 ) ) ;
#7944 = CARTESIAN_POINT ( 'NONE',  ( -0.01766000924753643661, 8.141696481094285787, 55.47784495144366446 ) ) ;
#7945 = CARTESIAN_POINT ( 'NONE',  ( -3.783485539895958816, 7.975501761653685406, 52.41177828566192431 ) ) ;
#7946 = CARTESIAN_POINT ( 'NONE',  ( -4.519393405114445095, 7.238884467493345021, 52.04107031267269434 ) ) ;
#7947 = CARTESIAN_POINT ( 'NONE',  ( -1.017228125297820807, 9.815591135566009484, 52.70791892464744421 ) ) ;
#7948 = CARTESIAN_POINT ( 'NONE',  ( -3.933046081459588450, 9.482978268969699087, 36.12930493770655715 ) ) ;
#7949 = CARTESIAN_POINT ( 'NONE',  ( -4.025167977701206823, 4.567762279862450647, -7.628693711876995742 ) ) ;
#7950 = CARTESIAN_POINT ( 'NONE',  ( -0.003977885823185438666, 5.003329790728955118, 56.87346919357253938 ) ) ;
#7951 = SURFACE_STYLE_USAGE ( .BOTH. , #2193 ) ;
#7952 = CARTESIAN_POINT ( 'NONE',  ( -0.5672018988826825758, 8.058921848014810152, -6.557184766037817525 ) ) ;
#7953 = CARTESIAN_POINT ( 'NONE',  ( -3.168672870812437203, 8.174851814233891290, 53.06441760184397083 ) ) ;
#7954 = CARTESIAN_POINT ( 'NONE',  ( -0.02070882652803955268, 10.51130096040807338, 50.91800855681503180 ) ) ;
#7955 = CARTESIAN_POINT ( 'NONE',  ( -5.629752555539709213, 4.621397418117648037, 51.62056496733981703 ) ) ;
#7956 = CARTESIAN_POINT ( 'NONE',  ( -5.004177380623369586, 6.623756730851701136, 51.63518285769418981 ) ) ;
#7957 = CARTESIAN_POINT ( 'NONE',  ( -1.032360693578623367, 6.377442196436985178, 56.41738625101658755 ) ) ;
#7958 = CARTESIAN_POINT ( 'NONE',  ( -2.486626537884771171, 10.49207447282146788, 18.26398571349293221 ) ) ;
#7959 = CARTESIAN_POINT ( 'NONE',  ( -0.5491432010155123944, 1.912941549481963044, 57.49999999999997868 ) ) ;
#7960 = CARTESIAN_POINT ( 'NONE',  ( 0.02022673359359847614, 9.006490951930347322, 54.57148253980140851 ) ) ;
#7961 = CARTESIAN_POINT ( 'NONE',  ( -0.4442195488339382714, 11.01562462410995202, 31.92477238232587666 ) ) ;
#7962 = CARTESIAN_POINT ( 'NONE',  ( -3.429302951506196351, 7.709031717833006780, 53.30906337685485852 ) ) ;
#7963 = CARTESIAN_POINT ( 'NONE',  ( -0.08845004490561994559, 9.303427579914398393, 54.14711931060506345 ) ) ;
#7964 = ORIENTED_EDGE ( 'NONE', *, *, #6739, .F. ) ;
#7965 = CARTESIAN_POINT ( 'NONE',  ( -4.682826409887725916, 5.077013525270905880, 53.95511043874294899 ) ) ;
#7966 = CARTESIAN_POINT ( 'NONE',  ( -3.012664130987921851, 5.812638690184774859, 54.94892176207330436 ) ) ;
#7967 = CARTESIAN_POINT ( 'NONE',  ( 0.008415620403775893321, 10.05977356608396356, 52.68958628426637603 ) ) ;
#7968 = CARTESIAN_POINT ( 'NONE',  ( -5.338174195394718602, 2.153389231209178689, 52.97307745177566574 ) ) ;
#7969 = CARTESIAN_POINT ( 'NONE',  ( -2.211431684950877052, 10.60415314132737663, 42.66577989328779807 ) ) ;
#7970 = CARTESIAN_POINT ( 'NONE',  ( -2.155924149191905226, 8.584471783198345918, 53.68565297632898137 ) ) ;
#7971 = CARTESIAN_POINT ( 'NONE',  ( -0.001812223240775438825, 9.632529124794398712, 53.62421764940699376 ) ) ;
#7972 = CARTESIAN_POINT ( 'NONE',  ( -5.261148985347868567, 3.778376720422765178, 53.74211128959619543 ) ) ;
#7973 = CARTESIAN_POINT ( 'NONE',  ( -1.837650553817697263, 9.675887380693362516, 52.06219495870006853 ) ) ;
#7974 = CARTESIAN_POINT ( 'NONE',  ( -3.756884090510471896, 7.591500026315948446, 52.98555827090974191 ) ) ;
#7975 = CARTESIAN_POINT ( 'NONE',  ( -0.6058514780116600607, 9.470073820338635429, 53.70268605095290582 ) ) ;
#7976 = CARTESIAN_POINT ( 'NONE',  ( -5.286351828920032858, 6.078672299420532887, 51.42125088102178410 ) ) ;
#7977 = CARTESIAN_POINT ( 'NONE',  ( -0.005256184718476552241, 9.245895539376665084, 54.23346305911796605 ) ) ;
#7978 = CARTESIAN_POINT ( 'NONE',  ( -5.474853154636609709, 4.534639129580154027, 9.123148049803939230 ) ) ;
#7979 = CARTESIAN_POINT ( 'NONE',  ( -0.1885199302024616053, 10.99905703530764356, 34.88688810432887522 ) ) ;
#7980 = CARTESIAN_POINT ( 'NONE',  ( -1.951841700264095980, 8.936707982773480552, 53.39328662610247278 ) ) ;
#7981 = CARTESIAN_POINT ( 'NONE',  ( -0.003977885823480219359, 8.617037945728228010, 55.00364054615614862 ) ) ;
#7982 = CARTESIAN_POINT ( 'NONE',  ( -1.549591871259686782, 10.37595072557602371, 9.117127460050465260 ) ) ;
#7983 = CARTESIAN_POINT ( 'NONE',  ( -0.01957069158514999560, 6.000594916962238123, 56.89318270712277581 ) ) ;
#7984 = CARTESIAN_POINT ( 'NONE',  ( -2.600456909958042573, 9.014834736950687599, 52.47315764726420895 ) ) ;
#7985 = CARTESIAN_POINT ( 'NONE',  ( -0.002568777680438989828, 10.51136277147215026, 50.91785485850195414 ) ) ;
#7986 = CARTESIAN_POINT ( 'NONE',  ( -4.860222396665317746, 3.891806849395822887, 54.56836613090597154 ) ) ;
#7987 = CARTESIAN_POINT ( 'NONE',  ( -4.135205364089006075, 8.322449938694905569, 51.00088130829045241 ) ) ;
#7988 = CARTESIAN_POINT ( 'NONE',  ( -3.567199811744550697, 6.140298036406831805, 54.69473751023386399 ) ) ;
#7989 = CARTESIAN_POINT ( 'NONE',  ( -0.9753667222997571828, 9.500669158423830751, 53.39157773925130357 ) ) ;
#7990 = CARTESIAN_POINT ( 'NONE',  ( -3.914129444734564700, 9.484208185052983353, 20.74989542990924463 ) ) ;
#7991 = CARTESIAN_POINT ( 'NONE',  ( -4.962830208318774972, 5.245247183033678873, 52.05799579108015962 ) ) ;
#7992 = CARTESIAN_POINT ( 'NONE',  ( 0.000000000000000000, 9.768373196363459243, 52.32148615073577247 ) ) ;
#7993 = CARTESIAN_POINT ( 'NONE',  ( -0.003977885823183986702, 3.988646588841846974, 57.19077329144849386 ) ) ;
#7994 = CARTESIAN_POINT ( 'NONE',  ( -0.7034104989364130534, 11.02485628283331742, 28.18499141797565244 ) ) ;
#7995 = CARTESIAN_POINT ( 'NONE',  ( -3.406718474804712571, 8.644159306415557964, 51.91572620245719349 ) ) ;
#7996 = CARTESIAN_POINT ( 'NONE',  ( -0.03303012799197135863, 10.52811745296825485, 50.81853645458345881 ) ) ;
#7997 = CARTESIAN_POINT ( 'NONE',  ( -5.738935196706458797, 4.441696441759521718, 51.07882138162489838 ) ) ;
#7998 = CARTESIAN_POINT ( 'NONE',  ( -3.840250860901516461, 5.761147772185927884, 54.67100076685269272 ) ) ;
#7999 = CARTESIAN_POINT ( 'NONE',  ( -1.431831492725262223, 8.773813719400823885, 54.10786721121025522 ) ) ;
#8000 = CARTESIAN_POINT ( 'NONE',  ( -2.501297345684005524, 10.51559896936837468, 36.12977390044156323 ) ) ;
#8001 = CARTESIAN_POINT ( 'NONE',  ( -4.641209324676497161, 6.639201923105344960, 0.4184359962368178754 ) ) ;
#8002 = CARTESIAN_POINT ( 'NONE',  ( 0.03827400295779846695, 10.02397204527196806, 52.78505999587539321 ) ) ;
#8003 = CARTESIAN_POINT ( 'NONE',  ( -0.3158658570626771689, 9.391693343364332591, 53.14686955173748828 ) ) ;
#8004 = CARTESIAN_POINT ( 'NONE',  ( -3.290603954196971159, 7.416182725125546327, 53.82184037313590608 ) ) ;
#8005 = CARTESIAN_POINT ( 'NONE',  ( -0.08728074088565139499, 9.750931691439479465, 53.39637412819057261 ) ) ;
#8006 = ADVANCED_FACE ( 'NONE', ( #1698, #8190, #4315 ), #2342, .F. ) ;
#8007 = EDGE_LOOP ( 'NONE', ( #2506, #3143, #7662, #6538, #3875 ) ) ;
#8008 = CARTESIAN_POINT ( 'NONE',  ( -4.533602654527668641, 5.774820806382177096, 53.61251450810841845 ) ) ;
#8009 = CARTESIAN_POINT ( 'NONE',  ( -5.014208391690924138, 5.390236518765352258, 53.00707626102038006 ) ) ;
#8010 = CARTESIAN_POINT ( 'NONE',  ( -3.663410577290288739, 6.713463169022602983, -4.249807487059486633 ) ) ;
#8011 = CARTESIAN_POINT ( 'NONE',  ( 0.006074860660815005649, 9.864616624056919747, 53.16446799140319968 ) ) ;
#8012 = CARTESIAN_POINT ( 'NONE',  ( -5.478920603725723204, 1.756201307713553872, 51.70896056711131905 ) ) ;
#8013 = CARTESIAN_POINT ( 'NONE',  ( -2.402905895802848857, 10.54474366850618239, 42.66293788183944002 ) ) ;
#8014 = CARTESIAN_POINT ( 'NONE',  ( 0.002852446293842889058, 9.985815988823880218, 52.88092465733407721 ) ) ;
#8015 = CARTESIAN_POINT ( 'NONE',  ( -5.192044666755753823, 3.735997932752017636, 53.95624799193940646 ) ) ;
#8016 = CARTESIAN_POINT ( 'NONE',  ( -3.826249250549680347, 7.537693833013760170, 52.94412303534763709 ) ) ;
#8017 = CARTESIAN_POINT ( 'NONE',  ( -0.5830682330804154434, 10.36862169109245890, 51.32663588585422332 ) ) ;
#8018 = CARTESIAN_POINT ( 'NONE',  ( -4.798714375988392788, 5.681964281501786118, 53.20125014831783261 ) ) ;
#8019 = CARTESIAN_POINT ( 'NONE',  ( 0.004242553815410495671, 10.51136143695082303, 50.91779249781327366 ) ) ;
#8020 = CARTESIAN_POINT ( 'NONE',  ( -5.485077970669640202, 4.712185616068291338, 12.44197535443729663 ) ) ;
#8021 = CARTESIAN_POINT ( 'NONE',  ( -0.2278159949484560298, 11.02534209550321442, 20.74932426690022069 ) ) ;
#8022 = CARTESIAN_POINT ( 'NONE',  ( -2.213974788860237020, 9.453821377855128105, 52.07531745372989462 ) ) ;
#8023 = CARTESIAN_POINT ( 'NONE',  ( -0.2165349627541030553, 10.49619153956075479, 50.95933768168646338 ) ) ;
#8024 = CARTESIAN_POINT ( 'NONE',  ( -1.569418349279431579, 10.48999838068781720, 10.78674877582042413 ) ) ;
#8025 = CARTESIAN_POINT ( 'NONE',  ( -0.2631199155121844990, 9.708639166123145259, 53.44051920334614181 ) ) ;
#8026 = CARTESIAN_POINT ( 'NONE',  ( -2.406447479884318508, 8.451225372582035433, 53.60119845687464135 ) ) ;
#8027 = CARTESIAN_POINT ( 'NONE',  ( -0.02117637746305184310, 7.130158954031567298, 56.25467098015615619 ) ) ;
#8028 = CARTESIAN_POINT ( 'NONE',  ( -3.744841392403450264, 3.970226902465070040, 55.99497787714074803 ) ) ;
#8029 = CARTESIAN_POINT ( 'NONE',  ( -3.221330085912486485, 6.896607438139082724, 54.43139080599089397 ) ) ;
#8030 = CARTESIAN_POINT ( 'NONE',  ( -0.2489359976159236099, 8.985559229473487619, 54.56048193395947266 ) ) ;
#8031 = CARTESIAN_POINT ( 'NONE',  ( -2.216046539773422808, 4.171438706989855305, 56.94319933450015014 ) ) ;
#8032 = CARTESIAN_POINT ( 'NONE',  ( -0.9826544288189422716, 10.23479896021813751, 51.43711563177291168 ) ) ;
#8033 = CARTESIAN_POINT ( 'NONE',  ( -2.562648264806459242, 6.436099906362532153, -7.642035902643526946 ) ) ;
#8034 = CARTESIAN_POINT ( 'NONE',  ( -5.261916634500416023, 5.771795819565737062, 31.92484122241169331 ) ) ;
#8035 = FACE_OUTER_BOUND ( 'NONE', #7752, .T. ) ;
#8036 = LENGTH_MEASURE_WITH_UNIT ( LENGTH_MEASURE( 0.02539999999999999897 ), #2664 );
#8037 = CARTESIAN_POINT ( 'NONE',  ( -0.8866181681515878932, 10.66166657588201261, 12.45300639490904437 ) ) ;
#8038 = CARTESIAN_POINT ( 'NONE',  ( -3.408258350518742930, 9.072191647460279285, 50.88779091595513648 ) ) ;
#8039 = CARTESIAN_POINT ( 'NONE',  ( -0.03236973367400049900, 10.47464572612513400, 51.11727198122147087 ) ) ;
#8040 = CARTESIAN_POINT ( 'NONE',  ( -2.474547300943737760, 2.456881154612515772, 57.39875249606655672 ) ) ;
#8041 = CARTESIAN_POINT ( 'NONE',  ( -4.441686970512375154, 6.597958001791014659, 52.98469524254659291 ) ) ;
#8042 = CARTESIAN_POINT ( 'NONE',  ( -0.8006303324173156266, 5.735054418590511460, 56.84462318690138005 ) ) ;
#8043 = CARTESIAN_POINT ( 'NONE',  ( -2.105029198092443377, 7.725423316209726998, 54.08747826329936004 ) ) ;
#8044 = CARTESIAN_POINT ( 'NONE',  ( -4.200135270418956956, 5.790503657696246975, 53.30061175552870623 ) ) ;
#8045 = CARTESIAN_POINT ( 'NONE',  ( 0.005344489176615619709, 7.474367866508643488, 56.00488625097695206 ) ) ;
#8046 = CARTESIAN_POINT ( 'NONE',  ( -0.4988633354842211265, 10.85805504328143201, 15.74632160195839248 ) ) ;
#8047 = CARTESIAN_POINT ( 'NONE',  ( -3.819866505940962664, 8.570722392133264478, 51.20573713568682450 ) ) ;
#8048 = CARTESIAN_POINT ( 'NONE',  ( -0.08677342962913696389, 9.983933007369925505, 52.88186688915393319 ) ) ;
#8049 = ORIENTED_EDGE ( 'NONE', *, *, #6108, .F. ) ;
#8050 = CARTESIAN_POINT ( 'NONE',  ( -4.752055105378254041, 6.140278447404857509, 52.86043386301082592 ) ) ;
#8051 = AXIS2_PLACEMENT_3D ( 'NONE', #6023, #7227, #3962 ) ;
#8052 = CARTESIAN_POINT ( 'NONE',  ( -5.311787665267515557, 5.604773601988244813, 51.94112383496691621 ) ) ;
#8053 = CARTESIAN_POINT ( 'NONE',  ( -3.920234630766607165, 7.382425241327273291, 52.01331060340026369 ) ) ;
#8054 = CARTESIAN_POINT ( 'NONE',  ( 0.009165107184383658109, 10.21908120896980776, 52.20445920192916134 ) ) ;
#8055 = CARTESIAN_POINT ( 'NONE',  ( -4.772498594435566233, 4.479825914935830156, 54.29159718150527425 ) ) ;
#8056 = CARTESIAN_POINT ( 'NONE',  ( -5.500296120095795160, 2.001910920230378199, 15.73029452788225058 ) ) ;
#8057 = CARTESIAN_POINT ( 'NONE',  ( -2.062683911922342350, 9.633104688145738947, 50.26094188660853490 ) ) ;
#8058 = CARTESIAN_POINT ( 'NONE',  ( 0.003717194743787741087, 10.09357796519525508, 52.59316513078363897 ) ) ;
#8059 = CARTESIAN_POINT ( 'NONE',  ( -5.606353514748885658, 3.337315524750528173, 52.92110569764143690 ) ) ;
#8060 = CARTESIAN_POINT ( 'NONE',  ( -3.563694183595970344, 7.240916193139864454, 53.65816994324952560 ) ) ;
#8061 = CARTESIAN_POINT ( 'NONE',  ( -0.5534968175147587655, 10.04993719496714455, 52.50717167061042545 ) ) ;
#8062 = CARTESIAN_POINT ( 'NONE',  ( -5.242741135602890346, 6.046435818298118825, 51.63287032566067580 ) ) ;
#8063 = CARTESIAN_POINT ( 'NONE',  ( -0.01867100712045643637, 6.000589591073498319, 56.89323744946315742 ) ) ;
#8064 = CARTESIAN_POINT ( 'NONE',  ( -5.277830423234315838, 3.861395832207745293, 52.08353018404008594 ) ) ;
#8065 = CARTESIAN_POINT ( 'NONE',  ( -0.2837728534807723024, 10.99613841264963376, 34.88690230444104401 ) ) ;
#8066 = CARTESIAN_POINT ( 'NONE',  ( -2.142009811576195855, 9.241034753740597907, 52.64483056555818052 ) ) ;
#8067 = CARTESIAN_POINT ( 'NONE',  ( -1.465353686714243153, 9.690833015718661514, 51.12987782330446151 ) ) ;
#8068 = CARTESIAN_POINT ( 'NONE',  ( -0.1360944269932450601, 6.757466916791927680, 56.47609018981558648 ) ) ;
#8069 = CARTESIAN_POINT ( 'NONE',  ( -2.750270525656530740, 9.375292432968834078, 51.38892399934054112 ) ) ;
#8070 = CARTESIAN_POINT ( 'NONE',  ( -0.003380775708853604213, 9.632524490176198384, 53.62420058118433275 ) ) ;
#8071 = CARTESIAN_POINT ( 'NONE',  ( -4.608551706419362404, 3.923074463232452569, 54.99268844753365215 ) ) ;
#8072 = CARTESIAN_POINT ( 'NONE',  ( -3.570826858786200209, 7.613002654959971416, 53.22872795413888980 ) ) ;
#8073 = CARTESIAN_POINT ( 'NONE',  ( -0.3913350506749769253, 10.50009317786938290, 50.82260123820425690 ) ) ;
#8074 = CARTESIAN_POINT ( 'NONE',  ( -4.006745865656424321, 6.870102876397755409, 53.41538153135378764 ) ) ;
#8075 = CARTESIAN_POINT ( 'NONE',  ( -0.7307190986511103992, 8.834805329093255111, 54.53830231779173232 ) ) ;
#8076 = CARTESIAN_POINT ( 'NONE',  ( -3.761740935623769211, 8.287626853510230873, 50.61733716982078590 ) ) ;
#8077 = CARTESIAN_POINT ( 'NONE',  ( -5.337060760349984889, 5.098007482898269771, 50.27373948927607472 ) ) ;
#8078 = CARTESIAN_POINT ( 'NONE',  ( 0.000000000000000000, 10.00713283971853862, 4.074066620414160234 ) ) ;
#8079 = FILL_AREA_STYLE_COLOUR ( '', #3705 ) ;
#8080 = CARTESIAN_POINT ( 'NONE',  ( -0.8223896570166514541, 11.02490984550498787, 24.06597077686748065 ) ) ;
#8081 = CARTESIAN_POINT ( 'NONE',  ( -3.046212152365177950, 8.348162697714277769, 52.97808474091280573 ) ) ;
#8082 = CARTESIAN_POINT ( 'NONE',  ( -0.02169984277196949918, 5.191267965031686416, 57.22924472928409756 ) ) ;
#8083 = CARTESIAN_POINT ( 'NONE',  ( -5.207816856120834004, 3.952779925737097688, 53.75074490371176950 ) ) ;
#8084 = CARTESIAN_POINT ( 'NONE',  ( -1.530114370510654354, 2.972193533539246868, 57.55871479591849749 ) ) ;
#8085 = CARTESIAN_POINT ( 'NONE',  ( -1.410964841188636409, 9.715335830709577181, 52.52997359105437170 ) ) ;
#8086 = CARTESIAN_POINT ( 'NONE',  ( -2.649874206686646527, 10.20111610848433514, 12.45044786460948494 ) ) ;
#8087 = CARTESIAN_POINT ( 'NONE',  ( -4.104230425082019629, 5.228124703232885473, 53.98570381802881712 ) ) ;
#8088 = CARTESIAN_POINT ( 'NONE',  ( 0.003974000260994927161, 3.927150464080415126, 57.61840625095119606 ) ) ;
#8089 = CARTESIAN_POINT ( 'NONE',  ( -0.1243800622058832822, 4.041883709251802514, 57.29906424968810796 ) ) ;
#8090 = CARTESIAN_POINT ( 'NONE',  ( -3.784683782784560080, 8.514281353712602751, 51.41324578781805599 ) ) ;
#8091 = AXIS2_PLACEMENT_3D ( 'NONE', #4065, #3337, #6600 ) ;
#8092 = CARTESIAN_POINT ( 'NONE',  ( -0.08679973573180099766, 9.924989994152861428, 53.02395319365435711 ) ) ;
#8093 = CARTESIAN_POINT ( 'NONE',  ( -5.456065722127297235, 4.103088448433696023, 52.90133748549630610 ) ) ;
#8094 = ORIENTED_EDGE ( 'NONE', *, *, #2145, .T. ) ;
#8095 = CARTESIAN_POINT ( 'NONE',  ( -5.236887088965067605, 6.425836344291785629, 51.10339268634533028 ) ) ;
#8096 = CARTESIAN_POINT ( 'NONE',  ( -5.241271797184807291, 5.557841618827800367, 52.23768090281922838 ) ) ;
#8097 = CARTESIAN_POINT ( 'NONE',  ( -4.371689490725708893, 7.940604849866784498, 4.116152629414892239 ) ) ;
#8098 = CARTESIAN_POINT ( 'NONE',  ( 0.01224018840842729626, 9.729422864343433730, 53.44251239099861550 ) ) ;
#8099 = CARTESIAN_POINT ( 'NONE',  ( -3.321515472894590371, 3.330878415220097200, 56.66335849702281280 ) ) ;
#8100 = CARTESIAN_POINT ( 'NONE',  ( -5.490982286356159925, 2.175458926435342111, -1.896973045379759748 ) ) ;
#8101 = CARTESIAN_POINT ( 'NONE',  ( -2.282333772912166658, 10.52004702059138275, 15.74379101131483338 ) ) ;
#8102 = CARTESIAN_POINT ( 'NONE',  ( 0.003561198342371824262, 10.34878423751687393, 51.71248327141885426 ) ) ;
#8103 = CIRCLE ( 'NONE', #680, 0.09999999999999947820 ) ;
#8104 = CARTESIAN_POINT ( 'NONE',  ( -2.913375256857211770, 2.384136219790442102, 57.22550602387392615 ) ) ;
#8105 = CARTESIAN_POINT ( 'NONE',  ( -2.509951938716404207, 5.143150286518447523, 56.31762254357365549 ) ) ;
#8106 = CARTESIAN_POINT ( 'NONE',  ( -0.3702066753600034565, 6.707209596471106927, 56.45981036612897697 ) ) ;
#8107 = CARTESIAN_POINT ( 'NONE',  ( -2.961452921390743231, 3.787864720485129677, 56.69508768543849442 ) ) ;
#8108 = CARTESIAN_POINT ( 'NONE',  ( -0.0003099286940547282994, 9.632533282421501752, 53.62423446508649505 ) ) ;
#8109 = CARTESIAN_POINT ( 'NONE',  ( -5.473496002194565335, 4.043039919101525825, 6.210080252973239290 ) ) ;
#8110 = CARTESIAN_POINT ( 'NONE',  ( -2.041300222646121210, 9.261829272890388154, 52.73446091724903795 ) ) ;
#8111 = CARTESIAN_POINT ( 'NONE',  ( -1.244231145449826270, 8.882491241652617830, 53.34436900480613986 ) ) ;
#8112 = CARTESIAN_POINT ( 'NONE',  ( -0.1716690652379255499, 9.294901675013601761, 54.14458451674529726 ) ) ;
#8113 = CARTESIAN_POINT ( 'NONE',  ( -2.375757265463982026, 8.350488540022263706, 53.76488009283317382 ) ) ;
#8114 = CARTESIAN_POINT ( 'NONE',  ( 0.001560728335408816114, 10.02391865211789934, 52.78566384619192320 ) ) ;
#8115 = CARTESIAN_POINT ( 'NONE',  ( -5.848281619364382067, 3.450217402071735773, 50.95933768168646338 ) ) ;
#8116 = CARTESIAN_POINT ( 'NONE',  ( -3.314092832863753557, 7.093044114556398050, 54.12574056912056619 ) ) ;
#8117 = CARTESIAN_POINT ( 'NONE',  ( -0.3859192205228257344, 10.42628250571309145, 51.22242333593616337 ) ) ;
#8118 = CARTESIAN_POINT ( 'NONE',  ( -1.836364757653802471, 3.638885225487574093, 57.29398583357987462 ) ) ;
#8119 = CARTESIAN_POINT ( 'NONE',  ( -0.8026638066334190746, 9.647007389989790127, 53.25729819429653134 ) ) ;
#8120 = CARTESIAN_POINT ( 'NONE',  ( -0.7570048265063907822, 3.148830950756978719, -15.00000000000000000 ) ) ;
#8121 = CARTESIAN_POINT ( 'NONE',  ( -4.888565827554212539, 5.050853777032166647, -2.489781521160403521 ) ) ;
#8122 = CARTESIAN_POINT ( 'NONE',  ( 0.000000000000000000, 9.115803202329148647, -2.355224134404577008 ) ) ;
#8123 = CARTESIAN_POINT ( 'NONE',  ( -0.6886234546137303125, 9.999410116155591055, 50.95933768168649181 ) ) ;
#8124 = CARTESIAN_POINT ( 'NONE',  ( -0.9030793038959057384, 10.92045689703408584, 18.26456298248155719 ) ) ;
#8125 = CARTESIAN_POINT ( 'NONE',  ( -2.721160702692174471, 7.990724567392127220, 53.83850602953295095 ) ) ;
#8126 = CARTESIAN_POINT ( 'NONE',  ( -0.008902076336096475390, 9.843189857780632934, 53.21136358732064764 ) ) ;
#8127 = CARTESIAN_POINT ( 'NONE',  ( -2.777311881665592175, 2.590168950514869728, 57.23492532646140063 ) ) ;
#8128 = CARTESIAN_POINT ( 'NONE',  ( -4.415318057090209081, 6.566402021594734961, 53.06371663173876385 ) ) ;
#8129 = CARTESIAN_POINT ( 'NONE',  ( -1.516452993115868564, 10.13615099821093324, 51.04869111241765722 ) ) ;
#8130 = CARTESIAN_POINT ( 'NONE',  ( -2.494170959289228495, 8.807209620804362871, 51.97500901396056605 ) ) ;
#8131 = CARTESIAN_POINT ( 'NONE',  ( -5.116190312932292983, 6.541213449907132826, 31.92483425126370022 ) ) ;
#8132 = CARTESIAN_POINT ( 'NONE',  ( 0.03916601220755377283, 9.246012782112263295, 54.23481604896061015 ) ) ;
#8133 = CARTESIAN_POINT ( 'NONE',  ( -0.5962307658311241099, 10.85537582217657437, 15.74618841297717076 ) ) ;
#8134 = CARTESIAN_POINT ( 'NONE',  ( -3.670564581828088091, 8.329219610830612908, 52.02276559661031996 ) ) ;
#8135 = CARTESIAN_POINT ( 'NONE',  ( -0.04626948901031346928, 9.362840038066726933, 54.06281930245705780 ) ) ;
#8136 = CARTESIAN_POINT ( 'NONE',  ( -5.608190030213874522, 4.170542130870113162, 52.22555704029687718 ) ) ;
#8137 = CARTESIAN_POINT ( 'NONE',  ( -4.594692995495965882, 5.974287742865972639, 53.31954477115269952 ) ) ;
#8138 = CARTESIAN_POINT ( 'NONE',  ( -1.621528703167058438, 8.777706544184816551, 53.94002511405390976 ) ) ;
#8139 = CARTESIAN_POINT ( 'NONE',  ( -5.026897821238724973, 5.400640202182546368, 52.96871322505779744 ) ) ;
#8140 = CARTESIAN_POINT ( 'NONE',  ( -3.782502018113854447, 6.671814422193415695, 53.12759619330481797 ) ) ;
#8141 = CARTESIAN_POINT ( 'NONE',  ( 0.007537319427027763634, 9.419555950844324954, 53.97732231278226323 ) ) ;
#8142 = CARTESIAN_POINT ( 'NONE',  ( -5.499910462118982046, 1.751649071845536643, 36.12718592090423186 ) ) ;
#8143 = CARTESIAN_POINT ( 'NONE',  ( -2.297373553368243115, 10.57087574051200995, 18.26405787211655252 ) ) ;
#8144 = CARTESIAN_POINT ( 'NONE',  ( -0.01865843347463476062, 7.474406576029526406, 56.00336836952632069 ) ) ;
#8145 = CARTESIAN_POINT ( 'NONE',  ( -3.791793004748094553, 7.648913056816216027, 52.86007593599345000 ) ) ;
#8146 = CARTESIAN_POINT ( 'NONE',  ( -0.5340359165378210093, 9.761397779812888587, 53.21135753582495909 ) ) ;
#8147 = CARTESIAN_POINT ( 'NONE',  ( -4.786072674250909209, 5.669315154525463640, 53.23767629934032186 ) ) ;
#8148 = CARTESIAN_POINT ( 'NONE',  ( -0.001434482983567839098, 9.475386456756776710, 53.89040376232408391 ) ) ;
#8149 = CARTESIAN_POINT ( 'NONE',  ( -5.498690701202295195, 4.632085387551294176, 15.73366864874039983 ) ) ;
#8150 = CARTESIAN_POINT ( 'NONE',  ( -1.607450161638644071, 7.412367595050477931, 55.38451839364928020 ) ) ;
#8151 = CARTESIAN_POINT ( 'NONE',  ( -9.500040877949189166, 0.1805908214217741559, 50.95933768168647049 ) ) ;
#8152 = CARTESIAN_POINT ( 'NONE',  ( -1.771319378292882440, 10.77785342439272220, 37.31321479329496782 ) ) ;
#8153 = CARTESIAN_POINT ( 'NONE',  ( -0.1726610387107778699, 9.408682302136405440, 53.97318165064195483 ) ) ;
#8154 = CARTESIAN_POINT ( 'NONE',  ( -2.862201008718033624, 9.370576491158603361, 51.18639102584214839 ) ) ;
#8155 = CARTESIAN_POINT ( 'NONE',  ( 3.305037259155457085E-05, 9.885970186857612418, 53.11766158665243864 ) ) ;
#8156 = CARTESIAN_POINT ( 'NONE',  ( -5.841972783924394896, 3.462742943205070922, 51.04104732928637844 ) ) ;
#8157 = ADVANCED_FACE ( 'NONE', ( #5566 ), #4194, .F. ) ;
#8158 = CARTESIAN_POINT ( 'NONE',  ( -4.549268303523285262, 5.665733627101520398, 53.68333622699197605 ) ) ;
#8159 = CARTESIAN_POINT ( 'NONE',  ( -0.2548550310785756556, 9.284695320913510130, 54.14198116918892367 ) ) ;
#8160 = CARTESIAN_POINT ( 'NONE',  ( -4.480771415553124193, 7.486326545538154242, 51.73563576770455796 ) ) ;
#8161 = CARTESIAN_POINT ( 'NONE',  ( -0.5153465624548487778, 6.267980037854450792, 56.65564830474646385 ) ) ;
#8162 = CARTESIAN_POINT ( 'NONE',  ( -2.665566399921849072, 6.625800871424966765, -6.993476912165180082 ) ) ;
#8163 = CARTESIAN_POINT ( 'NONE',  ( -5.375953967889775420, 5.125684914453086272, 49.93938887886569233 ) ) ;
#8164 = CARTESIAN_POINT ( 'NONE',  ( 0.000000000000000000, 10.98282005020366370, 37.31655843375411763 ) ) ;
#8165 = CARTESIAN_POINT ( 'NONE',  ( -4.551812680660440869, 7.013592213490028371, 50.95933768168647049 ) ) ;
#8166 = CARTESIAN_POINT ( 'NONE',  ( -0.8590639548583841600, 10.97451360914680052, 20.74942178253587954 ) ) ;
#8167 = CARTESIAN_POINT ( 'NONE',  ( -2.913162194429822716, 8.500282542891509863, 52.93271116326045700 ) ) ;
#8168 = CARTESIAN_POINT ( 'NONE',  ( -0.01813848606804728883, 4.357775471128894296, 57.51471075913038788 ) ) ;
#8169 = CARTESIAN_POINT ( 'NONE',  ( -3.010698184178413062, 4.581172111566425897, 56.27292821836534387 ) ) ;
#8170 = CARTESIAN_POINT ( 'NONE',  ( -1.219445961516207655, 8.585922172809608455, 54.51868017464300920 ) ) ;
#8171 = CARTESIAN_POINT ( 'NONE',  ( -2.730878210019126229, 10.37764150225683757, 18.26388950199477179 ) ) ;
#8172 = CARTESIAN_POINT ( 'NONE',  ( -1.158666496261696155, 2.674142084600459768, -14.99999999999999467 ) ) ;
#8173 = CARTESIAN_POINT ( 'NONE',  ( 0.05623812196928756196, 10.05983223239042346, 52.68870046561358578 ) ) ;
#8174 = CARTESIAN_POINT ( 'NONE',  ( -0.2756205880321750956, 5.498057592062145282, -13.06746775381697212 ) ) ;
#8175 = CARTESIAN_POINT ( 'NONE',  ( -3.027654318367694497, 7.409884832816024947, 54.13933698079991075 ) ) ;
#8176 = CARTESIAN_POINT ( 'NONE',  ( -0.09149311602521570386, 10.41394090911044046, 51.41655301469212702 ) ) ;
#8177 = CARTESIAN_POINT ( 'NONE',  ( -5.397028026690985136, 4.071126595169978657, 53.11795959925677124 ) ) ;
#8178 = CARTESIAN_POINT ( 'NONE',  ( -4.543064427425165697, 5.915147944128075430, 53.46729494343679789 ) ) ;
#8179 = CARTESIAN_POINT ( 'NONE',  ( -1.737339442653077493, 9.310654278631634639, 52.99872911799237585 ) ) ;
#8180 = CARTESIAN_POINT ( 'NONE',  ( -5.464968957994424059, 5.828714095598535927, 50.98926594845123361 ) ) ;
#8181 = CARTESIAN_POINT ( 'NONE',  ( -2.098488812743535728E-32, 1.562500000000000000, 57.50000000000000000 ) ) ;
#8182 = CARTESIAN_POINT ( 'NONE',  ( -0.001082081630130503260, 8.735598975175214775, 54.88762302729161036 ) ) ;
#8183 = CARTESIAN_POINT ( 'NONE',  ( -5.579880914926127922, 5.054857250538162816, 51.41115236199343030 ) ) ;
#8184 = CARTESIAN_POINT ( 'NONE',  ( 0.004011621671447287464, 10.15916210679353959, 52.39959160825415552 ) ) ;
#8185 = CARTESIAN_POINT ( 'NONE',  ( -0.5612300234503156959, 10.14390613971899135, 52.21707020961706291 ) ) ;
#8186 = CARTESIAN_POINT ( 'NONE',  ( -5.159279922640357618, 5.265963567647161447, 52.76777381008412959 ) ) ;
#8187 = CARTESIAN_POINT ( 'NONE',  ( 0.002396767642374432895, 9.753060497067300716, 53.39671751524168286 ) ) ;
#8188 = CARTESIAN_POINT ( 'NONE',  ( -5.089609617199442049, 3.755864667613666441, 52.97133777453968406 ) ) ;
#8189 = CARTESIAN_POINT ( 'NONE',  ( -3.784852114127437162, 8.151169739870530506, 52.12392921221101005 ) ) ;
#8190 = FACE_BOUND ( 'NONE', #2976, .T. ) ;
#8191 = CARTESIAN_POINT ( 'NONE',  ( -1.189930842154289126, 7.689011782759048508, -6.993407671787997160 ) ) ;
#8192 = CARTESIAN_POINT ( 'NONE',  ( -0.07111686387697806200, 3.924618684977305705, 57.61551875870532058 ) ) ;
#8193 = CARTESIAN_POINT ( 'NONE',  ( -1.950762096477076213, 7.145319135556318813, 55.36581177928622566 ) ) ;
#8194 = CARTESIAN_POINT ( 'NONE',  ( -0.02108062670975495087, 6.764694195760029061, 56.48347638555765116 ) ) ;
#8195 = CARTESIAN_POINT ( 'NONE',  ( -0.09961703607812892602, 3.988646457732856643, 57.18454798637032610 ) ) ;
#8196 = CARTESIAN_POINT ( 'NONE',  ( -5.270554207047804418, 6.193872642457781019, 51.31521536929292182 ) ) ;
#8197 = CARTESIAN_POINT ( 'NONE',  ( -0.3873021686890879556, 10.44543227681120356, 51.12249251027188279 ) ) ;
#8198 = CARTESIAN_POINT ( 'NONE',  ( -4.498053583950306411, 7.809950567994945914, 51.10829018116476874 ) ) ;
#8199 = CARTESIAN_POINT ( 'NONE',  ( -0.9742381187521047536, 10.18760781570207108, 51.63710110351361493 ) ) ;
#8200 = CARTESIAN_POINT ( 'NONE',  ( -3.474121951028866562, 8.218940364782643115, -0.1948117696293406031 ) ) ;
#8201 = CARTESIAN_POINT ( 'NONE',  ( -5.212120535586432624, 5.010944417210531299, 51.20448222863817023 ) ) ;
#8202 = CARTESIAN_POINT ( 'NONE',  ( 0.000000000000000000, 8.342712056005252563, -5.798662242242414777 ) ) ;
#8203 = CARTESIAN_POINT ( 'NONE',  ( -2.061416205702693905, 8.594146528385737227, 53.76927285201021789 ) ) ;
#8204 = CARTESIAN_POINT ( 'NONE',  ( -5.379413582332919219, 4.227293644403530948, 50.95933768168648470 ) ) ;
#8205 = CARTESIAN_POINT ( 'NONE',  ( -0.6619193497109350233, 7.694826087564178962, -7.654636860589661751 ) ) ;
#8206 = CARTESIAN_POINT ( 'NONE',  ( -3.092345756448576566, 8.450722035196641002, 52.76086931767235910 ) ) ;
#8207 = CARTESIAN_POINT ( 'NONE',  ( -0.006604029470499504784, 10.09355631220044636, 52.59333420908515677 ) ) ;
#8208 = CARTESIAN_POINT ( 'NONE',  ( -4.129359715316736512, 6.463790288819180496, 53.63595242729608970 ) ) ;
#8209 = CARTESIAN_POINT ( 'NONE',  ( -1.101286078714865946, 9.030908974596417949, 54.03323707457759184 ) ) ;
#8210 = CARTESIAN_POINT ( 'NONE',  ( -2.834282873897910449, 10.38251575801094440, 42.65630652179362414 ) ) ;
#8211 = CARTESIAN_POINT ( 'NONE',  ( -5.075268099682924472, 6.204921065871301877, 50.27133993877577467 ) ) ;
#8212 = CARTESIAN_POINT ( 'NONE',  ( 0.06039490363683702040, 10.32524194310614085, 51.81011095388332421 ) ) ;
#8213 = CARTESIAN_POINT ( 'NONE',  ( -0.2390351128243355383, 6.143017752201041404, 56.44367167010755537 ) ) ;
#8214 = CARTESIAN_POINT ( 'NONE',  ( -3.143965771170089241, 7.283658767714084270, 54.13396262197739617 ) ) ;
#8215 = CARTESIAN_POINT ( 'NONE',  ( -0.08973601978873801954, 10.32371323102635685, 51.81312328251976140 ) ) ;
#8216 = CARTESIAN_POINT ( 'NONE',  ( -4.490699422751053049, 5.853294229138465532, 53.61535141900066748 ) ) ;
#8217 = CARTESIAN_POINT ( 'NONE',  ( -1.883398814657827769, 9.822336306185304622, 51.56568519957795615 ) ) ;
#8218 = CARTESIAN_POINT ( 'NONE',  ( -4.506060326918710501, 5.011812242897298653, 54.32428676326779993 ) ) ;
#8219 = CARTESIAN_POINT ( 'NONE',  ( -4.732731550758146000, 8.027319621235173841, 15.73899620799006094 ) ) ;
#8220 = CARTESIAN_POINT ( 'NONE',  ( 0.01088111231962491168, 9.906768454388513945, 53.07051112052714359 ) ) ;
#8221 = CARTESIAN_POINT ( 'NONE',  ( -0.1358886842682534568, 8.126845551128393907, -6.555440570259748689 ) ) ;
#8222 = CARTESIAN_POINT ( 'NONE',  ( -4.973526337365292704, 4.428179105685068784, 53.92077528054387159 ) ) ;
#8223 = CARTESIAN_POINT ( 'NONE',  ( 0.003686241923443554520, 10.41540667644032503, 51.41512679025849764 ) ) ;
#8224 = ORIENTED_EDGE ( 'NONE', *, *, #6108, .T. ) ;
#8225 = CARTESIAN_POINT ( 'NONE',  ( -0.1703856234835825489, 4.765535396944517998, 57.37709875901354195 ) ) ;
#8226 = CARTESIAN_POINT ( 'NONE',  ( -4.098690553692876826, 4.279262812444239117, 55.44226739704787121 ) ) ;
#8227 = CARTESIAN_POINT ( 'NONE',  ( 0.005589909566011771851, 10.49360269471116069, 51.01734216350826756 ) ) ;
#8228 = CARTESIAN_POINT ( 'NONE',  ( -5.641098909833869079, 3.466774522162901384, 42.54736274960929165 ) ) ;
#8229 = CARTESIAN_POINT ( 'NONE',  ( -3.867237568561250338, 8.278449007721182085, 51.72452341677114873 ) ) ;
#8230 =( CONVERSION_BASED_UNIT ( 'INCH', #4922 ) LENGTH_UNIT ( ) NAMED_UNIT ( #855 ) );
#8231 = CARTESIAN_POINT ( 'NONE',  ( -1.685165255485219227, 10.80164231264135033, 20.74953322897674113 ) ) ;
#8232 = CARTESIAN_POINT ( 'NONE',  ( -0.1765924786726368600, 9.875687825699095868, 53.11830756656920727 ) ) ;
#8233 = CARTESIAN_POINT ( 'NONE',  ( -2.648994314067378397, 9.405681780200024988, 51.48804753989845295 ) ) ;
#8234 = CARTESIAN_POINT ( 'NONE',  ( -0.01498983552361338699, 8.438640637442521353, 55.18246430646078693 ) ) ;
#8235 = CARTESIAN_POINT ( 'NONE',  ( -0.2418483260768611864, 3.988640774504424336, 57.16755729253235785 ) ) ;
#8236 = CARTESIAN_POINT ( 'NONE',  ( -3.117117408500063469, 4.021618844906653223, 56.47141475771170605 ) ) ;
#8237 = CARTESIAN_POINT ( 'NONE',  ( -1.118219200367634336, 5.528430315401971384, 56.82699227480252091 ) ) ;
#8238 = CARTESIAN_POINT ( 'NONE',  ( -4.177018208611836592, 7.413516803029859936, 52.51330574325913858 ) ) ;
#8239 = CARTESIAN_POINT ( 'NONE',  ( -0.7463037717118949921, 10.02529259516460058, 52.41574498384135694 ) ) ;
#8240 = CARTESIAN_POINT ( 'NONE',  ( -4.465935539677897026, 5.085335134507771748, 54.32872386600531200 ) ) ;
#8241 = CARTESIAN_POINT ( 'NONE',  ( -3.273204152369007414, 7.173341795567334422, -4.235412288996678321 ) ) ;
#8242 = CARTESIAN_POINT ( 'NONE',  ( -4.886428311826128024, 4.779522791192725606, 52.74675829711507191 ) ) ;
#8243 = CARTESIAN_POINT ( 'NONE',  ( -0.07571495365345715101, 11.06516362905453654, 28.18484234170431080 ) ) ;
#8244 = CARTESIAN_POINT ( 'NONE',  ( -2.047862794581925883, 8.541706556946001783, 53.85140163951578529 ) ) ;
#8245 = CARTESIAN_POINT ( 'NONE',  ( -0.9734722561767709115, 9.917178306428391821, 50.95933768168647049 ) ) ;
#8246 = CARTESIAN_POINT ( 'NONE',  ( -0.9232883770343359719, 9.798776108311962219, 51.53882800787728513 ) ) ;
#8247 = CARTESIAN_POINT ( 'NONE',  ( -2.665403050417354702, 8.360848509125773376, 53.43508516569782074 ) ) ;
#8248 = CARTESIAN_POINT ( 'NONE',  ( -0.006985775135359199167, 10.02389305955539811, 52.78577335946349081 ) ) ;
#8249 = CARTESIAN_POINT ( 'NONE',  ( -4.519202403365406795, 6.958572446975793468, 52.42546335130452917 ) ) ;
#8250 = CARTESIAN_POINT ( 'NONE',  ( -0.5855878648121622954, 5.023892957685013982, 57.19822490898965839 ) ) ;
#8251 = CARTESIAN_POINT ( 'NONE',  ( -3.056848202490729083, 9.139746182555443355, 49.94170481651435267 ) ) ;
#8252 = CARTESIAN_POINT ( 'NONE',  ( -5.195834773169107912, 6.599022409896278418, 34.88793891262954361 ) ) ;
#8253 = CARTESIAN_POINT ( 'NONE',  ( 0.04676196304157403255, 9.632663316115896990, 53.62476159904809947 ) ) ;
#8254 = CARTESIAN_POINT ( 'NONE',  ( -0.3935168779119941340, 7.429501715797711903, -8.672977720432921700 ) ) ;
#8255 = CARTESIAN_POINT ( 'NONE',  ( -2.454094975653197785, 6.351862168619269333, 55.60008419456396922 ) ) ;
#8256 = CARTESIAN_POINT ( 'NONE',  ( -0.04128809286758748642, 10.18860380201411786, 52.30293634617336807 ) ) ;
#8257 = CARTESIAN_POINT ( 'NONE',  ( -4.855079966747736897, 6.491588587656665688, 52.24059048835982111 ) ) ;
#8258 = CARTESIAN_POINT ( 'NONE',  ( -1.153098560964647135, 6.298388851904292984, 56.41026991603418139 ) ) ;
#8259 = CARTESIAN_POINT ( 'NONE',  ( -5.457091682872666993, 5.699810577629358832, 51.20290158175791362 ) ) ;
#8260 = CARTESIAN_POINT ( 'NONE',  ( -1.462434383211648364E-15, 1.562500000000000000, -14.99999999999999822 ) ) ;
#8261 = CARTESIAN_POINT ( 'NONE',  ( 0.009581370001232904915, 9.821282803869637590, 53.25796333913637426 ) ) ;
#8262 = CARTESIAN_POINT ( 'NONE',  ( -0.1282344760850772925, 6.951023870241553659, -10.03476938530935492 ) ) ;
#8263 = CARTESIAN_POINT ( 'NONE',  ( -5.096210084399915630, 4.525770968018978380, 53.56080308495951670 ) ) ;
#8264 = EDGE_CURVE ( 'NONE', #1301, #4048, #8489, .T. ) ;
#8265 = CARTESIAN_POINT ( 'NONE',  ( -5.505136179783496786, 3.497972094427387102, 53.20295922504192276 ) ) ;
#8266 = CARTESIAN_POINT ( 'NONE',  ( -0.4305362747136518564, 9.468686349215513332, 53.79375271230949096 ) ) ;
#8267 = CARTESIAN_POINT ( 'NONE',  ( -5.023708795399147498, 5.160319605856912517, 53.18715967707775150 ) ) ;
#8268 = CARTESIAN_POINT ( 'NONE',  ( -0.01808527509370706082, 6.382633335123369278, 56.68847167271056975 ) ) ;
#8269 = CARTESIAN_POINT ( 'NONE',  ( -5.433395296595811885, 3.431662679182980291, 51.22295570043504398 ) ) ;
#8270 = CARTESIAN_POINT ( 'NONE',  ( -1.913015007883641427, 10.51014188241411951, 12.45153838572076843 ) ) ;
#8271 = CARTESIAN_POINT ( 'NONE',  ( -0.1903604589611205822, 10.46692817192473157, 51.11933043125889498 ) ) ;
#8272 = CARTESIAN_POINT ( 'NONE',  ( -2.222513195036340150, 8.142471836567301224, 54.16795054745605142 ) ) ;
#8273 = CARTESIAN_POINT ( 'NONE',  ( 0.002785754955826360429, 10.30030547297645427, 51.91005865048695256 ) ) ;
#8274 = LINE ( 'NONE', #5571, #1325 ) ;
#8275 = CARTESIAN_POINT ( 'NONE',  ( -4.575576014531304914, 5.695511189080443515, 53.60956971670140803 ) ) ;
#8276 = CARTESIAN_POINT ( 'NONE',  ( -1.859853040413478320, 8.971480882422419256, 53.43560250923333399 ) ) ;
#8277 = CARTESIAN_POINT ( 'NONE',  ( -3.904942245985806970, 7.016916215398826928, 53.41827087276151076 ) ) ;
#8278 = CARTESIAN_POINT ( 'NONE',  ( -0.4593962364156998768, 6.289615640321183143, 56.65932186194343245 ) ) ;
#8279 = CARTESIAN_POINT ( 'NONE',  ( -3.450746500095387859, 4.026133158114875599, 56.23059371881515744 ) ) ;
#8280 = CARTESIAN_POINT ( 'NONE',  ( -4.322182769231219801, 8.658169847990304646, 12.44751184623299523 ) ) ;
#8281 = CARTESIAN_POINT ( 'NONE',  ( -5.143462081288823207, 4.559441979321362304, 52.07076298756010146 ) ) ;
#8282 = CARTESIAN_POINT ( 'NONE',  ( -0.08643703399412248911, 11.02815518675394379, 31.92476889675188190 ) ) ;
#8283 = CARTESIAN_POINT ( 'NONE',  ( -0.8613312465414647567, 3.986889896021556634, 57.47955125990748115 ) ) ;
#8284 = CARTESIAN_POINT ( 'NONE',  ( -2.057073338272510377, 9.446563774458244467, 50.95933768168649181 ) ) ;
#8285 = CARTESIAN_POINT ( 'NONE',  ( -1.173896079606459475, 9.994817830332594966, 50.25894226119186214 ) ) ;
#8286 = CARTESIAN_POINT ( 'NONE',  ( -2.441808166637786215, 7.681780346363609624, 54.47295366169144160 ) ) ;
#8287 = CARTESIAN_POINT ( 'NONE',  ( -0.01075103106839482570, 9.475339168623614583, 53.89023619335690540 ) ) ;
#8288 = CARTESIAN_POINT ( 'NONE',  ( -4.231375684768096335, 6.608143868577705859, 53.33364382102427470 ) ) ;
#8289 = CARTESIAN_POINT ( 'NONE',  ( -1.185602611464812162, 9.618249219986559240, 52.98877988443119591 ) ) ;
#8290 = CARTESIAN_POINT ( 'NONE',  ( -3.614010253520634652, 9.729142881500333573, 33.64188324203757929 ) ) ;
#8291 = CARTESIAN_POINT ( 'NONE',  ( -2.555459178326960679, 8.939429707497007271, 51.56885140068337847 ) ) ;
#8292 = CARTESIAN_POINT ( 'NONE',  ( -3.885663197858728601, 4.797824150933038823, -7.630176177517723701 ) ) ;
#8293 = CARTESIAN_POINT ( 'NONE',  ( 0.03260978826921146628, 7.818624328638978938, 55.75507651413891352 ) ) ;
#8294 = CARTESIAN_POINT ( 'NONE',  ( -5.495695881113566550, 2.184141309681208565, 2.103156422288613658 ) ) ;
#8295 = CARTESIAN_POINT ( 'NONE',  ( -0.6608101311083436347, 10.55577682127493411, 10.78741464416173557 ) ) ;
#8296 = CARTESIAN_POINT ( 'NONE',  ( -3.302311579419570986, 8.040710927988188317, 53.06557065317765165 ) ) ;
#8297 = CARTESIAN_POINT ( 'NONE',  ( -0.09017527345614274881, 10.34727018109846242, 51.71415593149933443 ) ) ;
#8298 = CARTESIAN_POINT ( 'NONE',  ( -5.236769825581878202, 6.557649415198853582, 50.89089808750191679 ) ) ;
#8299 = CARTESIAN_POINT ( 'NONE',  ( -1.636613971129109446, 9.322996400242676174, 53.08621140582470588 ) ) ;
#8300 = CARTESIAN_POINT ( 'NONE',  ( -4.990512896181895641, 5.490316970859543844, 52.97045665026423933 ) ) ;
#8301 = CARTESIAN_POINT ( 'NONE',  ( -4.186364737644375111, 7.024038706476457783, -1.215760731000872008 ) ) ;
#8302 = CARTESIAN_POINT ( 'NONE',  ( -0.008566026066757272475, 4.357692574652781481, 57.51512341206758805 ) ) ;
#8303 = CARTESIAN_POINT ( 'NONE',  ( -0.09916662587392836847, 5.539704203839082020, -13.07107745889440764 ) ) ;
#8304 = CARTESIAN_POINT ( 'NONE',  ( -5.475476007123668332, 4.771776166867151225, 52.23111640538673583 ) ) ;
#8305 = CARTESIAN_POINT ( 'NONE',  ( -5.297644257972738302, 3.395015421278763323, 53.93783321795099539 ) ) ;
#8306 = CARTESIAN_POINT ( 'NONE',  ( -0.4433585381914266210, 9.761558784134841460, 53.25723933204416483 ) ) ;
#8307 = CARTESIAN_POINT ( 'NONE',  ( -5.241087879429513485, 5.205795641465791768, 52.59871363869467586 ) ) ;
#8308 = CARTESIAN_POINT ( 'NONE',  ( 0.006900453252263246719, 10.21908048245074419, 52.20451339354985265 ) ) ;
#8309 = CARTESIAN_POINT ( 'NONE',  ( -4.777923295755263311, 2.574556211700321118, 54.78162272096287921 ) ) ;
#8310 = CARTESIAN_POINT ( 'NONE',  ( -1.637828420071759883, 9.611984865102877862, 51.13200937774254129 ) ) ;
#8311 = CARTESIAN_POINT ( 'NONE',  ( -0.1251919685705499552, 8.433219713054500133, 55.17689909371569712 ) ) ;
#8312 = CARTESIAN_POINT ( 'NONE',  ( -2.706823201624864783, 9.543383977445515143, 50.97726261046476992 ) ) ;
#8313 = CARTESIAN_POINT ( 'NONE',  ( -0.004365981129027099450, 9.475378289369720264, 53.89034503377845198 ) ) ;
#8314 = DIRECTION ( 'NONE',  ( 1.000000000000000000, 0.000000000000000000, -3.335730344018426891E-15 ) ) ;
#8315 = CARTESIAN_POINT ( 'NONE',  ( -1.736830132170198215, 2.771697665826861279, 57.54913987349684845 ) ) ;
#8316 = CARTESIAN_POINT ( 'NONE',  ( -5.489641733712558924, 3.697013235056462843, 53.10641761973917596 ) ) ;
#8317 = CARTESIAN_POINT ( 'NONE',  ( -2.194966078270252030, 9.718025263550046589, 51.37283612218683260 ) ) ;
#8318 = CARTESIAN_POINT ( 'NONE',  ( -4.013945959337186231, 7.187618042341791025, 53.06748092591066523 ) ) ;
#8319 = CARTESIAN_POINT ( 'NONE',  ( -0.7388882335340005714, 9.957426713979534938, 52.60670149246031713 ) ) ;
#8320 = CARTESIAN_POINT ( 'NONE',  ( -4.788434266746436130, 5.424541789982302298, 53.45093247216549059 ) ) ;
#8321 = AXIS2_PLACEMENT_3D ( 'NONE', #4966, #5610, #3596 ) ;
#8322 = CARTESIAN_POINT ( 'NONE',  ( -4.365338831934132635, 8.815216846222831748, 20.75000687635006358 ) ) ;
#8323 = CARTESIAN_POINT ( 'NONE',  ( -4.295549079131977699, 4.089428038079859995, -7.625728780595553147 ) ) ;
#8324 = CARTESIAN_POINT ( 'NONE',  ( -0.07332359961603056309, 10.16138357557928451, 50.59331003421829820 ) ) ;
#8325 = CARTESIAN_POINT ( 'NONE',  ( -2.257568096826163551, 8.937255496112427977, 53.05213391455946237 ) ) ;
#8326 = DIRECTION ( 'NONE',  ( 1.000000000000000000, 0.000000000000000000, -3.335730344018426891E-15 ) ) ;
#8327 = CARTESIAN_POINT ( 'NONE',  ( -0.2482817368939242431, 3.638924848861503136, -14.99999999999999645 ) ) ;
#8328 = CARTESIAN_POINT ( 'NONE',  ( -2.598882654134878400, 8.165644622537858055, 53.76117523265581610 ) ) ;
#8329 = CARTESIAN_POINT ( 'NONE',  ( -0.004550611791838674904, 10.39446156266764909, 51.51456160167816734 ) ) ;
#8330 = CARTESIAN_POINT ( 'NONE',  ( -1.488638695495023256, 3.010944061173105979, 57.56063291009355964 ) ) ;
#8331 = CARTESIAN_POINT ( 'NONE',  ( -0.8366281993075743717, 8.205474009349170927, 55.13580736376061964 ) ) ;
#8332 = CARTESIAN_POINT ( 'NONE',  ( -3.096890621507134789, 9.001808139689821076, 2.040845039397300997 ) ) ;
#8333 = CARTESIAN_POINT ( 'NONE',  ( -2.098488812743535728E-32, 1.562500000000000000, 57.50000000000000000 ) ) ;
#8334 = CARTESIAN_POINT ( 'NONE',  ( -4.534779049517827509, 5.287494310261257269, 53.12058769932927049 ) ) ;
#8335 = CARTESIAN_POINT ( 'NONE',  ( 0.06278643411368801941, 9.632707424084250292, 53.62494121067189212 ) ) ;
#8336 = CARTESIAN_POINT ( 'NONE',  ( -5.453194462870063930, 1.562500000000003997, 52.12821537171992503 ) ) ;
#8337 = CARTESIAN_POINT ( 'NONE',  ( -0.5362209270956503904, 9.218012765886715698, 53.35220209263978575 ) ) ;
#8338 = CARTESIAN_POINT ( 'NONE',  ( -3.474545799225012832, 8.369684161605874806, 52.31010197898378777 ) ) ;
#8339 = CARTESIAN_POINT ( 'NONE',  ( -0.04264970959765997105, 7.474041848414096911, 56.00196366057689801 ) ) ;
#8340 = CARTESIAN_POINT ( 'NONE',  ( -5.218292426745615664, 4.173909569968326849, 53.54522552342615427 ) ) ;
#8341 = CARTESIAN_POINT ( 'NONE',  ( -2.376852011452862179, 3.542440076507468838, 57.09429757019491092 ) ) ;
#8342 = CARTESIAN_POINT ( 'NONE',  ( -1.732034701457848325, 9.697183438101083297, 52.15666134743470650 ) ) ;
#8343 = CARTESIAN_POINT ( 'NONE',  ( -4.977691190627894002, 5.479513146688845815, 53.00892766596641792 ) ) ;
#8344 = CARTESIAN_POINT ( 'NONE',  ( -4.049407864763852061, 6.061991211445825201, 53.30385303325308399 ) ) ;
#8345 = CARTESIAN_POINT ( 'NONE',  ( 0.01711062036138910614, 10.05978424454024278, 52.68942520581099842 ) ) ;
#8346 = CARTESIAN_POINT ( 'NONE',  ( -0.02995425612308444396, 2.238430071487517825, 57.50000000000001421 ) ) ;
#8347 = CARTESIAN_POINT ( 'NONE',  ( -3.384966266677903235, 3.242124865957962676, 56.65751170487732935 ) ) ;
#8348 = VERTEX_POINT ( 'NONE', #4151 ) ;
#8349 = CARTESIAN_POINT ( 'NONE',  ( -5.320237090910485911, 3.406658127147060178, 53.86663121783054464 ) ) ;
#8350 = CARTESIAN_POINT ( 'NONE',  ( -0.4618107667336046607, 10.10355414301358756, 52.40880966646015793 ) ) ;
#8351 = CARTESIAN_POINT ( 'NONE',  ( -3.936485343256017622, 4.132643479243007789, 55.70461772234175868 ) ) ;
#8352 = CARTESIAN_POINT ( 'NONE',  ( 0.002396163430136092308, 9.682067822453849004, 53.53396672053575145 ) ) ;
#8353 = CARTESIAN_POINT ( 'NONE',  ( -5.445258106106420470, 2.833040432801557262, 51.68894497190725446 ) ) ;
#8354 = CARTESIAN_POINT ( 'NONE',  ( -1.645736940039192353, 9.231802420236924434, -0.1926896224849075079 ) ) ;
#8355 = CARTESIAN_POINT ( 'NONE',  ( -0.1850971913155622373, 10.31658295550714399, 51.81506172917078601 ) ) ;
#8356 = CARTESIAN_POINT ( 'NONE',  ( -2.022159370279929647, 7.409101370330676950, 55.07724135458148140 ) ) ;
#8357 = CARTESIAN_POINT ( 'NONE',  ( -0.01850775712241610471, 5.191262619074128004, 57.22941022904268493 ) ) ;
#8358 = CARTESIAN_POINT ( 'NONE',  ( -5.238772913516142715, 3.662548051176808261, 52.45244125968913096 ) ) ;
#8359 = CARTESIAN_POINT ( 'NONE',  ( -5.315139298043711769, 6.357238341972788476, 50.88871673678507079 ) ) ;
#8360 = CARTESIAN_POINT ( 'NONE',  ( -4.921865297990829724, 3.383078608568487411, 54.80398348906188488 ) ) ;
#8361 = CARTESIAN_POINT ( 'NONE',  ( -1.475419602602515035, 7.169546197164834211, 55.66157997917142808 ) ) ;
#8362 = CARTESIAN_POINT ( 'NONE',  ( -4.001603807934881019, 7.169253061193174403, 53.10758151481551437 ) ) ;
#8363 = CARTESIAN_POINT ( 'NONE',  ( -0.6763022862724133999, 9.221030617053612488, 54.04432525586812375 ) ) ;
#8364 = CARTESIAN_POINT ( 'NONE',  ( -3.746705979424767907, 4.414375921575762973, 55.72590897114514519 ) ) ;
#8365 = CARTESIAN_POINT ( 'NONE',  ( -3.754868359606296391, 7.453916456102056998, -1.821936810431634024 ) ) ;
#8366 = CARTESIAN_POINT ( 'NONE',  ( -2.220181263647982295, 2.431199336906609609, 57.23885658362059559 ) ) ;
#8367 = CARTESIAN_POINT ( 'NONE',  ( -0.01595457571794493476, 9.558791441592216387, 0.4058622271825881311 ) ) ;
#8368 = CARTESIAN_POINT ( 'NONE',  ( -2.420829058330553174, 9.402737074218292079, 51.88490762263269573 ) ) ;
#8369 = CARTESIAN_POINT ( 'NONE',  ( -4.566402692859846901, 7.785766200976852680, 50.95933768168649181 ) ) ;
#8370 = CARTESIAN_POINT ( 'NONE',  ( -1.110626647765805552, 10.16904397107592750, 6.165290626320151013 ) ) ;
#8371 = CARTESIAN_POINT ( 'NONE',  ( -2.581900709133269967, 8.114526836249776665, 53.84172061365531192 ) ) ;
#8372 = CARTESIAN_POINT ( 'NONE',  ( -0.02037325435834274473, 5.191268936457295702, 57.22931326695989185 ) ) ;
#8373 = CARTESIAN_POINT ( 'NONE',  ( -4.180634533905287498, 6.537422596458501545, 53.48489599735231792 ) ) ;
#8374 = CARTESIAN_POINT ( 'NONE',  ( -1.165241493865418976, 9.488708354805471146, 53.25870964097855165 ) ) ;
#8375 = CARTESIAN_POINT ( 'NONE',  ( -3.251257080192992532, 9.811438155193407340, 12.44952511597687383 ) ) ;
#8376 = CARTESIAN_POINT ( 'NONE',  ( -1.211688510509586258, 2.602202682549251467, -14.99999999999999112 ) ) ;
#8377 = CARTESIAN_POINT ( 'NONE',  ( 0.06202396549746652665, 10.45608959122839998, 51.21553100691807003 ) ) ;
#8378 = CARTESIAN_POINT ( 'NONE',  ( -5.500000060428329007, 1.562499999999998890, 12.43794881494951809 ) ) ;
#8379 = CARTESIAN_POINT ( 'NONE',  ( -0.4897648122879043608, 9.760121509492096337, 2.019332776256252515 ) ) ;
#8380 = CARTESIAN_POINT ( 'NONE',  ( -2.553112093631013213, 6.610185489468046960, 55.32725660048723881 ) ) ;
#8381 = CARTESIAN_POINT ( 'NONE',  ( -0.04359027796218155337, 10.41494799150106942, 51.41582821057042452 ) ) ;
#8382 = CARTESIAN_POINT ( 'NONE',  ( -5.428055148766326887, 4.305205087560357136, 52.83018888222421339 ) ) ;
#8383 = CARTESIAN_POINT ( 'NONE',  ( -4.324932137715829406, 5.908980698028788225, 53.84426202695756558 ) ) ;
#8384 = CARTESIAN_POINT ( 'NONE',  ( -1.267279201084739793, 7.314578750672584562, 55.67322863444023540 ) ) ;
#8385 = CARTESIAN_POINT ( 'NONE',  ( -0.5231773859882279387, 1.934255817575996517, 57.50000000000001421 ) ) ;
#8386 = CARTESIAN_POINT ( 'NONE',  ( 0.01785905003312373424, 9.821304063797466455, 53.25794664613077600 ) ) ;
#8387 = CARTESIAN_POINT ( 'NONE',  ( -0.2337991493030448509, 9.550821518374059238, 0.4065435644219803080 ) ) ;
#8388 = CARTESIAN_POINT ( 'NONE',  ( -5.344461414110587505, 4.700122031450828963, 52.75836294630416035 ) ) ;
#8389 = CARTESIAN_POINT ( 'NONE',  ( -4.014804479011291782, 8.502550382389763683, 50.89540845012012227 ) ) ;
#8390 = ORIENTED_EDGE ( 'NONE', *, *, #7902, .F. ) ;
#8391 = CARTESIAN_POINT ( 'NONE',  ( -0.5938025418161340108, 10.46488830894181277, 50.82593449348603798 ) ) ;
#8392 = CARTESIAN_POINT ( 'NONE',  ( -5.566218258779993100, 5.524121748908834562, 50.87740842947541609 ) ) ;
#8393 = CARTESIAN_POINT ( 'NONE',  ( -0.006259366645469542981, 9.006427562345166393, 54.57040839764289331 ) ) ;
#8394 = CARTESIAN_POINT ( 'NONE',  ( -5.512166830212031243, 4.219770473086762230, 15.73295830750706692 ) ) ;
#8395 = CARTESIAN_POINT ( 'NONE',  ( -1.901268342766113006, 10.73513278502438695, 31.92478545322815719 ) ) ;
#8396 = CARTESIAN_POINT ( 'NONE',  ( -2.522152327323096355, 9.374346561779104192, 51.78785195504664784 ) ) ;
#8397 = CARTESIAN_POINT ( 'NONE',  ( 0.002986456739712214405, 10.24722309062681624, 52.10665577059215536 ) ) ;
#8398 = CARTESIAN_POINT ( 'NONE',  ( -0.003977885822662209636, 3.988646588841838536, 57.60324137038323755 ) ) ;
#8399 = CARTESIAN_POINT ( 'NONE',  ( -5.120774159357641686, 6.204859256414562374, 51.84122940461161022 ) ) ;
#8400 = CARTESIAN_POINT ( 'NONE',  ( -5.595783504527853225, 3.742035244742479172, 52.65991516577721399 ) ) ;
#8401 = CARTESIAN_POINT ( 'NONE',  ( -1.911244756590076754, 9.175817208060292884, 53.04624735638692812 ) ) ;
#8402 = CARTESIAN_POINT ( 'NONE',  ( -3.941706961136348220, 7.391806092742540635, 52.94490745416761257 ) ) ;
#8403 = CARTESIAN_POINT ( 'NONE',  ( -0.5661493996392665817, 7.697616275279644427, 55.71576604642712738 ) ) ;
#8404 = CARTESIAN_POINT ( 'NONE',  ( -5.146825066524257863, 5.731366672492015368, 52.33349583603750688 ) ) ;
#8405 = CARTESIAN_POINT ( 'NONE',  ( -5.088276286420192918, 4.414275662031966974, -2.502596510375240779 ) ) ;
#8406 = CARTESIAN_POINT ( 'NONE',  ( -0.03559402665550736450, 10.34137703595927249, 7.833540239108374159 ) ) ;
#8407 = CARTESIAN_POINT ( 'NONE',  ( -0.9331009688503676403, 4.381587492298177011, 57.34129242035959351 ) ) ;
#8408 = CARTESIAN_POINT ( 'NONE',  ( -5.037335456560392721, 6.966965314939862708, 50.95933768168647049 ) ) ;
#8409 = CARTESIAN_POINT ( 'NONE',  ( -1.171119622210895939, 10.31768726259040925, 7.836455845268885945 ) ) ;
#8410 = CARTESIAN_POINT ( 'NONE',  ( -3.147144258607435408, 9.005738122396261147, 51.60442287987932986 ) ) ;
#8411 = CARTESIAN_POINT ( 'NONE',  ( -0.02025899895561358161, 8.438589144053718627, 55.18222080675732144 ) ) ;
#8412 = CARTESIAN_POINT ( 'NONE',  ( -3.630296276429051616, 7.543364230384788982, 53.22840113906138271 ) ) ;
#8413 = CARTESIAN_POINT ( 'NONE',  ( -2.621140538238057704, 4.601034811390352530, 56.51531073973011132 ) ) ;
#8414 = CARTESIAN_POINT ( 'NONE',  ( -0.8072086021435066483, 7.916571189874720638, 55.42850881454547363 ) ) ;
#8415 = CARTESIAN_POINT ( 'NONE',  ( -3.254018672301050241, 8.768552705626241561, 50.61324744461170155 ) ) ;
#8416 = CARTESIAN_POINT ( 'NONE',  ( -4.014295266426654685, 4.921885192640037765, -6.993562131090897971 ) ) ;
#8417 = CARTESIAN_POINT ( 'NONE',  ( 0.06636007247134444176, 9.776341875999255748, 53.35075776901069844 ) ) ;
#8418 = CARTESIAN_POINT ( 'NONE',  ( -5.284730152528315017, 1.734093100480623928, -6.589406488043193733 ) ) ;
#8419 = CARTESIAN_POINT ( 'NONE',  ( -0.4769241417336209654, 8.294474679418369689, -5.804180049325285751 ) ) ;
#8420 = CARTESIAN_POINT ( 'NONE',  ( -3.570754875621394042, 8.537584357897216591, 51.81891612772388811 ) ) ;
#8421 = CARTESIAN_POINT ( 'NONE',  ( -0.02955783352390319377, 10.15892175960129862, 52.40020308667412507 ) ) ;
#8422 = CARTESIAN_POINT ( 'NONE',  ( -5.604075581337275125, 4.386989730757647976, 52.03234642536296661 ) ) ;
#8423 = CARTESIAN_POINT ( 'NONE',  ( -4.805597621770147043, 4.731889128784070309, 54.01083009715708272 ) ) ;
#8424 = CARTESIAN_POINT ( 'NONE',  ( -4.297977383923003991, 5.874396152091633461, 53.91857289335458603 ) ) ;
#8425 = CARTESIAN_POINT ( 'NONE',  ( -1.577685774895358772, 9.043219274998277157, 53.60653643113617761 ) ) ;
#8426 = CARTESIAN_POINT ( 'NONE',  ( -4.407361109280118150, 6.821855178437428613, -0.6059023157566317819 ) ) ;
#8427 = CARTESIAN_POINT ( 'NONE',  ( 0.01741605892801277936, 10.09359191335724049, 52.59288962608822970 ) ) ;
#8428 = CARTESIAN_POINT ( 'NONE',  ( -0.09839167494799974656, 4.047590469712218031, 57.29975629182681729 ) ) ;
#8429 = CARTESIAN_POINT ( 'NONE',  ( -2.203953672273740505, 5.033388715641291533, 56.54961121739012242 ) ) ;
#8430 = ORIENTED_EDGE ( 'NONE', *, *, #2801, .T. ) ;
#8431 = CARTESIAN_POINT ( 'NONE',  ( -0.3204684648257499768, 8.699120274610089965, 54.87167033884744427 ) ) ;
#8432 = CARTESIAN_POINT ( 'NONE',  ( -3.898818462141919738, 4.189752708560245509, 55.70892397370592874 ) ) ;
#8433 = CARTESIAN_POINT ( 'NONE',  ( 0.005031684770004282367, 9.864614080228573556, 53.16447362013460776 ) ) ;
#8434 = ADVANCED_FACE ( 'NONE', ( #2903 ), #1008, .F. ) ;
#8435 = CARTESIAN_POINT ( 'NONE',  ( -5.507285625366719728, 2.129643964781353649, 37.29426749735949187 ) ) ;
#8436 = CARTESIAN_POINT ( 'NONE',  ( -2.098488812743535728E-32, 1.562500000000000000, 57.50000000000000000 ) ) ;
#8437 = CARTESIAN_POINT ( 'NONE',  ( -1.883661474242269263, 7.199025208562571443, 55.36956054965745722 ) ) ;
#8438 = CARTESIAN_POINT ( 'NONE',  ( -0.01678576148402292217, 8.141698419100036332, 55.47789481489004970 ) ) ;
#8439 = CARTESIAN_POINT ( 'NONE',  ( -5.216811225707893129, 3.674501742372362045, 52.54389077792301066 ) ) ;
#8440 = CARTESIAN_POINT ( 'NONE',  ( -4.889460146314746680, 6.014954957100749233, 52.69164012060768698 ) ) ;
#8441 = CARTESIAN_POINT ( 'NONE',  ( -5.760383796882073248, 3.792904451047769854, 51.61350444041163144 ) ) ;
#8442 = CARTESIAN_POINT ( 'NONE',  ( -0.7205043279070446616, 4.081056508243391612, 57.48496308775033015 ) ) ;
#8443 = CARTESIAN_POINT ( 'NONE',  ( -2.942465159919040119, 5.839116100320436153, 55.56021030818341444 ) ) ;
#8444 = CARTESIAN_POINT ( 'NONE',  ( -0.6415129262515024688, 9.953943216338860367, 52.69984770973550070 ) ) ;
#8445 = CARTESIAN_POINT ( 'NONE',  ( -5.342117788087353603, 5.993437804690199933, 51.31345300840286683 ) ) ;
#8446 = CARTESIAN_POINT ( 'NONE',  ( -5.379330685518445954, 4.763221086101485646, 4.143207920915377152 ) ) ;
#8447 = CARTESIAN_POINT ( 'NONE',  ( -0.1688773136559275079, 10.96105528581661304, 18.26485161697588211 ) ) ;
#8448 = CARTESIAN_POINT ( 'NONE',  ( -2.146890558737229338, 8.909660426169956793, 53.22370516985058231 ) ) ;
#8449 = CARTESIAN_POINT ( 'NONE',  ( -5.820847343981319533, 3.866876924217492739, 50.95933768168647049 ) ) ;
#8450 = CARTESIAN_POINT ( 'NONE',  ( -1.335053717665996009, 10.88167419818958237, 33.64214446869246444 ) ) ;
#8451 = CARTESIAN_POINT ( 'NONE',  ( -0.003607711596589855199, 9.419525147498021056, 53.97706903731152295 ) ) ;
#8452 = CARTESIAN_POINT ( 'NONE',  ( -1.821266859898530210, 6.175328821179744132, 56.14013324636530911 ) ) ;
#8453 = CARTESIAN_POINT ( 'NONE',  ( -0.004136724198592334027, 10.02390940745764070, 52.78573699644366002 ) ) ;
#8454 = CARTESIAN_POINT ( 'NONE',  ( -2.964147176768763270, 6.178831891963605827, 55.29528143949796970 ) ) ;
#8455 = CARTESIAN_POINT ( 'NONE',  ( -4.058349248281528432, 6.648778867070165077, 53.56450893774059807 ) ) ;
#8456 = CARTESIAN_POINT ( 'NONE',  ( -1.144540915818427429, 9.347783535769149665, 53.52277092819772975 ) ) ;
#8457 = CARTESIAN_POINT ( 'NONE',  ( -3.740204641539144781, 9.821253372751108657, 39.77531572521922953 ) ) ;
#8458 = CARTESIAN_POINT ( 'NONE',  ( -5.092278173795453000, 6.267995500504196293, 4.131183346915165977 ) ) ;
#8459 = CARTESIAN_POINT ( 'NONE',  ( 0.02330852592368803586, 6.764524658119177580, 56.48633176993737948 ) ) ;
#8460 = CARTESIAN_POINT ( 'NONE',  ( -5.500000019995724188, 1.562500000000003331, 24.07205767170519550 ) ) ;
#8461 = CARTESIAN_POINT ( 'NONE',  ( -0.7061221300310592808, 10.92929886520487592, 39.79625921922171727 ) ) ;
#8462 = CARTESIAN_POINT ( 'NONE',  ( -3.475673085040841048, 8.769420744836120107, 51.50995730795171568 ) ) ;
#8463 = CARTESIAN_POINT ( 'NONE',  ( -0.03363907019233870754, 5.191166716636097078, 57.22862267250314261 ) ) ;
#8464 = CARTESIAN_POINT ( 'NONE',  ( -5.448745443126319365, 4.315930184032793271, 52.75148107687680010 ) ) ;
#8465 = CARTESIAN_POINT ( 'NONE',  ( -4.960127935381809294, 4.870388076636591457, 53.57586303121405535 ) ) ;
#8466 = CARTESIAN_POINT ( 'NONE',  ( -4.315377493310756485, 6.163823424205657098, 53.62626144297470177 ) ) ;
#8467 = CARTESIAN_POINT ( 'NONE',  ( -1.631754977701143305, 9.301273151417415619, 53.13046272311997598 ) ) ;
#8468 = CARTESIAN_POINT ( 'NONE',  ( -4.289260219370890859, 6.645098689570900774, -1.835178498951890003 ) ) ;
#8469 = CARTESIAN_POINT ( 'NONE',  ( 0.01801000121815176172, 10.47484849803868023, 51.11668436894314738 ) ) ;
#8470 = CARTESIAN_POINT ( 'NONE',  ( -0.4536038333507430576, 10.55686994683573054, 10.78754781782999039 ) ) ;
#8471 = CARTESIAN_POINT ( 'NONE',  ( -3.258800284916322010, 7.157009827383297385, 54.12853209310569724 ) ) ;
#8472 = ORIENTED_EDGE ( 'NONE', *, *, #5729, .T. ) ;
#8473 = CARTESIAN_POINT ( 'NONE',  ( -1.881041714751997329, 2.623528423684386990, 57.54248174297907070 ) ) ;
#8474 = CARTESIAN_POINT ( 'NONE',  ( 0.007328745416714751472, 10.05977223100037854, 52.68960641955180080 ) ) ;
#8475 = CARTESIAN_POINT ( 'NONE',  ( -5.503972086727677571, 2.894709835108853824, 6.216187929335028173 ) ) ;
#8476 = CARTESIAN_POINT ( 'NONE',  ( -1.765907767160954878, 9.422229680892117543, 51.55383970428027141 ) ) ;
#8477 = CARTESIAN_POINT ( 'NONE',  ( -2.234988754530239152, 8.523435045076981353, 53.68480291687497896 ) ) ;
#8478 = CARTESIAN_POINT ( 'NONE',  ( 0.001091574440408009210, 9.843236482703611401, 53.21133612124464918 ) ) ;
#8479 = LINE ( 'NONE', #608, #5438 ) ;
#8480 = CARTESIAN_POINT ( 'NONE',  ( -4.916222738369661727, 6.038449987353152970, 52.60652187076058084 ) ) ;
#8481 = CARTESIAN_POINT ( 'NONE',  ( -4.651111712904148376, 3.236553873463552389, 55.36645224760165007 ) ) ;
#8482 = CARTESIAN_POINT ( 'NONE',  ( -1.942959483654511876, 9.653382590281310627, 51.96772940192105494 ) ) ;
#8483 = CARTESIAN_POINT ( 'NONE',  ( -3.524232076126986080, 6.993546940805930312, 53.96480878719879115 ) ) ;
#8484 = CARTESIAN_POINT ( 'NONE',  ( -0.2882000858044105884, 4.733843014297321794, 57.37103493851635960 ) ) ;
#8485 = CARTESIAN_POINT ( 'NONE',  ( -2.315803819348539960, 3.150394372649878871, 57.26431512128895918 ) ) ;
#8486 = CARTESIAN_POINT ( 'NONE',  ( -2.559551618761152891, 8.517959137941714332, -1.799867329564535323 ) ) ;
#8487 = CARTESIAN_POINT ( 'NONE',  ( -3.939300970345105846, 3.286273346546676244, -9.945961796485036643 ) ) ;
#8488 = CARTESIAN_POINT ( 'NONE',  ( -0.06863258618668867383, 7.472432700487025237, -8.676659886075135830 ) ) ;
#8489 = CIRCLE ( 'NONE', #5882, 0.09999999999999947820 ) ;
#8490 = CARTESIAN_POINT ( 'NONE',  ( -0.8264170669122480328, 4.010734691880884384, 57.48089447664110452 ) ) ;
#8491 = CARTESIAN_POINT ( 'NONE',  ( -0.003977885822538380738, 8.019757883178318281, 55.57462557639686196 ) ) ;
#8492 = CARTESIAN_POINT ( 'NONE',  ( -1.036553521558393864, 9.085798191584778749, -1.780004796784149468 ) ) ;
#8493 = CARTESIAN_POINT ( 'NONE',  ( -0.01339166703992341473, 8.438639656381917931, 55.18255182636584522 ) ) ;
#8494 = CARTESIAN_POINT ( 'NONE',  ( -2.574325570402487884, 8.667860216524328365, 53.10016842548783700 ) ) ;
#8495 = CARTESIAN_POINT ( 'NONE',  ( -0.001029129971741271155, 10.05976607085263375, 52.68974871873604116 ) ) ;
#8496 = CARTESIAN_POINT ( 'NONE',  ( -3.978701538882814859, 8.097307000985750847, 51.82852755033792391 ) ) ;
#8497 = CARTESIAN_POINT ( 'NONE',  ( -4.208882588953105852, 6.865904173062212124, 53.10584216354397569 ) ) ;
#8498 = CARTESIAN_POINT ( 'NONE',  ( -0.8931636137660476926, 9.610246942885851240, 53.25755947374849342 ) ) ;
#8499 = CARTESIAN_POINT ( 'NONE',  ( -3.909234545099212088, 9.459347664053973759, 18.26333628588066205 ) ) ;
#8500 = CARTESIAN_POINT ( 'NONE',  ( -4.957971610812176522, 5.592893898195150371, -0.1979949903459902738 ) ) ;
#8501 = CARTESIAN_POINT ( 'NONE',  ( -0.003977885823192082657, 8.175918594665899874, 54.88321520971872047 ) ) ;
#8502 = CARTESIAN_POINT ( 'NONE',  ( -5.500000357817794949, 1.562500000000009548, 42.51515328652885728 ) ) ;
#8503 = CARTESIAN_POINT ( 'NONE',  ( -0.7891123546517173626, 10.61963249585333102, 46.41500124433338925 ) ) ;
#8504 = CARTESIAN_POINT ( 'NONE',  ( -1.041536682812793435, 3.393452996457038129, 57.58013938453931502 ) ) ;
#8505 = CARTESIAN_POINT ( 'NONE',  ( -0.04005202303961911264, 6.382422278084776579, 56.68715484537457172 ) ) ;
#8506 =( GEOMETRIC_REPRESENTATION_CONTEXT ( 3 ) GLOBAL_UNCERTAINTY_ASSIGNED_CONTEXT ( ( #7423 ) ) GLOBAL_UNIT_ASSIGNED_CONTEXT ( ( #2148, #5284, #7555 ) ) REPRESENTATION_CONTEXT ( 'NONE', 'WORKASPACE' ) );
#8507 = CARTESIAN_POINT ( 'NONE',  ( -2.679467193295971050, 2.722275389575143034, 57.24135734843812884 ) ) ;
#8508 = CARTESIAN_POINT ( 'NONE',  ( -5.175423819813274484, 5.044987814791539904, 52.92237343183569465 ) ) ;
#8509 = CARTESIAN_POINT ( 'NONE',  ( -4.419151676128389106, 6.296891151537994169, 53.32728828452357561 ) ) ;
#8510 = CARTESIAN_POINT ( 'NONE',  ( -1.728033742644973669, 10.06648650737038331, 50.95281911405606223 ) ) ;
#8511 = CARTESIAN_POINT ( 'NONE',  ( -1.614500821227607075, 7.199752109121559940, -7.648706998026767678 ) ) ;
#8512 = CARTESIAN_POINT ( 'NONE',  ( -3.641972482158017499, 5.704988473714498909, -6.572515328929259937 ) ) ;
#8513 = CARTESIAN_POINT ( 'NONE',  ( 0.01655615170230125346, 8.735631064325279027, 54.88846861594308990 ) ) ;
#8514 = CARTESIAN_POINT ( 'NONE',  ( -0.1457948879681343068, 5.531389196483992521, -13.07017503262505009 ) ) ;
#8515 = CARTESIAN_POINT ( 'NONE',  ( -3.891838366311168418, 8.497488721513391852, 51.20685391050704993 ) ) ;
#8516 = CARTESIAN_POINT ( 'NONE',  ( -0.1874229007064455721, 10.38612066295314840, 51.51770333934203450 ) ) ;
ENDSEC;
END-ISO-10303-21;
