ISO-10303-21;
HEADER;
FILE_DESCRIPTION (( 'STEP AP214' ),
    '1' );
FILE_NAME ('Shell_Right_2.STEP',
    '2026-03-19T05:26:18',
    ( '' ),
    ( '' ),
    'SwSTEP 2.0',
    'SolidWorks 2024',
    '' );
FILE_SCHEMA (( 'AUTOMOTIVE_DESIGN' ));
ENDSEC;

DATA;
#1 = CARTESIAN_POINT ( 'NONE',  ( 0.4956699946102974264, 6.874204229068920924, -10.02878589528218356 ) ) ;
#2 = CARTESIAN_POINT ( 'NONE',  ( 5.901772979230254457, 1.852586057160890531, 49.83057056025399589 ) ) ;
#3 = CARTESIAN_POINT ( 'NONE',  ( 5.605663934301495566, 4.041874870535521858, 39.73723664521441634 ) ) ;
#4 = CARTESIAN_POINT ( 'NONE',  ( 0.1109171538894610787, 10.65186566268309143, 50.00069003975658433 ) ) ;
#5 = CARTESIAN_POINT ( 'NONE',  ( 0.0007621044082068801837, 10.92939618177373262, 47.78927172357423814 ) ) ;
#6 = CARTESIAN_POINT ( 'NONE',  ( -2.402905895802848857, 10.54474366850618239, 42.66293788183944002 ) ) ;
#7 = CARTESIAN_POINT ( 'NONE',  ( 2.883183751932182570, 10.36032700691766095, 46.96450790424695754 ) ) ;
#8 = CARTESIAN_POINT ( 'NONE',  ( -4.667371685945039594, 7.879968073940023743, 9.120438784414892197 ) ) ;
#9 = CARTESIAN_POINT ( 'NONE',  ( 1.534321285685157132, 8.694016173840902084, -2.986709854954765042 ) ) ;
#10 = EDGE_CURVE ( 'NONE', #5105, #3068, #2205, .T. ) ;
#11 = CARTESIAN_POINT ( 'NONE',  ( 0.3307002133140364286, 7.442112928374036152, -8.673714153561364881 ) ) ;
#12 = CARTESIAN_POINT ( 'NONE',  ( 3.221241361874089382, 7.405374359719258948, 53.13180128969016636 ) ) ;
#13 = CARTESIAN_POINT ( 'NONE',  ( 5.915898692043941587, 2.859044454406714397, 49.73353361331801636 ) ) ;
#14 = CARTESIAN_POINT ( 'NONE',  ( 4.888565827554212539, 5.050853777032166647, -2.489781521160403521 ) ) ;
#15 = CARTESIAN_POINT ( 'NONE',  ( 0.01190910383618560067, 11.26363932793629274, 42.99164336582754231 ) ) ;
#16 = CARTESIAN_POINT ( 'NONE',  ( -0.04565312043480164450, 10.66822931045672895, 49.90003033331678495 ) ) ;
#17 = CARTESIAN_POINT ( 'NONE',  ( -1.771319378292882440, 10.77785342439272220, 37.31321479329496782 ) ) ;
#18 = CARTESIAN_POINT ( 'NONE',  ( 1.226739644996275080, 10.67504953990006022, 48.58997354502606214 ) ) ;
#19 = CARTESIAN_POINT ( 'NONE',  ( -3.761740935623769211, 8.287626853510230873, 50.61733716982078590 ) ) ;
#20 = CARTESIAN_POINT ( 'NONE',  ( -0.04821869192412620714, 8.027741006103719101, 55.11323332030671907 ) ) ;
#21 = CARTESIAN_POINT ( 'NONE',  ( 5.843832242406984179, 6.352708325559905056, 47.69064900490550230 ) ) ;
#22 = CARTESIAN_POINT ( 'NONE',  ( 0.000000000000000000, 10.91363032127727450, 41.45540113587212261 ) ) ;
#23 = CARTESIAN_POINT ( 'NONE',  ( 2.098488812743535728E-32, 1.562500000000000000, 57.50000000000000000 ) ) ;
#24 = CARTESIAN_POINT ( 'NONE',  ( 2.519294655277488637, 9.323889570047596109, 2.035405156763931522 ) ) ;
#25 = CARTESIAN_POINT ( 'NONE',  ( 1.094432245739366483, 8.966230958182457300, 53.34598964366832519 ) ) ;
#26 = CARTESIAN_POINT ( 'NONE',  ( 4.391906471403743240, 6.017422522545004426, 52.73467807111252625 ) ) ;
#27 = CARTESIAN_POINT ( 'NONE',  ( -0.8706086207902387075, 9.567333253628106604, 52.33799014298288910 ) ) ;
#28 = CARTESIAN_POINT ( 'NONE',  ( -3.356169880954628315, 10.02038662885035514, 20.74978398346845765 ) ) ;
#29 = VERTEX_POINT ( 'NONE', #5452 ) ;
#30 = CARTESIAN_POINT ( 'NONE',  ( 4.947235649003151714, 7.412715794856498341, 50.45785646022775239 ) ) ;
#31 = CARTESIAN_POINT ( 'NONE',  ( -4.875264430328329901, 4.367745774183394047, 53.11638260294395764 ) ) ;
#32 = LINE ( 'NONE', #549, #8512 ) ;
#33 = DIRECTION ( 'NONE',  ( 3.450755528294923799E-15, 0.000000000000000000, 1.000000000000000000 ) ) ;
#34 = CARTESIAN_POINT ( 'NONE',  ( 2.118093566204441558, 10.66243706603146713, 34.88717210657229373 ) ) ;
#35 = CARTESIAN_POINT ( 'NONE',  ( 2.098488812743535728E-32, 1.562500000000000000, 57.50000000000000000 ) ) ;
#36 = CARTESIAN_POINT ( 'NONE',  ( 5.499910462118982046, 1.751649071845536643, 36.12718592090423186 ) ) ;
#37 = CARTESIAN_POINT ( 'NONE',  ( -0.5724655371651206082, 10.97978382689204047, 34.88694490477757881 ) ) ;
#38 = CARTESIAN_POINT ( 'NONE',  ( 0.7805871013902970779, 10.48052717195834127, 50.51421120786810093 ) ) ;
#39 = CARTESIAN_POINT ( 'NONE',  ( 4.230304740610401737, 8.688171456955769756, 49.83044143737622278 ) ) ;
#40 = CARTESIAN_POINT ( 'NONE',  ( -4.629544162958748821, 5.812859317794976555, 52.42601143496749927 ) ) ;
#41 = CARTESIAN_POINT ( 'NONE',  ( 6.096840104307030828, 4.816047407847558581, 43.63379881248918934 ) ) ;
#42 = CARTESIAN_POINT ( 'NONE',  ( -5.501104650057570211, 2.300096662609355747, 33.64107946771439117 ) ) ;
#43 = CARTESIAN_POINT ( 'NONE',  ( 0.9232883770343359719, 9.798776108311962219, 51.53882800787728513 ) ) ;
#44 = CARTESIAN_POINT ( 'NONE',  ( 5.902367818195306981, 1.847435666156439282, 49.28786941680341727 ) ) ;
#45 = CARTESIAN_POINT ( 'NONE',  ( 5.395562109762456870, 3.416453040602146274, 51.67893717430532519 ) ) ;
#46 = CARTESIAN_POINT ( 'NONE',  ( 0.1362884736303025535, 10.49017966965047322, 51.01466695018733333 ) ) ;
#47 = CARTESIAN_POINT ( 'NONE',  ( 0.001196946406400289670, 10.66823272892911412, 49.89993687944425460 ) ) ;
#48 = CARTESIAN_POINT ( 'NONE',  ( -2.558288368479685992, 10.52424614496455924, 39.78420084388686462 ) ) ;
#49 = CARTESIAN_POINT ( 'NONE',  ( 3.194597038042693793, 10.41486642357288517, 45.34798460082879501 ) ) ;
#50 = CARTESIAN_POINT ( 'NONE',  ( -4.279975092787249302, 7.171415031904567527, -0.1962265343922960370 ) ) ;
#51 = CARTESIAN_POINT ( 'NONE',  ( 1.391849417909812203, 7.977275797242560529, -5.814427405336322963 ) ) ;
#52 = CARTESIAN_POINT ( 'NONE',  ( 0.7034130243019793838, 10.86754406777525617, 42.68709497914991147 ) ) ;
#53 = CARTESIAN_POINT ( 'NONE',  ( 4.093005974295428118, 8.978140832463177290, 12.44801516366900351 ) ) ;
#54 = CARTESIAN_POINT ( 'NONE',  ( 5.949585535541665138, 3.352767267332295020, 48.88568998947970101 ) ) ;
#55 = CARTESIAN_POINT ( 'NONE',  ( 5.117693738964283590, 4.884369533540638741, -0.6129413017577521883 ) ) ;
#56 = CARTESIAN_POINT ( 'NONE',  ( 0.01967749252598797322, 10.49395672218071418, 51.01338006960150295 ) ) ;
#57 = CARTESIAN_POINT ( 'NONE',  ( -0.04675873084721213907, 10.73769149670984113, 49.39693973964562446 ) ) ;
#58 = CARTESIAN_POINT ( 'NONE',  ( -1.744295437833004447, 10.55503961675024982, 12.45179004443876281 ) ) ;
#59 = CARTESIAN_POINT ( 'NONE',  ( 1.566219133952910569, 10.88623801709234584, 46.17119427111634877 ) ) ;
#60 = CARTESIAN_POINT ( 'NONE',  ( -3.505284825419953343, 7.898286187030263861, 52.00054340692047816 ) ) ;
#61 = CARTESIAN_POINT ( 'NONE',  ( -0.09387273817890100236, 11.00077161886263610, 34.88687390421669932 ) ) ;
#62 = CARTESIAN_POINT ( 'NONE',  ( 6.005674402289458591, 6.388403591123022807, 42.86174835704481723 ) ) ;
#63 = CARTESIAN_POINT ( 'NONE',  ( 5.548067071433075093, 6.486103526143071285, 41.45540113598097065 ) ) ;
#64 = CARTESIAN_POINT ( 'NONE',  ( 0.1329898623899359311, 8.339653961796210879, -5.800238758551807372 ) ) ;
#65 = CARTESIAN_POINT ( 'NONE',  ( 2.701653621377076764, 8.450173203541490707, 52.37099812747717209 ) ) ;
#66 = CARTESIAN_POINT ( 'NONE',  ( 1.063132744081736414, 7.749675051597559872, -6.993402345605136183 ) ) ;
#67 = CARTESIAN_POINT ( 'NONE',  ( 5.120941698096151740, 6.872854736615126470, 18.26232606515058876 ) ) ;
#68 = CARTESIAN_POINT ( 'NONE',  ( -0.5845279803719358735, 6.843003330741032286, -10.02721129264345556 ) ) ;
#69 = CARTESIAN_POINT ( 'NONE',  ( -2.648210448663629535, 8.751478268089440959, -0.5965170010884727203 ) ) ;
#70 = CARTESIAN_POINT ( 'NONE',  ( 5.109747638941841252, 7.224478917778920817, 50.24112970458448046 ) ) ;
#71 = CARTESIAN_POINT ( 'NONE',  ( -5.436333933776594129, 4.880005110216091069, 7.856448573226782806 ) ) ;
#72 = CARTESIAN_POINT ( 'NONE',  ( 5.901557760757873972, 1.709896653435138747, 41.45540113598099197 ) ) ;
#73 = CARTESIAN_POINT ( 'NONE',  ( 0.000000000000000000, 11.01148403380618923, 33.64228512919903835 ) ) ;
#74 = CARTESIAN_POINT ( 'NONE',  ( 2.299206070100632715, 10.62453381843912936, 24.06669295083136717 ) ) ;
#75 = CARTESIAN_POINT ( 'NONE',  ( 4.205630674036768823, 7.224867653557176084, 51.61088415061164625 ) ) ;
#76 = CARTESIAN_POINT ( 'NONE',  ( 5.500113479807729355, 1.981337500103512284, 28.18736986212241646 ) ) ;
#77 = CARTESIAN_POINT ( 'NONE',  ( -0.05394458266223749188, 2.232867286185291622, 57.50000000000001421 ) ) ;
#78 = CARTESIAN_POINT ( 'NONE',  ( 0.7909327627884576994, 10.54599428796972482, 50.10689922828797904 ) ) ;
#79 = CARTESIAN_POINT ( 'NONE',  ( 4.132581214335640851, 8.329020047804490900, 50.99442191212738607 ) ) ;
#80 = CARTESIAN_POINT ( 'NONE',  ( -5.280060625654699358, 6.074764220234766476, 9.121943931853246923 ) ) ;
#81 = CARTESIAN_POINT ( 'NONE',  ( 5.713499849509716455, 4.618541177695348665, 51.07644494219676545 ) ) ;
#82 = CARTESIAN_POINT ( 'NONE',  ( -2.098488812743535728E-32, 1.562500000000000000, 57.50000000000000000 ) ) ;
#83 = FACE_OUTER_BOUND ( 'NONE', #6758, .T. ) ;
#84 = CARTESIAN_POINT ( 'NONE',  ( 1.077706256323683442, 10.31554015497799881, 48.57549335595344076 ) ) ;
#85 = CARTESIAN_POINT ( 'NONE',  ( 5.896719395738518443, 1.861495133999143681, 50.83147599836083685 ) ) ;
#86 = B_SPLINE_CURVE_WITH_KNOTS ( 'NONE', 3,
 ( #5978, #704, #3321, #2248 ),
 .UNSPECIFIED., .F., .F.,
 ( 4, 4 ),
 ( 0.000000000000000000, 1.038299916122533678E-06 ),
 .UNSPECIFIED. ) ;
#87 = CARTESIAN_POINT ( 'NONE',  ( 5.507218087189852618, 3.459859315347409758, 49.93861689964938222 ) ) ;
#88 = CARTESIAN_POINT ( 'NONE',  ( 0.1582591856235953942, 11.13168605324470128, 45.38431418834682063 ) ) ;
#89 = CARTESIAN_POINT ( 'NONE',  ( 0.001650064288576535195, 11.13390720517314492, 45.38670581663254211 ) ) ;
#90 = CARTESIAN_POINT ( 'NONE',  ( -1.462434383211648364E-15, 1.562500000000000000, -14.99999999999999822 ) ) ;
#91 = CARTESIAN_POINT ( 'NONE',  ( 3.026264284030958152, 9.335839203845115009, 50.97795840662885070 ) ) ;
#92 = CARTESIAN_POINT ( 'NONE',  ( -3.730070387153973321, 6.294090029819039422, -5.047294899213124353 ) ) ;
#93 = CARTESIAN_POINT ( 'NONE',  ( 1.901268342766113006, 10.73513278502438695, 31.92478545322815719 ) ) ;
#94 = CARTESIAN_POINT ( 'NONE',  ( 0.6432438384641164797, 10.43606512630325511, 9.116374886331277239 ) ) ;
#95 = CARTESIAN_POINT ( 'NONE',  ( 3.047496245977777907, 6.757339591983139826, -5.836498633667781988 ) ) ;
#96 = CARTESIAN_POINT ( 'NONE',  ( 5.902919548654065096, 3.105024626631832874, 50.17120610148455739 ) ) ;
#97 = CARTESIAN_POINT ( 'NONE',  ( 5.708419365483829999, 5.427427574598699067, 42.57199351549457589 ) ) ;
#98 = CARTESIAN_POINT ( 'NONE',  ( -4.051091837307673416, 3.070899064932263833, -9.942182750152095849 ) ) ;
#99 = CARTESIAN_POINT ( 'NONE',  ( 0.01696323552192979811, 10.59472240769283857, 50.40453529132033594 ) ) ;
#100 = CARTESIAN_POINT ( 'NONE',  ( -0.02441842857636330327, 11.18404497533161646, 44.58810580065311768 ) ) ;
#101 = CARTESIAN_POINT ( 'NONE',  ( -1.755398393200567453, 10.78038447958091517, 36.12998232832384105 ) ) ;
#102 = CARTESIAN_POINT ( 'NONE',  ( 2.176981522149530335, 10.01300729301370573, 50.33481590139291484 ) ) ;
#103 = CARTESIAN_POINT ( 'NONE',  ( -1.386136933177252617, 3.229484942090829591, 57.26653826916885492 ) ) ;
#104 = CARTESIAN_POINT ( 'NONE',  ( -0.05573205436218427872, 9.778966438356549773, 2.014881963192584280 ) ) ;
#105 = CARTESIAN_POINT ( 'NONE',  ( 5.499901075720163846, 6.088382759448211168, 50.44031234056574675 ) ) ;
#106 = CARTESIAN_POINT ( 'NONE',  ( 2.235693305800672270, 10.60051277492716615, 41.45540113598095644 ) ) ;
#107 = VECTOR ( 'NONE', #6671, 39.37007874015748143 ) ;
#108 = EDGE_CURVE ( 'NONE', #8324, #457, #6567, .T. ) ;
#109 = CARTESIAN_POINT ( 'NONE',  ( 0.1924390309588937531, 9.626523640636138524, 52.68258209647722623 ) ) ;
#110 = CARTESIAN_POINT ( 'NONE',  ( 3.228286872617348813, 9.727881479112777896, 10.78541703913777461 ) ) ;
#111 = CARTESIAN_POINT ( 'NONE',  ( 1.555541431228838700, 9.922159338431548292, 49.94250648723894415 ) ) ;
#112 = CARTESIAN_POINT ( 'NONE',  ( 4.342496048172027834, 5.511647317759214459, 53.29737047780449899 ) ) ;
#113 = CARTESIAN_POINT ( 'NONE',  ( 0.001577352758184422761, 10.49404223947995263, 51.01320474593693888 ) ) ;
#114 = CARTESIAN_POINT ( 'NONE',  ( -1.100249603022659617, 10.89228905624532295, 18.26449082385801859 ) ) ;
#115 = CARTESIAN_POINT ( 'NONE',  ( -3.308703854342962547, 9.983536888016416810, 31.92479939552397639 ) ) ;
#116 = CARTESIAN_POINT ( 'NONE',  ( 4.991688275407938136, 7.110840284852455007, 50.88703309391608087 ) ) ;
#117 = CARTESIAN_POINT ( 'NONE',  ( -5.126489734176467472, 4.461132546274002131, -1.866075772165823876 ) ) ;
#118 = CARTESIAN_POINT ( 'NONE',  ( 5.443403828961035806, 1.634338005986899711, 43.37055982956776745 ) ) ;
#119 = ADVANCED_FACE ( 'NONE', ( #5631 ), #2333, .T. ) ;
#120 = CARTESIAN_POINT ( 'NONE',  ( 0.000000000000000000, 10.85456328801900305, 15.74698754686461832 ) ) ;
#121 = CARTESIAN_POINT ( 'NONE',  ( 1.986754255880482711, 8.974081787940617616, 52.35724480060451214 ) ) ;
#122 = CARTESIAN_POINT ( 'NONE',  ( 2.587478291162731203, 4.258841878927039026, 56.30228922855068419 ) ) ;
#123 = CARTESIAN_POINT ( 'NONE',  ( 5.184752975064447433, 1.744788270202326297, 53.87159307636211736 ) ) ;
#124 = CARTESIAN_POINT ( 'NONE',  ( -0.5585544625703519062, 10.99082147141000831, 33.64222484612484010 ) ) ;
#125 = CARTESIAN_POINT ( 'NONE',  ( 0.5739238147352192509, 10.89634348698421107, 47.78372309314065802 ) ) ;
#126 = CARTESIAN_POINT ( 'NONE',  ( 4.340691222564123208, 8.854331336482770709, 48.99459709354737669 ) ) ;
#127 = CARTESIAN_POINT ( 'NONE',  ( -5.158211537569683536, 6.127911064042503853, 28.18644829971793087 ) ) ;
#128 = CARTESIAN_POINT ( 'NONE',  ( 5.801394708597769956, 4.656161128339681099, 50.30574992921927446 ) ) ;
#129 = CARTESIAN_POINT ( 'NONE',  ( -4.943010643116644509, 1.562500000000008216, 54.73382299493155756 ) ) ;
#130 = CARTESIAN_POINT ( 'NONE',  ( 4.539162660786977277, 7.038876801197238464, 50.95540067381245564 ) ) ;
#131 = CARTESIAN_POINT ( 'NONE',  ( 0.7407966184420567979, 8.650137319065278163, 54.13373937478579023 ) ) ;
#132 = CARTESIAN_POINT ( 'NONE',  ( 5.900868435185170569, 1.856653642484278333, 50.27044175564086004 ) ) ;
#133 = CARTESIAN_POINT ( 'NONE',  ( 5.290071234375299802, 3.374046371497150254, 52.46635452712728664 ) ) ;
#134 = CARTESIAN_POINT ( 'NONE',  ( 0.1468667345042853067, 10.83280858645158595, 48.59148853500254717 ) ) ;
#135 = CARTESIAN_POINT ( 'NONE',  ( 0.0002486331048284271916, 10.56341157678000542, 50.60712165388557793 ) ) ;
#136 = CARTESIAN_POINT ( 'NONE',  ( -1.976479534610672273, 8.352019490060690998, -3.596278489831443270 ) ) ;
#137 = CARTESIAN_POINT ( 'NONE',  ( 3.326470799413639767, 9.996288567704061379, 47.77165796494909955 ) ) ;
#138 = CARTESIAN_POINT ( 'NONE',  ( -4.086755852305113734, 6.332809370886036682, -3.670287604446340168 ) ) ;
#139 = CARTESIAN_POINT ( 'NONE',  ( -5.449102386523280828, 4.145395406289110518, 28.18696329047341465 ) ) ;
#140 = CARTESIAN_POINT ( 'NONE',  ( 0.3692338550090389360, 9.392656873428176567, -0.5888914329205937603 ) ) ;
#141 = CARTESIAN_POINT ( 'NONE',  ( 1.612548439602651040, 4.402884498250489997, -13.02956585050385208 ) ) ;
#142 = CARTESIAN_POINT ( 'NONE',  ( 5.931362398758871279, 3.098547342596359222, 49.30589036486348675 ) ) ;
#143 = CARTESIAN_POINT ( 'NONE',  ( 5.059248373490505379, 4.904974814991374998, 52.06437938932018028 ) ) ;
#144 = CARTESIAN_POINT ( 'NONE',  ( 0.01605397770125201878, 10.49398851615593564, 51.01334427374590774 ) ) ;
#145 = CARTESIAN_POINT ( 'NONE',  ( -0.02004228477765488889, 10.65405133582692621, 50.00068957056401331 ) ) ;
#146 = CARTESIAN_POINT ( 'NONE',  ( -1.667867862960059622, 9.331931282826161578, 0.4095166723756891169 ) ) ;
#147 = CARTESIAN_POINT ( 'NONE',  ( 1.700951512602324689, 10.31231783361030097, 49.91559525636854033 ) ) ;
#148 = CARTESIAN_POINT ( 'NONE',  ( -3.909158921418756538, 7.725523935608393344, -0.1955191520108184311 ) ) ;
#149 = CARTESIAN_POINT ( 'NONE',  ( -0.03707307741777606663, 6.183393338417140228, 56.45585981162102485 ) ) ;
#150 = CARTESIAN_POINT ( 'NONE',  ( 5.546717472148523953, 2.500959045878811349, 41.45540113598100618 ) ) ;
#151 = CARTESIAN_POINT ( 'NONE',  ( 0.2019241058696656377, 7.461431000762805077, -8.675187019818249468 ) ) ;
#152 = CARTESIAN_POINT ( 'NONE',  ( 0.5672326274793367817, 3.343781397598482474, -14.99999999999999112 ) ) ;
#153 = CARTESIAN_POINT ( 'NONE',  ( 1.421190946692053814, 9.107638803076564926, -1.186865195594010158 ) ) ;
#154 = CARTESIAN_POINT ( 'NONE',  ( 4.890736734659474116, 6.480043610747683758, 2.067549917779290425 ) ) ;
#155 = CARTESIAN_POINT ( 'NONE',  ( 0.001710513266851633333, 10.68212511531762665, 49.79927616925519374 ) ) ;
#156 = CARTESIAN_POINT ( 'NONE',  ( -0.1135165023187902217, 2.210436766521941099, 57.50000000000000000 ) ) ;
#157 = CARTESIAN_POINT ( 'NONE',  ( -3.210746009045608584, 9.634467317043029055, 9.118632607488825315 ) ) ;
#158 = ORIENTED_EDGE ( 'NONE', *, *, #2051, .F. ) ;
#159 = CARTESIAN_POINT ( 'NONE',  ( 5.635624345292598036, 7.858560465941074824, 42.09401667805066438 ) ) ;
#160 = CARTESIAN_POINT ( 'NONE',  ( -5.465993758303994809, 4.949381208680300404, 36.12805437041341605 ) ) ;
#161 = CARTESIAN_POINT ( 'NONE',  ( -4.087794918834119557E-05, 10.50443863844609460, 50.95540067381245564 ) ) ;
#162 = CARTESIAN_POINT ( 'NONE',  ( 0.03226372675353991054, 10.98282347168085948, 37.31649651448636007 ) ) ;
#163 = CARTESIAN_POINT ( 'NONE',  ( 2.297373553368243115, 10.57087574051200995, 18.26405787211655252 ) ) ;
#164 = CARTESIAN_POINT ( 'NONE',  ( 4.551825110281491504, 7.630923689118059627, 4.119158772914972566 ) ) ;
#165 = CARTESIAN_POINT ( 'NONE',  ( 5.499916419961849989, 2.116253010718910144, 24.07192011475970972 ) ) ;
#166 = CARTESIAN_POINT ( 'NONE',  ( -0.4860397280511873364, 9.695899562366699698, 52.33111347954658754 ) ) ;
#167 = CARTESIAN_POINT ( 'NONE',  ( 0.7959170910632126228, 10.57721945388236762, 49.90395896380695717 ) ) ;
#168 = CARTESIAN_POINT ( 'NONE',  ( 4.215646802306952878, 8.666245003363192367, 49.93530116290953913 ) ) ;
#169 = CARTESIAN_POINT ( 'NONE',  ( -3.803162653365832924, 4.384833788451798497, -8.618481668928071215 ) ) ;
#170 = CARTESIAN_POINT ( 'NONE',  ( 6.013242014198374896, 4.753453849687497623, 47.65543414685090795 ) ) ;
#171 = CARTESIAN_POINT ( 'NONE',  ( -1.740247179380313591, 1.615265837591467912, -14.99999999999998757 ) ) ;
#172 = CARTESIAN_POINT ( 'NONE',  ( -4.087794918901716852E-05, 10.13375171792537444, 50.75950506820370123 ) ) ;
#173 = CARTESIAN_POINT ( 'NONE',  ( 0.7983921241375675493, 9.113123479086160827, 53.34923092139253242 ) ) ;
#174 = CARTESIAN_POINT ( 'NONE',  ( 5.893668483118131185, 1.658883996462021004, 51.05989636320932590 ) ) ;
#175 = CARTESIAN_POINT ( 'NONE',  ( 5.471080142017298975, 3.446556614886870484, 50.64664686715124731 ) ) ;
#176 = CARTESIAN_POINT ( 'NONE',  ( 0.1418589493463782436, 10.67886180064688162, 49.79911840248548316 ) ) ;
#177 = CARTESIAN_POINT ( 'NONE',  ( 0.001579393462181032277, 11.18405011037000207, 44.58768225687364861 ) ) ;
#178 = CARTESIAN_POINT ( 'NONE',  ( -1.722118456906685413, 7.536463460440423923, -6.562050154260852253 ) ) ;
#179 = CARTESIAN_POINT ( 'NONE',  ( 2.997161039802528126, 9.909697211151204499, 49.00270509614636438 ) ) ;
#180 = CARTESIAN_POINT ( 'NONE',  ( -4.916182780464164459, 7.079342503833580658, 6.193793116008490252 ) ) ;
#181 = CARTESIAN_POINT ( 'NONE',  ( -5.375519468362657705, 3.385079200958252876, -1.246949562868587824 ) ) ;
#182 = CARTESIAN_POINT ( 'NONE',  ( 0.05394458266223749188, 2.232867286185291622, 57.50000000000001421 ) ) ;
#183 = CARTESIAN_POINT ( 'NONE',  ( 1.462434383211648364E-15, 1.562500000000000000, -14.99999999999999822 ) ) ;
#184 = CARTESIAN_POINT ( 'NONE',  ( 5.998340151412282495, 3.038581412312068686, 42.82593632558761954 ) ) ;
#185 = CARTESIAN_POINT ( 'NONE',  ( 5.141953373522227366, 4.913094743621248206, -0.1987023727274678520 ) ) ;
#186 = CARTESIAN_POINT ( 'NONE',  ( 0.01826771742832538833, 10.78868553194342894, 48.99434413642158148 ) ) ;
#187 = CARTESIAN_POINT ( 'NONE',  ( -0.01360915901112044052, 10.56341032242924882, 50.60704350420395770 ) ) ;
#188 = CARTESIAN_POINT ( 'NONE',  ( -1.637828420071759883, 9.611984865102877862, 51.13200937774254129 ) ) ;
#189 = CARTESIAN_POINT ( 'NONE',  ( 2.159760721198153099, 10.89080977514996107, 44.56219406264564498 ) ) ;
#190 = CARTESIAN_POINT ( 'NONE',  ( -4.341021037706781271, 8.814458841680279377, 33.64176267588897673 ) ) ;
#191 = CARTESIAN_POINT ( 'NONE',  ( -0.07571495365345715101, 11.06516362905453654, 28.18484234170431080 ) ) ;
#192 = CARTESIAN_POINT ( 'NONE',  ( 5.656512457409854200, 4.228666277414279584, 41.45540113598099907 ) ) ;
#193 = CARTESIAN_POINT ( 'NONE',  ( 0.1628103730477422073, 9.408620294931029804, -0.5880115596704532654 ) ) ;
#194 = CARTESIAN_POINT ( 'NONE',  ( 2.342500955543916685, 7.517237700871037376, 54.07822604100201147 ) ) ;
#195 = CARTESIAN_POINT ( 'NONE',  ( 1.744295437833004447, 10.55503961675024982, 12.45179004443876281 ) ) ;
#196 = CARTESIAN_POINT ( 'NONE',  ( -0.2527226765062506320, 8.734914614090314444, -4.156238699651338742 ) ) ;
#197 = CARTESIAN_POINT ( 'NONE',  ( 1.462434383211648364E-15, 1.562500000000000000, -14.99999999999999822 ) ) ;
#198 = CARTESIAN_POINT ( 'NONE',  ( 0.003929523046386137856, 10.78873083706381486, 48.99445376492458593 ) ) ;
#199 = B_SPLINE_CURVE_WITH_KNOTS ( 'NONE', 3,
 ( #932, #5987, #72, #2685, #2388, #5597, #5025, #1787, #3632, #8237, #8326, #6931, #4290, #4375, #6241, #3030, #3070, #2304, #5645, #8284, #2345, #1018, #7627, #4940, #460, #7670, #6327, #4983, #1702, #3676, #7541, #6888, #1102, #6285, #7017, #1744, #4895, #4417, #3719, #376, #5685, #419, #1660, #4333, #7585, #2990, #2902, #2259, #4247, #6369, #3548, #5726, #1616, #6974, #8366, #2427, #5067, #7711, #5554, #1060 ),
 .UNSPECIFIED., .F., .F.,
 ( 4, 2, 2, 2, 2, 2, 2, 2, 2, 2, 2, 2, 2, 2, 2, 2, 2, 2, 2, 2, 2, 2, 2, 2, 2, 2, 2, 2, 2, 4 ),
 ( 0.0001487897212376013817, 0.005469658592445221859, 0.01079052746365284123, 0.02143226520606809557, 0.03207400294848336553, 0.04271574069089864589, 0.08528269166055971184, 0.1065661671453902448, 0.1278496426302207500, 0.1491331181150512830, 0.1544539869862588677, 0.1597748558574664801, 0.1704165935998816772, 0.1917000690847120714, 0.1970209379559196838, 0.2023418068271272408, 0.2129835445695423546, 0.2342670200543725822, 0.2449087577967877238, 0.2555504955392028932, 0.2661922332816180625, 0.2768339710240332319, 0.2821548398952408165, 0.2874757087664484012, 0.2981174465088635706, 0.3194009219936940758, 0.3300426597361093006, 0.3353635286073169408, 0.3380239630429207609, 0.3406843974785245255 ),
 .UNSPECIFIED. ) ;
#200 = CARTESIAN_POINT ( 'NONE',  ( -0.9779305416481290925, 9.240340666634311972, 52.96385716242517816 ) ) ;
#201 = CARTESIAN_POINT ( 'NONE',  ( -3.654111106957607991, 9.759630681009754838, 36.12940915164784883 ) ) ;
#202 = EDGE_LOOP ( 'NONE', ( #6496, #7409, #7098, #4809 ) ) ;
#203 = CARTESIAN_POINT ( 'NONE',  ( 5.299919138820086140, 6.405452522652835157, 50.88044716839910109 ) ) ;
#204 = CARTESIAN_POINT ( 'NONE',  ( -5.379688120771027648, 5.323163385744956067, 24.07020065294121025 ) ) ;
#205 = CARTESIAN_POINT ( 'NONE',  ( -4.087794921627152425E-05, 11.06515853530437177, 42.86142520816061818 ) ) ;
#206 = CARTESIAN_POINT ( 'NONE',  ( 0.007798337568279160512, 4.057638003756526501, 57.30229377966871596 ) ) ;
#207 = CARTESIAN_POINT ( 'NONE',  ( 2.276742245180890745, 10.60569886474169898, 28.18530989910075135 ) ) ;
#208 = CARTESIAN_POINT ( 'NONE',  ( 3.991631035678075978, 6.711065753281102886, -3.063508906499084361 ) ) ;
#209 = CARTESIAN_POINT ( 'NONE',  ( -0.2142358376709003753, 4.014968092755082374, 57.29675744255908398 ) ) ;
#210 = CARTESIAN_POINT ( 'NONE',  ( 1.046628611186634750, 10.48127722444441723, 50.11038162091809767 ) ) ;
#211 = CARTESIAN_POINT ( 'NONE',  ( 4.819719273869732312, 9.116480656044211983, 45.31076287767288591 ) ) ;
#212 = CARTESIAN_POINT ( 'NONE',  ( -2.058054861231477517, 2.605906751326426019, 57.24439292073030572 ) ) ;
#213 = CARTESIAN_POINT ( 'NONE',  ( 5.685864811004586628, 4.882415571496632190, 50.96942671479165909 ) ) ;
#214 = CARTESIAN_POINT ( 'NONE',  ( -5.500141757460003333, 1.827248519115199477, 10.77946861528869427 ) ) ;
#215 = CARTESIAN_POINT ( 'NONE',  ( 1.974718012243423614E-13, 10.55566087421878230, 50.65658540149088651 ) ) ;
#216 = ADVANCED_FACE ( 'NONE', ( #8094 ), #8241, .T. ) ;
#217 = CARTESIAN_POINT ( 'NONE',  ( 1.171119622210895939, 10.31768726259040925, 7.836455845268885945 ) ) ;
#218 = DIRECTION ( 'NONE',  ( 3.450755528294923799E-15, 0.000000000000000000, 1.000000000000000000 ) ) ;
#219 = CARTESIAN_POINT ( 'NONE',  ( 2.953347822810354462, 2.645238884697733273, -12.98263968449716366 ) ) ;
#220 = CARTESIAN_POINT ( 'NONE',  ( 0.1674410868760864701, 10.54117855747054477, 50.70989670654245174 ) ) ;
#221 = CARTESIAN_POINT ( 'NONE',  ( -2.389754246350211275, 10.12086737590080787, 9.117880033769642623 ) ) ;
#222 = CARTESIAN_POINT ( 'NONE',  ( 3.193202695584218542, 9.696526441140271402, 49.41518360806026777 ) ) ;
#223 = CARTESIAN_POINT ( 'NONE',  ( -3.898142647668660477, 6.051349219729731388, -5.052842962837785556 ) ) ;
#224 = CARTESIAN_POINT ( 'NONE',  ( -5.002572465123314771, 3.080408940783097904, -6.583898501375610834 ) ) ;
#225 = CARTESIAN_POINT ( 'NONE',  ( 0.4113391540934689949, 8.785749644288660676, 54.14530465265748660 ) ) ;
#226 = CARTESIAN_POINT ( 'NONE',  ( 3.719650745342044651, 7.645773833709593070, 52.00692700516037803 ) ) ;
#227 = CARTESIAN_POINT ( 'NONE',  ( 5.973225799732411190, 2.811778417805868457, 45.99248156588324576 ) ) ;
#228 = CARTESIAN_POINT ( 'NONE',  ( 4.771567411874589659, 4.680611245404183940, 53.11778430173910692 ) ) ;
#229 = CARTESIAN_POINT ( 'NONE',  ( -0.3795595665329206114, 10.99197911756495216, 34.88691650455323412 ) ) ;
#230 = CARTESIAN_POINT ( 'NONE',  ( 0.02388186967014893636, 11.07018097145410529, 46.18676895630851931 ) ) ;
#231 = CARTESIAN_POINT ( 'NONE',  ( -0.01969812679753298046, 10.54668929330386540, 50.70847155089187197 ) ) ;
#232 = CARTESIAN_POINT ( 'NONE',  ( -1.913015007883641427, 10.51014188241411951, 12.45153838572076843 ) ) ;
#233 = CARTESIAN_POINT ( 'NONE',  ( 2.192082555282702128, 10.05496241544006963, 50.12860041177556525 ) ) ;
#234 = CARTESIAN_POINT ( 'NONE',  ( -1.729232514127024833, 4.282338576466888647, -13.02595614542642366 ) ) ;
#235 = VERTEX_POINT ( 'NONE', #387 ) ;
#236 = CARTESIAN_POINT ( 'NONE',  ( 4.157805245634856206, 9.451598262509932624, 41.45540113598096355 ) ) ;
#237 = CARTESIAN_POINT ( 'NONE',  ( 0.2837728534807723024, 10.99613841264963376, 34.88690230444104401 ) ) ;
#238 = CARTESIAN_POINT ( 'NONE',  ( 1.946999785699349506, 6.959307692302676429, -7.646483299565663749 ) ) ;
#239 = VECTOR ( 'NONE', #4677, 39.37007874015748143 ) ;
#240 = CARTESIAN_POINT ( 'NONE',  ( 1.818178464065148159, 10.70493711873259812, 42.67146391618449996 ) ) ;
#241 = CARTESIAN_POINT ( 'NONE',  ( 5.141797963993548493, 6.485932266989739681, 24.06937531126828134 ) ) ;
#242 = CARTESIAN_POINT ( 'NONE',  ( 0.002538033781434373675, 10.65405199470009023, 50.00066531635084743 ) ) ;
#243 = CARTESIAN_POINT ( 'NONE',  ( -1.292947891256818416, 10.15164293278721530, 6.166308572380464703 ) ) ;
#244 = CARTESIAN_POINT ( 'NONE',  ( -1.975394253384169296, 5.847000046150155228, -9.998868445146317896 ) ) ;
#245 = ORIENTED_EDGE ( 'NONE', *, *, #3886, .F. ) ;
#246 = CARTESIAN_POINT ( 'NONE',  ( 5.782983819664305969, 7.284961672143540845, 41.29997595612734784 ) ) ;
#247 = CIRCLE ( 'NONE', #3251, 0.09999999999999947820 ) ;
#248 = DIRECTION ( 'NONE',  ( -0.000000000000000000, -0.000000000000000000, -1.000000000000000000 ) ) ;
#249 = CARTESIAN_POINT ( 'NONE',  ( 0.000000000000000000, 10.34141727185504145, 7.833456936075216426 ) ) ;
#250 = CARTESIAN_POINT ( 'NONE',  ( 2.221187647175046909, 10.19244370057725746, 9.117729519025818519 ) ) ;
#251 = CARTESIAN_POINT ( 'NONE',  ( 4.823867281202036672, 8.213487648659928198, 37.30541296555671948 ) ) ;
#252 = CARTESIAN_POINT ( 'NONE',  ( -0.4967802470430551787, 8.755737904413120276, 54.14222057855835146 ) ) ;
#253 = CARTESIAN_POINT ( 'NONE',  ( 1.036131892979357483, 10.43014690451561854, 50.41645834895006573 ) ) ;
#254 = CARTESIAN_POINT ( 'NONE',  ( 5.038482650077579450, 9.009887729126379696, 42.11481477048084798 ) ) ;
#255 = CARTESIAN_POINT ( 'NONE',  ( -4.365796909990644181, 4.880186908551523928, -5.861722894618045743 ) ) ;
#256 = CARTESIAN_POINT ( 'NONE',  ( 5.826968789392856785, 4.392603339412890051, 50.30118934072653758 ) ) ;
#257 = CARTESIAN_POINT ( 'NONE',  ( -5.481175161170311227, 1.752228301063177618, -4.374565870270332724 ) ) ;
#258 = CARTESIAN_POINT ( 'NONE',  ( 1.106018663821741077, 9.872264403452019721, 50.95540067381245564 ) ) ;
#259 = CARTESIAN_POINT ( 'NONE',  ( 1.462434383211648364E-15, 1.562500000000000000, -14.99999999999999822 ) ) ;
#260 = CARTESIAN_POINT ( 'NONE',  ( 5.899602909953638452, 1.650916881097204802, 48.85824258998803060 ) ) ;
#261 = CARTESIAN_POINT ( 'NONE',  ( 5.471125642568112291, 2.838793021632542324, 51.23006088189536911 ) ) ;
#262 = CARTESIAN_POINT ( 'NONE',  ( -5.473496002194565335, 4.043039919101525825, 6.210080252973239290 ) ) ;
#263 = CARTESIAN_POINT ( 'NONE',  ( 0.2284444033600478152, 10.56957391084734077, 50.50711906218762692 ) ) ;
#264 = CARTESIAN_POINT ( 'NONE',  ( -2.379701356418824965, 10.03024989831149405, 7.839954572661529397 ) ) ;
#265 = CARTESIAN_POINT ( 'NONE',  ( 3.960762818828016396, 10.12019244117213113, 42.93517959830658270 ) ) ;
#266 = CARTESIAN_POINT ( 'NONE',  ( -4.158237939624138235, 6.443222570043859676, -3.071188811653506878 ) ) ;
#267 = CARTESIAN_POINT ( 'NONE',  ( 5.407753446095195038, 6.022656975916204303, 50.98516043738295167 ) ) ;
#268 = CARTESIAN_POINT ( 'NONE',  ( -5.516017208709129704, 3.553935421238392678, 36.12770699060975232 ) ) ;
#269 = CARTESIAN_POINT ( 'NONE',  ( 0.7333049287549533446, 10.38273713672160703, 48.57925568741519839 ) ) ;
#270 = CARTESIAN_POINT ( 'NONE',  ( 3.991085349466133358, 8.024443956671555966, 50.61938203242517886 ) ) ;
#271 = CARTESIAN_POINT ( 'NONE',  ( 5.898527742574700916, 2.397226542082220746, 50.60690881411193942 ) ) ;
#272 = CARTESIAN_POINT ( 'NONE',  ( 5.196542163348092380, 4.543908308776235749, -0.6141144660912714048 ) ) ;
#273 = CARTESIAN_POINT ( 'NONE',  ( -0.3139941624187180813, 11.06119363703284897, 28.18490332745168203 ) ) ;
#274 = CARTESIAN_POINT ( 'NONE',  ( 0.06326032326012687168, 10.49315620059756071, 51.01383080615381260 ) ) ;
#275 = CARTESIAN_POINT ( 'NONE',  ( -0.01991486830560352736, 10.62502997260362925, 50.20223638991932802 ) ) ;
#276 = CARTESIAN_POINT ( 'NONE',  ( -1.394146017045233776, 8.793023865669589156, 53.34274836594401137 ) ) ;
#277 = CARTESIAN_POINT ( 'NONE',  ( 1.633832778455672763, 10.08906644600224922, 51.04745707490106810 ) ) ;
#278 = CARTESIAN_POINT ( 'NONE',  ( -4.357546218693481244, 8.755214196957567196, 15.74006171983999991 ) ) ;
#279 = CARTESIAN_POINT ( 'NONE',  ( 0.000000000000000000, 9.517662491782347800, 52.96263938836002438 ) ) ;
#280 = DIRECTION ( 'NONE',  ( -0.000000000000000000, -0.000000000000000000, 1.000000000000000000 ) ) ;
#281 = CARTESIAN_POINT ( 'NONE',  ( 0.4536038333507430576, 10.55686994683573054, 10.78754781782999039 ) ) ;
#282 = CARTESIAN_POINT ( 'NONE',  ( 3.254018672301050241, 8.768552705626241561, 50.61324744461170155 ) ) ;
#283 = CARTESIAN_POINT ( 'NONE',  ( 2.098488812743535728E-32, 1.562500000000000000, 57.50000000000000000 ) ) ;
#284 = CARTESIAN_POINT ( 'NONE',  ( 0.004262199747706048487, 11.00657555689610412, 46.98746257607287902 ) ) ;
#285 = CARTESIAN_POINT ( 'NONE',  ( -1.358674540657566876, 10.78112386445353010, 15.74512290112721402 ) ) ;
#286 = CARTESIAN_POINT ( 'NONE',  ( -3.105626923971671172, 8.506942159214158750, 51.58086075780561686 ) ) ;
#287 = VERTEX_POINT ( 'NONE', #2354 ) ;
#288 = CARTESIAN_POINT ( 'NONE',  ( 5.416488925333038829, 7.169947023965837829, 48.96527441221175536 ) ) ;
#289 = CARTESIAN_POINT ( 'NONE',  ( 0.2999591220508072142, 10.49036719615494562, 49.66803607791002406 ) ) ;
#290 = CARTESIAN_POINT ( 'NONE',  ( 0.03843345560989173959, 10.43747479120107968, 9.115948427890401717 ) ) ;
#291 = CARTESIAN_POINT ( 'NONE',  ( 2.362539766166911637, 9.884736183343507676, 6.172416248742246481 ) ) ;
#292 = CARTESIAN_POINT ( 'NONE',  ( 4.658578011696877574, 8.081286890261601741, 31.92482030896780998 ) ) ;
#293 = CARTESIAN_POINT ( 'NONE',  ( -0.4644050310624615041, 8.705552074307563615, -4.161636898924886196 ) ) ;
#294 = CARTESIAN_POINT ( 'NONE',  ( 0.8940295820684104333, 11.17430490637849871, 43.77865140946438771 ) ) ;
#295 = CARTESIAN_POINT ( 'NONE',  ( -0.1641846508983523245, 9.467692953124002386, -0.1911864349242674010 ) ) ;
#296 = CARTESIAN_POINT ( 'NONE',  ( 4.517415706986153801, 8.035544984984522188, 50.56860156897037939 ) ) ;
#297 = CARTESIAN_POINT ( 'NONE',  ( -5.189285683073102007, 5.421651671755515878, 2.076451543906621122 ) ) ;
#298 = CARTESIAN_POINT ( 'NONE',  ( 5.964000115659623624, 4.445329026861567279, 48.48770984571169862 ) ) ;
#299 = CARTESIAN_POINT ( 'NONE',  ( -5.499999999664243688, 1.562500000000010658, 39.71946640787895433 ) ) ;
#300 = CARTESIAN_POINT ( 'NONE',  ( 4.941385385994204071, 6.148456418496144771, 50.95540067381246985 ) ) ;
#301 = CARTESIAN_POINT ( 'NONE',  ( 1.351223570765766935, 10.52828555814742195, 46.40575622739030592 ) ) ;
#302 = CARTESIAN_POINT ( 'NONE',  ( 5.898991467901239183, 1.562175789422457717, 50.49447005725524207 ) ) ;
#303 = CARTESIAN_POINT ( 'NONE',  ( 3.067407115473151258, 2.437928271886109499, -12.97782674439391215 ) ) ;
#304 = CARTESIAN_POINT ( 'NONE',  ( -2.098488812743535728E-32, 1.562500000000000000, 57.50000000000000000 ) ) ;
#305 = CARTESIAN_POINT ( 'NONE',  ( 0.2568219114748379051, 10.53383491205559608, 50.71082979768873855 ) ) ;
#306 = CARTESIAN_POINT ( 'NONE',  ( -1.836947813729350676, 7.298463003313377051, -6.993436078096588737 ) ) ;
#307 = CARTESIAN_POINT ( 'NONE',  ( 3.532152174919369170, 9.229481574416105616, 50.14437400436278125 ) ) ;
#308 = CARTESIAN_POINT ( 'NONE',  ( -4.919314565902543457, 7.320334861460167986, 31.92482728011583148 ) ) ;
#309 = CARTESIAN_POINT ( 'NONE',  ( 5.770116671252901952, 5.970001718037577731, 48.93934404812429761 ) ) ;
#310 = CARTESIAN_POINT ( 'NONE',  ( -5.210663832485176172, 2.758015909920622732, 53.26819897828619332 ) ) ;
#311 = CARTESIAN_POINT ( 'NONE',  ( 0.7603171518684234131, 10.55431408619538480, 10.78734805732760549 ) ) ;
#312 = CARTESIAN_POINT ( 'NONE',  ( 0.4450509704153974289, 1.995965763359905942, 57.50000000000000000 ) ) ;
#313 = CARTESIAN_POINT ( 'NONE',  ( 5.905321789553970468, 2.390686194139364229, 50.16279796355151177 ) ) ;
#314 = CARTESIAN_POINT ( 'NONE',  ( 5.088276286420192918, 4.414275662031966974, -2.502596510375240779 ) ) ;
#315 = CARTESIAN_POINT ( 'NONE',  ( 0.05131656953209880190, 10.68170656100030769, 49.79917627079891673 ) ) ;
#316 = CARTESIAN_POINT ( 'NONE',  ( -0.001288754347691344710, 11.31538889616183674, 41.39876982785231974 ) ) ;
#317 = CARTESIAN_POINT ( 'NONE',  ( -1.866741871084759197, 10.20895452725999419, 7.838455118064685756 ) ) ;
#318 = CARTESIAN_POINT ( 'NONE',  ( 2.699291885122323542, 10.70846514222279211, 44.55472327873241767 ) ) ;
#319 = CARTESIAN_POINT ( 'NONE',  ( -4.172028978228421003, 8.235572933268121787, 4.113146485914856321 ) ) ;
#320 = CARTESIAN_POINT ( 'NONE',  ( 0.000000000000000000, 9.884077511870094312, 51.92394022804067788 ) ) ;
#321 = CARTESIAN_POINT ( 'NONE',  ( -0.1823296536129637990, 10.66875247860627418, 46.42533391032881696 ) ) ;
#322 = CARTESIAN_POINT ( 'NONE',  ( 5.560897756618293108, 5.002762819103638847, 50.65540067381245848 ) ) ;
#323 = CARTESIAN_POINT ( 'NONE',  ( 0.1906835960216710368, 5.521641094804667915, -13.06927260635568899 ) ) ;
#324 = CARTESIAN_POINT ( 'NONE',  ( 2.248937008495143886, 6.989518297032835115, -6.993455607433741505 ) ) ;
#325 = CARTESIAN_POINT ( 'NONE',  ( 4.755637286759029081, 5.497483761685439951, 52.43151276571665420 ) ) ;
#326 = CARTESIAN_POINT ( 'NONE',  ( 0.004189401006241091560, 11.29311302906494419, 42.19486148570750572 ) ) ;
#327 = CARTESIAN_POINT ( 'NONE',  ( 5.499999971731083015, 1.562499999999999778, 18.26030562369033206 ) ) ;
#328 = CARTESIAN_POINT ( 'NONE',  ( -1.027633758294375754, 8.971432381560116909, -2.377650365530545873 ) ) ;
#329 = CARTESIAN_POINT ( 'NONE',  ( -3.740204641539144781, 9.821253372751108657, 39.77531572521922953 ) ) ;
#330 = ORIENTED_EDGE ( 'NONE', *, *, #1735, .F. ) ;
#331 = CARTESIAN_POINT ( 'NONE',  ( 5.824700503960462683, 7.249765071229698599, 44.46440947366659913 ) ) ;
#332 = FACE_OUTER_BOUND ( 'NONE', #7708, .T. ) ;
#333 = CARTESIAN_POINT ( 'NONE',  ( 0.07636234737727380650, 10.25735313652321423, 49.94326362070096792 ) ) ;
#334 = CARTESIAN_POINT ( 'NONE',  ( 2.738739175333272158, 10.40073654157611216, 36.12970442448079922 ) ) ;
#335 = CARTESIAN_POINT ( 'NONE',  ( 4.637732510097021255, 6.721871704419356774, 51.18316668425702431 ) ) ;
#336 = CARTESIAN_POINT ( 'NONE',  ( -0.4223646891993618757, 6.895941147967050711, -10.03004557739316738 ) ) ;
#337 = CARTESIAN_POINT ( 'NONE',  ( 1.042367475766468932, 11.20056149146695290, 42.97956534821717867 ) ) ;
#338 = CARTESIAN_POINT ( 'NONE',  ( 4.908780772403988024, 9.007614821341542566, 45.30793362153577419 ) ) ;
#339 = CARTESIAN_POINT ( 'NONE',  ( -4.717828802517396447, 4.631578503948690972, 53.28764664463188439 ) ) ;
#340 = CARTESIAN_POINT ( 'NONE',  ( 6.047685561398995269, 4.479900559724259601, 46.83025913577910870 ) ) ;
#341 = CARTESIAN_POINT ( 'NONE',  ( -5.500001435629069846, 1.562499999999999778, 4.170263212415861176 ) ) ;
#342 = CARTESIAN_POINT ( 'NONE',  ( 3.088965589240440845, 9.292936948838766753, 50.95540067381250537 ) ) ;
#343 = CARTESIAN_POINT ( 'NONE',  ( 1.000785546043558849, 9.366404357083114363, 52.69088725185390132 ) ) ;
#344 = DIRECTION ( 'NONE',  ( -1.000000000000000000, 0.000000000000000000, 3.450755528294924194E-15 ) ) ;
#345 = CARTESIAN_POINT ( 'NONE',  ( 5.547674472595498507, 2.844439778727590795, 48.47288431608490811 ) ) ;
#346 = CARTESIAN_POINT ( 'NONE',  ( -5.488306525288177973, 4.092890262031847470, 7.858447846022570182 ) ) ;
#347 = CARTESIAN_POINT ( 'NONE',  ( 0.2510865943477682549, 11.00023857602581323, 46.98413882656527107 ) ) ;
#348 = CARTESIAN_POINT ( 'NONE',  ( -1.471536335550534647, 6.276461502200697318, -10.00957574308969633 ) ) ;
#349 = CARTESIAN_POINT ( 'NONE',  ( 3.771769649656737666, 9.139183494009591513, 49.83192538892110690 ) ) ;
#350 = CARTESIAN_POINT ( 'NONE',  ( -3.960014246795686699, 5.482703668347886250, 53.99495604032605911 ) ) ;
#351 = CARTESIAN_POINT ( 'NONE',  ( 5.618508825666210349, 5.712250173975499834, 50.32492311135256102 ) ) ;
#352 = CARTESIAN_POINT ( 'NONE',  ( -5.074079002560160312, 2.601851770219572035, -6.993658002382332484 ) ) ;
#353 = CARTESIAN_POINT ( 'NONE',  ( 0.5552976102566498096, 9.413021323850133015, 52.96336425387498537 ) ) ;
#354 = CARTESIAN_POINT ( 'NONE',  ( 3.549082846382018097, 6.829112119160056338, 53.31357686642573412 ) ) ;
#355 = CARTESIAN_POINT ( 'NONE',  ( 5.931526919368703687, 2.289495360771712118, 41.26517134321361624 ) ) ;
#356 = CARTESIAN_POINT ( 'NONE',  ( 4.863520810934806704, 4.165578285951966997, -5.091679408210492142 ) ) ;
#357 = CARTESIAN_POINT ( 'NONE',  ( 0.04922863331882535581, 10.52949905163300670, 50.81046990179270750 ) ) ;
#358 = CARTESIAN_POINT ( 'NONE',  ( -0.0006030767748064524199, 10.65405281362690992, 50.00066830461787504 ) ) ;
#359 = CARTESIAN_POINT ( 'NONE',  ( -2.052934788679262379, 10.25371320949221321, 9.117579004281980204 ) ) ;
#360 = CARTESIAN_POINT ( 'NONE',  ( 2.288945298577898413, 10.33246808419773544, 48.59294584736127121 ) ) ;
#361 = CARTESIAN_POINT ( 'NONE',  ( -4.601627589654631478, 8.529374937182867100, 36.12899229588336425 ) ) ;
#362 = CARTESIAN_POINT ( 'NONE',  ( 0.000000000000000000, 6.184119707027654123, 56.45829743992373295 ) ) ;
#363 = CARTESIAN_POINT ( 'NONE',  ( -5.580970436326398776, 4.422262427887585723, 48.48930176246379631 ) ) ;
#364 = CARTESIAN_POINT ( 'NONE',  ( -0.1931498995565798793, 10.98913202788644128, 36.13039918408823326 ) ) ;
#365 = CARTESIAN_POINT ( 'NONE',  ( 5.462563894762605621, 3.419176566139097151, 50.75692395879565311 ) ) ;
#366 = CARTESIAN_POINT ( 'NONE',  ( 0.2772409907781293037, 9.860775327018927783, 51.93032382628064170 ) ) ;
#367 = CARTESIAN_POINT ( 'NONE',  ( 0.6310485051995601280, 3.279230871262440505, -14.99999999999999822 ) ) ;
#368 = CARTESIAN_POINT ( 'NONE',  ( 4.456835173049262799, 5.410209323316597541, -4.285795482216456342 ) ) ;
#369 = CARTESIAN_POINT ( 'NONE',  ( 0.006795538750552353180, 10.78872681049272764, 48.99443160533244424 ) ) ;
#370 = CARTESIAN_POINT ( 'NONE',  ( 5.352647507209983502, 1.562500000000000444, 52.97377332266994188 ) ) ;
#371 = CARTESIAN_POINT ( 'NONE',  ( -1.259869397548732950, 9.666419325063079881, 51.54483268643853222 ) ) ;
#372 = CARTESIAN_POINT ( 'NONE',  ( -2.740749375650975317, 7.753588214098105169, 53.32654197732270518 ) ) ;
#373 = EDGE_LOOP ( 'NONE', ( #5765, #7972, #8147, #6972, #3328 ) ) ;
#374 = CARTESIAN_POINT ( 'NONE',  ( 5.848685410787118677, 7.075856054878616241, 45.26233865266089396 ) ) ;
#375 = EDGE_CURVE ( 'NONE', #6239, #4938, #3527, .T. ) ;
#376 = CARTESIAN_POINT ( 'NONE',  ( 3.124149984608497910, 10.67473769740350598, 41.45540113598100618 ) ) ;
#377 = AXIS2_PLACEMENT_3D ( 'NONE', #2395, #1625, #2437 ) ;
#378 = CARTESIAN_POINT ( 'NONE',  ( 0.08247169449645726236, 10.44794006076905291, 48.58678035033896947 ) ) ;
#379 = CARTESIAN_POINT ( 'NONE',  ( 2.757791617136958529, 10.40942289458856251, 37.31123337672645590 ) ) ;
#380 = CARTESIAN_POINT ( 'NONE',  ( 0.5231773859882279387, 1.934255817575996517, 57.50000000000001421 ) ) ;
#381 = CARTESIAN_POINT ( 'NONE',  ( -0.7034104989364130534, 11.02485628283331742, 28.18499141797565244 ) ) ;
#382 = AXIS2_PLACEMENT_3D ( 'NONE', #2956, #7721, #1753 ) ;
#383 = CARTESIAN_POINT ( 'NONE',  ( 0.9385234892919187555, 10.62536957933312642, 49.39817091023935802 ) ) ;
#384 = CARTESIAN_POINT ( 'NONE',  ( 4.386599051206343525, 8.065161946572638740, 50.88908295727532760 ) ) ;
#385 = CARTESIAN_POINT ( 'NONE',  ( -5.310446775361513438, 5.607511628539270987, 6.201936684490867435 ) ) ;
#386 = ADVANCED_FACE ( 'NONE', ( #6897 ), #8249, .F. ) ;
#387 = CARTESIAN_POINT ( 'NONE',  ( 5.360897756618293819, 5.002762819103638847, 50.65540067381245848 ) ) ;
#388 = CARTESIAN_POINT ( 'NONE',  ( 0.7303124708500028373, 10.41057599963566105, 50.95540067381244853 ) ) ;
#389 = CARTESIAN_POINT ( 'NONE',  ( 5.899626016173523446, 1.636844997489478315, 45.16200000508785450 ) ) ;
#390 = CARTESIAN_POINT ( 'NONE',  ( 5.510179000858572707, 2.936657903406373116, 7.861446755216259241 ) ) ;
#391 = CARTESIAN_POINT ( 'NONE',  ( -5.358834018994050652, 3.898502005457005204, 0.4243822121442362150 ) ) ;
#392 = CARTESIAN_POINT ( 'NONE',  ( 0.2585085517532427213, 10.56688525643914112, 50.50738629902723176 ) ) ;
#393 = CARTESIAN_POINT ( 'NONE',  ( -2.906426818879820129, 9.952686678244930363, 10.78568338647433400 ) ) ;
#394 = CARTESIAN_POINT ( 'NONE',  ( 3.645666872845060968, 8.918005201956788142, 50.77709870208977350 ) ) ;
#395 = CARTESIAN_POINT ( 'NONE',  ( -4.458369326736854710, 5.881130857922618915, -3.086548621962371453 ) ) ;
#396 = CARTESIAN_POINT ( 'NONE',  ( 5.582388309064880261, 5.541649970432278138, 50.75905803242747538 ) ) ;
#397 = CARTESIAN_POINT ( 'NONE',  ( -5.479338762522079520, 2.866761364765554543, 2.097222004870389789 ) ) ;
#398 = CARTESIAN_POINT ( 'NONE',  ( 0.4523662446298685746, 8.964829297146801323, -2.961750163202865327 ) ) ;
#399 = CARTESIAN_POINT ( 'NONE',  ( 3.012664130987921851, 5.812638690184774859, 54.94892176207330436 ) ) ;
#400 = CARTESIAN_POINT ( 'NONE',  ( 5.893466331605343278, 2.629642147690431475, 50.72042775466776732 ) ) ;
#401 = CARTESIAN_POINT ( 'NONE',  ( 4.968909026922057492, 4.050670276638761003, 53.11498090414885809 ) ) ;
#402 = CARTESIAN_POINT ( 'NONE',  ( 0.04970602661327815780, 10.56294986480045139, 50.60738322451710758 ) ) ;
#403 = CARTESIAN_POINT ( 'NONE',  ( -0.007494650665290371674, 10.83561952797438721, 48.59283180588100493 ) ) ;
#404 = CARTESIAN_POINT ( 'NONE',  ( -1.584242451696080467, 8.137758980328753111, -4.994588294778728788 ) ) ;
#405 = CARTESIAN_POINT ( 'NONE',  ( 2.586796815094072777, 10.90647290065618513, 41.37173101095795857 ) ) ;
#406 = CARTESIAN_POINT ( 'NONE',  ( -4.563803355144569807, 8.428438629106686619, 18.26290333413927058 ) ) ;
#407 = CARTESIAN_POINT ( 'NONE',  ( -5.428906575793531530, 4.595064792372911988, 33.64132060001126234 ) ) ;
#408 = CARTESIAN_POINT ( 'NONE',  ( -0.2182886142686928099, 10.05939351664492243, 51.11389116501862873 ) ) ;
#409 = CARTESIAN_POINT ( 'NONE',  ( 5.513873114110802831, 1.975808364939197537, 44.25465929674000165 ) ) ;
#410 = CARTESIAN_POINT ( 'NONE',  ( 0.3422327908553363662, 10.96124408215782431, 18.26477945835231864 ) ) ;
#411 = CARTESIAN_POINT ( 'NONE',  ( 2.835720776336645432, 8.338104995694283872, -1.804281225737959904 ) ) ;
#412 = CARTESIAN_POINT ( 'NONE',  ( 4.853686564289438010, 5.578795640350235452, 52.05161219284023133 ) ) ;
#413 = CARTESIAN_POINT ( 'NONE',  ( 0.007519194059011568079, 11.31538493523383870, 41.39868353822863867 ) ) ;
#414 = CARTESIAN_POINT ( 'NONE',  ( 5.499879263626465509, 1.562500000000001998, 50.28173799094319207 ) ) ;
#415 = CARTESIAN_POINT ( 'NONE',  ( -1.617859212804359403, 10.74660011559910622, 42.67430592763282249 ) ) ;
#416 = CARTESIAN_POINT ( 'NONE',  ( -2.145209172705811351, 5.689200459356634987, -9.995089398813401971 ) ) ;
#417 = ORIENTED_EDGE ( 'NONE', *, *, #108, .T. ) ;
#418 = CARTESIAN_POINT ( 'NONE',  ( 5.684164656588039932, 6.555175731182680821, 48.53331065988453474 ) ) ;
#419 = CARTESIAN_POINT ( 'NONE',  ( 2.742585761415117229, 10.84506128078443865, 41.45540113598099907 ) ) ;
#420 = CARTESIAN_POINT ( 'NONE',  ( 0.04821869192412620714, 8.027741006103719101, 55.11323332030671907 ) ) ;
#421 = CARTESIAN_POINT ( 'NONE',  ( 2.059654568158739707, 8.470897609674407747, 53.13857616719965904 ) ) ;
#422 = CARTESIAN_POINT ( 'NONE',  ( 4.743639406930137525, 6.828386362970215728, 50.62756148284291413 ) ) ;
#423 = CARTESIAN_POINT ( 'NONE',  ( -0.5576370479022727533, 9.433699715461635549, -0.1916580231785860178 ) ) ;
#424 = CARTESIAN_POINT ( 'NONE',  ( 4.935765060655638692, 9.056814885895370537, 44.50517948775517851 ) ) ;
#425 = CARTESIAN_POINT ( 'NONE',  ( -5.264324467059177337, 5.528444889189453093, 4.137195633915276893 ) ) ;
#426 = DIRECTION ( 'NONE',  ( 3.414809992080346871E-15, 0.000000000000000000, 1.000000000000000000 ) ) ;
#427 = CARTESIAN_POINT ( 'NONE',  ( 5.578627020034633024E-13, 10.50443857165585904, 50.95540067381244853 ) ) ;
#428 = LINE ( 'NONE', #7807, #7831 ) ;
#429 = CARTESIAN_POINT ( 'NONE',  ( 5.444579497258914991, 2.830124461150022253, -1.251536155790308413 ) ) ;
#430 = CARTESIAN_POINT ( 'NONE',  ( -0.5586361415055088875, 10.55658224773734410, 10.78748123099586387 ) ) ;
#431 = CARTESIAN_POINT ( 'NONE',  ( 0.2787724617247843151, 10.92072304914079517, 47.78610460712408781 ) ) ;
#432 = CARTESIAN_POINT ( 'NONE',  ( -2.982543572089781936, 10.16531803870706163, 15.74272549946491218 ) ) ;
#433 = CARTESIAN_POINT ( 'NONE',  ( 3.988902023238912964, 9.530731865117292756, 47.76294743060618941 ) ) ;
#434 = CARTESIAN_POINT ( 'NONE',  ( -4.313036672393795179, 5.927032445262627292, 52.96890222640924861 ) ) ;
#435 = CARTESIAN_POINT ( 'NONE',  ( 6.020469527166163459, 6.185087796488982548, 45.24438768551412693 ) ) ;
#436 = CARTESIAN_POINT ( 'NONE',  ( -5.286108685759511872, 2.143905811903255021, 53.26171642283796359 ) ) ;
#437 = CARTESIAN_POINT ( 'NONE',  ( 0.4769241417336209654, 8.294474679418369689, -5.804180049325285751 ) ) ;
#438 = CARTESIAN_POINT ( 'NONE',  ( 4.371689490725708893, 7.940604849866784498, 4.116152629414892239 ) ) ;
#439 = CARTESIAN_POINT ( 'NONE',  ( 5.909163399174318876, 2.160061677356098997, 49.29157327224453411 ) ) ;
#440 = CARTESIAN_POINT ( 'NONE',  ( 5.352048695298340597, 4.692053363285592305, 50.63983065846970533 ) ) ;
#441 = CARTESIAN_POINT ( 'NONE',  ( 0.07336234228410219715, 11.06967011041435178, 46.18603292991935660 ) ) ;
#442 = CARTESIAN_POINT ( 'NONE',  ( -0.001239915608263559166, 11.29311374231332188, 42.19492418167516234 ) ) ;
#443 = CARTESIAN_POINT ( 'NONE',  ( -0.2026035283024303635, 2.162522715749841673, 57.50000000000002132 ) ) ;
#444 = CARTESIAN_POINT ( 'NONE',  ( 2.266781832351915771, 10.26692363902139782, 49.00043832700372093 ) ) ;
#445 = CARTESIAN_POINT ( 'NONE',  ( -0.4711973030153819297, 1.975724630817756067, 57.50000000000001421 ) ) ;
#446 = CARTESIAN_POINT ( 'NONE',  ( 0.000000000000000000, 5.551547312399922163, -13.07288231143312807 ) ) ;
#447 = CARTESIAN_POINT ( 'NONE',  ( -5.485077970669640202, 4.712185616068291338, 12.44197535443729663 ) ) ;
#448 = CARTESIAN_POINT ( 'NONE',  ( -0.3017528960066299670, 10.95214188073292050, 39.79879782455535064 ) ) ;
#449 = CARTESIAN_POINT ( 'NONE',  ( 5.541015599867471053, 3.113786027956995106, 48.96806525628109341 ) ) ;
#450 = CARTESIAN_POINT ( 'NONE',  ( 0.1553811582730872942, 6.165746102140820639, 56.44854692671295737 ) ) ;
#451 = CARTESIAN_POINT ( 'NONE',  ( 2.970903915216946078, 7.881126371349438386, -3.025109380726914932 ) ) ;
#452 = CARTESIAN_POINT ( 'NONE',  ( 5.030390531147936883, 5.722496416860241908, 51.19595601088577297 ) ) ;
#453 = CARTESIAN_POINT ( 'NONE',  ( 0.007297469234117347041, 11.00657214707237230, 46.98741820712175610 ) ) ;
#454 = CARTESIAN_POINT ( 'NONE',  ( 5.499999995690346033, 1.562500000000000666, 20.75106561753771572 ) ) ;
#455 = CARTESIAN_POINT ( 'NONE',  ( -1.162386177177293423, 8.528573519161353644, -4.177831496745519679 ) ) ;
#456 = CARTESIAN_POINT ( 'NONE',  ( -1.298244894941675387, 3.303332463821072373, 57.26930643772371354 ) ) ;
#457 = VERTEX_POINT ( 'NONE', #3600 ) ;
#458 = CARTESIAN_POINT ( 'NONE',  ( -0.02977809123503084854, 10.67192646372983589, 46.42805303295923380 ) ) ;
#459 = CARTESIAN_POINT ( 'NONE',  ( 5.358191519418329385, 6.451619591919777186, 50.55450681460636275 ) ) ;
#460 = CARTESIAN_POINT ( 'NONE',  ( 5.529900725961513608, 8.059729499889515481, 41.45540113598098486 ) ) ;
#461 = CARTESIAN_POINT ( 'NONE',  ( 0.06213995422739068686, 9.639262347143642273, 52.68107206822691069 ) ) ;
#462 = CARTESIAN_POINT ( 'NONE',  ( 1.930504668194326978, 8.202263708943076992, -4.195825494324013860 ) ) ;
#463 = CARTESIAN_POINT ( 'NONE',  ( 4.797749425779050725, 7.704765520070736784, 31.92482379454186869 ) ) ;
#464 = CARTESIAN_POINT ( 'NONE',  ( -1.462434383211648364E-15, 1.562500000000000000, -14.99999999999999822 ) ) ;
#465 = CARTESIAN_POINT ( 'NONE',  ( 4.638152274020962196, 8.187189070305201710, 49.82643410596805467 ) ) ;
#466 = CARTESIAN_POINT ( 'NONE',  ( -4.601685799121992382, 4.931925544792283844, 53.29088792235614136 ) ) ;
#467 = CARTESIAN_POINT ( 'NONE',  ( -5.500000188763195297, 1.562500000000000666, 7.865445300807834883 ) ) ;
#468 = CARTESIAN_POINT ( 'NONE',  ( 0.8321008163193388540, 11.08152448227771991, 41.45540113598099197 ) ) ;
#469 = LENGTH_MEASURE_WITH_UNIT ( LENGTH_MEASURE( 0.02539999999999999897 ), #8460 );
#470 = CARTESIAN_POINT ( 'NONE',  ( 4.894660937943781320, 2.062980643242556589, 54.75772285794744221 ) ) ;
#471 = CARTESIAN_POINT ( 'NONE',  ( -0.4988633354842211265, 10.85805504328143201, 15.74632160195839248 ) ) ;
#472 = CARTESIAN_POINT ( 'NONE',  ( 0.2886961419116590433, 10.56375164573042014, 50.50767965272488169 ) ) ;
#473 = CARTESIAN_POINT ( 'NONE',  ( -1.018484212451576498, 4.972338285599645857, -13.04701275837815722 ) ) ;
#474 = CARTESIAN_POINT ( 'NONE',  ( 3.778806823492040223, 8.665438909204079110, 51.09682596365036744 ) ) ;
#475 = CARTESIAN_POINT ( 'NONE',  ( -3.593900967621647347, 5.240187055547284700, -7.633141108799163632 ) ) ;
#476 = CARTESIAN_POINT ( 'NONE',  ( 5.972596781904504937, 5.965996510013638066, 46.86054389176709378 ) ) ;
#477 = CARTESIAN_POINT ( 'NONE',  ( -5.547674472595498507, 2.844439778727590795, 48.47288431608490811 ) ) ;
#478 = EDGE_CURVE ( 'NONE', #8016, #1958, #1189, .T. ) ;
#479 = CARTESIAN_POINT ( 'NONE',  ( 0.7139132180995105825, 9.626021088341628840, 52.33523947760835426 ) ) ;
#480 = CARTESIAN_POINT ( 'NONE',  ( 5.922275809389978107, 2.087619222603898095, 43.59733284348286730 ) ) ;
#481 = CARTESIAN_POINT ( 'NONE',  ( 5.139999621938545538, 4.048428228745335922, -3.132628052888957182 ) ) ;
#482 = CARTESIAN_POINT ( 'NONE',  ( 0.08087343865693255585, 10.65291925009965368, 50.00065626787100825 ) ) ;
#483 = CARTESIAN_POINT ( 'NONE',  ( -0.0008598144745879730648, 11.13390698868920126, 45.38674661295190305 ) ) ;
#484 = CARTESIAN_POINT ( 'NONE',  ( -1.472364679129512632, 7.686503329264685824, -6.560948556927331587 ) ) ;
#485 = CARTESIAN_POINT ( 'NONE',  ( 2.709317151657884892, 10.75650674272147533, 43.75659530161250643 ) ) ;
#486 = CARTESIAN_POINT ( 'NONE',  ( -3.881354612385820246, 7.086053640012528909, -2.444929058908463126 ) ) ;
#487 = CARTESIAN_POINT ( 'NONE',  ( 5.446765155536663627, 3.449613765656897701, 50.95540067381246985 ) ) ;
#488 = CARTESIAN_POINT ( 'NONE',  ( 0.2339257175964881141, 5.510513908663378757, -13.06837018008632967 ) ) ;
#489 = CARTESIAN_POINT ( 'NONE',  ( 3.914129444734564700, 9.484208185052983353, 20.74989542990924463 ) ) ;
#490 = CARTESIAN_POINT ( 'NONE',  ( 6.046861264499804989, 4.204783306498422135, 41.27732953278292172 ) ) ;
#491 = CARTESIAN_POINT ( 'NONE',  ( 4.161553990431878347, 4.331725016812637108, -7.627211246236275777 ) ) ;
#492 = CARTESIAN_POINT ( 'NONE',  ( 0.009742091529022091356, 11.29310610937768899, 42.19479876402085239 ) ) ;
#493 = CARTESIAN_POINT ( 'NONE',  ( 5.218070461787740477, 1.562500000000001776, -6.993700611845213189 ) ) ;
#494 = CARTESIAN_POINT ( 'NONE',  ( -0.9759808068048396734, 7.211598455066880575, -8.665613389148470347 ) ) ;
#495 = CARTESIAN_POINT ( 'NONE',  ( -3.799528961630687096, 8.994947848434065918, 48.54265846319552224 ) ) ;
#496 = ORIENTED_EDGE ( 'NONE', *, *, #1735, .T. ) ;
#497 = CARTESIAN_POINT ( 'NONE',  ( -0.02261794226583294098, 8.130643173181015371, -6.554981571370780635 ) ) ;
#498 = CARTESIAN_POINT ( 'NONE',  ( 5.454529888245494895, 6.368410928431965878, 50.22819704801072049 ) ) ;
#499 = CARTESIAN_POINT ( 'NONE',  ( -0.0004079705034149911833, 10.55621027021659053, 50.65322443160595611 ) ) ;
#500 = CARTESIAN_POINT ( 'NONE',  ( 0.04835592112957085020, 9.413112654887136443, -0.5874249775036929355 ) ) ;
#501 = CARTESIAN_POINT ( 'NONE',  ( 3.042851695059870742, 9.960320510248054759, 46.37638970298228713 ) ) ;
#502 = CARTESIAN_POINT ( 'NONE',  ( 1.358674540657566876, 10.78112386445353010, 15.74512290112721402 ) ) ;
#503 = CARTESIAN_POINT ( 'NONE',  ( 2.060046086595749060, 3.912165164583081278, -13.01512703019410999 ) ) ;
#504 = CARTESIAN_POINT ( 'NONE',  ( -0.8635410583491289760, 11.00176648389430767, 28.18502529894631792 ) ) ;
#505 = CARTESIAN_POINT ( 'NONE',  ( 4.841740180277979810, 7.658427917669851759, 50.35286763834136536 ) ) ;
#506 = CARTESIAN_POINT ( 'NONE',  ( -4.972077920060113954, 4.843688470618269903, 52.44251542721475090 ) ) ;
#507 = CARTESIAN_POINT ( 'NONE',  ( -5.500005752401487591, 1.562500000000000666, 0.4295851510632281989 ) ) ;
#508 = CARTESIAN_POINT ( 'NONE',  ( 1.035650436268967134, 10.32573823143135883, 50.95540067381245564 ) ) ;
#509 = CIRCLE ( 'NONE', #3803, 0.09999999999999947820 ) ;
#510 = CARTESIAN_POINT ( 'NONE',  ( 5.931370068926026917, 2.233968369609856452, 45.21969037838174899 ) ) ;
#511 = CARTESIAN_POINT ( 'NONE',  ( 5.503395350642021455, 2.213679074416173176, 7.863446028012043065 ) ) ;
#512 = CARTESIAN_POINT ( 'NONE',  ( -0.4318877231182002840, 10.95870208462092599, 18.26474337904051026 ) ) ;
#513 = CARTESIAN_POINT ( 'NONE',  ( 0.4764932142353010547, 11.24990119548340317, 42.98585318653253751 ) ) ;
#514 = CARTESIAN_POINT ( 'NONE',  ( 3.860569894505204935, 8.799132051969491997, 50.56745614416571755 ) ) ;
#515 = CARTESIAN_POINT ( 'NONE',  ( -4.950264168024760103, 6.554049534897878893, 50.27054008860923062 ) ) ;
#516 = CARTESIAN_POINT ( 'NONE',  ( 6.035151164151502101, 5.697679294359796032, 46.04507638984635776 ) ) ;
#517 = CARTESIAN_POINT ( 'NONE',  ( -5.577829269814748692, 2.822263901781994377, 46.24587181672467295 ) ) ;
#518 = AXIS2_PLACEMENT_3D ( 'NONE', #6417, #4466, #4300 ) ;
#519 = CARTESIAN_POINT ( 'NONE',  ( 0.8887742057082522740, 10.35511986471422041, 48.57754553675076181 ) ) ;
#520 = CARTESIAN_POINT ( 'NONE',  ( 5.901593522688452609, 2.175398363318032047, 50.38304382123479286 ) ) ;
#521 = CARTESIAN_POINT ( 'NONE',  ( 4.548913911226615703, 3.590728496416724536, -7.622763849314096340 ) ) ;
#522 = CARTESIAN_POINT ( 'NONE',  ( 0.1108743405939734694, 11.22275035981379609, 43.78821050573285589 ) ) ;
#523 = CARTESIAN_POINT ( 'NONE',  ( -0.0001088134383081433099, 11.22385116809665462, 43.78975233648994703 ) ) ;
#524 = CARTESIAN_POINT ( 'NONE',  ( -2.099514966053977361, 10.58939373507589465, 15.74405738927729104 ) ) ;
#525 = CARTESIAN_POINT ( 'NONE',  ( 2.487626784902672306, 9.709314018216597120, 50.86126099310982340 ) ) ;
#526 = CARTESIAN_POINT ( 'NONE',  ( -3.168789679619135047, 5.613327517724069793, 54.93697183056557520 ) ) ;
#527 = CARTESIAN_POINT ( 'NONE',  ( 0.9658239350742271467, 9.919723074741858326, 50.95540067381244853 ) ) ;
#528 = CARTESIAN_POINT ( 'NONE',  ( 0.4121399062996652374, 9.714664870066522795, 52.32973814685932723 ) ) ;
#529 = CARTESIAN_POINT ( 'NONE',  ( 3.010269401171333570, 7.636263520128523830, 53.13320298848517353 ) ) ;
#530 = CARTESIAN_POINT ( 'NONE',  ( 5.953033546100185980, 3.884398558417780478, 48.89580639933914341 ) ) ;
#531 = CARTESIAN_POINT ( 'NONE',  ( 1.316788859521915933, 2.453238732283828494, -14.99999999999999112 ) ) ;
#532 = CARTESIAN_POINT ( 'NONE',  ( 0.01317058705762977865, 10.57933827911631575, 50.50576226751540077 ) ) ;
#533 = EDGE_CURVE ( 'NONE', #4024, #6367, #2088, .T. ) ;
#534 = CARTESIAN_POINT ( 'NONE',  ( -0.04543227073773046382, 10.65404940463317196, 50.00071735126530825 ) ) ;
#535 = CARTESIAN_POINT ( 'NONE',  ( -0.6293657808779659080, 5.312030324703417961, -13.05844349112336644 ) ) ;
#536 = CARTESIAN_POINT ( 'NONE',  ( 1.281183686048936510, 10.31549814147575184, 50.62632251835611896 ) ) ;
#537 = CARTESIAN_POINT ( 'NONE',  ( -3.440972098879439667, 8.151282990904606507, -0.6000364940890332566 ) ) ;
#538 = ORIENTED_EDGE ( 'NONE', *, *, #5703, .T. ) ;
#539 = CARTESIAN_POINT ( 'NONE',  ( -0.03281180931602489109, 10.95835837555120840, 39.80049022811115123 ) ) ;
#540 = CARTESIAN_POINT ( 'NONE',  ( 5.447206954497505471, 6.522963253446504517, 50.01569250271489153 ) ) ;
#541 = CARTESIAN_POINT ( 'NONE',  ( 0.0001987698563945256957, 10.55621023106579415, 50.65322146866810016 ) ) ;
#542 = CARTESIAN_POINT ( 'NONE',  ( 0.1733747507189221382, 11.02737242770303716, 31.92476976814537082 ) ) ;
#543 = CARTESIAN_POINT ( 'NONE',  ( 2.997388331151444874, 10.22761847761511866, 28.18547252776039258 ) ) ;
#544 = CARTESIAN_POINT ( 'NONE',  ( 1.617859212804359403, 10.74660011559910622, 42.67430592763282249 ) ) ;
#545 = CARTESIAN_POINT ( 'NONE',  ( 2.836531515670560832, 3.966573432563970769, 56.28278820212880618 ) ) ;
#546 = CARTESIAN_POINT ( 'NONE',  ( -0.7788730189307639939, 9.944248660741720869, 51.12135160555200741 ) ) ;
#547 = CARTESIAN_POINT ( 'NONE',  ( 4.701700330475506284, 7.505362960634311520, 51.10429627652389684 ) ) ;
#548 = CARTESIAN_POINT ( 'NONE',  ( -5.679849958825712086, 5.356789635007624284, 46.28502718260189397 ) ) ;
#549 = CARTESIAN_POINT ( 'NONE',  ( -4.087794922112336963E-05, 0.1805908214217741559, 41.45540113598099197 ) ) ;
#550 = PLANE ( 'NONE',  #7553 ) ;
#551 = CARTESIAN_POINT ( 'NONE',  ( 0.9873506965154539294, 5.732427555070844782, 56.40466961726426831 ) ) ;
#552 = CARTESIAN_POINT ( 'NONE',  ( 5.517490754122203356, 2.115044551881249291, 46.23282002809871472 ) ) ;
#553 = CARTESIAN_POINT ( 'NONE',  ( -0.3377832779483915249, 8.318538602107540925, -5.802603533015894044 ) ) ;
#554 = CARTESIAN_POINT ( 'NONE',  ( 0.4040360226627200957, 10.48266115541419197, 50.91654456525729699 ) ) ;
#555 = CARTESIAN_POINT ( 'NONE',  ( 4.033745873623050038, 8.616411439850379494, 50.56823154902181017 ) ) ;
#556 = CARTESIAN_POINT ( 'NONE',  ( -4.456835173049262799, 5.410209323316597541, -4.285795482216456342 ) ) ;
#557 = CARTESIAN_POINT ( 'NONE',  ( 5.717726634411582687, 5.475733206426638411, 49.99576840134684375 ) ) ;
#558 = CARTESIAN_POINT ( 'NONE',  ( -0.8418165439054760002, 1.580516128993445735, 57.50000000000000711 ) ) ;
#559 = CARTESIAN_POINT ( 'NONE',  ( 0.5582102693088503154, 8.823189371202664333, -3.561870743563113173 ) ) ;
#560 = CARTESIAN_POINT ( 'NONE',  ( 5.914185139207877917, 2.006926869091692378, 45.97615362601914057 ) ) ;
#561 = CARTESIAN_POINT ( 'NONE',  ( 2.861993153054308348, 2.799157474947899349, -12.98624938957459918 ) ) ;
#562 = CARTESIAN_POINT ( 'NONE',  ( 0.07851431163651097223, 10.52871018704629513, 50.81071703423685904 ) ) ;
#563 = CARTESIAN_POINT ( 'NONE',  ( 0.0001013887924621725286, 10.62503153354928642, 50.20225455067167530 ) ) ;
#564 = CARTESIAN_POINT ( 'NONE',  ( -2.236975035982790683, 10.29825930749459495, 10.78621608114737818 ) ) ;
#565 = CARTESIAN_POINT ( 'NONE',  ( 2.591398835540219991, 9.617439269227524790, 50.96825680081461485 ) ) ;
#566 = CARTESIAN_POINT ( 'NONE',  ( -1.639996474874067856, 3.005793891341681956, 57.25823376350442828 ) ) ;
#567 = CARTESIAN_POINT ( 'NONE',  ( -0.07291662966391655731, 4.052086855879121430, 57.30044833396552661 ) ) ;
#568 = DIRECTION ( 'NONE',  ( -1.000000000000000000, -0.000000000000000000, 3.450755528294924588E-15 ) ) ;
#569 = CARTESIAN_POINT ( 'NONE',  ( 0.2955802516499889676, 9.305664262697103339, -1.177921339396652778 ) ) ;
#570 = CARTESIAN_POINT ( 'NONE',  ( 2.835955307563570837, 7.589988516592168999, -4.221017090933886884 ) ) ;
#571 = CARTESIAN_POINT ( 'NONE',  ( 6.016343261398612974, 4.177888402546122038, 47.64362186916841324 ) ) ;
#572 = CARTESIAN_POINT ( 'NONE',  ( 5.226708310196155338, 5.782646984297872272, 28.18652961404784918 ) ) ;
#573 = CARTESIAN_POINT ( 'NONE',  ( 0.01630526345121178014, 11.26362902831682611, 42.99158695862323754 ) ) ;
#574 = CARTESIAN_POINT ( 'NONE',  ( -0.06441715615514613524, 10.92938638380144845, 47.79022322420292568 ) ) ;
#575 = CARTESIAN_POINT ( 'NONE',  ( -1.401964068805771069, 8.995857155578422137, -1.784418692957567387 ) ) ;
#576 = CARTESIAN_POINT ( 'NONE',  ( 1.461925123987737996, 11.09382419283700116, 43.77247497590898462 ) ) ;
#577 = CARTESIAN_POINT ( 'NONE',  ( -3.632625193176762579, 8.559446296184665570, 2.046779456815519982 ) ) ;
#578 = CARTESIAN_POINT ( 'NONE',  ( 5.463778027303416884, 6.536483644751546862, 49.90879288380887857 ) ) ;
#579 = CARTESIAN_POINT ( 'NONE',  ( 0.0002326276640621773517, 10.50443855789423964, 50.95539863475876530 ) ) ;
#580 = CARTESIAN_POINT ( 'NONE',  ( 0.1349813460846802093, 9.878503124545654046, 51.92713202716064558 ) ) ;
#581 = CARTESIAN_POINT ( 'NONE',  ( 0.5140054111313999696, 3.397295561394463093, -15.00000000000000000 ) ) ;
#582 = CARTESIAN_POINT ( 'NONE',  ( 1.469916018654140011, 10.87441581419837711, 28.18514727044108525 ) ) ;
#583 = CARTESIAN_POINT ( 'NONE',  ( 4.057106068603873794, 5.801149962939428306, -5.058391026462459195 ) ) ;
#584 = CARTESIAN_POINT ( 'NONE',  ( -0.9902581268105276058, 10.32857330055334444, 7.835956027069953755 ) ) ;
#585 = CARTESIAN_POINT ( 'NONE',  ( -0.2294673939755038639, 9.211826167797745768, -1.768970056350603670 ) ) ;
#586 = ORIENTED_EDGE ( 'NONE', *, *, #8023, .F. ) ;
#587 = CARTESIAN_POINT ( 'NONE',  ( 5.073642446243028736, 8.777957029310421433, 45.30210106477105114 ) ) ;
#588 = CARTESIAN_POINT ( 'NONE',  ( -5.431602865398607705, 5.375359251069660615, 36.12815858435455851 ) ) ;
#589 =( NAMED_UNIT ( * ) SI_UNIT ( $, .STERADIAN. ) SOLID_ANGLE_UNIT ( ) );
#590 = CARTESIAN_POINT ( 'NONE',  ( 0.000000000000000000, 8.862651372561950680, 54.16149604167774356 ) ) ;
#591 = CARTESIAN_POINT ( 'NONE',  ( 2.080544730502976059, 10.68331167482972255, 28.18526924193578864 ) ) ;
#592 = CARTESIAN_POINT ( 'NONE',  ( 0.9373375080328064657, 2.949922599521145550, -14.99999999999999822 ) ) ;
#593 = CARTESIAN_POINT ( 'NONE',  ( 5.935027469540196776, 2.288695847791732962, 45.41468446783820667 ) ) ;
#594 = CARTESIAN_POINT ( 'NONE',  ( 5.490246314443901099, 2.165712407986759125, 51.23858709964787295 ) ) ;
#595 = CARTESIAN_POINT ( 'NONE',  ( -0.5549699774473240144, 10.66879727800424149, 12.45342582610567561 ) ) ;
#596 = CARTESIAN_POINT ( 'NONE',  ( 0.4805264295598781210, 11.30210307281672044, 41.39413296538693032 ) ) ;
#597 = CARTESIAN_POINT ( 'NONE',  ( -0.2446808685606905176, 9.298596640599134489, 53.35571347684106769 ) ) ;
#598 = CARTESIAN_POINT ( 'NONE',  ( 4.400071290483306363, 9.760232026844935405, 42.92525914249900865 ) ) ;
#599 = CARTESIAN_POINT ( 'NONE',  ( -1.462434383211648364E-15, 1.562500000000000000, -14.99999999999999822 ) ) ;
#600 = CARTESIAN_POINT ( 'NONE',  ( 5.579510009524689451, 5.394010913892131498, 50.97667798825737151 ) ) ;
#601 = CARTESIAN_POINT ( 'NONE',  ( -5.499425113924622188, 2.418819707665580410, 31.92487259257731935 ) ) ;
#602 = CARTESIAN_POINT ( 'NONE',  ( 0.5634507276140471310, 7.928765444749283020, -6.993381928570855166 ) ) ;
#603 = CARTESIAN_POINT ( 'NONE',  ( 5.900428280143380277, 2.176878367751642784, 50.49428965492542432 ) ) ;
#604 = CARTESIAN_POINT ( 'NONE',  ( 0.7249710544341997354, 1.748788614423764542, 57.50000000000001421 ) ) ;
#605 = CARTESIAN_POINT ( 'NONE',  ( 0.1120969351738708569, 11.26255105571271820, 42.99034975028793326 ) ) ;
#606 = CARTESIAN_POINT ( 'NONE',  ( -2.767487783558503136E-05, 11.18405008202817719, 44.58770623664566557 ) ) ;
#607 = CARTESIAN_POINT ( 'NONE',  ( -1.541433976443310261, 7.252935911842329553, 55.03854624838245968 ) ) ;
#608 = CARTESIAN_POINT ( 'NONE',  ( 2.642198783079539037, 9.741189970662034625, 50.44710704040120675 ) ) ;
#609 = CARTESIAN_POINT ( 'NONE',  ( -3.654199168369826278, 5.973063693623019255, 54.01346048492091256 ) ) ;
#610 = CARTESIAN_POINT ( 'NONE',  ( 0.1668393416762919412, 2.183224181305106981, 57.50000000000000000 ) ) ;
#611 = CARTESIAN_POINT ( 'NONE',  ( -4.087794918834119557E-05, 10.09798686456638173, 50.95540067381245564 ) ) ;
#612 = CARTESIAN_POINT ( 'NONE',  ( 0.4442195488339382714, 11.01562462410995202, 31.92477238232587666 ) ) ;
#613 = CARTESIAN_POINT ( 'NONE',  ( 3.474121951028866562, 8.218940364782643115, -0.1948117696293406031 ) ) ;
#614 = CARTESIAN_POINT ( 'NONE',  ( 5.905329813017401008, 3.614414647122502267, 49.85324469699256866 ) ) ;
#615 = CARTESIAN_POINT ( 'NONE',  ( 3.445431538373877611, 4.109419260880565083, -9.961077981816838900 ) ) ;
#616 = CARTESIAN_POINT ( 'NONE',  ( 0.01290594893857945243, 10.54665955051388337, 50.70868761911179234 ) ) ;
#617 = CARTESIAN_POINT ( 'NONE',  ( -0.07130337230942537796, 11.18403524965422591, 44.58887296591004201 ) ) ;
#618 = CARTESIAN_POINT ( 'NONE',  ( -1.527615441402124130, 9.629456898636275852, 2.027492600206298512 ) ) ;
#619 = CARTESIAN_POINT ( 'NONE',  ( 1.417670510927075966, 10.30770814660061419, 50.42349873231439972 ) ) ;
#620 = CARTESIAN_POINT ( 'NONE',  ( -2.576838151949489397, 5.959510619850328261, -8.642047529038260123 ) ) ;
#621 = CARTESIAN_POINT ( 'NONE',  ( 5.913994133003322773, 6.694416938725249899, 41.29389313542738194 ) ) ;
#622 = CARTESIAN_POINT ( 'NONE',  ( -0.0005376377708692435357, 10.57969451665793414, 50.50245623250559390 ) ) ;
#623 = CARTESIAN_POINT ( 'NONE',  ( 0.1688773136559275079, 10.96105528581661304, 18.26485161697588211 ) ) ;
#624 = CARTESIAN_POINT ( 'NONE',  ( 1.884080047037840266, 7.430406506677446288, -6.562784552483202916 ) ) ;
#625 = CARTESIAN_POINT ( 'NONE',  ( 1.574356516597809952, 10.59106324887910944, 12.45204170315676073 ) ) ;
#626 = CARTESIAN_POINT ( 'NONE',  ( 5.484320922764200468, 7.183219233658043379, 42.59472960708095712 ) ) ;
#627 = CARTESIAN_POINT ( 'NONE',  ( -0.3422327908553363662, 10.96124408215782431, 18.26477945835231864 ) ) ;
#628 = CARTESIAN_POINT ( 'NONE',  ( -0.6874666373601723279, 8.797955141770223975, -3.565116757362012390 ) ) ;
#629 = CARTESIAN_POINT ( 'NONE',  ( -3.228286872617348813, 9.727881479112777896, 10.78541703913777461 ) ) ;
#630 = ORIENTED_EDGE ( 'NONE', *, *, #1000, .T. ) ;
#631 = CARTESIAN_POINT ( 'NONE',  ( 5.110403228940867848, 8.852543201531707595, 43.70203092924487720 ) ) ;
#632 = CARTESIAN_POINT ( 'NONE',  ( -1.369350495290443392, 2.375840956666923187, -14.99999999999999112 ) ) ;
#633 = CARTESIAN_POINT ( 'NONE',  ( 0.000000000000000000, 9.323996619911319783, 53.35895475456529624 ) ) ;
#634 = CARTESIAN_POINT ( 'NONE',  ( 1.701566644813715445, 8.631915766337789009, -2.990549807531980075 ) ) ;
#635 = CARTESIAN_POINT ( 'NONE',  ( 4.648344779552203043, 8.564616692208996795, 37.30615599676998073 ) ) ;
#636 = CARTESIAN_POINT ( 'NONE',  ( 5.499505942622187504, 1.709306871648026860, 39.72115881143471938 ) ) ;
#637 = CARTESIAN_POINT ( 'NONE',  ( -0.3921061647913419712, 8.717137344708801194, -4.159837499167038821 ) ) ;
#638 = CARTESIAN_POINT ( 'NONE',  ( 0.6541664295372351390, 10.48907132059138725, 50.61441384025547308 ) ) ;
#639 = ADVANCED_FACE ( 'NONE', ( #6250, #3726, #8373 ), #4299, .T. ) ;
#640 = CARTESIAN_POINT ( 'NONE',  ( 4.594295632464701740, 9.552708035975214784, 42.92015094201593683 ) ) ;
#641 = CARTESIAN_POINT ( 'NONE',  ( -5.079426099153346641, 6.493217629379648415, 28.18636698538817242 ) ) ;
#642 = CARTESIAN_POINT ( 'NONE',  ( 6.084400138316714113, 5.589308829040756876, 44.43520949301316847 ) ) ;
#643 = CARTESIAN_POINT ( 'NONE',  ( -5.352726501310375973, 1.754493127544399345, 52.97354136570515237 ) ) ;
#644 = CARTESIAN_POINT ( 'NONE',  ( 0.8216328065237866740, 10.84405523725176401, 15.74587763868761670 ) ) ;
#645 = CARTESIAN_POINT ( 'NONE',  ( 5.900673369337742002, 1.751517429943047155, 49.82995614642614157 ) ) ;
#646 = CARTESIAN_POINT ( 'NONE',  ( 5.144545714299036732, 3.790892177089013160, 52.75581846661685859 ) ) ;
#647 = CARTESIAN_POINT ( 'NONE',  ( 0.08350404670201118373, 10.78773276346229260, 48.99388557946643630 ) ) ;
#648 = CARTESIAN_POINT ( 'NONE',  ( -0.0001563904544505032555, 10.68212553620283778, 49.79928076762785594 ) ) ;
#649 = CARTESIAN_POINT ( 'NONE',  ( -2.386822397504646975, 9.885239088296108534, 48.56112809037175282 ) ) ;
#650 = CARTESIAN_POINT ( 'NONE',  ( 2.784018072324515813, 10.50274374715373149, 46.15983458330979516 ) ) ;
#651 = VECTOR ( 'NONE', #4624, 39.37007874015748143 ) ;
#652 = CARTESIAN_POINT ( 'NONE',  ( -5.097077957625255173, 7.921181301603385627, 39.76008409321736536 ) ) ;
#653 = CARTESIAN_POINT ( 'NONE',  ( 1.725084568250987438, 9.587200217189742801, 2.028976204560858143 ) ) ;
#654 = CARTESIAN_POINT ( 'NONE',  ( 0.5586361415055088875, 10.55658224773734410, 10.78748123099586387 ) ) ;
#655 = CARTESIAN_POINT ( 'NONE',  ( 2.957330370799370556, 7.181359974739448759, -5.025102644714440459 ) ) ;
#656 = CARTESIAN_POINT ( 'NONE',  ( 5.893673870801475978, 3.613138537304076525, 50.07009141862481982 ) ) ;
#657 = CARTESIAN_POINT ( 'NONE',  ( 5.189285683073102007, 5.421651671755515878, 2.076451543906621122 ) ) ;
#658 = CARTESIAN_POINT ( 'NONE',  ( 0.009885012324659905175, 10.63952448434280385, 50.10146119717460067 ) ) ;
#659 = CARTESIAN_POINT ( 'NONE',  ( -0.04851008401827600763, 10.83561436041549975, 48.59327676264585705 ) ) ;
#660 = CARTESIAN_POINT ( 'NONE',  ( -1.596453511274178449, 9.886748560071167091, 4.087594266164388479 ) ) ;
#661 = CARTESIAN_POINT ( 'NONE',  ( 1.495817291485723288, 10.60346178609076873, 48.59071072908839284 ) ) ;
#662 = CARTESIAN_POINT ( 'NONE',  ( -3.265790407808341289, 7.491281983921838972, 52.96681461372630650 ) ) ;
#663 = CARTESIAN_POINT ( 'NONE',  ( -0.04873630030405427804, 9.472009973349535983, -0.1910095893288975555 ) ) ;
#664 = CARTESIAN_POINT ( 'NONE',  ( 5.518141100422274903, 5.948158137693194902, 50.54670958344448195 ) ) ;
#665 = CARTESIAN_POINT ( 'NONE',  ( -4.583027830697375296E-05, 10.50443857493135802, 50.95540107550153408 ) ) ;
#666 = CARTESIAN_POINT ( 'NONE',  ( 0.1061640884677521324, 9.556880325279706767, 0.4061719259277659644 ) ) ;
#667 = CARTESIAN_POINT ( 'NONE',  ( 2.430619681381031238, 8.664940532882472013, 52.36549679672820190 ) ) ;
#668 = CARTESIAN_POINT ( 'NONE',  ( 1.248878266679295024, 9.256320652054609965, -0.5918243437543926344 ) ) ;
#669 = CARTESIAN_POINT ( 'NONE',  ( 4.313036672393795179, 5.927032445262627292, 52.96890222640924861 ) ) ;
#670 = CARTESIAN_POINT ( 'NONE',  ( -0.6846895102175825087, 9.043130295012323572, -2.371242870923128354 ) ) ;
#671 = CARTESIAN_POINT ( 'NONE',  ( -2.902196196021650021, 8.849343543971192716, 51.14906181324739975 ) ) ;
#672 = CARTESIAN_POINT ( 'NONE',  ( 4.846827859403525451, 7.309656402541885534, 50.99597403534240669 ) ) ;
#673 = CARTESIAN_POINT ( 'NONE',  ( -4.894379342749972217, 4.613899391374063796, -3.717030203150490486 ) ) ;
#674 = CARTESIAN_POINT ( 'NONE',  ( 5.072662571488632643, 6.902807208658212623, 50.95540067381246985 ) ) ;
#675 = CARTESIAN_POINT ( 'NONE',  ( 1.593722752964346068, 8.898475557122674573, 52.96455303331956088 ) ) ;
#676 = CARTESIAN_POINT ( 'NONE',  ( 4.553620787467262510, 8.440251610830172169, 20.75006259957056898 ) ) ;
#677 = CARTESIAN_POINT ( 'NONE',  ( 5.501324800222489486, 1.758860826816968315, -3.188947357354789069 ) ) ;
#678 = CARTESIAN_POINT ( 'NONE',  ( -0.3692338550090389360, 9.392656873428176567, -0.5888914329205937603 ) ) ;
#679 = CARTESIAN_POINT ( 'NONE',  ( 0.6563920595496289812, 10.50606059697405747, 50.51232826289981404 ) ) ;
#680 = CARTESIAN_POINT ( 'NONE',  ( 4.248648554322332238, 8.284483089655452659, 50.78182676481947055 ) ) ;
#681 = CARTESIAN_POINT ( 'NONE',  ( -4.207805581355603231, 5.543905584523247221, -5.063939090087133721 ) ) ;
#682 = CARTESIAN_POINT ( 'NONE',  ( 6.037084921667426052, 5.926711496030142357, 42.07044346142772184 ) ) ;
#683 = CARTESIAN_POINT ( 'NONE',  ( -5.504560506899667693, 2.258689985879082318, 9.124954226729977691 ) ) ;
#684 = CARTESIAN_POINT ( 'NONE',  ( 0.5076601011854930956, 6.030488601960137807, 56.42904590029124279 ) ) ;
#685 = CARTESIAN_POINT ( 'NONE',  ( 5.901205288219880885, 1.855646047244554397, 50.15956933724105937 ) ) ;
#686 = CARTESIAN_POINT ( 'NONE',  ( 5.346328878593579859, 3.396879237120220107, 52.09204164836008744 ) ) ;
#687 = CARTESIAN_POINT ( 'NONE',  ( 0.1668660020346583728, 10.52437954042344259, 50.81156788110702394 ) ) ;
#688 = CARTESIAN_POINT ( 'NONE',  ( 0.0007770045693764171925, 10.68212550002674632, 49.79927845932441954 ) ) ;
#689 = CARTESIAN_POINT ( 'NONE',  ( -2.262181808081900503, 9.612074419453048080, 49.94215018913903492 ) ) ;
#690 = CARTESIAN_POINT ( 'NONE',  ( 2.842960167394437132, 10.24905217348518072, 47.77550169114346801 ) ) ;
#691 = CARTESIAN_POINT ( 'NONE',  ( -4.080667499055948610, 6.587079189334819063, 52.72863795811150567 ) ) ;
#692 = CARTESIAN_POINT ( 'NONE',  ( 1.833932143696580752, 10.05834283528669104, 6.169362410561354260 ) ) ;
#693 = CARTESIAN_POINT ( 'NONE',  ( 0.6588089009639572780, 10.63446262790244390, 46.41717654243766589 ) ) ;
#694 = CARTESIAN_POINT ( 'NONE',  ( 4.064072483522608081, 8.740794234302423860, 48.53855410160085171 ) ) ;
#695 = CARTESIAN_POINT ( 'NONE',  ( 6.023166219368178531, 3.329444297204549930, 45.19598621006032602 ) ) ;
#696 = CARTESIAN_POINT ( 'NONE',  ( 4.824477131765857685, 4.325126053344964916, 53.28440536690757767 ) ) ;
#697 = CARTESIAN_POINT ( 'NONE',  ( 0.03554601126398768823, 10.60998085939652213, 50.30333336135296207 ) ) ;
#698 = CARTESIAN_POINT ( 'NONE',  ( -0.04379933311137847868, 10.52996634943431076, 50.80973126145369179 ) ) ;
#699 = CARTESIAN_POINT ( 'NONE',  ( -1.724102069694550154, 10.78694034540234625, 33.64210427997635122 ) ) ;
#700 = CARTESIAN_POINT ( 'NONE',  ( 1.271014531113112689, 10.87231063502031247, 46.97569877662864712 ) ) ;
#701 = CARTESIAN_POINT ( 'NONE',  ( -3.418943263980684488, 7.450722171060864873, -3.040469191035777730 ) ) ;
#702 = CARTESIAN_POINT ( 'NONE',  ( -0.02481990344706207219, 3.737639552287824962, -15.00000000000000000 ) ) ;
#703 = CARTESIAN_POINT ( 'NONE',  ( 6.008426914610473624, 6.374372435917077695, 43.65479792047904084 ) ) ;
#704 = CARTESIAN_POINT ( 'NONE',  ( -1.362508514069160334E-05, 10.91363031780239368, 41.45540120916397342 ) ) ;
#705 = CARTESIAN_POINT ( 'NONE',  ( 0.1548408187331239694, 10.25373087978633002, 49.94321908343847127 ) ) ;
#706 = CARTESIAN_POINT ( 'NONE',  ( 2.605873391716433396, 8.638539065272322404, -1.196497040729630035 ) ) ;
#707 = CARTESIAN_POINT ( 'NONE',  ( 1.112959916414056893, 8.101189792266165313, -5.811274372717534220 ) ) ;
#708 = CARTESIAN_POINT ( 'NONE',  ( 3.383010607973667927, 5.012237827274516277, -8.627318866469394720 ) ) ;
#709 = CARTESIAN_POINT ( 'NONE',  ( -1.170559715015210500, 10.80962206775080325, 15.74538927908972852 ) ) ;
#710 = CARTESIAN_POINT ( 'NONE',  ( -2.510204940176687938, 8.390130526622096241, -2.406484091263935365 ) ) ;
#711 = CARTESIAN_POINT ( 'NONE',  ( 4.970647234555534588, 7.090613462037079096, 50.99521234556635108 ) ) ;
#712 = CARTESIAN_POINT ( 'NONE',  ( -5.527991566520761069, 4.508074249061320593, 37.29872568463839144 ) ) ;
#713 = CARTESIAN_POINT ( 'NONE',  ( 5.647133004596827099, 2.611486588432053058, 41.75540113598098912 ) ) ;
#714 = CARTESIAN_POINT ( 'NONE',  ( 0.000000000000000000, 11.00114223685225312, 34.88685970410452342 ) ) ;
#715 = CARTESIAN_POINT ( 'NONE',  ( 1.584242451696080467, 8.137758980328753111, -4.994588294778728788 ) ) ;
#716 = CARTESIAN_POINT ( 'NONE',  ( 3.833379675483374438, 6.747637687758411218, 52.96785842006781309 ) ) ;
#717 = CARTESIAN_POINT ( 'NONE',  ( 5.500021318453803154, 1.750131750906486205, 49.93772615439992535 ) ) ;
#718 = CARTESIAN_POINT ( 'NONE',  ( -0.4078984539222383354, 9.765250220330203845, 2.018590974078972700 ) ) ;
#719 = CARTESIAN_POINT ( 'NONE',  ( 0.7832173682133508619, 10.49727762050403790, 50.41220245628228724 ) ) ;
#720 = CARTESIAN_POINT ( 'NONE',  ( 4.266862062198637950, 8.309605664348437060, 50.67531330661864075 ) ) ;
#721 = CARTESIAN_POINT ( 'NONE',  ( -4.916088741826622588, 6.066103879951955768, 51.19169290200939315 ) ) ;
#722 = CARTESIAN_POINT ( 'NONE',  ( 5.910763746319009471, 5.294599074226249869, 48.50545091958291266 ) ) ;
#723 = CARTESIAN_POINT ( 'NONE',  ( -5.500021318453803154, 1.750131750906486205, 49.93772615439992535 ) ) ;
#724 = CARTESIAN_POINT ( 'NONE',  ( 1.225610838109260525, 10.53308240472375878, 10.78701512315693378 ) ) ;
#725 = CARTESIAN_POINT ( 'NONE',  ( 5.895270225026620459, 1.862414573355259728, 50.94486303065016841 ) ) ;
#726 = CARTESIAN_POINT ( 'NONE',  ( 5.468735324129835540, 4.862678373399772269, 20.75067555499493821 ) ) ;
#727 = CARTESIAN_POINT ( 'NONE',  ( 0.1401227008603270208, 10.62157998710331341, 50.20256386732366849 ) ) ;
#728 = CARTESIAN_POINT ( 'NONE',  ( 0.0007968535168321016745, 10.57936996748066072, 50.50571452263120165 ) ) ;
#729 = CARTESIAN_POINT ( 'NONE',  ( -2.355716668986175044, 9.222820943247269199, 51.14124611364096040 ) ) ;
#730 = CARTESIAN_POINT ( 'NONE',  ( 2.833162208446022401, 9.529861625050344287, 50.76401946997385295 ) ) ;
#731 = CARTESIAN_POINT ( 'NONE',  ( -3.890622286402632746, 6.325738821299631276, 53.30709431097742623 ) ) ;
#732 = EDGE_CURVE ( 'NONE', #6712, #3371, #1466, .T. ) ;
#733 = CARTESIAN_POINT ( 'NONE',  ( 1.556439218761858090, 9.389979014225501075, 51.95585821924053249 ) ) ;
#734 = CARTESIAN_POINT ( 'NONE',  ( 0.5016782483323228847, 9.813988976467294734, 51.93511152496061101 ) ) ;
#735 = CARTESIAN_POINT ( 'NONE',  ( 4.298293666100651222, 9.271601102597916366, 39.77023851455193437 ) ) ;
#736 = CARTESIAN_POINT ( 'NONE',  ( 5.890135742422753395, 3.107038112072425307, 50.50193851143033896 ) ) ;
#737 = CARTESIAN_POINT ( 'NONE',  ( 4.875264430328329901, 4.367745774183394047, 53.11638260294395764 ) ) ;
#738 = CARTESIAN_POINT ( 'NONE',  ( -4.981751256156868202, 3.512801083645136213, -5.877488057711954816 ) ) ;
#739 = CARTESIAN_POINT ( 'NONE',  ( 0.03570716044610273282, 10.62483267535253262, 50.20229338960204757 ) ) ;
#740 = CARTESIAN_POINT ( 'NONE',  ( -0.02011275353729223211, 10.66823130034538991, 49.89997920832827560 ) ) ;
#741 = CARTESIAN_POINT ( 'NONE',  ( -1.391222950465777153, 9.474098444902995908, 51.95266642012056479 ) ) ;
#742 = CARTESIAN_POINT ( 'NONE',  ( 1.614773350784713291, 11.16743346048180996, 41.38336060622000190 ) ) ;
#743 = CARTESIAN_POINT ( 'NONE',  ( -1.462434383211648364E-15, 1.562500000000000000, -14.99999999999999822 ) ) ;
#744 = CARTESIAN_POINT ( 'NONE',  ( -0.05836316500616076097, 9.322872675739988679, 53.35814443513422844 ) ) ;
#745 = CARTESIAN_POINT ( 'NONE',  ( 5.966632695624330296, 6.546026764011290133, 42.07668187900642920 ) ) ;
#746 = CARTESIAN_POINT ( 'NONE',  ( 5.659138179165922544, 4.894750094499514148, 41.45540113598098486 ) ) ;
#747 = CARTESIAN_POINT ( 'NONE',  ( 0.1375694658477065735, 7.797699928453787344, -7.657601791871107899 ) ) ;
#748 = CARTESIAN_POINT ( 'NONE',  ( 2.168919089544520507, 7.513319947436527535, -5.823886503192656328 ) ) ;
#749 = CARTESIAN_POINT ( 'NONE',  ( 1.755398393200567453, 10.78038447958091517, 36.12998232832384105 ) ) ;
#750 = CARTESIAN_POINT ( 'NONE',  ( 5.209449858735265337, 6.481055032710713704, 10.78275356577251642 ) ) ;
#751 = CARTESIAN_POINT ( 'NONE',  ( 0.002207649157168621763, 11.07024188099372530, 46.18709491835765846 ) ) ;
#752 = CARTESIAN_POINT ( 'NONE',  ( -0.8941108912734634373, 9.482877919370134023, 0.4080301183988340741 ) ) ;
#753 = CARTESIAN_POINT ( 'NONE',  ( -3.350650070053703633, 10.01192274537545401, 36.12951336558878523 ) ) ;
#754 = VERTEX_POINT ( 'NONE', #1670 ) ;
#755 = CARTESIAN_POINT ( 'NONE',  ( 5.574981195507969112, 7.716597399484129483, 46.08869113261494732 ) ) ;
#756 = CARTESIAN_POINT ( 'NONE',  ( -5.415413371853262881, 5.331737189178846315, 20.75056410855416189 ) ) ;
#757 = DIRECTION ( 'NONE',  ( -0.000000000000000000, -0.000000000000000000, 1.000000000000000000 ) ) ;
#758 = CARTESIAN_POINT ( 'NONE',  ( 0.000000000000000000, 10.95567511210459344, 18.26492377559947755 ) ) ;
#759 = CARTESIAN_POINT ( 'NONE',  ( 2.209255058093502644, 10.09995209019500351, 7.839454754462590991 ) ) ;
#760 = CARTESIAN_POINT ( 'NONE',  ( 3.603725713296493716, 6.105229080384567020, -5.845957731524148215 ) ) ;
#761 = CARTESIAN_POINT ( 'NONE',  ( 2.098488812743535728E-32, 1.562500000000000000, 57.50000000000000000 ) ) ;
#762 = CARTESIAN_POINT ( 'NONE',  ( -0.5194763904417337708, 10.41377037982271681, 48.58164989834545366 ) ) ;
#763 = CARTESIAN_POINT ( 'NONE',  ( 0.7586594014641877548, 11.22861149804146130, 42.98267955470251422 ) ) ;
#764 = CARTESIAN_POINT ( 'NONE',  ( 4.757989771003947155, 9.276959022632823348, 44.51079965565384100 ) ) ;
#765 = CARTESIAN_POINT ( 'NONE',  ( -4.880517682336515506, 5.496010780834374998, -1.229520509766039105 ) ) ;
#766 = CARTESIAN_POINT ( 'NONE',  ( 5.728347532356088401, 4.902895357816309030, 50.63888436907807034 ) ) ;
#767 = CARTESIAN_POINT ( 'NONE',  ( -1.462434383211648364E-15, 1.562500000000000000, -14.99999999999999822 ) ) ;
#768 = CARTESIAN_POINT ( 'NONE',  ( 0.1981803384974278048, 10.09039399490542621, 50.95540067381244853 ) ) ;
#769 = CARTESIAN_POINT ( 'NONE',  ( 0.7001487681232625437, 9.416227988474824784, -0.1918053945080603062 ) ) ;
#770 = CARTESIAN_POINT ( 'NONE',  ( 5.904037014681840390, 1.830880692627677275, 47.59655639784553216 ) ) ;
#771 = CARTESIAN_POINT ( 'NONE',  ( 5.494584482589734975, 4.147000445175185845, 9.123449079291606978 ) ) ;
#772 = CARTESIAN_POINT ( 'NONE',  ( 0.1651100964480766986, 11.29096709073476035, 42.19302589088562172 ) ) ;
#773 = CARTESIAN_POINT ( 'NONE',  ( 0.001162200851207866731, 10.56341132523350623, 50.60712604224234923 ) ) ;
#774 = CARTESIAN_POINT ( 'NONE',  ( -2.799143954861853079, 10.41968909528445231, 39.78250844033114220 ) ) ;
#775 = CARTESIAN_POINT ( 'NONE',  ( 3.141867115908073327, 9.584512218714122511, 49.93344949696933099 ) ) ;
#776 = CARTESIAN_POINT ( 'NONE',  ( -4.442851132305048800, 6.875046955031370643, -0.1965802255830344791 ) ) ;
#777 = CARTESIAN_POINT ( 'NONE',  ( 0.1847426783530940753, 2.173059657547085965, 57.50000000000001421 ) ) ;
#778 = CARTESIAN_POINT ( 'NONE',  ( 0.3661989533468469893, 6.910567925261344335, -10.03099033897640524 ) ) ;
#779 = CARTESIAN_POINT ( 'NONE',  ( 4.094431388295770802, 9.128636912063369024, 28.18579778507953293 ) ) ;
#780 = CARTESIAN_POINT ( 'NONE',  ( 5.904720743850615072, 2.863742070825614494, 50.16819948743139435 ) ) ;
#781 = CARTESIAN_POINT ( 'NONE',  ( 5.176750702304728335, 4.954586310010802741, 0.4221523811789549829 ) ) ;
#782 = VECTOR ( 'NONE', #1856, 39.37007874015748143 ) ;
#783 = CARTESIAN_POINT ( 'NONE',  ( 0.02089972356028702363, 11.31534853797083606, 41.39855405765253238 ) ) ;
#784 = CARTESIAN_POINT ( 'NONE',  ( -0.01364326558076992338, 10.52996940743291354, 50.80998508718215589 ) ) ;
#785 = CARTESIAN_POINT ( 'NONE',  ( -1.786002316902838949, 9.847198995433910085, 4.089097337914426866 ) ) ;
#786 = CARTESIAN_POINT ( 'NONE',  ( 1.659924627092418614, 10.17669556807627451, 50.63446483764717243 ) ) ;
#787 = CARTESIAN_POINT ( 'NONE',  ( -0.8184690986217149078, 3.083008615544550413, -14.99999999999998934 ) ) ;
#788 = CARTESIAN_POINT ( 'NONE',  ( -0.06704241967455644435, 11.08311692031388773, 24.06550652217651987 ) ) ;
#789 = CARTESIAN_POINT ( 'NONE',  ( 2.973998896742939380, 10.30246243621453495, 41.45540113598099907 ) ) ;
#790 = CIRCLE ( 'NONE', #7134, 0.09999999999999947820 ) ;
#791 = CARTESIAN_POINT ( 'NONE',  ( 0.1859833107589123347, 8.741022100054353317, -4.154439299893488702 ) ) ;
#792 = CARTESIAN_POINT ( 'NONE',  ( 2.545805023140186307, 8.080155740631200345, 53.13600638607544369 ) ) ;
#793 = CARTESIAN_POINT ( 'NONE',  ( 1.738907192681477420, 10.78298430825494947, 34.88711530612363276 ) ) ;
#794 = CARTESIAN_POINT ( 'NONE',  ( 4.848474138380054477, 5.925177767276218255, -0.1976412991552510268 ) ) ;
#795 = CARTESIAN_POINT ( 'NONE',  ( 0.002176510822047704203, 11.13390704389685304, 45.38669765681981261 ) ) ;
#796 = CARTESIAN_POINT ( 'NONE',  ( -0.9628068815040965456, 9.151850427219184070, 53.14371572944848765 ) ) ;
#797 = CARTESIAN_POINT ( 'NONE',  ( -2.723447078587466930, 8.075321295525958121, -3.017429475572495523 ) ) ;
#798 = ORIENTED_EDGE ( 'NONE', *, *, #3886, .T. ) ;
#799 = CARTESIAN_POINT ( 'NONE',  ( 5.071774778691311880, 7.187831119067038976, 50.45581415295480099 ) ) ;
#800 = CARTESIAN_POINT ( 'NONE',  ( -2.297776216725089249, 2.340099040533261565, 57.23608841506577249 ) ) ;
#801 = FACE_OUTER_BOUND ( 'NONE', #2290, .T. ) ;
#802 = CARTESIAN_POINT ( 'NONE',  ( 0.000000000000000000, 9.115803202329148647, -2.355224134404577008 ) ) ;
#803 = CARTESIAN_POINT ( 'NONE',  ( 2.303430657603015685, 10.59051278084257319, 34.88720050679666684 ) ) ;
#804 = CARTESIAN_POINT ( 'NONE',  ( 4.244082278178706424, 7.114742893347479225, -0.6047291514231136755 ) ) ;
#805 = CARTESIAN_POINT ( 'NONE',  ( 4.458864446483255861, 1.982316835541564126, -9.923287518487352799 ) ) ;
#806 = CARTESIAN_POINT ( 'NONE',  ( -0.5317932298716282480, 10.00681490937852480, 51.11815427389483091 ) ) ;
#807 = CARTESIAN_POINT ( 'NONE',  ( 0.6868377640689992125, 10.72906484749715794, 48.99274350366459174 ) ) ;
#808 = CARTESIAN_POINT ( 'NONE',  ( 4.475685031043473927, 8.825563587822216505, 48.57920206301523791 ) ) ;
#809 = CARTESIAN_POINT ( 'NONE',  ( -4.775653541938736701, 5.363129510583188875, -2.483374026552982006 ) ) ;
#810 = CARTESIAN_POINT ( 'NONE',  ( 6.093633727157972579, 5.136985878740343736, 42.84726533837176987 ) ) ;
#811 = CARTESIAN_POINT ( 'NONE',  ( -4.494442916729695092, 1.700350361394388443, -9.918248790043415752 ) ) ;
#812 = CARTESIAN_POINT ( 'NONE',  ( -4.087794919139063615E-05, 10.24000774911572087, 50.07169748483755001 ) ) ;
#813 = CARTESIAN_POINT ( 'NONE',  ( 0.6619193497109350233, 7.694826087564178962, -7.654636860589661751 ) ) ;
#814 = CARTESIAN_POINT ( 'NONE',  ( 5.901502726282112476, 1.709343245087995289, 42.80639342399580016 ) ) ;
#815 = CARTESIAN_POINT ( 'NONE',  ( 0.7548078056414482262, 1.714410438529923919, 57.50000000000002132 ) ) ;
#816 = CARTESIAN_POINT ( 'NONE',  ( 0.1409987118587078259, 10.65069763109418233, 50.00073096999231836 ) ) ;
#817 = CARTESIAN_POINT ( 'NONE',  ( 0.0007315116266199395405, 10.66823286022439277, 49.89993767215957376 ) ) ;
#818 = CARTESIAN_POINT ( 'NONE',  ( -2.466366702636482611, 10.52094203820294283, 28.18535055626556485 ) ) ;
#819 = CARTESIAN_POINT ( 'NONE',  ( 3.491685574859102914, 10.44161219984899169, 42.94490929144155444 ) ) ;
#820 = CARTESIAN_POINT ( 'NONE',  ( -4.241432366266946197, 6.306687682187374300, 52.73165801461200175 ) ) ;
#821 = CARTESIAN_POINT ( 'NONE',  ( -5.346328878593579859, 3.396879237120220107, 52.09204164836008744 ) ) ;
#822 = CARTESIAN_POINT ( 'NONE',  ( 0.3693148374310618598, 9.197954736560459921, -1.771177004437314295 ) ) ;
#823 = CARTESIAN_POINT ( 'NONE',  ( 3.416915090795520804, 7.758230548991503994, 52.38750211972436688 ) ) ;
#824 = CARTESIAN_POINT ( 'NONE',  ( 5.985686099569572427, 3.073366406707841669, 46.80317549151365597 ) ) ;
#825 = CARTESIAN_POINT ( 'NONE',  ( 4.717828802517396447, 4.631578503948690972, 53.28764664463188439 ) ) ;
#826 = CARTESIAN_POINT ( 'NONE',  ( 0.01719742152834251997, 10.62497870129068289, 50.20227081725595042 ) ) ;
#827 = CARTESIAN_POINT ( 'NONE',  ( -0.01691778054039497908, 11.22384757580518411, 43.79000795909333021 ) ) ;
#828 = CARTESIAN_POINT ( 'NONE',  ( -2.098488812743535728E-32, 1.562500000000000000, 57.50000000000000000 ) ) ;
#829 = CARTESIAN_POINT ( 'NONE',  ( 1.896668730014678506, 10.02245791070594194, 50.84713153174450895 ) ) ;
#830 = CARTESIAN_POINT ( 'NONE',  ( -3.012664130987921851, 5.812638690184774859, 54.94892176207330436 ) ) ;
#831 = CARTESIAN_POINT ( 'NONE',  ( -0.09020947229443214421, 10.67127345647915959, 46.42696538390708838 ) ) ;
#832 = CARTESIAN_POINT ( 'NONE',  ( 2.611352299071733718, 10.46658805108479839, 41.45540113598099197 ) ) ;
#833 = CARTESIAN_POINT ( 'NONE',  ( 0.1358698774733500536, 7.468003638095483510, -8.675923452946696202 ) ) ;
#834 = CARTESIAN_POINT ( 'NONE',  ( 3.308703854342962547, 9.983536888016416810, 31.92479939552397639 ) ) ;
#835 = CARTESIAN_POINT ( 'NONE',  ( 1.649624763487059331, 10.16118898559042627, 48.56933681356138521 ) ) ;
#836 = CARTESIAN_POINT ( 'NONE',  ( 4.390434863775262819, 5.786411491722470934, -3.685868470681058273 ) ) ;
#837 = CARTESIAN_POINT ( 'NONE',  ( 0.002630653883897855674, 10.51248710287237209, 50.91168435080362542 ) ) ;
#838 = CARTESIAN_POINT ( 'NONE',  ( -1.236451667010777689, 10.94469500856518707, 24.06617711228569689 ) ) ;
#839 = CARTESIAN_POINT ( 'NONE',  ( -1.111257180547016610, 3.453793570501304533, 57.27484277483330288 ) ) ;
#840 = ORIENTED_EDGE ( 'NONE', *, *, #732, .T. ) ;
#841 = CARTESIAN_POINT ( 'NONE',  ( 5.164352505196295517, 6.936104689211741281, 50.56084055362133967 ) ) ;
#842 = CARTESIAN_POINT ( 'NONE',  ( -5.379330685518445954, 4.763221086101485646, 4.143207920915377152 ) ) ;
#843 = EDGE_CURVE ( 'NONE', #1048, #4799, #6940, .T. ) ;
#844 = CARTESIAN_POINT ( 'NONE',  ( 6.010347578050283524, 2.560878456371598055, 45.95000218842594109 ) ) ;
#845 = CARTESIAN_POINT ( 'NONE',  ( 1.462434383211648364E-15, 1.562500000000000000, -14.99999999999999822 ) ) ;
#846 = CARTESIAN_POINT ( 'NONE',  ( 1.899526574594551320, 8.696485601416172884, -2.393669102049097663 ) ) ;
#847 = CARTESIAN_POINT ( 'NONE',  ( 4.580728254771017305, 7.147689064381339108, 50.62551662023860644 ) ) ;
#848 = CARTESIAN_POINT ( 'NONE',  ( -0.4523662446298685746, 8.964829297146801323, -2.961750163202865327 ) ) ;
#849 = CARTESIAN_POINT ( 'NONE',  ( 1.174833543542727066, 10.44647258920157640, 50.11220360738844448 ) ) ;
#850 = CARTESIAN_POINT ( 'NONE',  ( 4.561517626158395622, 8.723277914675952260, 48.57746069479363626 ) ) ;
#851 = CARTESIAN_POINT ( 'NONE',  ( -4.657703825422194299, 5.211486373232390612, -3.701449336915773713 ) ) ;
#852 = CARTESIAN_POINT ( 'NONE',  ( 5.939476603180894543, 5.010467985351831466, 48.49935952668412398 ) ) ;
#853 = CARTESIAN_POINT ( 'NONE',  ( -5.499999995690346033, 1.562500000000000666, 20.75106561753771572 ) ) ;
#854 = CARTESIAN_POINT ( 'NONE',  ( 3.476354978886348146, 8.433703797898633781, 50.95540067381245564 ) ) ;
#855 = CARTESIAN_POINT ( 'NONE',  ( 1.462434383211648364E-15, 1.562500000000000000, -14.99999999999999822 ) ) ;
#856 = CARTESIAN_POINT ( 'NONE',  ( 5.899652440842495515, 1.631350574187574232, 42.80459652811778426 ) ) ;
#857 = CARTESIAN_POINT ( 'NONE',  ( 5.489589233202691432, 4.512509785355439007, 20.75074985262208571 ) ) ;
#858 = CARTESIAN_POINT ( 'NONE',  ( 0.1943741391328699109, 11.18092309475040302, 44.58483874325334995 ) ) ;
#859 = CARTESIAN_POINT ( 'NONE',  ( 0.001123599763472013556, 11.13390727385707635, 45.38671397698673360 ) ) ;
#860 = CARTESIAN_POINT ( 'NONE',  ( -0.9356059725071991240, 5.048719923118546227, -13.04941922842977853 ) ) ;
#861 = CARTESIAN_POINT ( 'NONE',  ( 3.152134231843302103, 9.606915063199352289, 49.82979631918752261 ) ) ;
#862 = CARTESIAN_POINT ( 'NONE',  ( -4.350359929985623708, 6.736777399980576675, -1.218512686753902008 ) ) ;
#863 = CARTESIAN_POINT ( 'NONE',  ( -4.777923295755263311, 2.574556211700321118, 54.78162272096287921 ) ) ;
#864 = CARTESIAN_POINT ( 'NONE',  ( 0.4881920115370653179, 11.04870126615583814, 28.18494398461660566 ) ) ;
#865 = CARTESIAN_POINT ( 'NONE',  ( 3.485591567154589399, 7.578081488204876592, -2.432114069693615654 ) ) ;
#866 = CARTESIAN_POINT ( 'NONE',  ( 5.987871604655238045, 3.346902193812739679, 47.62701278861842269 ) ) ;
#867 = CARTESIAN_POINT ( 'NONE',  ( 5.261183692712555704, 5.056913656711343741, 2.079418752615733279 ) ) ;
#868 = CARTESIAN_POINT ( 'NONE',  ( -0.4161656758342608953, 10.33998630522616580, 7.834456572473108338 ) ) ;
#869 = CARTESIAN_POINT ( 'NONE',  ( 0.01853258716217845437, 10.83557494666530552, 48.59257386018239799 ) ) ;
#870 = CARTESIAN_POINT ( 'NONE',  ( -0.03273727775864449657, 10.65405037047907655, 50.00070345973352914 ) ) ;
#871 = CARTESIAN_POINT ( 'NONE',  ( -1.903496160516071622, 10.70740414668588514, 18.26420218936364748 ) ) ;
#872 = CARTESIAN_POINT ( 'NONE',  ( 2.169077194395419461, 9.991142067013257133, 50.43828930716571080 ) ) ;
#873 = CARTESIAN_POINT ( 'NONE',  ( -4.368448121482883195, 8.836098588321744884, 34.88759810993741439 ) ) ;
#874 = EDGE_LOOP ( 'NONE', ( #1016, #8363, #7453, #538 ) ) ;
#875 = CARTESIAN_POINT ( 'NONE',  ( -0.1264281041659604532, 9.634434357104781910, 52.68182708235207912 ) ) ;
#876 = CARTESIAN_POINT ( 'NONE',  ( 0.06686596910696443463, 10.91322385349318047, 41.45540113598099907 ) ) ;
#877 = CARTESIAN_POINT ( 'NONE',  ( 0.02222647576129062677, 2.239641666085255611, 57.50000000000001421 ) ) ;
#878 = CARTESIAN_POINT ( 'NONE',  ( 3.056848202490729083, 9.139746182555443355, 49.94170481651435267 ) ) ;
#879 = CARTESIAN_POINT ( 'NONE',  ( 0.7935599654008677062, 5.863868523505746388, 56.41442013047500126 ) ) ;
#880 = CARTESIAN_POINT ( 'NONE',  ( 1.158666496261696155, 2.674142084600459768, -14.99999999999999467 ) ) ;
#881 = CARTESIAN_POINT ( 'NONE',  ( 0.003239939948393929636, 11.07024152254335192, 46.18707935559888256 ) ) ;
#882 = CARTESIAN_POINT ( 'NONE',  ( -1.000785546043558849, 9.366404357083114363, 52.69088725185390132 ) ) ;
#883 = CARTESIAN_POINT ( 'NONE',  ( -3.376429792864518831, 8.791212889504315342, 2.043812248106406049 ) ) ;
#884 = VERTEX_POINT ( 'NONE', #3938 ) ;
#885 = CARTESIAN_POINT ( 'NONE',  ( 5.336376472641258140, 6.757651180909610922, 50.12708885139497994 ) ) ;
#886 = CARTESIAN_POINT ( 'NONE',  ( -5.399710417712218380, 4.316367459055485689, 50.64187552107419066 ) ) ;
#887 = LINE ( 'NONE', #6761, #107 ) ;
#888 = CARTESIAN_POINT ( 'NONE',  ( 0.000000000000000000, 8.342712056005252563, -5.798662242242414777 ) ) ;
#889 = CARTESIAN_POINT ( 'NONE',  ( 2.282333772912166658, 10.52004702059138275, 15.74379101131483338 ) ) ;
#890 = CARTESIAN_POINT ( 'NONE',  ( 3.730070387153973321, 6.294090029819039422, -5.047294899213124353 ) ) ;
#891 = CARTESIAN_POINT ( 'NONE',  ( -0.8391294160440474492, 10.85608488245621039, 42.68520030485105821 ) ) ;
#892 = CARTESIAN_POINT ( 'NONE',  ( 0.8897211959623243516, 10.35486298971039965, 51.02859480708553264 ) ) ;
#893 = CARTESIAN_POINT ( 'NONE',  ( 4.460329277733111830, 7.964365062034763909, 50.88921643239061154 ) ) ;
#894 = CARTESIAN_POINT ( 'NONE',  ( -4.957971610812176522, 5.592893898195150371, -0.1979949903459902738 ) ) ;
#895 = CARTESIAN_POINT ( 'NONE',  ( 6.094339057629372114, 4.802132561677383116, 45.22007142600502760 ) ) ;
#896 = CARTESIAN_POINT ( 'NONE',  ( -5.499999935703539400, 1.562500000000001776, 15.72993935726560366 ) ) ;
#897 = CARTESIAN_POINT ( 'NONE',  ( 5.005358187830342587, 5.963174194177379484, 50.95540067381247695 ) ) ;
#898 = CARTESIAN_POINT ( 'NONE',  ( 1.058883534450059782, 9.294375023863029384, -0.5912377615876321935 ) ) ;
#899 = EDGE_CURVE ( 'NONE', #4414, #2987, #7109, .T. ) ;
#900 = CARTESIAN_POINT ( 'NONE',  ( 5.899993650570005244, 1.655449698303081973, 50.04900275829566425 ) ) ;
#901 = CARTESIAN_POINT ( 'NONE',  ( 5.494098921449448447, 2.842929562439594715, 50.65005497149203251 ) ) ;
#902 = CARTESIAN_POINT ( 'NONE',  ( -0.7548078056414482262, 1.714410438529923919, 57.50000000000002132 ) ) ;
#903 = CARTESIAN_POINT ( 'NONE',  ( 0.2333561142556388468, 10.67327769878012411, 49.79923137511128317 ) ) ;
#904 = CARTESIAN_POINT ( 'NONE',  ( -2.705329644963483826, 10.38753152290552251, 31.92479300530500552 ) ) ;
#905 = CARTESIAN_POINT ( 'NONE',  ( 3.519445093817156422, 9.205627070467281570, 50.24889271125906021 ) ) ;
#906 = CARTESIAN_POINT ( 'NONE',  ( -4.948317750221391087, 7.249054512220645563, 24.06896264043182043 ) ) ;
#907 = CARTESIAN_POINT ( 'NONE',  ( 5.550490994716727577, 6.124919603278422997, 50.11615893173993896 ) ) ;
#908 = CARTESIAN_POINT ( 'NONE',  ( -5.414381882068435736, 3.430825707682370940, 0.4253732481288064471 ) ) ;
#909 = CARTESIAN_POINT ( 'NONE',  ( 0.6509042904961492848, 10.19178022624745061, 6.162745761169429848 ) ) ;
#910 = CARTESIAN_POINT ( 'NONE',  ( 4.619386802882850418, 8.997231816328005394, 42.62314972156367787 ) ) ;
#911 = CARTESIAN_POINT ( 'NONE',  ( 5.966661372594272095, 2.783038659621231314, 41.26891573241087485 ) ) ;
#912 = CARTESIAN_POINT ( 'NONE',  ( 2.766276047921471193, 2.950862581372914129, -12.98985909465203825 ) ) ;
#913 = CARTESIAN_POINT ( 'NONE',  ( 0.05876346233477405812, 11.18373236503694024, 44.58682840472063447 ) ) ;
#914 = CARTESIAN_POINT ( 'NONE',  ( -0.04004674315441504595, 11.18404173344130470, 44.58836152238404082 ) ) ;
#915 = CARTESIAN_POINT ( 'NONE',  ( -1.344258969527596381, 7.755978474483642415, -6.560397758260572587 ) ) ;
#916 = CARTESIAN_POINT ( 'NONE',  ( 2.206734855027619346, 10.09594181530029644, 49.92280647757375078 ) ) ;
#917 = CARTESIAN_POINT ( 'NONE',  ( -4.227730665468435234, 8.376881225531148445, 6.185649547526116621 ) ) ;
#918 = DIRECTION ( 'NONE',  ( 0.000000000000000000, 0.000000000000000000, 1.000000000000000000 ) ) ;
#919 = CARTESIAN_POINT ( 'NONE',  ( -0.1122407929899105344, 9.000194302644256794, -2.952150281759823969 ) ) ;
#920 = CARTESIAN_POINT ( 'NONE',  ( 5.747133004596825856, 2.611486588432053058, 41.75540113598098912 ) ) ;
#921 = CARTESIAN_POINT ( 'NONE',  ( 0.2753658351355944278, 11.00725668039092398, 33.64225498766193567 ) ) ;
#922 = CARTESIAN_POINT ( 'NONE',  ( 3.607254359177842762, 9.684683958462791509, 15.74165998761496610 ) ) ;
#923 = CIRCLE ( 'NONE', #7546, 0.09999999999999947820 ) ;
#924 = CARTESIAN_POINT ( 'NONE',  ( 1.214241927927319997, 7.821151582195508212, -6.559846959593810034 ) ) ;
#925 = CARTESIAN_POINT ( 'NONE',  ( 4.316431933738959614, 5.685893214925910932, -4.278597883185060624 ) ) ;
#926 = CARTESIAN_POINT ( 'NONE',  ( 0.003524462838739989695, 10.66823101378326122, 49.89993297216853563 ) ) ;
#927 = CARTESIAN_POINT ( 'NONE',  ( -0.9455379141155457745, 9.043402027851440650, 53.34761028253042525 ) ) ;
#928 = CARTESIAN_POINT ( 'NONE',  ( -1.801049316332023587, 6.001717045762853253, -10.00264749147929599 ) ) ;
#929 = ORIENTED_EDGE ( 'NONE', *, *, #4423, .T. ) ;
#930 = CARTESIAN_POINT ( 'NONE',  ( 5.556528042304743842, 6.781334387956247767, 48.95708942957858767 ) ) ;
#931 = CIRCLE ( 'NONE', #2434, 0.09999999999999947820 ) ;
#932 = CARTESIAN_POINT ( 'NONE',  ( 5.899974808249553782, 1.570161063945297641, 41.45540113598102749 ) ) ;
#933 = CARTESIAN_POINT ( 'NONE',  ( 0.02922156018284804285, 11.02787196389733104, 31.92476831582287744 ) ) ;
#934 = CARTESIAN_POINT ( 'NONE',  ( 2.141549312097298152, 9.348955629076421303, 51.13840404105682325 ) ) ;
#935 = CARTESIAN_POINT ( 'NONE',  ( 4.474617795707381163, 7.032847942740811042, 51.17890357538095714 ) ) ;
#936 = CARTESIAN_POINT ( 'NONE',  ( -0.7061221300310592808, 10.92929886520487592, 39.79625921922171727 ) ) ;
#937 = CARTESIAN_POINT ( 'NONE',  ( 1.039719566538723994, 10.44771555074649072, 50.31418962837530273 ) ) ;
#938 = CARTESIAN_POINT ( 'NONE',  ( 4.347128768881592720, 8.213087747750176248, 50.67550122058143813 ) ) ;
#939 = CARTESIAN_POINT ( 'NONE',  ( -5.000613911886762075, 5.646971998504350054, 0.4206658272020997180 ) ) ;
#940 = CARTESIAN_POINT ( 'NONE',  ( 5.748150252478536615, 4.363243739513158914, 51.07324154639552916 ) ) ;
#941 = CARTESIAN_POINT ( 'NONE',  ( -5.284730152528315017, 1.734093100480623928, -6.589406488043193733 ) ) ;
#942 = CARTESIAN_POINT ( 'NONE',  ( 1.872054813375111371, 9.546489437475839779, 50.95540067381245564 ) ) ;
#943 = CARTESIAN_POINT ( 'NONE',  ( 1.191946006809595282, 10.04735468217358019, 49.94268463628885257 ) ) ;
#944 = CARTESIAN_POINT ( 'NONE',  ( 5.899901773093497503, 1.564269188634510810, 45.96549421236007049 ) ) ;
#945 = CARTESIAN_POINT ( 'NONE',  ( 5.496393137635974036, 3.053064914231428784, 33.64115984514670998 ) ) ;
#946 = CARTESIAN_POINT ( 'NONE',  ( -5.412198423232138289, 4.562705607419650811, 28.18685487136700374 ) ) ;
#947 = CARTESIAN_POINT ( 'NONE',  ( 0.2298873672948825997, 10.60067017774098375, 50.30421335327464050 ) ) ;
#948 = CARTESIAN_POINT ( 'NONE',  ( -2.928545311621873370, 10.03833034230943433, 12.45002843341289456 ) ) ;
#949 = CARTESIAN_POINT ( 'NONE',  ( 3.946974268177890099, 10.07943074861413457, 43.73355120055261835 ) ) ;
#950 = CARTESIAN_POINT ( 'NONE',  ( -4.641209324676497161, 6.639201923105344960, 0.4184359962368178754 ) ) ;
#951 = CARTESIAN_POINT ( 'NONE',  ( 5.918683937735393030, 5.920763461045572384, 47.68074125419621367 ) ) ;
#952 = CARTESIAN_POINT ( 'NONE',  ( -1.462434383211648364E-15, 1.562500000000000000, -14.99999999999999822 ) ) ;
#953 = CARTESIAN_POINT ( 'NONE',  ( 0.6543364579302144435, 10.98247904076019665, 33.64221479894579403 ) ) ;
#954 = CARTESIAN_POINT ( 'NONE',  ( 1.462434383211648364E-15, 1.562500000000000000, -14.99999999999999822 ) ) ;
#955 = CARTESIAN_POINT ( 'NONE',  ( 5.912437738998923109, 2.617803221489211740, 49.83801754692545671 ) ) ;
#956 = CARTESIAN_POINT ( 'NONE',  ( 3.545674841604821381, 3.004926402194386892, 56.22428512286402480 ) ) ;
#957 = CARTESIAN_POINT ( 'NONE',  ( 0.07782149255941993304, 10.49275088663651623, 51.01398812568542240 ) ) ;
#958 = CARTESIAN_POINT ( 'NONE',  ( -0.0006587451026027639272, 10.83562038917239967, 48.59275764678200460 ) ) ;
#959 = CARTESIAN_POINT ( 'NONE',  ( -1.901268342766113006, 10.73513278502438695, 31.92478545322815719 ) ) ;
#960 = CARTESIAN_POINT ( 'NONE',  ( 2.490666027233155777, 10.08255953738954602, 49.41148482446649126 ) ) ;
#961 = CARTESIAN_POINT ( 'NONE',  ( -3.728875260253237123, 7.119875503509051740, 52.72259784511012981 ) ) ;
#962 = ORIENTED_EDGE ( 'NONE', *, *, #6023, .T. ) ;
#963 = DIRECTION ( 'NONE',  ( -1.000000000000000000, 0.000000000000000000, 0.000000000000000000 ) ) ;
#964 = CARTESIAN_POINT ( 'NONE',  ( 0.09379873975852932866, 3.717717955237874961, -15.00000000000000000 ) ) ;
#965 = CARTESIAN_POINT ( 'NONE',  ( 3.648812386964921828, 9.768105874584495751, 20.74983970668897371 ) ) ;
#966 = CARTESIAN_POINT ( 'NONE',  ( 4.880517682336515506, 5.496010780834374998, -1.229520509766039105 ) ) ;
#967 = CARTESIAN_POINT ( 'NONE',  ( 0.006318212735009871676, 10.66822669965295667, 49.89992840386600648 ) ) ;
#968 = CARTESIAN_POINT ( 'NONE',  ( 1.462434383211648364E-15, 1.562500000000000000, -14.99999999999999822 ) ) ;
#969 = CARTESIAN_POINT ( 'NONE',  ( -1.119524602013904024, 9.831240660940284926, 51.12561471442828775 ) ) ;
#970 = CARTESIAN_POINT ( 'NONE',  ( -2.737337497843328027, 7.379634132659277590, -5.019554581089743728 ) ) ;
#971 = ORIENTED_EDGE ( 'NONE', *, *, #2163, .T. ) ;
#972 = CARTESIAN_POINT ( 'NONE',  ( 5.764970574936421954, 7.167352716281854441, 46.07605833214709179 ) ) ;
#973 = DIRECTION ( 'NONE',  ( -1.000000000000000000, 0.000000000000000000, 0.000000000000000000 ) ) ;
#974 = CARTESIAN_POINT ( 'NONE',  ( 0.03068087875376538168, 10.19963056969485216, 6.159352607635097954 ) ) ;
#975 = CARTESIAN_POINT ( 'NONE',  ( 2.089113045740998320, 8.562108237551713685, 52.96513292573141030 ) ) ;
#976 = CARTESIAN_POINT ( 'NONE',  ( 4.158237939624138235, 6.443222570043859676, -3.071188811653506878 ) ) ;
#977 = CARTESIAN_POINT ( 'NONE',  ( -0.4765030784451981805, 8.079410698447151873, -6.556817566926644858 ) ) ;
#978 = CARTESIAN_POINT ( 'NONE',  ( 1.043214901630594049, 10.46469333485307729, 50.21215889644258112 ) ) ;
#979 = CARTESIAN_POINT ( 'NONE',  ( 4.588456013210948647, 8.124410295656339542, 50.14333142179856395 ) ) ;
#980 = CARTESIAN_POINT ( 'NONE',  ( -3.321461449665272347, 3.342955078989165330, 56.24378614928571096 ) ) ;
#981 = CARTESIAN_POINT ( 'NONE',  ( 6.077930646376152879, 4.823319001048997023, 42.06102941944135409 ) ) ;
#982 = CARTESIAN_POINT ( 'NONE',  ( 0.0001724510437282005372, 10.69657625554567737, 49.69600040749273262 ) ) ;
#983 = CARTESIAN_POINT ( 'NONE',  ( 2.552665936783997669, 9.159090994650400219, 50.95540067381244853 ) ) ;
#984 = CARTESIAN_POINT ( 'NONE',  ( 0.2482817368939242431, 3.638924848861503136, -14.99999999999999645 ) ) ;
#985 = CARTESIAN_POINT ( 'NONE',  ( 5.897453967375092532, 1.562036340937252410, 50.72031684977429933 ) ) ;
#986 = CARTESIAN_POINT ( 'NONE',  ( 5.375519468362657705, 3.385079200958252876, -1.246949562868587824 ) ) ;
#987 = CARTESIAN_POINT ( 'NONE',  ( -5.211875269145707534, 3.827816791788850370, 52.45901941946186042 ) ) ;
#988 = CARTESIAN_POINT ( 'NONE',  ( 0.2075317822514397559, 10.78259914897456362, 48.99322514577156795 ) ) ;
#989 = CARTESIAN_POINT ( 'NONE',  ( -2.590864166731948970, 9.783047419461228245, 6.173773510155973199 ) ) ;
#990 = CARTESIAN_POINT ( 'NONE',  ( 3.736870626959597708, 10.31402708045371241, 42.14555046675222627 ) ) ;
#991 = B_SPLINE_SURFACE_WITH_KNOTS ( 'NONE', 3, 3, ( 
 ( #2669, #7180, #3879, #2504, #8528, #5145, #7789, #6526, #1216, #7220, #4492, #6484, #1259, #5932, #3966, #2628, #574, #1945, #3795, #6443, #617, #3189, #1300, #3922, #8486 ),
 ( #1986, #3231, #698, #3145, #7835, #5889, #2588, #3837, #1907, #4576, #534, #16, #5231, #57, #6569, #659, #4618, #5273, #5846, #7916, #7264, #1343, #6611, #3315, #5802 ),
 ( #5972, #5315, #1821, #4452, #7138, #8441, #1863, #2547, #5190, #4536, #870, #7957, #6829, #1556, #6654, #6101, #3487, #4795, #4187, #1385, #914, #7350, #4102, #6185, #3403 ),
 ( #3357, #7395, #3446, #231, #5361, #8090, #7307, #8133, #275, #6013, #145, #740, #4010, #6744, #2756, #5492, #4836, #1428, #7439, #6698, #100, #2843, #3534, #4055, #2201 ),
 ( #2712, #7482, #784, #1515, #187, #8002, #2027, #6787, #6059, #6142, #2887, #1474, #2801, #4661, #2072, #4707, #5406, #8048, #4144, #2116, #4751, #827, #5448, #2159, #7611 ),
 ( #2972, #6956, #1044, #7569, #5627, #8309, #2243, #7000, #3658, #3742, #5007, #7652, #8348, #6311, #6914, #403, #4967, #5708, #3701, #3014, #1599, #8268, #5669, #4398, #7526 ),
 ( #8221, #7041, #2929, #4879, #4232, #6225, #1085, #5536, #1126, #7693, #6873, #2371, #6352, #1726, #1769, #958, #6392, #4924, #1686, #483, #1001, #3575, #4357, #442, #316 ),
 ( #5580, #3053, #2285, #2409, #8177, #1644, #6267, #4274, #3617, #4317, #358, #5047, #2329, #5133, #2578, #1850, #4441, #3912, #4608, #7777, #6558, #6430, #4523, #7168, #1894 ),
 ( #1246, #3782, #3092, #1935, #4481, #4566, #1332, #5176, #3867, #5091, #7082, #6515, #648, #7820, #3826, #7735, #3266, #1810, #3955, #8473, #606, #523, #3220, #3133, #5791 ),
 ( #5877, #8517, #5221, #1165, #6473, #1206, #7125, #3177, #563, #5833, #7865, #8390, #7210, #1290, #6601, #5922, #5, #2617, #5263, #2534, #7906, #1976, #7253, #5748, #2452 ),
 ( #8430, #2492, #2745, #7429, #135, #6642, #1505, #1375, #5962, #5305, #4651, #817, #688, #4133, #6776, #7947, #5395, #6091, #7383, #859, #2659, #3477, #3346, #3392, #3305 ),
 ( #6734, #4092, #7297, #8037, #3436, #728, #3998, #2106, #6049, #4740, #6002, #47, #2701, #1461, #8079, #4695, #6687, #2017, #7340, #89, #177, #5349, #2791, #7991, #2061 ),
 ( #5438, #1418, #2147, #4043, #773, #4783, #6025, #4806, #4847, #6665, #5372, #4112, #155, #1439, #2212, #8058, #1525, #7318, #751, #795, #8100, #2724, #4067, #4155, #6152 ),
 ( #113, #8013, #1484, #4718, #2171, #2083, #6709, #4761, #6798, #7493, #242, #3414, #2812, #2038, #4672, #7406, #6069, #7450, #881, #2768, #3456, #5416, #2126, #3498, #8144 ),
 ( #6755, #837, #7361, #2854, #5327, #4198, #1567, #4021, #6111, #5503, #6840, #926, #1396, #3543, #198, #6194, #5459, #284, #7969, #3368, #2339, #6968, #3712, #326, #3024 ),
 ( #4977, #4327, #2939, #2897, #5590, #1696, #4368, #4934, #6925, #3752, #4241, #3064, #1654, #2382, #8231, #5019, #6401, #8320, #3626, #6235, #6363, #4284, #7662, #1054, #3585 ),
 ( #1737, #2420, #6882, #2297, #3670, #6278, #7579, #8359, #5639, #7011, #4889, #967, #1011, #5679, #369, #2983, #1096, #453, #8278, #7621, #5060, #5719, #7704, #6321, #413 ),
 ( #1780, #4410, #7052, #1135, #5548, #8187, #2252, #7535, #1609, #5144, #5888, #8527, #7137, #7179, #4491, #1215, #7875, #3275, #5761, #4617, #7915, #3144, #5101, #492, #6442 ),
 ( #1906, #7263, #2587, #5230, #5931, #4535, #1862, #1258, #8485, #658, #7219, #3878, #7745, #3188, #6525, #1985, #2462, #3102, #5189, #2503, #1342, #1820, #15, #2546, #1299 ),
 ( #5845, #7834, #1174, #616, #3794, #532, #3230, #8440, #1944, #5801, #7788, #4575, #3921, #2627, #6568, #3836, #5272, #8400, #4451, #3965, #6483, #7093, #573, #4706, #4750 ),
 ( #144, #5491, #7956, #4054, #8047, #2115, #99, #6697, #826, #3314, #8089, #7394, #4835, #6100, #186, #869, #1473, #8001, #4101, #6058, #6786, #4793, #6743, #2668, #783 ),
 ( #56, #6610, #2755, #2711, #8131, #5314, #6141, #5405, #3486, #7481, #7306, #3402, #1384, #5360, #5971, #2200, #3445, #7438, #230, #1555, #7349, #1514, #6012, #6653, #2158 ),
 ( #2026, #2800, #5447, #4009, #4660, #4143, #2842, #697, #739, #3356, #2071, #1427, #5668, #6224, #8220, #5046, #5535, #4356, #2928, #3657, #1598, #6310, #7692, #1043, #4923 ),
 ( #2971, #3574, #357, #4186, #402, #4878, #3013, #3700, #8176, #4231, #5626, #7568, #315, #1084, #6913, #8308, #6184, #2242, #5579, #1685, #913, #3533, #6266, #2284, #2370 ),
 ( #274, #7651, #6999, #8267, #3052, #7525, #1643, #2328, #4966, #4273, #999, #6955, #2885, #5006, #7610, #2408, #1725, #6351, #441, #4315, #3616, #5707, #8347, #6828, #6872 ),
 ( #957, #4522, #562, #2533, #6557, #5832, #4440, #3265, #7734, #1125, #482, #2451, #3219, #1768, #647, #3911, #3091, #8472, #5876, #7167, #5921, #3741, #3132, #5090, #7040 ),
 ( #6391, #1245, #3866, #5747, #5175, #6514, #1809, #8389, #7819, #1205, #3176, #7081, #4397, #1164, #1893, #8516, #3781, #5790, #2616, #6429, #1934, #522, #605, #8429, #2577 ),
 ( #2491, #5220, #7864, #4565, #5132, #6472, #5262, #7209, #7776, #1289, #4, #1849, #4480, #7124, #3825, #3997, #4782, #2060, #4091, #1331, #3304, #3345, #2105, #5304, #6641 ),
 ( #46, #6048, #2658, #7946, #4042, #7296, #4739, #2016, #727, #7339, #816, #1504, #176, #1417, #4650, #134, #1374, #6001, #6686, #88, #7382, #2700, #5348, #772, #3435 ),
 ( #7990, #6090, #687, #220, #2790, #4694, #1460, #6733, #3391, #3954, #5437, #8078, #2744, #6775, #5961, #5394, #8036, #2146, #7428, #4132, #858, #4607, #3476, #6132, #2832 ),
 ( #7905, #1975, #7252, #6600, #5481, #4868, #6214, #6819, #6945, #4263, #8257, #6903, #6256, #1715, #988, #8165, #6988, #2875, #4826, #4177, #6174, #1033, #8121, #4346, #7641 ),
 ( #3647, #2318, #1074, #7472, #6862, #263, #2191, #947, #3564, #1546, #4956, #7600, #903, #3606, #1675, #5524, #3521, #347, #4911, #2961, #2232, #7515, #1588, #5614, #6299 ),
 ( #2359, #4219, #4304, #305, #2918, #392, #3690, #5569, #3003, #8209, #5658, #8298, #4996, #2274, #1632, #6340, #431, #7558, #2524, #2569, #4388, #3082, #1840, #6421, #7725 ),
 ( #7810, #5037, #7030, #7072, #5824, #472, #1799, #1883, #8338, #4513, #4471, #1281, #5167, #7158, #5866, #7114, #4431, #1196, #2483, #3211, #1236, #3817, #7683, #5781, #6463 ),
 ( #7855, #554, #5738, #4556, #8379, #2399, #1757, #3731, #3858, #3042, #1926, #5212, #1115, #3168, #6505, #8463, #7201, #6380, #1155, #2442, #5080, #3772, #513, #3123, #596 ),
 ( #8507, #3903, #8421, #6549, #5122, #5697, #7767, #7244, #1366, #7897, #2608, #7981, #3988, #6723, #6081, #2650, #125, #7938, #1967, #1451, #2137, #5296, #4081, #3946, #2050 ),
 ( #2008, #6039, #7330, #1323, #638, #679, #5339, #4684, #4642, #2691, #1408, #5254, #4599, #4033, #807, #6677, #6633, #6592, #3426, #3296, #1495, #5993, #763, #5953, #3381 ),
 ( #4730, #2735, #5384, #8026, #2096, #38, #719, #7286, #3337, #78, #7373, #167, #4123, #2781, #5427, #8069, #4772, #7419, #3255, #5912, #8549, #294, #5650, #8112, #4208 ),
 ( #892, #2823, #6766, #4900, #1536, #7462, #2907, #6163, #3596, #3509, #2864, #6204, #8244, #383, #7590, #5513, #4253, #3467, #6122, #5559, #8154, #6246, #337, #4857, #7547 ),
 ( #8199, #8289, #2182, #6850, #2264, #1621, #253, #937, #978, #210, #2309, #6893, #4988, #2950, #5602, #1023, #4945, #2222, #1665, #4295, #6936, #3637, #6290, #5471, #3553 ),
 ( #2995, #2350, #7632, #7504, #1707, #4167, #4817, #6809, #1577, #849, #4338, #3317, #6613, #3147, #2590, #18, #1302, #700, #6445, #5848, #5147, #1177, #8488, #2549, #3797 ),
 ( #8530, #5275, #1865, #4578, #536, #4620, #2671, #2506, #5192, #5804, #8443, #3233, #7837, #1988, #1345, #6486, #3924, #3191, #7791, #7918, #5974, #576, #7266, #4494, #5891 ),
 ( #1909, #6571, #5233, #7140, #7096, #1218, #619, #7878, #4538, #6528, #1947, #3839, #7182, #7222, #3968, #661, #1261, #3881, #59, #3278, #5317, #5934, #2630, #7959, #742 ),
 ( #277, #2714, #8050, #5363, #786, #1387, #3536, #2118, #2845, #4189, #2889, #147, #5494, #1430, #2074, #6144, #6015, #1476, #6103, #8135, #8004, #2161, #4012, #2203, #5538 ),
 ( #2029, #4709, #829, #3489, #4057, #6061, #4663, #3359, #4838, #3405, #1517, #7352, #4146, #7309, #7441, #2758, #6700, #7484, #5408, #6789, #189, #4753, #6656, #7397, #6746 ),
 ( #4104, #3448, #2803, #5450, #1558, #8092, #872, #102, #4797, #233, #6831, #916, #6187, #4359, #444, #360, #6916, #5049, #3703, #2373, #1688, #1046, #8311, #3577, #2974 ),
 ( #3055, #1003, #5671, #4881, #7528, #4319, #4276, #5009, #7654, #6269, #6313, #3619, #5629, #7002, #2411, #1601, #3744, #7043, #2287, #4234, #8179, #5582, #4969, #5710, #405 ),
 ( #1728, #7695, #3660, #8270, #3016, #7613, #8350, #6354, #1087, #6875, #2331, #1771, #1128, #960, #2245, #6958, #1646, #6394, #6227, #4400, #318, #485, #3094, #2931, #8223 ),
 ( #4926, #7571, #525, #6560, #7127, #2580, #3869, #6432, #5750, #5793, #1896, #4525, #4483, #7822, #6517, #7737, #7084, #7170, #650, #1248, #6475, #1812, #3268, #4443, #6603 ),
 ( #5924, #565, #1208, #2619, #1292, #8519, #608, #3222, #5879, #1167, #3180, #3828, #1852, #5835, #3914, #3784, #690, #7, #8475, #7867, #1937, #2536, #3135, #5265, #7908 ),
 ( #1978, #2454, #1334, #4610, #8432, #2494, #8392, #5135, #5178, #7255, #5223, #7779, #4568, #7212, #3957, #5093, #4000, #3307, #2703, #4046, #4653, #4785, #2108, #6093, #4742 ),
 ( #7385, #6004, #4828, #730, #2661, #2019, #6644, #7431, #5964, #2193, #5483, #7299, #1463, #1507, #179, #8123, #5307, #4697, #3348, #49, #7342, #1420, #7949, #2793, #5440 ),
 ( #4135, #91, #3438, #1377, #3479, #1548, #5351, #6689, #7993, #2063, #4094, #775, #861, #222, #3394, #4179, #137, #5397, #6051, #6736, #2747, #8039, #819, #8081, #2149 ),
 ( #6778, #6134, #2834, #7474, #6821, #4998, #2234, #1760, #1717, #4265, #3005, #5660, #5571, #2877, #4348, #1076, #2963, #8340, #4870, #6905, #2320, #4958, #2920, #990, #3649 ),
 ( #6990, #7602, #7517, #8211, #4221, #2276, #1677, #1590, #905, #307, #1634, #6864, #2361, #8259, #6301, #4306, #6947, #5699, #1035, #3566, #2401, #949, #265, #8167, #6216 ),
 ( #5039, #3044, #4913, #394, #7643, #8300, #7685, #5526, #7560, #3608, #6176, #6258, #349, #5616, #3692, #6342, #433, #4390, #3523, #4433, #5083, #2526, #6465, #8465, #7074 ),
 ( #474, #5825, #1842, #4558, #3904, #514, #6506, #5783, #8381, #7857, #8551, #3125, #1927, #1801, #5168, #7812, #1884, #6422, #3169, #7898, #3859, #7727, #598, #6550, #2444 ),
 ( #4515, #3084, #1156, #7159, #7202, #555, #7769, #5740, #1282, #8508, #1238, #3212, #5869, #2570, #3257, #5213, #3773, #2609, #8422, #6383, #2484, #5124, #640, #7033, #5913 ),
 ( #4472, #7116, #5255, #1197, #1968, #1117, #3734, #3818, #5428, #3989, #4643, #168, #39, #4034, #126, #8070, #2009, #4731, #3947, #4773, #2824, #2651, #5340, #3297, #6593 ),
 ( #6634, #79, #5472, #5954, #7420, #3338, #4082, #7288, #6725, #8113, #1452, #7982, #7939, #2138, #5994, #808, #2736, #5297, #4600, #1367, #764, #3382, #2692, #6678, #5386 ),
 ( #1496, #7331, #3427, #680, #720, #2052, #7374, #4685, #1409, #6082, #4124, #6040, #8027, #6767, #2782, #850, #2097, #3468, #6123, #211, #7245, #1324, #6852, #2265, #6291 ),
 ( #2996, #5560, #4296, #6937, #938, #4168, #5651, #2352, #4254, #1068, #3511, #8200, #3597, #6247, #4209, #4902, #4947, #7463, #3639, #338, #424, #1667, #1025, #4989, #2952 ),
 ( #1622, #7634, #384, #5604, #1537, #6333, #3681, #4859, #6810, #2183, #8156, #7548, #8290, #8246, #6164, #3555, #5515, #6205, #2310, #2866, #4818, #1579, #2909, #254, #1708 ),
 ( #7592, #3035, #893, #2223, #6894, #296, #5691, #7506, #4339, #979, #6980, #6541, #465, #5774, #3075, #7065, #7675, #1273, #8413, #587, #1919, #631, #6414, #3202, #7718 ),
 ( #7801, #5157, #7022, #3809, #1875, #5731, #6374, #6456, #7759, #1188, #8371, #8331, #2435, #7107, #1228, #1793, #3765, #3245, #1108, #8498, #1148, #4505, #5073, #7150, #2393 ),
 ( #547, #3159, #5815, #4424, #4464, #5030, #3849, #505, #6497, #7847, #3724, #3116, #8454, #2475, #5113, #5203, #1833, #5858, #1750, #2516, #2559, #4549, #7193, #3895, #4381 ),
 ( #4025, #672, #6583, #2042, #5288, #2727, #30, #2000, #5330, #7365, #8062, #6713, #4632, #3372, #2600, #5246, #7973, #7278, #5376, #8017, #3980, #6669, #1356, #6625, #4722 ),
 ( #1314, #711, #116, #3289, #3329, #2087, #799, #5985, #70, #2772, #1443, #4071, #4675, #7322, #6028, #3935, #2683, #1400, #755, #3418, #6073, #7235, #6759, #159, #5420 ),
 ( #2130, #4765, #7410, #1488, #4116, #841, #5904, #7889, #8542, #1959, #2642, #4591, #5945, #7930, #288, #4289, #1614, #7454, #8148, #6802, #2216, #4894, #4159, #3460, #2858 ),
 ( #4939, #2257, #6240, #7540, #4246, #8283, #6887, #6156, #4982, #885, #2816, #2175, #3502, #7584, #6115, #2344, #5644, #4810, #972, #1659, #331, #7626, #5463, #4851, #246 ),
 ( #5507, #7497, #6930, #1529, #2901, #3590, #1017, #1571, #2944, #8104, #3631, #1701, #4202, #6844, #930, #3547, #5595, #6198, #6284, #374, #5553, #8236, #8192, #2302, #2988 ),
 ( #4332, #6973, #203, #5106, #8406, #459, #5767, #1912, #6449, #1743, #540, #578, #2387, #1101, #2468, #4416, #5725, #6489, #3758, #5808, #5066, #3801, #7016, #8365, #8447 ),
 ( #7751, #4374, #3718, #1826, #3069, #3150, #6368, #2426, #498, #2508, #3194, #1868, #7710, #7100, #6326, #418, #3108, #1786, #5150, #7794, #7058, #4457, #1141, #6407, #4497 ),
 ( #1181, #7143, #1221, #3841, #5850, #8491, #3029, #2552, #5195, #7840, #4541, #1059, #3675, #5684, #8325, #5024, #7669, #7355, #5366, #2674, #3236, #1348, #5320, #6178, #621 ),
 ( #1305, #267, #4581, #6531, #5894, #7881, #105, #7185, #2879, #907, #8533, #7962, #2717, #4015, #3525, #2592, #21, #1950, #3884, #2633, #5278, #5237, #6659, #745, #7225 ),
 ( #3927, #7312, #6574, #1433, #5528, #664, #7921, #3281, #5937, #5977, #1991, #4712, #4061, #4623, #3362, #7269, #3972, #8007, #8170, #6616, #2077, #703, #62, #2032, #4666 ),
 ( #2236, #6018, #3320, #6703, #1263, #1390, #4915, #3651, #8261, #993, #1762, #7604, #1078, #6866, #309, #5701, #5618, #3610, #4392, #435, #7645, #6949, #6303, #5000, #2922 ),
 ( #7035, #8342, #6260, #2363, #1592, #4223, #1037, #351, #1719, #4350, #2965, #3007, #2322, #4960, #3694, #7687, #951, #476, #3736, #7562, #3568, #4872, #2278, #1679, #2403 ),
 ( #6992, #6344, #1120, #396, #4308, #5662, #8302, #5041, #3046, #6386, #6218, #3086, #5742, #8383, #5573, #7519, #8213, #6907, #1636, #4267, #1970, #1886, #5257, #682, #3127 ),
 ( #1158, #600, #6552, #7859, #7247, #4435, #3820, #5785, #7729, #6467, #557, #1803, #1929, #4560, #3775, #6508, #7204, #8424, #516, #3214, #4517, #3861, #2486, #2446, #5126 ),
 ( #5827, #8553, #7900, #4474, #1284, #1199, #6424, #3259, #3949, #7118, #5915, #7771, #5871, #8510, #1240, #1844, #7161, #3299, #3906, #3171, #642, #4602, #8467, #2528, #2572 ),
 ( #1326, #5170, #2611, #7076, #7814, #5215, #6595, #5956, #5085, #4775, #4126, #5430, #4820, #2011, #1411, #722, #5299, #4036, #6680, #7941, #8072, #2140, #7290, #4084, #7422 ),
 ( #4645, #213, #6812, #6636, #766, #1369, #3991, #7376, #3384, #6125, #5474, #2054, #1498, #7333, #3340, #852, #1539, #4687, #3470, #5996, #1454, #6727, #810, #7984, #4733 ),
 ( #81, #6769, #8115, #2694, #5342, #3429, #6042, #128, #2185, #2738, #2826, #5388, #8029, #2099, #2784, #6084, #170, #7465, #4170, #895, #3513, #41, #2653, #981, #2267 ),
 ( #940, #8202, #2954, #1669, #8248, #3557, #6896, #256, #2868, #4904, #6854, #3599, #6249, #6207, #1624, #298, #2911, #340, #4949, #5517, #1027, #4298, #1581, #8158, #6166 ),
 ( #7594, #5607, #2225, #2312, #6939, #3641, #4861, #7550, #7508, #4211, #5562, #4256, #1818, #8438, #1133, #7135, #571, #4573, #3834, #2460, #1297, #5759, #7702, #7050, #490 ),
 ( #3100, #5799, #8398, #7091, #1778, #6481, #3750, #4449, #5099, #1172, #1213, #7743, #8357, #3791, #530, #3142, #6440, #2501, #6399, #3186, #5843, #7217, #8483, #5142, #3919 ),
 ( #7873, #7786, #2585, #6565, #1860, #4488, #2544, #5186, #4408, #656, #7832, #614, #1942, #3273, #1904, #3228, #4533, #7177, #3876, #1256, #6523, #5885, #8525, #5228, #2418 ),
 ( #5058, #7347, #3312, #5929, #5969, #4702, #7391, #7954, #1382, #6783, #7260, #6098, #4658, #5403, #54, #8044, #866, #2752, #6650, #695, #6741, #7304, #2113, #4052, #6608 ),
 ( #4747, #5445, #1340, #2666, #1425, #736, #2024, #2798, #96, #1469, #7913, #3963, #4005, #142, #5312, #3353, #4099, #824, #6009, #2708, #8086, #3443, #184, #7998, #6694 ),
 ( #5356, #2154, #4790, #7436, #2068, #3400, #2625, #5270, #780, #6056, #1512, #4140, #13, #1983, #4615, #1596, #2326, #6308, #227, #7649, #2368, #6182, #8128, #3484, #911 ),
 ( #4313, #4228, #2240, #400, #7608, #6264, #5577, #4920, #3614, #7479, #6870, #955, #8174, #3572, #1683, #4833, #4354, #6953, #6222, #5623, #8265, #4876, #5488, #1041, #3655 ),
 ( #3011, #2839, #1723, #5004, #271, #2198, #6139, #3530, #313, #5666, #1641, #1553, #7523, #6826, #2926, #7566, #4184, #2883, #5532, #8218, #2282, #4271, #6911, #997, #355 ),
 ( #2969, #4964, #8306, #6997, #8345, #603, #520, #3864, #7862, #1765, #7079, #4395, #8387, #439, #2575, #1162, #1891, #3217, #1932, #7732, #4520, #480, #1123, #5173, #5044 ),
 ( #5129, #6470, #7038, #7690, #7774, #3130, #2489, #3739, #1082, #6389, #8427, #2531, #3089, #5088, #4563, #2406, #1243, #2449, #560, #5745, #3174, #3698, #5830, #1806, #4438 ),
 ( #3779, #5788, #6348, #8470, #6427, #7817, #5874, #1847, #4478, #7122, #1203, #3823, #6511, #7164, #8514, #3050, #5218, #5705, #1415, #4605, #5959, #6639, #2698, #8034, #7250 ),
 ( #5346, #725, #85, #1329, #7207, #3952, #5999, #132, #685, #2656, #8076, #2, #7380, #44, #6684, #6598, #770, #2144, #4040, #7944, #1973, #2103, #5302, #3389, #7988 ),
 ( #7903, #6046, #6731, #2614, #3302, #2058, #2014, #4648, #4089, #1372, #2742, #645, #5260, #7293, #5392, #3994, #3343, #4737, #1458, #3909, #4692, #7337, #814, #3433, #6088 ),
 ( #174, #2788, #5435, #1287, #6555, #3262, #5919, #1502, #6859, #900, #1629, #4260, #2872, #2915, #260, #5521, #3603, #7597, #4130, #389, #3644, #7469, #856, #4780, #2189 ),
 ( #6211, #3000, #6900, #985, #1672, #302, #6171, #5566, #4216, #4953, #4174, #8162, #2229, #4301, #8206, #6296, #6773, #7426, #944, #6816, #5655, #3474, #6942, #3561, #1030 ) ),
 .UNSPECIFIED., .F., .F., .F.,
 ( 4, 3, 3, 3, 3, 3, 3, 3, 3, 3, 3, 3, 3, 3, 3, 3, 3, 3, 3, 3, 3, 3, 3, 3, 3, 3, 3, 3, 3, 3, 3, 3, 3, 4 ),
 ( 4, 3, 3, 3, 3, 3, 3, 3, 4 ),
 ( -0.006001053456289460325, -0.002071361841225829743, -0.0001065160336940144514, 1.628682927672400434E-05, 0.0001390896922474624600, 0.0003846954181889393714, 0.0008759068700718931942, 0.001858329773837800840, 0.005788021388901430989, 0.009717713003965062005, 0.01757709623409232230, 0.02543647946421958433, 0.05687401238472863246, 0.08831154530523767365, 0.1197490782257467218, 0.1826241440667648042, 0.2140616769872738523, 0.2454992099077829004, 0.3083742757488009967, 0.3712493415898190929, 0.4026868745103281411, 0.4341244074308371892, 0.4969994732718552855, 0.5598745391128733262, 0.5913120720333824298, 0.6227496049538914225, 0.6541871378744004151, 0.6856246707949095187, 0.7484997366359276150, 0.8113748024769457112, 0.8742498683179638075, 0.9371249341589819037, 0.9685624670794910074, 1.000000000000000000 ),
 ( 0.1414453999617434343, 0.1451902129085055337, 0.1489350258552676054, 0.1526798388020296771, 0.1564246517487917765, 0.1714039035358400909, 0.2013624071099367474, 0.2313209106840334039, 0.2612794142581300605 ),
 .UNSPECIFIED. ) ;
#992 = CARTESIAN_POINT ( 'NONE',  ( -5.040233511459912386, 6.724961159778692021, 6.195829008129083881 ) ) ;
#993 = CARTESIAN_POINT ( 'NONE',  ( 5.618633093469834527, 5.863846954043123283, 50.11127503096346913 ) ) ;
#994 = CARTESIAN_POINT ( 'NONE',  ( -5.494023642219406867, 2.865478816638596271, 4.158238638415645561 ) ) ;
#995 = CARTESIAN_POINT ( 'NONE',  ( 0.5731924181439104204, 11.00764636393652474, 20.74937999012058754 ) ) ;
#996 = CARTESIAN_POINT ( 'NONE',  ( 4.081065862623137974, 8.039960836138083877, 2.052713874233740743 ) ) ;
#997 = CARTESIAN_POINT ( 'NONE',  ( 5.934168112107713888, 2.286240879259876735, 42.03962194714875977 ) ) ;
#998 = CARTESIAN_POINT ( 'NONE',  ( 5.453324828576295857, 4.987326698694654503, 10.78168817642642097 ) ) ;
#999 = CARTESIAN_POINT ( 'NONE',  ( 0.06590841679947255505, 10.65327139408537072, 50.00065006199196205 ) ) ;
#1000 = EDGE_CURVE ( 'NONE', #2466, #235, #923, .T. ) ;
#1001 = CARTESIAN_POINT ( 'NONE',  ( -0.0009759567090181464318, 11.18404983816547116, 44.58772221807274860 ) ) ;
#1002 = CARTESIAN_POINT ( 'NONE',  ( -1.931044556437862880, 9.331521007840795079, 51.55684204356089140 ) ) ;
#1003 = CARTESIAN_POINT ( 'NONE',  ( 2.246931611114973304, 9.814561148528108347, 50.95982166366275123 ) ) ;
#1004 = CARTESIAN_POINT ( 'NONE',  ( -4.475564725611405059, 8.420481084513276926, 28.18596041373919192 ) ) ;
#1005 = ORIENTED_EDGE ( 'NONE', *, *, #4691, .T. ) ;
#1006 = CARTESIAN_POINT ( 'NONE',  ( -0.2323069740920683246, 10.66845033721337188, 12.45380331418265207 ) ) ;
#1007 = CARTESIAN_POINT ( 'NONE',  ( 5.475652846933624751, 3.387770005182766830, 50.55806406115426199 ) ) ;
#1008 = CARTESIAN_POINT ( 'NONE',  ( 0.2566831770165016180, 7.991186788009060571, 55.10128338879887622 ) ) ;
#1009 = CARTESIAN_POINT ( 'NONE',  ( 2.404367522249034828, 7.337423479516957059, -5.827039535811461946 ) ) ;
#1010 = CARTESIAN_POINT ( 'NONE',  ( 3.666602565581734030, 4.599555429966367903, -8.621427401441852822 ) ) ;
#1011 = CARTESIAN_POINT ( 'NONE',  ( 0.006379305888077889918, 10.68211936292273201, 49.79926492016517159 ) ) ;
#1012 = PRODUCT_RELATED_PRODUCT_CATEGORY ( 'part', '', ( #4077 ) ) ;
#1013 = CARTESIAN_POINT ( 'NONE',  ( 5.106195682760059640, 1.562500000000003331, -7.610904124188313524 ) ) ;
#1014 = CARTESIAN_POINT ( 'NONE',  ( -1.131458114229279222, 9.163917879620216311, 52.96403113014878983 ) ) ;
#1015 = CARTESIAN_POINT ( 'NONE',  ( -0.3342717697036678426, 2.077014394004675690, 57.50000000000000000 ) ) ;
#1016 = ORIENTED_EDGE ( 'NONE', *, *, #2163, .F. ) ;
#1017 = CARTESIAN_POINT ( 'NONE',  ( 5.330844734737214985, 6.589638130221165291, 50.44814301371037146 ) ) ;
#1018 = CARTESIAN_POINT ( 'NONE',  ( 5.675116052050561244, 7.665322894661899866, 41.45540113598100618 ) ) ;
#1019 = CARTESIAN_POINT ( 'NONE',  ( 0.02261794226583294098, 8.130643173181015371, -6.554981571370780635 ) ) ;
#1020 = CARTESIAN_POINT ( 'NONE',  ( 2.486626537884771171, 10.49207447282146788, 18.26398571349293221 ) ) ;
#1021 = CARTESIAN_POINT ( 'NONE',  ( 3.439911672781738261, 5.452975690480950099, -7.634623574439886262 ) ) ;
#1022 = CARTESIAN_POINT ( 'NONE',  ( -0.7991066095582013418, 10.95899681467164122, 34.88697803837262512 ) ) ;
#1023 = CARTESIAN_POINT ( 'NONE',  ( 1.092774543933563214, 10.70441860369297693, 48.58974207744643081 ) ) ;
#1024 = CARTESIAN_POINT ( 'NONE',  ( -0.1690920257785710201, 9.110450148098477641, -2.360029755360142367 ) ) ;
#1025 = CARTESIAN_POINT ( 'NONE',  ( 4.959568139064502112, 9.116444667951444814, 42.90983440837590734 ) ) ;
#1026 = CARTESIAN_POINT ( 'NONE',  ( -3.203144455056813555, 3.505062589208588264, 56.25353666249658602 ) ) ;
#1027 = CARTESIAN_POINT ( 'NONE',  ( 6.091939023258349906, 4.504896832594868172, 44.41916679188699391 ) ) ;
#1028 = CARTESIAN_POINT ( 'NONE',  ( -5.106195682760059640, 1.562500000000003331, -7.610904124188313524 ) ) ;
#1029 = DIRECTION ( 'NONE',  ( 0.000000000000000000, 0.000000000000000000, -1.000000000000000000 ) ) ;
#1030 = CARTESIAN_POINT ( 'NONE',  ( 5.899996291402533011, 1.564248056160941092, 41.25558203556312264 ) ) ;
#1031 = CARTESIAN_POINT ( 'NONE',  ( 5.448244177777755937, 3.464323451605494597, 2.092276657021877373 ) ) ;
#1032 = CARTESIAN_POINT ( 'NONE',  ( -5.583479993391870622, 4.016067739927710711, 48.48519740086900498 ) ) ;
#1033 = CARTESIAN_POINT ( 'NONE',  ( 0.2306950875086978547, 11.21965423214932400, 43.78658789819969144 ) ) ;
#1034 = CARTESIAN_POINT ( 'NONE',  ( -0.2719053468922073002, 2.119019480083599305, 57.50000000000001421 ) ) ;
#1035 = CARTESIAN_POINT ( 'NONE',  ( 3.868118152254677256, 9.891435482744023844, 46.14292427992447188 ) ) ;
#1036 = CARTESIAN_POINT ( 'NONE',  ( -4.591502482601883095, 6.567630615815256867, -0.1969339167737732821 ) ) ;
#1037 = CARTESIAN_POINT ( 'NONE',  ( 5.602338215039531555, 5.701891314530474375, 50.43369148250010170 ) ) ;
#1038 = CARTESIAN_POINT ( 'NONE',  ( -5.145173295473060016, 2.625229814489713043, -6.585734496931457294 ) ) ;
#1039 = CARTESIAN_POINT ( 'NONE',  ( 0.4576964771921644970, 9.533795836738070406, 0.4071010221633007964 ) ) ;
#1040 = CARTESIAN_POINT ( 'NONE',  ( 4.227730665468435234, 8.376881225531148445, 6.185649547526116621 ) ) ;
#1041 = CARTESIAN_POINT ( 'NONE',  ( 5.952915543881726279, 2.522404592634087894, 42.04217395811834024 ) ) ;
#1042 = CARTESIAN_POINT ( 'NONE',  ( 5.335768084479598272, 5.159649355110182967, 28.18669224270740514 ) ) ;
#1043 = CARTESIAN_POINT ( 'NONE',  ( 0.04297698303671203951, 11.29296250682790514, 42.19442218279878887 ) ) ;
#1044 = CARTESIAN_POINT ( 'NONE',  ( -0.007612052099403946240, 10.52997001834849833, 50.81003585501390774 ) ) ;
#1045 = CARTESIAN_POINT ( 'NONE',  ( -2.134242110119258573, 10.66359074472348212, 36.12987811438270569 ) ) ;
#1046 = CARTESIAN_POINT ( 'NONE',  ( 2.439963315730007132, 10.84982621507496070, 43.76052512389481564 ) ) ;
#1047 = CARTESIAN_POINT ( 'NONE',  ( -3.833379675483374438, 6.747637687758411218, 52.96785842006781309 ) ) ;
#1048 = VERTEX_POINT ( 'NONE', #713 ) ;
#1049 = CARTESIAN_POINT ( 'NONE',  ( -3.939300970345105846, 3.286273346546676244, -9.945961796485036643 ) ) ;
#1050 = CARTESIAN_POINT ( 'NONE',  ( 3.003493125737328295, 3.449613765656897701, 50.95540067381246985 ) ) ;
#1051 = CARTESIAN_POINT ( 'NONE',  ( 0.4028714730064708593, 10.94799141106741835, 39.79816317322195829 ) ) ;
#1052 = CARTESIAN_POINT ( 'NONE',  ( 1.462434383211648364E-15, 1.562500000000000000, -14.99999999999999822 ) ) ;
#1053 = CARTESIAN_POINT ( 'NONE',  ( 4.476435050019045292, 5.225488282393161654, 53.29412920008033439 ) ) ;
#1054 = CARTESIAN_POINT ( 'NONE',  ( 0.005300160130388830750, 11.29311196271830653, 42.19484894258518182 ) ) ;
#1055 = CARTESIAN_POINT ( 'NONE',  ( 5.500000019995724188, 1.562500000000003331, 24.07205767170519550 ) ) ;
#1056 = CARTESIAN_POINT ( 'NONE',  ( -1.451004144957461994, 10.89364220299592745, 24.06628027999486719 ) ) ;
#1057 = CARTESIAN_POINT ( 'NONE',  ( -1.928903899482321327, 4.952696270260227962, 56.35104179460466867 ) ) ;
#1058 = VERTEX_POINT ( 'NONE', #5248 ) ;
#1059 = CARTESIAN_POINT ( 'NONE',  ( 5.545459905049780147, 6.278930174576708545, 49.90397974913584989 ) ) ;
#1060 = CARTESIAN_POINT ( 'NONE',  ( -4.087794922112336963E-05, 11.31379217906611778, 41.45540113598099197 ) ) ;
#1061 = AXIS2_PLACEMENT_3D ( 'NONE', #5608, #5776, #2268 ) ;
#1062 = CARTESIAN_POINT ( 'NONE',  ( 0.01550056484099124159, 9.413409455984467655, -0.5872294501147732326 ) ) ;
#1063 = CARTESIAN_POINT ( 'NONE',  ( 1.792666841313899306, 7.758873777322405907, -5.819156954264498083 ) ) ;
#1064 = CARTESIAN_POINT ( 'NONE',  ( 4.341114170654138960, 6.417241727703475895, 52.41500877346948073 ) ) ;
#1065 = CARTESIAN_POINT ( 'NONE',  ( -0.7139132180995105825, 9.626021088341628840, 52.33523947760835426 ) ) ;
#1066 = VECTOR ( 'NONE', #2335, 39.37007874015748143 ) ;
#1067 = CARTESIAN_POINT ( 'NONE',  ( -0.1628103730477422073, 9.408620294931029804, -0.5880115596704532654 ) ) ;
#1068 = CARTESIAN_POINT ( 'NONE',  ( 4.434019728787660597, 8.329149843093738070, 50.14463769150547989 ) ) ;
#1069 = CARTESIAN_POINT ( 'NONE',  ( -4.836612462676575852, 4.985286403360828622, -3.109588337425666094 ) ) ;
#1070 = CARTESIAN_POINT ( 'NONE',  ( 0.2999591220507833444, 11.06515853530437177, 42.76142520816062387 ) ) ;
#1071 = DIRECTION ( 'NONE',  ( 1.000000000000000000, 0.000000000000000000, -0.000000000000000000 ) ) ;
#1072 = CARTESIAN_POINT ( 'NONE',  ( 4.580860632724094827, 2.910348386255668718, -8.599825363007498780 ) ) ;
#1073 = CARTESIAN_POINT ( 'NONE',  ( -0.2955802516499889676, 9.305664262697103339, -1.177921339396652778 ) ) ;
#1074 = CARTESIAN_POINT ( 'NONE',  ( 0.2261890854182081190, 10.51973785171287901, 50.81223455737953287 ) ) ;
#1075 = CARTESIAN_POINT ( 'NONE',  ( -2.605241513348395710, 9.924757652273699549, 7.840620996926787711 ) ) ;
#1076 = CARTESIAN_POINT ( 'NONE',  ( 3.485741444100308062, 9.704970051176884382, 48.59120841523254342 ) ) ;
#1077 = CARTESIAN_POINT ( 'NONE',  ( -5.095611414040857490, 6.865297735787810218, 20.75028549245210030 ) ) ;
#1078 = CARTESIAN_POINT ( 'NONE',  ( 5.663331153848290889, 5.894494997428698646, 49.78942510184912607 ) ) ;
#1079 = CARTESIAN_POINT ( 'NONE',  ( -5.463001071946276710, 2.854002258354179311, 0.4266120431095176690 ) ) ;
#1080 = CARTESIAN_POINT ( 'NONE',  ( 0.7991066095582013418, 10.95899681467164122, 34.88697803837262512 ) ) ;
#1081 = CARTESIAN_POINT ( 'NONE',  ( 4.099359895513330798, 8.172956540135865922, 49.94099222031479002 ) ) ;
#1082 = CARTESIAN_POINT ( 'NONE',  ( 5.902863498633209360, 2.063262851289242139, 50.16046120653657425 ) ) ;
#1083 = CARTESIAN_POINT ( 'NONE',  ( 4.947871883631925094, 4.249999203037814866, -4.314585878342033887 ) ) ;
#1084 = CARTESIAN_POINT ( 'NONE',  ( 0.05205725416947776241, 10.73729759328280586, 49.39638370847076487 ) ) ;
#1085 = CARTESIAN_POINT ( 'NONE',  ( -0.001231455472021720978, 10.59477583728126504, 50.40448246735090976 ) ) ;
#1086 = CARTESIAN_POINT ( 'NONE',  ( -1.808694838539100402, 9.528263941607212573, 51.13414093218063528 ) ) ;
#1087 = CARTESIAN_POINT ( 'NONE',  ( 2.427114483890822072, 9.915000768552566512, 50.23567651859791994 ) ) ;
#1088 = CARTESIAN_POINT ( 'NONE',  ( -4.823867281202036672, 8.213487648659928198, 37.30541296555671948 ) ) ;
#1089 = CARTESIAN_POINT ( 'NONE',  ( 0.000000000000000000, 7.474250815729512887, -8.677396319203579012 ) ) ;
#1090 = CARTESIAN_POINT ( 'NONE',  ( -5.052332383145277106, 3.949751734976577833, -4.321783477373430493 ) ) ;
#1091 = CARTESIAN_POINT ( 'NONE',  ( -0.1497316967781177344, 8.015293919046998283, 55.10725835455281185 ) ) ;
#1092 = CARTESIAN_POINT ( 'NONE',  ( 5.530570962862450202, 3.186523203384384662, 49.36488547102406699 ) ) ;
#1093 = CARTESIAN_POINT ( 'NONE',  ( 0.2689265955669054020, 8.327631814509622643, -5.801815274861199967 ) ) ;
#1094 = CARTESIAN_POINT ( 'NONE',  ( 2.723447078587466930, 8.075321295525958121, -3.017429475572495523 ) ) ;
#1095 = CARTESIAN_POINT ( 'NONE',  ( 2.367915725626314138, 3.521768505242463654, -13.00429791496179632 ) ) ;
#1096 = CARTESIAN_POINT ( 'NONE',  ( 0.007189778689463201776, 10.92939090619861986, 47.78918763961985405 ) ) ;
#1097 = CARTESIAN_POINT ( 'NONE',  ( 5.499483430243215842, 1.562499999999994005, 48.45646686970584938 ) ) ;
#1098 = CARTESIAN_POINT ( 'NONE',  ( -1.353485236598463759, 9.933239868296737995, 50.25934218627522654 ) ) ;
#1099 = CARTESIAN_POINT ( 'NONE',  ( -3.985126549755728220, 9.320425365676259233, 46.35681202004362689 ) ) ;
#1100 = ORIENTED_EDGE ( 'NONE', *, *, #8504, .T. ) ;
#1101 = CARTESIAN_POINT ( 'NONE',  ( 5.543847086211899367, 6.602323996133777406, 49.37599022900106860 ) ) ;
#1102 = CARTESIAN_POINT ( 'NONE',  ( 4.661398822377131879, 9.487481759118985281, 41.45540113598099197 ) ) ;
#1103 = CARTESIAN_POINT ( 'NONE',  ( 0.008362756744552847163, 3.741154243769411192, -15.00000000000000000 ) ) ;
#1104 = CARTESIAN_POINT ( 'NONE',  ( 2.188789507141932322, 8.838923995330079109, 52.36091235443715419 ) ) ;
#1105 = CARTESIAN_POINT ( 'NONE',  ( 4.988587916886661588, 7.253475585355914745, 20.75022976923171214 ) ) ;
#1106 = CARTESIAN_POINT ( 'NONE',  ( -0.6610621787238188940, 11.04850797124021788, 24.06588480377662620 ) ) ;
#1107 = EDGE_CURVE ( 'NONE', #5023, #29, #6162, .T. ) ;
#1108 = CARTESIAN_POINT ( 'NONE',  ( 5.185548212214761143, 8.475514707197362441, 46.10695303195171135 ) ) ;
#1109 = CARTESIAN_POINT ( 'NONE',  ( -5.216288660816309708, 5.436070440397114290, 50.63574093326074177 ) ) ;
#1110 = CARTESIAN_POINT ( 'NONE',  ( -4.087794904117838927E-05, 10.64594905789912360, 50.05681282004319144 ) ) ;
#1111 = DIRECTION ( 'NONE',  ( -1.000000000000000000, 0.000000000000000000, 0.000000000000000000 ) ) ;
#1112 = DIRECTION ( 'NONE',  ( 1.000000000000000000, 0.000000000000000000, 0.000000000000000000 ) ) ;
#1113 = CARTESIAN_POINT ( 'NONE',  ( 5.451869459295609843, 2.841040888874938997, -0.6199802877588709293 ) ) ;
#1114 = CARTESIAN_POINT ( 'NONE',  ( -0.3402644038819800931, 8.104448661019727496, -6.556266768259886746 ) ) ;
#1115 = CARTESIAN_POINT ( 'NONE',  ( 0.4182610654457170618, 10.65669580861504606, 49.79978816448346635 ) ) ;
#1116 = CARTESIAN_POINT ( 'NONE',  ( -3.035257550231285517, 10.24237174717646148, 20.74972826024817607 ) ) ;
#1117 = CARTESIAN_POINT ( 'NONE',  ( 4.120333863181972589, 8.525051133790821467, 50.56861925144985292 ) ) ;
#1118 = CARTESIAN_POINT ( 'NONE',  ( -5.024930356828742006, 6.931383002450210995, 31.92483076568965572 ) ) ;
#1119 = MANIFOLD_SOLID_BREP ( 'Cut-Extrude3', #4633 ) ;
#1120 = CARTESIAN_POINT ( 'NONE',  ( 5.565558843874623740, 5.531351379561141535, 50.86857966488001637 ) ) ;
#1121 = CARTESIAN_POINT ( 'NONE',  ( -5.338174195394718602, 2.153389231209178689, 52.97307745177566574 ) ) ;
#1122 = CARTESIAN_POINT ( 'NONE',  ( 0.7425000400483705576, 10.93792142079833241, 18.26462311466791633 ) ) ;
#1123 = CARTESIAN_POINT ( 'NONE',  ( 5.921859912114795677, 2.082174691165269209, 42.81328462150831626 ) ) ;
#1124 = CARTESIAN_POINT ( 'NONE',  ( 5.684427689185249655, 4.481888783212541583, 46.27197539397607073 ) ) ;
#1125 = CARTESIAN_POINT ( 'NONE',  ( 0.08059798581401576845, 10.63839326971873867, 50.10151975318795792 ) ) ;
#1126 = CARTESIAN_POINT ( 'NONE',  ( -0.001102128790319223004, 10.62503144261139809, 50.20225348115487662 ) ) ;
#1127 = CARTESIAN_POINT ( 'NONE',  ( -1.761904655855559554, 8.884354597633130624, -1.788832589130989525 ) ) ;
#1128 = CARTESIAN_POINT ( 'NONE',  ( 2.459473910439670785, 10.00001299100433805, 49.82318772968051945 ) ) ;
#1129 = CARTESIAN_POINT ( 'NONE',  ( -2.461787049457632381, 4.400562610822918330, 56.31203974176150240 ) ) ;
#1130 = CARTESIAN_POINT ( 'NONE',  ( 5.578627020034633024E-13, 10.50443857165585904, 50.95540067381244853 ) ) ;
#1131 = CARTESIAN_POINT ( 'NONE',  ( 0.2273239754209278873, 9.404541020539241458, -0.5883048507538332084 ) ) ;
#1132 = CARTESIAN_POINT ( 'NONE',  ( 3.907367091663321634, 9.496880078681160242, 24.06772462792235245 ) ) ;
#1133 = CARTESIAN_POINT ( 'NONE',  ( 5.949990414772545755, 4.158054687945829997, 48.90118767973640246 ) ) ;
#1134 = CARTESIAN_POINT ( 'NONE',  ( 4.014295266426654685, 4.921885192640037765, -6.993562131090897971 ) ) ;
#1135 = CARTESIAN_POINT ( 'NONE',  ( 0.007433618860893911190, 10.54668066734100940, 50.70865416476178211 ) ) ;
#1136 = CARTESIAN_POINT ( 'NONE',  ( 0.8492922768074684381, 1.562500000000000000, 57.50000000000000711 ) ) ;
#1137 = CARTESIAN_POINT ( 'NONE',  ( -2.098488812743535728E-32, 1.562500000000000000, 57.50000000000000000 ) ) ;
#1138 = CARTESIAN_POINT ( 'NONE',  ( -2.771979518217683403, 7.094868814738277685, 54.05972159640731434 ) ) ;
#1139 = ORIENTED_EDGE ( 'NONE', *, *, #10, .T. ) ;
#1140 = CARTESIAN_POINT ( 'NONE',  ( -0.02337185440207321246, 10.07135314455296005, 51.11104909243451289 ) ) ;
#1141 = CARTESIAN_POINT ( 'NONE',  ( 5.929991357078916003, 6.844196221306529715, 42.86795373598197045 ) ) ;
#1142 = CARTESIAN_POINT ( 'NONE',  ( -0.0002558888377375819010, 10.57969455985930551, 50.50245518612077689 ) ) ;
#1143 = CARTESIAN_POINT ( 'NONE',  ( 0.05573205436218427872, 9.778966438356549773, 2.014881963192584280 ) ) ;
#1144 = CARTESIAN_POINT ( 'NONE',  ( 2.105029198092443377, 7.725423316209726998, 54.08747826329936004 ) ) ;
#1145 = CARTESIAN_POINT ( 'NONE',  ( 1.068357360573028991, 9.358849997255397568, -0.1921590856987981377 ) ) ;
#1146 = CARTESIAN_POINT ( 'NONE',  ( 1.462434383211648364E-15, 1.562500000000000000, -14.99999999999999822 ) ) ;
#1147 = CARTESIAN_POINT ( 'NONE',  ( -0.6979420940802039119, 10.99505608403316970, 20.74939856452743214 ) ) ;
#1148 = CARTESIAN_POINT ( 'NONE',  ( 5.259334619089305995, 8.588840990578752610, 44.49366456211272691 ) ) ;
#1149 = CARTESIAN_POINT ( 'NONE',  ( -2.220181263647982295, 2.431199336906609609, 57.23885658362059559 ) ) ;
#1150 = CARTESIAN_POINT ( 'NONE',  ( -5.500142625075692848, 1.562500000000004441, -2.560263961842025537 ) ) ;
#1151 = CARTESIAN_POINT ( 'NONE',  ( 0.1066836559422066205, 10.50461385187236019, 50.95540067381246985 ) ) ;
#1152 = CARTESIAN_POINT ( 'NONE',  ( 5.848585249803965880, 3.449613765656897701, 50.95540067381246985 ) ) ;
#1153 = CARTESIAN_POINT ( 'NONE',  ( 4.336560188241384672, 2.416369845973371788, -9.930845611153232610 ) ) ;
#1154 = CARTESIAN_POINT ( 'NONE',  ( -0.5003299822469456926, 10.88136597930277816, 42.68993699059820557 ) ) ;
#1155 = CARTESIAN_POINT ( 'NONE',  ( 0.4560680831180231043, 11.05350426273528264, 46.18100523990616324 ) ) ;
#1156 = CARTESIAN_POINT ( 'NONE',  ( 3.983126036744605081, 8.539216345222758520, 50.88650259716580848 ) ) ;
#1157 = CARTESIAN_POINT ( 'NONE',  ( -3.615454183651133580, 4.986362744282141435, 54.90112203604169139 ) ) ;
#1158 = CARTESIAN_POINT ( 'NONE',  ( 5.561934503983421152, 5.383706297592097734, 51.08664733262794044 ) ) ;
#1159 = CARTESIAN_POINT ( 'NONE',  ( -5.474690650152082227, 2.166494546018555400, 51.70095432902976285 ) ) ;
#1160 = EDGE_CURVE ( 'NONE', #1613, #287, #5205, .T. ) ;
#1161 = CARTESIAN_POINT ( 'NONE',  ( 0.5557534636382881477, 7.725920541767965055, -7.655254554606630180 ) ) ;
#1162 = CARTESIAN_POINT ( 'NONE',  ( 5.913275005092912373, 2.147532194779942394, 48.44434010538722646 ) ) ;
#1163 = CARTESIAN_POINT ( 'NONE',  ( 5.403441485652959564, 4.668716118129136561, 31.92485167913347155 ) ) ;
#1164 = CARTESIAN_POINT ( 'NONE',  ( 0.09771862626759469928, 10.73621819854796655, 49.39619559981799313 ) ) ;
#1165 = CARTESIAN_POINT ( 'NONE',  ( -0.0003136476470650700508, 10.54669114415750464, 50.70860781097556469 ) ) ;
#1166 = CARTESIAN_POINT ( 'NONE',  ( -2.090703072558887765, 9.695706291068445282, 49.94223926366398558 ) ) ;
#1167 = CARTESIAN_POINT ( 'NONE',  ( 2.670405146489653436, 9.810125567963972060, 50.13581812670684457 ) ) ;
#1168 = CARTESIAN_POINT ( 'NONE',  ( -4.205630674036768823, 7.224867653557176084, 51.61088415061164625 ) ) ;
#1169 = CARTESIAN_POINT ( 'NONE',  ( 0.000000000000000000, 10.09798677339744621, 50.95540067381244853 ) ) ;
#1170 = CARTESIAN_POINT ( 'NONE',  ( 0.3402644038819800931, 8.104448661019727496, -6.556266768259886746 ) ) ;
#1171 = CARTESIAN_POINT ( 'NONE',  ( 2.504085199089098879, 6.392959369008203829, 54.98477155659696791 ) ) ;
#1172 = CARTESIAN_POINT ( 'NONE',  ( 5.884373804262340357, 3.870583906982363320, 50.07425986582069299 ) ) ;
#1173 = CARTESIAN_POINT ( 'NONE',  ( 3.572245127143152565, 3.911366509699956584, -9.957298935483894553 ) ) ;
#1174 = CARTESIAN_POINT ( 'NONE',  ( 0.01276547953120275337, 10.52993931497843150, 50.81019060935830822 ) ) ;
#1175 = DIRECTION ( 'NONE',  ( 3.414809992080346871E-15, 0.000000000000000000, 1.000000000000000000 ) ) ;
#1176 = CARTESIAN_POINT ( 'NONE',  ( -1.140099354638164586, 8.325873843924743056, -4.986266199341715222 ) ) ;
#1177 = CARTESIAN_POINT ( 'NONE',  ( 1.319742894273588041, 11.11765753363110854, 43.77401840459886984 ) ) ;
#1178 = CARTESIAN_POINT ( 'NONE',  ( -3.276204100988623580, 8.140296944545395874, 51.99415980868040066 ) ) ;
#1179 = ORIENTED_EDGE ( 'NONE', *, *, #899, .F. ) ;
#1180 = CARTESIAN_POINT ( 'NONE',  ( -0.02265910652953022700, 9.986436085436672272, 51.52131436207378812 ) ) ;
#1181 = CARTESIAN_POINT ( 'NONE',  ( 5.346920997236632722, 6.131043943155711773, 51.09589639566185326 ) ) ;
#1182 = CARTESIAN_POINT ( 'NONE',  ( -0.0001273311066795474703, 10.55621029970474467, 50.65322295259727525 ) ) ;
#1183 = CARTESIAN_POINT ( 'NONE',  ( 0.05165546486955074901, 9.115793139302509118, -2.356826008056432276 ) ) ;
#1184 = CARTESIAN_POINT ( 'NONE',  ( 3.039744024100909936, 10.26046625395318124, 24.06710562166784939 ) ) ;
#1185 = CARTESIAN_POINT ( 'NONE',  ( 1.002982452451496087, 8.578735279165325522, -4.174232697229822264 ) ) ;
#1186 = CARTESIAN_POINT ( 'NONE',  ( 1.104989222250078118, 2.744704557731310057, -14.99999999999999112 ) ) ;
#1187 = CARTESIAN_POINT ( 'NONE',  ( -0.6931288742939202274, 9.494614675647033764, 52.68786719535325602 ) ) ;
#1188 = CARTESIAN_POINT ( 'NONE',  ( 4.739684943069169876, 7.916927155099555691, 50.14187010913149578 ) ) ;
#1189 = CIRCLE ( 'NONE', #1061, 0.1000000000000001582 ) ;
#1190 = CARTESIAN_POINT ( 'NONE',  ( -5.708419365483829999, 5.427427574598699067, 42.57199351549457589 ) ) ;
#1191 = CARTESIAN_POINT ( 'NONE',  ( 3.002771588037817629, 9.354046129579598912, 50.95540067381249116 ) ) ;
#1192 = CARTESIAN_POINT ( 'NONE',  ( 1.472364679129512632, 7.686503329264685824, -6.560948556927331587 ) ) ;
#1193 = AXIS2_PLACEMENT_3D ( 'NONE', #5160, #4636, #7804 ) ;
#1194 = CARTESIAN_POINT ( 'NONE',  ( 5.327899943985674014, 2.703515941428261016, -5.119419726333846121 ) ) ;
#1195 = CARTESIAN_POINT ( 'NONE',  ( -0.3722909547966390953, 10.03797618226403898, 51.11602271945672982 ) ) ;
#1196 = CARTESIAN_POINT ( 'NONE',  ( 0.3170651176356811263, 10.99657341520049947, 46.98337625446501420 ) ) ;
#1197 = CARTESIAN_POINT ( 'NONE',  ( 4.085898975499150154, 8.474271130094889415, 50.78103031064438255 ) ) ;
#1198 = CARTESIAN_POINT ( 'NONE',  ( -4.828007003579909195, 5.989157309830931197, 51.63490286485640723 ) ) ;
#1199 = CARTESIAN_POINT ( 'NONE',  ( 5.671024361874765773, 5.301841626789040696, 50.53583127394031749 ) ) ;
#1200 = CARTESIAN_POINT ( 'NONE',  ( -5.503684986816870683, 2.964467885943901315, 18.26059425818464632 ) ) ;
#1201 = CIRCLE ( 'NONE', #4778, 0.09999999999999947820 ) ;
#1202 = CARTESIAN_POINT ( 'NONE',  ( 1.008494196081609395, 10.90093837812614730, 39.79435526522145494 ) ) ;
#1203 = CARTESIAN_POINT ( 'NONE',  ( 5.902635583850041279, 1.954943478381523603, 49.94016988708231253 ) ) ;
#1204 = CARTESIAN_POINT ( 'NONE',  ( 5.481147763219460955, 4.925700662934021423, 15.73420140466534711 ) ) ;
#1205 = CARTESIAN_POINT ( 'NONE',  ( 0.09556093437967076720, 10.63791683184016179, 50.10154624241769028 ) ) ;
#1206 = CARTESIAN_POINT ( 'NONE',  ( -0.0001190546757908190860, 10.57936999160723346, 50.50571111370257427 ) ) ;
#1207 = CARTESIAN_POINT ( 'NONE',  ( -1.935557815398046388, 8.830608051843658046, 52.69994742135565247 ) ) ;
#1208 = CARTESIAN_POINT ( 'NONE',  ( 2.601971181752919637, 9.643253975953536283, 50.86388041717378883 ) ) ;
#1209 = CARTESIAN_POINT ( 'NONE',  ( -2.771323674580859819, 5.025641507053297374, -9.979973213481596162 ) ) ;
#1210 = DIRECTION ( 'NONE',  ( 0.000000000000000000, 0.000000000000000000, -1.000000000000000000 ) ) ;
#1211 = CARTESIAN_POINT ( 'NONE',  ( 0.3395261236979082442, 9.730816409428303615, 52.32836281417207402 ) ) ;
#1212 = CARTESIAN_POINT ( 'NONE',  ( 3.754999343690677893, 8.938712005683621342, 6.181577763284910709 ) ) ;
#1213 = CARTESIAN_POINT ( 'NONE',  ( 5.891478506772852342, 3.872057734542137197, 49.96560132456069425 ) ) ;
#1214 = CARTESIAN_POINT ( 'NONE',  ( 4.706482924944467072, 5.033533833840056815, 52.96994603275094704 ) ) ;
#1215 = CARTESIAN_POINT ( 'NONE',  ( 0.008860521292852465911, 10.83561061928706515, 48.59266521994978660 ) ) ;
#1216 = CARTESIAN_POINT ( 'NONE',  ( -0.05754034735427291519, 10.62502702958086509, 50.20220222123921872 ) ) ;
#1217 = CARTESIAN_POINT ( 'NONE',  ( -1.151248366940392565, 7.483989475444207784, -7.651671929308207609 ) ) ;
#1218 = CARTESIAN_POINT ( 'NONE',  ( 1.412620646126927282, 10.28877117034645927, 50.52616493474070580 ) ) ;
#1219 = CARTESIAN_POINT ( 'NONE',  ( -3.815729189453638259, 9.201393649891517867, 10.78488434446470734 ) ) ;
#1220 = CARTESIAN_POINT ( 'NONE',  ( -0.01550056484099124159, 9.413409455984467655, -0.5872294501147732326 ) ) ;
#1221 = CARTESIAN_POINT ( 'NONE',  ( 5.386873880642377266, 6.160542772814368462, 50.87744114391664141 ) ) ;
#1222 = CARTESIAN_POINT ( 'NONE',  ( 0.000000000000000000, 10.44863700122230199, 48.58780644073765131 ) ) ;
#1223 = CARTESIAN_POINT ( 'NONE',  ( 0.02481990344706207219, 3.737639552287824962, -15.00000000000000000 ) ) ;
#1224 = CARTESIAN_POINT ( 'NONE',  ( 2.711903448118352600, 10.38807854833772382, 33.64199711006648386 ) ) ;
#1225 = CARTESIAN_POINT ( 'NONE',  ( 0.9495526624008707728, 7.936562466248293646, -6.558745362260292033 ) ) ;
#1226 = CARTESIAN_POINT ( 'NONE',  ( 4.988506664927602863, 7.219198203959932059, 10.78328626044557481 ) ) ;
#1227 = CARTESIAN_POINT ( 'NONE',  ( -1.043698298263215918, 10.65402460662295603, 12.45279667931070833 ) ) ;
#1228 = CARTESIAN_POINT ( 'NONE',  ( 4.914544345285898785, 8.125827081341956415, 48.98345960343612404 ) ) ;
#1229 = CARTESIAN_POINT ( 'NONE',  ( -5.140657908701544265, 4.961332583094209880, 51.65291690054013429 ) ) ;
#1230 = DIRECTION ( 'NONE',  ( -1.000000000000000000, 0.000000000000000000, 0.000000000000000000 ) ) ;
#1231 = CARTESIAN_POINT ( 'NONE',  ( 5.645242970720011577, 5.106475181318208989, 50.95540067381246985 ) ) ;
#1232 = CARTESIAN_POINT ( 'NONE',  ( 1.668961605747832921, 8.493718522614807753, -3.588488056714084440 ) ) ;
#1233 = CARTESIAN_POINT ( 'NONE',  ( 4.102505759835742616, 7.617709539358672899, 51.17037735762837514 ) ) ;
#1234 = CARTESIAN_POINT ( 'NONE',  ( 5.494023642219406867, 2.865478816638596271, 4.158238638415645561 ) ) ;
#1235 = CARTESIAN_POINT ( 'NONE',  ( -0.5427933114736449571, 10.43682716558613777, 9.116299628959357193 ) ) ;
#1236 = CARTESIAN_POINT ( 'NONE',  ( 0.3309790579363632856, 11.17563555290852761, 44.58296109657040773 ) ) ;
#1237 = CARTESIAN_POINT ( 'NONE',  ( -0.2536616247159464987, 9.492598604555094965, 52.96298732380721930 ) ) ;
#1238 = CARTESIAN_POINT ( 'NONE',  ( 4.112018444360190372, 8.736125691875532340, 50.04060995566970860 ) ) ;
#1239 = CARTESIAN_POINT ( 'NONE',  ( -4.848474138380054477, 5.925177767276218255, -0.1976412991552510268 ) ) ;
#1240 = CARTESIAN_POINT ( 'NONE',  ( 5.859823061075391415, 5.413009281771925529, 48.92722406917634714 ) ) ;
#1241 = CARTESIAN_POINT ( 'NONE',  ( -5.505554585795617406, 2.349314138428126864, 10.77982374507072727 ) ) ;
#1242 = CARTESIAN_POINT ( 'NONE',  ( 0.6030447222974616439, 9.752034567570547097, 2.020321845825953311 ) ) ;
#1243 = CARTESIAN_POINT ( 'NONE',  ( 5.911573585213650617, 2.028135226171237093, 47.60057879390020474 ) ) ;
#1244 = CARTESIAN_POINT ( 'NONE',  ( 3.649507710233254709, 2.830578819683220004, 56.21453460965327054 ) ) ;
#1245 = CARTESIAN_POINT ( 'NONE',  ( 0.09281581322152265834, 10.51067671730658937, 50.91251800929639870 ) ) ;
#1246 = CARTESIAN_POINT ( 'NONE',  ( -0.001134613049922352087, 10.49404214425898196, 51.01317908670057477 ) ) ;
#1247 = CARTESIAN_POINT ( 'NONE',  ( -2.374057416792969555, 10.59505838826176216, 39.78547014655367775 ) ) ;
#1248 = CARTESIAN_POINT ( 'NONE',  ( 2.812169751970841070, 10.59011484474889109, 45.35395379029100837 ) ) ;
#1249 = CARTESIAN_POINT ( 'NONE',  ( -3.841832308435972454, 6.469077076089148726, -4.257005086090881463 ) ) ;
#1250 = CARTESIAN_POINT ( 'NONE',  ( 0.000000000000000000, 10.00713283971853862, 4.074066620414160234 ) ) ;
#1251 = CARTESIAN_POINT ( 'NONE',  ( 1.786002316902838949, 9.847198995433910085, 4.089097337914426866 ) ) ;
#1252 = CYLINDRICAL_SURFACE ( 'NONE', #5336, 0.1000000000000001582 ) ;
#1253 = CARTESIAN_POINT ( 'NONE',  ( 0.4656265753920579287, 10.19557447177676046, 6.161727815109128592 ) ) ;
#1254 = CARTESIAN_POINT ( 'NONE',  ( 3.276204100988623580, 8.140296944545395874, 51.99415980868040066 ) ) ;
#1255 = EDGE_CURVE ( 'NONE', #4024, #1313, #32, .T. ) ;
#1256 = CARTESIAN_POINT ( 'NONE',  ( 6.042635091426699745, 3.614586891696095261, 45.20068501471413924 ) ) ;
#1257 = CARTESIAN_POINT ( 'NONE',  ( 5.055604276367136940, 5.255069482420108962, -0.1983486815367291323 ) ) ;
#1258 = CARTESIAN_POINT ( 'NONE',  ( 0.009709105132007149128, 10.61016407996483757, 50.30327884323455834 ) ) ;
#1259 = CARTESIAN_POINT ( 'NONE',  ( -0.05871836431288269403, 10.68212069384535923, 49.79944911582135347 ) ) ;
#1260 = CARTESIAN_POINT ( 'NONE',  ( -2.098488812743535728E-32, 1.562500000000000000, 57.50000000000000000 ) ) ;
#1261 = CARTESIAN_POINT ( 'NONE',  ( 1.525462665491520875, 10.71772253735089286, 47.78014395996983410 ) ) ;
#1262 = CARTESIAN_POINT ( 'NONE',  ( -2.861435053376815585, 6.434032430616709597, -6.993487564530862954 ) ) ;
#1263 = CARTESIAN_POINT ( 'NONE',  ( 5.536616363364746718, 5.809050674947276782, 50.65369628771296817 ) ) ;
#1264 = CARTESIAN_POINT ( 'NONE',  ( 3.003493125737326963, 1.570161063945299196, 41.45540113598098486 ) ) ;
#1265 = CARTESIAN_POINT ( 'NONE',  ( 0.06918136839569438701, 7.801485790990454028, -7.657972408281287002 ) ) ;
#1266 = CARTESIAN_POINT ( 'NONE',  ( 2.718661557637085835, 9.271137631411493274, 50.26254158694209195 ) ) ;
#1267 = CARTESIAN_POINT ( 'NONE',  ( 1.225669667348785463, 9.552538161931831695, 51.94947462100061841 ) ) ;
#1268 = ADVANCED_FACE ( 'NONE', ( #8456 ), #5290, .F. ) ;
#1269 = CARTESIAN_POINT ( 'NONE',  ( 4.594983243037765952, 6.219877215376975244, 52.03884499636019711 ) ) ;
#1270 = CARTESIAN_POINT ( 'NONE',  ( -0.2129927301147761520, 3.661814214801274669, -15.00000000000000000 ) ) ;
#1271 = CARTESIAN_POINT ( 'NONE',  ( -2.028075783114436703, 7.161078220359286206, -6.993444955067997348 ) ) ;
#1272 = ORIENTED_EDGE ( 'NONE', *, *, #7663, .T. ) ;
#1273 = CARTESIAN_POINT ( 'NONE',  ( 4.977024260269820921, 8.633481351624242350, 46.92318887881055645 ) ) ;
#1274 = CARTESIAN_POINT ( 'NONE',  ( -5.285651967978043153, 5.463042429089419727, 28.18661092837754722 ) ) ;
#1275 = DIRECTION ( 'NONE',  ( 0.000000000000000000, 0.000000000000000000, -1.000000000000000000 ) ) ;
#1276 = CARTESIAN_POINT ( 'NONE',  ( 0.000000000000000000, 9.986438591694255962, 51.52081397219369308 ) ) ;
#1277 = CARTESIAN_POINT ( 'NONE',  ( 1.761904655855559554, 8.884354597633130624, -1.788832589130989525 ) ) ;
#1278 = CARTESIAN_POINT ( 'NONE',  ( 3.909965545804590104, 6.858123732346526502, 52.72561790161081774 ) ) ;
#1279 = CARTESIAN_POINT ( 'NONE',  ( 5.491998366975140655, 2.180533591297508789, -1.257040067296377517 ) ) ;
#1280 = CARTESIAN_POINT ( 'NONE',  ( -0.4527258241118961579, 9.355220583467206197, 53.14616870233992785 ) ) ;
#1281 = CARTESIAN_POINT ( 'NONE',  ( 0.2940350986164956271, 10.65392698188043319, 49.90029429201201339 ) ) ;
#1282 = CARTESIAN_POINT ( 'NONE',  ( 4.081632300276447189, 8.689490672627425027, 50.25107698629366126 ) ) ;
#1283 = CARTESIAN_POINT ( 'NONE',  ( -2.959683160113998124, 3.816109970478848812, 56.27303768891809455 ) ) ;
#1284 = CARTESIAN_POINT ( 'NONE',  ( 5.655857390438460364, 5.293326155172704439, 50.64530335984724019 ) ) ;
#1285 = CARTESIAN_POINT ( 'NONE',  ( -5.355823156074387192, 2.104015563229022501, -5.893253220805862114 ) ) ;
#1286 = CARTESIAN_POINT ( 'NONE',  ( 0.9534138063045198841, 10.59760757089750349, 46.41228212170305056 ) ) ;
#1287 = CARTESIAN_POINT ( 'NONE',  ( 5.897571808764868528, 1.657773826874035406, 50.71948527043023347 ) ) ;
#1288 = CARTESIAN_POINT ( 'NONE',  ( 5.583479993391870622, 4.016067739927710711, 48.48519740086900498 ) ) ;
#1289 = CARTESIAN_POINT ( 'NONE',  ( 0.1105608583729529859, 10.63732415759302441, 50.10157996783112822 ) ) ;
#1290 = CARTESIAN_POINT ( 'NONE',  ( 0.0004870755704957867413, 10.73769609543959724, 49.39664418291253156 ) ) ;
#1291 = CARTESIAN_POINT ( 'NONE',  ( -2.337073717897185876, 10.59691685670258465, 37.31210024647517542 ) ) ;
#1292 = CARTESIAN_POINT ( 'NONE',  ( 2.622525472669835267, 9.693327131471859204, 50.65532236809529110 ) ) ;
#1293 = CARTESIAN_POINT ( 'NONE',  ( -5.218024433865050327, 7.966111140722113682, 42.60609765287399142 ) ) ;
#1294 = CARTESIAN_POINT ( 'NONE',  ( 1.946063041697389195, 10.72569797293389726, 36.12993022135325560 ) ) ;
#1295 = CARTESIAN_POINT ( 'NONE',  ( 0.3928338799241409274, 10.18305173730281510, 50.25714259831665487 ) ) ;
#1296 = CARTESIAN_POINT ( 'NONE',  ( 3.567530452233874882, 8.617833278255590201, 50.26494113744220016 ) ) ;
#1297 = CARTESIAN_POINT ( 'NONE',  ( 6.082937263737369982, 4.199038710906438432, 44.41478734129700001 ) ) ;
#1298 = CARTESIAN_POINT ( 'NONE',  ( 5.439735981566955481, 5.816893464898316601, 37.30095477827788386 ) ) ;
#1299 = CARTESIAN_POINT ( 'NONE',  ( 0.01198190798754567368, 11.31537588332184896, 41.39864038151563363 ) ) ;
#1300 = CARTESIAN_POINT ( 'NONE',  ( -0.07346319901650250062, 11.26363647468454054, 42.99282705998047049 ) ) ;
#1301 = CARTESIAN_POINT ( 'NONE',  ( -1.703231145652104095, 10.76444312151595994, 18.26427434798728910 ) ) ;
#1302 = CARTESIAN_POINT ( 'NONE',  ( 1.251326312726493528, 10.78375322554905580, 47.78082815989137089 ) ) ;
#1303 = CARTESIAN_POINT ( 'NONE',  ( -4.152622556597549419, 9.144351292733020387, 18.26319196863359551 ) ) ;
#1304 = CARTESIAN_POINT ( 'NONE',  ( -0.06504168366024218328, 6.956305812939282518, -10.03571414689259100 ) ) ;
#1305 = CARTESIAN_POINT ( 'NONE',  ( 5.387799584105605888, 6.008447036350350601, 51.09450439782647635 ) ) ;
#1306 = CARTESIAN_POINT ( 'NONE',  ( 0.0005900313367705102173, 10.53134970445518803, 50.80432682029761082 ) ) ;
#1307 = CARTESIAN_POINT ( 'NONE',  ( 0.1175453564775699733, 9.777604712564285094, 2.015623765369861875 ) ) ;
#1308 = CARTESIAN_POINT ( 'NONE',  ( 2.590864166731948970, 9.783047419461228245, 6.173773510155973199 ) ) ;
#1309 = CARTESIAN_POINT ( 'NONE',  ( 1.546148262171377796, 10.83225844488233491, 34.88708690589931649 ) ) ;
#1310 = CARTESIAN_POINT ( 'NONE',  ( 0.5491432010155123944, 1.912941549481963044, 57.49999999999997868 ) ) ;
#1311 = CARTESIAN_POINT ( 'NONE',  ( -0.6803123710352474429, 8.028769866404447342, -6.557643764926782914 ) ) ;
#1312 = CARTESIAN_POINT ( 'NONE',  ( -2.839283625207623896, 8.728274020285843093, 51.57485607924449766 ) ) ;
#1313 = VERTEX_POINT ( 'NONE', #4593 ) ;
#1314 = CARTESIAN_POINT ( 'NONE',  ( 4.948974890968653284, 7.069750492131178454, 51.10333394923193850 ) ) ;
#1315 = CARTESIAN_POINT ( 'NONE',  ( -5.375293748688245721, 5.572378185805709983, 20.75050838533367425 ) ) ;
#1316 = SURFACE_SIDE_STYLE ('',( #2562 ) ) ;
#1317 = CARTESIAN_POINT ( 'NONE',  ( 0.000000000000000000, 10.25817259538964521, 49.94330815796344325 ) ) ;
#1318 = CARTESIAN_POINT ( 'NONE',  ( 1.629029708210449900, 9.027791499438121647, 52.69692736485509243 ) ) ;
#1319 = UNCERTAINTY_MEASURE_WITH_UNIT (LENGTH_MEASURE( 1.000000000000000082E-05 ), #3897, 'distance_accuracy_value', 'NONE');
#1320 = CARTESIAN_POINT ( 'NONE',  ( 2.623230440055046131, 5.196514410837363762, -9.983752259814552943 ) ) ;
#1321 = CARTESIAN_POINT ( 'NONE',  ( 5.500070824999731656, 2.086676173739526519, 18.26040183518843918 ) ) ;
#1322 = CARTESIAN_POINT ( 'NONE',  ( -0.4842401901534250097, 10.21658184420989457, 49.94304093438854153 ) ) ;
#1323 = CARTESIAN_POINT ( 'NONE',  ( 0.6518843679695159876, 10.47131323783128920, 50.71659065032632441 ) ) ;
#1324 = CARTESIAN_POINT ( 'NONE',  ( 4.859321358647359368, 9.197747717085093200, 43.71020793837297447 ) ) ;
#1325 = CARTESIAN_POINT ( 'NONE',  ( -5.209449858735265337, 6.481055032710713704, 10.78275356577251642 ) ) ;
#1326 = CARTESIAN_POINT ( 'NONE',  ( 5.617575970618896797, 5.129646836378170427, 51.08326381757260748 ) ) ;
#1327 = CARTESIAN_POINT ( 'NONE',  ( -5.331152239484380218, 1.753449293595974456, 53.10470177965144956 ) ) ;
#1328 = CARTESIAN_POINT ( 'NONE',  ( 0.8456884775797194331, 9.434622553534932621, 52.68937722360355735 ) ) ;
#1329 = CARTESIAN_POINT ( 'NONE',  ( 5.897841051122211020, 1.860549873893887263, 50.71868629099866155 ) ) ;
#1330 = CARTESIAN_POINT ( 'NONE',  ( 5.182770120756861054, 3.322306998950811163, 52.97180168846929149 ) ) ;
#1331 = CARTESIAN_POINT ( 'NONE',  ( 0.1248114622926800588, 11.13242729544674603, 45.38481655429946215 ) ) ;
#1332 = CARTESIAN_POINT ( 'NONE',  ( -0.0005008446007432017840, 10.59477590267873737, 50.40448493679558339 ) ) ;
#1333 = CARTESIAN_POINT ( 'NONE',  ( -2.590073119083481146, 10.47908278642031377, 42.66009587039121698 ) ) ;
#1334 = CARTESIAN_POINT ( 'NONE',  ( 2.713447526389597186, 9.574856436533876192, 50.86632021954166305 ) ) ;
#1335 = VECTOR ( 'NONE', #5882, 39.37007874015748143 ) ;
#1336 = CARTESIAN_POINT ( 'NONE',  ( -4.186364737644375111, 7.024038706476457783, -1.215760731000872008 ) ) ;
#1337 = CARTESIAN_POINT ( 'NONE',  ( 1.438489552881727862, 8.205212241206139012, -4.991814262966393301 ) ) ;
#1338 = CARTESIAN_POINT ( 'NONE',  ( 2.098488812743535728E-32, 1.562500000000000000, 57.50000000000000000 ) ) ;
#1339 = CARTESIAN_POINT ( 'NONE',  ( 4.220512750064025376, 9.213525268944803059, 37.30764205919631848 ) ) ;
#1340 = CARTESIAN_POINT ( 'NONE',  ( 5.875208730908529020, 3.108476359526341604, 50.83597235736597497 ) ) ;
#1341 = CARTESIAN_POINT ( 'NONE',  ( 4.500287505035777791, 4.616263418866958013, -5.864875927236828268 ) ) ;
#1342 = CARTESIAN_POINT ( 'NONE',  ( 0.01175287681199535875, 11.18403723600660271, 44.58753040210540775 ) ) ;
#1343 = CARTESIAN_POINT ( 'NONE',  ( -0.05653599848567097269, 11.22383920892543152, 43.79060942609167029 ) ) ;
#1344 = CARTESIAN_POINT ( 'NONE',  ( -1.738907192681477420, 10.78298430825494947, 34.88711530612363276 ) ) ;
#1345 = CARTESIAN_POINT ( 'NONE',  ( 1.347853271970944844, 10.58553616379284890, 48.99524811556555193 ) ) ;
#1346 = CARTESIAN_POINT ( 'NONE',  ( -4.033565991100951820, 8.768951796475640492, 7.845452572849962891 ) ) ;
#1347 = CARTESIAN_POINT ( 'NONE',  ( -0.02362860929747478966, 4.057255723315527085, 57.30183241824291684 ) ) ;
#1348 = CARTESIAN_POINT ( 'NONE',  ( 5.961827716361618457, 6.678930660392345509, 43.65949587575217805 ) ) ;
#1349 = CARTESIAN_POINT ( 'NONE',  ( 5.625874095022065369, 5.827355215153382950, 41.45540113598097065 ) ) ;
#1350 = CARTESIAN_POINT ( 'NONE',  ( 0.1030376158811826676, 9.411475164519282899, -0.5877182685870736556 ) ) ;
#1351 = CARTESIAN_POINT ( 'NONE',  ( 2.260475272632182620, 7.745479620752477423, -5.008458453840400892 ) ) ;
#1352 = CARTESIAN_POINT ( 'NONE',  ( 1.562751051889851972, 10.82794516420936937, 36.13003443529442649 ) ) ;
#1353 = CARTESIAN_POINT ( 'NONE',  ( 4.989138687420528129, 6.873245266144182963, 28.18628567105826122 ) ) ;
#1354 = CARTESIAN_POINT ( 'NONE',  ( -1.139587910868365306, 10.91871424622689091, 33.64216456305049974 ) ) ;
#1355 = CARTESIAN_POINT ( 'NONE',  ( -2.962852256893693692, 8.641415692118700420, -0.1941043872478631083 ) ) ;
#1356 = CARTESIAN_POINT ( 'NONE',  ( 5.531773767143252307, 8.119981606137340435, 42.88915911026646199 ) ) ;
#1357 = CARTESIAN_POINT ( 'NONE',  ( -5.453324828576295857, 4.987326698694654503, 10.78168817642642097 ) ) ;
#1358 = DIRECTION ( 'NONE',  ( 1.000000000000000000, 0.000000000000000000, 0.000000000000000000 ) ) ;
#1359 = CARTESIAN_POINT ( 'NONE',  ( 0.000000000000000000, 10.95835215409945818, 39.80070177855562008 ) ) ;
#1360 = CARTESIAN_POINT ( 'NONE',  ( 1.543386044665830736, 8.698670155711040408, 53.34112772708196104 ) ) ;
#1361 = CARTESIAN_POINT ( 'NONE',  ( 3.228586388457129974, 6.031820275509925722, -6.993508869262329064 ) ) ;
#1362 = EDGE_CURVE ( 'NONE', #1487, #1784, #6984, .T. ) ;
#1363 = CARTESIAN_POINT ( 'NONE',  ( 5.500431826596452467, 1.765306846360019888, -0.6238908355372709824 ) ) ;
#1364 = CARTESIAN_POINT ( 'NONE',  ( -0.5233094172502997798, 10.95442757698667968, 18.26470729972874807 ) ) ;
#1365 = CARTESIAN_POINT ( 'NONE',  ( -0.2337991493030448509, 9.550821518374059238, 0.4065435644219803080 ) ) ;
#1366 = CARTESIAN_POINT ( 'NONE',  ( 0.5373345816564603084, 10.57928449818104077, 50.20541124206925332 ) ) ;
#1367 = CARTESIAN_POINT ( 'NONE',  ( 4.730657775335475712, 9.225346490746881400, 45.31359213381000473 ) ) ;
#1368 = CARTESIAN_POINT ( 'NONE',  ( -5.092278173795453000, 6.267995500504196293, 4.131183346915165977 ) ) ;
#1369 = CARTESIAN_POINT ( 'NONE',  ( 5.741763039226604803, 4.909349997306331481, 50.52912495597632869 ) ) ;
#1370 = CARTESIAN_POINT ( 'NONE',  ( -5.499964204202823836, 1.751673452720116320, 50.28120475749872043 ) ) ;
#1371 = CARTESIAN_POINT ( 'NONE',  ( 1.173036728340290491, 10.90298930031534930, 36.13013864923539842 ) ) ;
#1372 = CARTESIAN_POINT ( 'NONE',  ( 5.900577722125444957, 1.753037351656233866, 50.04918474743622880 ) ) ;
#1373 = CARTESIAN_POINT ( 'NONE',  ( 5.110070960910176652, 3.281505012517195397, 53.27360110782685609 ) ) ;
#1374 = CARTESIAN_POINT ( 'NONE',  ( 0.1500968157438323236, 10.92683205210398967, 47.78743458925925580 ) ) ;
#1375 = CARTESIAN_POINT ( 'NONE',  ( 0.0004960541017819965724, 10.61018191227641339, 50.30326203986179934 ) ) ;
#1376 = CARTESIAN_POINT ( 'NONE',  ( -1.462434383211648364E-15, 1.562500000000000000, -14.99999999999999822 ) ) ;
#1377 = CARTESIAN_POINT ( 'NONE',  ( 3.051074194633141001, 9.389094960195190964, 50.76824009593183007 ) ) ;
#1378 = CARTESIAN_POINT ( 'NONE',  ( -4.797749425779050725, 7.704765520070736784, 31.92482379454186869 ) ) ;
#1379 = CARTESIAN_POINT ( 'NONE',  ( 1.479433564507644405, 8.412153227160407809, -4.185029095776919839 ) ) ;
#1380 = CARTESIAN_POINT ( 'NONE',  ( 0.4665866298292464798, 10.11728480534316432, 50.59586611247382848 ) ) ;
#1381 = CARTESIAN_POINT ( 'NONE',  ( 3.816643224269607337, 8.368899707245391895, 50.26574098760898579 ) ) ;
#1382 = CARTESIAN_POINT ( 'NONE',  ( 5.898116348330559866, 3.355827880987924949, 50.17482724733886101 ) ) ;
#1383 = CARTESIAN_POINT ( 'NONE',  ( 4.946249740334315526, 4.676193223614610872, -3.117268242580098825 ) ) ;
#1384 = CARTESIAN_POINT ( 'NONE',  ( 0.02133718323412671369, 10.68204662552084905, 49.79923182496241907 ) ) ;
#1385 = CARTESIAN_POINT ( 'NONE',  ( -0.03921176764860154901, 11.13389942392612930, 45.38739925143015341 ) ) ;
#1386 = CARTESIAN_POINT ( 'NONE',  ( -1.382838946249107748, 8.877289468914723258, -2.384057860137964280 ) ) ;
#1387 = CARTESIAN_POINT ( 'NONE',  ( 1.666127794454910216, 10.19720407208033564, 50.53132627373587837 ) ) ;
#1388 = CARTESIAN_POINT ( 'NONE',  ( -4.220512750064025376, 9.213525268944803059, 37.30764205919631848 ) ) ;
#1389 = CARTESIAN_POINT ( 'NONE',  ( -0.06213995422739068686, 9.639262347143642273, 52.68107206822691069 ) ) ;
#1390 = CARTESIAN_POINT ( 'NONE',  ( 5.553846802795298743, 5.820454489184069935, 50.54462584269040093 ) ) ;
#1391 = CARTESIAN_POINT ( 'NONE',  ( 5.526600585172101177, 6.616949888430215587, 41.45540113598102039 ) ) ;
#1392 = CARTESIAN_POINT ( 'NONE',  ( 0.2796142758984679899, 10.19770198315729637, 6.160709869048822895 ) ) ;
#1393 = CARTESIAN_POINT ( 'NONE',  ( 3.350650070053703633, 10.01192274537545401, 36.12951336558878523 ) ) ;
#1394 = CARTESIAN_POINT ( 'NONE',  ( 0.8838471321756998789, 6.697096428685926917, -10.02154272314402128 ) ) ;
#1395 = CARTESIAN_POINT ( 'NONE',  ( 4.454025612658560007, 5.636991018281125143, 52.96925016185645063 ) ) ;
#1396 = CARTESIAN_POINT ( 'NONE',  ( 0.003577757898639048143, 10.68212364927013702, 49.79927162564464993 ) ) ;
#1397 = CARTESIAN_POINT ( 'NONE',  ( -0.6619193497109350233, 7.694826087564178962, -7.654636860589661751 ) ) ;
#1398 = CARTESIAN_POINT ( 'NONE',  ( -2.402756081665112564, 8.111254851652258679, -3.607964139507473078 ) ) ;
#1399 = ORIENTED_EDGE ( 'NONE', *, *, #843, .F. ) ;
#1400 = CARTESIAN_POINT ( 'NONE',  ( 5.529390805965848976, 7.658335103620495410, 46.89958257410654596 ) ) ;
#1401 = CARTESIAN_POINT ( 'NONE',  ( -5.365328729666185126, 5.032151970215851478, 31.92484819355956205 ) ) ;
#1402 = CARTESIAN_POINT ( 'NONE',  ( 5.095106242607511327, 8.645623341073207513, 41.75540113598098912 ) ) ;
#1403 = CARTESIAN_POINT ( 'NONE',  ( 0.000000000000000000, 10.43748798498713448, 9.115923342099762294 ) ) ;
#1404 = CARTESIAN_POINT ( 'NONE',  ( 0.8738433605786959379, 5.105024047080723548, -13.05122408096849362 ) ) ;
#1405 = CARTESIAN_POINT ( 'NONE',  ( 4.719166157574062659, 8.049282973624288573, 20.75011832279086121 ) ) ;
#1406 = CARTESIAN_POINT ( 'NONE',  ( 5.499011604705792422, 1.753213690389398671, 50.65687118017356028 ) ) ;
#1407 = CARTESIAN_POINT ( 'NONE',  ( -0.3935168779119941340, 7.429501715797711903, -8.672977720432921700 ) ) ;
#1408 = CARTESIAN_POINT ( 'NONE',  ( 0.6670524257427085102, 10.58569549053450309, 50.00411279903978823 ) ) ;
#1409 = CARTESIAN_POINT ( 'NONE',  ( 4.335816462460787335, 8.404714652217327497, 50.25063651916593699 ) ) ;
#1410 = CARTESIAN_POINT ( 'NONE',  ( -5.236569639972202594, 5.987859866396570752, 6.199900792370275582 ) ) ;
#1411 = CARTESIAN_POINT ( 'NONE',  ( 5.875719256392653911, 5.272956518696278572, 48.92423591518706161 ) ) ;
#1412 = CARTESIAN_POINT ( 'NONE',  ( -4.888035760968211463, 1.714878388152174971, -8.585096700438617390 ) ) ;
#1413 = DIRECTION ( 'NONE',  ( 3.414809992080346871E-15, 0.000000000000000000, 1.000000000000000000 ) ) ;
#1414 = CARTESIAN_POINT ( 'NONE',  ( 1.204202568939636953, 10.41579822078345785, 9.116826430562770867 ) ) ;
#1415 = CARTESIAN_POINT ( 'NONE',  ( 5.908714619904309906, 1.907736612229712803, 45.97391378283479213 ) ) ;
#1416 = CARTESIAN_POINT ( 'NONE',  ( 5.412198423232138289, 4.562705607419650811, 28.18685487136700374 ) ) ;
#1417 = CARTESIAN_POINT ( 'NONE',  ( 0.1435745976076439889, 10.73461192272682752, 49.39604031278338425 ) ) ;
#1418 = CARTESIAN_POINT ( 'NONE',  ( 0.0008176644109097913919, 10.51248816671294151, 50.91166936075511273 ) ) ;
#1419 = CARTESIAN_POINT ( 'NONE',  ( -2.060273257493229426, 8.626135970935903785, -2.396872849352809531 ) ) ;
#1420 = CARTESIAN_POINT ( 'NONE',  ( 3.226778245962189651, 10.52531808598163821, 43.74786972295511589 ) ) ;
#1421 = CARTESIAN_POINT ( 'NONE',  ( -4.996090425303591154, 7.389519311745095465, 34.88782531173224299 ) ) ;
#1422 = CARTESIAN_POINT ( 'NONE',  ( 1.882187036897269294, 10.77140650918123121, 24.06648661541303369 ) ) ;
#1423 = CARTESIAN_POINT ( 'NONE',  ( 0.4084054968944627606, 8.092899378465597593, -6.556542167593267578 ) ) ;
#1424 = CARTESIAN_POINT ( 'NONE',  ( 3.864281077730278291, 8.440195954415299795, 49.94117036936475529 ) ) ;
#1425 = CARTESIAN_POINT ( 'NONE',  ( 5.885439666934324521, 3.107600831026800403, 50.61300239996359096 ) ) ;
#1426 = CARTESIAN_POINT ( 'NONE',  ( 4.504413957550896797, 4.244466400785745996, -6.579124912930368829 ) ) ;
#1427 = CARTESIAN_POINT ( 'NONE',  ( 0.03616367631687322087, 10.66804044398560336, 49.89988729549378377 ) ) ;
#1428 = CARTESIAN_POINT ( 'NONE',  ( -0.02259683332203405587, 11.00657310751710760, 46.98789188672476058 ) ) ;
#1429 = CARTESIAN_POINT ( 'NONE',  ( -1.711987522667138828, 9.792785247746314425, 50.26014203644187717 ) ) ;
#1430 = CARTESIAN_POINT ( 'NONE',  ( 1.727910819800255293, 10.40227655675500884, 49.40474080191971495 ) ) ;
#1431 = CARTESIAN_POINT ( 'NONE',  ( -3.626046023199476220, 7.509840054090124895, 52.39300345047333707 ) ) ;
#1432 = CARTESIAN_POINT ( 'NONE',  ( -0.05165546486955074901, 9.115793139302509118, -2.356826008056432276 ) ) ;
#1433 = CARTESIAN_POINT ( 'NONE',  ( 5.482242753463565599, 5.923470487970648790, 50.76485874506084883 ) ) ;
#1434 = CARTESIAN_POINT ( 'NONE',  ( 3.547014396731883679, 9.958617655775800159, 41.45540113598099197 ) ) ;
#1435 = CARTESIAN_POINT ( 'NONE',  ( 0.1741237018946875659, 8.996486173755640081, -2.954070258048432152 ) ) ;
#1436 = CARTESIAN_POINT ( 'NONE',  ( 2.080617535167585075, 7.292109114671116998, -6.563702550261113267 ) ) ;
#1437 = CARTESIAN_POINT ( 'NONE',  ( 0.4947128696041716567, 3.879921044283138887, 57.29006770188485831 ) ) ;
#1438 = CARTESIAN_POINT ( 'NONE',  ( 4.894089874580668464, 5.985306718783811597, 0.4199225502136721966 ) ) ;
#1439 = CARTESIAN_POINT ( 'NONE',  ( 0.001902889352306593243, 10.73769565657264913, 49.39663647433759763 ) ) ;
#1440 = CARTESIAN_POINT ( 'NONE',  ( -0.6940427302311181768, 9.354299843366472800, -0.5900645972541134210 ) ) ;
#1441 = CARTESIAN_POINT ( 'NONE',  ( -3.216131691833427730, 9.441379199290810931, 48.55086718638494858 ) ) ;
#1442 = VERTEX_POINT ( 'NONE', #4635 ) ;
#1443 = CARTESIAN_POINT ( 'NONE',  ( 5.145907464134832132, 7.259695318777482420, 50.02758917294929830 ) ) ;
#1444 = CARTESIAN_POINT ( 'NONE',  ( -4.425213948724831425, 3.842160102142945899, -7.624246314954821635 ) ) ;
#1445 = CARTESIAN_POINT ( 'NONE',  ( 5.560897756618293108, 5.002762819103638847, 50.65540067381245848 ) ) ;
#1446 = CARTESIAN_POINT ( 'NONE',  ( 0.000000000000000000, 6.959144617855582915, -10.03665890847582531 ) ) ;
#1447 = CARTESIAN_POINT ( 'NONE',  ( 0.4399477951187530378, 3.470990381732955488, -14.99999999999999645 ) ) ;
#1448 = CARTESIAN_POINT ( 'NONE',  ( 4.382556094273017067, 6.932514034292401206, 51.61688882917299281 ) ) ;
#1449 = CARTESIAN_POINT ( 'NONE',  ( 5.501869644298668760, 1.761365374438569331, -2.555992298770411786 ) ) ;
#1450 = CARTESIAN_POINT ( 'NONE',  ( -0.4715196509352435061, 9.566112690890630432, 52.68560215297782889 ) ) ;
#1451 = CARTESIAN_POINT ( 'NONE',  ( 0.6007876838937407094, 11.10776776278004796, 45.37848035271939295 ) ) ;
#1452 = CARTESIAN_POINT ( 'NONE',  ( 4.286017401986375042, 8.548233155663041316, 50.04001342727111989 ) ) ;
#1453 = CARTESIAN_POINT ( 'NONE',  ( -4.946613728615817607, 5.654520753806380640, 51.64090754341774669 ) ) ;
#1454 = CARTESIAN_POINT ( 'NONE',  ( 6.102025303661728017, 5.122340664186497250, 44.42807306732616013 ) ) ;
#1455 = CARTESIAN_POINT ( 'NONE',  ( -5.420488722398452808, 1.562499999999994005, 52.49752873470514913 ) ) ;
#1456 = CARTESIAN_POINT ( 'NONE',  ( 2.385995197353567576, 9.262909739738889314, 50.95540067381246985 ) ) ;
#1457 = CARTESIAN_POINT ( 'NONE',  ( 1.170559715015210500, 10.80962206775080325, 15.74538927908972852 ) ) ;
#1458 = CARTESIAN_POINT ( 'NONE',  ( 5.901399812845004256, 1.724142740718642264, 45.96956994894108561 ) ) ;
#1459 = CARTESIAN_POINT ( 'NONE',  ( 4.051091837307673416, 3.070899064932263833, -9.942182750152095849 ) ) ;
#1460 = CARTESIAN_POINT ( 'NONE',  ( 0.1691145926694139767, 10.58949745369294959, 50.40524743385363138 ) ) ;
#1461 = CARTESIAN_POINT ( 'NONE',  ( 0.001430914282824056636, 10.73769591290675685, 49.39663903845204374 ) ) ;
#1462 = CARTESIAN_POINT ( 'NONE',  ( -2.462374749905245963, 10.44237961100611045, 15.74352463335231711 ) ) ;
#1463 = CARTESIAN_POINT ( 'NONE',  ( 2.926002206121811167, 9.742793433857144692, 49.82789437490476558 ) ) ;
#1464 = CARTESIAN_POINT ( 'NONE',  ( -5.107430903232057062, 7.464782641804088570, 37.30392690313053095 ) ) ;
#1465 = CARTESIAN_POINT ( 'NONE',  ( -5.633241319959708449, 3.488585748700473665, 46.25674830724588560 ) ) ;
#1466 = CIRCLE ( 'NONE', #8375, 0.1000000000000005745 ) ;
#1467 = CARTESIAN_POINT ( 'NONE',  ( 0.4715196509352435061, 9.566112690890630432, 52.68560215297782889 ) ) ;
#1468 = CARTESIAN_POINT ( 'NONE',  ( 4.184275149778866165, 9.184372350856158107, 36.12920072376559233 ) ) ;
#1469 = CARTESIAN_POINT ( 'NONE',  ( 5.906730341455409317, 3.104261306406800980, 50.06217050594176499 ) ) ;
#1470 = CARTESIAN_POINT ( 'NONE',  ( 5.393701792644234772, 5.272551230487739105, 7.855448936828894446 ) ) ;
#1471 = CARTESIAN_POINT ( 'NONE',  ( -0.4009488007876729210, 10.85946075127472810, 15.74645479093964440 ) ) ;
#1472 = AXIS2_PLACEMENT_3D ( 'NONE', #4992, #4427, #1071 ) ;
#1473 = CARTESIAN_POINT ( 'NONE',  ( 0.01906232662988458990, 10.92935377610905867, 47.78903330770402391 ) ) ;
#1474 = CARTESIAN_POINT ( 'NONE',  ( -0.01372766181207961574, 10.66823179770953800, 49.89996642760373646 ) ) ;
#1475 = CARTESIAN_POINT ( 'NONE',  ( -1.946063041697389195, 10.72569797293389726, 36.12993022135325560 ) ) ;
#1476 = CARTESIAN_POINT ( 'NONE',  ( 1.825856840893457456, 10.74488337303543695, 46.97250177470126431 ) ) ;
#1477 = CARTESIAN_POINT ( 'NONE',  ( -4.316402742973044937, 8.796162410156433964, 31.92481333781986308 ) ) ;
#1478 = CARTESIAN_POINT ( 'NONE',  ( -2.098488812743535728E-32, 1.562500000000000000, 57.50000000000000000 ) ) ;
#1479 = CARTESIAN_POINT ( 'NONE',  ( 2.854607038076317771, 10.36062995424546784, 41.45540113598099197 ) ) ;
#1480 = CARTESIAN_POINT ( 'NONE',  ( 2.098488812743535728E-32, 1.562500000000000000, 57.50000000000000000 ) ) ;
#1481 = CARTESIAN_POINT ( 'NONE',  ( 2.343929132497240442, 7.959475840185632478, -4.206621892871098112 ) ) ;
#1482 = CARTESIAN_POINT ( 'NONE',  ( 1.157150737535500129, 8.418693689553128578, 54.11986104133981001 ) ) ;
#1483 = CARTESIAN_POINT ( 'NONE',  ( 2.098488812743535728E-32, 1.562500000000000000, 57.50000000000000000 ) ) ;
#1484 = CARTESIAN_POINT ( 'NONE',  ( 0.001852716520946565745, 10.52997042045828735, 50.81011217198148699 ) ) ;
#1485 = CARTESIAN_POINT ( 'NONE',  ( -1.153349092288819655, 9.935353803512681381, 50.59995583768283467 ) ) ;
#1486 = CARTESIAN_POINT ( 'NONE',  ( -3.556537232782856162, 9.556760893860039019, 12.44902179854094015 ) ) ;
#1487 = VERTEX_POINT ( 'NONE', #7280 ) ;
#1488 = CARTESIAN_POINT ( 'NONE',  ( 5.124204583453233042, 6.899928913411416787, 50.77710308093505631 ) ) ;
#1489 = CARTESIAN_POINT ( 'NONE',  ( -5.069080339160452198, 4.122960200461005087, 52.75279841011622750 ) ) ;
#1490 = CARTESIAN_POINT ( 'NONE',  ( 0.9321008163193390539, 11.08152448227771991, 41.75540113598098912 ) ) ;
#1491 = CARTESIAN_POINT ( 'NONE',  ( 0.02050010465235435272, 9.640358364593557994, 52.68056872547681735 ) ) ;
#1492 = CARTESIAN_POINT ( 'NONE',  ( 1.882121614498883932, 9.207726519712441160, 51.96224181748055315 ) ) ;
#1493 = CARTESIAN_POINT ( 'NONE',  ( 5.218024433865050327, 7.966111140722113682, 42.60609765287399142 ) ) ;
#1494 = CARTESIAN_POINT ( 'NONE',  ( -0.6918246429286379895, 10.95343136103434034, 37.31525812913110229 ) ) ;
#1495 = CARTESIAN_POINT ( 'NONE',  ( 0.7476841863034764391, 11.14583560290218855, 44.57781533443520772 ) ) ;
#1496 = CARTESIAN_POINT ( 'NONE',  ( 4.192522807986594380, 8.206924058013518319, 51.10159078082406126 ) ) ;
#1497 = CARTESIAN_POINT ( 'NONE',  ( -5.425562925187065844, 6.049134331814038035, 48.50571920884289057 ) ) ;
#1498 = CARTESIAN_POINT ( 'NONE',  ( 5.826035817994281274, 4.950812218733750214, 49.77051609211206795 ) ) ;
#1499 = CARTESIAN_POINT ( 'NONE',  ( -5.500000019995724188, 1.562500000000003331, 24.07205767170519550 ) ) ;
#1500 = CARTESIAN_POINT ( 'NONE',  ( 5.251479734662607868, 5.009917556425142138, 50.95540067381247695 ) ) ;
#1501 = CARTESIAN_POINT ( 'NONE',  ( 0.7112809777746822437, 9.507128169069471113, 0.4076584799046211183 ) ) ;
#1502 = CARTESIAN_POINT ( 'NONE',  ( 5.899802760629151877, 1.656242863367280549, 50.27026290819264887 ) ) ;
#1503 = CARTESIAN_POINT ( 'NONE',  ( 5.505271159312908225, 4.104247317316191079, 36.12784594253119508 ) ) ;
#1504 = CARTESIAN_POINT ( 'NONE',  ( 0.1414300372810617934, 10.66492427012689426, 49.89988792491101322 ) ) ;
#1505 = CARTESIAN_POINT ( 'NONE',  ( 0.0004174675812844725210, 10.59477597805493509, 50.40448742725541109 ) ) ;
#1506 = CARTESIAN_POINT ( 'NONE',  ( -2.618752244358895531, 9.778960699987626626, 48.55839184930869834 ) ) ;
#1507 = CARTESIAN_POINT ( 'NONE',  ( 2.963709833594434517, 9.830435355773214923, 49.41423982616312571 ) ) ;
#1508 = CARTESIAN_POINT ( 'NONE',  ( -4.988587916886661588, 7.253475585355914745, 20.75022976923171214 ) ) ;
#1509 = CARTESIAN_POINT ( 'NONE',  ( -5.201549288885754407, 3.193040683736671603, -5.110172953626072712 ) ) ;
#1510 = CARTESIAN_POINT ( 'NONE',  ( 0.5372425276499908087, 11.00858728047290747, 31.92477325371936914 ) ) ;
#1511 = CARTESIAN_POINT ( 'NONE',  ( 4.133515228682355769, 9.091905512591818450, 15.74059447576503246 ) ) ;
#1512 = CARTESIAN_POINT ( 'NONE',  ( 5.910560931916344352, 2.861434315411031992, 49.94983440965115307 ) ) ;
#1513 = CARTESIAN_POINT ( 'NONE',  ( 4.744279038729024123, 4.451715661537271274, -5.086131344585824721 ) ) ;
#1514 = CARTESIAN_POINT ( 'NONE',  ( 0.02483814747176885801, 11.22379045723783797, 43.78940640772928106 ) ) ;
#1515 = CARTESIAN_POINT ( 'NONE',  ( -0.01362621229594518195, 10.54668986493108207, 50.70851429569305679 ) ) ;
#1516 = CARTESIAN_POINT ( 'NONE',  ( -1.720395744205461153, 9.300927142682564153, 51.95905001836053572 ) ) ;
#1517 = CARTESIAN_POINT ( 'NONE',  ( 1.952694002114395255, 10.19038221584865944, 50.02195776050351128 ) ) ;
#1518 = CARTESIAN_POINT ( 'NONE',  ( -3.550523507770674048, 7.085794082296073881, -3.646916305094268118 ) ) ;
#1519 = EDGE_LOOP ( 'NONE', ( #4893, #3244, #6886 ) ) ;
#1520 = CARTESIAN_POINT ( 'NONE',  ( 0.1670022552216695877, 10.91128339831598382, 41.45540113598100618 ) ) ;
#1521 = CARTESIAN_POINT ( 'NONE',  ( 0.1368608714062760912, 7.998270571228792036, -6.993365062325137771 ) ) ;
#1522 = CARTESIAN_POINT ( 'NONE',  ( 1.622806216295334059, 6.152983019181973212, -10.00642653781221547 ) ) ;
#1523 = CARTESIAN_POINT ( 'NONE',  ( 1.290100686507140715, 8.268066304144012335, -4.989040231154053373 ) ) ;
#1524 = CARTESIAN_POINT ( 'NONE',  ( 5.336585739254276817, 6.439010835556378431, 48.50982357043740478 ) ) ;
#1525 = CARTESIAN_POINT ( 'NONE',  ( 0.002245224564728930811, 10.92939580003340261, 47.78925229337757230 ) ) ;
#1526 = CARTESIAN_POINT ( 'NONE',  ( -0.6017400722245282996, 5.979912989851142058, 56.42417064368583368 ) ) ;
#1527 = CARTESIAN_POINT ( 'NONE',  ( -2.306932408419053449, 7.118756395499053369, -6.564804147594656136 ) ) ;
#1528 = ORIENTED_EDGE ( 'NONE', *, *, #375, .T. ) ;
#1529 = CARTESIAN_POINT ( 'NONE',  ( 5.273082190049726670, 6.542243027163166857, 50.77319803089641681 ) ) ;
#1530 = CARTESIAN_POINT ( 'NONE',  ( -5.283041859770640336, 4.248986890463556598, 51.66492625766249347 ) ) ;
#1531 = FACE_BOUND ( 'NONE', #3589, .T. ) ;
#1532 = CARTESIAN_POINT ( 'NONE',  ( 0.03639107856225371612, 10.85459035144568318, 15.74694315053753790 ) ) ;
#1533 = CARTESIAN_POINT ( 'NONE',  ( 1.713198132830717535, 8.035930337946727064, 54.10135659674521946 ) ) ;
#1534 = CARTESIAN_POINT ( 'NONE',  ( 1.639996474874067856, 3.005793891341681956, 57.25823376350442828 ) ) ;
#1535 = CARTESIAN_POINT ( 'NONE',  ( -0.5731924181439104204, 11.00764636393652474, 20.74937999012058754 ) ) ;
#1536 = CARTESIAN_POINT ( 'NONE',  ( 0.9030411667713764690, 10.43134689803154735, 50.61872689275497095 ) ) ;
#1537 = CARTESIAN_POINT ( 'NONE',  ( 4.424422739164184826, 8.113939641262659208, 50.67553034100689047 ) ) ;
#1538 = CARTESIAN_POINT ( 'NONE',  ( -3.896496940947103749, 4.543711386690112874, 54.87722217302606964 ) ) ;
#1539 = CARTESIAN_POINT ( 'NONE',  ( 6.003406515488329376, 5.045701970965521532, 47.66155936563541218 ) ) ;
#1540 = CARTESIAN_POINT ( 'NONE',  ( -5.380459380991920781, 1.740423166339563066, -5.897457264297568891 ) ) ;
#1541 = CARTESIAN_POINT ( 'NONE',  ( 1.059493187114278090, 9.888496458629003172, 50.95540067381244853 ) ) ;
#1542 = CARTESIAN_POINT ( 'NONE',  ( 1.368477915937557299, 10.86869716155871934, 36.13008654226491956 ) ) ;
#1543 = CARTESIAN_POINT ( 'NONE',  ( 5.899974808249553782, 1.570161063945297641, 41.45540113598102749 ) ) ;
#1544 = CARTESIAN_POINT ( 'NONE',  ( 5.113627134882187342, 3.136254506877533821, -5.881692101203665146 ) ) ;
#1545 = CARTESIAN_POINT ( 'NONE',  ( -2.953347822810354462, 2.645238884697733273, -12.98263968449716366 ) ) ;
#1546 = CARTESIAN_POINT ( 'NONE',  ( 0.2312893225113156759, 10.63030420500589379, 50.10199102898127421 ) ) ;
#1547 = CARTESIAN_POINT ( 'NONE',  ( -2.423555745549137441, 10.31396062401034541, 12.45078340956682084 ) ) ;
#1548 = CARTESIAN_POINT ( 'NONE',  ( 3.075204191818294852, 9.440802943184044338, 50.55869632217769549 ) ) ;
#1549 = CARTESIAN_POINT ( 'NONE',  ( -4.810658291620887539, 7.497248805352490386, 7.849451118441522546 ) ) ;
#1550 = CARTESIAN_POINT ( 'NONE',  ( -5.641098909833869079, 3.466774522162901384, 42.54736274960929165 ) ) ;
#1551 = CARTESIAN_POINT ( 'NONE',  ( 0.4696641048169599153, 7.747197143568908650, -7.655748709820205278 ) ) ;
#1552 = CARTESIAN_POINT ( 'NONE',  ( 4.278869200624368929, 8.528752248830556937, 9.119836725439531833 ) ) ;
#1553 = CARTESIAN_POINT ( 'NONE',  ( 5.909059791647308657, 2.385575109829297435, 49.83515675080765561 ) ) ;
#1554 = CARTESIAN_POINT ( 'NONE',  ( 5.162825556814248706, 4.504366478776522520, -1.237776377025139318 ) ) ;
#1555 = CARTESIAN_POINT ( 'NONE',  ( 0.02427517408013039196, 11.13384733028196294, 45.38635537818711896 ) ) ;
#1556 = CARTESIAN_POINT ( 'NONE',  ( -0.03361885563382491227, 10.73769278341763211, 49.39685749721539310 ) ) ;
#1557 = CARTESIAN_POINT ( 'NONE',  ( -1.462434383211648364E-15, 1.562500000000000000, -14.99999999999999822 ) ) ;
#1558 = CARTESIAN_POINT ( 'NONE',  ( 2.153030870402505403, 9.946773917171585211, 50.64543856058264737 ) ) ;
#1559 = CARTESIAN_POINT ( 'NONE',  ( -3.473904865839334111, 6.948460145086944095, -4.242609888028082032 ) ) ;
#1560 = EDGE_LOOP ( 'NONE', ( #4115, #8541 ) ) ;
#1561 = CARTESIAN_POINT ( 'NONE',  ( -0.1981665724286749974, 10.89405064193698358, 42.69420000777063962 ) ) ;
#1562 = CARTESIAN_POINT ( 'NONE',  ( 5.504900743302981958, 1.798960049987307963, 43.46658113258413181 ) ) ;
#1563 = CARTESIAN_POINT ( 'NONE',  ( 0.2052768532617825492, 7.791722667259318946, -7.657231175460925243 ) ) ;
#1564 = CARTESIAN_POINT ( 'NONE',  ( 3.601711811452254608, 9.734561371268089403, 28.18563515641999828 ) ) ;
#1565 = CARTESIAN_POINT ( 'NONE',  ( 1.675648971903657136, 10.81760297673810456, 28.18518792760598757 ) ) ;
#1566 = CARTESIAN_POINT ( 'NONE',  ( 4.828007003579909195, 5.989157309830931197, 51.63490286485640723 ) ) ;
#1567 = CARTESIAN_POINT ( 'NONE',  ( 0.003172961372347327200, 10.59477430555620359, 50.40449500301697583 ) ) ;
#1568 = CARTESIAN_POINT ( 'NONE',  ( -1.268098387063003374, 10.26982635993206650, 48.57344117515613391 ) ) ;
#1569 = CARTESIAN_POINT ( 'NONE',  ( -2.314571841854628165, 6.584092509178955943, 54.99672148810478944 ) ) ;
#1570 = ORIENTED_EDGE ( 'NONE', *, *, #5867, .F. ) ;
#1571 = CARTESIAN_POINT ( 'NONE',  ( 5.349493585004435836, 6.604986575426250894, 50.34007920583984230 ) ) ;
#1572 = DIRECTION ( 'NONE',  ( -0.000000000000000000, 0.000000000000000000, -1.000000000000000000 ) ) ;
#1573 = CARTESIAN_POINT ( 'NONE',  ( 0.02726402987949708492, 10.44864015174538707, 48.58746441060475973 ) ) ;
#1574 = CARTESIAN_POINT ( 'NONE',  ( 2.040646507474762394, 9.111160970244950974, 51.96543361660047111 ) ) ;
#1575 = CARTESIAN_POINT ( 'NONE',  ( 2.098488812743535728E-32, 1.562500000000000000, 57.50000000000000000 ) ) ;
#1576 = CARTESIAN_POINT ( 'NONE',  ( -0.5376830147626758816, 11.06327632428196495, 24.06581602530383890 ) ) ;
#1577 = CARTESIAN_POINT ( 'NONE',  ( 1.170968672971209434, 10.42947692969803697, 50.21410933475002736 ) ) ;
#1578 = CARTESIAN_POINT ( 'NONE',  ( -0.2796142758984679899, 10.19770198315729637, 6.160709869048822895 ) ) ;
#1579 = CARTESIAN_POINT ( 'NONE',  ( 5.031416237975029127, 8.971447388820967817, 43.70477729651199184 ) ) ;
#1580 = CARTESIAN_POINT ( 'NONE',  ( -2.098488812743535728E-32, 1.562500000000000000, 57.50000000000000000 ) ) ;
#1581 = CARTESIAN_POINT ( 'NONE',  ( 6.084209075699699376, 4.511556411600718519, 42.84095217977906600 ) ) ;
#1582 = CARTESIAN_POINT ( 'NONE',  ( -5.498794376748366020, 1.562500000000002887, 50.65823442190986015 ) ) ;
#1583 = CARTESIAN_POINT ( 'NONE',  ( -4.087794921152572739E-05, 10.80073229108423938, 44.23671506017370803 ) ) ;
#1584 = CARTESIAN_POINT ( 'NONE',  ( 0.6017400722245282996, 5.979912989851142058, 56.42417064368583368 ) ) ;
#1585 = CARTESIAN_POINT ( 'NONE',  ( 5.900148375851254734, 1.620968387463444405, 42.26055190165082109 ) ) ;
#1586 = CARTESIAN_POINT ( 'NONE',  ( 1.462434383211648364E-15, 1.562500000000000000, -14.99999999999999822 ) ) ;
#1587 = CARTESIAN_POINT ( 'NONE',  ( -5.277260619516900064, 3.802256703890162459, -1.874903564512663934 ) ) ;
#1588 = CARTESIAN_POINT ( 'NONE',  ( 0.2675720357721171339, 11.25846941521985478, 42.98838192153666427 ) ) ;
#1589 = CARTESIAN_POINT ( 'NONE',  ( -2.697932974336608059, 10.32799767250889822, 15.74316946273563111 ) ) ;
#1590 = CARTESIAN_POINT ( 'NONE',  ( 3.506356626853144309, 9.181177941946073062, 50.35370073829074045 ) ) ;
#1591 = CARTESIAN_POINT ( 'NONE',  ( -1.723826924400568172, 2.928837022957248237, 57.25546559494959098 ) ) ;
#1592 = CARTESIAN_POINT ( 'NONE',  ( 5.569412382424012264, 5.680864827823797647, 50.65163346416884593 ) ) ;
#1593 = CARTESIAN_POINT ( 'NONE',  ( -5.538388387100074084, 3.513810760565275970, 37.29699194514105187 ) ) ;
#1594 = CARTESIAN_POINT ( 'NONE',  ( 0.2142358376709003753, 4.014968092755082374, 57.29675744255908398 ) ) ;
#1595 = CARTESIAN_POINT ( 'NONE',  ( 3.466166026935727285, 7.251371452856526290, 52.96716254917342326 ) ) ;
#1596 = CARTESIAN_POINT ( 'NONE',  ( 5.942849804321168605, 2.843758137822279597, 48.45669305677634497 ) ) ;
#1597 = CARTESIAN_POINT ( 'NONE',  ( 4.400409710862816404, 3.589658896484073658, 54.82942244699457035 ) ) ;
#1598 = CARTESIAN_POINT ( 'NONE',  ( 0.04169841539422089460, 11.18390478778506569, 44.58708322631993326 ) ) ;
#1599 = CARTESIAN_POINT ( 'NONE',  ( -0.008790113998230503906, 11.18404821722138998, 44.58785007892752361 ) ) ;
#1600 = CARTESIAN_POINT ( 'NONE',  ( -1.607736241179707370, 9.056519134942439209, -1.188241173470529599 ) ) ;
#1601 = CARTESIAN_POINT ( 'NONE',  ( 2.417304338908051520, 10.28055004083533852, 48.59321698025894420 ) ) ;
#1602 = CARTESIAN_POINT ( 'NONE',  ( -3.549082846382018097, 6.829112119160056338, 53.31357686642573412 ) ) ;
#1603 = ORIENTED_EDGE ( 'NONE', *, *, #2886, .T. ) ;
#1604 = CARTESIAN_POINT ( 'NONE',  ( -0.1188263750983172412, 9.317909466423635934, 53.35733411570318907 ) ) ;
#1605 = CARTESIAN_POINT ( 'NONE',  ( 5.555573702747129694, 2.700219325490524014, 46.99267346993583772 ) ) ;
#1606 = CARTESIAN_POINT ( 'NONE',  ( 0.2446808685606905176, 9.298596640599134489, 53.35571347684106769 ) ) ;
#1607 = CARTESIAN_POINT ( 'NONE',  ( 3.503044596998120319, 9.313358004726442374, 7.843453300054165744 ) ) ;
#1608 = CARTESIAN_POINT ( 'NONE',  ( 4.351091389667300469, 5.280019835922144189, -5.069487153711808247 ) ) ;
#1609 = CARTESIAN_POINT ( 'NONE',  ( 0.007952207166606264574, 10.62502057442797287, 50.20226128487467321 ) ) ;
#1610 = CARTESIAN_POINT ( 'NONE',  ( 5.499969330862563233, 2.115040473897323192, 20.75102846872411533 ) ) ;
#1611 = CARTESIAN_POINT ( 'NONE',  ( -1.029788605518856759, 9.500544335258775064, 52.34074080835745235 ) ) ;
#1612 = CARTESIAN_POINT ( 'NONE',  ( -3.647035245985608132, 9.782660592456265292, 24.06751829250429608 ) ) ;
#1613 = VERTEX_POINT ( 'NONE', #7237 ) ;
#1614 = CARTESIAN_POINT ( 'NONE',  ( 5.567082687286469600, 7.318354729109601386, 47.71342542154954458 ) ) ;
#1615 = CIRCLE ( 'NONE', #6439, 0.1000000000000001582 ) ;
#1616 = CARTESIAN_POINT ( 'NONE',  ( 0.5599360058509366134, 11.29573989635042075, 41.45540113598099197 ) ) ;
#1617 = CARTESIAN_POINT ( 'NONE',  ( 0.07332359961603056309, 10.16138357557928451, 50.59331003421829820 ) ) ;
#1618 = CARTESIAN_POINT ( 'NONE',  ( 2.025760701075955073, 8.360737954462406307, 53.33572559754139064 ) ) ;
#1619 = CARTESIAN_POINT ( 'NONE',  ( 3.563297332577255450, 5.605603975532968519, -6.993530173993741883 ) ) ;
#1620 = CARTESIAN_POINT ( 'NONE',  ( -0.5861383346658485261, 9.667526268456633431, 52.33294725646292989 ) ) ;
#1621 = CARTESIAN_POINT ( 'NONE',  ( 1.032544219419990750, 10.41257825828474637, 50.51872706952483583 ) ) ;
#1622 = CARTESIAN_POINT ( 'NONE',  ( 4.347224611028662089, 8.014255648562887302, 51.10288522717331716 ) ) ;
#1623 = CARTESIAN_POINT ( 'NONE',  ( -5.368227340457356611, 5.820256719396887490, 15.73579967244027245 ) ) ;
#1624 = CARTESIAN_POINT ( 'NONE',  ( 5.938603854590187581, 4.435157977233945559, 48.90680076456272474 ) ) ;
#1625 = DIRECTION ( 'NONE',  ( -0.000000000000000000, -0.000000000000000000, -1.000000000000000000 ) ) ;
#1626 = CARTESIAN_POINT ( 'NONE',  ( -4.087794920194444984E-05, 10.60250748736355142, 47.01328209022818783 ) ) ;
#1627 = ADVANCED_FACE ( 'NONE', ( #8415 ), #2602, .F. ) ;
#1628 = CARTESIAN_POINT ( 'NONE',  ( 0.8643691922595512223, 9.228011943569216058, -1.182737261964459829 ) ) ;
#1629 = CARTESIAN_POINT ( 'NONE',  ( 5.900036492753093498, 1.655049942961394516, 49.93883634668112848 ) ) ;
#1630 = CARTESIAN_POINT ( 'NONE',  ( 4.777923295755263311, 2.574556211700321118, 54.78162272096287921 ) ) ;
#1631 = CARTESIAN_POINT ( 'NONE',  ( -4.789413677048457885, 3.401272232692570174, -6.993626045285197712 ) ) ;
#1632 = CARTESIAN_POINT ( 'NONE',  ( 0.2701462453484056447, 10.77864699606353227, 48.99298208335430616 ) ) ;
#1633 = CARTESIAN_POINT ( 'NONE',  ( -2.289316020932050222, 8.294693486283275519, 53.13740808487060718 ) ) ;
#1634 = CARTESIAN_POINT ( 'NONE',  ( 3.544859256021582361, 9.253336078364927886, 50.03985529746650229 ) ) ;
#1635 = CARTESIAN_POINT ( 'NONE',  ( -4.890736734659474116, 6.480043610747683758, 2.067549917779290425 ) ) ;
#1636 = CARTESIAN_POINT ( 'NONE',  ( 6.020221249567897281, 5.848508203033738972, 46.04805680175707039 ) ) ;
#1637 = CARTESIAN_POINT ( 'NONE',  ( -5.313594666737079919, 2.797986021717456140, 52.76487863611852447 ) ) ;
#1638 = CARTESIAN_POINT ( 'NONE',  ( 0.6613107112638730856, 10.07753747438866831, 50.59705894899310152 ) ) ;
#1639 = B_SPLINE_CURVE_WITH_KNOTS ( 'NONE', 3,
 ( #8074, #2142, #7424, #215, #6251, #3643 ),
 .UNSPECIFIED., .F., .F.,
 ( 4, 2, 4 ),
 ( -0.0006645006227318955069, 0.01088622166898333896, 0.02243694396069857364 ),
 .UNSPECIFIED. ) ;
#1640 = CARTESIAN_POINT ( 'NONE',  ( 3.909158921418756538, 7.725523935608393344, -0.1955191520108184311 ) ) ;
#1641 = CARTESIAN_POINT ( 'NONE',  ( 5.907911608137669468, 2.387290672106701983, 49.94381344993823291 ) ) ;
#1642 = CARTESIAN_POINT ( 'NONE',  ( 5.607715346705199444, 4.946348983774808694, 39.74231385588175414 ) ) ;
#1643 = CARTESIAN_POINT ( 'NONE',  ( 0.06494465653439031316, 10.59395237601644979, 50.40470846836134200 ) ) ;
#1644 = CARTESIAN_POINT ( 'NONE',  ( -0.0009173504962854544002, 10.57936991283959216, 50.50570772865297187 ) ) ;
#1645 = CARTESIAN_POINT ( 'NONE',  ( -2.208430371033408335, 9.960610158657319246, 48.56318027116908809 ) ) ;
#1646 = CARTESIAN_POINT ( 'NONE',  ( 2.591981254591791739, 10.36175010138125963, 47.77691891695044291 ) ) ;
#1647 = CARTESIAN_POINT ( 'NONE',  ( -4.204116221823713140, 7.746394712778726266, 50.62142689502954340 ) ) ;
#1648 = DIRECTION ( 'NONE',  ( 1.000000000000000000, 0.000000000000000000, 0.000000000000000000 ) ) ;
#1649 = CARTESIAN_POINT ( 'NONE',  ( -0.1393834154277366622, 9.981085160656238742, 51.52381631147426333 ) ) ;
#1650 = DIRECTION ( 'NONE',  ( 1.000000000000000000, 0.000000000000000000, 0.000000000000000000 ) ) ;
#1651 = CARTESIAN_POINT ( 'NONE',  ( 0.3943125533485475342, 10.97281506905297377, 37.31581540254097007 ) ) ;
#1652 = CARTESIAN_POINT ( 'NONE',  ( 3.031871934076019848, 8.372101564335750368, 51.98777621044035868 ) ) ;
#1653 = CARTESIAN_POINT ( 'NONE',  ( 1.211688510509586258, 2.602202682549251467, -14.99999999999999112 ) ) ;
#1654 = CARTESIAN_POINT ( 'NONE',  ( 0.004511607228451995112, 10.68212222048766868, 49.79926939048482382 ) ) ;
#1655 = CARTESIAN_POINT ( 'NONE',  ( 5.500000001129587979, 1.562500000000000000, 9.125556285705329174 ) ) ;
#1656 = CARTESIAN_POINT ( 'NONE',  ( -1.300065310179578049, 10.85693902140437395, 18.26441866523439472 ) ) ;
#1657 = CARTESIAN_POINT ( 'NONE',  ( -1.780078101935506307, 5.091766992933957070, 56.36079230781544425 ) ) ;
#1658 = ORIENTED_EDGE ( 'NONE', *, *, #1160, .F. ) ;
#1659 = CARTESIAN_POINT ( 'NONE',  ( 5.806991426182783300, 7.217771643514601543, 45.26541534632880115 ) ) ;
#1660 = CARTESIAN_POINT ( 'NONE',  ( 2.612336127488759541, 10.89485454627692462, 41.45540113598100618 ) ) ;
#1661 = CARTESIAN_POINT ( 'NONE',  ( 0.02194066638793375906, 8.342874795951257028, -5.798924994960646728 ) ) ;
#1662 = CARTESIAN_POINT ( 'NONE',  ( 2.355716668986175044, 9.222820943247269199, 51.14124611364096040 ) ) ;
#1663 = CARTESIAN_POINT ( 'NONE',  ( 5.234686187735568375, 7.538573795096043639, 39.75754548788363962 ) ) ;
#1664 = CARTESIAN_POINT ( 'NONE',  ( -0.8406440284427950660, 10.91801781755470913, 39.79541301744382054 ) ) ;
#1665 = CARTESIAN_POINT ( 'NONE',  ( 1.146675184448077145, 10.96816505693971955, 46.17454036553598939 ) ) ;
#1666 = CARTESIAN_POINT ( 'NONE',  ( -0.1630585711245861602, 9.315829339397639686, -1.176545361520135113 ) ) ;
#1667 = CARTESIAN_POINT ( 'NONE',  ( 4.947666599860070846, 9.086629776923407675, 43.70750694806554293 ) ) ;
#1668 = CARTESIAN_POINT ( 'NONE',  ( -4.817676091765657809, 4.721144843152970338, 52.97029396819812774 ) ) ;
#1669 = CARTESIAN_POINT ( 'NONE',  ( 5.783968581773409667, 4.376694396335961024, 50.74100722680977071 ) ) ;
#1670 = CARTESIAN_POINT ( 'NONE',  ( 5.899974808249553782, 1.570161063945297641, 41.45540113598102749 ) ) ;
#1671 = DIRECTION ( 'NONE',  ( -0.000000000000000000, -0.000000000000000000, 1.000000000000000000 ) ) ;
#1672 = CARTESIAN_POINT ( 'NONE',  ( 5.898388216725196642, 1.562102843663640384, 50.60713537303662690 ) ) ;
#1673 = CARTESIAN_POINT ( 'NONE',  ( 5.516498741298986985, 3.271418947013722711, 12.43996208469341980 ) ) ;
#1674 = CARTESIAN_POINT ( 'NONE',  ( -5.433689547748118187, 4.306139898117718801, 31.92485516470748053 ) ) ;
#1675 = CARTESIAN_POINT ( 'NONE',  ( 0.2387542229601910537, 10.78081191824828622, 48.99309185127559374 ) ) ;
#1676 = CARTESIAN_POINT ( 'NONE',  ( -2.996750498529899165, 10.21896146514453463, 33.64196361946989811 ) ) ;
#1677 = CARTESIAN_POINT ( 'NONE',  ( 3.492877634584328650, 9.156042737740545334, 50.45874755243435317 ) ) ;
#1678 = CARTESIAN_POINT ( 'NONE',  ( -4.521549523264855708, 5.970223251432635436, -2.470559037338141639 ) ) ;
#1679 = CARTESIAN_POINT ( 'NONE',  ( 6.024311719563655743, 6.083098637721202628, 42.07191156813508570 ) ) ;
#1680 = CARTESIAN_POINT ( 'NONE',  ( -5.503972086727677571, 2.894709835108853824, 6.216187929335028173 ) ) ;
#1681 = CARTESIAN_POINT ( 'NONE',  ( 0.6047422172013563468, 9.786515016976359504, 51.93723939104059184 ) ) ;
#1682 = CARTESIAN_POINT ( 'NONE',  ( 4.365338831934132635, 8.815216846222831748, 20.75000687635006358 ) ) ;
#1683 = CARTESIAN_POINT ( 'NONE',  ( 5.927496045924266710, 2.603361107328994173, 48.87232559562984591 ) ) ;
#1684 = CARTESIAN_POINT ( 'NONE',  ( 5.247679594668665182, 4.603405330809144047, 0.4228956581673809501 ) ) ;
#1685 = CARTESIAN_POINT ( 'NONE',  ( 0.05790232860863188391, 11.13359101164949649, 45.38583580335581047 ) ) ;
#1686 = CARTESIAN_POINT ( 'NONE',  ( -0.0007642660192229676092, 11.07024190809882036, 46.18714160752310960 ) ) ;
#1687 = CARTESIAN_POINT ( 'NONE',  ( -1.790238652713340484, 8.999954503226062386, -1.189617151347046153 ) ) ;
#1688 = CARTESIAN_POINT ( 'NONE',  ( 2.430781259777772263, 10.80169223744339746, 44.55851450715726969 ) ) ;
#1689 = CARTESIAN_POINT ( 'NONE',  ( -4.527738338335588253, 8.470579889113205141, 33.64172248717289193 ) ) ;
#1690 = CARTESIAN_POINT ( 'NONE',  ( 0.000000000000000000, 10.44863700122230199, 48.58780644073765131 ) ) ;
#1691 = CARTESIAN_POINT ( 'NONE',  ( -5.369485287834947940, 4.320018710681259755, 2.085353170033952264 ) ) ;
#1692 = DIRECTION ( 'NONE',  ( -1.000000000000000000, 0.000000000000000000, 0.000000000000000000 ) ) ;
#1693 = CARTESIAN_POINT ( 'NONE',  ( 0.2536616247159464987, 9.492598604555094965, 52.96298732380721930 ) ) ;
#1694 = CARTESIAN_POINT ( 'NONE',  ( 2.781061562689453925, 8.210540359427380253, -2.412891585871363986 ) ) ;
#1695 = CARTESIAN_POINT ( 'NONE',  ( 5.293348481775614900, 6.106969321208661761, 10.78248721843599967 ) ) ;
#1696 = CARTESIAN_POINT ( 'NONE',  ( 0.004003358194967704571, 10.57936699276803338, 50.50572661233887573 ) ) ;
#1697 = CARTESIAN_POINT ( 'NONE',  ( 5.499983607661706131, 1.562500000000000000, 2.109090839706833531 ) ) ;
#1698 = CARTESIAN_POINT ( 'NONE',  ( -1.330388278535456825, 9.871607257111399747, 50.60097826898508089 ) ) ;
#1699 = CARTESIAN_POINT ( 'NONE',  ( -2.395944582118920252, 6.135718723550886544, -8.644993261552070152 ) ) ;
#1700 = ORIENTED_EDGE ( 'NONE', *, *, #5322, .F. ) ;
#1701 = CARTESIAN_POINT ( 'NONE',  ( 5.419177426934242092, 6.663136524197047272, 49.91106254608937576 ) ) ;
#1702 = CARTESIAN_POINT ( 'NONE',  ( 5.002540844367424633, 9.041050953410815438, 41.45540113598099197 ) ) ;
#1703 = CARTESIAN_POINT ( 'NONE',  ( 0.06704241967455644435, 11.08311692031388773, 24.06550652217651987 ) ) ;
#1704 = CARTESIAN_POINT ( 'NONE',  ( 2.287223809866340662, 9.418001392278718242, 2.033427017624523714 ) ) ;
#1705 = CARTESIAN_POINT ( 'NONE',  ( 3.234280185891190484, 5.210930341358707807, -8.630264598983170998 ) ) ;
#1706 = CARTESIAN_POINT ( 'NONE',  ( -0.6061662460648622464, 8.711916422359760048, 54.13836548593445741 ) ) ;
#1707 = CARTESIAN_POINT ( 'NONE',  ( 1.154689949020055950, 10.35749856725794693, 50.62367582391431853 ) ) ;
#1708 = CARTESIAN_POINT ( 'NONE',  ( 5.024953208784502579, 9.007071680680505565, 41.32516154830073418 ) ) ;
#1709 = CARTESIAN_POINT ( 'NONE',  ( -5.360889133725423861, 5.732796943079944363, 10.78222087109947225 ) ) ;
#1710 = CARTESIAN_POINT ( 'NONE',  ( 0.0004989956237274337583, 10.87506722862746145, 48.25556601606795226 ) ) ;
#1711 = CARTESIAN_POINT ( 'NONE',  ( 0.4210143976685911116, 10.47212022766517769, 50.95540067381247695 ) ) ;
#1712 = CARTESIAN_POINT ( 'NONE',  ( 1.254487001419855252, 10.03282847941114220, 50.95540067381245564 ) ) ;
#1713 = CARTESIAN_POINT ( 'NONE',  ( 5.358660983823219759, 3.362738146947354068, -1.880788759410557676 ) ) ;
#1714 = CARTESIAN_POINT ( 'NONE',  ( -0.3294420273159088253, 9.769502601704322942, 2.017849171901695993 ) ) ;
#1715 = CARTESIAN_POINT ( 'NONE',  ( 0.2051975066617635624, 10.73123731910579970, 49.39591105941588722 ) ) ;
#1716 = CARTESIAN_POINT ( 'NONE',  ( -2.843205049523113814, 9.440015432319196265, 4.098115768414587023 ) ) ;
#1717 = CARTESIAN_POINT ( 'NONE',  ( 3.320321561179546244, 9.365874809794929590, 50.24746250577918261 ) ) ;
#1718 = CARTESIAN_POINT ( 'NONE',  ( -5.158591868348608500, 7.034066789936489705, 36.12857544011892941 ) ) ;
#1719 = CARTESIAN_POINT ( 'NONE',  ( 5.634092894416300012, 5.722300270541397005, 50.21657532832844595 ) ) ;
#1720 = CARTESIAN_POINT ( 'NONE',  ( -5.494098921449448447, 2.842929562439594715, 50.65005497149203251 ) ) ;
#1721 = CARTESIAN_POINT ( 'NONE',  ( 0.8240204145316935014, 10.94156589541080393, 37.31501045206004363 ) ) ;
#1722 = CARTESIAN_POINT ( 'NONE',  ( 1.729232514127024833, 4.282338576466888647, -13.02595614542642366 ) ) ;
#1723 = CARTESIAN_POINT ( 'NONE',  ( 5.893889095467646833, 2.400260949083677264, 50.83123937152453919 ) ) ;
#1724 = CARTESIAN_POINT ( 'NONE',  ( 5.217857957370452660, 4.606453304860764320, 51.65892157910127480 ) ) ;
#1725 = CARTESIAN_POINT ( 'NONE',  ( 0.07058968419559397134, 10.92878254789677683, 47.78838108044940469 ) ) ;
#1726 = CARTESIAN_POINT ( 'NONE',  ( -0.0007691675684052762599, 10.73769599944015063, 49.39665189515240229 ) ) ;
#1727 = CARTESIAN_POINT ( 'NONE',  ( -0.4086159486972473220, 3.501676246482344990, -14.99999999999999645 ) ) ;
#1728 = CARTESIAN_POINT ( 'NONE',  ( 2.353787216578131058, 9.724467948151428232, 51.06676982491874384 ) ) ;
#1729 = CARTESIAN_POINT ( 'NONE',  ( -4.516728697123141067, 7.589452198992327148, 49.94063592221484527 ) ) ;
#1730 = CARTESIAN_POINT ( 'NONE',  ( 0.000000000000000000, 10.19970268249653245, 6.159182949958380782 ) ) ;
#1731 = CARTESIAN_POINT ( 'NONE',  ( -5.100037119364954741, 4.001044939563470848, -3.732611069385202374 ) ) ;
#1732 = CARTESIAN_POINT ( 'NONE',  ( 5.747133004596825856, 2.611486588432053058, 41.75540113598098912 ) ) ;
#1733 = CARTESIAN_POINT ( 'NONE',  ( 0.3047470061854975487, 10.14212807449138687, 50.59484368117161779 ) ) ;
#1734 = CARTESIAN_POINT ( 'NONE',  ( 3.197842591152110447, 8.370114420436891578, -0.5988633297555117085 ) ) ;
#1735 = EDGE_CURVE ( 'NONE', #4799, #2987, #3936, .T. ) ;
#1736 = CARTESIAN_POINT ( 'NONE',  ( 3.082133854984607790, 3.662596323833218648, 56.26328717570727633 ) ) ;
#1737 = CARTESIAN_POINT ( 'NONE',  ( 0.005194443845265283959, 10.49403754473804184, 51.01323919573101762 ) ) ;
#1738 = CARTESIAN_POINT ( 'NONE',  ( 5.379340216961452370, 1.562499999999997335, -5.899559286043423612 ) ) ;
#1739 = CARTESIAN_POINT ( 'NONE',  ( -1.329067251556445006, 9.665354274758900743, 2.026008995851746874 ) ) ;
#1740 = CARTESIAN_POINT ( 'NONE',  ( -3.010269401171333570, 7.636263520128523830, 53.13320298848517353 ) ) ;
#1741 = EDGE_LOOP ( 'NONE', ( #5683, #962, #5903, #3630, #3580, #2771 ) ) ;
#1742 = CARTESIAN_POINT ( 'NONE',  ( -0.02184585269274673738, 6.958444683378267825, -10.03634398794807936 ) ) ;
#1743 = CARTESIAN_POINT ( 'NONE',  ( 5.430015755270744648, 6.509075796804635772, 50.12302654128082935 ) ) ;
#1744 = CARTESIAN_POINT ( 'NONE',  ( 3.843265228050773974, 10.23848272064772758, 41.45540113598099197 ) ) ;
#1745 = VECTOR ( 'NONE', #3663, 39.37007874015748143 ) ;
#1746 = CARTESIAN_POINT ( 'NONE',  ( 0.1194164235015311021, 10.55597275326495144, 10.78774757833239129 ) ) ;
#1747 = CARTESIAN_POINT ( 'NONE',  ( 1.865034132396905298, 7.990319455758737810, -5.000136358403404202 ) ) ;
#1748 = CARTESIAN_POINT ( 'NONE',  ( 3.641972482158017499, 5.704988473714498909, -6.572515328929259937 ) ) ;
#1749 = CARTESIAN_POINT ( 'NONE',  ( -0.5628245232986897051, 8.687781374031674275, -4.164036098602016622 ) ) ;
#1750 = CARTESIAN_POINT ( 'NONE',  ( 5.327969862586019012, 8.230685251313913042, 46.10097301333119191 ) ) ;
#1751 = CARTESIAN_POINT ( 'NONE',  ( -5.491607468370462541, 5.648860809727831445, 48.50161484724790739 ) ) ;
#1752 = DIRECTION ( 'NONE',  ( -1.000000000000000000, 0.000000000000000000, 3.450755528294924194E-15 ) ) ;
#1753 = DIRECTION ( 'NONE',  ( -1.000000000000000000, 0.000000000000000000, -0.000000000000000000 ) ) ;
#1754 = CARTESIAN_POINT ( 'NONE',  ( 5.941442460101501233, 3.112293040238846675, 48.96005819209014476 ) ) ;
#1755 = CARTESIAN_POINT ( 'NONE',  ( 5.145173295473060016, 2.625229814489713043, -6.585734496931457294 ) ) ;
#1756 = CARTESIAN_POINT ( 'NONE',  ( -0.3402684105527271075, 7.975135892709824148, -6.993373051599425239 ) ) ;
#1757 = CARTESIAN_POINT ( 'NONE',  ( 0.4107407637596300343, 10.56703035692039450, 50.40721984283534596 ) ) ;
#1758 = CARTESIAN_POINT ( 'NONE',  ( -2.555459178326960679, 8.939429707497007271, 51.56885140068337847 ) ) ;
#1759 = CARTESIAN_POINT ( 'NONE',  ( -0.1898666453595780068, 6.943747106226883403, -10.03382462372611528 ) ) ;
#1760 = CARTESIAN_POINT ( 'NONE',  ( 3.308147938009032174, 9.341480270154397303, 50.35201929277724275 ) ) ;
#1761 = CARTESIAN_POINT ( 'NONE',  ( -5.002951163943762936, 6.604214974986321707, 49.94010147506531183 ) ) ;
#1762 = CARTESIAN_POINT ( 'NONE',  ( 5.634096981904371582, 5.874331689970806458, 50.00353833391653069 ) ) ;
#1763 = CARTESIAN_POINT ( 'NONE',  ( -5.427666785917579340, 2.800692726482784778, -2.534633983412339919 ) ) ;
#1764 = CARTESIAN_POINT ( 'NONE',  ( 0.1819872653498180726, 3.679262092683116769, -15.00000000000000000 ) ) ;
#1765 = CARTESIAN_POINT ( 'NONE',  ( 5.904476726017756860, 2.170875702263032281, 50.05156578445854620 ) ) ;
#1766 = CARTESIAN_POINT ( 'NONE',  ( 5.428906575793531530, 4.595064792372911988, 33.64132060001126234 ) ) ;
#1767 = CARTESIAN_POINT ( 'NONE',  ( -0.2689265955669054020, 8.327631814509622643, -5.801815274861199967 ) ) ;
#1768 = CARTESIAN_POINT ( 'NONE',  ( 0.08247564414463118276, 10.73664935108559781, 49.39625400347731699 ) ) ;
#1769 = CARTESIAN_POINT ( 'NONE',  ( -0.0006941188869374473932, 10.78873257612186798, 48.99449089777798605 ) ) ;
#1770 = CARTESIAN_POINT ( 'NONE',  ( -1.634152625982995044, 8.346632601636837734, -4.188627895292616365 ) ) ;
#1771 = CARTESIAN_POINT ( 'NONE',  ( 2.451675881241299315, 9.979376354408035610, 49.92611345598403005 ) ) ;
#1772 = CARTESIAN_POINT ( 'NONE',  ( -4.772375816957638683, 8.176310039643922778, 36.12888808194216494 ) ) ;
#1773 = CARTESIAN_POINT ( 'NONE',  ( -2.098488812743535728E-32, 1.562500000000000000, 57.50000000000000000 ) ) ;
#1774 = CARTESIAN_POINT ( 'NONE',  ( -5.449353599905848888, 4.435207412316848341, 6.208044360852651877 ) ) ;
#1775 = DIRECTION ( 'NONE',  ( 1.000000000000000000, 0.000000000000000000, 0.000000000000000000 ) ) ;
#1776 = CARTESIAN_POINT ( 'NONE',  ( 0.4009488007876729210, 10.85946075127472810, 15.74645479093964440 ) ) ;
#1777 = CARTESIAN_POINT ( 'NONE',  ( 1.206777699719932428, 3.378119621394026328, 57.27207460627849400 ) ) ;
#1778 = CARTESIAN_POINT ( 'NONE',  ( 5.845838337955497899, 3.862398552052719314, 50.62266838635675015 ) ) ;
#1779 = CARTESIAN_POINT ( 'NONE',  ( 5.262060730246721718, 6.150127951074344956, 20.75039693889289794 ) ) ;
#1780 = CARTESIAN_POINT ( 'NONE',  ( 0.007003579521322488011, 10.49403269664884419, 51.01325654400035603 ) ) ;
#1781 = CARTESIAN_POINT ( 'NONE',  ( 2.098488812743535728E-32, 1.562500000000000000, 57.50000000000000000 ) ) ;
#1782 = CARTESIAN_POINT ( 'NONE',  ( -1.522857090119479562, 10.27859518176382103, 7.837455481666797397 ) ) ;
#1783 = CARTESIAN_POINT ( 'NONE',  ( -0.3634429833426384149, 2.056434814402907651, 57.50000000000000000 ) ) ;
#1784 = VERTEX_POINT ( 'NONE', #3204 ) ;
#1785 = CARTESIAN_POINT ( 'NONE',  ( -0.01609499801977306785, 9.221808123996870776, -1.764923984858302264 ) ) ;
#1786 = CARTESIAN_POINT ( 'NONE',  ( 5.839762133738127581, 6.695411020245640721, 46.87687413883681131 ) ) ;
#1787 = CARTESIAN_POINT ( 'NONE',  ( 5.951031161866218611, 2.546427535909485229, 41.45540113598102039 ) ) ;
#1788 = CARTESIAN_POINT ( 'NONE',  ( 0.1068583729595841969, 10.34106813956936755, 7.833706845174687849 ) ) ;
#1789 = CARTESIAN_POINT ( 'NONE',  ( 2.218443353643227312, 9.155667432632974112, 0.4106315878583307044 ) ) ;
#1790 = CARTESIAN_POINT ( 'NONE',  ( 1.408144232184310285, 10.84430771742441380, 39.79181665988789973 ) ) ;
#1791 = CARTESIAN_POINT ( 'NONE',  ( 2.914142713784871663, 4.851061401758576253, -9.976194167148635827 ) ) ;
#1792 = CARTESIAN_POINT ( 'NONE',  ( -0.3677185849214883451, 5.464377980214690567, -13.06536209252179859 ) ) ;
#1793 = CARTESIAN_POINT ( 'NONE',  ( 4.964964870341074921, 8.188125181798008967, 48.56785516867473973 ) ) ;
#1794 = CARTESIAN_POINT ( 'NONE',  ( -5.028386650218544141, 5.222013611563311564, -0.6117681374242320835 ) ) ;
#1795 = CARTESIAN_POINT ( 'NONE',  ( 0.0004629183986789568608, 10.83410253746017915, 48.61529599076821739 ) ) ;
#1796 = CARTESIAN_POINT ( 'NONE',  ( 1.254487001419855252, 10.03282847941114220, 50.65540067381245848 ) ) ;
#1797 = CARTESIAN_POINT ( 'NONE',  ( 5.479338762522079520, 2.866761364765554543, 2.097222004870389789 ) ) ;
#1798 = CARTESIAN_POINT ( 'NONE',  ( -0.4442195488339382714, 11.01562462410995202, 31.92477238232587666 ) ) ;
#1799 = CARTESIAN_POINT ( 'NONE',  ( 0.2896065778263254287, 10.57938419989629608, 50.40616678811326778 ) ) ;
#1800 = CARTESIAN_POINT ( 'NONE',  ( -2.793301568856858541, 9.189035829906240238, 2.037877830688186620 ) ) ;
#1801 = CARTESIAN_POINT ( 'NONE',  ( 4.017013559050353955, 9.056625310316066546, 49.41354199276950254 ) ) ;
#1802 = CARTESIAN_POINT ( 'NONE',  ( -5.422518349920544267, 7.034651144229382425, 46.31113075985357597 ) ) ;
#1803 = CARTESIAN_POINT ( 'NONE',  ( 5.731213642856795687, 5.483966235373583409, 49.88835810044849950 ) ) ;
#1804 = CARTESIAN_POINT ( 'NONE',  ( -5.504760594853113531, 2.843964503317489623, 50.27853859027634797 ) ) ;
#1805 = CARTESIAN_POINT ( 'NONE',  ( 0.5704535551396670012, 8.274665884448520359, -5.805231060198213555 ) ) ;
#1806 = CARTESIAN_POINT ( 'NONE',  ( 5.914009669732219088, 1.976971858887513811, 42.03547107201283950 ) ) ;
#1807 = CARTESIAN_POINT ( 'NONE',  ( 5.174527687627831440, 4.092063168330898115, -2.509004004982662295 ) ) ;
#1808 = CARTESIAN_POINT ( 'NONE',  ( -0.2721106767461354825, 8.113997151054856971, -6.555991368926506802 ) ) ;
#1809 = CARTESIAN_POINT ( 'NONE',  ( 0.09459129765731040529, 10.59308188246052218, 50.40483820769090784 ) ) ;
#1810 = CARTESIAN_POINT ( 'NONE',  ( 0.0002154551015291883800, 11.00657704047662655, 46.98752180155106117 ) ) ;
#1811 = CARTESIAN_POINT ( 'NONE',  ( -1.831595141014383143, 9.072793837442027609, 52.35449413523006967 ) ) ;
#1812 = CARTESIAN_POINT ( 'NONE',  ( 2.840546109381000495, 10.70255915990485818, 43.75447735835953722 ) ) ;
#1813 = CARTESIAN_POINT ( 'NONE',  ( -0.9373375080328064657, 2.949922599521145550, -14.99999999999999822 ) ) ;
#1814 = CARTESIAN_POINT ( 'NONE',  ( 0.000000000000000000, 11.06384859248873553, 28.18482201312184543 ) ) ;
#1815 = CARTESIAN_POINT ( 'NONE',  ( -1.362478029545613123E-05, 10.09798681972128342, 50.95540058736008149 ) ) ;
#1816 = CARTESIAN_POINT ( 'NONE',  ( 0.2962433769018905649, 9.399223673296036807, -0.5885981418372133733 ) ) ;
#1817 = CARTESIAN_POINT ( 'NONE',  ( 2.461424676164801983, 6.810936157656957590, -6.993466259799429707 ) ) ;
#1818 = CARTESIAN_POINT ( 'NONE',  ( 5.893397010031475425, 4.141141290514220863, 49.75497923380736864 ) ) ;
#1819 = CARTESIAN_POINT ( 'NONE',  ( 4.025167977701206823, 4.567762279862450647, -7.628693711876995742 ) ) ;
#1820 = CARTESIAN_POINT ( 'NONE',  ( 0.01183099032409047971, 11.22383828197144773, 43.78958688396647148 ) ) ;
#1821 = CARTESIAN_POINT ( 'NONE',  ( -0.03173690606607452308, 10.52996757354592461, 50.80983278816369619 ) ) ;
#1822 = CARTESIAN_POINT ( 'NONE',  ( -0.9103559324245894535, 7.600684036911433239, -7.653154394948928463 ) ) ;
#1823 = CARTESIAN_POINT ( 'NONE',  ( -1.371006401579983214, 4.641055417966223118, -13.03678526065873022 ) ) ;
#1824 = VERTEX_POINT ( 'NONE', #5860 ) ;
#1825 = CARTESIAN_POINT ( 'NONE',  ( -0.02118174190531887935, 9.768370934394681626, 52.32194459496485450 ) ) ;
#1826 = CARTESIAN_POINT ( 'NONE',  ( 5.362724932456030658, 6.297799645565721249, 50.77011312931147557 ) ) ;
#1827 = CARTESIAN_POINT ( 'NONE',  ( -0.0008532161854345484244, 10.64671612075418494, 50.05144688608906733 ) ) ;
#1828 = CARTESIAN_POINT ( 'NONE',  ( 0.07547877036002421935, 6.179816552108036376, 56.45342218331835227 ) ) ;
#1829 = CARTESIAN_POINT ( 'NONE',  ( 2.678967920008552994, 9.192231206062414728, 50.60915771940292984 ) ) ;
#1830 = CARTESIAN_POINT ( 'NONE',  ( 1.335053717665996009, 10.88167419818958237, 33.64214446869246444 ) ) ;
#1831 = CARTESIAN_POINT ( 'NONE',  ( 4.591502482601883095, 6.567630615815256867, -0.1969339167737732821 ) ) ;
#1832 = CARTESIAN_POINT ( 'NONE',  ( -0.8866181681515878932, 10.66166657588201261, 12.45300639490904437 ) ) ;
#1833 = CARTESIAN_POINT ( 'NONE',  ( 5.208682506021205860, 8.075849379798611949, 47.73120189065672747 ) ) ;
#1834 = CARTESIAN_POINT ( 'NONE',  ( -5.404071101627862639, 5.309429423173238405, 9.122545990828593077 ) ) ;
#1835 = CARTESIAN_POINT ( 'NONE',  ( 2.959390138649623303, 9.384036338790732401, 50.95540067381245564 ) ) ;
#1836 = CARTESIAN_POINT ( 'NONE',  ( 2.134242110119258573, 10.66359074472348212, 36.12987811438270569 ) ) ;
#1837 = CARTESIAN_POINT ( 'NONE',  ( 5.941887679265625444, 2.396694002851453398, 45.80499329549228094 ) ) ;
#1838 = CARTESIAN_POINT ( 'NONE',  ( 5.074079002560160312, 2.601851770219572035, -6.993658002382332484 ) ) ;
#1839 = CARTESIAN_POINT ( 'NONE',  ( -0.3017690107630460195, 9.098721604720328315, -2.363233502663853347 ) ) ;
#1840 = CARTESIAN_POINT ( 'NONE',  ( 0.3023157191361360296, 11.25720730475596909, 42.98795639957181436 ) ) ;
#1841 = CARTESIAN_POINT ( 'NONE',  ( -0.1553811582730872942, 6.165746102140820639, 56.44854692671295737 ) ) ;
#1842 = CARTESIAN_POINT ( 'NONE',  ( 3.812473234194325489, 8.720605333633791645, 50.88494558438272009 ) ) ;
#1843 = CARTESIAN_POINT ( 'NONE',  ( -5.577886942599493914, 6.765697478530589670, 42.58904558418412734 ) ) ;
#1844 = CARTESIAN_POINT ( 'NONE',  ( 5.896407317888066935, 5.436664618663458626, 48.50849661603231766 ) ) ;
#1845 = CARTESIAN_POINT ( 'NONE',  ( -5.511372370380191121, 2.145515981265003980, 48.46467559289531124 ) ) ;
#1846 = CARTESIAN_POINT ( 'NONE',  ( 0.9616626271881479893, 10.93957307899384190, 34.88700170522619715 ) ) ;
#1847 = CARTESIAN_POINT ( 'NONE',  ( 5.901467492586436769, 1.958766127135010970, 50.27065590915839266 ) ) ;
#1848 = CARTESIAN_POINT ( 'NONE',  ( 5.211875269145707534, 3.827816791788850370, 52.45901941946186042 ) ) ;
#1849 = CARTESIAN_POINT ( 'NONE',  ( 0.1112669114547102378, 10.66607557996059974, 49.89987169335060457 ) ) ;
#1850 = CARTESIAN_POINT ( 'NONE',  ( -0.0002315010049347884769, 10.83562044299727667, 48.59275301183831175 ) ) ;
#1851 = CARTESIAN_POINT ( 'NONE',  ( -2.519452549030808619, 10.52111394184896476, 37.31172873086857322 ) ) ;
#1852 = CARTESIAN_POINT ( 'NONE',  ( 2.696962672201808520, 9.875745825985482895, 49.82580558279018845 ) ) ;
#1853 = CARTESIAN_POINT ( 'NONE',  ( -4.526606206748171601, 8.321745756078691159, 12.44700852879701358 ) ) ;
#1854 = CARTESIAN_POINT ( 'NONE',  ( 0.000000000000000000, 8.130572732422463034, -6.554889771592987024 ) ) ;
#1855 = CARTESIAN_POINT ( 'NONE',  ( -0.1282344760850772925, 6.951023870241553659, -10.03476938530935492 ) ) ;
#1856 = DIRECTION ( 'NONE',  ( -0.000000000000000000, -0.000000000000000000, -1.000000000000000000 ) ) ;
#1857 = CARTESIAN_POINT ( 'NONE',  ( -0.1967677887377826673, 6.155421404644037864, 56.44610929841024927 ) ) ;
#1858 = CARTESIAN_POINT ( 'NONE',  ( 0.3764232074992612254, 9.267488878129535479, 53.35409283797893920 ) ) ;
#1859 = CARTESIAN_POINT ( 'NONE',  ( 1.371006401579983214, 4.641055417966223118, -13.03678526065873022 ) ) ;
#1860 = CARTESIAN_POINT ( 'NONE',  ( 5.861018067963397193, 3.609095557353855899, 50.61929537627054287 ) ) ;
#1861 = CARTESIAN_POINT ( 'NONE',  ( 3.803162653365832924, 4.384833788451798497, -8.618481668928071215 ) ) ;
#1862 = CARTESIAN_POINT ( 'NONE',  ( 0.009606048181334220920, 10.59475815109327357, 50.40451335649563447 ) ) ;
#1863 = CARTESIAN_POINT ( 'NONE',  ( -0.03219328916209982655, 10.59477333286455547, 50.40438349084273284 ) ) ;
#1864 = CARTESIAN_POINT ( 'NONE',  ( -1.290100686507140715, 8.268066304144012335, -4.989040231154053373 ) ) ;
#1865 = CARTESIAN_POINT ( 'NONE',  ( 1.271554578322486639, 10.27583545791813613, 50.83197140756931276 ) ) ;
#1866 = CARTESIAN_POINT ( 'NONE',  ( -3.710232549857753082, 8.776850005476013905, 4.107134198914741852 ) ) ;
#1867 = CARTESIAN_POINT ( 'NONE',  ( -0.03559402665550736450, 10.34137703595927249, 7.833540239108374159 ) ) ;
#1868 = CARTESIAN_POINT ( 'NONE',  ( 5.504618966176598072, 6.407706909664127259, 49.90638631647236423 ) ) ;
#1869 = CARTESIAN_POINT ( 'NONE',  ( 0.0002436054829641785607, 10.59143664631855231, 50.42706965073423930 ) ) ;
#1870 = CARTESIAN_POINT ( 'NONE',  ( 0.1823296536129637990, 10.66875247860627418, 46.42533391032881696 ) ) ;
#1871 = CARTESIAN_POINT ( 'NONE',  ( 2.982543572089781936, 10.16531803870706163, 15.74272549946491218 ) ) ;
#1872 = CARTESIAN_POINT ( 'NONE',  ( 1.549591871259686782, 10.37595072557602371, 9.117127460050465260 ) ) ;
#1873 = CARTESIAN_POINT ( 'NONE',  ( 2.164524554349582797, 3.784799185048240755, -13.01151732511666737 ) ) ;
#1874 = CARTESIAN_POINT ( 'NONE',  ( -0.7740023461990870324, 10.18799978705703779, 6.163424391876288766 ) ) ;
#1875 = CARTESIAN_POINT ( 'NONE',  ( 4.647335999360413972, 7.808913356888303348, 50.67514144155213529 ) ) ;
#1876 = CARTESIAN_POINT ( 'NONE',  ( -5.419591208160743356, 5.411835150038265319, 12.44298198930923505 ) ) ;
#1877 =( LENGTH_UNIT ( ) NAMED_UNIT ( * ) SI_UNIT ( $, .METRE. ) );
#1878 = CARTESIAN_POINT ( 'NONE',  ( 5.473151459115347173, 5.823311178749333905, 50.95540067381243432 ) ) ;
#1879 = CARTESIAN_POINT ( 'NONE',  ( 2.012276698837797362, 10.01000447822541517, 6.170380356621661733 ) ) ;
#1880 = CARTESIAN_POINT ( 'NONE',  ( 3.728875260253237123, 7.119875503509051740, 52.72259784511012981 ) ) ;
#1881 = CARTESIAN_POINT ( 'NONE',  ( 5.417140425190452468, 2.782258383570136662, -3.163347673506678337 ) ) ;
#1882 = CARTESIAN_POINT ( 'NONE',  ( -0.5039848412931077215, 10.94283757972596938, 39.79752852188854462 ) ) ;
#1883 = CARTESIAN_POINT ( 'NONE',  ( 0.2905170137409917586, 10.59501675406217380, 50.30465392350164677 ) ) ;
#1884 = CARTESIAN_POINT ( 'NONE',  ( 4.192766968600501798, 9.354014180577333804, 47.75937196239949145 ) ) ;
#1885 = CARTESIAN_POINT ( 'NONE',  ( -5.186248927173911838, 6.494692345210143714, 20.75034121567253820 ) ) ;
#1886 = CARTESIAN_POINT ( 'NONE',  ( 6.058739326800607117, 5.911288587741685419, 43.64808408556326924 ) ) ;
#1887 = CARTESIAN_POINT ( 'NONE',  ( -5.495695881113566550, 2.184141309681208565, 2.103156422288613658 ) ) ;
#1888 = AXIS2_PLACEMENT_3D ( 'NONE', #7876, #7094, #1175 ) ;
#1889 = ADVANCED_FACE ( 'NONE', ( #8500 ), #7849, .F. ) ;
#1890 = CARTESIAN_POINT ( 'NONE',  ( 0.7361963374982747332, 9.746301402654587775, 51.93989922364058032 ) ) ;
#1891 = CARTESIAN_POINT ( 'NONE',  ( 5.917063200169542903, 2.135064756150273801, 47.60275265500383313 ) ) ;
#1892 = CARTESIAN_POINT ( 'NONE',  ( 5.455293713028487979, 4.553013523484198188, 34.88822291487295502 ) ) ;
#1893 = CARTESIAN_POINT ( 'NONE',  ( 0.09890772054831524496, 10.78732252888522858, 48.99378835418040978 ) ) ;
#1894 = CARTESIAN_POINT ( 'NONE',  ( -0.0007792733731996502513, 11.31538899991338631, 41.39876443555331065 ) ) ;
#1895 = CARTESIAN_POINT ( 'NONE',  ( -2.015311937202632464, 9.118052975282497030, -0.1930433136756458945 ) ) ;
#1896 = CARTESIAN_POINT ( 'NONE',  ( 2.561588814051277918, 9.895391199408196670, 50.03075213106629349 ) ) ;
#1897 = CARTESIAN_POINT ( 'NONE',  ( -4.707598428678037905, 7.971837577614217629, 12.44650521136105681 ) ) ;
#1898 = CARTESIAN_POINT ( 'NONE',  ( 0.000000000000000000, 10.99161574593829727, 36.13045129105877606 ) ) ;
#1899 = CARTESIAN_POINT ( 'NONE',  ( 0.6912623168014462305, 5.263850817640213009, -13.05663863858465312 ) ) ;
#1900 = CARTESIAN_POINT ( 'NONE',  ( -0.2952801422671903486, 10.97699059164415125, 37.31600116034424275 ) ) ;
#1901 = CARTESIAN_POINT ( 'NONE',  ( 0.7321008163193387652, 11.08152448227771991, 41.45540113598099197 ) ) ;
#1902 = CARTESIAN_POINT ( 'NONE',  ( 0.4859336215216608634, 10.97656436464324514, 36.13032102363242615 ) ) ;
#1903 = CARTESIAN_POINT ( 'NONE',  ( 2.771979518217683403, 7.094868814738277685, 54.05972159640731434 ) ) ;
#1904 = CARTESIAN_POINT ( 'NONE',  ( 5.951309540820926003, 3.618582912875037749, 48.89074819440941866 ) ) ;
#1905 = CARTESIAN_POINT ( 'NONE',  ( 5.282017097723314514, 5.829548302312132613, 24.06978798210476000 ) ) ;
#1906 = CARTESIAN_POINT ( 'NONE',  ( 0.008813239622860111200, 10.49402563299347158, 51.01327400209028440 ) ) ;
#1907 = CARTESIAN_POINT ( 'NONE',  ( -0.04499852100036006580, 10.62502801125722307, 50.20221360773295771 ) ) ;
#1908 = CARTESIAN_POINT ( 'NONE',  ( -1.462434383211648364E-15, 1.562500000000000000, -14.99999999999999822 ) ) ;
#1909 = CARTESIAN_POINT ( 'NONE',  ( 1.385623521516410106, 10.18547022217730103, 51.04098219118188240 ) ) ;
#1910 = CARTESIAN_POINT ( 'NONE',  ( -4.127985134992781191, 9.140483114716209556, 33.64180286460518943 ) ) ;
#1911 = CARTESIAN_POINT ( 'NONE',  ( -0.03226372675353991054, 10.98282347168085948, 37.31649651448636007 ) ) ;
#1912 = CARTESIAN_POINT ( 'NONE',  ( 5.395021496319520438, 6.480942163838319559, 50.33816424166364101 ) ) ;
#1913 = CARTESIAN_POINT ( 'NONE',  ( -0.0001540890246383857273, 10.62511875671884987, 50.20142023510217655 ) ) ;
#1914 = CARTESIAN_POINT ( 'NONE',  ( 0.05653715148529786516, 8.879713336523099798, -3.547588282847957242 ) ) ;
#1915 = CARTESIAN_POINT ( 'NONE',  ( 1.646778024470454627, 6.768993569749027550, -8.656285236188198340 ) ) ;
#1916 = CARTESIAN_POINT ( 'NONE',  ( 1.017080370329956240, 8.502607797802241407, 54.12448715248851272 ) ) ;
#1917 = CARTESIAN_POINT ( 'NONE',  ( 4.491273692118115335, 6.119521559171936076, 52.42051010421847934 ) ) ;
#1918 = CARTESIAN_POINT ( 'NONE',  ( -0.6856945504945991532, 8.924908437597993682, -2.967510092068686767 ) ) ;
#1919 = CARTESIAN_POINT ( 'NONE',  ( 5.099892536764411233, 8.824708776337857330, 44.49943869493397131 ) ) ;
#1920 = CARTESIAN_POINT ( 'NONE',  ( -4.630641709192494737, 4.346434426710143129, -5.868028959855611681 ) ) ;
#1921 = CARTESIAN_POINT ( 'NONE',  ( 5.848585249803965880, 3.449613765656897701, 50.95540067381246985 ) ) ;
#1922 = CARTESIAN_POINT ( 'NONE',  ( 1.576356180432750831, 8.136868181636691233, 54.10598270789397901 ) ) ;
#1923 = CARTESIAN_POINT ( 'NONE',  ( 3.168789679619135047, 5.613327517724069793, 54.93697183056557520 ) ) ;
#1924 = CARTESIAN_POINT ( 'NONE',  ( 5.492664311162606339, 2.183970520588859543, -0.6223266164259109168 ) ) ;
#1925 = CARTESIAN_POINT ( 'NONE',  ( -0.5698474351970382878, 10.20194573750520384, 49.94299639712607330 ) ) ;
#1926 = CARTESIAN_POINT ( 'NONE',  ( 0.4158041168982714586, 10.62788624562923268, 50.00185834494089931 ) ) ;
#1927 = CARTESIAN_POINT ( 'NONE',  ( 3.962572946071935664, 8.966546950005948702, 49.83172940303105491 ) ) ;
#1928 = CARTESIAN_POINT ( 'NONE',  ( -3.186140444317811848, 4.489625107400649462, -9.968636074482740028 ) ) ;
#1929 = CARTESIAN_POINT ( 'NONE',  ( 5.744227611719779247, 5.491991735887784998, 49.78133240446766905 ) ) ;
#1930 = CARTESIAN_POINT ( 'NONE',  ( -5.074837276257444074, 2.055519088480901591, -7.613869055469765001 ) ) ;
#1931 = CARTESIAN_POINT ( 'NONE',  ( 0.8223896570166514541, 11.02490984550498787, 24.06597077686748065 ) ) ;
#1932 = CARTESIAN_POINT ( 'NONE',  ( 5.920977161545920353, 2.112333699779481488, 45.97843142912546455 ) ) ;
#1933 = CARTESIAN_POINT ( 'NONE',  ( 5.282906163416543954, 4.222068816718826945, -0.1994097551089452081 ) ) ;
#1934 = CARTESIAN_POINT ( 'NONE',  ( 0.1096517460140760958, 11.18294966391487222, 44.58607126117778563 ) ) ;
#1935 = CARTESIAN_POINT ( 'NONE',  ( -0.0007691797412373494293, 10.54669105086999004, 50.70860512208511750 ) ) ;
#1936 = CARTESIAN_POINT ( 'NONE',  ( -1.726532827813466842, 8.065993969398672192, -4.997362326591063386 ) ) ;
#1937 = CARTESIAN_POINT ( 'NONE',  ( 2.960835253320610594, 10.60127968917253583, 44.55060840121645072 ) ) ;
#1938 = CARTESIAN_POINT ( 'NONE',  ( -4.124454312214277607, 6.926273951834914122, -1.830764602778476302 ) ) ;
#1939 = CARTESIAN_POINT ( 'NONE',  ( 1.418729553887774886, 8.902396731752247661, 53.14161318125578504 ) ) ;
#1940 = CARTESIAN_POINT ( 'NONE',  ( 1.462434383211648364E-15, 1.562500000000000000, -14.99999999999999822 ) ) ;
#1941 = CARTESIAN_POINT ( 'NONE',  ( 3.202199298499594171, 7.672801644941307231, -3.032789285881359209 ) ) ;
#1942 = CARTESIAN_POINT ( 'NONE',  ( 5.910799965913318132, 3.614969911580970141, 49.74563398417626559 ) ) ;
#1943 = CARTESIAN_POINT ( 'NONE',  ( 2.058054861231477517, 2.605906751326426019, 57.24439292073030572 ) ) ;
#1944 = CARTESIAN_POINT ( 'NONE',  ( 0.01349788495317075926, 10.62500014060961639, 50.20226674282658053 ) ) ;
#1945 = CARTESIAN_POINT ( 'NONE',  ( -0.06645306483682271448, 11.00656566752454424, 46.98860245607706076 ) ) ;
#1946 = CARTESIAN_POINT ( 'NONE',  ( -1.649624763487059331, 10.16118898559042627, 48.56933681356138521 ) ) ;
#1947 = CARTESIAN_POINT ( 'NONE',  ( 1.437183821582780352, 10.38078451500454236, 50.01406392685139934 ) ) ;
#1948 = CARTESIAN_POINT ( 'NONE',  ( -4.064072483522608081, 8.740794234302423860, 48.53855410160085171 ) ) ;
#1949 = CARTESIAN_POINT ( 'NONE',  ( -0.07636234737727380650, 10.25735313652321423, 49.94326362070096792 ) ) ;
#1950 = CARTESIAN_POINT ( 'NONE',  ( 5.903150278366216419, 6.407114826705287314, 46.87028145725811612 ) ) ;
#1951 = CARTESIAN_POINT ( 'NONE',  ( -0.0002001959822208852638, 10.63600180035276566, 50.12641467500854731 ) ) ;
#1952 = CARTESIAN_POINT ( 'NONE',  ( 0.06504168366024218328, 6.956305812939282518, -10.03571414689259100 ) ) ;
#1953 = CARTESIAN_POINT ( 'NONE',  ( 2.743478020338141032, 10.40377085625421749, 20.74968182423103258 ) ) ;
#1954 = CARTESIAN_POINT ( 'NONE',  ( 1.474858588173115992, 10.85563298462614767, 20.74950536736651330 ) ) ;
#1955 = CARTESIAN_POINT ( 'NONE',  ( 5.019058711229452463, 7.264767630746136184, 15.73793069614013440 ) ) ;
#1956 = CARTESIAN_POINT ( 'NONE',  ( -0.6358255266932264504, 7.361739012045861230, -8.670031987919143646 ) ) ;
#1957 = CARTESIAN_POINT ( 'NONE',  ( -2.545805023140186307, 8.080155740631200345, 53.13600638607544369 ) ) ;
#1958 = VERTEX_POINT ( 'NONE', #1490 ) ;
#1959 = CARTESIAN_POINT ( 'NONE',  ( 5.239222758118202705, 7.004069022983277826, 50.13100665617297835 ) ) ;
#1960 = CARTESIAN_POINT ( 'NONE',  ( -5.212120535586432624, 5.010944417210531299, 51.20448222863817023 ) ) ;
#1961 = DIRECTION ( 'NONE',  ( -1.000000000000000000, -0.000000000000000000, 3.450755528294924588E-15 ) ) ;
#1962 = CARTESIAN_POINT ( 'NONE',  ( 5.501275777147374590, 5.721597005054304574, 50.95540067381244853 ) ) ;
#1963 = CARTESIAN_POINT ( 'NONE',  ( 1.720191112659894994, 8.710196273158626212, 53.14021148246079207 ) ) ;
#1964 = CARTESIAN_POINT ( 'NONE',  ( 4.466280643111850246, 8.160392419674771247, 7.847451845645712076 ) ) ;
#1965 = CARTESIAN_POINT ( 'NONE',  ( 5.499511258298698024, 1.770944281799909703, 7.864778876542572128 ) ) ;
#1966 = CARTESIAN_POINT ( 'NONE',  ( -0.5372425276499908087, 11.00858728047290747, 31.92477325371936914 ) ) ;
#1967 = CARTESIAN_POINT ( 'NONE',  ( 0.5924115843727881803, 11.04201576627823300, 46.17955296162777046 ) ) ;
#1968 = CARTESIAN_POINT ( 'NONE',  ( 4.103345512978554765, 8.500020409172536873, 50.67477951773141598 ) ) ;
#1969 = CARTESIAN_POINT ( 'NONE',  ( -5.125796526471994241, 6.249841579523018886, 49.93992332601522577 ) ) ;
#1970 = CARTESIAN_POINT ( 'NONE',  ( 6.062366479369202921, 5.899497269687755008, 44.44014525203895261 ) ) ;
#1971 = CARTESIAN_POINT ( 'NONE',  ( -5.499505942622187504, 1.709306871648026860, 39.72115881143471938 ) ) ;
#1972 = CARTESIAN_POINT ( 'NONE',  ( 1.110626647765805552, 10.16904397107592750, 6.165290626320151013 ) ) ;
#1973 = CARTESIAN_POINT ( 'NONE',  ( 5.905483100147632669, 1.803330810527700390, 44.37503988757381279 ) ) ;
#1974 = CARTESIAN_POINT ( 'NONE',  ( 4.639558297654701846, 3.001523656352130143, 54.80153927347632248 ) ) ;
#1975 = CARTESIAN_POINT ( 'NONE',  ( 0.1958391894428510582, 10.50446330305116938, 50.91368669865297392 ) ) ;
#1976 = CARTESIAN_POINT ( 'NONE',  ( 0.0004342082549694108195, 11.22385122081139563, 43.78974481679664876 ) ) ;
#1977 = CARTESIAN_POINT ( 'NONE',  ( -2.292113131134639215, 10.58953415692782407, 33.64204399690213876 ) ) ;
#1978 = CARTESIAN_POINT ( 'NONE',  ( 2.690985428951024439, 9.521629951133139258, 51.07524266070724650 ) ) ;
#1979 = CARTESIAN_POINT ( 'NONE',  ( -4.697941456042673991, 7.274878904233688992, 49.94045777316512158 ) ) ;
#1980 = CARTESIAN_POINT ( 'NONE',  ( 0.8904086069154089067, 5.799750527989878890, 56.40954487386959215 ) ) ;
#1981 = CARTESIAN_POINT ( 'NONE',  ( 0.3377832779483915249, 8.318538602107540925, -5.802603533015894044 ) ) ;
#1982 = CARTESIAN_POINT ( 'NONE',  ( 1.462434383211648364E-15, 1.562500000000000000, -14.99999999999999822 ) ) ;
#1983 = CARTESIAN_POINT ( 'NONE',  ( 5.926381220162179275, 2.854223836460976216, 49.30190229246405664 ) ) ;
#1984 = CARTESIAN_POINT ( 'NONE',  ( 4.618570750073675235, 4.733492805277824012, -5.080583280961151971 ) ) ;
#1985 = CARTESIAN_POINT ( 'NONE',  ( 0.01079455936499595578, 10.83560477871480821, 48.59264689249969393 ) ) ;
#1986 = CARTESIAN_POINT ( 'NONE',  ( -0.04346785093030029051, 10.49403706322200769, 51.01269624936055180 ) ) ;
#1987 = CARTESIAN_POINT ( 'NONE',  ( -1.473432627222732938, 9.378242380495420250, 0.4091450338814751619 ) ) ;
#1988 = CARTESIAN_POINT ( 'NONE',  ( 1.332868796740670714, 10.52461534087830408, 49.40123833453949231 ) ) ;
#1989 = CARTESIAN_POINT ( 'NONE',  ( -3.151268380577468609, 6.660455087333968294, 54.04121715181271668 ) ) ;
#1990 = CARTESIAN_POINT ( 'NONE',  ( -0.04798668726003515322, 4.055324125024393211, 57.30114037610422173 ) ) ;
#1991 = CARTESIAN_POINT ( 'NONE',  ( 5.600425612038515411, 6.005553745616535544, 50.00605636795428666 ) ) ;
#1992 = CARTESIAN_POINT ( 'NONE',  ( 0.0004330834259714859630, 10.55621021027579509, 50.65322000277390657 ) ) ;
#1993 = CARTESIAN_POINT ( 'NONE',  ( 0.1052935051152845830, 9.219830099303916171, -1.766763108263894155 ) ) ;
#1994 = CARTESIAN_POINT ( 'NONE',  ( 2.747098116813929902, 10.42419876552645519, 24.06693367548580298 ) ) ;
#1995 = CARTESIAN_POINT ( 'NONE',  ( 1.462434383211648364E-15, 1.562500000000000000, -14.99999999999999822 ) ) ;
#1996 = CARTESIAN_POINT ( 'NONE',  ( 4.694160709388778940, 6.313998410227388725, 51.62889818629527383 ) ) ;
#1997 = CARTESIAN_POINT ( 'NONE',  ( -1.173036728340290491, 10.90298930031534930, 36.13013864923539842 ) ) ;
#1998 = CARTESIAN_POINT ( 'NONE',  ( -3.184684248015010155, 9.427128447385555887, 6.177505979043732331 ) ) ;
#1999 = ORIENTED_EDGE ( 'NONE', *, *, #4161, .F. ) ;
#2000 = CARTESIAN_POINT ( 'NONE',  ( 4.966400592091868127, 7.432419982533883029, 50.35058898092634649 ) ) ;
#2001 = CARTESIAN_POINT ( 'NONE',  ( -4.069837743851547174, 3.937591709684072239, -8.612590203900525765 ) ) ;
#2002 = DIRECTION ( 'NONE',  ( 0.000000000000000000, 0.000000000000000000, 1.000000000000000000 ) ) ;
#2003 = CARTESIAN_POINT ( 'NONE',  ( 0.000000000000000000, 10.89699701221530148, 42.69704201921896924 ) ) ;
#2004 = CARTESIAN_POINT ( 'NONE',  ( 1.816946761217260509, 9.108650106562794946, -0.5935840902546726250 ) ) ;
#2005 = CARTESIAN_POINT ( 'NONE',  ( 1.556114481840085828, 3.081320319311955824, 57.26100193205925848 ) ) ;
#2006 = CARTESIAN_POINT ( 'NONE',  ( 5.189478462510496826, 2.073366458791267242, -6.993679307113783494 ) ) ;
#2007 = CARTESIAN_POINT ( 'NONE',  ( -0.2756205880321750956, 5.498057592062145282, -13.06746775381697212 ) ) ;
#2008 = CARTESIAN_POINT ( 'NONE',  ( 0.6448589970412796912, 10.41553879255042503, 51.02326013420525896 ) ) ;
#2009 = CARTESIAN_POINT ( 'NONE',  ( 4.477331437745895926, 9.064463471362236291, 47.75325091436462799 ) ) ;
#2010 = CARTESIAN_POINT ( 'NONE',  ( -5.440833585272305761, 6.725342545646450176, 39.75246827721628762 ) ) ;
#2011 = CARTESIAN_POINT ( 'NONE',  ( 5.834598540127948318, 5.248661723501299115, 49.34745056909393668 ) ) ;
#2012 = CARTESIAN_POINT ( 'NONE',  ( -4.458864446483255861, 1.982316835541564126, -9.923287518487352799 ) ) ;
#2013 = CARTESIAN_POINT ( 'NONE',  ( 0.8131555559131793398, 9.221253321603933628, 53.14441657884601966 ) ) ;
#2014 = CARTESIAN_POINT ( 'NONE',  ( 5.899841895431422678, 1.755276967205570360, 50.38192589266784438 ) ) ;
#2015 = CARTESIAN_POINT ( 'NONE',  ( 4.438198278636441785, 3.231303712777547688, -8.603753006359196931 ) ) ;
#2016 = CARTESIAN_POINT ( 'NONE',  ( 0.1396780989168480980, 10.60668027631436239, 50.30370250456665815 ) ) ;
#2017 = CARTESIAN_POINT ( 'NONE',  ( 0.001732943234535400242, 11.00657691526467907, 46.98749958284152939 ) ) ;
#2018 = CARTESIAN_POINT ( 'NONE',  ( -2.301248542794212426, 10.59962111465595136, 20.74961681380735357 ) ) ;
#2019 = CARTESIAN_POINT ( 'NONE',  ( 2.855346189911850185, 9.580432668690253450, 50.55500359931345855 ) ) ;
#2020 = CARTESIAN_POINT ( 'NONE',  ( -4.059533371111385236, 6.821977147029278932, -2.451336553515886418 ) ) ;
#2021 = CARTESIAN_POINT ( 'NONE',  ( 1.315093161827788792, 7.623623397261072299, -6.993412997970859024 ) ) ;
#2022 = CARTESIAN_POINT ( 'NONE',  ( 0.6017508696637777765, 10.87500813359594254, 42.68851598487404431 ) ) ;
#2023 = CARTESIAN_POINT ( 'NONE',  ( 4.033565991100951820, 8.768951796475640492, 7.845452572849962891 ) ) ;
#2024 = CARTESIAN_POINT ( 'NONE',  ( 5.894505740405010741, 3.106394018490724829, 50.39148801288137491 ) ) ;
#2025 = CARTESIAN_POINT ( 'NONE',  ( 1.462434383211648364E-15, 1.562500000000000000, -14.99999999999999822 ) ) ;
#2026 = CARTESIAN_POINT ( 'NONE',  ( 0.03417155182493177706, 10.49382954627982834, 51.01352325302389090 ) ) ;
#2027 = CARTESIAN_POINT ( 'NONE',  ( -0.01361618894122481986, 10.59477483591303937, 50.40444287499591525 ) ) ;
#2028 = CARTESIAN_POINT ( 'NONE',  ( -1.315070253858385829, 9.208611719168038334, 52.69390730835446846 ) ) ;
#2029 = CARTESIAN_POINT ( 'NONE',  ( 1.881165121651805494, 9.975343090764836163, 51.05420866798415602 ) ) ;
#2030 = CARTESIAN_POINT ( 'NONE',  ( -4.002925410501190662, 8.665906431098729712, 6.183613655405524767 ) ) ;
#2031 = CARTESIAN_POINT ( 'NONE',  ( -0.08643703399412248911, 11.02815518675394379, 31.92476889675188190 ) ) ;
#2032 = CARTESIAN_POINT ( 'NONE',  ( 5.987284335553073156, 6.392236018673298048, 42.07506345752838683 ) ) ;
#2033 = CARTESIAN_POINT ( 'NONE',  ( 5.396949253757464149, 7.200702534681850508, 41.45540113598099197 ) ) ;
#2034 = CARTESIAN_POINT ( 'NONE',  ( 0.3025866694179966676, 10.85957896640723419, 15.74658797992089809 ) ) ;
#2035 = CARTESIAN_POINT ( 'NONE',  ( 1.122522728877793474, 4.875637727579636760, -13.04400467081360659 ) ) ;
#2036 = CARTESIAN_POINT ( 'NONE',  ( 1.218658875781675865, 9.043572718127601107, -1.782211744870858983 ) ) ;
#2037 = CARTESIAN_POINT ( 'NONE',  ( 4.402243324561153415, 5.579971900293227094, 53.12198939812429188 ) ) ;
#2038 = CARTESIAN_POINT ( 'NONE',  ( 0.002846839491271665589, 10.73769514390443369, 49.39663134610869832 ) ) ;
#2039 = CARTESIAN_POINT ( 'NONE',  ( -0.7516688774284037144, 9.739427435906705455, 2.021558182788083080 ) ) ;
#2040 = CARTESIAN_POINT ( 'NONE',  ( -1.122522728877793474, 4.875637727579636760, -13.04400467081360659 ) ) ;
#2041 = EDGE_LOOP ( 'NONE', ( #7749, #7530 ) ) ;
#2042 = CARTESIAN_POINT ( 'NONE',  ( 4.888014289644052823, 7.351928750136150548, 50.78037482032176086 ) ) ;
#2043 = CARTESIAN_POINT ( 'NONE',  ( -5.196542163348092380, 4.543908308776235749, -0.6141144660912714048 ) ) ;
#2044 = FACE_OUTER_BOUND ( 'NONE', #5287, .T. ) ;
#2045 = CARTESIAN_POINT ( 'NONE',  ( 4.773531004809243861, 7.457681732130471808, 50.95540067381240590 ) ) ;
#2046 = CARTESIAN_POINT ( 'NONE',  ( 1.257106030759663540, 6.443409222180001450, -10.01398463047812726 ) ) ;
#2047 = CARTESIAN_POINT ( 'NONE',  ( 4.066395754377087890, 7.395476199592256883, -0.6035559870895925716 ) ) ;
#2048 = CARTESIAN_POINT ( 'NONE',  ( 5.352726501310375973, 1.754493127544399345, 52.97354136570515237 ) ) ;
#2049 = CARTESIAN_POINT ( 'NONE',  ( -0.2821259978058253681, 6.128621142271767575, 56.44123404180484727 ) ) ;
#2050 = CARTESIAN_POINT ( 'NONE',  ( 0.6216806182555836280, 11.29359439052529801, 41.39283674675012747 ) ) ;
#2051 = EDGE_CURVE ( 'NONE', #457, #8324, #509, .T. ) ;
#2052 = CARTESIAN_POINT ( 'NONE',  ( 4.284596032698201995, 8.334027940970871740, 50.56889707827293989 ) ) ;
#2053 = CARTESIAN_POINT ( 'NONE',  ( -4.487737235911197331, 5.009709891237930535, -5.075035217336478333 ) ) ;
#2054 = CARTESIAN_POINT ( 'NONE',  ( 5.815054964895546519, 4.945261727602160207, 49.87772150258074078 ) ) ;
#2055 = CARTESIAN_POINT ( 'NONE',  ( -5.503395350642021455, 2.213679074416173176, 7.863446028012043065 ) ) ;
#2056 = FACE_OUTER_BOUND ( 'NONE', #4631, .T. ) ;
#2057 = CARTESIAN_POINT ( 'NONE',  ( 0.8808131454870894439, 9.390160964054052428, -0.1919822401034291248 ) ) ;
#2058 = CARTESIAN_POINT ( 'NONE',  ( 5.899414413078940989, 1.756012776577594581, 50.49362418321235424 ) ) ;
#2059 = CARTESIAN_POINT ( 'NONE',  ( 4.981751256156868202, 3.512801083645136213, -5.877488057711954816 ) ) ;
#2060 = CARTESIAN_POINT ( 'NONE',  ( 0.1206442767769613233, 11.00498529757982702, 46.98581352658888477 ) ) ;
#2061 = CARTESIAN_POINT ( 'NONE',  ( 0.001376706337190964713, 11.31538924063392670, 41.39874286569747852 ) ) ;
#2062 = CARTESIAN_POINT ( 'NONE',  ( -1.349246880971115337, 6.372879899479246824, -10.01209510731165864 ) ) ;
#2063 = CARTESIAN_POINT ( 'NONE',  ( 3.120419361560148985, 9.538022557161980330, 50.14130663665466159 ) ) ;
#2064 = CARTESIAN_POINT ( 'NONE',  ( -4.866273214866679631, 7.611706219311422217, 12.44600189392507694 ) ) ;
#2065 = CARTESIAN_POINT ( 'NONE',  ( 1.269200367570095800, 7.418500956990939699, -7.650930696487848515 ) ) ;
#2066 = CARTESIAN_POINT ( 'NONE',  ( 0.3684180749305544511, 7.956285438559035583, 55.09530842304494769 ) ) ;
#2067 = CARTESIAN_POINT ( 'NONE',  ( 2.309982964893062984, 5.528142851990274664, -9.991310352480420320 ) ) ;
#2068 = CARTESIAN_POINT ( 'NONE',  ( 5.891022042590075003, 2.867961547004801215, 50.61074950820003693 ) ) ;
#2069 = CARTESIAN_POINT ( 'NONE',  ( 5.036867126561963559, 4.788132445487823574, -1.861661875992407733 ) ) ;
#2070 = CARTESIAN_POINT ( 'NONE',  ( -5.485961370605566323, 4.807823479272792078, 18.26131584442047995 ) ) ;
#2071 = CARTESIAN_POINT ( 'NONE',  ( 0.03601641230683350070, 10.65385824975996165, 50.00064471077460126 ) ) ;
#2072 = CARTESIAN_POINT ( 'NONE',  ( -0.01410970683511092276, 10.78873106265627868, 48.99460981094654954 ) ) ;
#2073 = CARTESIAN_POINT ( 'NONE',  ( -1.962587798336824951, 10.72491482291775533, 37.31284327768834430 ) ) ;
#2074 = CARTESIAN_POINT ( 'NONE',  ( 1.747277269506583464, 10.46792190379642307, 48.99748610981190211 ) ) ;
#2075 = CARTESIAN_POINT ( 'NONE',  ( -4.151419431143329675, 9.158180730774754252, 34.88754130948878895 ) ) ;
#2076 = CARTESIAN_POINT ( 'NONE',  ( -0.06640795443306532486, 9.883046601330047309, 51.92553612760066528 ) ) ;
#2077 = CARTESIAN_POINT ( 'NONE',  ( 6.011179426931489544, 6.360341280711132583, 44.44784748391326445 ) ) ;
#2078 = CARTESIAN_POINT ( 'NONE',  ( 1.848420593019501901, 10.70732863113232014, 41.45540113598098486 ) ) ;
#2079 = CARTESIAN_POINT ( 'NONE',  ( 0.1652719606546325382, 9.216564394460030840, -1.767866582307248136 ) ) ;
#2080 = CARTESIAN_POINT ( 'NONE',  ( 2.510204940176687938, 8.390130526622096241, -2.406484091263935365 ) ) ;
#2081 = CARTESIAN_POINT ( 'NONE',  ( 1.465353686714243153, 9.690833015718661514, 51.12987782330446151 ) ) ;
#2082 = CARTESIAN_POINT ( 'NONE',  ( 5.309905319670325419, 6.662506465589157045, 37.30244084070415767 ) ) ;
#2083 = CARTESIAN_POINT ( 'NONE',  ( 0.002170881022834124721, 10.57936935299188619, 50.50571966770207410 ) ) ;
#2084 = CARTESIAN_POINT ( 'NONE',  ( -0.5076601011854930956, 6.030488601960137807, 56.42904590029124279 ) ) ;
#2085 = CARTESIAN_POINT ( 'NONE',  ( -2.934246294865621607, 8.570576809161178033, -0.5976901654219937132 ) ) ;
#2086 = ORIENTED_EDGE ( 'NONE', *, *, #2886, .F. ) ;
#2087 = CARTESIAN_POINT ( 'NONE',  ( 5.052488553476866429, 7.169250190736163653, 50.56331798239828146 ) ) ;
#2088 = B_SPLINE_CURVE_WITH_KNOTS ( 'NONE', 3,
 ( #4383, #5075, #3037, #3642, #5693, #1710, #1795, #5733, #7025, #982, #6982, #1110 ),
 .UNSPECIFIED., .F., .F.,
 ( 4, 2, 2, 2, 2, 4 ),
 ( 0.4123351220103544934, 0.7061675610051764140, 0.8530837805025864862, 0.9265418902512922994, 0.9632709451256461497, 1.000000000000000000 ),
 .UNSPECIFIED. ) ;
#2089 = CARTESIAN_POINT ( 'NONE',  ( -2.766276047921471193, 2.950862581372914129, -12.98985909465203825 ) ) ;
#2090 = DIRECTION ( 'NONE',  ( -1.000000000000000000, 0.000000000000000000, 3.450755528294924194E-15 ) ) ;
#2091 = CARTESIAN_POINT ( 'NONE',  ( 0.000000000000000000, 10.66665976604477351, 12.45405497290064289 ) ) ;
#2092 = CARTESIAN_POINT ( 'NONE',  ( 2.236975035982790683, 10.29825930749459495, 10.78621608114737818 ) ) ;
#2093 = CARTESIAN_POINT ( 'NONE',  ( 4.331347735452284908, 7.253276222489718705, 0.4169494422599646644 ) ) ;
#2094 = CARTESIAN_POINT ( 'NONE',  ( 5.498817540604379772, 1.762408381607085239, 2.107112700567426611 ) ) ;
#2095 = CARTESIAN_POINT ( 'NONE',  ( -0.4601920259110244826, 9.442429205078200383, 52.96324827539260127 ) ) ;
#2096 = CARTESIAN_POINT ( 'NONE',  ( 0.7778961546282137096, 10.46320083995531647, 50.61642445769768273 ) ) ;
#2097 = CARTESIAN_POINT ( 'NONE',  ( 4.656043252958341760, 8.859606334588516319, 47.74881180974075079 ) ) ;
#2098 = CARTESIAN_POINT ( 'NONE',  ( -5.289499233889451979, 6.155618923598725978, 18.26203743065625318 ) ) ;
#2099 = CARTESIAN_POINT ( 'NONE',  ( 5.893501494282961772, 4.696687596007738996, 49.33604077525100706 ) ) ;
#2100 = CARTESIAN_POINT ( 'NONE',  ( -5.498817540604379772, 1.762408381607085239, 2.107112700567426611 ) ) ;
#2101 = CARTESIAN_POINT ( 'NONE',  ( -4.087794918969461870E-05, 10.16585299102936091, 50.56318872131642195 ) ) ;
#2102 = CARTESIAN_POINT ( 'NONE',  ( 0.5845279803719358735, 6.843003330741032286, -10.02721129264345556 ) ) ;
#2103 = CARTESIAN_POINT ( 'NONE',  ( 5.905383176546268764, 1.799777054747278449, 43.59159364607805287 ) ) ;
#2104 = CARTESIAN_POINT ( 'NONE',  ( 5.502701615899349363, 4.361348039285090294, 12.44147203700132742 ) ) ;
#2105 = CARTESIAN_POINT ( 'NONE',  ( 0.1293607599438055811, 11.26220383494850630, 42.99012768736923107 ) ) ;
#2106 = CARTESIAN_POINT ( 'NONE',  ( 0.0009564681375979370908, 10.61018181073304589, 50.30326283624889072 ) ) ;
#2107 = CARTESIAN_POINT ( 'NONE',  ( -1.792666841313899306, 7.758873777322405907, -5.819156954264498083 ) ) ;
#2108 = CARTESIAN_POINT ( 'NONE',  ( 3.112049057050650713, 10.63633976472648790, 42.95184842144676907 ) ) ;
#2109 = CARTESIAN_POINT ( 'NONE',  ( -3.641972482158017499, 5.704988473714498909, -6.572515328929259937 ) ) ;
#2110 = CARTESIAN_POINT ( 'NONE',  ( -5.433395296595811885, 3.431662679182980291, 51.22295570043504398 ) ) ;
#2111 = CARTESIAN_POINT ( 'NONE',  ( 0.3791845066958611232, 9.540570028598148511, 0.4069152029161934303 ) ) ;
#2112 = CARTESIAN_POINT ( 'NONE',  ( 2.145209172705811351, 5.689200459356634987, -9.995089398813401971 ) ) ;
#2113 = CARTESIAN_POINT ( 'NONE',  ( 6.020815107487945461, 3.316254387751385480, 42.82890995302422255 ) ) ;
#2114 = CARTESIAN_POINT ( 'NONE',  ( 4.161006719872438531, 4.078339045340147351, 54.85332231001036973 ) ) ;
#2115 = CARTESIAN_POINT ( 'NONE',  ( 0.01684052991540482130, 10.57931615256011426, 50.50577711804481851 ) ) ;
#2116 = CARTESIAN_POINT ( 'NONE',  ( -0.01620059574416252493, 11.13390396278328964, 45.38700766834931954 ) ) ;
#2117 = CARTESIAN_POINT ( 'NONE',  ( -1.559478963209230740, 8.822151299012967129, -2.387261607441678368 ) ) ;
#2118 = CARTESIAN_POINT ( 'NONE',  ( 1.678186649367919614, 10.23699155472640676, 50.32545890119946108 ) ) ;
#2119 = CARTESIAN_POINT ( 'NONE',  ( -4.536290062892189390, 8.170045423062109791, 48.53034537841119800 ) ) ;
#2120 = CARTESIAN_POINT ( 'NONE',  ( -0.1146493484991909229, 10.43736517191341484, 9.115998599471680564 ) ) ;
#2121 = CARTESIAN_POINT ( 'NONE',  ( 5.321825156195027162, 7.457576365558934661, 41.45540113598099907 ) ) ;
#2122 = CARTESIAN_POINT ( 'NONE',  ( 0.1839529770915948326, 9.775622118782189673, 2.016365567547138582 ) ) ;
#2123 = CARTESIAN_POINT ( 'NONE',  ( 2.581387727860082748, 8.171012960388331692, 52.96577080738471466 ) ) ;
#2124 = CARTESIAN_POINT ( 'NONE',  ( 1.382838946249107748, 8.877289468914723258, -2.384057860137964280 ) ) ;
#2125 = CARTESIAN_POINT ( 'NONE',  ( 3.186140444317811848, 4.489625107400649462, -9.968636074482740028 ) ) ;
#2126 = CARTESIAN_POINT ( 'NONE',  ( 0.003111715203754999558, 11.26365194548122872, 42.99175615649969018 ) ) ;
#2127 = CARTESIAN_POINT ( 'NONE',  ( -0.8298556439835750309, 8.203485331089011012, -5.808121340098757024 ) ) ;
#2128 = CARTESIAN_POINT ( 'NONE',  ( -2.404367522249034828, 7.337423479516957059, -5.827039535811461946 ) ) ;
#2129 = ORIENTED_EDGE ( 'NONE', *, *, #6589, .T. ) ;
#2130 = CARTESIAN_POINT ( 'NONE',  ( 5.061268410989296918, 6.843182751218449766, 51.10216740897766385 ) ) ;
#2131 = CARTESIAN_POINT ( 'NONE',  ( -4.724690827020340933, 3.859600513041461234, 53.93944270654235140 ) ) ;
#2132 = CARTESIAN_POINT ( 'NONE',  ( 5.443403828961035806, 1.570161063945709090, 41.45540113599321330 ) ) ;
#2133 = CARTESIAN_POINT ( 'NONE',  ( 0.02476421877477005817, 10.21319528436033863, 50.25620943978884725 ) ) ;
#2134 = CARTESIAN_POINT ( 'NONE',  ( 2.015311937202632464, 9.118052975282497030, -0.1930433136756458945 ) ) ;
#2135 = CARTESIAN_POINT ( 'NONE',  ( 4.935634553268152480, 8.286998326057593900, 39.76262269855079978 ) ) ;
#2136 = CARTESIAN_POINT ( 'NONE',  ( -0.8240204145316935014, 10.94156589541080393, 37.31501045206004363 ) ) ;
#2137 = CARTESIAN_POINT ( 'NONE',  ( 0.6074373916421901276, 11.15933859216230140, 44.57943554876322168 ) ) ;
#2138 = CARTESIAN_POINT ( 'NONE',  ( 4.376370425758524974, 8.678874499506834539, 49.41000123098682906 ) ) ;
#2139 = CARTESIAN_POINT ( 'NONE',  ( -1.264309708108853902, 2.528604055837396114, -14.99999999999998934 ) ) ;
#2140 = CARTESIAN_POINT ( 'NONE',  ( 6.086228261011392249, 5.442825714645382895, 43.64176452077030888 ) ) ;
#2141 = CARTESIAN_POINT ( 'NONE',  ( -5.500296120095795160, 2.001910920230378199, 15.73029452788225058 ) ) ;
#2142 = CARTESIAN_POINT ( 'NONE',  ( -2.446088278621622589E-10, 10.62448609436929736, 50.20686993376786234 ) ) ;
#2143 = CARTESIAN_POINT ( 'NONE',  ( 1.212774871683283573, 10.81330477795395417, 42.67998995052926858 ) ) ;
#2144 = CARTESIAN_POINT ( 'NONE',  ( 5.904691564230695633, 1.822828893318410692, 46.77709091724782553 ) ) ;
#2145 = CARTESIAN_POINT ( 'NONE',  ( 5.479910422481501620, 3.690557422846979296, 33.64122682634029360 ) ) ;
#2146 = CARTESIAN_POINT ( 'NONE',  ( 0.1856360775964560061, 11.00304457874115904, 46.98495018395745859 ) ) ;
#2147 = CARTESIAN_POINT ( 'NONE',  ( 0.0009439088212238102302, 10.52997072665035816, 50.81010575539272622 ) ) ;
#2148 = CARTESIAN_POINT ( 'NONE',  ( -2.019640988049332009, 8.493126626079932961, -2.998229712686411919 ) ) ;
#2149 = CARTESIAN_POINT ( 'NONE',  ( 3.492510435009932745, 10.48076908568556753, 41.35747334936291253 ) ) ;
#2150 = CARTESIAN_POINT ( 'NONE',  ( -2.098488812743535728E-32, 1.562500000000000000, 57.50000000000000000 ) ) ;
#2151 = CARTESIAN_POINT ( 'NONE',  ( -4.580860632724094827, 2.910348386255668718, -8.599825363007498780 ) ) ;
#2152 = CARTESIAN_POINT ( 'NONE',  ( 0.3921061647913419712, 8.717137344708801194, -4.159837499167038821 ) ) ;
#2153 = CARTESIAN_POINT ( 'NONE',  ( 3.749367572173930352, 8.075021913607155710, 0.4147196112946809343 ) ) ;
#2154 = CARTESIAN_POINT ( 'NONE',  ( 5.878248884320615986, 2.870491195033011866, 50.94640434729230094 ) ) ;
#2155 = CARTESIAN_POINT ( 'NONE',  ( 5.413698147011805517, 5.359632444111034566, 10.78195452376293950 ) ) ;
#2156 = CARTESIAN_POINT ( 'NONE',  ( -0.3047470061854975487, 10.14212807449138687, 50.59484368117161779 ) ) ;
#2157 = CIRCLE ( 'NONE', #6994, 0.1000000000000000194 ) ;
#2158 = CARTESIAN_POINT ( 'NONE',  ( 0.02535048109727744761, 11.31532611465847005, 41.39851089319446942 ) ) ;
#2159 = CARTESIAN_POINT ( 'NONE',  ( -0.01745659667921574745, 11.29311029820492074, 42.19512477761776381 ) ) ;
#2160 = CARTESIAN_POINT ( 'NONE',  ( -1.929730359343376334, 10.72647001678079448, 34.88714370634792772 ) ) ;
#2161 = CARTESIAN_POINT ( 'NONE',  ( 1.886994010628701535, 11.01034235311340304, 43.76770943215362308 ) ) ;
#2162 = CARTESIAN_POINT ( 'NONE',  ( -4.619386802882850418, 8.997231816328005394, 42.62314972156367787 ) ) ;
#2163 = EDGE_CURVE ( 'NONE', #5023, #1058, #5465, .T. ) ;
#2164 = ORIENTED_EDGE ( 'NONE', *, *, #5857, .T. ) ;
#2165 = CARTESIAN_POINT ( 'NONE',  ( -0.2259994866890681631, 10.43730869005763928, 9.116073856843597056 ) ) ;
#2166 = CARTESIAN_POINT ( 'NONE',  ( 5.446867521642360543, 7.007143394845630091, 41.45540113598098486 ) ) ;
#2167 = CARTESIAN_POINT ( 'NONE',  ( 0.2119024828867407395, 9.973917133973925431, 51.52531748111456267 ) ) ;
#2168 = CARTESIAN_POINT ( 'NONE',  ( 2.028075783114436703, 7.161078220359286206, -6.993444955067997348 ) ) ;
#2169 = CARTESIAN_POINT ( 'NONE',  ( 1.771319378292882440, 10.77785342439272220, 37.31321479329496782 ) ) ;
#2170 = CARTESIAN_POINT ( 'NONE',  ( 4.207805581355603231, 5.543905584523247221, -5.063939090087133721 ) ) ;
#2171 = CARTESIAN_POINT ( 'NONE',  ( 0.002075804724116385881, 10.56341094317508400, 50.60713043767583486 ) ) ;
#2172 = CARTESIAN_POINT ( 'NONE',  ( -1.036553521558393864, 9.085798191584778749, -1.780004796784149468 ) ) ;
#2173 = CARTESIAN_POINT ( 'NONE',  ( -2.970903915216946078, 7.881126371349438386, -3.025109380726914932 ) ) ;
#2174 = EDGE_LOOP ( 'NONE', ( #6540, #158 ) ) ;
#2175 = CARTESIAN_POINT ( 'NONE',  ( 5.370953967560997633, 6.787588014311768170, 49.91319464423865071 ) ) ;
#2176 = CARTESIAN_POINT ( 'NONE',  ( -1.462434383211648364E-15, 1.562500000000000000, -14.99999999999999822 ) ) ;
#2177 = DIRECTION ( 'NONE',  ( -1.000000000000000000, 0.000000000000000000, 0.000000000000000000 ) ) ;
#2178 = CARTESIAN_POINT ( 'NONE',  ( 0.000000000000000000, 3.742782928143616239, -15.00000000000000000 ) ) ;
#2179 = CARTESIAN_POINT ( 'NONE',  ( 1.403889689815438935, 6.945877905974597866, -8.659721924120924896 ) ) ;
#2180 = CARTESIAN_POINT ( 'NONE',  ( 4.688708607671547846, 7.930050676274715826, 10.78381895511863853 ) ) ;
#2181 = CARTESIAN_POINT ( 'NONE',  ( -0.6404792971329980045, 9.981441441597867836, 51.11957531018689593 ) ) ;
#2182 = CARTESIAN_POINT ( 'NONE',  ( 1.021309725617207897, 10.35656556563784036, 50.82632782449656617 ) ) ;
#2183 = CARTESIAN_POINT ( 'NONE',  ( 4.512841548281837589, 8.228151865934730580, 50.14406207813209448 ) ) ;
#2184 = CARTESIAN_POINT ( 'NONE',  ( -5.601382105613474494, 6.219142053547098037, 46.29807897122775984 ) ) ;
#2185 = CARTESIAN_POINT ( 'NONE',  ( 5.812538701997746138, 4.660942950468153434, 50.19679448929200305 ) ) ;
#2186 = CARTESIAN_POINT ( 'NONE',  ( -5.500000000057401195, 1.562499999999998446, 31.92487956372521651 ) ) ;
#2187 = CARTESIAN_POINT ( 'NONE',  ( 5.440033734988927172, 3.547894943661765055, 50.95540067381244143 ) ) ;
#2188 = CARTESIAN_POINT ( 'NONE',  ( 1.060708715004179403, 9.624549884626260265, 51.94628282188062229 ) ) ;
#2189 = CARTESIAN_POINT ( 'NONE',  ( 5.899703081318754094, 1.631341389325523972, 41.25698361623270216 ) ) ;
#2190 = CARTESIAN_POINT ( 'NONE',  ( 5.244759327545816419, 2.771912098212069520, 53.10937410896830357 ) ) ;
#2191 = CARTESIAN_POINT ( 'NONE',  ( 0.2291658853274652075, 10.58512204429416137, 50.40566620773113016 ) ) ;
#2192 = CARTESIAN_POINT ( 'NONE',  ( -1.679899199817567412, 7.404133327122240260, -6.993428976519438400 ) ) ;
#2193 = CARTESIAN_POINT ( 'NONE',  ( 2.896881312527994634, 9.675442469992162842, 50.13865855167944829 ) ) ;
#2194 = CARTESIAN_POINT ( 'NONE',  ( -5.234686187735568375, 7.538573795096043639, 39.75754548788363962 ) ) ;
#2195 = CARTESIAN_POINT ( 'NONE',  ( -4.941688066056197925, 3.183172226396538296, 53.91785418784873940 ) ) ;
#2196 = CARTESIAN_POINT ( 'NONE',  ( 0.5617357321850494634, 10.64418081744677202, 46.41880801601588047 ) ) ;
#2197 = CARTESIAN_POINT ( 'NONE',  ( 3.364381201213469286, 6.755457072899700321, -5.036198771963769971 ) ) ;
#2198 = CARTESIAN_POINT ( 'NONE',  ( 5.900482208136727635, 2.395636669474441316, 50.49521152913769839 ) ) ;
#2199 = CARTESIAN_POINT ( 'NONE',  ( 5.140657908701544265, 4.961332583094209880, 51.65291690054013429 ) ) ;
#2200 = CARTESIAN_POINT ( 'NONE',  ( 0.02240435304310878922, 10.83555041579960054, 48.59253777414014053 ) ) ;
#2201 = CARTESIAN_POINT ( 'NONE',  ( -0.02574384112299209909, 11.31538391608632033, 41.39902865823263056 ) ) ;
#2202 = CARTESIAN_POINT ( 'NONE',  ( -1.995318058426564178, 10.71479277863883439, 39.78800875188741060 ) ) ;
#2203 = CARTESIAN_POINT ( 'NONE',  ( 1.898163024211874106, 11.09024549228361955, 42.17457487365012980 ) ) ;
#2204 = CARTESIAN_POINT ( 'NONE',  ( -4.406225060979217290, 8.866002114549736746, 36.12909650982442855 ) ) ;
#2205 = LINE ( 'NONE', #4928, #1745 ) ;
#2206 = CARTESIAN_POINT ( 'NONE',  ( -0.1688773136559275079, 10.96105528581661304, 18.26485161697588211 ) ) ;
#2207 = CARTESIAN_POINT ( 'NONE',  ( 5.061950524211276559, 8.142021353134365924, 41.45540113598098486 ) ) ;
#2208 = CARTESIAN_POINT ( 'NONE',  ( 0.2039754602137669182, 8.121483104532906339, -6.555715969593125969 ) ) ;
#2209 = CARTESIAN_POINT ( 'NONE',  ( 3.154845014152032778, 9.242691114819637122, 4.101121911914641593 ) ) ;
#2210 = CARTESIAN_POINT ( 'NONE',  ( 1.440443675546473346, 9.212721754160529741, -0.5924109259211515210 ) ) ;
#2211 = CARTESIAN_POINT ( 'NONE',  ( 5.227146360056447172, 6.513702476668210117, 15.73686518429021497 ) ) ;
#2212 = CARTESIAN_POINT ( 'NONE',  ( 0.002019254506517879997, 10.78873225747910247, 48.99446859555692413 ) ) ;
#2213 = CARTESIAN_POINT ( 'NONE',  ( -0.8050098668964111859, 7.854772098661497282, -6.993391693239423113 ) ) ;
#2214 = CARTESIAN_POINT ( 'NONE',  ( -3.481579182080703383, 9.193688567032097581, 6.179541871164328626 ) ) ;
#2215 = EDGE_LOOP ( 'NONE', ( #2815, #3894, #245, #1005 ) ) ;
#2216 = CARTESIAN_POINT ( 'NONE',  ( 5.742988839483543551, 7.536102380979274429, 44.47012095865603953 ) ) ;
#2217 = DIRECTION ( 'NONE',  ( 0.000000000000000000, 0.000000000000000000, 1.000000000000000000 ) ) ;
#2218 = CARTESIAN_POINT ( 'NONE',  ( 0.01221654376971878855, 6.184160877196126727, 56.45748489715617069 ) ) ;
#2219 = CARTESIAN_POINT ( 'NONE',  ( 1.541433976443310261, 7.252935911842329553, 55.03854624838245968 ) ) ;
#2220 = CARTESIAN_POINT ( 'NONE',  ( 4.707598428678037905, 7.971837577614217629, 12.44650521136105681 ) ) ;
#2221 = CARTESIAN_POINT ( 'NONE',  ( -0.4576964771921644970, 9.533795836738070406, 0.4071010221633007964 ) ) ;
#2222 = CARTESIAN_POINT ( 'NONE',  ( 1.132651970886269899, 10.89721237970858425, 46.97657932554923121 ) ) ;
#2223 = CARTESIAN_POINT ( 'NONE',  ( 4.479528218481353186, 7.988314637586318767, 50.78230857012295729 ) ) ;
#2224 = CARTESIAN_POINT ( 'NONE',  ( -4.476435050019045292, 5.225488282393161654, 53.29412920008033439 ) ) ;
#2225 = CARTESIAN_POINT ( 'NONE',  ( 5.804579234555863110, 4.114715938651168692, 50.84781455152085528 ) ) ;
#2226 = CARTESIAN_POINT ( 'NONE',  ( -5.491446679975057421, 1.562499999999998446, 51.24711331740023468 ) ) ;
#2227 = CARTESIAN_POINT ( 'NONE',  ( -4.087794922112336963E-05, 10.91363031909794046, 41.45540113598099197 ) ) ;
#2228 = CARTESIAN_POINT ( 'NONE',  ( 2.098488812743535728E-32, 1.562500000000000000, 57.50000000000000000 ) ) ;
#2229 = CARTESIAN_POINT ( 'NONE',  ( 5.899962491120622765, 1.562668311783265152, 49.72066319980931581 ) ) ;
#2230 = CARTESIAN_POINT ( 'NONE',  ( 3.920175305254420373, 2.293164438744901723, 56.18528307002060274 ) ) ;
#2231 = CARTESIAN_POINT ( 'NONE',  ( -4.639558297654701846, 3.001523656352130143, 54.80153927347632248 ) ) ;
#2232 = CARTESIAN_POINT ( 'NONE',  ( 0.2624449543856863243, 11.17860852596162857, 44.58388552728568754 ) ) ;
#2233 = CARTESIAN_POINT ( 'NONE',  ( -2.743478020338141032, 10.40377085625421749, 20.74968182423103258 ) ) ;
#2234 = CARTESIAN_POINT ( 'NONE',  ( 3.295608111381263416, 9.316398872510109896, 50.45681098335190740 ) ) ;
#2235 = CARTESIAN_POINT ( 'NONE',  ( -0.5231773859882279387, 1.934255817575996517, 57.50000000000001421 ) ) ;
#2236 = CARTESIAN_POINT ( 'NONE',  ( 5.463419564753432489, 5.760668266090590350, 51.09151501417275654 ) ) ;
#2237 = CARTESIAN_POINT ( 'NONE',  ( -5.574671027264250789, 3.483754376691716725, 48.47972491874264733 ) ) ;
#2238 = CARTESIAN_POINT ( 'NONE',  ( 0.6821257626794765550, 10.96210640258214220, 36.13026891666186202 ) ) ;
#2239 = CARTESIAN_POINT ( 'NONE',  ( 4.346976098177564474, 8.822684001080112637, 24.06813729875883112 ) ) ;
#2240 = CARTESIAN_POINT ( 'NONE',  ( 5.890328244964860183, 2.630962032398061368, 50.83235889289904463 ) ) ;
#2241 = CARTESIAN_POINT ( 'NONE',  ( 4.552940690302703430, 3.926472985732946341, -6.993604740553759136 ) ) ;
#2242 = CARTESIAN_POINT ( 'NONE',  ( 0.05587900620822289222, 11.00624890209888029, 46.98671540962115500 ) ) ;
#2243 = CARTESIAN_POINT ( 'NONE',  ( -0.007423822204720185308, 10.59477533670776950, 50.40446267068703179 ) ) ;
#2244 = CARTESIAN_POINT ( 'NONE',  ( -1.882187036897269294, 10.77140650918123121, 24.06648661541303369 ) ) ;
#2245 = CARTESIAN_POINT ( 'NONE',  ( 2.518345143317012536, 10.15751476581635337, 49.00163038461418807 ) ) ;
#2246 = CARTESIAN_POINT ( 'NONE',  ( -3.622367001836080735, 7.215773596166328296, -3.048149096190214902 ) ) ;
#2247 = CARTESIAN_POINT ( 'NONE',  ( 0.000000000000000000, 2.241098641572417005, 57.50000000000000711 ) ) ;
#2248 = CARTESIAN_POINT ( 'NONE',  ( -4.087794922112336963E-05, 10.91363031909794046, 41.45540113598099197 ) ) ;
#2249 = CARTESIAN_POINT ( 'NONE',  ( 0.02995425612308444396, 2.238430071487517825, 57.50000000000001421 ) ) ;
#2250 = CARTESIAN_POINT ( 'NONE',  ( 1.780078101935506307, 5.091766992933957070, 56.36079230781544425 ) ) ;
#2251 = CARTESIAN_POINT ( 'NONE',  ( 5.601382105613474494, 6.219142053547098037, 46.29807897122775984 ) ) ;
#2252 = CARTESIAN_POINT ( 'NONE',  ( 0.007767344849984750797, 10.59476507210540852, 50.40450798480698325 ) ) ;
#2253 = CARTESIAN_POINT ( 'NONE',  ( 1.713846906109988133, 1.722780135596348572, -14.99999999999998757 ) ) ;
#2254 = CARTESIAN_POINT ( 'NONE',  ( -0.8392880622960490200, 8.424708961280000352, -4.980718135717046025 ) ) ;
#2255 = CARTESIAN_POINT ( 'NONE',  ( -3.091398764700179935, 8.140936825926317510, -1.808695121911372494 ) ) ;
#2256 = ORIENTED_EDGE ( 'NONE', *, *, #4423, .F. ) ;
#2257 = CARTESIAN_POINT ( 'NONE',  ( 5.182804243574778091, 6.627040968490951478, 50.99167927796575839 ) ) ;
#2258 = ADVANCED_FACE ( 'NONE', ( #7413 ), #6117, .F. ) ;
#2259 = CARTESIAN_POINT ( 'NONE',  ( 1.940751855412575111, 11.09675346990714750, 41.45540113598098486 ) ) ;
#2260 = CARTESIAN_POINT ( 'NONE',  ( 0.01924276616157303416, 9.323998683940622811, 53.35868464808827838 ) ) ;
#2261 = CARTESIAN_POINT ( 'NONE',  ( 1.349246880971115337, 6.372879899479246824, -10.01209510731165864 ) ) ;
#2262 = CARTESIAN_POINT ( 'NONE',  ( 4.282987123924241857, 6.822443189746267400, 52.02607779988039027 ) ) ;
#2263 = CARTESIAN_POINT ( 'NONE',  ( -0.4897648122879043608, 9.760121509492096337, 2.019332776256252515 ) ) ;
#2264 = CARTESIAN_POINT ( 'NONE',  ( 1.028865557895716210, 10.39442273264474714, 50.62120135833464474 ) ) ;
#2265 = CARTESIAN_POINT ( 'NONE',  ( 4.869500801524888622, 9.239928595082586682, 42.11960310946763997 ) ) ;
#2266 = CARTESIAN_POINT ( 'NONE',  ( -0.6522957336594957800, 1.823027114660579429, 57.50000000000001421 ) ) ;
#2267 = CARTESIAN_POINT ( 'NONE',  ( 6.056883976698290262, 4.824668641885377696, 41.28075969812014989 ) ) ;
#2268 = DIRECTION ( 'NONE',  ( -1.000000000000000000, 0.000000000000000000, 0.000000000000000000 ) ) ;
#2269 = CARTESIAN_POINT ( 'NONE',  ( -4.087794921015573630E-05, 10.77804612797950945, 44.63372950534169092 ) ) ;
#2270 = CARTESIAN_POINT ( 'NONE',  ( 0.7873584177384382876, 7.762539060988391526, 55.07439604290608060 ) ) ;
#2271 = CARTESIAN_POINT ( 'NONE',  ( 0.2999591220507833444, 11.06515853530437177, 42.76142520816062387 ) ) ;
#2272 = CARTESIAN_POINT ( 'NONE',  ( 5.513916924387759266, 3.743297603236984905, 10.78080035197131892 ) ) ;
#2273 = CARTESIAN_POINT ( 'NONE',  ( -5.251324625910809729, 3.768730775758852403, -2.515411499590083366 ) ) ;
#2274 = CARTESIAN_POINT ( 'NONE',  ( 0.2671415405281518107, 10.72706453750912203, 49.39583181309247095 ) ) ;
#2275 = CARTESIAN_POINT ( 'NONE',  ( -2.252162922083332131, 8.184718347796277271, 53.33302453277138966 ) ) ;
#2276 = CARTESIAN_POINT ( 'NONE',  ( 3.479398642315512991, 9.130907533535019382, 50.56379436657796589 ) ) ;
#2277 = CARTESIAN_POINT ( 'NONE',  ( -5.074856078497479217, 6.788744074909057957, 7.851450391237315252 ) ) ;
#2278 = CARTESIAN_POINT ( 'NONE',  ( 6.042586785163738483, 6.079345828458318834, 42.85785984919141356 ) ) ;
#2279 = CARTESIAN_POINT ( 'NONE',  ( -5.495536782726639480, 3.612418564782173380, 34.88835544925326815 ) ) ;
#2280 = CARTESIAN_POINT ( 'NONE',  ( 0.4474670089317620003, 9.080750565947724340, -2.366437249967564327 ) ) ;
#2281 = CARTESIAN_POINT ( 'NONE',  ( 4.172028978228421003, 8.235572933268121787, 4.113146485914856321 ) ) ;
#2282 = CARTESIAN_POINT ( 'NONE',  ( 5.937452055856217825, 2.301163408985889003, 44.38560080439825839 ) ) ;
#2283 = CARTESIAN_POINT ( 'NONE',  ( 5.339291300702767806, 4.281398936940989941, 51.21300844639054617 ) ) ;
#2284 = CARTESIAN_POINT ( 'NONE',  ( 0.06060958439398806546, 11.29278344161272507, 42.19422125059569595 ) ) ;
#2285 = CARTESIAN_POINT ( 'NONE',  ( -0.001203887790121212003, 10.52997066704290319, 50.81008979741940834 ) ) ;
#2286 = CARTESIAN_POINT ( 'NONE',  ( -1.833830874730359994, 9.177973756856802723, -0.1928664680802761044 ) ) ;
#2287 = CARTESIAN_POINT ( 'NONE',  ( 2.524428291054133577, 10.60703212315197241, 46.16280077821090089 ) ) ;
#2288 = AXIS2_PLACEMENT_3D ( 'NONE', #1070, #1752, #426 ) ;
#2289 = CARTESIAN_POINT ( 'NONE',  ( -2.469417873674735642, 5.363961346923044715, -9.987531306147481303 ) ) ;
#2290 = EDGE_LOOP ( 'NONE', ( #4372, #8061, #6271, #7277, #798 ) ) ;
#2291 = CARTESIAN_POINT ( 'NONE',  ( -0.1548408187331239694, 10.25373087978633002, 49.94321908343847127 ) ) ;
#2292 = CARTESIAN_POINT ( 'NONE',  ( 5.540927762859640282, 2.400047065962860771, 45.81723317816997820 ) ) ;
#2293 = CARTESIAN_POINT ( 'NONE',  ( 0.2683110944026581013, 9.744255113921525435, 52.32698748148480661 ) ) ;
#2294 = CARTESIAN_POINT ( 'NONE',  ( 3.146833789511668034, 8.259543451956742999, -1.202000952235697140 ) ) ;
#2295 = AXIS2_PLACEMENT_3D ( 'NONE', #1796, #1671, #5694 ) ;
#2296 = CARTESIAN_POINT ( 'NONE',  ( 1.974847819832234119, 2.689365294215877444, 57.24716108928504354 ) ) ;
#2297 = CARTESIAN_POINT ( 'NONE',  ( 0.005610074786218083309, 10.54668559442976594, 50.70864312663858442 ) ) ;
#2298 = CARTESIAN_POINT ( 'NONE',  ( 4.494442916729695092, 1.700350361394388443, -9.918248790043415752 ) ) ;
#2299 = CARTESIAN_POINT ( 'NONE',  ( -1.265951611478279393, 10.90251066201689234, 20.74947750575627126 ) ) ;
#2300 = CARTESIAN_POINT ( 'NONE',  ( -2.835955307563570837, 7.589988516592168999, -4.221017090933886884 ) ) ;
#2301 = ORIENTED_EDGE ( 'NONE', *, *, #3252, .F. ) ;
#2302 = CARTESIAN_POINT ( 'NONE',  ( 5.848294660003993783, 7.145380544601230177, 42.08386850877079155 ) ) ;
#2303 = AXIS2_PLACEMENT_3D ( 'NONE', #2271, #6130, #218 ) ;
#2304 = CARTESIAN_POINT ( 'NONE',  ( 5.893133812670681593, 6.855190808497208188, 41.45540113598099907 ) ) ;
#2305 = CARTESIAN_POINT ( 'NONE',  ( 0.01675264633533174452, 9.115961884907457957, -2.355758092288528616 ) ) ;
#2306 = CARTESIAN_POINT ( 'NONE',  ( 1.462434383211648364E-15, 1.562500000000000000, -14.99999999999999822 ) ) ;
#2307 = CARTESIAN_POINT ( 'NONE',  ( 5.292598225969603831, 7.418651999438905520, 46.31765665416617139 ) ) ;
#2308 = CARTESIAN_POINT ( 'NONE',  ( -0.5463715852152702945, 9.325611912856537344, 53.14570146940820905 ) ) ;
#2309 = CARTESIAN_POINT ( 'NONE',  ( 1.050042320742675228, 10.49786111403575894, 50.00860434539361421 ) ) ;
#2310 = CARTESIAN_POINT ( 'NONE',  ( 4.945225923777257115, 8.820821432102317061, 46.11549094171034824 ) ) ;
#2311 = CARTESIAN_POINT ( 'NONE',  ( -4.374756044466574068, 4.699751388542688701, 53.96719937343434736 ) ) ;
#2312 = CARTESIAN_POINT ( 'NONE',  ( 5.814650793862666589, 4.117764064730904394, 50.73715520578334548 ) ) ;
#2313 = CARTESIAN_POINT ( 'NONE',  ( 1.254487001419855252, 10.03282847941114220, 50.95540067381245564 ) ) ;
#2314 = CARTESIAN_POINT ( 'NONE',  ( 3.341347309380579222, 9.102345161193527545, 50.95540067381244143 ) ) ;
#2315 = CARTESIAN_POINT ( 'NONE',  ( 1.254487001419855252, 10.03282847941114220, 50.65540067381245848 ) ) ;
#2316 = CARTESIAN_POINT ( 'NONE',  ( 5.272851705925281074, 2.782863563038737720, 52.97238158088106275 ) ) ;
#2317 = CARTESIAN_POINT ( 'NONE',  ( -5.468735324129835540, 4.862678373399772269, 20.75067555499493821 ) ) ;
#2318 = CARTESIAN_POINT ( 'NONE',  ( 0.2254072729705184075, 10.50210854950477035, 50.91405268915064397 ) ) ;
#2319 = CARTESIAN_POINT ( 'NONE',  ( -0.5140054111313999696, 3.397295561394463093, -15.00000000000000000 ) ) ;
#2320 = CARTESIAN_POINT ( 'NONE',  ( 3.706897017416602935, 10.20478511196858840, 44.53692293578897221 ) ) ;
#2321 = CARTESIAN_POINT ( 'NONE',  ( -4.693052094753485726, 6.204974433863514882, -0.6082486444236718803 ) ) ;
#2322 = CARTESIAN_POINT ( 'NONE',  ( 5.692487710214847674, 5.760750212828363637, 49.78673331395539492 ) ) ;
#2323 = CARTESIAN_POINT ( 'NONE',  ( -5.456415739272829413, 2.846724313800427897, -0.2008245198719010305 ) ) ;
#2324 = CARTESIAN_POINT ( 'NONE',  ( 0.4436827800724634230, 9.290081523979541345, -1.179297317273170442 ) ) ;
#2325 = CARTESIAN_POINT ( 'NONE',  ( 2.469417873674735642, 5.363961346923044715, -9.987531306147481303 ) ) ;
#2326 = CARTESIAN_POINT ( 'NONE',  ( 5.957961815605046674, 2.833137432707940384, 47.61680143624031558 ) ) ;
#2327 = CARTESIAN_POINT ( 'NONE',  ( 5.438594518446991266, 5.306235429886162258, 18.26160447891482619 ) ) ;
#2328 = CARTESIAN_POINT ( 'NONE',  ( 0.06519675659407622725, 10.60936909135429396, 50.30341885219672804 ) ) ;
#2329 = CARTESIAN_POINT ( 'NONE',  ( -0.0005184373944909848649, 10.68212546647558270, 49.79928192022451583 ) ) ;
#2330 = CARTESIAN_POINT ( 'NONE',  ( -1.438518880035371650, 7.554027054169616839, -6.993418324153716448 ) ) ;
#2331 = CARTESIAN_POINT ( 'NONE',  ( 2.443654862448641385, 9.958257873825971274, 50.02919215533791686 ) ) ;
#2332 = CARTESIAN_POINT ( 'NONE',  ( -4.484419131476981235, 8.211039188985806092, 9.120137754927172935 ) ) ;
#2333 = PLANE ( 'NONE',  #4080 ) ;
#2334 = CARTESIAN_POINT ( 'NONE',  ( -5.320868267946085695, 4.689035804242174699, 2.082385961324838775 ) ) ;
#2335 = DIRECTION ( 'NONE',  ( 1.000000000000000000, -0.000000000000000000, -0.000000000000000000 ) ) ;
#2336 = CARTESIAN_POINT ( 'NONE',  ( 1.462434383211648364E-15, 1.562500000000000000, -14.99999999999999822 ) ) ;
#2337 = CARTESIAN_POINT ( 'NONE',  ( 3.533542353538960956, 9.475967058185341685, 10.78515069180127384 ) ) ;
#2338 = CARTESIAN_POINT ( 'NONE',  ( 4.242656509797012809, 4.967321667866759327, 53.97645159573156093 ) ) ;
#2339 = CARTESIAN_POINT ( 'NONE',  ( 0.004257447077522826841, 11.18404899072991299, 44.58764229122237310 ) ) ;
#2340 = CARTESIAN_POINT ( 'NONE',  ( 5.500005752401487591, 1.562500000000000666, 0.4295851510632281989 ) ) ;
#2341 = CARTESIAN_POINT ( 'NONE',  ( -1.550326491075804114, 10.48550084802154636, 46.40249328023388387 ) ) ;
#2342 = CARTESIAN_POINT ( 'NONE',  ( -2.732033761839397279, 6.749422357400392869, -6.567007342261694802 ) ) ;
#2343 = ORIENTED_EDGE ( 'NONE', *, *, #3048, .T. ) ;
#2344 = CARTESIAN_POINT ( 'NONE',  ( 5.558778159988007950, 6.956608273051354985, 48.54222339041766787 ) ) ;
#2345 = CARTESIAN_POINT ( 'NONE',  ( 5.718099841167889608, 7.531206373681556876, 41.45540113598102039 ) ) ;
#2346 = CARTESIAN_POINT ( 'NONE',  ( 0.09612741010950710818, 10.99107779000240370, 36.13042523757350466 ) ) ;
#2347 = CARTESIAN_POINT ( 'NONE',  ( 2.618752244358895531, 9.778960699987626626, 48.55839184930869834 ) ) ;
#2348 = CARTESIAN_POINT ( 'NONE',  ( 4.009732043419295344, 6.215936812065139705, -4.264202685122266523 ) ) ;
#2349 = CARTESIAN_POINT ( 'NONE',  ( -0.5431534117312003529, 7.886673881285299892, 55.08634597441399450 ) ) ;
#2350 = CARTESIAN_POINT ( 'NONE',  ( 1.141701107667722814, 10.29863712471488313, 50.93184955913374523 ) ) ;
#2351 = CARTESIAN_POINT ( 'NONE',  ( -0.1859833107589123347, 8.741022100054353317, -4.154439299893488702 ) ) ;
#2352 = CARTESIAN_POINT ( 'NONE',  ( 4.400385852884043381, 8.284091229031160353, 50.35635916009466939 ) ) ;
#2353 = CARTESIAN_POINT ( 'NONE',  ( -3.937336686023167776, 4.164320516460620070, -8.615535936414302043 ) ) ;
#2354 = CARTESIAN_POINT ( 'NONE',  ( -4.087794919312864612E-05, 10.49036719615494562, 49.56803607791002264 ) ) ;
#2355 = CARTESIAN_POINT ( 'NONE',  ( -4.087794904014269159E-05, 10.60301980400791066, 50.35695040310246640 ) ) ;
#2356 = CARTESIAN_POINT ( 'NONE',  ( 4.895106242607512037, 8.645623341073207513, 41.75540113598098912 ) ) ;
#2357 = CARTESIAN_POINT ( 'NONE',  ( 5.002572465123314771, 3.080408940783097904, -6.583898501375610834 ) ) ;
#2358 = CARTESIAN_POINT ( 'NONE',  ( -5.052339798804307058, 3.731209254819321419, 53.11357920535380117 ) ) ;
#2359 = CARTESIAN_POINT ( 'NONE',  ( 0.2541779194845856238, 10.48062529611464555, 51.01626087571766277 ) ) ;
#2360 = CARTESIAN_POINT ( 'NONE',  ( -2.718661557637085835, 9.271137631411493274, 50.26254158694209195 ) ) ;
#2361 = CARTESIAN_POINT ( 'NONE',  ( 3.569171700838326355, 9.299267620334280338, 49.83143999547172598 ) ) ;
#2362 = CARTESIAN_POINT ( 'NONE',  ( -4.491273692118115335, 6.119521559171936076, 52.42051010421847934 ) ) ;
#2363 = CARTESIAN_POINT ( 'NONE',  ( 5.552062403874701069, 5.669828806233121021, 50.76104580318138915 ) ) ;
#2364 = CARTESIAN_POINT ( 'NONE',  ( -5.513066351682979871, 2.997295676390585140, 9.124352167754638643 ) ) ;
#2365 = ADVANCED_FACE ( 'NONE', ( #8064 ), #5508, .F. ) ;
#2366 = CARTESIAN_POINT ( 'NONE',  ( 0.7567023506632923890, 10.66562907146511385, 12.45317416738769012 ) ) ;
#2367 = CARTESIAN_POINT ( 'NONE',  ( 3.959748546387493739, 7.816245167335994282, 0.4154628882831081227 ) ) ;
#2368 = CARTESIAN_POINT ( 'NONE',  ( 5.980163250819421350, 2.792786459321547454, 44.39392551279093624 ) ) ;
#2369 = CARTESIAN_POINT ( 'NONE',  ( 5.009292705788679356, 4.080438374227894016, 52.97098983909244652 ) ) ;
#2370 = CARTESIAN_POINT ( 'NONE',  ( 0.06086750833040219938, 11.31505620508240639, 41.39816559937772666 ) ) ;
#2371 = CARTESIAN_POINT ( 'NONE',  ( -0.0009574783592014457110, 10.66823279211386577, 49.89994086772221493 ) ) ;
#2372 = CARTESIAN_POINT ( 'NONE',  ( -2.105760429526835953, 10.66308490162027844, 33.64206409126018116 ) ) ;
#2373 = CARTESIAN_POINT ( 'NONE',  ( 2.415186590418968660, 10.73785571009882212, 45.35926315859013158 ) ) ;
#2374 = CARTESIAN_POINT ( 'NONE',  ( -4.006536849481155294, 6.983697220906793568, 52.40400611197141245 ) ) ;
#2375 = CARTESIAN_POINT ( 'NONE',  ( 0.000000000000000000, 9.221688554700632423, -1.764556160177183974 ) ) ;
#2376 = CARTESIAN_POINT ( 'NONE',  ( -5.481147763219460955, 4.925700662934021423, 15.73420140466534711 ) ) ;
#2377 = CARTESIAN_POINT ( 'NONE',  ( -0.1329898623899359311, 8.339653961796210879, -5.800238758551807372 ) ) ;
#2378 = CYLINDRICAL_SURFACE ( 'NONE', #3668, 0.09999999999999947820 ) ;
#2379 = CARTESIAN_POINT ( 'NONE',  ( 0.3700397163608837858, 10.65935101554774178, 46.42207096317235937 ) ) ;
#2380 = CARTESIAN_POINT ( 'NONE',  ( 3.647035245985608132, 9.782660592456265292, 24.06751829250429608 ) ) ;
#2381 = CARTESIAN_POINT ( 'NONE',  ( 4.095496446883998054, 5.002385879232946309, -6.575820120929817492 ) ) ;
#2382 = CARTESIAN_POINT ( 'NONE',  ( 0.004735184925606840227, 10.73769279947903854, 49.39662115482002491 ) ) ;
#2383 = CARTESIAN_POINT ( 'NONE',  ( 5.500000357817794949, 1.562500000000009548, 42.51515328652885728 ) ) ;
#2384 = CARTESIAN_POINT ( 'NONE',  ( -0.4351925981013317624, 3.913409121702851490, 57.29145178616230538 ) ) ;
#2385 = CARTESIAN_POINT ( 'NONE',  ( -1.462434383211648364E-15, 1.562500000000000000, -14.99999999999999822 ) ) ;
#2386 = EDGE_LOOP ( 'NONE', ( #2301, #4245, #2343, #1399 ) ) ;
#2387 = CARTESIAN_POINT ( 'NONE',  ( 5.479791839085113025, 6.549651715027993149, 49.80223235284731231 ) ) ;
#2388 = CARTESIAN_POINT ( 'NONE',  ( 5.910180563396902897, 1.919205770575695746, 41.45540113598098486 ) ) ;
#2389 = CARTESIAN_POINT ( 'NONE',  ( 0.07074514333052198123, 10.07041288359404696, 51.11175961058054895 ) ) ;
#2390 = CARTESIAN_POINT ( 'NONE',  ( 2.168783431960322972, 8.981348171550163073, -0.5947572545881928407 ) ) ;
#2391 = CARTESIAN_POINT ( 'NONE',  ( 4.996090425303591154, 7.389519311745095465, 34.88782531173224299 ) ) ;
#2392 = CARTESIAN_POINT ( 'NONE',  ( -0.5634507276140471310, 7.928765444749283020, -6.993381928570855166 ) ) ;
#2393 = CARTESIAN_POINT ( 'NONE',  ( 5.252957765561657943, 8.643595578200931939, 41.31877960602151489 ) ) ;
#2394 = CARTESIAN_POINT ( 'NONE',  ( -4.937786817912433790, 5.112068817089751249, -1.857247979818987593 ) ) ;
#2395 = CARTESIAN_POINT ( 'NONE',  ( 0.8321008163193388540, 11.08152448227771991, 41.75540113598098912 ) ) ;
#2396 = FACE_OUTER_BOUND ( 'NONE', #4455, .T. ) ;
#2397 = CARTESIAN_POINT ( 'NONE',  ( 5.249847919673364061, 2.664136553283929842, -5.886947155568286405 ) ) ;
#2398 = CARTESIAN_POINT ( 'NONE',  ( -0.1508516007561495065, 4.035014689482887107, 57.29837220754941285 ) ) ;
#2399 = CARTESIAN_POINT ( 'NONE',  ( 0.4094465025453243312, 10.55121720289553799, 50.50885306751546722 ) ) ;
#2400 = CARTESIAN_POINT ( 'NONE',  ( -2.119039156907642774, 8.098179420262580308, -4.200623893678281817 ) ) ;
#2401 = CARTESIAN_POINT ( 'NONE',  ( 3.933185717527764247, 10.03866905605613802, 44.53192280279865400 ) ) ;
#2402 = CARTESIAN_POINT ( 'NONE',  ( -4.243523069711580220, 6.063537611173084763, -3.678078037563697666 ) ) ;
#2403 = CARTESIAN_POINT ( 'NONE',  ( 5.997381280714320084, 6.081253839864121602, 41.28883605800044876 ) ) ;
#2404 = CARTESIAN_POINT ( 'NONE',  ( -5.510179000858572707, 2.936657903406373116, 7.861446755216259241 ) ) ;
#2405 = CARTESIAN_POINT ( 'NONE',  ( 0.7583899815702273006, 10.98627986160334125, 31.92477528697082789 ) ) ;
#2406 = CARTESIAN_POINT ( 'NONE',  ( 5.909106232445483720, 2.039839665516120171, 48.44251615325064364 ) ) ;
#2407 = CARTESIAN_POINT ( 'NONE',  ( 4.631982631853912125, 3.980906719020581352, -6.580226510263879725 ) ) ;
#2408 = CARTESIAN_POINT ( 'NONE',  ( 0.06894849031590814803, 10.83495540363132648, 48.59211956069038507 ) ) ;
#2409 = CARTESIAN_POINT ( 'NONE',  ( -0.001102888669881962186, 10.54669104286768189, 50.70860246106605018 ) ) ;
#2410 = CARTESIAN_POINT ( 'NONE',  ( -2.082679732295792174, 10.45478486386166495, 12.45128672700280248 ) ) ;
#2411 = CARTESIAN_POINT ( 'NONE',  ( 2.393947463037003676, 10.21369366361213160, 49.00108201424049525 ) ) ;
#2412 = CARTESIAN_POINT ( 'NONE',  ( -4.466280643111850246, 8.160392419674771247, 7.847451845645712076 ) ) ;
#2413 = CARTESIAN_POINT ( 'NONE',  ( 0.000000000000000000, 10.89699701221530148, 42.69704201921896924 ) ) ;
#2414 = CARTESIAN_POINT ( 'NONE',  ( -4.675242453197371084, 3.665263478881377601, -6.993615392919475759 ) ) ;
#2415 = LINE ( 'NONE', #3097, #4087 ) ;
#2416 = CARTESIAN_POINT ( 'NONE',  ( 0.2292629117499084546, 9.463830448113586868, -0.1912748577219517132 ) ) ;
#2417 = CARTESIAN_POINT ( 'NONE',  ( 3.985126549755728220, 9.320425365676259233, 46.35681202004362689 ) ) ;
#2418 = CARTESIAN_POINT ( 'NONE',  ( 6.018966828500611044, 3.609386577679859265, 41.27404910859199560 ) ) ;
#2419 = CARTESIAN_POINT ( 'NONE',  ( 4.657703825422194299, 5.211486373232390612, -3.701449336915773713 ) ) ;
#2420 = CARTESIAN_POINT ( 'NONE',  ( 0.005350746341324538920, 10.51248304524755639, 50.91170696147876384 ) ) ;
#2421 = CARTESIAN_POINT ( 'NONE',  ( 5.500000000070169648, 1.562499999999997113, 37.29278143493318254 ) ) ;
#2422 = CARTESIAN_POINT ( 'NONE',  ( -0.6972066872113458214, 5.924136989300130551, 56.41929538708044589 ) ) ;
#2423 = CARTESIAN_POINT ( 'NONE',  ( -3.869060588320823335, 9.437639890230180129, 31.92480636667185934 ) ) ;
#2424 = ORIENTED_EDGE ( 'NONE', *, *, #5857, .F. ) ;
#2425 = CARTESIAN_POINT ( 'NONE',  ( -0.04036906054140071420, 10.55572467529357361, 10.78779196955514408 ) ) ;
#2426 = CARTESIAN_POINT ( 'NONE',  ( 5.437020197477429484, 6.354855749708526957, 50.33609681936643909 ) ) ;
#2427 = CARTESIAN_POINT ( 'NONE',  ( 0.1753514271420027193, 11.31136472493415290, 41.45540113598099907 ) ) ;
#2428 = PRESENTATION_LAYER_ASSIGNMENT (  '', '', ( #6433 ) ) ;
#2429 = CARTESIAN_POINT ( 'NONE',  ( 0.09387273817890100236, 11.00077161886263610, 34.88687390421669932 ) ) ;
#2430 = CARTESIAN_POINT ( 'NONE',  ( 2.496050041571600264, 10.54220386111135532, 24.06679611854040601 ) ) ;
#2431 = CARTESIAN_POINT ( 'NONE',  ( 1.153349092288819655, 9.935353803512681381, 50.59995583768283467 ) ) ;
#2432 = CARTESIAN_POINT ( 'NONE',  ( 4.773784258891439869, 7.422786525682592895, 6.191757223887891293 ) ) ;
#2433 = CARTESIAN_POINT ( 'NONE',  ( -1.009062393565667071, 10.83885265396773434, 42.68283196197749163 ) ) ;
#2434 = AXIS2_PLACEMENT_3D ( 'NONE', #6716, #4812, #7456 ) ;
#2435 = CARTESIAN_POINT ( 'NONE',  ( 4.790775182911488628, 7.977379489377477206, 49.82434956828210204 ) ) ;
#2436 = CARTESIAN_POINT ( 'NONE',  ( -5.351452463281862748, 5.838942268819556247, 18.26189311340911914 ) ) ;
#2437 = DIRECTION ( 'NONE',  ( -1.000000000000000000, 0.000000000000000000, 0.000000000000000000 ) ) ;
#2438 = CARTESIAN_POINT ( 'NONE',  ( -4.087794918834119557E-05, 10.50443863844609460, 50.95540067381245564 ) ) ;
#2439 = CARTESIAN_POINT ( 'NONE',  ( 5.911630583016260765, 1.924810055840011414, 44.04558873328658564 ) ) ;
#2440 = CARTESIAN_POINT ( 'NONE',  ( 5.427666785917579340, 2.800692726482784778, -2.534633983412339919 ) ) ;
#2441 = CARTESIAN_POINT ( 'NONE',  ( -0.3836591966650284569, 9.374816111158347454, 53.14651912703870096 ) ) ;
#2442 = CARTESIAN_POINT ( 'NONE',  ( 0.4628057628675710800, 11.11833354657897388, 45.38012965208902472 ) ) ;
#2443 = CARTESIAN_POINT ( 'NONE',  ( -1.455191837286067713, 5.373540469487688043, 56.38029333423722989 ) ) ;
#2444 = CARTESIAN_POINT ( 'NONE',  ( 4.395153331387035678, 9.780035570264001166, 41.34030311560943005 ) ) ;
#2445 = CARTESIAN_POINT ( 'NONE',  ( -0.5491432010155123944, 1.912941549481963044, 57.49999999999997868 ) ) ;
#2446 = CARTESIAN_POINT ( 'NONE',  ( 6.049858123771195473, 5.770324354339082973, 42.06897535472035798 ) ) ;
#2447 = CARTESIAN_POINT ( 'NONE',  ( -5.451869459295609843, 2.841040888874938997, -0.6199802877588709293 ) ) ;
#2448 = CARTESIAN_POINT ( 'NONE',  ( 0.2607896742693298076, 3.997346041337576317, 57.29560403899455423 ) ) ;
#2449 = CARTESIAN_POINT ( 'NONE',  ( 5.913246081547848476, 2.016709448836360163, 46.78145124927225140 ) ) ;
#2450 = CARTESIAN_POINT ( 'NONE',  ( 4.322085920064052011, 3.470063934409027162, -8.606698738872966103 ) ) ;
#2451 = CARTESIAN_POINT ( 'NONE',  ( 0.08114242917595561322, 10.66711418411138368, 49.89986253026379615 ) ) ;
#2452 = CARTESIAN_POINT ( 'NONE',  ( 0.0002592926873167031689, 11.31538920015641558, 41.39875365089281445 ) ) ;
#2453 = CARTESIAN_POINT ( 'NONE',  ( -1.745538569179845734, 8.800737310392403145, 52.96472700104318676 ) ) ;
#2454 = CARTESIAN_POINT ( 'NONE',  ( 2.702382231053048756, 9.548689882711292043, 50.97083009320876101 ) ) ;
#2455 = CARTESIAN_POINT ( 'NONE',  ( -4.499150861260134526, 8.446200574460176469, 31.92481682339391469 ) ) ;
#2456 = CARTESIAN_POINT ( 'NONE',  ( 0.000000000000000000, 10.09798677339744621, 50.95540067381244853 ) ) ;
#2457 = B_SPLINE_CURVE_WITH_KNOTS ( 'NONE', 3,
 ( #1543, #4865, #7555, #1585, #3687, #8376, #3769, #6418, #4385, #2439, #5119, #7638, #3814, #510, #593, #1837, #4468, #5164, #3120, #3728, #5778, #1754, #3079, #5735, #7027, #5077, #6337, #1152 ),
 .UNSPECIFIED., .F., .F.,
 ( 4, 2, 2, 2, 2, 2, 2, 2, 2, 2, 2, 2, 2, 4 ),
 ( 0.006135471492686885193, 0.02145969642040814265, 0.03678392134812940445, 0.05210814627585066278, 0.06743237120357191416, 0.08275659613129317249, 0.09808082105901443082, 0.1134050459867356891, 0.1287292709144569613, 0.1593777207698994780, 0.1900261706253419947, 0.2206746204807845113, 0.2359988454085061027, 0.2513230703362276941 ),
 .UNSPECIFIED. ) ;
#2458 = CARTESIAN_POINT ( 'NONE',  ( 0.3849923774561220258, 10.13085793348275310, 50.59535489682272669 ) ) ;
#2459 = CARTESIAN_POINT ( 'NONE',  ( 4.091331965516446623, 9.572821640646919761, 42.63451776735675480 ) ) ;
#2460 = CARTESIAN_POINT ( 'NONE',  ( 6.078227707984020789, 4.196872632539975889, 45.21017025161182090 ) ) ;
#2461 = CARTESIAN_POINT ( 'NONE',  ( 4.715556276658021240, 4.840172096185368922, -4.300190680279246891 ) ) ;
#2462 = CARTESIAN_POINT ( 'NONE',  ( 0.01114663789282614725, 10.92938153646921506, 47.78913609380182947 ) ) ;
#2463 = CARTESIAN_POINT ( 'NONE',  ( 4.888035760968211463, 1.714878388152174971, -8.585096700438617390 ) ) ;
#2464 = CARTESIAN_POINT ( 'NONE',  ( -1.501351404891964725, 10.81437522505405191, 18.26434650661084547 ) ) ;
#2465 = CARTESIAN_POINT ( 'NONE',  ( -3.114830612664387210, 7.852617738779428258, 52.71353767560837156 ) ) ;
#2466 = VERTEX_POINT ( 'NONE', #1445 ) ;
#2467 = CARTESIAN_POINT ( 'NONE',  ( -0.02300244435613167313, 7.473905103619087775, -8.677150841494096767 ) ) ;
#2468 = CARTESIAN_POINT ( 'NONE',  ( 5.599154259168247272, 6.649419388922655827, 48.95425699493709715 ) ) ;
#2469 = CARTESIAN_POINT ( 'NONE',  ( -0.0005680777648200802631, 10.64671619289292437, 50.05144702403703860 ) ) ;
#2470 = CARTESIAN_POINT ( 'NONE',  ( 0.06860914212091571984, 9.985449935972001256, 51.52231514183399241 ) ) ;
#2471 = CARTESIAN_POINT ( 'NONE',  ( 2.710157466098586099, 10.39845376639013708, 28.18540476581866017 ) ) ;
#2472 = CARTESIAN_POINT ( 'NONE',  ( 1.019609900774627986, 8.849390180723476718, -2.975189997223114613 ) ) ;
#2473 = CARTESIAN_POINT ( 'NONE',  ( 5.364469378106949904, 7.583614908212081396, 42.60041362997728243 ) ) ;
#2474 = CARTESIAN_POINT ( 'NONE',  ( -0.8036467801873760086, 10.04240113950545599, 50.59791097507830671 ) ) ;
#2475 = CARTESIAN_POINT ( 'NONE',  ( 4.997140475466504306, 7.830916928824585455, 49.39868050761598539 ) ) ;
#2476 = CARTESIAN_POINT ( 'NONE',  ( -5.413698147011805517, 5.359632444111034566, 10.78195452376293950 ) ) ;
#2477 = DIRECTION ( 'NONE',  ( -1.000000000000000000, 0.000000000000000000, 0.000000000000000000 ) ) ;
#2478 = CARTESIAN_POINT ( 'NONE',  ( 2.196667444329681196, 9.843794510155323252, 50.95540067381245564 ) ) ;
#2479 = CARTESIAN_POINT ( 'NONE',  ( 2.038233407768924810, 10.15956328935305564, 7.838954936263646367 ) ) ;
#2480 = DIRECTION ( 'NONE',  ( -1.000000000000000000, 0.000000000000000000, 3.450755528294924194E-15 ) ) ;
#2481 = CARTESIAN_POINT ( 'NONE',  ( 5.376354742695671263, 2.737973191999424127, -4.350573873499005373 ) ) ;
#2482 = CARTESIAN_POINT ( 'NONE',  ( -0.4859336215216608634, 10.97656436464324514, 36.13032102363242615 ) ) ;
#2483 = CARTESIAN_POINT ( 'NONE',  ( 0.3219876097696181549, 11.06084305463480533, 46.18266258020015158 ) ) ;
#2484 = CARTESIAN_POINT ( 'NONE',  ( 4.566932582810029118, 9.484491487263422727, 44.51628098466894556 ) ) ;
#2485 = CARTESIAN_POINT ( 'NONE',  ( -4.710891037727230390, 5.746122923195033927, -1.848420187472148646 ) ) ;
#2486 = CARTESIAN_POINT ( 'NONE',  ( 6.067637563300285031, 5.766813983132911936, 42.85418598898375819 ) ) ;
#2487 = CARTESIAN_POINT ( 'NONE',  ( -5.249847919673364061, 2.664136553283929842, -5.886947155568286405 ) ) ;
#2488 = CARTESIAN_POINT ( 'NONE',  ( 0.8321769770054977533, 10.14712377426783974, 49.94286278533866863 ) ) ;
#2489 = CARTESIAN_POINT ( 'NONE',  ( 5.901299918889157503, 2.066096765607241537, 50.38247429517419107 ) ) ;
#2490 = CARTESIAN_POINT ( 'NONE',  ( 5.611682246737713875, 4.490980352098875805, 39.73977525054809945 ) ) ;
#2491 = CARTESIAN_POINT ( 'NONE',  ( 0.1070411924949339066, 10.49153199479246723, 51.01432400686231006 ) ) ;
#2492 = CARTESIAN_POINT ( 'NONE',  ( -8.872893977259278841E-05, 10.51248828787940504, 50.91166188665327041 ) ) ;
#2493 = CARTESIAN_POINT ( 'NONE',  ( -0.8738433605786959379, 5.105024047080723548, -13.05122408096849362 ) ) ;
#2494 = CARTESIAN_POINT ( 'NONE',  ( 2.745417188958627186, 9.650247531443357119, 50.55315723788133653 ) ) ;
#2495 = CARTESIAN_POINT ( 'NONE',  ( -4.749314097313003025, 8.634752512098241795, 39.76516130388457526 ) ) ;
#2496 = CARTESIAN_POINT ( 'NONE',  ( 0.000000000000000000, 9.472329179332909632, -0.1909211665312129935 ) ) ;
#2497 = CARTESIAN_POINT ( 'NONE',  ( -0.1924390309588937531, 9.626523640636138524, 52.68258209647722623 ) ) ;
#2498 = CARTESIAN_POINT ( 'NONE',  ( 0.3931090613140327816, 10.06461916609195839, 50.95540067381244143 ) ) ;
#2499 = CARTESIAN_POINT ( 'NONE',  ( 0.3722909547966390953, 10.03797618226403898, 51.11602271945672982 ) ) ;
#2500 = CARTESIAN_POINT ( 'NONE',  ( 3.838367107923789323, 9.278054012786684623, 12.44851848110491588 ) ) ;
#2501 = CARTESIAN_POINT ( 'NONE',  ( 6.033877488568453629, 3.897578872531485050, 46.81902814740378460 ) ) ;
#2502 = CARTESIAN_POINT ( 'NONE',  ( 4.869710142101870254, 5.173975846457994798, 52.43701409646568123 ) ) ;
#2503 = CARTESIAN_POINT ( 'NONE',  ( 0.01165048804095927121, 11.13389425998282611, 45.38655084782572402 ) ) ;
#2504 = CARTESIAN_POINT ( 'NONE',  ( -0.05612961393572496460, 10.54668585952548021, 50.70821509830375362 ) ) ;
#2505 = CARTESIAN_POINT ( 'NONE',  ( -1.549591871259686782, 10.37595072557602371, 9.117127460050465260 ) ) ;
#2506 = CARTESIAN_POINT ( 'NONE',  ( 1.294987238906877058, 10.37147190691894849, 50.31851934423239925 ) ) ;
#2507 = CARTESIAN_POINT ( 'NONE',  ( -3.612181353887456314, 8.690103575930651303, 49.94134851841457845 ) ) ;
#2508 = CARTESIAN_POINT ( 'NONE',  ( 5.471431666441572084, 6.381625713604299754, 50.12077798895946046 ) ) ;
#2509 = CARTESIAN_POINT ( 'NONE',  ( 0.0001877354553869097853, 10.60283580816005511, 50.35176919547443219 ) ) ;
#2510 = CARTESIAN_POINT ( 'NONE',  ( 0.06856334426703640517, 8.001680047377520921, -6.993362399233706839 ) ) ;
#2511 = CARTESIAN_POINT ( 'NONE',  ( 1.471536335550534647, 6.276461502200697318, -10.00957574308969633 ) ) ;
#2512 = CARTESIAN_POINT ( 'NONE',  ( 1.330388278535456825, 9.871607257111399747, 50.60097826898508089 ) ) ;
#2513 = CARTESIAN_POINT ( 'NONE',  ( 4.200135270418956956, 5.790503657696246975, 53.30061175552870623 ) ) ;
#2514 = CARTESIAN_POINT ( 'NONE',  ( -1.008494196081609395, 10.90093837812614730, 39.79435526522145494 ) ) ;
#2515 = EDGE_CURVE ( 'NONE', #235, #457, #887, .T. ) ;
#2516 = CARTESIAN_POINT ( 'NONE',  ( 5.375765348600633153, 8.296239202731728213, 45.29012114804687172 ) ) ;
#2517 = CARTESIAN_POINT ( 'NONE',  ( -2.098488812743535728E-32, 1.562500000000000000, 57.50000000000000000 ) ) ;
#2518 = CARTESIAN_POINT ( 'NONE',  ( 0.2999591220508072142, 10.49036719615494562, 49.66803607791002406 ) ) ;
#2519 = CARTESIAN_POINT ( 'NONE',  ( 5.159000218239765623, 6.712223377052664475, 50.95540067381244143 ) ) ;
#2520 = CARTESIAN_POINT ( 'NONE',  ( 1.385664230366969729, 7.348955509008582965, -7.650189463667485867 ) ) ;
#2521 = CARTESIAN_POINT ( 'NONE',  ( 3.111556451979744065, 5.862279260462352148, -7.637588505721355503 ) ) ;
#2522 = CARTESIAN_POINT ( 'NONE',  ( 5.512425619784742992, 2.071494917842987782, 39.72454361854622817 ) ) ;
#2523 = CARTESIAN_POINT ( 'NONE',  ( -0.3075874861736382915, 8.983971917751079062, -2.957910210625648517 ) ) ;
#2524 = CARTESIAN_POINT ( 'NONE',  ( 0.2884674914325169315, 11.06267775260968733, 46.18307691527364511 ) ) ;
#2525 = ADVANCED_FACE ( 'NONE', ( #2044 ), #8168, .F. ) ;
#2526 = CARTESIAN_POINT ( 'NONE',  ( 4.173655427389782346, 9.911211086290776962, 43.72859572701778319 ) ) ;
#2527 = CARTESIAN_POINT ( 'NONE',  ( -3.950391703532978749, 5.242696854110424631, -6.574718523596296826 ) ) ;
#2528 = CARTESIAN_POINT ( 'NONE',  ( 6.059037563817930128, 5.612831524856642496, 42.06757248016352690 ) ) ;
#2529 = CARTESIAN_POINT ( 'NONE',  ( -5.453848037210712540, 1.756636919648256967, 52.12395963955994205 ) ) ;
#2530 = CARTESIAN_POINT ( 'NONE',  ( 0.5431534117312003529, 7.886673881285299892, 55.08634597441399450 ) ) ;
#2531 = CARTESIAN_POINT ( 'NONE',  ( 5.904372599257638576, 2.058919866213359651, 49.83203149780515417 ) ) ;
#2532 = CARTESIAN_POINT ( 'NONE',  ( 4.508211420236134082, 3.339196204108195509, 54.81747251548676303 ) ) ;
#2533 = CARTESIAN_POINT ( 'NONE',  ( 0.07883387409621379904, 10.54544650715379817, 50.70914154523580919 ) ) ;
#2534 = CARTESIAN_POINT ( 'NONE',  ( 0.0005971177807784515314, 11.13390724939445953, 45.38672213783940634 ) ) ;
#2535 = CARTESIAN_POINT ( 'NONE',  ( -1.899526574594551320, 8.696485601416172884, -2.393669102049097663 ) ) ;
#2536 = CARTESIAN_POINT ( 'NONE',  ( 2.971775067104116097, 10.64861157708824280, 43.75235941510657511 ) ) ;
#2537 = CARTESIAN_POINT ( 'NONE',  ( -4.734204214490955742, 8.043482253164867757, 18.26275901689202641 ) ) ;
#2538 = CARTESIAN_POINT ( 'NONE',  ( 0.000000000000000000, 10.66665976604477351, 12.45405497290064289 ) ) ;
#2539 = CARTESIAN_POINT ( 'NONE',  ( 1.684100155360574336, 9.726560886790000637, 50.60302313158948806 ) ) ;
#2540 = CARTESIAN_POINT ( 'NONE',  ( -0.2756223214085142259, 10.66478305232309687, 46.42370243675058106 ) ) ;
#2541 = CARTESIAN_POINT ( 'NONE',  ( 0.9321008163193390539, 11.08152448227771991, 41.75540113598098912 ) ) ;
#2542 = CARTESIAN_POINT ( 'NONE',  ( 0.3214881547062707901, 8.726938529114281806, -4.158038099409187005 ) ) ;
#2543 = CARTESIAN_POINT ( 'NONE',  ( 3.386998979437758184, 8.043357169107627769, -1.204752907988735133 ) ) ;
#2544 = CARTESIAN_POINT ( 'NONE',  ( 5.874738495935141636, 3.610894349361467359, 50.39850755178221675 ) ) ;
#2545 = CARTESIAN_POINT ( 'NONE',  ( 5.335477071751674849, 5.784730672065656165, 34.88805251352697212 ) ) ;
#2546 = CARTESIAN_POINT ( 'NONE',  ( 0.01196133921063994784, 11.29310086072786490, 42.19477366728493450 ) ) ;
#2547 = CARTESIAN_POINT ( 'NONE',  ( -0.03232071673194243655, 10.61017934347258951, 50.30319618883137878 ) ) ;
#2548 = CARTESIAN_POINT ( 'NONE',  ( -0.9787323408049204421, 6.638974611787610058, -10.01965319997755266 ) ) ;
#2549 = CARTESIAN_POINT ( 'NONE',  ( 1.330557223302778924, 11.19361894879877006, 42.18079504059070928 ) ) ;
#2550 = CARTESIAN_POINT ( 'NONE',  ( -4.094431388295770802, 9.128636912063369024, 28.18579778507953293 ) ) ;
#2551 = CARTESIAN_POINT ( 'NONE',  ( -0.03639107856225371612, 10.85459035144568318, 15.74694315053753790 ) ) ;
#2552 = CARTESIAN_POINT ( 'NONE',  ( 5.479018898635338530, 6.228769335578735244, 50.33402939706923718 ) ) ;
#2553 = CARTESIAN_POINT ( 'NONE',  ( 3.182113649345394218E-05, 10.53134983649964695, 50.80433070863755063 ) ) ;
#2554 = CARTESIAN_POINT ( 'NONE',  ( 0.1494574701302402164, 11.02478025088747060, 20.74931033609508901 ) ) ;
#2555 = CARTESIAN_POINT ( 'NONE',  ( 2.389176374302973915, 8.885268543869120350, -0.5955393641438735397 ) ) ;
#2556 = CARTESIAN_POINT ( 'NONE',  ( 1.501351404891964725, 10.81437522505405191, 18.26434650661084547 ) ) ;
#2557 = CARTESIAN_POINT ( 'NONE',  ( 3.615454183651133580, 4.986362744282141435, 54.90112203604169139 ) ) ;
#2558 = CARTESIAN_POINT ( 'NONE',  ( -0.9480884283525375933, 9.891490401881323891, 51.12348315999013693 ) ) ;
#2559 = CARTESIAN_POINT ( 'NONE',  ( 5.399855525903391573, 8.338069719792995826, 44.48775720135316192 ) ) ;
#2560 = AXIS2_PLACEMENT_3D ( 'NONE', #2644, #1275, #1230 ) ;
#2561 = CARTESIAN_POINT ( 'NONE',  ( -4.744279038729024123, 4.451715661537271274, -5.086131344585824721 ) ) ;
#2562 = SURFACE_STYLE_FILL_AREA ( #6543 ) ;
#2563 = DIRECTION ( 'NONE',  ( -1.000000000000000000, 0.000000000000000000, 3.450755528294923799E-15 ) ) ;
#2564 = CARTESIAN_POINT ( 'NONE',  ( 1.973218469135827213, 9.799386049010315958, 4.090600409664459924 ) ) ;
#2565 = CARTESIAN_POINT ( 'NONE',  ( 2.461787049457632381, 4.400562610822918330, 56.31203974176150240 ) ) ;
#2566 = VECTOR ( 'NONE', #6274, 39.37007874015748143 ) ;
#2567 = CARTESIAN_POINT ( 'NONE',  ( 5.474690650152082227, 2.166494546018555400, 51.70095432902976285 ) ) ;
#2568 = CARTESIAN_POINT ( 'NONE',  ( -0.3973432551861099116, 10.00019658980764703, 4.077824299789230444 ) ) ;
#2569 = CARTESIAN_POINT ( 'NONE',  ( 0.2929361866625512234, 11.12680748094164862, 45.38240371939684081 ) ) ;
#2570 = CARTESIAN_POINT ( 'NONE',  ( 4.198295515566248248, 8.869459950989405428, 49.41184902108517463 ) ) ;
#2571 = CARTESIAN_POINT ( 'NONE',  ( -4.531760854391879256, 5.719765705492166674, 52.73769812761312892 ) ) ;
#2572 = CARTESIAN_POINT ( 'NONE',  ( 6.033792717868323940, 5.612324689317572890, 41.28555960725822871 ) ) ;
#2573 = CARTESIAN_POINT ( 'NONE',  ( -5.497537902988480774, 2.712806621406773200, 28.18726144301603398 ) ) ;
#2574 = CARTESIAN_POINT ( 'NONE',  ( 0.07892486400752847520, 2.224815200799304726, 57.50000000000000711 ) ) ;
#2575 = CARTESIAN_POINT ( 'NONE',  ( 5.911380907554597108, 2.153765914094776690, 48.86513383057893378 ) ) ;
#2576 = CARTESIAN_POINT ( 'NONE',  ( 5.463680294287131645, 3.955553902267661126, 50.27613903977616161 ) ) ;
#2577 = CARTESIAN_POINT ( 'NONE',  ( 0.1134425621099982157, 11.31427539424846707, 41.39764959205262329 ) ) ;
#2578 = CARTESIAN_POINT ( 'NONE',  ( -0.0002748817634938855586, 10.78873262341649664, 48.99448718174803474 ) ) ;
#2579 = CARTESIAN_POINT ( 'NONE',  ( -1.598355518445897738, 7.613175085019475929, -6.561499355594088811 ) ) ;
#2580 = CARTESIAN_POINT ( 'NONE',  ( 2.516754959093461252, 9.782426420296607361, 50.54889137563416313 ) ) ;
#2581 = CARTESIAN_POINT ( 'NONE',  ( -3.950383601773825415, 6.411190447932556324, 53.12619449450978948 ) ) ;
#2582 = CARTESIAN_POINT ( 'NONE',  ( 1.903496160516071622, 10.70740414668588514, 18.26420218936364748 ) ) ;
#2583 = CARTESIAN_POINT ( 'NONE',  ( 0.3616943670243785713, 9.951527113662169910, 51.52831982039516845 ) ) ;
#2584 = CARTESIAN_POINT ( 'NONE',  ( 3.266912372740119697, 7.803871913577994590, -2.425706575086204797 ) ) ;
#2585 = CARTESIAN_POINT ( 'NONE',  ( 5.845991849510022931, 3.606858219834637058, 50.84142813944588113 ) ) ;
#2586 = CARTESIAN_POINT ( 'NONE',  ( 1.462434383211648364E-15, 1.562500000000000000, -14.99999999999999822 ) ) ;
#2587 = CARTESIAN_POINT ( 'NONE',  ( 0.009126921546051575129, 10.52995344307714198, 50.81016426598866786 ) ) ;
#2588 = CARTESIAN_POINT ( 'NONE',  ( -0.04457802265790642565, 10.59477232994650642, 50.40434390530086262 ) ) ;
#2589 = CARTESIAN_POINT ( 'NONE',  ( -1.165176329378146525, 7.527043182502075602, 55.05647114564424527 ) ) ;
#2590 = CARTESIAN_POINT ( 'NONE',  ( 1.214446311131165634, 10.62069769707556155, 48.99454623759341132 ) ) ;
#2591 = CARTESIAN_POINT ( 'NONE',  ( -2.309982964893062984, 5.528142851990274664, -9.991310352480420320 ) ) ;
#2592 = CARTESIAN_POINT ( 'NONE',  ( 5.754658625304947428, 6.280820053145578008, 48.52714645717365727 ) ) ;
#2593 = CARTESIAN_POINT ( 'NONE',  ( -0.0004286630604697045733, 10.61397729324861494, 50.27659544646488854 ) ) ;
#2594 = CARTESIAN_POINT ( 'NONE',  ( 0.04798668726003515322, 4.055324125024393211, 57.30114037610422173 ) ) ;
#2595 = CARTESIAN_POINT ( 'NONE',  ( 2.119039156907642774, 8.098179420262580308, -4.200623893678281817 ) ) ;
#2596 = CARTESIAN_POINT ( 'NONE',  ( 0.9124407247454433545, 7.689735279556381364, 55.06842107715216628 ) ) ;
#2597 = CARTESIAN_POINT ( 'NONE',  ( 4.641209324676497161, 6.639201923105344960, 0.4184359962368178754 ) ) ;
#2598 = CARTESIAN_POINT ( 'NONE',  ( -0.7112809777746822437, 9.507128169069471113, 0.4076584799046211183 ) ) ;
#2599 = CARTESIAN_POINT ( 'NONE',  ( -1.946999785699349506, 6.959307692302676429, -7.646483299565663749 ) ) ;
#2600 = CARTESIAN_POINT ( 'NONE',  ( 5.181210198311432258, 7.658749551350743090, 48.97487626639662039 ) ) ;
#2601 = CARTESIAN_POINT ( 'NONE',  ( -5.352048695298340597, 4.692053363285592305, 50.63983065846970533 ) ) ;
#2602 = CYLINDRICAL_SURFACE ( 'NONE', #4225, 0.1000000000000000194 ) ;
#2603 = CARTESIAN_POINT ( 'NONE',  ( 5.773744511085770803, 4.280501591201392841, 50.95540067381244853 ) ) ;
#2604 = CARTESIAN_POINT ( 'NONE',  ( 2.052934788679262379, 10.25371320949221321, 9.117579004281980204 ) ) ;
#2605 = CARTESIAN_POINT ( 'NONE',  ( 4.316986471336498710, 7.889127606980938623, 49.94081407126478922 ) ) ;
#2606 = CARTESIAN_POINT ( 'NONE',  ( 5.499964204202823836, 1.751673452720116320, 50.28120475749872043 ) ) ;
#2607 = CARTESIAN_POINT ( 'NONE',  ( -0.5583548753953211374, 10.19394877310430125, 6.162236788139274779 ) ) ;
#2608 = CARTESIAN_POINT ( 'NONE',  ( 0.5406554734988688882, 10.60960118742914737, 50.00284959341292534 ) ) ;
#2609 = CARTESIAN_POINT ( 'NONE',  ( 4.447463295963323127, 9.268755880847963979, 46.93855265933375875 ) ) ;
#2610 = CARTESIAN_POINT ( 'NONE',  ( -1.891209449702495826, 2.770682680212710469, 57.24992925783988085 ) ) ;
#2611 = CARTESIAN_POINT ( 'NONE',  ( 5.649708628671120003, 5.146910392962196212, 50.86284911501608974 ) ) ;
#2612 = CARTESIAN_POINT ( 'NONE',  ( -4.103114603633963853, 1.683612893157553803, 56.15278135931801984 ) ) ;
#2613 = CARTESIAN_POINT ( 'NONE',  ( 0.6768401277947609929, 9.370036370218354449, 52.96350922697796904 ) ) ;
#2614 = CARTESIAN_POINT ( 'NONE',  ( 5.897786241221989023, 1.757443480633361199, 50.71895501873461143 ) ) ;
#2615 = CARTESIAN_POINT ( 'NONE',  ( 5.536598743716137250, 4.076544989011832598, 37.29798265342522967 ) ) ;
#2616 = CARTESIAN_POINT ( 'NONE',  ( 0.1062578964777897289, 11.06909701726791084, 46.18555072653186500 ) ) ;
#2617 = CARTESIAN_POINT ( 'NONE',  ( 0.0007212814420516733098, 11.00657702989532361, 46.98751439466449398 ) ) ;
#2618 = CARTESIAN_POINT ( 'NONE',  ( -2.141549312097298152, 9.348955629076421303, 51.13840404105682325 ) ) ;
#2619 = CARTESIAN_POINT ( 'NONE',  ( 2.612248327211377674, 9.668290553712697744, 50.75960139263454352 ) ) ;
#2620 = CARTESIAN_POINT ( 'NONE',  ( -4.382556094273017067, 6.932514034292401206, 51.61688882917299281 ) ) ;
#2621 = EDGE_CURVE ( 'NONE', #29, #5023, #2157, .T. ) ;
#2622 = CARTESIAN_POINT ( 'NONE',  ( 1.462434383211648364E-15, 1.562500000000000000, -14.99999999999999822 ) ) ;
#2623 = CARTESIAN_POINT ( 'NONE',  ( 0.3483860277521251270, 8.805623280816449849, 54.14761770823182019 ) ) ;
#2624 = CARTESIAN_POINT ( 'NONE',  ( 4.260383913439845571, 9.058749777504591094, 46.35028612573081830 ) ) ;
#2625 = CARTESIAN_POINT ( 'NONE',  ( 5.898172987820855084, 2.865920523702043088, 50.38883980307373633 ) ) ;
#2626 = CARTESIAN_POINT ( 'NONE',  ( 4.836612462676575852, 4.985286403360828622, -3.109588337425666094 ) ) ;
#2627 = CARTESIAN_POINT ( 'NONE',  ( 0.01418179180938121398, 10.73766661172082415, 49.39657092259480464 ) ) ;
#2628 = CARTESIAN_POINT ( 'NONE',  ( -0.06218189512512449502, 10.83561263772272376, 48.59342508258099969 ) ) ;
#2629 = CARTESIAN_POINT ( 'NONE',  ( -1.675648971903657136, 10.81760297673810456, 28.18518792760598757 ) ) ;
#2630 = CARTESIAN_POINT ( 'NONE',  ( 1.611314234102811715, 11.11151648793615365, 42.97324579231360531 ) ) ;
#2631 = CARTESIAN_POINT ( 'NONE',  ( -2.931216320361244243, 6.553867406366379988, -6.568108939595181717 ) ) ;
#2632 = CARTESIAN_POINT ( 'NONE',  ( -0.04835592112957085020, 9.413112654887136443, -0.5874249775036929355 ) ) ;
#2633 = CARTESIAN_POINT ( 'NONE',  ( 5.976126060149568708, 6.487111580081767137, 45.25023125313784078 ) ) ;
#2634 = CYLINDRICAL_SURFACE ( 'NONE', #3532, 0.09999999999999947820 ) ;
#2635 = CARTESIAN_POINT ( 'NONE',  ( 0.1885199302024616053, 10.99905703530764356, 34.88688810432887522 ) ) ;
#2636 = CARTESIAN_POINT ( 'NONE',  ( 1.455191837286067713, 5.373540469487688043, 56.38029333423722989 ) ) ;
#2637 = CARTESIAN_POINT ( 'NONE',  ( 1.114182827377558471, 9.075000747846393878, 53.14301488005095564 ) ) ;
#2638 = CARTESIAN_POINT ( 'NONE',  ( 4.888978868757925866, 6.496740064390061242, 50.62960634544746341 ) ) ;
#2639 = CARTESIAN_POINT ( 'NONE',  ( -1.208915494555654169, 10.87535113539630238, 39.79308596255464181 ) ) ;
#2640 = CARTESIAN_POINT ( 'NONE',  ( -3.313629928737038099, 9.995139612239109184, 28.18555384209001602 ) ) ;
#2641 = ORIENTED_EDGE ( 'NONE', *, *, #1255, .T. ) ;
#2642 = CARTESIAN_POINT ( 'NONE',  ( 5.257175653307728957, 7.020498381483629480, 50.02403814247482217 ) ) ;
#2643 = CARTESIAN_POINT ( 'NONE',  ( -5.059248373490505379, 4.904974814991374998, 52.06437938932018028 ) ) ;
#2644 = CARTESIAN_POINT ( 'NONE',  ( 4.995106242607511682, 8.645623341073207513, 41.75540113598098912 ) ) ;
#2645 = FACE_OUTER_BOUND ( 'NONE', #2215, .T. ) ;
#2646 = CARTESIAN_POINT ( 'NONE',  ( 1.918912304428817217, 9.538050180507459785, 2.030459808915415554 ) ) ;
#2647 = CARTESIAN_POINT ( 'NONE',  ( 4.277067215034390912, 7.755029191105494490, 2.055681082942846682 ) ) ;
#2648 = CARTESIAN_POINT ( 'NONE',  ( 5.500965014848397949, 1.764617376215954492, -1.260709341633756253 ) ) ;
#2649 = CARTESIAN_POINT ( 'NONE',  ( -0.5839634234489884390, 10.96997108934784215, 36.13029497014714053 ) ) ;
#2650 = CARTESIAN_POINT ( 'NONE',  ( 0.5623297343827128314, 10.79883125464891336, 48.58959305390513350 ) ) ;
#2651 = CARTESIAN_POINT ( 'NONE',  ( 4.677998291312142953, 9.415952969919484161, 43.71558177576351056 ) ) ;
#2652 = CARTESIAN_POINT ( 'NONE',  ( -5.016388009672655635, 6.153576374448443964, 50.63165120805177821 ) ) ;
#2653 = CARTESIAN_POINT ( 'NONE',  ( 6.092739425834731826, 4.821339861411819250, 42.84405138250140510 ) ) ;
#2654 = CARTESIAN_POINT ( 'NONE',  ( -5.462808970256995522, 2.139927762459628013, -4.364969071561805691 ) ) ;
#2655 = CARTESIAN_POINT ( 'NONE',  ( 0.6853382866048713939, 9.153573997592353351, -1.775590900610732659 ) ) ;
#2656 = CARTESIAN_POINT ( 'NONE',  ( 5.901431156723483618, 1.854629288790469621, 50.04960790798902082 ) ) ;
#2657 = CARTESIAN_POINT ( 'NONE',  ( 5.473496002194565335, 4.043039919101525825, 6.210080252973239290 ) ) ;
#2658 = CARTESIAN_POINT ( 'NONE',  ( 0.1373219494829295284, 10.52621131985236325, 50.81126243754076910 ) ) ;
#2659 = CARTESIAN_POINT ( 'NONE',  ( 0.001043724977627995699, 11.18405016432236110, 44.58769025011690701 ) ) ;
#2660 = CARTESIAN_POINT ( 'NONE',  ( -2.501297345684005524, 10.51559896936837468, 36.12977390044156323 ) ) ;
#2661 = CARTESIAN_POINT ( 'NONE',  ( 2.844412935717415714, 9.555533929107197011, 50.65947643938812917 ) ) ;
#2662 = CARTESIAN_POINT ( 'NONE',  ( -3.079734687105059265, 5.404829820773390914, -8.633210331496959711 ) ) ;
#2663 = CARTESIAN_POINT ( 'NONE',  ( 1.297540147222524309, 8.329179944542412173, 54.11523493019114994 ) ) ;
#2664 = CARTESIAN_POINT ( 'NONE',  ( 0.5926176318870580717, 10.96108380077812328, 37.31544388693439629 ) ) ;
#2665 = CARTESIAN_POINT ( 'NONE',  ( 2.967427231662842502, 6.879190229087939201, 54.05046937411008656 ) ) ;
#2666 = CARTESIAN_POINT ( 'NONE',  ( 5.880324198921426770, 3.108038595276570781, 50.72448737866478297 ) ) ;
#2667 = CARTESIAN_POINT ( 'NONE',  ( 3.321461449665272347, 3.342955078989165330, 56.24378614928571096 ) ) ;
#2668 = CARTESIAN_POINT ( 'NONE',  ( 0.02083367059762677651, 11.29307375486149212, 42.19467326271807650 ) ) ;
#2669 = CARTESIAN_POINT ( 'NONE',  ( -0.05536441890192941168, 10.49403561281109276, 51.01256072394795638 ) ) ;
#2670 = CARTESIAN_POINT ( 'NONE',  ( -0.4947128696041716567, 3.879921044283138887, 57.29006770188485831 ) ) ;
#2671 = CARTESIAN_POINT ( 'NONE',  ( 1.290427155434906492, 10.35301331319923435, 50.42105180473775761 ) ) ;
#2672 = CARTESIAN_POINT ( 'NONE',  ( -4.184275149778866165, 9.184372350856158107, 36.12920072376559233 ) ) ;
#2673 = CARTESIAN_POINT ( 'NONE',  ( -0.1041647812659772104, 10.85632620838769924, 15.74685435788338772 ) ) ;
#2674 = CARTESIAN_POINT ( 'NONE',  ( 5.949321019485354078, 6.636632028616213930, 45.25321433871413745 ) ) ;
#2675 = CARTESIAN_POINT ( 'NONE',  ( 4.771405576084971401, 8.663565414261963582, 41.45540113598099907 ) ) ;
#2676 = CARTESIAN_POINT ( 'NONE',  ( 0.1358886842682534568, 8.126845551128393907, -6.555440570259748689 ) ) ;
#2677 = CARTESIAN_POINT ( 'NONE',  ( 3.018902032778487676, 9.068323279029032236, 50.26334143710873548 ) ) ;
#2678 = CARTESIAN_POINT ( 'NONE',  ( 1.031677893183596817, 7.544895245812925921, -7.652413162128564927 ) ) ;
#2679 = CARTESIAN_POINT ( 'NONE',  ( 4.731184529547626916, 5.903962863104553982, 52.04522859460012540 ) ) ;
#2680 = CARTESIAN_POINT ( 'NONE',  ( -0.6891934481073201946, 8.661317123949880070, -4.167035098198431875 ) ) ;
#2681 = CARTESIAN_POINT ( 'NONE',  ( -1.011224619354770704, 3.530291190245892885, 57.27761094338819703 ) ) ;
#2682 = ORIENTED_EDGE ( 'NONE', *, *, #533, .F. ) ;
#2683 = CARTESIAN_POINT ( 'NONE',  ( 5.459298219972390953, 7.578744776370128555, 47.71959716159257425 ) ) ;
#2684 = CARTESIAN_POINT ( 'NONE',  ( -5.701700313604370685, 4.506535791847052330, 42.56062546970137817 ) ) ;
#2685 = CARTESIAN_POINT ( 'NONE',  ( 5.906723120043860575, 1.849463529519932870, 41.45540113598099197 ) ) ;
#2686 = CARTESIAN_POINT ( 'NONE',  ( 0.000000000000000000, 2.241098641572417005, 57.50000000000000711 ) ) ;
#2687 = CARTESIAN_POINT ( 'NONE',  ( 2.232507237309910852, 9.547501620875607387, 50.26134181169189219 ) ) ;
#2688 = CARTESIAN_POINT ( 'NONE',  ( 4.296183668958753366, 7.331610139623687239, 51.17464046650459153 ) ) ;
#2689 = CARTESIAN_POINT ( 'NONE',  ( 5.499788338546721889, 1.734303738412941609, 37.29327678907528565 ) ) ;
#2690 = CARTESIAN_POINT ( 'NONE',  ( -0.1777757574640785321, 4.027031972345125332, 57.29768016541071063 ) ) ;
#2691 = CARTESIAN_POINT ( 'NONE',  ( 0.6649638951830612044, 10.57021856538741034, 50.10551482301453774 ) ) ;
#2692 = CARTESIAN_POINT ( 'NONE',  ( 4.783962463865351289, 9.340772291860734100, 42.91501820170697812 ) ) ;
#2693 = CARTESIAN_POINT ( 'NONE',  ( -4.660793414101987331, 5.413885939400310043, 52.74071818411383816 ) ) ;
#2694 = CARTESIAN_POINT ( 'NONE',  ( 5.753286369684151857, 4.635624727941017653, 50.74485924783620305 ) ) ;
#2695 = CARTESIAN_POINT ( 'NONE',  ( -5.499910462118982046, 1.751649071845536643, 36.12718592090423186 ) ) ;
#2696 = CARTESIAN_POINT ( 'NONE',  ( -4.087794918834119557E-05, 10.50443863844609460, 50.95540067381245564 ) ) ;
#2697 = CARTESIAN_POINT ( 'NONE',  ( 0.9387074879232230051, 9.719838008788109107, 2.023041787142633385 ) ) ;
#2698 = CARTESIAN_POINT ( 'NONE',  ( 5.909063779607696354, 1.883103352845718170, 42.80990138516878574 ) ) ;
#2699 = CARTESIAN_POINT ( 'NONE',  ( 5.641098909833869079, 3.466774522162901384, 42.54736274960929165 ) ) ;
#2700 = CARTESIAN_POINT ( 'NONE',  ( 0.1621759953297670087, 11.22168966961980452, 43.78750467355573051 ) ) ;
#2701 = CARTESIAN_POINT ( 'NONE',  ( 0.001243739981685043367, 10.68212536572464266, 49.79927731124581669 ) ) ;
#2702 = CARTESIAN_POINT ( 'NONE',  ( -2.089113045740998320, 8.562108237551713685, 52.96513292573141030 ) ) ;
#2703 = CARTESIAN_POINT ( 'NONE',  ( 3.038870529803303189, 10.38960666398134336, 46.15662243505502715 ) ) ;
#2704 = CARTESIAN_POINT ( 'NONE',  ( -4.882934848744354461, 7.650866662483568170, 18.26261469964491013 ) ) ;
#2705 = CARTESIAN_POINT ( 'NONE',  ( 0.3774934783323642407, 3.531549667589399810, -14.99999999999999822 ) ) ;
#2706 = CARTESIAN_POINT ( 'NONE',  ( 0.4075396256886821833, 7.963333356010490860, -6.993375714690855283 ) ) ;
#2707 = CARTESIAN_POINT ( 'NONE',  ( 2.931216320361244243, 6.553867406366379988, -6.568108939595181717 ) ) ;
#2708 = CARTESIAN_POINT ( 'NONE',  ( 6.000349096658657011, 3.056228662225591641, 45.19137353224993348 ) ) ;
#2709 = CARTESIAN_POINT ( 'NONE',  ( 5.328304098915634057, 5.147914584841659646, 4.140201777415334128 ) ) ;
#2710 = CARTESIAN_POINT ( 'NONE',  ( -3.649507710233254709, 2.830578819683220004, 56.21453460965327054 ) ) ;
#2711 = CARTESIAN_POINT ( 'NONE',  ( 0.02020917850644785713, 10.54660610583485081, 50.70873358664034214 ) ) ;
#2712 = CARTESIAN_POINT ( 'NONE',  ( -0.01372643134772083030, 10.49404068162247405, 51.01303509063830433 ) ) ;
#2713 = CARTESIAN_POINT ( 'NONE',  ( -0.1489624250097452696, 2.192907741912164976, 57.50000000000000000 ) ) ;
#2714 = CARTESIAN_POINT ( 'NONE',  ( 1.640593133911534718, 10.11206499317290941, 50.94421819103775562 ) ) ;
#2715 = CARTESIAN_POINT ( 'NONE',  ( -3.416915090795520804, 7.758230548991503994, 52.38750211972436688 ) ) ;
#2716 = CARTESIAN_POINT ( 'NONE',  ( -0.09974434535735575424, 10.95756560157603055, 39.80006712722220641 ) ) ;
#2717 = CARTESIAN_POINT ( 'NONE',  ( 5.597531918199134537, 6.159570881763459127, 49.79470379538925329 ) ) ;
#2718 = CARTESIAN_POINT ( 'NONE',  ( 5.658087104473987772, 5.028029783733977354, 41.45540113598099197 ) ) ;
#2719 = CARTESIAN_POINT ( 'NONE',  ( 0.2314032512222284899, 10.00405043862446242, 4.076321228039196498 ) ) ;
#2720 = CARTESIAN_POINT ( 'NONE',  ( 3.210746009045608584, 9.634467317043029055, 9.118632607488825315 ) ) ;
#2721 = CARTESIAN_POINT ( 'NONE',  ( 1.533194640634116812, 9.865703838076568033, 50.25974211135855541 ) ) ;
#2722 = CARTESIAN_POINT ( 'NONE',  ( -0.2615931935417131204, 8.543114760067362923, -4.969622008467705854 ) ) ;
#2723 = CARTESIAN_POINT ( 'NONE',  ( 5.220711559021053993, 6.501316472714235850, 12.44449194161716399 ) ) ;
#2724 = CARTESIAN_POINT ( 'NONE',  ( 0.002063141632418232039, 11.22385108772139617, 43.78972225709988919 ) ) ;
#2725 = CARTESIAN_POINT ( 'NONE',  ( -0.8808131454870894439, 9.390160964054052428, -0.1919822401034291248 ) ) ;
#2726 = CARTESIAN_POINT ( 'NONE',  ( -2.080617535167585075, 7.292109114671116998, -6.563702550261113267 ) ) ;
#2727 = CARTESIAN_POINT ( 'NONE',  ( 4.928070705914434413, 7.393011607179112765, 50.56512393952915829 ) ) ;
#2728 = CARTESIAN_POINT ( 'NONE',  ( -5.438594518446991266, 5.306235429886162258, 18.26160447891482619 ) ) ;
#2729 = CARTESIAN_POINT ( 'NONE',  ( 6.010347578050283524, 3.201023574645543768, 49.33437885580713811 ) ) ;
#2730 = CARTESIAN_POINT ( 'NONE',  ( 0.000000000000000000, 8.002446290883131752, -6.993359736142275018 ) ) ;
#2731 = CARTESIAN_POINT ( 'NONE',  ( 2.262181808081900503, 9.612074419453048080, 49.94215018913903492 ) ) ;
#2732 = CARTESIAN_POINT ( 'NONE',  ( 4.124454312214277607, 6.926273951834914122, -1.830764602778476302 ) ) ;
#2733 = CARTESIAN_POINT ( 'NONE',  ( 5.304529121620302767, 1.751990970657506086, 53.25739471920553569 ) ) ;
#2734 = CARTESIAN_POINT ( 'NONE',  ( -0.3684180749305544511, 7.956285438559035583, 55.09530842304494769 ) ) ;
#2735 = CARTESIAN_POINT ( 'NONE',  ( 0.7695470428979939159, 10.40813892691274667, 50.92343017541831074 ) ) ;
#2736 = CARTESIAN_POINT ( 'NONE',  ( 4.568608195142480177, 8.963899942752009409, 47.75108776466420579 ) ) ;
#2737 = CARTESIAN_POINT ( 'NONE',  ( -5.185947797246192259, 5.902021374726817093, 4.134189490415226764 ) ) ;
#2738 = CARTESIAN_POINT ( 'NONE',  ( 5.823230624275710809, 4.665590950833074402, 50.08848104134241908 ) ) ;
#2739 = CARTESIAN_POINT ( 'NONE',  ( -5.501324800222489486, 1.758860826816968315, -3.188947357354789069 ) ) ;
#2740 = CARTESIAN_POINT ( 'NONE',  ( -4.087794919376808823E-05, 10.33605028265530734, 49.38271693957051411 ) ) ;
#2741 = CARTESIAN_POINT ( 'NONE',  ( 1.011119750642182069, 10.10065784834353408, 49.94277371081376060 ) ) ;
#2742 = CARTESIAN_POINT ( 'NONE',  ( 5.900678466604131422, 1.752281582291246309, 49.93912307039165910 ) ) ;
#2743 = CARTESIAN_POINT ( 'NONE',  ( 5.433395296595811885, 3.431662679182980291, 51.22295570043504398 ) ) ;
#2744 = CARTESIAN_POINT ( 'NONE',  ( 0.1722581344834541173, 10.67728264042691499, 49.79913845175737208 ) ) ;
#2745 = CARTESIAN_POINT ( 'NONE',  ( 3.513578938599088103E-05, 10.52997089811003306, 50.81009934584645293 ) ) ;
#2746 = CARTESIAN_POINT ( 'NONE',  ( -1.865034132396905298, 7.990319455758737810, -5.000136358403404202 ) ) ;
#2747 = CARTESIAN_POINT ( 'NONE',  ( 3.466370680762933976, 10.35209199180328099, 44.54171877703181792 ) ) ;
#2748 = CARTESIAN_POINT ( 'NONE',  ( -2.060046086595749060, 3.912165164583081278, -13.01512703019410999 ) ) ;
#2749 = CARTESIAN_POINT ( 'NONE',  ( -5.395562109762456870, 3.416453040602146274, 51.67893717430532519 ) ) ;
#2750 = CARTESIAN_POINT ( 'NONE',  ( 0.5724655371651206082, 10.97978382689204047, 34.88694490477757881 ) ) ;
#2751 = CARTESIAN_POINT ( 'NONE',  ( 4.127985134992781191, 9.140483114716209556, 33.64180286460518943 ) ) ;
#2752 = CARTESIAN_POINT ( 'NONE',  ( 6.004268965298046545, 3.341130383057783870, 46.80834520432299684 ) ) ;
#2753 = CARTESIAN_POINT ( 'NONE',  ( 5.351555857483923262, 5.380093318781995038, 33.64140097744362379 ) ) ;
#2754 = CARTESIAN_POINT ( 'NONE',  ( -0.3700397163608837858, 10.65935101554774178, 46.42207096317235937 ) ) ;
#2755 = CARTESIAN_POINT ( 'NONE',  ( 0.02004924669809881113, 10.52988536837942490, 50.81024465340931329 ) ) ;
#2756 = CARTESIAN_POINT ( 'NONE',  ( -0.02081750080632102304, 10.78873030586727566, 48.99466926784634779 ) ) ;
#2757 = CARTESIAN_POINT ( 'NONE',  ( -1.893745918610352463, 10.74101213447002046, 20.74956109058686593 ) ) ;
#2758 = CARTESIAN_POINT ( 'NONE',  ( 2.032227217917592643, 10.43630417092253104, 48.59240358156591810 ) ) ;
#2759 = CARTESIAN_POINT ( 'NONE',  ( -3.873711379124440857, 7.662714795703671200, -0.6023828227560727999 ) ) ;
#2760 = CARTESIAN_POINT ( 'NONE',  ( -0.1068583729595841969, 10.34106813956936755, 7.833706845174687849 ) ) ;
#2761 = CARTESIAN_POINT ( 'NONE',  ( 5.519479210564926852, 2.102333267080904733, 41.45540113598097065 ) ) ;
#2762 = PRODUCT_DEFINITION_SHAPE ( 'NONE', 'NONE',  #5385 ) ;
#2763 = CARTESIAN_POINT ( 'NONE',  ( 0.1845206924142869798, 9.416863671772558675, 53.14757040113503450 ) ) ;
#2764 = CARTESIAN_POINT ( 'NONE',  ( 2.928545311621873370, 10.03833034230943433, 12.45002843341289456 ) ) ;
#2765 = CARTESIAN_POINT ( 'NONE',  ( 2.098488812743535728E-32, 1.562500000000000000, 57.50000000000000000 ) ) ;
#2766 = CARTESIAN_POINT ( 'NONE',  ( -0.2393182620710754271, 8.991071440122611946, -2.955990234337039890 ) ) ;
#2767 = CARTESIAN_POINT ( 'NONE',  ( 4.639364090915131911, 6.132216525704956567, -1.224016598259970445 ) ) ;
#2768 = CARTESIAN_POINT ( 'NONE',  ( 0.003229403888990041785, 11.13390672134426929, 45.38668133719434650 ) ) ;
#2769 = CARTESIAN_POINT ( 'NONE',  ( -0.8579955248833637249, 9.122482963828973723, -1.777797848697439287 ) ) ;
#2770 = CARTESIAN_POINT ( 'NONE',  ( -1.622806216295334059, 6.152983019181973212, -10.00642653781221547 ) ) ;
#2771 = ORIENTED_EDGE ( 'NONE', *, *, #5433, .F. ) ;
#2772 = CARTESIAN_POINT ( 'NONE',  ( 5.127827551538337580, 7.242087118278201174, 50.13435943876688583 ) ) ;
#2773 = CARTESIAN_POINT ( 'NONE',  ( -5.607715346705199444, 4.946348983774808694, 39.74231385588175414 ) ) ;
#2774 = CARTESIAN_POINT ( 'NONE',  ( 4.995106242607511682, 8.645623341073207513, 41.75540113598098912 ) ) ;
#2775 = CARTESIAN_POINT ( 'NONE',  ( 0.02977809123503084854, 10.67192646372983589, 46.42805303295923380 ) ) ;
#2776 = CARTESIAN_POINT ( 'NONE',  ( 1.500764139913548734, 7.275874789119523456, -7.649448230847122332 ) ) ;
#2777 = CARTESIAN_POINT ( 'NONE',  ( 1.462434383211648364E-15, 1.562500000000000000, -14.99999999999999822 ) ) ;
#2778 = EDGE_CURVE ( 'NONE', #7364, #1613, #247, .T. ) ;
#2779 = CARTESIAN_POINT ( 'NONE',  ( 5.500131724955197754, 1.765336003245774998, -0.2020034905076968923 ) ) ;
#2780 = CARTESIAN_POINT ( 'NONE',  ( -0.5602388807391843750, 10.15483128809298208, 50.25754252340000505 ) ) ;
#2781 = CARTESIAN_POINT ( 'NONE',  ( 0.8080571145722843518, 10.65274862716928972, 49.39733617207627958 ) ) ;
#2782 = CARTESIAN_POINT ( 'NONE',  ( 4.514254812758422553, 8.655113704719669343, 48.99178513732007900 ) ) ;
#2783 = CARTESIAN_POINT ( 'NONE',  ( -5.293348481775614900, 6.106969321208661761, 10.78248721843599967 ) ) ;
#2784 = CARTESIAN_POINT ( 'NONE',  ( 5.927217294407830295, 4.712261266522061121, 48.91241384938903991 ) ) ;
#2785 = CARTESIAN_POINT ( 'NONE',  ( -5.500000000070169648, 1.562499999999997113, 37.29278143493318254 ) ) ;
#2786 = CARTESIAN_POINT ( 'NONE',  ( 4.282671395746857179, 7.459885988638796483, 50.95540067381245564 ) ) ;
#2787 = CARTESIAN_POINT ( 'NONE',  ( 1.151990289617116359, 10.56567019060781654, 46.40901917454667114 ) ) ;
#2788 = CARTESIAN_POINT ( 'NONE',  ( 5.895420298728138775, 1.658519471580119697, 50.94619419606963362 ) ) ;
#2789 = CARTESIAN_POINT ( 'NONE',  ( 5.633241319959708449, 3.488585748700473665, 46.25674830724588560 ) ) ;
#2790 = CARTESIAN_POINT ( 'NONE',  ( 0.1680161717175145675, 10.55797757451764696, 50.60822553197787244 ) ) ;
#2791 = CARTESIAN_POINT ( 'NONE',  ( 0.001461022510779322672, 11.26365234744381993, 42.99177729751009736 ) ) ;
#2792 = CARTESIAN_POINT ( 'NONE',  ( -2.334572879599730033, 9.678198420419072079, 4.093606553164506501 ) ) ;
#2793 = CARTESIAN_POINT ( 'NONE',  ( 3.241860757085896161, 10.59931308524876314, 42.15462640592312482 ) ) ;
#2794 = CARTESIAN_POINT ( 'NONE',  ( -4.856612617425460243, 6.971978507834752037, 4.125171059915064831 ) ) ;
#2795 = CARTESIAN_POINT ( 'NONE',  ( -5.340774050336501766, 3.337454023843907436, -2.523954825733312202 ) ) ;
#2796 = CARTESIAN_POINT ( 'NONE',  ( 0.5170427962812667033, 9.918983904494250936, 51.53132215967576002 ) ) ;
#2797 = CARTESIAN_POINT ( 'NONE',  ( 0.3915087449949255505, 2.036097087037773257, 57.50000000000001421 ) ) ;
#2798 = CARTESIAN_POINT ( 'NONE',  ( 5.898875738387268086, 3.105749924909024351, 50.28103751433241086 ) ) ;
#2799 = CARTESIAN_POINT ( 'NONE',  ( 4.835325002742845157, 4.547095684694882678, -4.307388279310643497 ) ) ;
#2800 = CARTESIAN_POINT ( 'NONE',  ( 0.03440559910591012294, 10.51227642448825250, 50.91195653397252130 ) ) ;
#2801 = CARTESIAN_POINT ( 'NONE',  ( -0.01376393800945940882, 10.68212438079454074, 49.79931996916740644 ) ) ;
#2802 = CARTESIAN_POINT ( 'NONE',  ( -1.838774311105262793, 10.09895612404175225, 48.56728463276396468 ) ) ;
#2803 = CARTESIAN_POINT ( 'NONE',  ( 2.136260246388105521, 9.900217717654264504, 50.85293985100768310 ) ) ;
#2804 = CARTESIAN_POINT ( 'NONE',  ( -4.370382655226500823, 8.797778872316635912, 18.26304765138635133 ) ) ;
#2805 = ORIENTED_EDGE ( 'NONE', *, *, #4586, .F. ) ;
#2806 = CARTESIAN_POINT ( 'NONE',  ( -0.1487900219233262988, 10.15746476943702348, 50.59382124986939289 ) ) ;
#2807 = CARTESIAN_POINT ( 'NONE',  ( 0.6659356361673803848, 10.88728064738526946, 41.45540113598099907 ) ) ;
#2808 = CARTESIAN_POINT ( 'NONE',  ( 0.1690920257785710201, 9.110450148098477641, -2.360029755360142367 ) ) ;
#2809 = CARTESIAN_POINT ( 'NONE',  ( 3.330142454196836965, 9.996643819085559102, 34.88737090814262132 ) ) ;
#2810 = CARTESIAN_POINT ( 'NONE',  ( 1.736442256076148993, 10.45680064712364121, 10.78661560215214088 ) ) ;
#2811 = CARTESIAN_POINT ( 'NONE',  ( 0.5750674915269227139, 1.891240355318829280, 57.50000000000000000 ) ) ;
#2812 = CARTESIAN_POINT ( 'NONE',  ( 0.002644059837184813046, 10.68212461450359463, 49.79927388527394072 ) ) ;
#2813 = CARTESIAN_POINT ( 'NONE',  ( -1.090877468273828477, 9.736109278917600918, 51.54183034715793355 ) ) ;
#2814 = CARTESIAN_POINT ( 'NONE',  ( -2.505345613213112888, 7.567852170712289883, -5.014006517465093182 ) ) ;
#2815 = ORIENTED_EDGE ( 'NONE', *, *, #6480, .F. ) ;
#2816 = CARTESIAN_POINT ( 'NONE',  ( 5.353976096157862408, 6.772820737359586118, 50.01993593999465304 ) ) ;
#2817 = CARTESIAN_POINT ( 'NONE',  ( -4.631982631853912125, 3.980906719020581352, -6.580226510263879725 ) ) ;
#2818 = CARTESIAN_POINT ( 'NONE',  ( 5.460897756618293464, 5.002762819103638847, 50.95540067381245564 ) ) ;
#2819 = CARTESIAN_POINT ( 'NONE',  ( 0.03076483915042730818, 10.95568336084827976, 18.26491174916221283 ) ) ;
#2820 = CARTESIAN_POINT ( 'NONE',  ( 1.966349964210341250, 8.937751350028472430, -1.190993129223562930 ) ) ;
#2821 = CARTESIAN_POINT ( 'NONE',  ( 4.455377723716582139, 7.455164954905735719, 2.058648291651967277 ) ) ;
#2822 = CARTESIAN_POINT ( 'NONE',  ( -0.3158661409977028822, 5.484323928400418602, -13.06656532754761102 ) ) ;
#2823 = CARTESIAN_POINT ( 'NONE',  ( 0.8931646014156762181, 10.37508891609588169, 50.92611979020453816 ) ) ;
#2824 = CARTESIAN_POINT ( 'NONE',  ( 4.664588779168887811, 9.382959899298613848, 44.51356670975261665 ) ) ;
#2825 = CARTESIAN_POINT ( 'NONE',  ( -4.242656509797012809, 4.967321667866759327, 53.97645159573156093 ) ) ;
#2826 = CARTESIAN_POINT ( 'NONE',  ( 5.833922546553675481, 4.670238951197995370, 49.98016759339283510 ) ) ;
#2827 = CARTESIAN_POINT ( 'NONE',  ( -5.495510945467326991, 1.755806219578331495, -3.789740912245829652 ) ) ;
#2828 = CARTESIAN_POINT ( 'NONE',  ( 1.606382879242751249, 9.670863178088209722, 50.95540067381246985 ) ) ;
#2829 = CARTESIAN_POINT ( 'NONE',  ( 1.236451667010777689, 10.94469500856518707, 24.06617711228569689 ) ) ;
#2830 = DIRECTION ( 'NONE',  ( 3.450742196830996785E-15, 0.000000000000000000, 1.000000000000000000 ) ) ;
#2831 = CARTESIAN_POINT ( 'NONE',  ( 5.320819225615101011, 3.309162494774545049, -3.150547831582634739 ) ) ;
#2832 = CARTESIAN_POINT ( 'NONE',  ( 0.2005460382621656046, 11.31237329922408286, 41.39679777802977156 ) ) ;
#2833 = CARTESIAN_POINT ( 'NONE',  ( -2.098488812743535728E-32, 1.562500000000000000, 57.50000000000000000 ) ) ;
#2834 = CARTESIAN_POINT ( 'NONE',  ( 3.243639224803072540, 9.212491539182806832, 50.87674151479468065 ) ) ;
#2835 = CARTESIAN_POINT ( 'NONE',  ( -4.407361109280118150, 6.821855178437428613, -0.6059023157566317819 ) ) ;
#2836 = CARTESIAN_POINT ( 'NONE',  ( -5.400549382026831324, 3.415527854422687692, -0.2002350345540031273 ) ) ;
#2837 = CARTESIAN_POINT ( 'NONE',  ( 0.5494077695240877635, 10.10148219245242096, 50.59637732812494448 ) ) ;
#2838 = CARTESIAN_POINT ( 'NONE',  ( 4.316402742973044937, 8.796162410156433964, 31.92481333781986308 ) ) ;
#2839 = CARTESIAN_POINT ( 'NONE',  ( 5.891213704648930793, 2.401705997062111742, 50.94396715635353701 ) ) ;
#2840 = CARTESIAN_POINT ( 'NONE',  ( 0.6522957336594957800, 1.823027114660579429, 57.50000000000001421 ) ) ;
#2841 = AXIS2_PLACEMENT_3D ( 'NONE', #289, #8193, #3591 ) ;
#2842 = CARTESIAN_POINT ( 'NONE',  ( 0.03537398707787124674, 10.59457285931754100, 50.40459350431046204 ) ) ;
#2843 = CARTESIAN_POINT ( 'NONE',  ( -0.02484142412954927492, 11.22384590242975122, 43.79012825248621965 ) ) ;
#2844 = CARTESIAN_POINT ( 'NONE',  ( -1.725084568250987438, 9.587200217189742801, 2.028976204560858143 ) ) ;
#2845 = CARTESIAN_POINT ( 'NONE',  ( 1.684040298914969425, 10.25626616115272505, 50.22276121101689483 ) ) ;
#2846 = CARTESIAN_POINT ( 'NONE',  ( -4.278869200624368929, 8.528752248830556937, 9.119836725439531833 ) ) ;
#2847 = VERTEX_POINT ( 'NONE', #4724 ) ;
#2848 = CARTESIAN_POINT ( 'NONE',  ( -4.087794922112336963E-05, 11.31379217906611778, 41.45540113598099197 ) ) ;
#2849 = CARTESIAN_POINT ( 'NONE',  ( 0.2546760163954053247, 10.96195135601270820, 18.26481553766411992 ) ) ;
#2850 = CARTESIAN_POINT ( 'NONE',  ( -0.2723241199281160596, 7.783617904399513066, -7.656860559050747916 ) ) ;
#2851 = CARTESIAN_POINT ( 'NONE',  ( 3.251257080192992532, 9.811438155193407340, 12.44952511597687383 ) ) ;
#2852 = CARTESIAN_POINT ( 'NONE',  ( 1.391222950465777153, 9.474098444902995908, 51.95266642012056479 ) ) ;
#2853 = CARTESIAN_POINT ( 'NONE',  ( 2.266940925728048839, 3.654798466957745351, -13.00790762003923540 ) ) ;
#2854 = CARTESIAN_POINT ( 'NONE',  ( 0.002875607997767449468, 10.54668980720299487, 50.70862673907827656 ) ) ;
#2855 = CARTESIAN_POINT ( 'NONE',  ( -0.8504527905164283030, 8.890090721470615520, -2.971350044645899136 ) ) ;
#2856 = CARTESIAN_POINT ( 'NONE',  ( -2.248937008495143886, 6.989518297032835115, -6.993455607433741505 ) ) ;
#2857 = ORIENTED_EDGE ( 'NONE', *, *, #375, .F. ) ;
#2858 = CARTESIAN_POINT ( 'NONE',  ( 5.706389182701699703, 7.573917243577738212, 41.30324288711484826 ) ) ;
#2859 = CARTESIAN_POINT ( 'NONE',  ( 0.2999591220508072142, 10.49036719615494562, 49.66803607791002406 ) ) ;
#2860 = CARTESIAN_POINT ( 'NONE',  ( 0.000000000000000000, 10.55571291520804600, 10.78781416516652136 ) ) ;
#2861 = CARTESIAN_POINT ( 'NONE',  ( 2.282440565798608212, 10.59224612985632596, 31.92478893880221236 ) ) ;
#2862 = CARTESIAN_POINT ( 'NONE',  ( 4.059533371111385236, 6.821977147029278932, -2.451336553515886418 ) ) ;
#2863 = CARTESIAN_POINT ( 'NONE',  ( -0.7828015001979768961, 10.96937482606187508, 33.64220140270706594 ) ) ;
#2864 = CARTESIAN_POINT ( 'NONE',  ( 0.9213862273711059814, 10.53225397936640029, 50.00691081076036681 ) ) ;
#2865 = CARTESIAN_POINT ( 'NONE',  ( -0.2278159949484560298, 11.02534209550321442, 20.74932426690022069 ) ) ;
#2866 = CARTESIAN_POINT ( 'NONE',  ( 4.993497559980831113, 8.894663643068662751, 45.30504352004838609 ) ) ;
#2867 = CARTESIAN_POINT ( 'NONE',  ( -4.154403954665752963, 4.681870428158201314, -6.993572783456611042 ) ) ;
#2868 = CARTESIAN_POINT ( 'NONE',  ( 5.836882842096219548, 4.396267811633267186, 50.19209241867438465 ) ) ;
#2869 = CARTESIAN_POINT ( 'NONE',  ( -5.446165634745127271, 1.746795557699608148, -5.137913271749430244 ) ) ;
#2870 = CARTESIAN_POINT ( 'NONE',  ( 5.446765155536663627, 3.449613765656897701, 50.95540067381246985 ) ) ;
#2871 = CARTESIAN_POINT ( 'NONE',  ( 1.265951611478279393, 10.90251066201689234, 20.74947750575627126 ) ) ;
#2872 = CARTESIAN_POINT ( 'NONE',  ( 5.899924028063677994, 1.654233455949314369, 49.72085792239696644 ) ) ;
#2873 = CARTESIAN_POINT ( 'NONE',  ( 5.577829269814748692, 2.822263901781994377, 46.24587181672467295 ) ) ;
#2874 = CARTESIAN_POINT ( 'NONE',  ( -5.189401068428828978, 3.691502796370853101, -3.740401502502563424 ) ) ;
#2875 = CARTESIAN_POINT ( 'NONE',  ( 0.2183613359721121305, 11.00164157738348614, 46.98454450526136128 ) ) ;
#2876 = CARTESIAN_POINT ( 'NONE',  ( -2.710157466098586099, 10.39845376639013708, 28.18540476581866017 ) ) ;
#2877 = CARTESIAN_POINT ( 'NONE',  ( 3.411163434575688047, 9.549936488259973544, 49.41541589223403008 ) ) ;
#2878 = CARTESIAN_POINT ( 'NONE',  ( -5.049208089402179134, 7.427057837936687612, 36.12867965406007897 ) ) ;
#2879 = CARTESIAN_POINT ( 'NONE',  ( 5.534227747260795915, 6.113063405294581365, 50.22374346148783530 ) ) ;
#2880 = CARTESIAN_POINT ( 'NONE',  ( -5.515732808108786855, 3.886292674063786645, 12.44080094708668049 ) ) ;
#2881 = CARTESIAN_POINT ( 'NONE',  ( 0.5362209270956503904, 9.218012765886715698, 53.35220209263978575 ) ) ;
#2882 = CARTESIAN_POINT ( 'NONE',  ( 3.873711379124440857, 7.662714795703671200, -0.6023828227560727999 ) ) ;
#2883 = CARTESIAN_POINT ( 'NONE',  ( 5.932202937985636026, 2.335090092571165510, 46.78833398649380371 ) ) ;
#2884 = CARTESIAN_POINT ( 'NONE',  ( 5.391934793788760949, 4.717530528930577560, 50.27453933944272535 ) ) ;
#2885 = CARTESIAN_POINT ( 'NONE',  ( 0.06636282085089476035, 10.68136388925326763, 49.79915854785270568 ) ) ;
#2886 = EDGE_CURVE ( 'NONE', #7364, #5064, #5332, .T. ) ;
#2887 = CARTESIAN_POINT ( 'NONE',  ( -0.01369478828716008505, 10.65405181850085192, 50.00068262597925184 ) ) ;
#2888 = CARTESIAN_POINT ( 'NONE',  ( -1.916176121131025312, 10.72876983629253544, 33.64208418561822356 ) ) ;
#2889 = CARTESIAN_POINT ( 'NONE',  ( 1.695420218336513685, 10.29392534965496608, 50.01789071087301863 ) ) ;
#2890 = CARTESIAN_POINT ( 'NONE',  ( -4.310050698532704949, 8.465377774273704858, 48.53444974000605328 ) ) ;
#2891 = CARTESIAN_POINT ( 'NONE',  ( 0.000000000000000000, 9.640359893738191133, 52.68031705410176357 ) ) ;
#2892 = CARTESIAN_POINT ( 'NONE',  ( -0.1232598419109000448, 9.511655499123104818, 52.96281335608363605 ) ) ;
#2893 = DIRECTION ( 'NONE',  ( 0.000000000000000000, 0.000000000000000000, -1.000000000000000000 ) ) ;
#2894 = CARTESIAN_POINT ( 'NONE',  ( 0.2272103256468098742, 9.311423559800015681, -1.177233350458393835 ) ) ;
#2895 = CARTESIAN_POINT ( 'NONE',  ( 3.514568378487393119, 9.387347794105751930, 9.118933636976512602 ) ) ;
#2896 = CARTESIAN_POINT ( 'NONE',  ( 4.528259550851291060, 5.502183524303677409, -3.693658903798416215 ) ) ;
#2897 = CARTESIAN_POINT ( 'NONE',  ( 0.003787096927250994081, 10.54668840294525189, 50.70863220159837681 ) ) ;
#2898 = CARTESIAN_POINT ( 'NONE',  ( -1.399653882538311800, 10.51505069948961690, 10.78688194948867896 ) ) ;
#2899 = CARTESIAN_POINT ( 'NONE',  ( -3.689631157037406517, 9.557954480838773748, 46.36333791435645679 ) ) ;
#2900 = VERTEX_POINT ( 'NONE', #4162 ) ;
#2901 = CARTESIAN_POINT ( 'NONE',  ( 5.292938030481249001, 6.558509436208352028, 50.66461135657172576 ) ) ;
#2902 = CARTESIAN_POINT ( 'NONE',  ( 2.144901147906530525, 11.04298950395305390, 41.45540113598098486 ) ) ;
#2903 = CARTESIAN_POINT ( 'NONE',  ( 0.000000000000000000, 9.221688554700632423, -1.764556160177183974 ) ) ;
#2904 = CARTESIAN_POINT ( 'NONE',  ( 2.485182952028693659, 9.495597435374747874, 49.94203142310582422 ) ) ;
#2905 = CARTESIAN_POINT ( 'NONE',  ( 3.890622286402632746, 6.325738821299631276, 53.30709431097742623 ) ) ;
#2906 = CARTESIAN_POINT ( 'NONE',  ( -0.4696641048169599153, 7.747197143568908650, -7.655748709820205278 ) ) ;
#2907 = CARTESIAN_POINT ( 'NONE',  ( 0.9093270811495298700, 10.46621163497725071, 50.41424608121935336 ) ) ;
#2908 = CARTESIAN_POINT ( 'NONE',  ( -0.1799017613641891167, 8.873675736163580297, -3.551483499406635769 ) ) ;
#2909 = CARTESIAN_POINT ( 'NONE',  ( 5.042660980348092181, 9.000252108424525943, 42.90722883167939727 ) ) ;
#2910 = CARTESIAN_POINT ( 'NONE',  ( -2.098488812743535728E-32, 1.562500000000000000, 57.50000000000000000 ) ) ;
#2911 = CARTESIAN_POINT ( 'NONE',  ( 6.014792637798493935, 4.465671126116809830, 47.64952800800966060 ) ) ;
#2912 = CARTESIAN_POINT ( 'NONE',  ( -5.305360730457994833, 1.562499999999994671, 53.25523386738937148 ) ) ;
#2913 = CARTESIAN_POINT ( 'NONE',  ( 3.874641692488640654, 8.009412816939439850, 50.95540067381245564 ) ) ;
#2914 = CARTESIAN_POINT ( 'NONE',  ( 1.415875440209745761, 10.78264124395689194, 42.67714793908106685 ) ) ;
#2915 = CARTESIAN_POINT ( 'NONE',  ( 5.899720070494207214, 1.652595054916071282, 49.28599623651622608 ) ) ;
#2916 = CARTESIAN_POINT ( 'NONE',  ( 5.501225960908878498, 3.975231623915310486, 20.75084272465613111 ) ) ;
#2917 = CARTESIAN_POINT ( 'NONE',  ( -5.338566559565830261, 3.875709516429483248, -0.1997634462996844829 ) ) ;
#2918 = CARTESIAN_POINT ( 'NONE',  ( 0.2576771782495428931, 10.55074157497939069, 50.60906385241953132 ) ) ;
#2919 = CARTESIAN_POINT ( 'NONE',  ( -1.462434383211648364E-15, 1.562500000000000000, -14.99999999999999822 ) ) ;
#2920 = CARTESIAN_POINT ( 'NONE',  ( 3.733689200515394102, 10.29051570990639775, 42.94009041238593483 ) ) ;
#2921 = CARTESIAN_POINT ( 'NONE',  ( -2.914142713784871663, 4.851061401758576253, -9.976194167148635827 ) ) ;
#2922 = CARTESIAN_POINT ( 'NONE',  ( 5.980626328670653358, 6.236109464072386643, 41.29001388095804970 ) ) ;
#2923 = CARTESIAN_POINT ( 'NONE',  ( -5.489589233202691432, 4.512509785355439007, 20.75074985262208571 ) ) ;
#2924 = CARTESIAN_POINT ( 'NONE',  ( 0.4897648122879043608, 9.760121509492096337, 2.019332776256252515 ) ) ;
#2925 = CARTESIAN_POINT ( 'NONE',  ( 3.626046023199476220, 7.509840054090124895, 52.39300345047333707 ) ) ;
#2926 = CARTESIAN_POINT ( 'NONE',  ( 5.918397610540993448, 2.369913971907205319, 48.86843182588506096 ) ) ;
#2927 = CARTESIAN_POINT ( 'NONE',  ( 5.454590197480884584, 5.214891318886559546, 15.73473416059035657 ) ) ;
#2928 = CARTESIAN_POINT ( 'NONE',  ( 0.04039167647659491767, 11.07009481267258089, 46.18652133985262509 ) ) ;
#2929 = CARTESIAN_POINT ( 'NONE',  ( -0.001580838631843725552, 10.52997062888440993, 50.81008662433674061 ) ) ;
#2930 = CARTESIAN_POINT ( 'NONE',  ( -1.629029708210449900, 9.027791499438121647, 52.69692736485509243 ) ) ;
#2931 = CARTESIAN_POINT ( 'NONE',  ( 2.722311435391195467, 10.83594258123599374, 42.16330540393247617 ) ) ;
#2932 = CARTESIAN_POINT ( 'NONE',  ( -4.514604986148174071, 8.772693088650997950, 46.34376023141788181 ) ) ;
#2933 = CARTESIAN_POINT ( 'NONE',  ( 0.000000000000000000, 8.862651372561950680, 54.16149604167774356 ) ) ;
#2934 = CARTESIAN_POINT ( 'NONE',  ( -0.2007606388034351153, 10.95529135052465719, 39.79943247588877142 ) ) ;
#2935 = CARTESIAN_POINT ( 'NONE',  ( 5.500135715767128453, 1.621628054245123574, 42.26755513954880428 ) ) ;
#2936 = CARTESIAN_POINT ( 'NONE',  ( 0.03782203884136926125, 2.236888374809731683, 57.50000000000001421 ) ) ;
#2937 = CARTESIAN_POINT ( 'NONE',  ( 2.882417332796342713, 8.081328009022447745, 52.71051761910769784 ) ) ;
#2938 = CARTESIAN_POINT ( 'NONE',  ( 5.302603919695543233, 6.131585404565921493, 12.44398862418119300 ) ) ;
#2939 = CARTESIAN_POINT ( 'NONE',  ( 0.003670747908905714826, 10.52996819214803281, 50.81012508969559605 ) ) ;
#2940 = CARTESIAN_POINT ( 'NONE',  ( 1.740247179380313591, 1.615265837591467912, -14.99999999999998757 ) ) ;
#2941 = CARTESIAN_POINT ( 'NONE',  ( -1.019609900774627986, 8.849390180723476718, -2.975189997223114613 ) ) ;
#2942 = CARTESIAN_POINT ( 'NONE',  ( -1.462434383211648364E-15, 1.562500000000000000, -14.99999999999999822 ) ) ;
#2943 = VERTEX_POINT ( 'NONE', #205 ) ;
#2944 = CARTESIAN_POINT ( 'NONE',  ( 5.367530342222641693, 6.619902604447990058, 50.23237505925740010 ) ) ;
#2945 = CARTESIAN_POINT ( 'NONE',  ( 1.154487001419854719, 10.03282847941114220, 50.95540067381245564 ) ) ;
#2946 = CARTESIAN_POINT ( 'NONE',  ( 0.07576909261524082673, 11.02176659998657016, 20.74929640529001773 ) ) ;
#2947 = CARTESIAN_POINT ( 'NONE',  ( 2.722204118373733994, 10.39263365943428319, 34.88726677398668130 ) ) ;
#2948 = CARTESIAN_POINT ( 'NONE',  ( 4.849050435389428593, 7.579101467955651650, 10.78355260778209868 ) ) ;
#2949 = CARTESIAN_POINT ( 'NONE',  ( -0.5362209270956503904, 9.218012765886715698, 53.35220209263978575 ) ) ;
#2950 = CARTESIAN_POINT ( 'NONE',  ( 1.069727821253855904, 10.59333696973387617, 49.39914632496545011 ) ) ;
#2951 = CARTESIAN_POINT ( 'NONE',  ( -0.2621970659964755201, 11.02498262339931223, 31.92477063953888106 ) ) ;
#2952 = CARTESIAN_POINT ( 'NONE',  ( 4.944053887356131938, 9.124747378320682500, 41.32731396966349990 ) ) ;
#2953 = CARTESIAN_POINT ( 'NONE',  ( -4.771567411874589659, 4.680611245404183940, 53.11778430173910692 ) ) ;
#2954 = CARTESIAN_POINT ( 'NONE',  ( 5.772591555654150497, 4.372460242488092064, 50.85146472533649131 ) ) ;
#2955 = CARTESIAN_POINT ( 'NONE',  ( -5.500000001129587979, 1.562500000000000000, 9.125556285705329174 ) ) ;
#2956 = CARTESIAN_POINT ( 'NONE',  ( 4.995106242607511682, 8.645623341073207513, 41.75540113598098912 ) ) ;
#2957 = CARTESIAN_POINT ( 'NONE',  ( 1.292947891256818416, 10.15164293278721530, 6.166308572380464703 ) ) ;
#2958 = CARTESIAN_POINT ( 'NONE',  ( 0.7321008163193387652, 11.08152448227771991, 41.75540113598098912 ) ) ;
#2959 = CARTESIAN_POINT ( 'NONE',  ( 5.527192276235227020, 2.844334988849177126, 37.29575355978587936 ) ) ;
#2960 = CARTESIAN_POINT ( 'NONE',  ( -5.077948341841493018, 3.584014973227695133, -5.102775535459840306 ) ) ;
#2961 = CARTESIAN_POINT ( 'NONE',  ( 0.2590965218300267936, 11.12826254061244136, 45.38286896378038193 ) ) ;
#2962 = CARTESIAN_POINT ( 'NONE',  ( -2.898050477370391231, 9.634445927544543764, 48.55497154797976123 ) ) ;
#2963 = CARTESIAN_POINT ( 'NONE',  ( 3.555790045481618478, 9.851845692694979562, 47.76908519380219786 ) ) ;
#2964 = CARTESIAN_POINT ( 'NONE',  ( -4.774485633802298068, 6.316522521512093036, 0.4191792732252451192 ) ) ;
#2965 = CARTESIAN_POINT ( 'NONE',  ( 5.664119954195484752, 5.741901321681259773, 50.00095869701146967 ) ) ;
#2966 = CARTESIAN_POINT ( 'NONE',  ( -4.049516634318123920, 1.927439295510642747, 56.16578204359921500 ) ) ;
#2967 = CARTESIAN_POINT ( 'NONE',  ( 0.06492829521894434575, 2.229596727257776578, 57.50000000000001421 ) ) ;
#2968 = CARTESIAN_POINT ( 'NONE',  ( 4.310050698532704949, 8.465377774273704858, 48.53444974000605328 ) ) ;
#2969 = CARTESIAN_POINT ( 'NONE',  ( 5.890769045585101615, 2.183704263130485046, 51.05705989195296013 ) ) ;
#2970 = CARTESIAN_POINT ( 'NONE',  ( 5.566623628168726690, 4.831913373355420482, 48.49340612405851658 ) ) ;
#2971 = CARTESIAN_POINT ( 'NONE',  ( 0.04869915396083382420, 10.49356151455860520, 51.01367348662220280 ) ) ;
#2972 = CARTESIAN_POINT ( 'NONE',  ( -0.007778147470242351147, 10.49404140444571887, 51.01310286201220379 ) ) ;
#2973 = CARTESIAN_POINT ( 'NONE',  ( -1.915073759462141201, 9.775624443516887752, 49.94232833818895756 ) ) ;
#2974 = CARTESIAN_POINT ( 'NONE',  ( 2.450592238610834528, 10.95195244737571727, 41.37355846342433097 ) ) ;
#2975 = CARTESIAN_POINT ( 'NONE',  ( -3.228586388457129974, 6.031820275509925722, -6.993508869262329064 ) ) ;
#2976 = ORIENTED_EDGE ( 'NONE', *, *, #2515, .F. ) ;
#2977 = CARTESIAN_POINT ( 'NONE',  ( -5.684427689185249655, 4.481888783212541583, 46.27197539397607073 ) ) ;
#2978 = DIRECTION ( 'NONE',  ( -0.000000000000000000, -0.000000000000000000, 1.000000000000000000 ) ) ;
#2979 = CARTESIAN_POINT ( 'NONE',  ( 0.3093565453721822123, 11.02400555190163800, 20.74933819770530263 ) ) ;
#2980 = CARTESIAN_POINT ( 'NONE',  ( 2.887136949206175807, 8.458280789371967145, -1.199248996482667362 ) ) ;
#2981 = AXIS2_PLACEMENT_3D ( 'NONE', #6317, #4973, #4363 ) ;
#2982 = CARTESIAN_POINT ( 'NONE',  ( 5.158211537569683536, 6.127911064042503853, 28.18644829971793087 ) ) ;
#2983 = CARTESIAN_POINT ( 'NONE',  ( 0.006926952063522636045, 10.83561484239469230, 48.59268361676159032 ) ) ;
#2984 = CARTESIAN_POINT ( 'NONE',  ( 5.500000000057401195, 1.562499999999998446, 31.92487956372521651 ) ) ;
#2985 = CARTESIAN_POINT ( 'NONE',  ( -1.218658875781675865, 9.043572718127601107, -1.782211744870858983 ) ) ;
#2986 = CARTESIAN_POINT ( 'NONE',  ( -3.301653432890620188, 8.850824178884693083, 50.26414128727538611 ) ) ;
#2987 = VERTEX_POINT ( 'NONE', #4852 ) ;
#2988 = CARTESIAN_POINT ( 'NONE',  ( 5.821281138145609546, 7.140483886426441273, 41.29834249063359408 ) ) ;
#2989 = AXIS2_PLACEMENT_3D ( 'NONE', #6253, #344, #2830 ) ;
#2990 = CARTESIAN_POINT ( 'NONE',  ( 2.212686644400032154, 11.02393838176553231, 41.45540113598099907 ) ) ;
#2991 = CARTESIAN_POINT ( 'NONE',  ( 0.02300244435613167313, 7.473905103619087775, -8.677150841494096767 ) ) ;
#2992 = CARTESIAN_POINT ( 'NONE',  ( 1.976479534610672273, 8.352019490060690998, -3.596278489831443270 ) ) ;
#2993 = CARTESIAN_POINT ( 'NONE',  ( 4.863628922793758136, 7.650960507213062201, 20.75017404601132398 ) ) ;
#2994 = CARTESIAN_POINT ( 'NONE',  ( -0.5669551134719199581, 9.523244132515928939, 0.4073487811594425634 ) ) ;
#2995 = CARTESIAN_POINT ( 'NONE',  ( 1.137167185546780424, 10.27754746977838174, 51.03457737351246237 ) ) ;
#2996 = CARTESIAN_POINT ( 'NONE',  ( 4.271291385306152932, 8.111796368254461598, 51.10231682831270206 ) ) ;
#2997 = CARTESIAN_POINT ( 'NONE',  ( -4.618570750073675235, 4.733492805277824012, -5.080583280961151971 ) ) ;
#2998 = DIRECTION ( 'NONE',  ( -0.000000000000000000, -0.000000000000000000, -1.000000000000000000 ) ) ;
#2999 = CARTESIAN_POINT ( 'NONE',  ( 2.010142925318905593, 9.937964294890369032, 50.95540067381251248 ) ) ;
#3000 = CARTESIAN_POINT ( 'NONE',  ( 5.895264572820662963, 1.561910437914896255, 50.94729596321945309 ) ) ;
#3001 = CARTESIAN_POINT ( 'NONE',  ( 5.476531600671687983, 3.484067860920051274, 4.153228399248895641 ) ) ;
#3002 = CARTESIAN_POINT ( 'NONE',  ( -2.372212262009318895, 2.247066686859366946, 57.23332024651097782 ) ) ;
#3003 = CARTESIAN_POINT ( 'NONE',  ( 0.2609346841839552678, 10.61308745639197326, 50.20316702872045767 ) ) ;
#3004 = CARTESIAN_POINT ( 'NONE',  ( -2.370032093627711056, 8.518081601461860330, 52.70447750610667725 ) ) ;
#3005 = CARTESIAN_POINT ( 'NONE',  ( 3.343958510429471342, 9.413488630020111714, 50.03891372122526349 ) ) ;
#3006 = CARTESIAN_POINT ( 'NONE',  ( -4.390434863775262819, 5.786411491722470934, -3.685868470681058273 ) ) ;
#3007 = CARTESIAN_POINT ( 'NONE',  ( 5.678554920169883502, 5.751446291620442963, 49.89365911998786629 ) ) ;
#3008 = CARTESIAN_POINT ( 'NONE',  ( -5.327899943985674014, 2.703515941428261016, -5.119419726333846121 ) ) ;
#3009 = CARTESIAN_POINT ( 'NONE',  ( 0.6162760753981226802, 10.94837973035649092, 18.26467122041692903 ) ) ;
#3010 = CARTESIAN_POINT ( 'NONE',  ( 3.605607872272533765, 6.924127201600038362, 53.12899789209981094 ) ) ;
#3011 = CARTESIAN_POINT ( 'NONE',  ( 5.887996880711730441, 2.403051033522340951, 51.05673329490954160 ) ) ;
#3012 = CARTESIAN_POINT ( 'NONE',  ( 5.425546673430518219, 4.962569637686928381, 34.88816611442430826 ) ) ;
#3013 = CARTESIAN_POINT ( 'NONE',  ( 0.05014050187169723921, 10.59432510247251003, 50.40464729872937966 ) ) ;
#3014 = CARTESIAN_POINT ( 'NONE',  ( -0.008530205109312790496, 11.13390547573605716, 45.38687714065228107 ) ) ;
#3015 = CARTESIAN_POINT ( 'NONE',  ( -1.528235875416854128, 7.908396881373038312, -5.816003921645712005 ) ) ;
#3016 = CARTESIAN_POINT ( 'NONE',  ( 2.391943111899453633, 9.823817336505090481, 50.65061159108788047 ) ) ;
#3017 = CARTESIAN_POINT ( 'NONE',  ( -4.935634553268152480, 8.286998326057593900, 39.76262269855079978 ) ) ;
#3018 = CARTESIAN_POINT ( 'NONE',  ( -5.282906163416543954, 4.222068816718826945, -0.1994097551089452081 ) ) ;
#3019 = CARTESIAN_POINT ( 'NONE',  ( -0.2904619263423283138, 10.98610652357274020, 36.13037313060294764 ) ) ;
#3020 = CARTESIAN_POINT ( 'NONE',  ( 5.534115605957157236, 2.292120664706418953, 45.42694742390816032 ) ) ;
#3021 = CARTESIAN_POINT ( 'NONE',  ( 0.2860446493520979461, 9.964035475596276115, 51.52681865075487622 ) ) ;
#3022 = CARTESIAN_POINT ( 'NONE',  ( 3.689631157037406517, 9.557954480838773748, 46.36333791435645679 ) ) ;
#3023 = CARTESIAN_POINT ( 'NONE',  ( 5.272511383026943221, 6.193774162091842506, 34.88799571307827563 ) ) ;
#3024 = CARTESIAN_POINT ( 'NONE',  ( 0.004169397841776382140, 11.31538816446241924, 41.39871590029000004 ) ) ;
#3025 = CARTESIAN_POINT ( 'NONE',  ( 5.491446679975057421, 1.562499999999998446, 51.24711331740023468 ) ) ;
#3026 = CARTESIAN_POINT ( 'NONE',  ( -1.578018474640220825, 10.82383523510145196, 37.31358630890157002 ) ) ;
#3027 = CARTESIAN_POINT ( 'NONE',  ( -1.493000672396031403, 4.522456912920455707, -13.03317555558131779 ) ) ;
#3028 = ORIENTED_EDGE ( 'NONE', *, *, #4059, .F. ) ;
#3029 = CARTESIAN_POINT ( 'NONE',  ( 5.461194239431820918, 6.215525780976495440, 50.44240961273015955 ) ) ;
#3030 = CARTESIAN_POINT ( 'NONE',  ( 6.010316495848254448, 6.031323400110998989, 41.45540113598095644 ) ) ;
#3031 = CARTESIAN_POINT ( 'NONE',  ( 0.02362860929747478966, 4.057255723315527085, 57.30183241824291684 ) ) ;
#3032 = CARTESIAN_POINT ( 'NONE',  ( 2.189320494067976686, 9.052146777505829078, -0.1932201592710154625 ) ) ;
#3033 = CARTESIAN_POINT ( 'NONE',  ( 4.810658291620887539, 7.497248805352490386, 7.849451118441522546 ) ) ;
#3034 = CARTESIAN_POINT ( 'NONE',  ( -0.4154652598130733621, 6.075156518816793749, 56.43392115689668742 ) ) ;
#3035 = CARTESIAN_POINT ( 'NONE',  ( 4.440615735102273476, 7.939741111126866535, 50.99629651923435603 ) ) ;
#3036 = CARTESIAN_POINT ( 'NONE',  ( -4.984705291363690449, 5.169163462615360416, -1.232272465519072879 ) ) ;
#3037 = CARTESIAN_POINT ( 'NONE',  ( 0.0002792790047325299676, 11.20947418528486850, 44.31039741914842267 ) ) ;
#3038 = CARTESIAN_POINT ( 'NONE',  ( 4.166354370656802253, 8.310391982023674018, 50.95540067381251248 ) ) ;
#3039 = DIRECTION ( 'NONE',  ( 0.000000000000000000, 0.000000000000000000, 1.000000000000000000 ) ) ;
#3040 = CARTESIAN_POINT ( 'NONE',  ( 5.504560506899667693, 2.258689985879082318, 9.124954226729977691 ) ) ;
#3041 = CARTESIAN_POINT ( 'NONE',  ( -0.3143707019983318918, 8.860375803649585436, -3.555378715965314740 ) ) ;
#3042 = CARTESIAN_POINT ( 'NONE',  ( 0.4145537508987718889, 10.61298921049935728, 50.10302247287246757 ) ) ;
#3043 = CARTESIAN_POINT ( 'NONE',  ( -2.673839586946255675, 8.822977424010929326, -0.1937506960571241110 ) ) ;
#3044 = CARTESIAN_POINT ( 'NONE',  ( 3.614793293242613448, 8.864003394936910141, 50.98841194566192314 ) ) ;
#3045 = CARTESIAN_POINT ( 'NONE',  ( -4.888978868757925866, 6.496740064390061242, 50.62960634544746341 ) ) ;
#3046 = CARTESIAN_POINT ( 'NONE',  ( 5.661869082144420418, 5.590561907225191973, 50.21411661431120876 ) ) ;
#3047 = CARTESIAN_POINT ( 'NONE',  ( -5.553115951026721397, 2.775572824379649806, 39.72962082921365123 ) ) ;
#3048 = EDGE_CURVE ( 'NONE', #2987, #4799, #931, .T. ) ;
#3049 = CARTESIAN_POINT ( 'NONE',  ( 0.6740879827969132876, 10.13181157822328693, 50.25780914012223377 ) ) ;
#3050 = CARTESIAN_POINT ( 'NONE',  ( 5.905614882789609332, 1.936779487032239455, 48.44082440234152642 ) ) ;
#3051 = CARTESIAN_POINT ( 'NONE',  ( 5.217543706000598469, 4.568315000046895058, -0.1990560639182067659 ) ) ;
#3052 = CARTESIAN_POINT ( 'NONE',  ( 0.06442973158459737448, 10.56256634603087718, 50.60747464037594057 ) ) ;
#3053 = CARTESIAN_POINT ( 'NONE',  ( -0.001321963813914188652, 10.51248801137058564, 50.91165074911165078 ) ) ;
#3054 = CARTESIAN_POINT ( 'NONE',  ( -0.6742360187557187023, 3.768186045836762865, 57.28591544905272315 ) ) ;
#3055 = CARTESIAN_POINT ( 'NONE',  ( 2.237528906622297864, 9.789112840236334989, 51.06370939834982181 ) ) ;
#3056 = CARTESIAN_POINT ( 'NONE',  ( -3.909965545804590104, 6.858123732346526502, 52.72561790161081774 ) ) ;
#3057 = CARTESIAN_POINT ( 'NONE',  ( 0.000000000000000000, 3.742782928143616239, -15.00000000000000000 ) ) ;
#3058 = CARTESIAN_POINT ( 'NONE',  ( -5.206643807934746349, 4.132111324128844743, -1.870489668339244238 ) ) ;
#3059 = CARTESIAN_POINT ( 'NONE',  ( -0.2837728534807723024, 10.99613841264963376, 34.88690230444104401 ) ) ;
#3060 = CARTESIAN_POINT ( 'NONE',  ( 5.520023046999126493, 2.076742019631001579, 44.64628932256626825 ) ) ;
#3061 = CARTESIAN_POINT ( 'NONE',  ( 0.3992121800203559112, 10.88663908222406818, 42.69135799632234551 ) ) ;
#3062 = CARTESIAN_POINT ( 'NONE',  ( 2.306932408419053449, 7.118756395499053369, -6.564804147594656136 ) ) ;
#3063 = CARTESIAN_POINT ( 'NONE',  ( 5.217791641013130644, 6.140264663333022455, 24.06958164668645139 ) ) ;
#3064 = CARTESIAN_POINT ( 'NONE',  ( 0.004455712804163283400, 10.66822957573982578, 49.89993144940102354 ) ) ;
#3065 = CARTESIAN_POINT ( 'NONE',  ( 5.499999682807224843, 1.562499999999999556, 6.224331497817406245 ) ) ;
#3066 = CARTESIAN_POINT ( 'NONE',  ( -1.063132744081736414, 7.749675051597559872, -6.993402345605136183 ) ) ;
#3067 = CARTESIAN_POINT ( 'NONE',  ( -2.070152273137022547, 4.814552573474075281, 56.34129128139391440 ) ) ;
#3068 = VERTEX_POINT ( 'NONE', #161 ) ;
#3069 = CARTESIAN_POINT ( 'NONE',  ( 5.382053355180829612, 6.312601643397840689, 50.66128210246507990 ) ) ;
#3070 = CARTESIAN_POINT ( 'NONE',  ( 5.981021037856084632, 6.307276075479525623, 41.45540113598099197 ) ) ;
#3071 = CARTESIAN_POINT ( 'NONE',  ( 0.08643703399412248911, 11.02815518675394379, 31.92476889675188190 ) ) ;
#3072 = CARTESIAN_POINT ( 'NONE',  ( 2.247004280776668583, 8.978629099803105973, 51.96968934876042567 ) ) ;
#3073 = CARTESIAN_POINT ( 'NONE',  ( 4.866273214866679631, 7.611706219311422217, 12.44600189392507694 ) ) ;
#3074 = CARTESIAN_POINT ( 'NONE',  ( -0.8887742057082522740, 10.35511986471422041, 48.57754553675076181 ) ) ;
#3075 = CARTESIAN_POINT ( 'NONE',  ( 4.758735902532194473, 8.341403341840910812, 48.98695311273220199 ) ) ;
#3076 = CARTESIAN_POINT ( 'NONE',  ( -4.888565827554212539, 5.050853777032166647, -2.489781521160403521 ) ) ;
#3077 = CARTESIAN_POINT ( 'NONE',  ( -4.498344780012899946, 1.562500000000000888, -9.915729425821449894 ) ) ;
#3078 = CARTESIAN_POINT ( 'NONE',  ( 1.354487001419855785, 10.03282847941114220, 50.95540067381245564 ) ) ;
#3079 = CARTESIAN_POINT ( 'NONE',  ( 5.930953710042446758, 3.185297656561632440, 49.35802207867860147 ) ) ;
#3080 = CARTESIAN_POINT ( 'NONE',  ( 5.338174195394718602, 2.153389231209178689, 52.97307745177566574 ) ) ;
#3081 = CARTESIAN_POINT ( 'NONE',  ( -0.4294445131606757782, 10.42431268235119646, 48.58267598874415683 ) ) ;
#3082 = CARTESIAN_POINT ( 'NONE',  ( 0.2994838296740712225, 11.21722046822144137, 43.78568774286232212 ) ) ;
#3083 = CARTESIAN_POINT ( 'NONE',  ( -1.884080047037840266, 7.430406506677446288, -6.562784552483202916 ) ) ;
#3084 = CARTESIAN_POINT ( 'NONE',  ( 3.965653149870176364, 8.512510825090320310, 50.99276276629816351 ) ) ;
#3085 = CARTESIAN_POINT ( 'NONE',  ( -3.719606694867322982, 5.383616595652076064, -6.993540826359458507 ) ) ;
#3086 = CARTESIAN_POINT ( 'NONE',  ( 5.704884281513339594, 5.617706263497013630, 49.89100861021818645 ) ) ;
#3087 = CARTESIAN_POINT ( 'NONE',  ( -5.411781771733806146, 2.163091093659609943, 52.48652607320714480 ) ) ;
#3088 = CARTESIAN_POINT ( 'NONE',  ( 0.9768646715596033259, 10.93117888612281519, 36.13019075620598386 ) ) ;
#3089 = CARTESIAN_POINT ( 'NONE',  ( 5.904785854047401195, 2.057458994770318128, 49.72365649144935418 ) ) ;
#3090 = CARTESIAN_POINT ( 'NONE',  ( 4.675242453197371084, 3.665263478881377601, -6.993615392919475759 ) ) ;
#3091 = CARTESIAN_POINT ( 'NONE',  ( 0.08646020168667076233, 10.92851054167890368, 47.78818493006376400 ) ) ;
#3092 = CARTESIAN_POINT ( 'NONE',  ( -0.0008735332314557993100, 10.52997066515646019, 50.81009295742086351 ) ) ;
#3093 = CARTESIAN_POINT ( 'NONE',  ( -1.576356180432750831, 8.136868181636691233, 54.10598270789397901 ) ) ;
#3094 = CARTESIAN_POINT ( 'NONE',  ( 2.719342418193446242, 10.80454834322015856, 42.95846732449258809 ) ) ;
#3095 = CARTESIAN_POINT ( 'NONE',  ( -1.462434383211648364E-15, 1.562500000000000000, -14.99999999999999822 ) ) ;
#3096 = CARTESIAN_POINT ( 'NONE',  ( 0.000000000000000000, 10.95835215409945818, 39.80070177855562008 ) ) ;
#3097 = CARTESIAN_POINT ( 'NONE',  ( 0.2999591220507836775, 11.06515853530437177, 42.86142520816061818 ) ) ;
#3098 = CARTESIAN_POINT ( 'NONE',  ( 0.3997448793072130857, 11.05590285761051383, 28.18492365603413319 ) ) ;
#3099 = CARTESIAN_POINT ( 'NONE',  ( 2.905455647627952498, 7.739562684021733752, -3.623545005742187186 ) ) ;
#3100 = CARTESIAN_POINT ( 'NONE',  ( 5.809251998821403085, 3.853834242945186173, 51.06705486300920427 ) ) ;
#3101 = CARTESIAN_POINT ( 'NONE',  ( 5.360889133725423861, 5.732796943079944363, 10.78222087109947225 ) ) ;
#3102 = CARTESIAN_POINT ( 'NONE',  ( 0.01134486828131095297, 11.00656318527913591, 46.98735915040311539 ) ) ;
#3103 = CARTESIAN_POINT ( 'NONE',  ( 4.498344780012899946, 1.562500000000000888, -9.915729425821449894 ) ) ;
#3104 = CARTESIAN_POINT ( 'NONE',  ( -1.094432245739366483, 8.966230958182457300, 53.34598964366832519 ) ) ;
#3105 = CARTESIAN_POINT ( 'NONE',  ( -4.091331965516446623, 9.572821640646919761, 42.63451776735675480 ) ) ;
#3106 = EDGE_LOOP ( 'NONE', ( #2976, #3149, #7496, #417 ) ) ;
#3107 = CARTESIAN_POINT ( 'NONE',  ( -0.02287873746470897585, 8.002448640152685755, -6.993360623839418366 ) ) ;
#3108 = CARTESIAN_POINT ( 'NONE',  ( 5.777343067511313990, 6.635089207219565743, 47.69727897969559649 ) ) ;
#3109 = CARTESIAN_POINT ( 'NONE',  ( 0.0007886371809988504747, 10.50443836887290949, 50.95539376141831411 ) ) ;
#3110 = CARTESIAN_POINT ( 'NONE',  ( 0.04871190459813935086, 9.320588524371814287, -1.175169383643617893 ) ) ;
#3111 = CARTESIAN_POINT ( 'NONE',  ( 2.613756678858159432, 10.01262757838045481, 9.118080720094750902 ) ) ;
#3112 = CARTESIAN_POINT ( 'NONE',  ( 1.046884682268491629, 9.193376309115620870, -1.184113239840977494 ) ) ;
#3113 = CARTESIAN_POINT ( 'NONE',  ( 4.806275653527999125, 6.891196687983671687, 50.26974023844239525 ) ) ;
#3114 = CARTESIAN_POINT ( 'NONE',  ( -0.8590639548583841600, 10.97451360914680052, 20.74942178253587954 ) ) ;
#3115 = CIRCLE ( 'NONE', #8520, 0.09999999999999947820 ) ;
#3116 = CARTESIAN_POINT ( 'NONE',  ( 4.913302438248415172, 7.737385165367557605, 49.92740044969412594 ) ) ;
#3117 = CARTESIAN_POINT ( 'NONE',  ( -5.335651918804883209, 5.562681574906892301, 24.06999431752289098 ) ) ;
#3118 = CARTESIAN_POINT ( 'NONE',  ( -5.444538363644698897, 1.562500000000000000, -5.141611980832545115 ) ) ;
#3119 = CARTESIAN_POINT ( 'NONE',  ( 1.186519927331314284, 10.27688882038698814, 50.95540067381245564 ) ) ;
#3120 = CARTESIAN_POINT ( 'NONE',  ( 5.956466794997801628, 2.697495873685870293, 46.98103364440862606 ) ) ;
#3121 = CARTESIAN_POINT ( 'NONE',  ( 5.493772423157406770, 2.186144402597022918, 0.4280985970863737666 ) ) ;
#3122 = CARTESIAN_POINT ( 'NONE',  ( -0.3506956730300935798, 9.847778674126439924, 51.93191972584062910 ) ) ;
#3123 = CARTESIAN_POINT ( 'NONE',  ( 0.4792215094548881171, 11.27965013478832645, 42.18957220155265020 ) ) ;
#3124 = CARTESIAN_POINT ( 'NONE',  ( -0.2006397397376933900, 8.334688851771616669, -5.801027016706503225 ) ) ;
#3125 = CARTESIAN_POINT ( 'NONE',  ( 3.948962792827331203, 8.944027359928419685, 49.93627625559644656 ) ) ;
#3126 = CARTESIAN_POINT ( 'NONE',  ( -3.052136099099354016, 4.672497071655512535, -9.972415120815686151 ) ) ;
#3127 = CARTESIAN_POINT ( 'NONE',  ( 6.010671023660650647, 5.925321852051969707, 41.28772250518068887 ) ) ;
#3128 = CARTESIAN_POINT ( 'NONE',  ( -5.314841310529034857, 2.149316244579127400, 53.10657071137834606 ) ) ;
#3129 = CARTESIAN_POINT ( 'NONE',  ( 0.8357418900716560017, 10.33409143446974809, 7.835539511904165977 ) ) ;
#3130 = CARTESIAN_POINT ( 'NONE',  ( 5.900401316146707487, 2.067499216890243297, 50.49382871781929794 ) ) ;
#3131 = CARTESIAN_POINT ( 'NONE',  ( 5.418871621568235319, 4.377111756248988073, 4.146214064415437051 ) ) ;
#3132 = CARTESIAN_POINT ( 'NONE',  ( 0.09486800324109684324, 11.26284964378842623, 42.99057342031088069 ) ) ;
#3133 = CARTESIAN_POINT ( 'NONE',  ( -0.0002558823189586751463, 11.29311398510252040, 42.19491164470700539 ) ) ;
#3134 = CARTESIAN_POINT ( 'NONE',  ( -2.253036793311610442, 10.38930140911785749, 12.45103506828482764 ) ) ;
#3135 = CARTESIAN_POINT ( 'NONE',  ( 2.982714880887621600, 10.69594346500394977, 42.95411042899670662 ) ) ;
#3136 = CARTESIAN_POINT ( 'NONE',  ( -4.953842292926948332, 8.134413421362612695, 46.33070844279183831 ) ) ;
#3137 = CARTESIAN_POINT ( 'NONE',  ( 0.000000000000000000, 9.558814624169587049, 0.4058002874335525645 ) ) ;
#3138 = LINE ( 'NONE', #3831, #1335 ) ;
#3139 = CARTESIAN_POINT ( 'NONE',  ( 0.4255466085397730525, 9.832151970938554086, 51.93351562540060939 ) ) ;
#3140 = CARTESIAN_POINT ( 'NONE',  ( 3.193563201894932924, 7.997582764813885525, 52.38200078897522616 ) ) ;
#3141 = ADVANCED_FACE ( 'NONE', ( #6157, #1531, #7499, #801 ), #3420, .T. ) ;
#3142 = CARTESIAN_POINT ( 'NONE',  ( 5.971882772076867241, 3.887772234780540348, 48.47651540477350807 ) ) ;
#3143 = CARTESIAN_POINT ( 'NONE',  ( 1.462434383211648364E-15, 1.562500000000000000, -14.99999999999999822 ) ) ;
#3144 = CARTESIAN_POINT ( 'NONE',  ( 0.009661495462043336729, 11.22384337222944950, 43.78961696766967293 ) ) ;
#3145 = CARTESIAN_POINT ( 'NONE',  ( -0.04398578484673385663, 10.54668700545754056, 50.70830057709075334 ) ) ;
#3146 = CARTESIAN_POINT ( 'NONE',  ( -1.190557423781945623, 9.426448233124620657, 52.34349147373198008 ) ) ;
#3147 = CARTESIAN_POINT ( 'NONE',  ( 1.200932153215793274, 10.56130436013462592, 49.40012173969154219 ) ) ;
#3148 = CARTESIAN_POINT ( 'NONE',  ( -3.386998979437758184, 8.043357169107627769, -1.204752907988735133 ) ) ;
#3149 = ORIENTED_EDGE ( 'NONE', *, *, #1000, .F. ) ;
#3150 = CARTESIAN_POINT ( 'NONE',  ( 5.400780549823315901, 6.326950909147015523, 50.55264832149871523 ) ) ;
#3151 = CARTESIAN_POINT ( 'NONE',  ( -0.0004801605989315180256, 10.62511874732516048, 50.20142046048960793 ) ) ;
#3152 = CARTESIAN_POINT ( 'NONE',  ( 0.1167183887631103728, 8.877622674999374297, -3.549535891127296505 ) ) ;
#3153 = CARTESIAN_POINT ( 'NONE',  ( 2.310377808337342742, 8.653086089755293031, -1.796189082753357091 ) ) ;
#3154 = CARTESIAN_POINT ( 'NONE',  ( 1.545395269202336719, 10.74534173019837446, 15.74485652316475104 ) ) ;
#3155 = EDGE_CURVE ( 'NONE', #754, #4024, #199, .T. ) ;
#3156 = CARTESIAN_POINT ( 'NONE',  ( 5.422518349920544267, 7.034651144229382425, 46.31113075985357597 ) ) ;
#3157 = CARTESIAN_POINT ( 'NONE',  ( -0.8223896570166514541, 11.02490984550498787, 24.06597077686748065 ) ) ;
#3158 = CARTESIAN_POINT ( 'NONE',  ( -0.2272103256468098742, 9.311423559800015681, -1.177233350458393835 ) ) ;
#3159 = CARTESIAN_POINT ( 'NONE',  ( 4.723008484251516315, 7.528699343046692860, 50.99673572511846231 ) ) ;
#3160 = CARTESIAN_POINT ( 'NONE',  ( -5.117693738964283590, 4.884369533540638741, -0.6129413017577521883 ) ) ;
#3161 = DIRECTION ( 'NONE',  ( 0.000000000000000000, -1.000000000000000000, 0.000000000000000000 ) ) ;
#3162 = CARTESIAN_POINT ( 'NONE',  ( 4.879148407640130358, 7.275208444675374864, 50.95540067381246985 ) ) ;
#3163 = CARTESIAN_POINT ( 'NONE',  ( 1.790238652713340484, 8.999954503226062386, -1.189617151347046153 ) ) ;
#3164 = CARTESIAN_POINT ( 'NONE',  ( 2.918878927189103134, 5.594121749310642322, -8.636156064010743094 ) ) ;
#3165 =( NAMED_UNIT ( * ) SI_UNIT ( $, .STERADIAN. ) SOLID_ANGLE_UNIT ( ) );
#3166 = CARTESIAN_POINT ( 'NONE',  ( 5.502785570985738950, 2.226859317897658563, 34.88856371756511976 ) ) ;
#3167 = CARTESIAN_POINT ( 'NONE',  ( -0.3395261236979082442, 9.730816409428303615, 52.32836281417207402 ) ) ;
#3168 = CARTESIAN_POINT ( 'NONE',  ( 0.4231533653634597103, 10.71371570972433496, 49.39580942056003465 ) ) ;
#3169 = CARTESIAN_POINT ( 'NONE',  ( 4.299920101732062072, 9.547846278956601651, 46.13386926550491296 ) ) ;
#3170 = CARTESIAN_POINT ( 'NONE',  ( -4.402243324561153415, 5.579971900293227094, 53.12198939812429188 ) ) ;
#3171 = CARTESIAN_POINT ( 'NONE',  ( 6.074933105706662673, 5.572424227844304134, 45.23321146246598090 ) ) ;
#3172 = CARTESIAN_POINT ( 'NONE',  ( -5.500080401375888606, 1.806849539916832503, 33.64102588275947880 ) ) ;
#3173 = CARTESIAN_POINT ( 'NONE',  ( 0.5576370479022727533, 9.433699715461635549, -0.1916580231785860178 ) ) ;
#3174 = CARTESIAN_POINT ( 'NONE',  ( 5.915311532069630118, 1.989013926570845747, 44.37927119598699477 ) ) ;
#3175 = CARTESIAN_POINT ( 'NONE',  ( 2.372212262009318895, 2.247066686859366946, 57.23332024651097782 ) ) ;
#3176 = CARTESIAN_POINT ( 'NONE',  ( 0.09587637490483770508, 10.65244967847754509, 50.00066957463872086 ) ) ;
#3177 = CARTESIAN_POINT ( 'NONE',  ( 3.567765633208987039E-05, 10.61018188912644078, 50.30326125034842022 ) ) ;
#3178 = B_SPLINE_CURVE_WITH_KNOTS ( 'NONE', 3,
 ( #2696, #3225, #6477, #1130 ),
 .UNSPECIFIED., .F., .F.,
 ( 4, 4 ),
 ( 7.156710543876039846E-16, 1.038301242998322487E-06 ),
 .UNSPECIFIED. ) ;
#3179 = CARTESIAN_POINT ( 'NONE',  ( -1.403889689815438935, 6.945877905974597866, -8.659721924120924896 ) ) ;
#3180 = CARTESIAN_POINT ( 'NONE',  ( 2.679522765653914451, 9.832524524990423842, 50.03231210679466301 ) ) ;
#3181 = CARTESIAN_POINT ( 'NONE',  ( -4.002391659584028538, 6.482790133066767879, 52.96820635551508616 ) ) ;
#3182 = CARTESIAN_POINT ( 'NONE',  ( -0.1986077668141152108, 9.754881611291640553, 52.32561214879755340 ) ) ;
#3183 = DIRECTION ( 'NONE',  ( -1.000000000000000000, -0.000000000000000000, 3.450755528294924588E-15 ) ) ;
#3184 = CARTESIAN_POINT ( 'NONE',  ( 0.04582159009394026067, 2.235029698320536440, 57.50000000000001421 ) ) ;
#3185 = CARTESIAN_POINT ( 'NONE',  ( 3.052045898444674776, 7.724410739443701601, 52.96646667827902633 ) ) ;
#3186 = CARTESIAN_POINT ( 'NONE',  ( 6.062103963485220959, 3.899729486187641037, 45.20538381936795247 ) ) ;
#3187 = CARTESIAN_POINT ( 'NONE',  ( 5.368227340457356611, 5.820256719396887490, 15.73579967244027245 ) ) ;
#3188 = CARTESIAN_POINT ( 'NONE',  ( 0.01040244036308482153, 10.73767918812132649, 49.39659090968333288 ) ) ;
#3189 = CARTESIAN_POINT ( 'NONE',  ( -0.07238328566296393929, 11.22383586216938234, 43.79085001294525625 ) ) ;
#3190 = CARTESIAN_POINT ( 'NONE',  ( -2.098488812743535728E-32, 1.562500000000000000, 57.50000000000000000 ) ) ;
#3191 = CARTESIAN_POINT ( 'NONE',  ( 1.409981721044613501, 10.84337462980414202, 46.97489324017820422 ) ) ;
#3192 = CARTESIAN_POINT ( 'NONE',  ( -2.843170380421105037, 6.959183763723757465, -5.833345601049028772 ) ) ;
#3193 = CARTESIAN_POINT ( 'NONE',  ( -0.01789111302436675530, 9.779458183928113613, 2.014387428407732550 ) ) ;
#3194 = CARTESIAN_POINT ( 'NONE',  ( 5.488333444637649272, 6.394840498776634519, 50.01335892990819332 ) ) ;
#3195 = CARTESIAN_POINT ( 'NONE',  ( -0.0001026129707052827691, 10.61397729194759165, 50.27659502241623102 ) ) ;
#3196 = CARTESIAN_POINT ( 'NONE',  ( 0.1264281041659604532, 9.634434357104781910, 52.68182708235207912 ) ) ;
#3197 = CARTESIAN_POINT ( 'NONE',  ( 2.566056594524301016, 9.581000037429403093, 4.095610648831208955 ) ) ;
#3198 = CARTESIAN_POINT ( 'NONE',  ( 0.7869023846210981832, 6.750818281677584132, -10.02343224631049878 ) ) ;
#3199 = CARTESIAN_POINT ( 'NONE',  ( 4.243523069711580220, 6.063537611173084763, -3.678078037563697666 ) ) ;
#3200 = CARTESIAN_POINT ( 'NONE',  ( -0.6853382866048713939, 9.153573997592353351, -1.775590900610732659 ) ) ;
#3201 = CARTESIAN_POINT ( 'NONE',  ( -0.2336642563666452566, 9.105375635596910655, -2.361631629011997635 ) ) ;
#3202 = CARTESIAN_POINT ( 'NONE',  ( 5.115691361113176683, 8.889300106207249641, 42.11243427015083540 ) ) ;
#3203 = CARTESIAN_POINT ( 'NONE',  ( -5.217857957370452660, 4.606453304860764320, 51.65892157910127480 ) ) ;
#3204 = CARTESIAN_POINT ( 'NONE',  ( 1.354487001419855785, 10.03282847941114220, 50.65540067381245848 ) ) ;
#3205 = CARTESIAN_POINT ( 'NONE',  ( 4.690530284711195819, 7.592906985318812474, 50.95540067381243432 ) ) ;
#3206 = CARTESIAN_POINT ( 'NONE',  ( 2.099514966053977361, 10.58939373507589465, 15.74405738927729104 ) ) ;
#3207 = CARTESIAN_POINT ( 'NONE',  ( 0.4711973030153819297, 1.975724630817756067, 57.50000000000001421 ) ) ;
#3208 = APPLICATION_PROTOCOL_DEFINITION ( 'draft international standard', 'automotive_design', 1998, #4044 ) ;
#3209 = CARTESIAN_POINT ( 'NONE',  ( 5.499574284565924565, 3.033168496628881883, 24.07164500086874526 ) ) ;
#3210 = CARTESIAN_POINT ( 'NONE',  ( -0.2975830029817939648, 9.205619597858893499, -1.770073530393959205 ) ) ;
#3211 = CARTESIAN_POINT ( 'NONE',  ( 0.3269101019035552391, 11.12511269406911296, 45.38194890593528186 ) ) ;
#3212 = CARTESIAN_POINT ( 'NONE',  ( 4.126752132480412172, 8.758839122218269324, 49.93562619380517020 ) ) ;
#3213 = CARTESIAN_POINT ( 'NONE',  ( -5.075268099682924472, 6.204921065871301877, 50.27133993877577467 ) ) ;
#3214 = CARTESIAN_POINT ( 'NONE',  ( 6.065211093314411883, 5.726387152737582475, 45.23594352358131232 ) ) ;
#3215 = CARTESIAN_POINT ( 'NONE',  ( -5.479422567036664304, 2.151003861693127295, -3.779353668089352247 ) ) ;
#3216 = CARTESIAN_POINT ( 'NONE',  ( 0.8187967722828833894, 10.09800682940477579, 50.25814241102505520 ) ) ;
#3217 = CARTESIAN_POINT ( 'NONE',  ( 5.919565033693777956, 2.122836330081295575, 46.78374549501277357 ) ) ;
#3218 = CARTESIAN_POINT ( 'NONE',  ( 5.385386452704353566, 3.915769639166696958, 51.21727155526674835 ) ) ;
#3219 = CARTESIAN_POINT ( 'NONE',  ( 0.08140907216969073268, 10.68102121750622580, 49.79914082490650173 ) ) ;
#3220 = CARTESIAN_POINT ( 'NONE',  ( -0.0001899519987807016155, 11.26365225416513205, 42.99179843633423559 ) ) ;
#3221 = CARTESIAN_POINT ( 'NONE',  ( -1.894734093404379927, 8.699824826694714019, 52.96490096876669895 ) ) ;
#3222 = CARTESIAN_POINT ( 'NONE',  ( 2.651890088332123696, 9.764791035254576812, 50.34310012378628585 ) ) ;
#3223 = CARTESIAN_POINT ( 'NONE',  ( -4.732731550758146000, 8.027319621235173841, 15.73899620799006094 ) ) ;
#3224 = CARTESIAN_POINT ( 'NONE',  ( 1.902337851257760004, 10.41459061096710315, 10.78648242848388250 ) ) ;
#3225 = CARTESIAN_POINT ( 'NONE',  ( -2.725196578649256523E-05, 10.50443861630662568, 50.95540067381244853 ) ) ;
#3226 = CARTESIAN_POINT ( 'NONE',  ( 0.1152353440478886132, 3.709792333946678511, -15.00000000000000000 ) ) ;
#3227 = CARTESIAN_POINT ( 'NONE',  ( 3.964530572058258873, 9.508348736985196226, 37.30838509040935236 ) ) ;
#3228 = CARTESIAN_POINT ( 'NONE',  ( 5.967115165328194415, 3.619292238803158313, 48.47132316364972837 ) ) ;
#3229 = CARTESIAN_POINT ( 'NONE',  ( 3.203144455056813555, 3.505062589208588264, 56.25353666249658602 ) ) ;
#3230 = CARTESIAN_POINT ( 'NONE',  ( 0.01328345484403316290, 10.59474430906900366, 50.40452409987292981 ) ) ;
#3231 = CARTESIAN_POINT ( 'NONE',  ( -0.04362630263550691667, 10.51248329886505672, 50.91123262275281292 ) ) ;
#3232 = CARTESIAN_POINT ( 'NONE',  ( -1.667513007448199192, 10.83567544184800546, 24.06638344770400195 ) ) ;
#3233 = CARTESIAN_POINT ( 'NONE',  ( 1.312278033616949946, 10.44125217346186396, 49.91023984479767250 ) ) ;
#3234 = CARTESIAN_POINT ( 'NONE',  ( -3.951952855216422034, 8.514661022676138558, 4.110140342414801751 ) ) ;
#3235 = CARTESIAN_POINT ( 'NONE',  ( -0.02740184777632840088, 11.01917277234409553, 20.74928711808660253 ) ) ;
#3236 = CARTESIAN_POINT ( 'NONE',  ( 5.963726827387959339, 6.663544769789189637, 44.45319155640368081 ) ) ;
#3237 = CARTESIAN_POINT ( 'NONE',  ( -0.0007641521730795577776, 10.62511868236843426, 50.20142068722245909 ) ) ;
#3238 = CARTESIAN_POINT ( 'NONE',  ( 0.06605552512227441664, 8.342466396916877969, -5.799450500397111519 ) ) ;
#3239 = CARTESIAN_POINT ( 'NONE',  ( 2.697932974336608059, 10.32799767250889822, 15.74316946273563111 ) ) ;
#3240 = CARTESIAN_POINT ( 'NONE',  ( 1.569418349279431579, 10.48999838068781720, 10.78674877582042413 ) ) ;
#3241 = CARTESIAN_POINT ( 'NONE',  ( 4.167665934787560644, 5.954670111350996109, -4.271400284153662241 ) ) ;
#3242 = CARTESIAN_POINT ( 'NONE',  ( -1.060042834842273907, 10.94220633149839550, 20.74944964414612514 ) ) ;
#3243 = CARTESIAN_POINT ( 'NONE',  ( -3.154845014152032778, 9.242691114819637122, 4.101121911914641593 ) ) ;
#3244 = ORIENTED_EDGE ( 'NONE', *, *, #5433, .T. ) ;
#3245 = CARTESIAN_POINT ( 'NONE',  ( 5.137164205662099192, 8.406485612600786084, 46.91768990968704145 ) ) ;
#3246 = AXIS2_PLACEMENT_3D ( 'NONE', #4507, #3851, #6499 ) ;
#3247 = CARTESIAN_POINT ( 'NONE',  ( -3.435987065738232538, 3.176004633862337556, 56.23403563607486433 ) ) ;
#3248 = CARTESIAN_POINT ( 'NONE',  ( 5.553711484975949908, 5.516963619013539599, 50.95540067381244853 ) ) ;
#3249 = CARTESIAN_POINT ( 'NONE',  ( 1.438518880035371650, 7.554027054169616839, -6.993418324153716448 ) ) ;
#3250 = CARTESIAN_POINT ( 'NONE',  ( 3.920234630766607165, 7.382425241327273291, 52.01331060340026369 ) ) ;
#3251 = AXIS2_PLACEMENT_3D ( 'NONE', #2859, #2090, #3462 ) ;
#3252 = EDGE_CURVE ( 'NONE', #4414, #1048, #7411, .T. ) ;
#3253 = CARTESIAN_POINT ( 'NONE',  ( 3.300254250029170500, 1.864642852717213861, -12.96459115910997184 ) ) ;
#3254 = CARTESIAN_POINT ( 'NONE',  ( -2.098488812743535728E-32, 1.562500000000000000, 57.50000000000000000 ) ) ;
#3255 = CARTESIAN_POINT ( 'NONE',  ( 0.8679020448713261615, 11.01104502809878660, 46.17689559026874946 ) ) ;
#3256 = CARTESIAN_POINT ( 'NONE',  ( -0.2039754602137669182, 8.121483104532906339, -6.555715969593125969 ) ) ;
#3257 = CARTESIAN_POINT ( 'NONE',  ( 4.248858071294543848, 8.948669646504898267, 48.99578779170007437 ) ) ;
#3258 = CARTESIAN_POINT ( 'NONE',  ( -5.141797963993548493, 6.485932266989739681, 24.06937531126828134 ) ) ;
#3259 = CARTESIAN_POINT ( 'NONE',  ( 5.700243316426433005, 5.318350260740033697, 50.31775861158151031 ) ) ;
#3260 = CARTESIAN_POINT ( 'NONE',  ( -5.499011604705792422, 1.753213690389398671, 50.65687118017356028 ) ) ;
#3261 = CARTESIAN_POINT ( 'NONE',  ( 1.045768280592029198, 10.54521125466062337, 10.78714829682520460 ) ) ;
#3262 = CARTESIAN_POINT ( 'NONE',  ( 5.899070802619364784, 1.657017370866868067, 50.49389769508154302 ) ) ;
#3263 = B_SPLINE_CURVE_WITH_KNOTS ( 'NONE', 3,
 ( #22, #7144, #3759, #3885, #1222, #6408, #6490, #3282, #5895, #3928 ),
 .UNSPECIFIED., .F., .F.,
 ( 4, 1, 1, 1, 1, 1, 1, 4 ),
 ( 0.7395739732977206771, 0.7656250000000000000, 0.7968750000000000000, 0.8437500000000000000, 0.8467649924747364665, 0.8476562500000000000, 0.8554687500000000000, 0.8587274708390040256 ),
 .UNSPECIFIED. ) ;
#3264 = CARTESIAN_POINT ( 'NONE',  ( 5.237125257174685800, 4.168735206917994596, -1.240528332778173537 ) ) ;
#3265 = CARTESIAN_POINT ( 'NONE',  ( 0.08004111654934756293, 10.60900170310422652, 50.30346526792303763 ) ) ;
#3266 = CARTESIAN_POINT ( 'NONE',  ( 0.0002677528414280265999, 10.92939621342435430, 47.78927820325140630 ) ) ;
#3267 = CARTESIAN_POINT ( 'NONE',  ( -1.257106030759663540, 6.443409222180001450, -10.01398463047812726 ) ) ;
#3268 = CARTESIAN_POINT ( 'NONE',  ( 2.851028649540533699, 10.75024590411205416, 42.95628887674463670 ) ) ;
#3269 = CARTESIAN_POINT ( 'NONE',  ( -4.976300628101624213, 7.846336238359553406, 37.30466993434373535 ) ) ;
#3270 = CARTESIAN_POINT ( 'NONE',  ( 1.645736940039192353, 9.231802420236924434, -0.1926896224849075079 ) ) ;
#3271 = CARTESIAN_POINT ( 'NONE',  ( 0.3294420273159088253, 9.769502601704322942, 2.017849171901695993 ) ) ;
#3272 = CARTESIAN_POINT ( 'NONE',  ( 2.843170380421105037, 6.959183763723757465, -5.833345601049028772 ) ) ;
#3273 = CARTESIAN_POINT ( 'NONE',  ( 5.932680577496984853, 3.617190969414842083, 49.31519113291109591 ) ) ;
#3274 = CARTESIAN_POINT ( 'NONE',  ( 0.6268111114911776305, 1.846419005932094626, 57.50000000000001421 ) ) ;
#3275 = CARTESIAN_POINT ( 'NONE',  ( 0.009321113275243379098, 11.00656839482277327, 46.98738866094478794 ) ) ;
#3276 = FACE_OUTER_BOUND ( 'NONE', #373, .T. ) ;
#3277 = CARTESIAN_POINT ( 'NONE',  ( -1.507646195281876489, 9.801805347304833660, 50.60200070028727737 ) ) ;
#3278 = CARTESIAN_POINT ( 'NONE',  ( 1.583831506911592912, 10.96193182330345017, 45.36829245721346382 ) ) ;
#3279 = CARTESIAN_POINT ( 'NONE',  ( -3.166147704473584845, 6.973102782250120590, -5.030650708339089228 ) ) ;
#3280 = CARTESIAN_POINT ( 'NONE',  ( -0.08247169449645726236, 10.44794006076905291, 48.58678035033896947 ) ) ;
#3281 = CARTESIAN_POINT ( 'NONE',  ( 5.552245511727695870, 5.971757010468235372, 50.32955349098666176 ) ) ;
#3282 = CARTESIAN_POINT ( 'NONE',  ( 0.000000000000000000, 10.16488329393856738, 50.57551139045666844 ) ) ;
#3283 = CARTESIAN_POINT ( 'NONE',  ( 0.1038937905963296104, 9.470413768442870861, -0.1910980121265827558 ) ) ;
#3284 = CARTESIAN_POINT ( 'NONE',  ( 2.555459178326960679, 8.939429707497007271, 51.56885140068337847 ) ) ;
#3285 = CARTESIAN_POINT ( 'NONE',  ( 1.405893937937498839, 9.919032122109307181, 4.086091194414373184 ) ) ;
#3286 = CARTESIAN_POINT ( 'NONE',  ( 4.785008857207858846, 6.399373845740701228, 51.18742979313329045 ) ) ;
#3287 = CARTESIAN_POINT ( 'NONE',  ( -0.7983921241375675493, 9.113123479086160827, 53.34923092139253242 ) ) ;
#3288 = CARTESIAN_POINT ( 'NONE',  ( -2.098488812743535728E-32, 1.562500000000000000, 57.50000000000000000 ) ) ;
#3289 = CARTESIAN_POINT ( 'NONE',  ( 5.012147412372940813, 7.130498379569151446, 50.77907848949016767 ) ) ;
#3290 = CARTESIAN_POINT ( 'NONE',  ( -5.062987193298307709, 4.507850741174711295, 52.44801675796373530 ) ) ;
#3291 = CARTESIAN_POINT ( 'NONE',  ( 4.929263066388342551, 7.182838479970902412, 50.95540067381247695 ) ) ;
#3292 = CARTESIAN_POINT ( 'NONE',  ( 2.211431684950877052, 10.60415314132737663, 42.66577989328779807 ) ) ;
#3293 = CARTESIAN_POINT ( 'NONE',  ( 4.484419131476981235, 8.211039188985806092, 9.120137754927172935 ) ) ;
#3294 = CARTESIAN_POINT ( 'NONE',  ( 5.380459380991920781, 1.740423166339563066, -5.897457264297568891 ) ) ;
#3295 = CARTESIAN_POINT ( 'NONE',  ( -0.3678449566033425433, 9.298551115253500754, -1.178609328334911721 ) ) ;
#3296 = CARTESIAN_POINT ( 'NONE',  ( 0.7400365334446582510, 11.09343744668026766, 45.37692827939970641 ) ) ;
#3297 = CARTESIAN_POINT ( 'NONE',  ( 4.690866452174576651, 9.462129122847546370, 42.12438990953155837 ) ) ;
#3298 = CARTESIAN_POINT ( 'NONE',  ( -4.081417147462460093, 5.389631986384722850, -5.855416829380482469 ) ) ;
#3299 = CARTESIAN_POINT ( 'NONE',  ( 6.017498133736597588, 5.519766656525789905, 46.85109038163530926 ) ) ;
#3300 = CARTESIAN_POINT ( 'NONE',  ( -5.189478462510496826, 2.073366458791267242, -6.993679307113783494 ) ) ;
#3301 = CARTESIAN_POINT ( 'NONE',  ( 0.6803123710352474429, 8.028769866404447342, -6.557643764926782914 ) ) ;
#3302 = CARTESIAN_POINT ( 'NONE',  ( 5.898767090855484341, 1.756736337868512576, 50.60603669485013256 ) ) ;
#3303 = CARTESIAN_POINT ( 'NONE',  ( 5.448446809995272311, 3.992094278004329588, 4.149220207915485403 ) ) ;
#3304 = CARTESIAN_POINT ( 'NONE',  ( 0.1265890244013370414, 11.18258975788308973, 44.58582276931173993 ) ) ;
#3305 = CARTESIAN_POINT ( 'NONE',  ( 0.0008180357817360789157, 11.31538927197377831, 41.39874825840687578 ) ) ;
#3306 = CARTESIAN_POINT ( 'NONE',  ( -0.4399477951187530378, 3.470990381732955488, -14.99999999999999645 ) ) ;
#3307 = CARTESIAN_POINT ( 'NONE',  ( 3.008027527174252036, 10.30113070338914483, 46.96316788920745466 ) ) ;
#3308 = CARTESIAN_POINT ( 'NONE',  ( -4.179404088888389879, 6.705475339806258539, 52.40950744272055317 ) ) ;
#3309 = CARTESIAN_POINT ( 'NONE',  ( 1.637828420071759883, 9.611984865102877862, 51.13200937774254129 ) ) ;
#3310 = CARTESIAN_POINT ( 'NONE',  ( 0.4842401901534250097, 10.21658184420989457, 49.94304093438854153 ) ) ;
#3311 = CARTESIAN_POINT ( 'NONE',  ( 3.761740935623769211, 8.287626853510230873, 50.61733716982078590 ) ) ;
#3312 = CARTESIAN_POINT ( 'NONE',  ( 5.863649598420820119, 3.355297595775595276, 50.83846787208717899 ) ) ;
#3313 = CARTESIAN_POINT ( 'NONE',  ( 5.291434022461428910, 5.066190041057144100, 50.63778579586529816 ) ) ;
#3314 = CARTESIAN_POINT ( 'NONE',  ( 0.01730176446804624832, 10.63948977206734270, 50.10146252098228103 ) ) ;
#3315 = CARTESIAN_POINT ( 'NONE',  ( -0.05799829935506930351, 11.29310168792766511, 42.19562626760578894 ) ) ;
#3316 = CARTESIAN_POINT ( 'NONE',  ( -1.801649997111035351, 10.76436280465327044, 39.78927805455426636 ) ) ;
#3317 = CARTESIAN_POINT ( 'NONE',  ( 1.182470300749777659, 10.48006947494485885, 49.90851374504714499 ) ) ;
#3318 = CARTESIAN_POINT ( 'NONE',  ( -2.204649184633665548, 4.677407824061623920, 56.33154076818303935 ) ) ;
#3319 = CARTESIAN_POINT ( 'NONE',  ( -0.07547877036002421935, 6.179816552108036376, 56.45342218331835227 ) ) ;
#3320 = CARTESIAN_POINT ( 'NONE',  ( 5.500959273709753461, 5.785473222565664209, 50.87229718079031215 ) ) ;
#3321 = CARTESIAN_POINT ( 'NONE',  ( -2.725027926012045862E-05, 10.91363032052776383, 41.45540106260575897 ) ) ;
#3322 = CARTESIAN_POINT ( 'NONE',  ( 0.1276157795900978165, 8.554255424939031016, -4.966847976655369479 ) ) ;
#3323 = CARTESIAN_POINT ( 'NONE',  ( 2.634820255388939714, 8.302706185652350968, 52.70749756260721597 ) ) ;
#3324 = CARTESIAN_POINT ( 'NONE',  ( 1.292254852895379891, 9.764141131583338407, 51.12774626886638885 ) ) ;
#3325 = CARTESIAN_POINT ( 'NONE',  ( 5.095611414040857490, 6.865297735787810218, 20.75028549245210030 ) ) ;
#3326 = CARTESIAN_POINT ( 'NONE',  ( -1.171119622210895939, 10.31768726259040925, 7.836455845268885945 ) ) ;
#3327 = CARTESIAN_POINT ( 'NONE',  ( -2.605873391716433396, 8.638539065272322404, -1.196497040729630035 ) ) ;
#3328 = ORIENTED_EDGE ( 'NONE', *, *, #533, .T. ) ;
#3329 = CARTESIAN_POINT ( 'NONE',  ( 5.032606549337942603, 7.150156474285846997, 50.67112388506425447 ) ) ;
#3330 = CARTESIAN_POINT ( 'NONE',  ( -5.490018607267235673, 4.524664735021016959, 36.12795015647229491 ) ) ;
#3331 = DIRECTION ( 'NONE',  ( 1.000000000000000000, 0.000000000000000000, 0.000000000000000000 ) ) ;
#3332 = CARTESIAN_POINT ( 'NONE',  ( 0.000000000000000000, 11.02787763722878012, 31.92476802535837876 ) ) ;
#3333 = CARTESIAN_POINT ( 'NONE',  ( 0.6742360187557187023, 3.768186045836762865, 57.28591544905272315 ) ) ;
#3334 = CARTESIAN_POINT ( 'NONE',  ( 4.006536849481155294, 6.983697220906793568, 52.40400611197141245 ) ) ;
#3335 = CARTESIAN_POINT ( 'NONE',  ( 5.284730152528315017, 1.734093100480623928, -6.589406488043193733 ) ) ;
#3336 = CARTESIAN_POINT ( 'NONE',  ( -0.4075396256886821833, 7.963333356010490860, -6.993375714690855283 ) ) ;
#3337 = CARTESIAN_POINT ( 'NONE',  ( 0.7884161475903673777, 10.53019878229959083, 50.20842245190931408 ) ) ;
#3338 = CARTESIAN_POINT ( 'NONE',  ( 4.203973636091862254, 8.430876309129356372, 50.56883703182526801 ) ) ;
#3339 = CARTESIAN_POINT ( 'NONE',  ( -4.894089874580668464, 5.985306718783811597, 0.4199225502136721966 ) ) ;
#3340 = CARTESIAN_POINT ( 'NONE',  ( 5.907511647027177126, 4.992850992544985544, 48.91825960720847633 ) ) ;
#3341 = CARTESIAN_POINT ( 'NONE',  ( -5.499174689765562896, 1.709172394663232231, 42.51894263512657091 ) ) ;
#3342 = CARTESIAN_POINT ( 'NONE',  ( 1.026781717413393968, 9.964673919597997198, 4.083085050914310621 ) ) ;
#3343 = CARTESIAN_POINT ( 'NONE',  ( 5.900996189649363011, 1.735325290756909666, 47.59461192110254757 ) ) ;
#3344 = CARTESIAN_POINT ( 'NONE',  ( 5.147692357776594285, 3.647559305806600705, -4.328981076404828876 ) ) ;
#3345 = CARTESIAN_POINT ( 'NONE',  ( 0.1279748921725713251, 11.22239679641579890, 43.78797522834048550 ) ) ;
#3346 = CARTESIAN_POINT ( 'NONE',  ( 0.0009107349188659341448, 11.26365238272991576, 42.99178434408978688 ) ) ;
#3347 = CARTESIAN_POINT ( 'NONE',  ( -2.711903448118352600, 10.38807854833772382, 33.64199711006648386 ) ) ;
#3348 = CARTESIAN_POINT ( 'NONE',  ( 3.162375724840859714, 10.32623144763644518, 46.15484124697409385 ) ) ;
#3349 = CARTESIAN_POINT ( 'NONE',  ( -0.4971943731619161699, 1.955185284253352584, 57.50000000000001421 ) ) ;
#3350 = CARTESIAN_POINT ( 'NONE',  ( 1.866741871084759197, 10.20895452725999419, 7.838455118064685756 ) ) ;
#3351 = CARTESIAN_POINT ( 'NONE',  ( 0.3724239832195354594, 9.452602710391881047, -0.1914517033173217253 ) ) ;
#3352 = CARTESIAN_POINT ( 'NONE',  ( 2.395944582118920252, 6.135718723550886544, -8.644993261552070152 ) ) ;
#3353 = CARTESIAN_POINT ( 'NONE',  ( 5.953034640323321192, 3.090724577129011941, 48.46122738079717607 ) ) ;
#3354 = CARTESIAN_POINT ( 'NONE',  ( 4.972077920060113954, 4.843688470618269903, 52.44251542721475090 ) ) ;
#3355 = CARTESIAN_POINT ( 'NONE',  ( -5.337110976917014860, 3.891155373177180188, 51.67093093622370503 ) ) ;
#3356 = CARTESIAN_POINT ( 'NONE',  ( 0.03586178637646812023, 10.63934546255624802, 50.10146905018832797 ) ) ;
#3357 = CARTESIAN_POINT ( 'NONE',  ( -0.01967471524692060436, 10.49403995832320291, 51.01296732099682885 ) ) ;
#3358 = CARTESIAN_POINT ( 'NONE',  ( -1.421190946692053814, 9.107638803076564926, -1.186865195594010158 ) ) ;
#3359 = CARTESIAN_POINT ( 'NONE',  ( 1.932721490997488134, 10.13046293922701757, 50.33034169248214340 ) ) ;
#3360 = CARTESIAN_POINT ( 'NONE',  ( -3.332777585115220376, 7.616367116651942659, 52.71655773210907370 ) ) ;
#3361 = CARTESIAN_POINT ( 'NONE',  ( -0.07074514333052198123, 10.07041288359404696, 51.11175961058054895 ) ) ;
#3362 = CARTESIAN_POINT ( 'NONE',  ( 5.740094244003415724, 6.107438817487996552, 48.94236961571601086 ) ) ;
#3363 = CARTESIAN_POINT ( 'NONE',  ( 5.475998477424059985, 6.877469465925182490, 41.45540113598100618 ) ) ;
#3364 = CARTESIAN_POINT ( 'NONE',  ( 0.2984435403898740846, 10.89086946356277252, 42.69277900204648546 ) ) ;
#3365 = CARTESIAN_POINT ( 'NONE',  ( 1.816725181851744919, 6.637244446735989456, -8.653830459093361682 ) ) ;
#3366 = CARTESIAN_POINT ( 'NONE',  ( 1.352019964586314682, 9.345838584275870886, 52.34624213910646517 ) ) ;
#3367 = CARTESIAN_POINT ( 'NONE',  ( 4.531760854391879256, 5.719765705492166674, 52.73769812761312892 ) ) ;
#3368 = CARTESIAN_POINT ( 'NONE',  ( 0.004282224993015962267, 11.13390602842371990, 45.38666501973483491 ) ) ;
#3369 = CARTESIAN_POINT ( 'NONE',  ( -1.225477803059950244, 10.63957247447907406, 12.45254502059272284 ) ) ;
#3370 = CARTESIAN_POINT ( 'NONE',  ( -3.317216658476205282, 9.987442453402985976, 33.64192343075355751 ) ) ;
#3371 = VERTEX_POINT ( 'NONE', #2945 ) ;
#3372 = CARTESIAN_POINT ( 'NONE',  ( 5.122517113081363149, 7.595588671024899874, 49.39468877475108144 ) ) ;
#3373 = CARTESIAN_POINT ( 'NONE',  ( -4.755263429479000159, 4.071947368045735871, -5.871181992474387989 ) ) ;
#3374 = CARTESIAN_POINT ( 'NONE',  ( 6.010347578050283524, 1.634338005986899711, 43.37055982956776745 ) ) ;
#3375 = CARTESIAN_POINT ( 'NONE',  ( 0.000000000000000000, 9.320758399420395079, -1.174481394705359616 ) ) ;
#3376 = CARTESIAN_POINT ( 'NONE',  ( 1.976939398631711864, 9.440358165157135772, 51.13627248661874347 ) ) ;
#3377 = CARTESIAN_POINT ( 'NONE',  ( 3.950383601773825415, 6.411190447932556324, 53.12619449450978948 ) ) ;
#3378 = CARTESIAN_POINT ( 'NONE',  ( 5.462808970256995522, 2.139927762459628013, -4.364969071561805691 ) ) ;
#3379 = CARTESIAN_POINT ( 'NONE',  ( -0.3731284290446771346, 9.090507719267629128, -2.364835376315709059 ) ) ;
#3380 = MECHANICAL_DESIGN_GEOMETRIC_PRESENTATION_REPRESENTATION (  '', ( #6433 ), #3661 ) ;
#3381 = CARTESIAN_POINT ( 'NONE',  ( 0.7633359497625686885, 11.28176758363046694, 41.39153348986970826 ) ) ;
#3382 = CARTESIAN_POINT ( 'NONE',  ( 4.770976117434649666, 9.308865657246778724, 43.71290892868040601 ) ) ;
#3383 = CARTESIAN_POINT ( 'NONE',  ( -5.644683073692225328, 6.331825083469798443, 42.58336156128778782 ) ) ;
#3384 = CARTESIAN_POINT ( 'NONE',  ( 5.779911507064627862, 4.927841901373703593, 50.20172714636915146 ) ) ;
#3385 = CARTESIAN_POINT ( 'NONE',  ( -5.500131724955197754, 1.765336003245774998, -0.2020034905076968923 ) ) ;
#3386 = FACE_OUTER_BOUND ( 'NONE', #3106, .T. ) ;
#3387 = CIRCLE ( 'NONE', #5896, 0.1000000000000005745 ) ;
#3388 = CARTESIAN_POINT ( 'NONE',  ( 0.6738414318538807901, 7.898200462805468725, -6.993386367056571906 ) ) ;
#3389 = CARTESIAN_POINT ( 'NONE',  ( 5.905029151304774793, 1.794843775742234193, 42.03253484042918586 ) ) ;
#3390 = CARTESIAN_POINT ( 'NONE',  ( 5.408225639275548779, 3.951715834107879743, 2.088320378743061312 ) ) ;
#3391 = CARTESIAN_POINT ( 'NONE',  ( 0.1701868342408028589, 10.61990540543539474, 50.20268699140485325 ) ) ;
#3392 = CARTESIAN_POINT ( 'NONE',  ( 0.0008556893840607257941, 11.29311412681029481, 42.19489910662053234 ) ) ;
#3393 = CARTESIAN_POINT ( 'NONE',  ( -2.405379573153532125, 10.22460945479590322, 10.78608290747910026 ) ) ;
#3394 = CARTESIAN_POINT ( 'NONE',  ( 3.229637380821442694, 9.777408301327415785, 49.00282670000497376 ) ) ;
#3395 = CIRCLE ( 'NONE', #8252, 0.1000000000000005745 ) ;
#3396 = CARTESIAN_POINT ( 'NONE',  ( -4.493688504165741726, 6.951924739422778998, 0.4176927192483900764 ) ) ;
#3397 = CARTESIAN_POINT ( 'NONE',  ( -5.507218087189852618, 3.459859315347409758, 49.93861689964938222 ) ) ;
#3398 = CARTESIAN_POINT ( 'NONE',  ( 0.2821259978058253681, 6.128621142271767575, 56.44123404180484727 ) ) ;
#3399 = CARTESIAN_POINT ( 'NONE',  ( 4.152778966162221863, 9.166383519803840585, 20.74995115312975358 ) ) ;
#3400 = CARTESIAN_POINT ( 'NONE',  ( 5.894748292625357600, 2.866975429055890423, 50.49947856185549000 ) ) ;
#3401 = CARTESIAN_POINT ( 'NONE',  ( 0.6772677289702115910, 1.798889069581669498, 57.50000000000000711 ) ) ;
#3402 = CARTESIAN_POINT ( 'NONE',  ( 0.02123459269587526024, 10.66815314751566568, 49.89990677586528278 ) ) ;
#3403 = CARTESIAN_POINT ( 'NONE',  ( -0.04204723230634353770, 11.31538059603524893, 41.39920121183791935 ) ) ;
#3404 = CARTESIAN_POINT ( 'NONE',  ( -1.438489552881727862, 8.205212241206139012, -4.991814262966393301 ) ) ;
#3405 = CARTESIAN_POINT ( 'NONE',  ( 1.946102499901325444, 10.17056490977615368, 50.12466435356348171 ) ) ;
#3406 = CARTESIAN_POINT ( 'NONE',  ( -1.462434383211648364E-15, 1.562500000000000000, -14.99999999999999822 ) ) ;
#3407 = CARTESIAN_POINT ( 'NONE',  ( -0.07492716829632670161, 10.21234697249595413, 50.25634274814996871 ) ) ;
#3408 = CARTESIAN_POINT ( 'NONE',  ( 5.213030646680686608, 7.773292566173449103, 41.45540113598099197 ) ) ;
#3409 = EDGE_CURVE ( 'NONE', #1613, #7364, #7128, .T. ) ;
#3410 = CARTESIAN_POINT ( 'NONE',  ( 0.2182886142686928099, 10.05939351664492243, 51.11389116501862873 ) ) ;
#3411 = CARTESIAN_POINT ( 'NONE',  ( 2.902196196021650021, 8.849343543971192716, 51.14906181324739975 ) ) ;
#3412 = CARTESIAN_POINT ( 'NONE',  ( 1.667513007448199192, 10.83567544184800546, 24.06638344770400195 ) ) ;
#3413 = CARTESIAN_POINT ( 'NONE',  ( 4.816659106151067071, 5.883671908887352586, -0.6094218087571917630 ) ) ;
#3414 = CARTESIAN_POINT ( 'NONE',  ( 0.002593364923663099911, 10.66823198215338486, 49.89993452006524421 ) ) ;
#3415 = CARTESIAN_POINT ( 'NONE',  ( -1.264872142068321326, 10.92409009903030181, 28.18510661327611189 ) ) ;
#3416 = CARTESIAN_POINT ( 'NONE',  ( -3.201421450823944692, 9.555238821961136608, 7.842453663656264062 ) ) ;
#3417 = ORIENTED_EDGE ( 'NONE', *, *, #478, .T. ) ;
#3418 = CARTESIAN_POINT ( 'NONE',  ( 5.620571585050089247, 7.774859695347762667, 45.27779969112334868 ) ) ;
#3419 = CARTESIAN_POINT ( 'NONE',  ( -3.545674841604821381, 3.004926402194386892, 56.22428512286402480 ) ) ;
#3420 = PLANE ( 'NONE',  #4366 ) ;
#3421 = CARTESIAN_POINT ( 'NONE',  ( 0.01588368527651100662, 8.028792211769603782, 55.11522497555803568 ) ) ;
#3422 = CARTESIAN_POINT ( 'NONE',  ( 1.661910410383719228, 7.835448253673590102, -5.817580437955101935 ) ) ;
#3423 = CARTESIAN_POINT ( 'NONE',  ( 4.179404088888389879, 6.705475339806258539, 52.40950744272055317 ) ) ;
#3424 = CARTESIAN_POINT ( 'NONE',  ( 5.331152239484380218, 1.753449293595974456, 53.10470177965144956 ) ) ;
#3425 = CARTESIAN_POINT ( 'NONE',  ( -0.5494077695240877635, 10.10148219245242096, 50.59637732812494448 ) ) ;
#3426 = CARTESIAN_POINT ( 'NONE',  ( 0.7301568146220571709, 11.02653039718850891, 46.17822427594825996 ) ) ;
#3427 = CARTESIAN_POINT ( 'NONE',  ( 4.230435046446025638, 8.259360514962470035, 50.88834022302030746 ) ) ;
#3428 = CARTESIAN_POINT ( 'NONE',  ( -3.445431538373877611, 4.109419260880565083, -9.961077981816838900 ) ) ;
#3429 = CARTESIAN_POINT ( 'NONE',  ( 5.778109366181155337, 4.646212227006636830, 50.52466007694561512 ) ) ;
#3430 = CARTESIAN_POINT ( 'NONE',  ( -5.499483430243215842, 1.562499999999994005, 48.45646686970584938 ) ) ;
#3431 = CARTESIAN_POINT ( 'NONE',  ( 1.336125667123560845, 9.786059710678399526, 50.95540067381247695 ) ) ;
#3432 = CARTESIAN_POINT ( 'NONE',  ( 0.6358255266932264504, 7.361739012045861230, -8.670031987919143646 ) ) ;
#3433 = CARTESIAN_POINT ( 'NONE',  ( 5.901439854805876628, 1.708293406483409216, 42.03103589469352386 ) ) ;
#3434 = CARTESIAN_POINT ( 'NONE',  ( 4.941688066056197925, 3.183172226396538296, 53.91785418784873940 ) ) ;
#3435 = CARTESIAN_POINT ( 'NONE',  ( 0.1657495493128475772, 11.31324503633700829, 41.39713683226641194 ) ) ;
#3436 = CARTESIAN_POINT ( 'NONE',  ( 0.0007053989147536072644, 10.56341151626271646, 50.60712384452560997 ) ) ;
#3437 = CARTESIAN_POINT ( 'NONE',  ( -1.891715359275561781, 7.898865112402380539, 54.09518844854689945 ) ) ;
#3438 = CARTESIAN_POINT ( 'NONE',  ( 3.038839390744692448, 9.362855089912722306, 50.87304706259543252 ) ) ;
#3439 = CARTESIAN_POINT ( 'NONE',  ( -4.806275653527999125, 6.891196687983671687, 50.26974023844239525 ) ) ;
#3440 = CARTESIAN_POINT ( 'NONE',  ( -5.476531600671687983, 3.484067860920051274, 4.153228399248895641 ) ) ;
#3441 = CARTESIAN_POINT ( 'NONE',  ( 0.4527258241118961579, 9.355220583467206197, 53.14616870233992785 ) ) ;
#3442 = CARTESIAN_POINT ( 'NONE',  ( 2.576838151949489397, 5.959510619850328261, -8.642047529038260123 ) ) ;
#3443 = CARTESIAN_POINT ( 'NONE',  ( 6.000274835890654579, 3.043471888488194388, 43.61200481835184917 ) ) ;
#3444 = CARTESIAN_POINT ( 'NONE',  ( 5.337060760349984889, 5.098007482898269771, 50.27373948927607472 ) ) ;
#3445 = CARTESIAN_POINT ( 'NONE',  ( 0.02302203813192911161, 10.92933099795174634, 47.78898223778623588 ) ) ;
#3446 = CARTESIAN_POINT ( 'NONE',  ( -0.01967447907587145661, 10.52996879613725056, 50.80993432084267170 ) ) ;
#3447 = CARTESIAN_POINT ( 'NONE',  ( -0.6144665343598072482, 3.806929244377055710, 57.28729953333009917 ) ) ;
#3448 = CARTESIAN_POINT ( 'NONE',  ( 2.127631952374149371, 9.876162041723885565, 50.95678476779174559 ) ) ;
#3449 = CARTESIAN_POINT ( 'NONE',  ( -3.605607872272533765, 6.924127201600038362, 53.12899789209981094 ) ) ;
#3450 = CARTESIAN_POINT ( 'NONE',  ( -0.09829399472756215894, 10.89627674661449142, 42.69562101349483640 ) ) ;
#3451 = CARTESIAN_POINT ( 'NONE',  ( 1.326209710307974188, 10.81461476760328821, 41.45540113598099197 ) ) ;
#3452 = CARTESIAN_POINT ( 'NONE',  ( 0.2756223214085142259, 10.66478305232309687, 46.42370243675058106 ) ) ;
#3453 = CARTESIAN_POINT ( 'NONE',  ( 3.313629928737038099, 9.995139612239109184, 28.18555384209001602 ) ) ;
#3454 = CARTESIAN_POINT ( 'NONE',  ( 1.244231145449826270, 8.882491241652617830, 53.34436900480613986 ) ) ;
#3455 = CARTESIAN_POINT ( 'NONE',  ( 3.869636881894995550, 5.155712734840384392, -6.993551478725177795 ) ) ;
#3456 = CARTESIAN_POINT ( 'NONE',  ( 0.003186302644833684077, 11.18404966521950961, 44.58765827733211751 ) ) ;
#3457 = CARTESIAN_POINT ( 'NONE',  ( -1.083827677676434398, 9.453486079505742268, 0.4084017568930490283 ) ) ;
#3458 = CARTESIAN_POINT ( 'NONE',  ( -2.159424403607617116, 6.790807541748018039, -7.645000833924969541 ) ) ;
#3459 = EDGE_LOOP ( 'NONE', ( #3674, #6315 ) ) ;
#3460 = CARTESIAN_POINT ( 'NONE',  ( 5.731854912212247299, 7.579495150749230525, 42.08976657082943973 ) ) ;
#3461 = CARTESIAN_POINT ( 'NONE',  ( -5.088276286420192918, 4.414275662031966974, -2.502596510375240779 ) ) ;
#3462 = DIRECTION ( 'NONE',  ( 3.414809992080346871E-15, 0.000000000000000000, 1.000000000000000000 ) ) ;
#3463 = CARTESIAN_POINT ( 'NONE',  ( 0.02439347425618570639, 11.08058058150218628, 24.06547213294013687 ) ) ;
#3464 = CARTESIAN_POINT ( 'NONE',  ( 1.726532827813466842, 8.065993969398672192, -4.997362326591063386 ) ) ;
#3465 = CARTESIAN_POINT ( 'NONE',  ( 5.097077957625255173, 7.921181301603385627, 39.76008409321736536 ) ) ;
#3466 = CARTESIAN_POINT ( 'NONE',  ( -0.4745270523050530431, 7.949590882792112900, -6.993378377782283550 ) ) ;
#3467 = CARTESIAN_POINT ( 'NONE',  ( 0.9942894106594272197, 10.92211412439685603, 46.97745987446981530 ) ) ;
#3468 = CARTESIAN_POINT ( 'NONE',  ( 4.724299721389965789, 8.962840380875803703, 46.93115956580452774 ) ) ;
#3469 = CARTESIAN_POINT ( 'NONE',  ( -1.462434383211648364E-15, 1.562500000000000000, -14.99999999999999822 ) ) ;
#3470 = CARTESIAN_POINT ( 'NONE',  ( 6.069690766709837426, 5.091161247686886604, 46.03353941753412926 ) ) ;
#3471 = CARTESIAN_POINT ( 'NONE',  ( -5.453194462870063930, 1.562500000000003997, 52.12821537171992503 ) ) ;
#3472 = CARTESIAN_POINT ( 'NONE',  ( 2.796430397742848850, 8.990818849927654455, 50.95540067381245564 ) ) ;
#3473 = CARTESIAN_POINT ( 'NONE',  ( 0.8972479941505865364, 9.689386722960273701, 51.94309102276059065 ) ) ;
#3474 = CARTESIAN_POINT ( 'NONE',  ( 5.899994486104236380, 1.564562773422761399, 43.58577967661641850 ) ) ;
#3475 = CARTESIAN_POINT ( 'NONE',  ( 5.442737407430350061, 4.857463347380754470, 24.07061332377763563 ) ) ;
#3476 = CARTESIAN_POINT ( 'NONE',  ( 0.1983892207441179945, 11.26061589266541318, 42.98924540072306399 ) ) ;
#3477 = CARTESIAN_POINT ( 'NONE',  ( 0.0009772299482469649218, 11.22385127352613843, 43.78973729710334339 ) ) ;
#3478 = CARTESIAN_POINT ( 'NONE',  ( -2.757791617136958529, 10.40942289458856251, 37.31123337672645590 ) ) ;
#3479 = CARTESIAN_POINT ( 'NONE',  ( 3.063308998521589555, 9.415334830477659622, 50.66343312926822762 ) ) ;
#3480 = CARTESIAN_POINT ( 'NONE',  ( -4.743639406930137525, 6.828386362970215728, 50.62756148284291413 ) ) ;
#3481 = CARTESIAN_POINT ( 'NONE',  ( -4.806522686641305775, 2.994843424582946945, -7.619304762819084864 ) ) ;
#3482 = CARTESIAN_POINT ( 'NONE',  ( 0.1777757574640785321, 4.027031972345125332, 57.29768016541071063 ) ) ;
#3483 = CARTESIAN_POINT ( 'NONE',  ( 3.348338361795524687, 7.315834926763617574, -3.639125871976903515 ) ) ;
#3484 = CARTESIAN_POINT ( 'NONE',  ( 5.972761796544483914, 2.779542095665571200, 42.04460589572950369 ) ) ;
#3485 = CARTESIAN_POINT ( 'NONE',  ( 4.424284263439740350, 4.183602715669881178, -6.993594088188049618 ) ) ;
#3486 = CARTESIAN_POINT ( 'NONE',  ( 0.02089936931189456323, 10.62494949610305284, 50.20227533172516843 ) ) ;
#3487 = CARTESIAN_POINT ( 'NONE',  ( -0.03604864121818258244, 10.92939066444936813, 47.78980896657813560 ) ) ;
#3488 = CARTESIAN_POINT ( 'NONE',  ( -1.297540147222524309, 8.329179944542412173, 54.11523493019114994 ) ) ;
#3489 = CARTESIAN_POINT ( 'NONE',  ( 1.904091073672321333, 10.04477458894200836, 50.74364562053676764 ) ) ;
#3490 = CARTESIAN_POINT ( 'NONE',  ( -3.364381201213469286, 6.755457072899700321, -5.036198771963769971 ) ) ;
#3491 = DIRECTION ( 'NONE',  ( 0.000000000000000000, 0.000000000000000000, -1.000000000000000000 ) ) ;
#3492 = CARTESIAN_POINT ( 'NONE',  ( -0.1061640884677521324, 9.556880325279706767, 0.4061719259277659644 ) ) ;
#3493 = CARTESIAN_POINT ( 'NONE',  ( 0.03345741205612539487, 10.91362692432405268, 41.45540113598097065 ) ) ;
#3494 = CARTESIAN_POINT ( 'NONE',  ( 0.2307365143446374611, 10.20240546697742978, 50.25674267323329047 ) ) ;
#3495 = CARTESIAN_POINT ( 'NONE',  ( 3.356169880954628315, 10.02038662885035514, 20.74978398346845765 ) ) ;
#3496 = CARTESIAN_POINT ( 'NONE',  ( 1.266427250008131944, 8.991571901814609191, 53.14231403065335257 ) ) ;
#3497 = CARTESIAN_POINT ( 'NONE',  ( 5.125796526471994241, 6.249841579523018886, 49.93992332601522577 ) ) ;
#3498 = CARTESIAN_POINT ( 'NONE',  ( 0.003078365566096344721, 11.29311369841035706, 42.19487402731033399 ) ) ;
#3499 = CARTESIAN_POINT ( 'NONE',  ( -1.401902167902815854, 10.61890833836671000, 12.45229336187473734 ) ) ;
#3500 = CARTESIAN_POINT ( 'NONE',  ( -2.364703269251071660, 6.616255091621529694, -7.643518368284216713 ) ) ;
#3501 = ORIENTED_EDGE ( 'NONE', *, *, #4476, .T. ) ;
#3502 = CARTESIAN_POINT ( 'NONE',  ( 5.387368742096591667, 6.801967579052573321, 49.80678064507879554 ) ) ;
#3503 = CARTESIAN_POINT ( 'NONE',  ( -5.433560792644264836, 4.335858847082546319, 50.27533918960946124 ) ) ;
#3504 = DIRECTION ( 'NONE',  ( 1.000000000000000000, 0.000000000000000000, 0.000000000000000000 ) ) ;
#3505 = CARTESIAN_POINT ( 'NONE',  ( 0.000000000000000000, 8.130572732422463034, -6.554889771592987024 ) ) ;
#3506 = CARTESIAN_POINT ( 'NONE',  ( 2.292113131134639215, 10.58953415692782407, 33.64204399690213876 ) ) ;
#3507 = CARTESIAN_POINT ( 'NONE',  ( 3.079734687105059265, 5.404829820773390914, -8.633210331496959711 ) ) ;
#3508 = CARTESIAN_POINT ( 'NONE',  ( -0.8130848928727403280, 10.94986993039962364, 36.13023417868147646 ) ) ;
#3509 = CARTESIAN_POINT ( 'NONE',  ( 0.9184236788305424337, 10.51608185968725806, 50.10855963444774375 ) ) ;
#3510 = CARTESIAN_POINT ( 'NONE',  ( -0.2312921496761373152, 11.06448651852764797, 28.18488299886923798 ) ) ;
#3511 = CARTESIAN_POINT ( 'NONE',  ( 4.450580358537749248, 8.351391515277573063, 50.03894541566037191 ) ) ;
#3512 = CARTESIAN_POINT ( 'NONE',  ( -4.829321539777949646, 5.431803727523567105, -1.852834083645568564 ) ) ;
#3513 = CARTESIAN_POINT ( 'NONE',  ( 6.100940782779330718, 4.810754954283297025, 44.42354624247698069 ) ) ;
#3514 = CARTESIAN_POINT ( 'NONE',  ( -5.501869644298668760, 1.761365374438569331, -2.555992298770411786 ) ) ;
#3515 = CARTESIAN_POINT ( 'NONE',  ( 5.287286274894696270, 4.816716253848223772, 50.95540067381249116 ) ) ;
#3516 = ADVANCED_FACE ( 'NONE', ( #332 ), #2634, .F. ) ;
#3517 = CARTESIAN_POINT ( 'NONE',  ( 0.4991989268253528289, 5.398769706371402854, -13.06205319620081085 ) ) ;
#3518 = CARTESIAN_POINT ( 'NONE',  ( 5.747133004596825856, 2.611486588432053058, 41.75540113598098912 ) ) ;
#3519 = CARTESIAN_POINT ( 'NONE',  ( 4.189116698932540572, 2.781178728320933935, -9.937144021708164132 ) ) ;
#3520 = CARTESIAN_POINT ( 'NONE',  ( -2.466359553098150581, 2.120726054492001911, 57.22962935510457072 ) ) ;
#3521 = CARTESIAN_POINT ( 'NONE',  ( 0.2464211790491462051, 10.92256850150548608, 47.78641751558383532 ) ) ;
#3522 = CARTESIAN_POINT ( 'NONE',  ( -2.059654568158739707, 8.470897609674407747, 53.13857616719965904 ) ) ;
#3523 = CARTESIAN_POINT ( 'NONE',  ( 4.090729440553711349, 9.728542044418615475, 46.13857434247947964 ) ) ;
#3524 = CARTESIAN_POINT ( 'NONE',  ( -5.011352525863036256, 7.258074254292235850, 18.26247038239774056 ) ) ;
#3525 = CARTESIAN_POINT ( 'NONE',  ( 5.710071816753929497, 6.244875916938414484, 48.94539518330772410 ) ) ;
#3526 = CARTESIAN_POINT ( 'NONE',  ( -5.320819225615101011, 3.309162494774545049, -3.150547831582634739 ) ) ;
#3527 = CIRCLE ( 'NONE', #2288, 0.09999999999999947820 ) ;
#3528 = CARTESIAN_POINT ( 'NONE',  ( 0.4644050310624615041, 8.705552074307563615, -4.161636898924886196 ) ) ;
#3529 = CARTESIAN_POINT ( 'NONE',  ( 1.386136933177252617, 3.229484942090829591, 57.26653826916885492 ) ) ;
#3530 = CARTESIAN_POINT ( 'NONE',  ( 5.903879252437357117, 2.392366448004784818, 50.27315421757428027 ) ) ;
#3531 = CARTESIAN_POINT ( 'NONE',  ( 5.062987193298307709, 4.507850741174711295, 52.44801675796373530 ) ) ;
#3532 = AXIS2_PLACEMENT_3D ( 'NONE', #7922, #7186, #3842 ) ;
#3533 = CARTESIAN_POINT ( 'NONE',  ( 0.05944036367562947204, 11.22352987593275842, 43.78892559922748973 ) ) ;
#3534 = CARTESIAN_POINT ( 'NONE',  ( -0.02526441968273524658, 11.26364682952788598, 42.99215070431931451 ) ) ;
#3535 = CARTESIAN_POINT ( 'NONE',  ( -0.7521174950957335570, 5.213017753167525470, -13.05483378604593625 ) ) ;
#3536 = CARTESIAN_POINT ( 'NONE',  ( 1.672157221911414915, 10.21709781340337031, 50.42839258746766973 ) ) ;
#3537 = CARTESIAN_POINT ( 'NONE',  ( -3.959748546387493739, 7.816245167335994282, 0.4154628882831081227 ) ) ;
#3538 = CARTESIAN_POINT ( 'NONE',  ( 0.8321008163193388540, 11.08152448227771991, 41.75540113598098912 ) ) ;
#3539 = LINE ( 'NONE', #322, #6029 ) ;
#3540 = CARTESIAN_POINT ( 'NONE',  ( 0.1497316967781177344, 8.015293919046998283, 55.10725835455281185 ) ) ;
#3541 = CARTESIAN_POINT ( 'NONE',  ( 2.934246294865621607, 8.570576809161178033, -0.5976901654219937132 ) ) ;
#3542 = CARTESIAN_POINT ( 'NONE',  ( 5.440833585272305761, 6.725342545646450176, 39.75246827721628762 ) ) ;
#3543 = CARTESIAN_POINT ( 'NONE',  ( 0.003790938138235280634, 10.73769419121764201, 49.39662623954910714 ) ) ;
#3544 = CARTESIAN_POINT ( 'NONE',  ( -1.382952658785800759, 10.86319166535732883, 37.31395782450809406 ) ) ;
#3545 = CARTESIAN_POINT ( 'NONE',  ( -2.955357949029052911, 8.228145155300060409, 52.37649945822611386 ) ) ;
#3546 = VERTEX_POINT ( 'NONE', #7752 ) ;
#3547 = CARTESIAN_POINT ( 'NONE',  ( 5.604823816989921603, 6.825204280070152230, 48.53933937796433185 ) ) ;
#3548 = CARTESIAN_POINT ( 'NONE',  ( 1.116186725893739906, 11.24771370911349067, 41.45540113598097065 ) ) ;
#3549 = CARTESIAN_POINT ( 'NONE',  ( 0.04054866174129981293, 10.66668632446439169, 12.45401302978097924 ) ) ;
#3550 = CARTESIAN_POINT ( 'NONE',  ( 0.9356059725071991240, 5.048719923118546227, -13.04941922842977853 ) ) ;
#3551 = CARTESIAN_POINT ( 'NONE',  ( 4.643658122986823678, 7.215492773010064198, 50.26894038827582278 ) ) ;
#3552 = CARTESIAN_POINT ( 'NONE',  ( -0.4436827800724634230, 9.290081523979541345, -1.179297317273170442 ) ) ;
#3553 = CARTESIAN_POINT ( 'NONE',  ( 1.189210452601298096, 11.23589158618436912, 41.38756803400656992 ) ) ;
#3554 = CARTESIAN_POINT ( 'NONE',  ( -0.1741237018946875659, 8.996486173755640081, -2.954070258048432152 ) ) ;
#3555 = CARTESIAN_POINT ( 'NONE',  ( 4.729584640652037208, 8.515218498264840008, 48.57384864044992412 ) ) ;
#3556 = CARTESIAN_POINT ( 'NONE',  ( -2.567789230559251568, 3.244521260253286243, -12.99707850480691995 ) ) ;
#3557 = CARTESIAN_POINT ( 'NONE',  ( 5.806199839593238821, 4.384933829368286240, 50.52042309437010204 ) ) ;
#3558 = CARTESIAN_POINT ( 'NONE',  ( -5.499969330862563233, 2.115040473897323192, 20.75102846872411533 ) ) ;
#3559 = CARTESIAN_POINT ( 'NONE',  ( 2.755998165877122208, 9.019297910209788327, 50.95540067381245564 ) ) ;
#3560 = CARTESIAN_POINT ( 'NONE',  ( 0.8392880622960490200, 8.424708961280000352, -4.980718135717046025 ) ) ;
#3561 = CARTESIAN_POINT ( 'NONE',  ( 5.899995460186576501, 1.564438523200207598, 42.02785248087540282 ) ) ;
#3562 = CARTESIAN_POINT ( 'NONE',  ( 5.508328220524080443, 3.893061435985577745, 18.26088289267899611 ) ) ;
#3563 = CARTESIAN_POINT ( 'NONE',  ( -4.823478556407226669, 3.570916731980068093, 53.93019048424510231 ) ) ;
#3564 = CARTESIAN_POINT ( 'NONE',  ( 0.2305930377490902627, 10.61565910328036111, 50.20298862962643227 ) ) ;
#3565 = CARTESIAN_POINT ( 'NONE',  ( -1.646778024470454627, 6.768993569749027550, -8.656285236188198340 ) ) ;
#3566 = CARTESIAN_POINT ( 'NONE',  ( 3.908330196088172670, 9.978281818768254041, 45.33440691164377512 ) ) ;
#3567 = CARTESIAN_POINT ( 'NONE',  ( -5.003839550095653621, 7.244468291516243497, 12.44549857648910596 ) ) ;
#3568 = CARTESIAN_POINT ( 'NONE',  ( 6.049421566077615608, 6.054141975666937903, 44.44264508232507183 ) ) ;
#3569 = CARTESIAN_POINT ( 'NONE',  ( -2.098488812743535728E-32, 1.562500000000000000, 57.50000000000000000 ) ) ;
#3570 = CARTESIAN_POINT ( 'NONE',  ( 0.4450235362693963359, 7.927983186571602836, 55.09132511254229314 ) ) ;
#3571 = CARTESIAN_POINT ( 'NONE',  ( 2.098488812743535728E-32, 1.562500000000000000, 57.50000000000000000 ) ) ;
#3572 = CARTESIAN_POINT ( 'NONE',  ( 5.921400041565486383, 2.609900330325593654, 49.29791422006462653 ) ) ;
#3573 = CARTESIAN_POINT ( 'NONE',  ( 5.712211940740740346, 4.966158506208532053, 42.56630949259791663 ) ) ;
#3574 = CARTESIAN_POINT ( 'NONE',  ( 0.04897326686205301371, 10.51201169111643274, 50.91208967820993081 ) ) ;
#3575 = CARTESIAN_POINT ( 'NONE',  ( -0.001070493361703208236, 11.22385092255410477, 43.78976737233299588 ) ) ;
#3576 = CARTESIAN_POINT ( 'NONE',  ( -1.534321285685157132, 8.694016173840902084, -2.986709854954765042 ) ) ;
#3577 = CARTESIAN_POINT ( 'NONE',  ( 2.451917072924218122, 10.93038445256294722, 42.16728894442213260 ) ) ;
#3578 = CARTESIAN_POINT ( 'NONE',  ( -3.822177833058203689, 7.251850649418761563, 52.39850478122229305 ) ) ;
#3579 = ADVANCED_FACE ( 'NONE', ( #4458 ), #5398, .F. ) ;
#3580 = ORIENTED_EDGE ( 'NONE', *, *, #7287, .F. ) ;
#3581 = CARTESIAN_POINT ( 'NONE',  ( 5.530496404121537424, 2.237390595489447520, 45.23195321610287323 ) ) ;
#3582 = CARTESIAN_POINT ( 'NONE',  ( 1.462434383211648364E-15, 1.562500000000000000, -14.99999999999999822 ) ) ;
#3583 = CARTESIAN_POINT ( 'NONE',  ( 3.228992641863655422, 8.439629455233502497, -0.1944580784386013839 ) ) ;
#3584 = CARTESIAN_POINT ( 'NONE',  ( 3.316988170118825963, 4.302129713592624860, -9.964857028149793905 ) ) ;
#3585 = CARTESIAN_POINT ( 'NONE',  ( 0.005285996580854776875, 11.31538708805289239, 41.39870511293622002 ) ) ;
#3586 = CARTESIAN_POINT ( 'NONE',  ( 5.218084252731910233, 1.730293974977943128, -6.993693510268068181 ) ) ;
#3587 = CARTESIAN_POINT ( 'NONE',  ( -0.8780316721306626881, 8.580061790429638791, 54.12911326363714437 ) ) ;
#3588 = CARTESIAN_POINT ( 'NONE',  ( -2.015501139497772431, 6.474718935503851469, -8.650884726579615602 ) ) ;
#3589 = EDGE_LOOP ( 'NONE', ( #5375, #2256 ) ) ;
#3590 = CARTESIAN_POINT ( 'NONE',  ( 5.312195884469993246, 6.574289685016080576, 50.55620682158090062 ) ) ;
#3591 = DIRECTION ( 'NONE',  ( 3.414809992080346871E-15, 0.000000000000000000, 1.000000000000000000 ) ) ;
#3592 = CARTESIAN_POINT ( 'NONE',  ( 0.01789111302436675530, 9.779458183928113613, 2.014387428407732550 ) ) ;
#3593 = CARTESIAN_POINT ( 'NONE',  ( 2.834282873897910449, 10.38251575801094440, 42.65630652179362414 ) ) ;
#3594 = CARTESIAN_POINT ( 'NONE',  ( 4.545559098296204859, 6.628678171152563969, 51.62289350773405516 ) ) ;
#3595 = CARTESIAN_POINT ( 'NONE',  ( -0.6854000072075618899, 10.17974687692057500, 49.94293701410943243 ) ) ;
#3596 = CARTESIAN_POINT ( 'NONE',  ( 0.9154611302899788861, 10.49990974000811583, 50.21020845813512778 ) ) ;
#3597 = CARTESIAN_POINT ( 'NONE',  ( 4.482197587381773651, 8.394135389840581496, 49.82836832419118878 ) ) ;
#3598 = CARTESIAN_POINT ( 'NONE',  ( -4.161006719872438531, 4.078339045340147351, 54.85332231001036973 ) ) ;
#3599 = CARTESIAN_POINT ( 'NONE',  ( 5.864958363125047924, 4.406806369832728443, 49.86744508098325213 ) ) ;
#3600 = CARTESIAN_POINT ( 'NONE',  ( 5.360897756618293819, 5.002762819103638847, 50.95540067381245564 ) ) ;
#3601 = CARTESIAN_POINT ( 'NONE',  ( -4.087794919512795558E-05, 10.38637797526981466, 48.98849079806602447 ) ) ;
#3602 = CARTESIAN_POINT ( 'NONE',  ( 1.268098387063003374, 10.26982635993206650, 48.57344117515613391 ) ) ;
#3603 = CARTESIAN_POINT ( 'NONE',  ( 5.899415654792318442, 1.645903922611719805, 47.59279937148357931 ) ) ;
#3604 = CARTESIAN_POINT ( 'NONE',  ( 5.407588762552834716, 2.823994161294693050, 52.10268097875992765 ) ) ;
#3605 = CARTESIAN_POINT ( 'NONE',  ( -5.680149750972431022, 4.053650026778862880, 42.55494144680475443 ) ) ;
#3606 = CARTESIAN_POINT ( 'NONE',  ( 0.2360886260949708604, 10.72935059877849362, 49.39585898733381697 ) ) ;
#3607 = CARTESIAN_POINT ( 'NONE',  ( -2.612590289701502311, 9.057901849950996009, 51.14479870437126152 ) ) ;
#3608 = CARTESIAN_POINT ( 'NONE',  ( 3.732164314034229768, 9.069281428924689692, 50.14555989522334301 ) ) ;
#3609 = CARTESIAN_POINT ( 'NONE',  ( -3.383010607973667927, 5.012237827274516277, -8.627318866469394720 ) ) ;
#3610 = CARTESIAN_POINT ( 'NONE',  ( 5.952493622189902744, 6.113900082656796187, 46.86376350648881584 ) ) ;
#3611 = CARTESIAN_POINT ( 'NONE',  ( -3.191839797855173355, 2.176406297950399971, -12.97181056926483578 ) ) ;
#3612 = CARTESIAN_POINT ( 'NONE',  ( 0.5705721952709359446, 9.994124745477895644, 4.079327371539260838 ) ) ;
#3613 = CARTESIAN_POINT ( 'NONE',  ( 2.936150927832235968, 6.058934611263413927, -7.639070971362057705 ) ) ;
#3614 = CARTESIAN_POINT ( 'NONE',  ( 5.906521939047165048, 2.622459515019396559, 50.16519287337822419 ) ) ;
#3615 = CARTESIAN_POINT ( 'NONE',  ( 5.281930958936888132, 4.647232725951933929, 51.20874533751432267 ) ) ;
#3616 = CARTESIAN_POINT ( 'NONE',  ( 0.07575967259514339303, 11.18349299143818065, 44.58657539343943910 ) ) ;
#3617 = CARTESIAN_POINT ( 'NONE',  ( -0.0007101967171554141164, 10.62503147322612662, 50.20225383727013480 ) ) ;
#3618 = CARTESIAN_POINT ( 'NONE',  ( -1.765907767160954878, 9.422229680892117543, 51.55383970428027141 ) ) ;
#3619 = CARTESIAN_POINT ( 'NONE',  ( 2.330555889255025992, 10.03904319448873039, 49.92451022542508099 ) ) ;
#3620 = CARTESIAN_POINT ( 'NONE',  ( -3.303621699301537262, 6.142351136147561341, -6.570312134262245252 ) ) ;
#3621 = ORIENTED_EDGE ( 'NONE', *, *, #4794, .T. ) ;
#3622 = CARTESIAN_POINT ( 'NONE',  ( 5.446765155536663627, 3.449613765656897701, 50.95540067381246985 ) ) ;
#3623 = CARTESIAN_POINT ( 'NONE',  ( 0.2866567573755792186, 8.822749109052644201, 54.14993076380613957 ) ) ;
#3624 = CARTESIAN_POINT ( 'NONE',  ( 2.740749375650975317, 7.753588214098105169, 53.32654197732270518 ) ) ;
#3625 = CARTESIAN_POINT ( 'NONE',  ( 5.227938307139377017, 5.883678324876398413, 49.93974517696553761 ) ) ;
#3626 = CARTESIAN_POINT ( 'NONE',  ( 0.005304463025863227939, 11.07023969491926074, 46.18704824560202127 ) ) ;
#3627 = CARTESIAN_POINT ( 'NONE',  ( 5.498794376748366020, 1.562500000000002887, 50.65823442190986015 ) ) ;
#3628 = CARTESIAN_POINT ( 'NONE',  ( -1.545395269202336719, 10.74534173019837446, 15.74485652316475104 ) ) ;
#3629 = CARTESIAN_POINT ( 'NONE',  ( -3.629999378763916873, 9.740754198530828134, 34.88742770859148123 ) ) ;
#3630 = ORIENTED_EDGE ( 'NONE', *, *, #4161, .T. ) ;
#3631 = CARTESIAN_POINT ( 'NONE',  ( 5.402376317582929133, 6.648981915297563994, 50.01788483875456137 ) ) ;
#3632 = CARTESIAN_POINT ( 'NONE',  ( 5.961224378979746774, 2.685757625089016720, 41.45540113598096355 ) ) ;
#3633 = CARTESIAN_POINT ( 'NONE',  ( 0.05953058500819458781, 9.429875762101053382, 53.14827125053257362 ) ) ;
#3634 = CARTESIAN_POINT ( 'NONE',  ( 2.389754246350211275, 10.12086737590080787, 9.117880033769642623 ) ) ;
#3635 = CARTESIAN_POINT ( 'NONE',  ( 1.050374631704202422, 2.814069422427771361, -14.99999999999999112 ) ) ;
#3636 = CARTESIAN_POINT ( 'NONE',  ( -0.7094745129935660088, 10.33692368319140797, 7.835206299771540372 ) ) ;
#3637 = CARTESIAN_POINT ( 'NONE',  ( 1.177781046899803119, 11.13777684949882030, 43.77556254734674468 ) ) ;
#3638 = CARTESIAN_POINT ( 'NONE',  ( -0.3428094505289442928, 10.66907222713832226, 12.45367748482366288 ) ) ;
#3639 = CARTESIAN_POINT ( 'NONE',  ( 4.860707791479722317, 8.932239441270224845, 46.11826527949122578 ) ) ;
#3640 = CARTESIAN_POINT ( 'NONE',  ( -5.368321188732241289, 5.767668978639320265, 12.44348530674522202 ) ) ;
#3641 = CARTESIAN_POINT ( 'NONE',  ( 5.834290313005322304, 4.123655431729935650, 50.51618611179459606 ) ) ;
#3642 = CARTESIAN_POINT ( 'NONE',  ( 0.0004818878185879444612, 11.05154109302154808, 46.45982397403102482 ) ) ;
#3643 = CARTESIAN_POINT ( 'NONE',  ( 5.578627020034633024E-13, 10.50443857165585904, 50.95540067381244853 ) ) ;
#3644 = CARTESIAN_POINT ( 'NONE',  ( 5.899631850459733151, 1.634419562827582606, 44.37082173958727793 ) ) ;
#3645 = CARTESIAN_POINT ( 'NONE',  ( 5.494535170453606732, 3.525418364690203532, 6.212794775800705160 ) ) ;
#3646 = CARTESIAN_POINT ( 'NONE',  ( -4.508211420236134082, 3.339196204108195509, 54.81747251548676303 ) ) ;
#3647 = CARTESIAN_POINT ( 'NONE',  ( 0.2245977121827622269, 10.48351653379922510, 51.01583511498444068 ) ) ;
#3648 = CARTESIAN_POINT ( 'NONE',  ( -3.039744024100909936, 10.26046625395318124, 24.06710562166784939 ) ) ;
#3649 = CARTESIAN_POINT ( 'NONE',  ( 3.733733612817611736, 10.32479633396088659, 41.35319989112965544 ) ) ;
#3650 = CARTESIAN_POINT ( 'NONE',  ( -5.349018479448416130, 7.139736326000474698, 39.75500688255009152 ) ) ;
#3651 = CARTESIAN_POINT ( 'NONE',  ( 5.587124270064316001, 5.842610288242367389, 50.32727562504040719 ) ) ;
#3652 = CARTESIAN_POINT ( 'NONE',  ( -5.513257402167708321, 2.844281173623659065, 49.93831998456628440 ) ) ;
#3653 = CARTESIAN_POINT ( 'NONE',  ( 0.4498349533287793744, 9.445198477589714869, -0.1915401261150063150 ) ) ;
#3654 = CARTESIAN_POINT ( 'NONE',  ( 2.751220126778543218, 5.778994584872591211, -8.639101796524496280 ) ) ;
#3655 = CARTESIAN_POINT ( 'NONE',  ( 5.948688428488999591, 2.525861533202762299, 41.26710914814994169 ) ) ;
#3656 = CARTESIAN_POINT ( 'NONE',  ( 4.918630332483735046, 4.402821864019551334, 52.97064190364525871 ) ) ;
#3657 = CARTESIAN_POINT ( 'NONE',  ( 0.04110185702873038471, 11.13376263468529892, 45.38609501085208109 ) ) ;
#3658 = CARTESIAN_POINT ( 'NONE',  ( -0.007373041960940164563, 10.62503095277572918, 50.20224778331072457 ) ) ;
#3659 = CARTESIAN_POINT ( 'NONE',  ( -1.164796900910637811, 6.511600366564503695, -10.01587415364460298 ) ) ;
#3660 = CARTESIAN_POINT ( 'NONE',  ( 2.373282388052424530, 9.775374060479659732, 50.85864156904586508 ) ) ;
#3661 =( GEOMETRIC_REPRESENTATION_CONTEXT ( 3 ) GLOBAL_UNCERTAINTY_ASSIGNED_CONTEXT ( ( #1319 ) ) GLOBAL_UNIT_ASSIGNED_CONTEXT ( ( #3897, #3982, #589 ) ) REPRESENTATION_CONTEXT ( 'NONE', 'WORKASPACE' ) );
#3662 = CARTESIAN_POINT ( 'NONE',  ( -4.845427569868008710, 8.674219976281825950, 42.61746569866703283 ) ) ;
#3663 = DIRECTION ( 'NONE',  ( 0.000000000000000000, 1.000000000000000000, 0.000000000000000000 ) ) ;
#3664 = CARTESIAN_POINT ( 'NONE',  ( -2.861993153054308348, 2.799157474947899349, -12.98624938957459918 ) ) ;
#3665 = CARTESIAN_POINT ( 'NONE',  ( 5.506664786823950664, 1.839412079322866767, 43.66432459027568314 ) ) ;
#3666 = CARTESIAN_POINT ( 'NONE',  ( 0.3880858197531065201, 10.98192622415626474, 36.13034707711769045 ) ) ;
#3667 = CARTESIAN_POINT ( 'NONE',  ( 3.343042406290738011, 8.923135392028205715, 49.94152666746438740 ) ) ;
#3668 = AXIS2_PLACEMENT_3D ( 'NONE', #1732, #7617, #7488 ) ;
#3669 = CARTESIAN_POINT ( 'NONE',  ( 5.266637618075342253, 6.044144610929714112, 7.853449664033107958 ) ) ;
#3670 = CARTESIAN_POINT ( 'NONE',  ( 0.005731231630526893543, 10.56340576308908119, 50.60714821767096083 ) ) ;
#3671 = CARTESIAN_POINT ( 'NONE',  ( 5.444538363644698897, 1.562500000000000000, -5.141611980832545115 ) ) ;
#3672 = CARTESIAN_POINT ( 'NONE',  ( -1.509408256700798034, 10.84831267917938113, 31.92478196765425835 ) ) ;
#3673 = CARTESIAN_POINT ( 'NONE',  ( -3.060835532294119421, 7.387420972913701256, -4.228214689965303030 ) ) ;
#3674 = ORIENTED_EDGE ( 'NONE', *, *, #4476, .F. ) ;
#3675 = CARTESIAN_POINT ( 'NONE',  ( 5.560914838628536749, 6.290827709655878230, 49.79728507861042175 ) ) ;
#3676 = CARTESIAN_POINT ( 'NONE',  ( 4.921642874259386957, 9.156196223821254421, 41.45540113598099907 ) ) ;
#3677 = CARTESIAN_POINT ( 'NONE',  ( 0.01851380681373022974, 8.879865550842607647, -3.546289877328397289 ) ) ;
#3678 = CARTESIAN_POINT ( 'NONE',  ( 1.614500821227607075, 7.199752109121559940, -7.648706998026767678 ) ) ;
#3679 = CARTESIAN_POINT ( 'NONE',  ( 4.860216197252074544, 6.946195450164814211, 49.94027962411508526 ) ) ;
#3680 = CARTESIAN_POINT ( 'NONE',  ( -0.5704535551396670012, 8.274665884448520359, -5.805231060198213555 ) ) ;
#3681 = CARTESIAN_POINT ( 'NONE',  ( 4.460728143881995678, 8.160730587302825967, 50.46243663310490035 ) ) ;
#3682 = CARTESIAN_POINT ( 'NONE',  ( -4.962830208318774972, 5.245247183033678873, 52.05799579108015962 ) ) ;
#3683 = EDGE_CURVE ( 'NONE', #754, #884, #5280, .T. ) ;
#3684 = CARTESIAN_POINT ( 'NONE',  ( -1.462434383211648364E-15, 1.562500000000000000, -14.99999999999999822 ) ) ;
#3685 = CARTESIAN_POINT ( 'NONE',  ( 4.028629583369861322, 8.465814119393691328, 50.95540067381244853 ) ) ;
#3686 = CARTESIAN_POINT ( 'NONE',  ( -0.03782203884136926125, 2.236888374809731683, 57.50000000000001421 ) ) ;
#3687 = CARTESIAN_POINT ( 'NONE',  ( 5.900393847361877775, 1.642161772869487502, 42.46065147143777097 ) ) ;
#3688 = CARTESIAN_POINT ( 'NONE',  ( 5.062260552073142073, 2.696060015906355911, 53.90243381735295713 ) ) ;
#3689 = CARTESIAN_POINT ( 'NONE',  ( -0.3764232074992612254, 9.267488878129535479, 53.35409283797893920 ) ) ;
#3690 = CARTESIAN_POINT ( 'NONE',  ( 0.2593230313429992218, 10.58247266064027237, 50.40590352443274469 ) ) ;
#3691 = CARTESIAN_POINT ( 'NONE',  ( -1.963135941016963537, 7.652639691620508167, -5.821258976010358133 ) ) ;
#3692 = CARTESIAN_POINT ( 'NONE',  ( 3.868466600491051288, 9.311519365256950564, 48.99994610048221944 ) ) ;
#3693 = CARTESIAN_POINT ( 'NONE',  ( -4.313576929605599020, 6.166273165447672788, -3.078868716807938277 ) ) ;
#3694 = CARTESIAN_POINT ( 'NONE',  ( 5.796060623242976106, 5.831353040614489558, 48.93629967441737705 ) ) ;
#3695 = CARTESIAN_POINT ( 'NONE',  ( -4.894660937943781320, 2.062980643242556589, 54.75772285794744221 ) ) ;
#3696 = CARTESIAN_POINT ( 'NONE',  ( 0.6930260555177348847, 10.85133987103323605, 15.74605522399590996 ) ) ;
#3697 = CARTESIAN_POINT ( 'NONE',  ( 4.204116221823713140, 7.746394712778726266, 50.62142689502954340 ) ) ;
#3698 = CARTESIAN_POINT ( 'NONE',  ( 5.915031807747610060, 1.983968700107390237, 43.59544267678292329 ) ) ;
#3699 = CARTESIAN_POINT ( 'NONE',  ( 4.755263429479000159, 4.071947368045735871, -5.871181992474387989 ) ) ;
#3700 = CARTESIAN_POINT ( 'NONE',  ( 0.05035239663880490546, 10.60973647960435962, 50.30337243647041845 ) ) ;
#3701 = CARTESIAN_POINT ( 'NONE',  ( -0.008254147296321345806, 11.07024053162396804, 46.18726608547583368 ) ) ;
#3702 = CARTESIAN_POINT ( 'NONE',  ( -1.918912304428817217, 9.538050180507459785, 2.030459808915415554 ) ) ;
#3703 = CARTESIAN_POINT ( 'NONE',  ( 2.390807075159498307, 10.65331768598011486, 46.16412014590143542 ) ) ;
#3704 = CARTESIAN_POINT ( 'NONE',  ( -3.946515258672941950, 7.196269461405402801, -1.826350706605054164 ) ) ;
#3705 = CARTESIAN_POINT ( 'NONE',  ( 0.000000000000000000, 11.02787763722878012, 31.92476802535837876 ) ) ;
#3706 = CARTESIAN_POINT ( 'NONE',  ( -5.403441485652959564, 4.668716118129136561, 31.92485167913347155 ) ) ;
#3707 = CARTESIAN_POINT ( 'NONE',  ( -0.1845206924142869798, 9.416863671772558675, 53.14757040113503450 ) ) ;
#3708 = LINE ( 'NONE', #8274, #4922 ) ;
#3709 = CARTESIAN_POINT ( 'NONE',  ( 0.09839167494799974656, 4.047590469712218031, 57.29975629182681729 ) ) ;
#3710 = CARTESIAN_POINT ( 'NONE',  ( 3.003160153558472878, 8.744369933321628707, 0.4124897803293992582 ) ) ;
#3711 = CARTESIAN_POINT ( 'NONE',  ( 4.660793414101987331, 5.413885939400310043, 52.74071818411383816 ) ) ;
#3712 = CARTESIAN_POINT ( 'NONE',  ( 0.004211950230733836446, 11.26365128270331084, 42.99174206079774052 ) ) ;
#3713 = CARTESIAN_POINT ( 'NONE',  ( 5.499999943452114515, 1.562499999999999556, 10.77929105039767776 ) ) ;
#3714 = CARTESIAN_POINT ( 'NONE',  ( -1.474318400100831372, 10.12804399373840525, 6.167326518440763294 ) ) ;
#3715 = CARTESIAN_POINT ( 'NONE',  ( -3.838367107923789323, 9.278054012786684623, 12.44851848110491588 ) ) ;
#3716 = ORIENTED_EDGE ( 'NONE', *, *, #8194, .F. ) ;
#3717 = CARTESIAN_POINT ( 'NONE',  ( -0.02050010465235435272, 9.640358364593557994, 52.68056872547681735 ) ) ;
#3718 = CARTESIAN_POINT ( 'NONE',  ( 5.343396509731232591, 6.282997647733601809, 50.87894415615787125 ) ) ;
#3719 = CARTESIAN_POINT ( 'NONE',  ( 3.370755901568259549, 10.54347021234221593, 41.45540113598099907 ) ) ;
#3720 = CARTESIAN_POINT ( 'NONE',  ( 0.09020947229443214421, 10.67127345647915959, 46.42696538390708838 ) ) ;
#3721 = CARTESIAN_POINT ( 'NONE',  ( 2.466552061245919081, 10.50896692340945826, 31.92479068158911559 ) ) ;
#3722 = CARTESIAN_POINT ( 'NONE',  ( 5.011352525863036256, 7.258074254292235850, 18.26247038239774056 ) ) ;
#3723 = CARTESIAN_POINT ( 'NONE',  ( -0.8216328065237866740, 10.84405523725176401, 15.74587763868761670 ) ) ;
#3724 = CARTESIAN_POINT ( 'NONE',  ( 4.895995018170979485, 7.718167873529058198, 50.03342557774304566 ) ) ;
#3725 = CARTESIAN_POINT ( 'NONE',  ( -5.226708310196155338, 5.782646984297872272, 28.18652961404784918 ) ) ;
#3726 = FACE_BOUND ( 'NONE', #2041, .T. ) ;
#3727 = CARTESIAN_POINT ( 'NONE',  ( 0.8324884438338278070, 10.38473110574533109, 50.95540067381245564 ) ) ;
#3728 = CARTESIAN_POINT ( 'NONE',  ( 5.957176636552881988, 2.874305455698638934, 47.77027073876317331 ) ) ;
#3729 = CARTESIAN_POINT ( 'NONE',  ( 0.8238069789168284141, 1.616629443147979295, 57.50000000000002132 ) ) ;
#3730 = CARTESIAN_POINT ( 'NONE',  ( -0.3098676599707611001, 9.284462855164886008, 53.35490315741000700 ) ) ;
#3731 = CARTESIAN_POINT ( 'NONE',  ( 0.4120350249739356818, 10.58284351094525277, 50.30558661815523180 ) ) ;
#3732 = CARTESIAN_POINT ( 'NONE',  ( -3.020558410481053002, 10.21679444274670168, 18.26376923762225246 ) ) ;
#3733 = CARTESIAN_POINT ( 'NONE',  ( -0.09839167494799974656, 4.047590469712218031, 57.29975629182681729 ) ) ;
#3734 = CARTESIAN_POINT ( 'NONE',  ( 4.136851711124735154, 8.549422332129111624, 50.46269144588240607 ) ) ;
#3735 = CARTESIAN_POINT ( 'NONE',  ( -4.785008857207858846, 6.399373845740701228, 51.18742979313329045 ) ) ;
#3736 = CARTESIAN_POINT ( 'NONE',  ( 6.005291334984293350, 5.999337111707679249, 46.05103721366779013 ) ) ;
#3737 = CARTESIAN_POINT ( 'NONE',  ( -5.436416537856803899, 2.816649322707566405, -1.888145253032918580 ) ) ;
#3738 = CARTESIAN_POINT ( 'NONE',  ( 1.024546976482307192, 10.42672459841227628, 9.116675915818948539 ) ) ;
#3739 = CARTESIAN_POINT ( 'NONE',  ( 5.902198521631607520, 2.064694314324239777, 50.27111987252908420 ) ) ;
#3740 = CARTESIAN_POINT ( 'NONE',  ( 5.265336192365315249, 4.201874077381590133, -0.6152876304247912875 ) ) ;
#3741 = CARTESIAN_POINT ( 'NONE',  ( 0.09381194304830478559, 11.22305163081392365, 43.78844790123456221 ) ) ;
#3742 = CARTESIAN_POINT ( 'NONE',  ( -0.007360166878845724077, 10.63954162691302940, 50.10146173264773495 ) ) ;
#3743 = CARTESIAN_POINT ( 'NONE',  ( -1.385664230366969729, 7.348955509008582965, -7.650189463667485867 ) ) ;
#3744 = CARTESIAN_POINT ( 'NONE',  ( 2.464018090650146320, 10.41426279528174881, 47.77748691229584921 ) ) ;
#3745 = CARTESIAN_POINT ( 'NONE',  ( -4.746295760221829418, 8.463969952114052120, 46.33723433710488848 ) ) ;
#3746 = CARTESIAN_POINT ( 'NONE',  ( -0.1672493297379710198, 8.848307001020355500, 54.15455687495478543 ) ) ;
#3747 = FACE_OUTER_BOUND ( 'NONE', #5643, .T. ) ;
#3748 = CARTESIAN_POINT ( 'NONE',  ( 0.2527226765062506320, 8.734914614090314444, -4.156238699651338742 ) ) ;
#3749 = CARTESIAN_POINT ( 'NONE',  ( 2.732033761839397279, 6.749422357400392869, -6.567007342261694802 ) ) ;
#3750 = CARTESIAN_POINT ( 'NONE',  ( 5.861965769297809103, 3.865883081005177413, 50.40223698557527854 ) ) ;
#3751 = CARTESIAN_POINT ( 'NONE',  ( 5.125171662253677596, 5.799411033365988288, 50.63369607065642697 ) ) ;
#3752 = CARTESIAN_POINT ( 'NONE',  ( 0.004326086131018527445, 10.63953895473032851, 50.10146084264059851 ) ) ;
#3753 = CARTESIAN_POINT ( 'NONE',  ( 5.499999998192762973, 1.562500000000004219, 28.18742407167561836 ) ) ;
#3754 = CARTESIAN_POINT ( 'NONE',  ( -0.1311695422130648714, 2.202011468858341647, 57.50000000000000711 ) ) ;
#3755 = CARTESIAN_POINT ( 'NONE',  ( -2.962203188699269685, 7.530873267265897120, 53.32330069959853347 ) ) ;
#3756 = ORIENTED_EDGE ( 'NONE', *, *, #7024, .F. ) ;
#3757 = CARTESIAN_POINT ( 'NONE',  ( -0.02524023209808541612, 10.25817267237068187, 49.94329331220928481 ) ) ;
#3758 = CARTESIAN_POINT ( 'NONE',  ( 5.845562998662763299, 6.884844353314868215, 46.06972511941828685 ) ) ;
#3759 = CARTESIAN_POINT ( 'NONE',  ( 0.000000000000000000, 10.83865892978647238, 43.66423378923817467 ) ) ;
#3760 = CARTESIAN_POINT ( 'NONE',  ( 0.04984764808938166314, 9.558413797824004021, 0.4059861066806595420 ) ) ;
#3761 = CARTESIAN_POINT ( 'NONE',  ( 3.130270649608847933, 10.24362229994331663, 42.65156983604650520 ) ) ;
#3762 = CARTESIAN_POINT ( 'NONE',  ( 0.8153846195810454667, 7.985810330659077749, -6.558194563593535698 ) ) ;
#3763 = CARTESIAN_POINT ( 'NONE',  ( 2.098488812743535728E-32, 1.562500000000000000, 57.50000000000000000 ) ) ;
#3764 = CARTESIAN_POINT ( 'NONE',  ( -0.5484496092042369098, 9.174759628087338470, -1.773751777205141433 ) ) ;
#3765 = CARTESIAN_POINT ( 'NONE',  ( 5.065805920451430744, 8.312721382710115847, 47.73664629915195690 ) ) ;
#3766 = CARTESIAN_POINT ( 'NONE',  ( -5.141953373522227366, 4.913094743621248206, -0.1987023727274678520 ) ) ;
#3767 = CARTESIAN_POINT ( 'NONE',  ( -5.499983607661706131, 1.562500000000000000, 2.109090839706833531 ) ) ;
#3768 = CARTESIAN_POINT ( 'NONE',  ( 0.5245736868758700266, 10.45426039601551871, 50.95540067381244853 ) ) ;
#3769 = CARTESIAN_POINT ( 'NONE',  ( 5.902430439392172268, 1.725369832722288832, 43.05819952886785984 ) ) ;
#3770 = CARTESIAN_POINT ( 'NONE',  ( 5.501104650057570211, 2.300096662609355747, 33.64107946771439117 ) ) ;
#3771 = CARTESIAN_POINT ( 'NONE',  ( -0.3997448793072130857, 11.05590285761051383, 28.18492365603413319 ) ) ;
#3772 = CARTESIAN_POINT ( 'NONE',  ( 0.4723903715345459386, 11.20957221663919690, 43.78349116238663896 ) ) ;
#3773 = CARTESIAN_POINT ( 'NONE',  ( 4.382476614697431216, 9.160980374433934870, 47.75529126370958011 ) ) ;
#3774 = CARTESIAN_POINT ( 'NONE',  ( -5.120941698096151740, 6.872854736615126470, 18.26232606515058876 ) ) ;
#3775 = CARTESIAN_POINT ( 'NONE',  ( 5.840904298558641905, 5.552895053693858607, 48.93024238618093591 ) ) ;
#3776 = CARTESIAN_POINT ( 'NONE',  ( -5.490246314443901099, 2.165712407986759125, 51.23858709964787295 ) ) ;
#3777 = EDGE_CURVE ( 'NONE', #5552, #3546, #3263, .T. ) ;
#3778 = CARTESIAN_POINT ( 'NONE',  ( 2.098488812743535728E-32, 1.562500000000000000, 57.50000000000000000 ) ) ;
#3779 = CARTESIAN_POINT ( 'NONE',  ( 5.892922370555864653, 1.967085567431825277, 51.05762301976870532 ) ) ;
#3780 = CARTESIAN_POINT ( 'NONE',  ( 5.485077970669640202, 4.712185616068291338, 12.44197535443729663 ) ) ;
#3781 = CARTESIAN_POINT ( 'NONE',  ( 0.1023332891317816629, 10.92815265710603612, 47.78799345263895049 ) ) ;
#3782 = CARTESIAN_POINT ( 'NONE',  ( -0.0009950208987328170059, 10.51248799806984202, 50.91165443346797304 ) ) ;
#3783 = CARTESIAN_POINT ( 'NONE',  ( -1.732361735879557552, 8.761901926709368738, -2.390465354745388460 ) ) ;
#3784 = CARTESIAN_POINT ( 'NONE',  ( 2.788887404719543106, 10.10874294345878965, 48.59344215653668897 ) ) ;
#3785 = CARTESIAN_POINT ( 'NONE',  ( -4.741594354338060313, 7.856166754452851286, 48.52624101681633562 ) ) ;
#3786 = CARTESIAN_POINT ( 'NONE',  ( 0.000000000000000000, 11.01917637831255803, 20.74928247448490026 ) ) ;
#3787 = CARTESIAN_POINT ( 'NONE',  ( -1.462434383211648364E-15, 1.562500000000000000, -14.99999999999999822 ) ) ;
#3788 = CARTESIAN_POINT ( 'NONE',  ( 0.4896509999553454451, 10.04657384287515676, 50.95540067381244143 ) ) ;
#3789 = CARTESIAN_POINT ( 'NONE',  ( 0.3997127814872584173, 9.585324575922095747, 52.68484713885268178 ) ) ;
#3790 = CARTESIAN_POINT ( 'NONE',  ( 3.885173744163915810, 9.446158758638347308, 33.64184305332121028 ) ) ;
#3791 = CARTESIAN_POINT ( 'NONE',  ( 5.930825907639436956, 3.880115088574716875, 49.32001869630708768 ) ) ;
#3792 = CARTESIAN_POINT ( 'NONE',  ( 2.468008728897608695, 3.385088249273758176, -13.00068820988435370 ) ) ;
#3793 = COLOUR_RGB ( '',0.7921568627450980005, 0.8196078431372548767, 0.9333333333333333481 ) ;
#3794 = CARTESIAN_POINT ( 'NONE',  ( 0.01304641834595615148, 10.56337978604933525, 50.60718462886526936 ) ) ;
#3795 = CARTESIAN_POINT ( 'NONE',  ( -0.06817319751265955852, 11.07022951982283487, 46.18826190912051288 ) ) ;
#3796 = CARTESIAN_POINT ( 'NONE',  ( -1.112959916414056893, 8.101189792266165313, -5.811274372717534220 ) ) ;
#3797 = CARTESIAN_POINT ( 'NONE',  ( 1.331272335537431628, 11.21699179222220444, 41.38621649029672511 ) ) ;
#3798 = CARTESIAN_POINT ( 'NONE',  ( -3.474121951028866562, 8.218940364782643115, -0.1948117696293406031 ) ) ;
#3799 = ORIENTED_EDGE ( 'NONE', *, *, #1107, .T. ) ;
#3800 = CARTESIAN_POINT ( 'NONE',  ( -0.02423101095731084592, 10.16226695872548547, 50.59296922378423034 ) ) ;
#3801 = CARTESIAN_POINT ( 'NONE',  ( 5.900811469106675311, 6.977374431138272826, 43.66441999686318098 ) ) ;
#3802 = CARTESIAN_POINT ( 'NONE',  ( -0.0003201677032665991435, 10.59143668993658594, 50.42707130288252415 ) ) ;
#3803 = AXIS2_PLACEMENT_3D ( 'NONE', #2818, #2217, #7975 ) ;
#3804 = CARTESIAN_POINT ( 'NONE',  ( 0.1981665724286749974, 10.89405064193698358, 42.69420000777063962 ) ) ;
#3805 = CARTESIAN_POINT ( 'NONE',  ( 3.035257550231285517, 10.24237174717646148, 20.74972826024817607 ) ) ;
#3806 = CARTESIAN_POINT ( 'NONE',  ( 0.7871481827816574350, 7.650834597989496721, -7.653895627769292886 ) ) ;
#3807 = CARTESIAN_POINT ( 'NONE',  ( 1.807594315330634860, 2.850469216044995591, 57.25269742639464710 ) ) ;
#3808 = CARTESIAN_POINT ( 'NONE',  ( -0.5491431238708268658, 9.276977071101914163, -1.180214635857514516 ) ) ;
#3809 = CARTESIAN_POINT ( 'NONE',  ( 4.627562865073531206, 7.785842324923657465, 50.78231241208665381 ) ) ;
#3810 = CARTESIAN_POINT ( 'NONE',  ( -2.667751197802918917, 3.099482876693469890, -12.99346879972948088 ) ) ;
#3811 = LENGTH_MEASURE_WITH_UNIT ( LENGTH_MEASURE( 0.02539999999999999897 ), #1877 );
#3812 = CARTESIAN_POINT ( 'NONE',  ( 5.683011725473812170, 4.900498601396562570, 50.95540067381244853 ) ) ;
#3813 = CARTESIAN_POINT ( 'NONE',  ( 1.915073759462141201, 9.775624443516887752, 49.94232833818895756 ) ) ;
#3814 = CARTESIAN_POINT ( 'NONE',  ( 5.924218003416269696, 2.126331442692602991, 44.82929907373895162 ) ) ;
#3815 = CARTESIAN_POINT ( 'NONE',  ( 2.677407664262408282, 1.761405606010845171, 57.21947940373687658 ) ) ;
#3816 = CARTESIAN_POINT ( 'NONE',  ( -0.3849923774561220258, 10.13085793348275310, 50.59535489682272669 ) ) ;
#3817 = CARTESIAN_POINT ( 'NONE',  ( 0.3340651380461661657, 11.21569081790499212, 43.78524842676718265 ) ) ;
#3818 = CARTESIAN_POINT ( 'NONE',  ( 4.153369559067497718, 8.573793530467400004, 50.35676364031495922 ) ) ;
#3819 = CARTESIAN_POINT ( 'NONE',  ( -4.342496048172027834, 5.511647317759214459, 53.29737047780449899 ) ) ;
#3820 = CARTESIAN_POINT ( 'NONE',  ( 5.659902513304563065, 5.441204309407921436, 50.42911602142240923 ) ) ;
#3821 = CARTESIAN_POINT ( 'NONE',  ( -5.489868982970636857, 2.168815298273491621, -2.547448972627185171 ) ) ;
#3822 = CARTESIAN_POINT ( 'NONE',  ( 0.8897212293508216518, 10.55130264896208381, 10.78725927488209990 ) ) ;
#3823 = CARTESIAN_POINT ( 'NONE',  ( 5.902872589122766023, 1.953654684378734352, 49.83118497408185021 ) ) ;
#3824 = CARTESIAN_POINT ( 'NONE',  ( 5.337110976917014860, 3.891155373177180188, 51.67093093622370503 ) ) ;
#3825 = CARTESIAN_POINT ( 'NONE',  ( 0.1143557116603807766, 10.78681397046528012, 48.99369740541167317 ) ) ;
#3826 = CARTESIAN_POINT ( 'NONE',  ( 0.0001092934710079129416, 10.78873272787504867, 48.99448346902057239 ) ) ;
#3827 = CARTESIAN_POINT ( 'NONE',  ( -1.966349964210341250, 8.937751350028472430, -1.190993129223562930 ) ) ;
#3828 = CARTESIAN_POINT ( 'NONE',  ( 2.688366086140893341, 9.854389403055289876, 49.92897774928739096 ) ) ;
#3829 = CARTESIAN_POINT ( 'NONE',  ( -3.320854548907050230, 5.409424442268973010, 54.92502189905771814 ) ) ;
#3830 = CARTESIAN_POINT ( 'NONE',  ( -0.1214353679722994239, 8.745222944656489972, -4.152639900135640438 ) ) ;
#3831 = CARTESIAN_POINT ( 'NONE',  ( 0.2999591220507830114, 11.06515853530437177, 42.66142520816062245 ) ) ;
#3832 = CARTESIAN_POINT ( 'NONE',  ( 0.5039848412931077215, 10.94283757972596938, 39.79752852188854462 ) ) ;
#3833 = CARTESIAN_POINT ( 'NONE',  ( 3.710232549857753082, 8.776850005476013905, 4.107134198914741852 ) ) ;
#3834 = CARTESIAN_POINT ( 'NONE',  ( 6.061567010574728798, 4.191590561293015327, 46.01735700154830511 ) ) ;
#3835 = CARTESIAN_POINT ( 'NONE',  ( 5.310606036541023478, 5.507949922079404814, 49.93956702791547286 ) ) ;
#3836 = CARTESIAN_POINT ( 'NONE',  ( 0.01466263550928293552, 10.83559309757029432, 48.59261023759951570 ) ) ;
#3837 = CARTESIAN_POINT ( 'NONE',  ( -0.04478459906450404232, 10.61017836239570755, 50.30317111016412213 ) ) ;
#3838 = CARTESIAN_POINT ( 'NONE',  ( -1.266427250008131944, 8.991571901814609191, 53.14231403065335257 ) ) ;
#3839 = CARTESIAN_POINT ( 'NONE',  ( 1.441835859945408416, 10.39827406017800904, 49.91202498198795467 ) ) ;
#3840 = CARTESIAN_POINT ( 'NONE',  ( -3.266912372740119697, 7.803871913577994590, -2.425706575086204797 ) ) ;
#3841 = CARTESIAN_POINT ( 'NONE',  ( 5.405906529978094177, 6.174601182133575783, 50.76848903921430889 ) ) ;
#3842 = DIRECTION ( 'NONE',  ( 1.000000000000000000, 0.000000000000000000, 0.000000000000000000 ) ) ;
#3843 = CARTESIAN_POINT ( 'NONE',  ( 0.01464735982137002450, 2.240509865131639078, 57.50000000000001421 ) ) ;
#3844 = CARTESIAN_POINT ( 'NONE',  ( 2.266602448860684405, 8.526189263459176715, -2.401144512424425059 ) ) ;
#3845 = CARTESIAN_POINT ( 'NONE',  ( 0.9716583994332749219, 8.155268061356142795, -5.809697856408145178 ) ) ;
#3846 = CARTESIAN_POINT ( 'NONE',  ( 4.761586210524802354, 6.816256162509752414, 2.064582709070180488 ) ) ;
#3847 = CARTESIAN_POINT ( 'NONE',  ( -1.045768280592029198, 10.54521125466062337, 10.78714829682520460 ) ) ;
#3848 = EDGE_LOOP ( 'NONE', ( #6843, #4840, #5245, #840 ) ) ;
#3849 = CARTESIAN_POINT ( 'NONE',  ( 4.822696519314991548, 7.637600470645956818, 50.45989876750069669 ) ) ;
#3850 = CARTESIAN_POINT ( 'NONE',  ( -5.078752913882315312, 4.838219606687090391, -1.235024421272107320 ) ) ;
#3851 = DIRECTION ( 'NONE',  ( 0.000000000000000000, 0.000000000000000000, -1.000000000000000000 ) ) ;
#3852 = CARTESIAN_POINT ( 'NONE',  ( 5.747266208246123220, 4.487512146335665086, 50.95540067381244853 ) ) ;
#3853 = CARTESIAN_POINT ( 'NONE',  ( 1.765907767160954878, 9.422229680892117543, 51.55383970428027141 ) ) ;
#3854 = CARTESIAN_POINT ( 'NONE',  ( 4.264624796292307174, 7.822464385723494118, 50.26734068794225152 ) ) ;
#3855 =( CONVERSION_BASED_UNIT ( 'INCH', #469 ) LENGTH_UNIT ( ) NAMED_UNIT ( #3942 ) );
#3856 = CARTESIAN_POINT ( 'NONE',  ( 4.955474349564196856, 2.565554796188956210, -7.616833986751192498 ) ) ;
#3857 = CARTESIAN_POINT ( 'NONE',  ( -0.1152353440478886132, 3.709792333946678511, -15.00000000000000000 ) ) ;
#3858 = CARTESIAN_POINT ( 'NONE',  ( 0.4133033848992723192, 10.59809217536948189, 50.20418660080403583 ) ) ;
#3859 = CARTESIAN_POINT ( 'NONE',  ( 4.371620190092310843, 9.687554663193038706, 44.52170953450159629 ) ) ;
#3860 = CARTESIAN_POINT ( 'NONE',  ( -4.095496446883998054, 5.002385879232946309, -6.575820120929817492 ) ) ;
#3861 = CARTESIAN_POINT ( 'NONE',  ( 6.071474477980537188, 5.755833273420742024, 43.64591570536830289 ) ) ;
#3862 = CARTESIAN_POINT ( 'NONE',  ( -3.300254250029170500, 1.864642852717213861, -12.96459115910997184 ) ) ;
#3863 = CARTESIAN_POINT ( 'NONE',  ( 0.5528086160674260396, 9.372689564699870246, -0.5895757787818136642 ) ) ;
#3864 = CARTESIAN_POINT ( 'NONE',  ( 5.902758765233524052, 2.173918358884421753, 50.27179798754415430 ) ) ;
#3865 = CARTESIAN_POINT ( 'NONE',  ( 5.052339798804307058, 3.731209254819321419, 53.11357920535380117 ) ) ;
#3866 = CARTESIAN_POINT ( 'NONE',  ( 0.09319376544564350606, 10.52818257150183356, 50.81084792375789760 ) ) ;
#3867 = CARTESIAN_POINT ( 'NONE',  ( -0.0003602214271619787818, 10.62503152150181052, 50.20225419073447881 ) ) ;
#3868 = CARTESIAN_POINT ( 'NONE',  ( -2.303430657603015685, 10.59051278084257319, 34.88720050679666684 ) ) ;
#3869 = CARTESIAN_POINT ( 'NONE',  ( 2.525997393811096448, 9.805625474601193048, 50.44501730024337149 ) ) ;
#3870 = CARTESIAN_POINT ( 'NONE',  ( -3.279303620034803579, 5.660316586295997432, -7.636106040080623991 ) ) ;
#3871 = CARTESIAN_POINT ( 'NONE',  ( 0.000000000000000000, 9.002117773658653732, -2.948310329182608491 ) ) ;
#3872 = CARTESIAN_POINT ( 'NONE',  ( 1.507798583696767780, 8.557595956066563758, -3.584592840155406357 ) ) ;
#3873 = CARTESIAN_POINT ( 'NONE',  ( -4.087794919243849722E-05, 10.49036719615494562, 49.76803607791001838 ) ) ;
#3874 = CARTESIAN_POINT ( 'NONE',  ( 0.2987880582139100238, 9.458806785943234985, -0.1913632805196365527 ) ) ;
#3875 = CARTESIAN_POINT ( 'NONE',  ( 0.6944285072958719107, 3.214210599776589294, -14.99999999999998934 ) ) ;
#3876 = CARTESIAN_POINT ( 'NONE',  ( 6.030854159179974694, 3.616970759745365083, 46.00718584528876676 ) ) ;
#3877 = CARTESIAN_POINT ( 'NONE',  ( 4.984705291363690449, 5.169163462615360416, -1.232272465519072879 ) ) ;
#3878 = CARTESIAN_POINT ( 'NONE',  ( 0.01004503569434554884, 10.66821531813863722, 49.89992261518461447 ) ) ;
#3879 = CARTESIAN_POINT ( 'NONE',  ( -0.05586176021195967539, 10.52996512379921867, 50.80962974072188842 ) ) ;
#3880 = CARTESIAN_POINT ( 'NONE',  ( -1.555541431228838700, 9.922159338431548292, 49.94250648723894415 ) ) ;
#3881 = CARTESIAN_POINT ( 'NONE',  ( 1.548606760994228004, 10.81054421088124151, 46.97409608501922662 ) ) ;
#3882 = CARTESIAN_POINT ( 'NONE',  ( -4.260383913439845571, 9.058749777504591094, 46.35028612573081830 ) ) ;
#3883 = CARTESIAN_POINT ( 'NONE',  ( -0.02313174274989901469, 7.802501942025305226, -7.658219485888073663 ) ) ;
#3884 = CARTESIAN_POINT ( 'NONE',  ( 5.939638169257892564, 6.447113203393527670, 46.06025635519797845 ) ) ;
#3885 = CARTESIAN_POINT ( 'NONE',  ( 0.000000000000000000, 10.67192090994640452, 46.42859685748531007 ) ) ;
#3886 = EDGE_CURVE ( 'NONE', #884, #5552, #5236, .T. ) ;
#3887 = CARTESIAN_POINT ( 'NONE',  ( 0.1097615348708557426, 8.856514322158993480, 54.15686993052911191 ) ) ;
#3888 = CARTESIAN_POINT ( 'NONE',  ( 2.220393530155712281, 8.391716312122429855, -3.003349649456036108 ) ) ;
#3889 = CARTESIAN_POINT ( 'NONE',  ( 1.509408256700798034, 10.84831267917938113, 31.92478196765425835 ) ) ;
#3890 = CARTESIAN_POINT ( 'NONE',  ( 4.950264168024760103, 6.554049534897878893, 50.27054008860923062 ) ) ;
#3891 = CARTESIAN_POINT ( 'NONE',  ( -0.3166889250507293196, 10.23956193212103116, 49.94313000891351351 ) ) ;
#3892 = CARTESIAN_POINT ( 'NONE',  ( -0.6738414318538807901, 7.898200462805468725, -6.993386367056571906 ) ) ;
#3893 = CARTESIAN_POINT ( 'NONE',  ( -3.425502539044938732, 10.05921548526697862, 39.77785433055273501 ) ) ;
#3894 = ORIENTED_EDGE ( 'NONE', *, *, #3777, .F. ) ;
#3895 = CARTESIAN_POINT ( 'NONE',  ( 5.404814319178180781, 8.392737072379476970, 42.10297100686656790 ) ) ;
#3896 = CARTESIAN_POINT ( 'NONE',  ( -5.176750702304728335, 4.954586310010802741, 0.4221523811789549829 ) ) ;
#3897 =( CONVERSION_BASED_UNIT ( 'INCH', #3811 ) LENGTH_UNIT ( ) NAMED_UNIT ( #5279 ) );
#3898 = CARTESIAN_POINT ( 'NONE',  ( 0.000000000000000000, 10.16226814213391449, 50.59279881856718930 ) ) ;
#3899 = CARTESIAN_POINT ( 'NONE',  ( 2.138164258090002434, 10.32574048134917710, 46.39270443876437611 ) ) ;
#3900 = CARTESIAN_POINT ( 'NONE',  ( 4.559015121001467996, 8.496154166348793169, 34.88765491038616062 ) ) ;
#3901 = CARTESIAN_POINT ( 'NONE',  ( 5.490982286356159925, 2.175458926435342111, -1.896973045379759748 ) ) ;
#3902 = CARTESIAN_POINT ( 'NONE',  ( -0.6105782304944491479, 10.40145787060991367, 48.58062380794677182 ) ) ;
#3903 = CARTESIAN_POINT ( 'NONE',  ( 0.5249806921560580264, 10.46191632324506493, 50.91864164921695846 ) ) ;
#3904 = CARTESIAN_POINT ( 'NONE',  ( 3.844821685019322643, 8.773450621583593900, 50.67323133402707214 ) ) ;
#3905 = CARTESIAN_POINT ( 'NONE',  ( -3.757619237599174156, 4.767516182548790837, 54.88917210453391959 ) ) ;
#3906 = CARTESIAN_POINT ( 'NONE',  ( 6.046215619721629686, 5.546095442185047020, 46.04215092205064508 ) ) ;
#3907 = CARTESIAN_POINT ( 'NONE',  ( -5.501934108256063105, 3.031079455756448215, 20.75095417109691098 ) ) ;
#3908 = CARTESIAN_POINT ( 'NONE',  ( 0.6979420940802039119, 10.99505608403316970, 20.74939856452743214 ) ) ;
#3909 = CARTESIAN_POINT ( 'NONE',  ( 5.901544338722278127, 1.718983089089396010, 45.16417946678706130 ) ) ;
#3910 = CARTESIAN_POINT ( 'NONE',  ( 5.008163747185793824, 3.700903591975503559, 53.27792281145914188 ) ) ;
#3911 = CARTESIAN_POINT ( 'NONE',  ( 0.08448943169689769606, 10.83465868953449629, 48.59198536299887650 ) ) ;
#3912 = CARTESIAN_POINT ( 'NONE',  ( -0.0002118818188909659414, 11.00657690500822561, 46.98752920033150815 ) ) ;
#3913 = CARTESIAN_POINT ( 'NONE',  ( -2.188564732949250580, 9.952107820743655964, 6.171398302681954995 ) ) ;
#3914 = CARTESIAN_POINT ( 'NONE',  ( 2.761851023382096315, 10.03858832844559679, 49.00241238923330656 ) ) ;
#3915 = CARTESIAN_POINT ( 'NONE',  ( -4.630892474817506432, 8.041318217041482086, 28.18604172806890062 ) ) ;
#3916 = CARTESIAN_POINT ( 'NONE',  ( 1.995318058426564178, 10.71479277863883439, 39.78800875188741060 ) ) ;
#3917 = CARTESIAN_POINT ( 'NONE',  ( 0.2390351128243355383, 6.143017752201041404, 56.44367167010755537 ) ) ;
#3918 = CARTESIAN_POINT ( 'NONE',  ( 3.060835532294119421, 7.387420972913701256, -4.228214689965303030 ) ) ;
#3919 = CARTESIAN_POINT ( 'NONE',  ( 6.034523200403153709, 3.900498051047168957, 41.27570106161169861 ) ) ;
#3920 = CARTESIAN_POINT ( 'NONE',  ( 5.264324467059177337, 5.528444889189453093, 4.137195633915276893 ) ) ;
#3921 = CARTESIAN_POINT ( 'NONE',  ( 0.01385433063889609552, 10.68209497407481834, 49.79924772680311662 ) ) ;
#3922 = CARTESIAN_POINT ( 'NONE',  ( -0.07421498042450500043, 11.29309824381328653, 42.19582686367414226 ) ) ;
#3923 = CARTESIAN_POINT ( 'NONE',  ( -1.352019964586314682, 9.345838584275870886, 52.34624213910646517 ) ) ;
#3924 = CARTESIAN_POINT ( 'NONE',  ( 1.388546554187142457, 10.75270303737673672, 47.78047447095966760 ) ) ;
#3925 = CARTESIAN_POINT ( 'NONE',  ( -3.273204152369007414, 7.173341795567334422, -4.235412288996678321 ) ) ;
#3926 = CARTESIAN_POINT ( 'NONE',  ( -0.01464735982137002450, 2.240509865131639078, 57.50000000000001421 ) ) ;
#3927 = CARTESIAN_POINT ( 'NONE',  ( 5.425609574429519633, 5.884557651220470476, 51.09300970599962000 ) ) ;
#3928 = CARTESIAN_POINT ( 'NONE',  ( 0.000000000000000000, 10.09798677339744621, 50.95540067381244853 ) ) ;
#3929 = CARTESIAN_POINT ( 'NONE',  ( 0.1436483001567616935, 10.06624434048709205, 51.11282538779958884 ) ) ;
#3930 = CARTESIAN_POINT ( 'NONE',  ( 1.764124068890173591, 7.094968351796182127, -7.647718687599624587 ) ) ;
#3931 = CARTESIAN_POINT ( 'NONE',  ( 1.277809566777866834, 9.418693614523217406, 0.4087733953872617065 ) ) ;
#3932 = CARTESIAN_POINT ( 'NONE',  ( 3.799517959226077046, 5.476920038593230622, -6.573616926262777049 ) ) ;
#3933 = CARTESIAN_POINT ( 'NONE',  ( -0.8261025074675519830, 9.309331425401440541, 52.96368319470155939 ) ) ;
#3934 = CARTESIAN_POINT ( 'NONE',  ( -2.559551618761152891, 8.517959137941714332, -1.799867329564535323 ) ) ;
#3935 = CARTESIAN_POINT ( 'NONE',  ( 5.357553363630788823, 7.472795396769781107, 48.55342175181756659 ) ) ;
#3936 = CIRCLE ( 'NONE', #3246, 0.09999999999999947820 ) ;
#3937 = CARTESIAN_POINT ( 'NONE',  ( -5.036867126561963559, 4.788132445487823574, -1.861661875992407733 ) ) ;
#3938 = CARTESIAN_POINT ( 'NONE',  ( 5.499973429913849188, 1.570161063945299196, 41.45540113598098486 ) ) ;
#3939 = CARTESIAN_POINT ( 'NONE',  ( 0.000000000000000000, 10.44863700122230199, 48.58780644073765131 ) ) ;
#3940 = CARTESIAN_POINT ( 'NONE',  ( 1.888830696655554364, 9.715059059662735308, 50.26054196152519893 ) ) ;
#3941 = CARTESIAN_POINT ( 'NONE',  ( 1.842711677412866011, 4.160568708593751275, -13.02234644034900057 ) ) ;
#3942 = DIMENSIONAL_EXPONENTS ( 1.000000000000000000, 0.000000000000000000, 0.000000000000000000, 0.000000000000000000, 0.000000000000000000, 0.000000000000000000, 0.000000000000000000 ) ;
#3943 = AXIS2_PLACEMENT_3D ( 'NONE', #4038, #4405, #8435 ) ;
#3944 = CARTESIAN_POINT ( 'NONE',  ( 5.500311231109480836, 1.878329187493970487, 12.43828435990683445 ) ) ;
#3945 = CARTESIAN_POINT ( 'NONE',  ( -0.6050793726894430069, 10.93661884470060386, 39.79689387055512384 ) ) ;
#3946 = CARTESIAN_POINT ( 'NONE',  ( 0.6202994149752641961, 11.27098197220546005, 42.18810573274251396 ) ) ;
#3947 = CARTESIAN_POINT ( 'NONE',  ( 4.590407757253869292, 9.250527884121160227, 46.12627548340151407 ) ) ;
#3948 = CARTESIAN_POINT ( 'NONE',  ( -0.5750674915269227139, 1.891240355318829280, 57.50000000000000000 ) ) ;
#3949 = CARTESIAN_POINT ( 'NONE',  ( 5.714293821755169311, 5.326343559682508833, 50.20917181324306000 ) ) ;
#3950 = CARTESIAN_POINT ( 'NONE',  ( -5.501411638512096580, 2.186104086805315205, 6.220259713576214544 ) ) ;
#3951 = CARTESIAN_POINT ( 'NONE',  ( 0.6856945504945991532, 8.924908437597993682, -2.967510092068686767 ) ) ;
#3952 = CARTESIAN_POINT ( 'NONE',  ( 5.899747123444101682, 1.858632942153274348, 50.49360686781786711 ) ) ;
#3953 = CARTESIAN_POINT ( 'NONE',  ( 5.499985652697745309, 4.242189070355580682, 10.78115548175336258 ) ) ;
#3954 = CARTESIAN_POINT ( 'NONE',  ( 0.1707089927937600060, 10.63448869884713943, 50.10174369586359688 ) ) ;
#3955 = CARTESIAN_POINT ( 'NONE',  ( 0.0001430454498070389026, 11.07024213270423374, 46.18712605012157013 ) ) ;
#3956 = CARTESIAN_POINT ( 'NONE',  ( -2.209255058093502644, 10.09995209019500351, 7.839454754462590991 ) ) ;
#3957 = CARTESIAN_POINT ( 'NONE',  ( 2.880922869293070399, 9.975841666063098856, 49.00264429421706325 ) ) ;
#3958 = CARTESIAN_POINT ( 'NONE',  ( -3.919373166515141449, 6.593459239873397770, -3.662497171328991552 ) ) ;
#3959 = CARTESIAN_POINT ( 'NONE',  ( 2.098488812743535728E-32, 1.562500000000000000, 57.50000000000000000 ) ) ;
#3960 = CARTESIAN_POINT ( 'NONE',  ( 0.6105782304944491479, 10.40145787060991367, 48.58062380794677182 ) ) ;
#3961 = AXIS2_PLACEMENT_3D ( 'NONE', #8418, #2480, #7155 ) ;
#3962 = CARTESIAN_POINT ( 'NONE',  ( 3.590480308508087859, 8.030041586329833336, 51.59287011492818209 ) ) ;
#3963 = CARTESIAN_POINT ( 'NONE',  ( 5.914118381029842553, 3.102695996297086367, 49.84486534013755943 ) ) ;
#3964 = CARTESIAN_POINT ( 'NONE',  ( 4.284352845367911833, 3.836474929150427648, 54.84137237850247715 ) ) ;
#3965 = CARTESIAN_POINT ( 'NONE',  ( 0.01586017615789307375, 11.13388423941132999, 45.38648563348314013 ) ) ;
#3966 = CARTESIAN_POINT ( 'NONE',  ( -0.06106426461011367490, 10.78872576468336142, 48.99502601177004379 ) ) ;
#3967 = CARTESIAN_POINT ( 'NONE',  ( -1.038576315214096768, 7.610962419463309203, 55.06244611139818090 ) ) ;
#3968 = CARTESIAN_POINT ( 'NONE',  ( 1.480994604482824384, 10.54633141046070577, 48.99599411364767576 ) ) ;
#3969 = CARTESIAN_POINT ( 'NONE',  ( -4.367834888766623180, 9.297275890576022661, 42.62883374446027318 ) ) ;
#3970 = CARTESIAN_POINT ( 'NONE',  ( -0.1194164235015311021, 10.55597275326495144, 10.78774757833239129 ) ) ;
#3971 = PRODUCT_DEFINITION_FORMATION_WITH_SPECIFIED_SOURCE ( 'ANY', '', #4077, .NOT_KNOWN. ) ;
#3972 = CARTESIAN_POINT ( 'NONE',  ( 5.870263583782074690, 6.209142895248300320, 47.68733929037411201 ) ) ;
#3973 = CARTESIAN_POINT ( 'NONE',  ( 4.504125374632573120, 9.048665801828954969, 41.45540113598098486 ) ) ;
#3974 = CARTESIAN_POINT ( 'NONE',  ( 0.1669984720585583338, 10.44489702071463988, 48.58575425994024499 ) ) ;
#3975 = CARTESIAN_POINT ( 'NONE',  ( 3.469970752651450496, 10.04738564709052895, 42.64588581314981752 ) ) ;
#3976 = CARTESIAN_POINT ( 'NONE',  ( 1.162386177177293423, 8.528573519161353644, -4.177831496745519679 ) ) ;
#3977 = CARTESIAN_POINT ( 'NONE',  ( 3.052136099099354016, 4.672497071655512535, -9.972415120815686151 ) ) ;
#3978 = CARTESIAN_POINT ( 'NONE',  ( -1.114884999575227020, 10.93304256096877580, 31.92477848208020674 ) ) ;
#3979 = CARTESIAN_POINT ( 'NONE',  ( -2.975243187886254415, 8.987157153681870625, 50.61120258200732280 ) ) ;
#3980 = CARTESIAN_POINT ( 'NONE',  ( 5.520750900781153270, 8.074935110154894957, 44.48187200612405690 ) ) ;
#3981 = CARTESIAN_POINT ( 'NONE',  ( -4.947871883631925094, 4.249999203037814866, -4.314585878342033887 ) ) ;
#3982 =( NAMED_UNIT ( * ) PLANE_ANGLE_UNIT ( ) SI_UNIT ( $, .RADIAN. ) );
#3983 = CARTESIAN_POINT ( 'NONE',  ( 0.000000000000000000, 10.98282005020366370, 37.31655843375411763 ) ) ;
#3984 = CARTESIAN_POINT ( 'NONE',  ( 1.858280446334320768, 9.279540911574203577, 0.4098883108699040156 ) ) ;
#3985 = CARTESIAN_POINT ( 'NONE',  ( 3.493085893595066160, 6.208317412393616230, 54.02271270721817586 ) ) ;
#3986 = CARTESIAN_POINT ( 'NONE',  ( 5.500296120095795160, 2.001910920230378199, 15.73029452788225058 ) ) ;
#3987 = CARTESIAN_POINT ( 'NONE',  ( -0.5962307658311241099, 10.85537582217657437, 15.74618841297717076 ) ) ;
#3988 = CARTESIAN_POINT ( 'NONE',  ( 0.5439059002444728286, 10.63891172773491611, 49.80056189721232585 ) ) ;
#3989 = CARTESIAN_POINT ( 'NONE',  ( 4.184981576484633869, 8.620616703104873935, 50.14574406499890102 ) ) ;
#3990 = CARTESIAN_POINT ( 'NONE',  ( -5.004668526661038896, 6.134577256542884882, 2.070517126488399473 ) ) ;
#3991 = CARTESIAN_POINT ( 'NONE',  ( 5.754654301027064101, 4.915586578514841598, 50.41983259642716320 ) ) ;
#3992 = CARTESIAN_POINT ( 'NONE',  ( -5.184752975064447433, 1.744788270202326297, 53.87159307636211736 ) ) ;
#3993 = CARTESIAN_POINT ( 'NONE',  ( 1.062138927644231456, 10.96658263340285089, 28.18506595611122023 ) ) ;
#3994 = CARTESIAN_POINT ( 'NONE',  ( 5.900830368437526730, 1.741485780405631179, 48.43778096557521451 ) ) ;
#3995 = CARTESIAN_POINT ( 'NONE',  ( 5.574671027264250789, 3.483754376691716725, 48.47972491874264733 ) ) ;
#3996 = B_SPLINE_CURVE_WITH_KNOTS ( 'NONE', 3,
 ( #427, #1151, #7762, #1711, #3768, #388, #3727, #6377, #508, #5654, #3119, #7110, #5777, #7596, #8416, #2999, #2478, #8251, #8293, #1835, #1191, #342, #5117, #4342, #2314, #4951, #6983, #3685, #3038, #5818, #5333, #3205, #8544, #2045, #7850, #3162, #3291, #674, #2519, #7892, #5948, #1878, #1962, #3248, #5249, #1231, #3812, #3852, #2603, #5291, #5861, #1921 ),
 .UNSPECIFIED., .F., .F.,
 ( 4, 2, 2, 2, 2, 2, 2, 2, 2, 2, 2, 2, 2, 2, 2, 2, 2, 2, 2, 2, 2, 2, 2, 2, 2, 4 ),
 ( 1.022768845709138245E-06, 0.008008730515477574183, 0.01601643826210944269, 0.02402414600874131292, 0.02802799988205724457, 0.03203185375537317275, 0.04003956150200504993, 0.04804726924863691323, 0.06406268474190063289, 0.08007810023516431785, 0.08408195410848019746, 0.08808580798179609095, 0.09609351572842789180, 0.1121089312216915351, 0.1281243467149551507, 0.1441397622082188079, 0.1481436160815347014, 0.1521474699548505949, 0.1601551777014824096, 0.1761705931947460668, 0.1921860086880096963, 0.2001937164346415388, 0.2082014241812733812, 0.2242168396745370940, 0.2402322551678007789, 0.2562476706610645194 ),
 .UNSPECIFIED. ) ;
#3997 = CARTESIAN_POINT ( 'NONE',  ( 0.1156552959966311439, 10.83378013212308311, 48.59173399188969000 ) ) ;
#3998 = CARTESIAN_POINT ( 'NONE',  ( 0.0008766608272150193826, 10.59477588910685419, 50.40448867944004974 ) ) ;
#3999 = CARTESIAN_POINT ( 'NONE',  ( -1.713198132830717535, 8.035930337946727064, 54.10135659674521946 ) ) ;
#4000 = CARTESIAN_POINT ( 'NONE',  ( 2.965899498644171128, 10.18886972656350665, 47.77465077782670022 ) ) ;
#4001 = CARTESIAN_POINT ( 'NONE',  ( -4.827472583577785414, 7.649358209921595098, 24.06875630501359353 ) ) ;
#4002 = CARTESIAN_POINT ( 'NONE',  ( 1.192294195737922280, 7.086311942139322362, -8.662667656634701174 ) ) ;
#4003 = CARTESIAN_POINT ( 'NONE',  ( 0.4007259004765375554, 8.524108894508019674, -4.972396040280044893 ) ) ;
#4004 = CARTESIAN_POINT ( 'NONE',  ( 3.700170262257331366, 7.980482663225315854, -0.1951654608200787677 ) ) ;
#4005 = CARTESIAN_POINT ( 'NONE',  ( 5.917567184575648120, 3.101866265556940672, 49.73707034508274916 ) ) ;
#4006 = B_SPLINE_CURVE_WITH_KNOTS ( 'NONE', 3,
 ( #8227, #7531, #8316, #2935, #4323, #5634, #5542, #1562, #3665, #6878, #409, #3060, #7575, #3581, #3020, #2292, #6921, #5014, #1605, #7658, #7007, #449, #1092, #5715, #6835, #1007, #365, #3622 ),
 .UNSPECIFIED., .F., .F.,
 ( 4, 2, 2, 2, 2, 2, 2, 2, 2, 2, 2, 2, 2, 4 ),
 ( 0.01139654471213698457, 0.02677600215435523012, 0.04215545959657347741, 0.05753491703879171776, 0.07291437448100997198, 0.08829383192322821927, 0.1036732893654464527, 0.1190527468076647000, 0.1344322042498829750, 0.1651911191343188312, 0.1959500340187546874, 0.2267089489031905436, 0.2420884063454084856, 0.2574678637876263720 ),
 .UNSPECIFIED. ) ;
#4007 = CARTESIAN_POINT ( 'NONE',  ( 5.404071101627862639, 5.309429423173238405, 9.122545990828593077 ) ) ;
#4008 = CARTESIAN_POINT ( 'NONE',  ( -5.089609617199442049, 3.755864667613666441, 52.97133777453968406 ) ) ;
#4009 = CARTESIAN_POINT ( 'NONE',  ( 0.03482016141844970075, 10.54648242812869441, 50.70882643186227767 ) ) ;
#4010 = CARTESIAN_POINT ( 'NONE',  ( -0.02018599891195258997, 10.68212385425542621, 49.79933841786658633 ) ) ;
#4011 = CARTESIAN_POINT ( 'NONE',  ( -1.343340499553105083, 8.616618162179852547, -3.580697623596722501 ) ) ;
#4012 = CARTESIAN_POINT ( 'NONE',  ( 1.895122578700777938, 11.05721882050960936, 42.96998574462158160 ) ) ;
#4013 = CARTESIAN_POINT ( 'NONE',  ( -3.348338361795524687, 7.315834926763617574, -3.639125871976903515 ) ) ;
#4014 = CARTESIAN_POINT ( 'NONE',  ( -0.05953058500819458781, 9.429875762101053382, 53.14827125053257362 ) ) ;
#4015 = CARTESIAN_POINT ( 'NONE',  ( 5.658014248975299587, 6.204569175616351906, 49.36767615324281167 ) ) ;
#4016 = CARTESIAN_POINT ( 'NONE',  ( 3.379356109420519338, 10.06941762687258368, 41.45540113598097065 ) ) ;
#4017 = CARTESIAN_POINT ( 'NONE',  ( 0.1876611024171858377, 9.503636265769168645, 52.96290033994542767 ) ) ;
#4018 = CARTESIAN_POINT ( 'NONE',  ( 3.305689201122993026, 9.939631742623982191, 15.74219274353986719 ) ) ;
#4019 = CARTESIAN_POINT ( 'NONE',  ( 0.6293657808779659080, 5.312030324703417961, -13.05844349112336644 ) ) ;
#4020 = CARTESIAN_POINT ( 'NONE',  ( 5.016388009672655635, 6.153576374448443964, 50.63165120805177821 ) ) ;
#4021 = CARTESIAN_POINT ( 'NONE',  ( 0.003258876533991619112, 10.61018018168670629, 50.30326688011879810 ) ) ;
#4022 = CARTESIAN_POINT ( 'NONE',  ( -1.026781717413393968, 9.964673919597997198, 4.083085050914310621 ) ) ;
#4023 = CARTESIAN_POINT ( 'NONE',  ( -1.462434383211648364E-15, 1.562500000000000000, -14.99999999999999822 ) ) ;
#4024 = VERTEX_POINT ( 'NONE', #2848 ) ;
#4025 = CARTESIAN_POINT ( 'NONE',  ( 4.825337610722080228, 7.287556726382745431, 51.10381511287791767 ) ) ;
#4026 = CARTESIAN_POINT ( 'NONE',  ( -5.415243849338241766, 4.828368772904198636, 6.206008468732051142 ) ) ;
#4027 = CARTESIAN_POINT ( 'NONE',  ( 1.254487001419855252, 10.03282847941114220, 50.65540067381245848 ) ) ;
#4028 = CARTESIAN_POINT ( 'NONE',  ( 2.098488812743535728E-32, 1.562500000000000000, 57.50000000000000000 ) ) ;
#4029 = CARTESIAN_POINT ( 'NONE',  ( 2.327660667157353203, 10.26255777853641327, 46.38944149160786168 ) ) ;
#4030 = CARTESIAN_POINT ( 'NONE',  ( 4.279975092787249302, 7.171415031904567527, -0.1962265343922960370 ) ) ;
#4031 = CARTESIAN_POINT ( 'NONE',  ( 5.499055287078021159, 1.743247363346245971, 48.45920311076900333 ) ) ;
#4032 = CARTESIAN_POINT ( 'NONE',  ( -0.5926176318870580717, 10.96108380077812328, 37.31544388693439629 ) ) ;
#4033 = CARTESIAN_POINT ( 'NONE',  ( 0.6792129424321478037, 10.67483378623516366, 49.39674582940897807 ) ) ;
#4034 = CARTESIAN_POINT ( 'NONE',  ( 4.288936493824195395, 8.775877271326075757, 49.41100253524300001 ) ) ;
#4035 = CARTESIAN_POINT ( 'NONE',  ( -0.6009981190632085468, 1.869121656565364553, 57.50000000000000000 ) ) ;
#4036 = CARTESIAN_POINT ( 'NONE',  ( 6.026673369660531243, 5.370513314914441949, 46.84802400866639260 ) ) ;
#4037 = CARTESIAN_POINT ( 'NONE',  ( -5.499719485120825091, 1.765038107349202079, 0.4290896330709432771 ) ) ;
#4038 = CARTESIAN_POINT ( 'NONE',  ( 0.2999591220507833444, 11.06515853530437177, 42.76142520816062387 ) ) ;
#4039 = CARTESIAN_POINT ( 'NONE',  ( 0.9902581268105276058, 10.32857330055334444, 7.835956027069953755 ) ) ;
#4040 = CARTESIAN_POINT ( 'NONE',  ( 5.905057216374657081, 1.815939676474177311, 45.97174186588794242 ) ) ;
#4041 = CARTESIAN_POINT ( 'NONE',  ( 5.251324625910809729, 3.768730775758852403, -2.515411499590083366 ) ) ;
#4042 = CARTESIAN_POINT ( 'NONE',  ( 0.1382957971640659256, 10.55975586310419700, 50.60798357849238016 ) ) ;
#4043 = CARTESIAN_POINT ( 'NONE',  ( 0.001053054836215838860, 10.54669102594193220, 50.70861589881754128 ) ) ;
#4044 = APPLICATION_CONTEXT ( 'automotive_design' ) ;
#4045 = CARTESIAN_POINT ( 'NONE',  ( -2.098854135084082362, 8.751598378563686609, -1.793246485304409221 ) ) ;
#4046 = CARTESIAN_POINT ( 'NONE',  ( 3.069713532432354786, 10.47808262457354189, 45.35007698090259964 ) ) ;
#4047 = CARTESIAN_POINT ( 'NONE',  ( -3.439911672781738261, 5.452975690480950099, -7.634623574439886262 ) ) ;
#4048 = EDGE_CURVE ( 'NONE', #5552, #1313, #86, .T. ) ;
#4049 = CARTESIAN_POINT ( 'NONE',  ( 2.098488812743535728E-32, 1.562500000000000000, 57.50000000000000000 ) ) ;
#4050 = CARTESIAN_POINT ( 'NONE',  ( 0.2756205880321750956, 5.498057592062145282, -13.06746775381697212 ) ) ;
#4051 = CARTESIAN_POINT ( 'NONE',  ( 4.107598733053128726, 9.127823706723429353, 31.92480985224596424 ) ) ;
#4052 = CARTESIAN_POINT ( 'NONE',  ( 6.013543511854636314, 3.314870915403593354, 42.04935089237566359 ) ) ;
#4053 = CARTESIAN_POINT ( 'NONE',  ( 2.098488812743535728E-32, 1.562500000000000000, 57.50000000000000000 ) ) ;
#4054 = CARTESIAN_POINT ( 'NONE',  ( 0.01655643277844739622, 10.54663702526138813, 50.70871037533485293 ) ) ;
#4055 = CARTESIAN_POINT ( 'NONE',  ( -0.02556493721450167275, 11.29310857614990304, 42.19522507560621705 ) ) ;
#4056 = CARTESIAN_POINT ( 'NONE',  ( -1.479433564507644405, 8.412153227160407809, -4.185029095776919839 ) ) ;
#4057 = CARTESIAN_POINT ( 'NONE',  ( 1.911513417329964160, 10.06709126717807301, 50.64015970932902633 ) ) ;
#4058 = CARTESIAN_POINT ( 'NONE',  ( -3.536969552315697651, 7.372371154017888450, 52.71957778860961241 ) ) ;
#4059 = EDGE_CURVE ( 'NONE', #5594, #7321, #4639, .T. ) ;
#4060 = CARTESIAN_POINT ( 'NONE',  ( -0.06605552512227441664, 8.342466396916877969, -5.799450500397111519 ) ) ;
#4061 = CARTESIAN_POINT ( 'NONE',  ( 5.630431536023713157, 6.027032939596079331, 49.79206444861918612 ) ) ;
#4062 = CARTESIAN_POINT ( 'NONE',  ( 5.647305290767795860, 5.428243276099379955, 41.45540113598097065 ) ) ;
#4063 = CARTESIAN_POINT ( 'NONE',  ( 0.2349904930465739616, 10.24777945112779065, 49.94317454617597463 ) ) ;
#4064 = CARTESIAN_POINT ( 'NONE',  ( 3.184684248015010155, 9.427128447385555887, 6.177505979043732331 ) ) ;
#4065 = CARTESIAN_POINT ( 'NONE',  ( 1.453560320299275288, 9.279815815929282508, -0.1925127768895371905 ) ) ;
#4066 = CARTESIAN_POINT ( 'NONE',  ( 3.742181826900959241, 5.021839452910358048, -7.631658643158442779 ) ) ;
#4067 = CARTESIAN_POINT ( 'NONE',  ( 0.002011253408437881345, 11.26365221345628953, 42.99177025050663303 ) ) ;
#4068 = CARTESIAN_POINT ( 'NONE',  ( -0.6903368109408656306, 8.464944604538406026, -4.977944103904714979 ) ) ;
#4069 = CARTESIAN_POINT ( 'NONE',  ( -2.835720776336645432, 8.338104995694283872, -1.804281225737959904 ) ) ;
#4070 = ORIENTED_EDGE ( 'NONE', *, *, #5596, .T. ) ;
#4071 = CARTESIAN_POINT ( 'NONE',  ( 5.163373970210419550, 7.276834947103777651, 49.92118726074068036 ) ) ;
#4072 = CARTESIAN_POINT ( 'NONE',  ( -5.457937702728788310, 5.061233227206456853, 12.44247867187328538 ) ) ;
#4073 = DIRECTION ( 'NONE',  ( -1.000000000000000000, -0.000000000000000000, 3.450755528294924588E-15 ) ) ;
#4074 = CARTESIAN_POINT ( 'NONE',  ( 0.002386832916424086112, 2.241116435403191165, 57.50000000000000711 ) ) ;
#4075 = CARTESIAN_POINT ( 'NONE',  ( 2.092760501991135946, 9.237381750902526889, 51.55984438284144034 ) ) ;
#4076 = CARTESIAN_POINT ( 'NONE',  ( 4.630892474817506432, 8.041318217041482086, 28.18604172806890062 ) ) ;
#4077 = PRODUCT ( 'Shell_Right_2', 'Shell_Right_2', '', ( #5034 ) ) ;
#4078 = CARTESIAN_POINT ( 'NONE',  ( 5.446165634745127271, 1.746795557699608148, -5.137913271749430244 ) ) ;
#4079 = CARTESIAN_POINT ( 'NONE',  ( -0.5016782483323228847, 9.813988976467294734, 51.93511152496061101 ) ) ;
#4080 = AXIS2_PLACEMENT_3D ( 'NONE', #3538, #3491, #7573 ) ;
#4081 = CARTESIAN_POINT ( 'NONE',  ( 0.6171906197563171714, 11.24094579696799734, 42.98425141058344678 ) ) ;
#4082 = CARTESIAN_POINT ( 'NONE',  ( 4.220869385765853465, 8.454976501993444415, 50.46278512622073009 ) ) ;
#4083 = CARTESIAN_POINT ( 'NONE',  ( -5.305377865948408100, 6.156812384362905455, 15.73633242836522683 ) ) ;
#4084 = CARTESIAN_POINT ( 'NONE',  ( 6.065214601661229388, 5.455095150031162632, 42.06622197563422816 ) ) ;
#4085 = CARTESIAN_POINT ( 'NONE',  ( -5.499999999936690642, 1.562500000000004441, 34.88867731846247011 ) ) ;
#4086 = CARTESIAN_POINT ( 'NONE',  ( 1.244753355650190629, 9.821883540189345396, 50.95540067381246985 ) ) ;
#4087 = VECTOR ( 'NONE', #3183, 39.37007874015748143 ) ;
#4088 = CARTESIAN_POINT ( 'NONE',  ( 0.6880891717102030070, 8.245388674676629392, -5.806544823789371534 ) ) ;
#4089 = CARTESIAN_POINT ( 'NONE',  ( 5.900476977646758492, 1.753793121021221424, 50.15924642448079851 ) ) ;
#4090 = CARTESIAN_POINT ( 'NONE',  ( 1.520540276812586855, 2.134952701945166620, -14.99999999999998934 ) ) ;
#4091 = CARTESIAN_POINT ( 'NONE',  ( 0.1227278695348206911, 11.06870629651328741, 46.18531504044417346 ) ) ;
#4092 = CARTESIAN_POINT ( 'NONE',  ( 0.0003644508379104461552, 10.51248829575515664, 50.91166562021712849 ) ) ;
#4093 = CARTESIAN_POINT ( 'NONE',  ( -2.486626537884771171, 10.49207447282146788, 18.26398571349293221 ) ) ;
#4094 = CARTESIAN_POINT ( 'NONE',  ( 3.131305324015495550, 9.561555071546225193, 50.03728323120184740 ) ) ;
#4095 = CARTESIAN_POINT ( 'NONE',  ( -4.289260219370890859, 6.645098689570900774, -1.835178498951890003 ) ) ;
#4096 = CARTESIAN_POINT ( 'NONE',  ( -5.471080142017298975, 3.446556614886870484, 50.64664686715124731 ) ) ;
#4097 = CARTESIAN_POINT ( 'NONE',  ( 0.4759342705609315161, 10.17001575432032645, 50.25734256085832641 ) ) ;
#4098 = CARTESIAN_POINT ( 'NONE',  ( 4.002925410501190662, 8.665906431098729712, 6.183613655405524767 ) ) ;
#4099 = CARTESIAN_POINT ( 'NONE',  ( 5.972920818101578710, 3.082621984527226910, 47.62177786547378844 ) ) ;
#4100 = CARTESIAN_POINT ( 'NONE',  ( 2.667751197802918917, 3.099482876693469890, -12.99346879972948088 ) ) ;
#4101 = CARTESIAN_POINT ( 'NONE',  ( 0.01975441796853744103, 11.07020251114948728, 46.18683086042248931 ) ) ;
#4102 = CARTESIAN_POINT ( 'NONE',  ( -0.04133067946130068032, 11.26364337791646975, 42.99237615615992780 ) ) ;
#4103 = CARTESIAN_POINT ( 'NONE',  ( -1.879549239865243804, 10.75389812141845525, 28.18522858477082238 ) ) ;
#4104 = CARTESIAN_POINT ( 'NONE',  ( 2.118740978298800481, 9.851189590412502639, 51.06054248822793795 ) ) ;
#4105 = CARTESIAN_POINT ( 'NONE',  ( -4.346976098177564474, 8.822684001080112637, 24.06813729875883112 ) ) ;
#4106 = CARTESIAN_POINT ( 'NONE',  ( -0.09098913044287119944, 11.01135718601194391, 33.64227508202000649 ) ) ;
#4107 = CARTESIAN_POINT ( 'NONE',  ( 4.943920448405656920, 8.379297453575524912, 41.45540113598100618 ) ) ;
#4108 = CARTESIAN_POINT ( 'NONE',  ( 0.3455281335826924094, 10.55677130782487261, 10.78761440466412402 ) ) ;
#4109 = CARTESIAN_POINT ( 'NONE',  ( 3.216131691833427730, 9.441379199290810931, 48.55086718638494858 ) ) ;
#4110 = CARTESIAN_POINT ( 'NONE',  ( 1.321692979558065195, 8.472930506655286464, -4.181430296261216206 ) ) ;
#4111 = CARTESIAN_POINT ( 'NONE',  ( 4.774485633802298068, 6.316522521512093036, 0.4191792732252451192 ) ) ;
#4112 = CARTESIAN_POINT ( 'NONE',  ( 0.001662419245487892867, 10.66823248000387103, 49.89993609298458921 ) ) ;
#4113 = CARTESIAN_POINT ( 'NONE',  ( -0.7518154417882438878, 7.317441974252039572, -8.668559121662250178 ) ) ;
#4114 = CARTESIAN_POINT ( 'NONE',  ( -3.514568378487393119, 9.387347794105751930, 9.118933636976512602 ) ) ;
#4115 = ORIENTED_EDGE ( 'NONE', *, *, #2778, .T. ) ;
#4116 = CARTESIAN_POINT ( 'NONE',  ( 5.144572618814286180, 6.918283865116381826, 50.66889122393863687 ) ) ;
#4117 = CARTESIAN_POINT ( 'NONE',  ( -5.566623628168726690, 4.831913373355420482, 48.49340612405851658 ) ) ;
#4118 = DIRECTION ( 'NONE',  ( -1.000000000000000000, 0.000000000000000000, 0.000000000000000000 ) ) ;
#4119 = CARTESIAN_POINT ( 'NONE',  ( 0.02640752541327106434, 11.06383595611288229, 28.18482878931599700 ) ) ;
#4120 = CARTESIAN_POINT ( 'NONE',  ( 2.156245247719292824, 9.743039509775302420, 4.092103481414483213 ) ) ;
#4121 = CARTESIAN_POINT ( 'NONE',  ( 3.320854548907050230, 5.409424442268973010, 54.92502189905771814 ) ) ;
#4122 = CARTESIAN_POINT ( 'NONE',  ( -0.6930260555177348847, 10.85133987103323605, 15.74605522399590996 ) ) ;
#4123 = CARTESIAN_POINT ( 'NONE',  ( 0.7983450957650269908, 10.59232528853975097, 49.80263440546082165 ) ) ;
#4124 = CARTESIAN_POINT ( 'NONE',  ( 4.368298880262061701, 8.449812335470307190, 50.03947942146574945 ) ) ;
#4125 = CARTESIAN_POINT ( 'NONE',  ( -1.974847819832234119, 2.689365294215877444, 57.24716108928504354 ) ) ;
#4126 = CARTESIAN_POINT ( 'NONE',  ( 5.762109933747521673, 5.207806218894718953, 49.99054580566868822 ) ) ;
#4127 = CARTESIAN_POINT ( 'NONE',  ( -5.500000060428329007, 1.562499999999998890, 12.43794881494951809 ) ) ;
#4128 = CARTESIAN_POINT ( 'NONE',  ( 3.333915758683072994, 8.565829360633488321, 50.95540067381244853 ) ) ;
#4129 = CARTESIAN_POINT ( 'NONE',  ( 0.4293999276347739147, 5.436507950040210702, -13.06385804873953127 ) ) ;
#4130 = CARTESIAN_POINT ( 'NONE',  ( 5.899567862174239785, 1.639716695948368663, 45.96746364089619874 ) ) ;
#4131 = CARTESIAN_POINT ( 'NONE',  ( 5.470637621392687500, 4.509821152793543675, 24.07088843766856101 ) ) ;
#4132 = CARTESIAN_POINT ( 'NONE',  ( 0.1917770127790669188, 11.13069882423444845, 45.38382405025559052 ) ) ;
#4133 = CARTESIAN_POINT ( 'NONE',  ( 0.0009589763404023264994, 10.73769605923615522, 49.39664160798380976 ) ) ;
#4134 = CARTESIAN_POINT ( 'NONE',  ( -2.834282873897910449, 10.38251575801094440, 42.65630652179362414 ) ) ;
#4135 = CARTESIAN_POINT ( 'NONE',  ( 3.013321465598369997, 9.307944131099445073, 51.08276952681980987 ) ) ;
#4136 = CARTESIAN_POINT ( 'NONE',  ( -4.009732043419295344, 6.215936812065139705, -4.264202685122266523 ) ) ;
#4137 = CARTESIAN_POINT ( 'NONE',  ( -4.189116698932540572, 2.781178728320933935, -9.937144021708164132 ) ) ;
#4138 = CARTESIAN_POINT ( 'NONE',  ( 0.5194763904417337708, 10.41377037982271681, 48.58164989834545366 ) ) ;
#4139 = CARTESIAN_POINT ( 'NONE',  ( 2.070152273137022547, 4.814552573474075281, 56.34129128139391440 ) ) ;
#4140 = CARTESIAN_POINT ( 'NONE',  ( 5.913278060014382831, 2.860249608893149276, 49.84144144353150807 ) ) ;
#4141 = CARTESIAN_POINT ( 'NONE',  ( 4.295549079131977699, 4.089428038079859995, -7.625728780595553147 ) ) ;
#4142 = CARTESIAN_POINT ( 'NONE',  ( -0.4536038333507430576, 10.55686994683573054, 10.78754781782999039 ) ) ;
#4143 = CARTESIAN_POINT ( 'NONE',  ( 0.03520196289175479831, 10.57916485923855987, 50.50585364726795490 ) ) ;
#4144 = CARTESIAN_POINT ( 'NONE',  ( -0.01574402857344794210, 11.07023915514903045, 46.18739056342943172 ) ) ;
#4145 = CARTESIAN_POINT ( 'NONE',  ( -1.885085223300696278, 10.30450543509341799, 9.117428489538127678 ) ) ;
#4146 = CARTESIAN_POINT ( 'NONE',  ( 1.965320809820679138, 10.22866921574688703, 49.81697445918658218 ) ) ;
#4147 = CARTESIAN_POINT ( 'NONE',  ( -3.991085349466133358, 8.024443956671555966, 50.61938203242517886 ) ) ;
#4148 = ORIENTED_EDGE ( 'NONE', *, *, #5322, .T. ) ;
#4149 = CARTESIAN_POINT ( 'NONE',  ( -0.1863838591721756477, 10.19843964477388276, 6.160200896018677597 ) ) ;
#4150 = CARTESIAN_POINT ( 'NONE',  ( 0.1336388300732492262, 10.91205568500550172, 41.45540113598099197 ) ) ;
#4151 = CARTESIAN_POINT ( 'NONE',  ( 0.1282344760850772925, 6.951023870241553659, -10.03476938530935492 ) ) ;
#4152 = CARTESIAN_POINT ( 'NONE',  ( 2.402756081665112564, 8.111254851652258679, -3.607964139507473078 ) ) ;
#4153 = CARTESIAN_POINT ( 'NONE',  ( 1.253224800346709245, 8.041702573633552120, -5.812850889026926815 ) ) ;
#4154 = CARTESIAN_POINT ( 'NONE',  ( 4.458369326736854710, 5.881130857922618915, -3.086548621962371453 ) ) ;
#4155 = CARTESIAN_POINT ( 'NONE',  ( 0.001967061104117304605, 11.29311396318240845, 42.19488656718187514 ) ) ;
#4156 = CARTESIAN_POINT ( 'NONE',  ( -1.378790716799387583, 10.39926621991638456, 9.116976945306623392 ) ) ;
#4157 = CARTESIAN_POINT ( 'NONE',  ( -2.098488812743535728E-32, 1.562500000000000000, 57.50000000000000000 ) ) ;
#4158 = ORIENTED_EDGE ( 'NONE', *, *, #4691, .F. ) ;
#4159 = CARTESIAN_POINT ( 'NONE',  ( 5.747113022421001638, 7.575045063623208286, 42.87924182062634060 ) ) ;
#4160 = CARTESIAN_POINT ( 'NONE',  ( -5.339291300702767806, 4.281398936940989941, 51.21300844639054617 ) ) ;
#4161 = EDGE_CURVE ( 'NONE', #5723, #2900, #6359, .T. ) ;
#4162 = CARTESIAN_POINT ( 'NONE',  ( 5.848585249803965880, 3.449613765656897701, 50.95540067381246985 ) ) ;
#4163 = CARTESIAN_POINT ( 'NONE',  ( 0.04036906054140071420, 10.55572467529357361, 10.78779196955514408 ) ) ;
#4164 = CARTESIAN_POINT ( 'NONE',  ( 1.825368202021026898, 8.425088288854125196, -3.592383273272762079 ) ) ;
#4165 = CARTESIAN_POINT ( 'NONE',  ( 3.919373166515141449, 6.593459239873397770, -3.662497171328991552 ) ) ;
#4166 = CARTESIAN_POINT ( 'NONE',  ( -0.6047422172013563468, 9.786515016976359504, 51.93723939104059184 ) ) ;
#4167 = CARTESIAN_POINT ( 'NONE',  ( 1.158866651776140344, 10.37608657026414960, 50.52107027351112123 ) ) ;
#4168 = CARTESIAN_POINT ( 'NONE',  ( 4.365218429304542624, 8.237179572812388884, 50.56895712472061177 ) ) ;
#4169 = CARTESIAN_POINT ( 'NONE',  ( -5.262060730246721718, 6.150127951074344956, 20.75039693889289794 ) ) ;
#4170 = CARTESIAN_POINT ( 'NONE',  ( 6.072401933630962922, 4.787812595539923777, 46.02802297303922785 ) ) ;
#4171 = CARTESIAN_POINT ( 'NONE',  ( -5.499879263626465509, 1.562500000000001998, 50.28173799094319207 ) ) ;
#4172 = CARTESIAN_POINT ( 'NONE',  ( 5.188102194955425794, 5.298149338445120371, 50.95540067381246985 ) ) ;
#4173 = CARTESIAN_POINT ( 'NONE',  ( 1.264872142068321326, 10.92409009903030181, 28.18510661327611189 ) ) ;
#4174 = CARTESIAN_POINT ( 'NONE',  ( 5.900045842394629148, 1.562539769172926141, 49.93883564823439514 ) ) ;
#4175 = CARTESIAN_POINT ( 'NONE',  ( 0.7890410813938509849, 1.670398952464579923, 57.49999999999997868 ) ) ;
#4176 = CARTESIAN_POINT ( 'NONE',  ( -1.520540276812586855, 2.134952701945166620, -14.99999999999998934 ) ) ;
#4177 = CARTESIAN_POINT ( 'NONE',  ( 0.2254367673045468701, 11.12948068242344490, 45.38334650701798267 ) ) ;
#4178 = CARTESIAN_POINT ( 'NONE',  ( -2.485182952028693659, 9.495597435374747874, 49.94203142310582422 ) ) ;
#4179 = CARTESIAN_POINT ( 'NONE',  ( 3.261915187018841866, 9.850368390119630391, 48.59243712165302043 ) ) ;
#4180 = CARTESIAN_POINT ( 'NONE',  ( -5.292598225969603831, 7.418651999438905520, 46.31765665416617139 ) ) ;
#4181 = CARTESIAN_POINT ( 'NONE',  ( -5.110070960910176652, 3.281505012517195397, 53.27360110782685609 ) ) ;
#4182 = CARTESIAN_POINT ( 'NONE',  ( 0.3405998882055935040, 6.106882926818460788, 56.43798387073454847 ) ) ;
#4183 = CARTESIAN_POINT ( 'NONE',  ( 3.049119639665958559, 6.235987982183430312, -6.993498216896592012 ) ) ;
#4184 = CARTESIAN_POINT ( 'NONE',  ( 5.928042430081325698, 2.348923816108345886, 47.60710037721110410 ) ) ;
#4185 = CARTESIAN_POINT ( 'NONE',  ( 2.098488812743535728E-32, 1.562500000000000000, 57.50000000000000000 ) ) ;
#4186 = CARTESIAN_POINT ( 'NONE',  ( 0.04946732996605175681, 10.54622445821672905, 50.70892656315491109 ) ) ;
#4187 = CARTESIAN_POINT ( 'NONE',  ( -0.03821367240461849557, 11.07023502572395657, 46.18776399729268434 ) ) ;
#4188 = CARTESIAN_POINT ( 'NONE',  ( -1.543386044665830736, 8.698670155711040408, 53.34112772708196104 ) ) ;
#4189 = CARTESIAN_POINT ( 'NONE',  ( 1.689730258625741444, 10.27509575540384645, 50.12032596094495318 ) ) ;
#4190 = CARTESIAN_POINT ( 'NONE',  ( -0.4450509704153974289, 1.995965763359905942, 57.50000000000000000 ) ) ;
#4191 = ORIENTED_EDGE ( 'NONE', *, *, #8132, .T. ) ;
#4192 = CARTESIAN_POINT ( 'NONE',  ( -0.1052935051152845830, 9.219830099303916171, -1.766763108263894155 ) ) ;
#4193 = PLANE ( 'NONE',  #7823 ) ;
#4194 = CARTESIAN_POINT ( 'NONE',  ( 0.1898666453595780068, 6.943747106226883403, -10.03382462372611528 ) ) ;
#4195 = CARTESIAN_POINT ( 'NONE',  ( 2.159424403607617116, 6.790807541748018039, -7.645000833924969541 ) ) ;
#4196 = CARTESIAN_POINT ( 'NONE',  ( 1.429345729126363151, 9.590402547870686689, 51.54783502571910248 ) ) ;
#4197 = CARTESIAN_POINT ( 'NONE',  ( 4.104230425082019629, 5.228124703232885473, 53.98570381802881712 ) ) ;
#4198 = CARTESIAN_POINT ( 'NONE',  ( 0.003087046210703035289, 10.57936842942570088, 50.50572312591515356 ) ) ;
#4199 = CARTESIAN_POINT ( 'NONE',  ( -1.415875440209745761, 10.78264124395689194, 42.67714793908106685 ) ) ;
#4200 = CARTESIAN_POINT ( 'NONE',  ( -3.146833789511668034, 8.259543451956742999, -1.202000952235697140 ) ) ;
#4201 = ORIENTED_EDGE ( 'NONE', *, *, #2051, .T. ) ;
#4202 = CARTESIAN_POINT ( 'NONE',  ( 5.435417366092050173, 6.676920755970185084, 49.80457342688546873 ) ) ;
#4203 = DIRECTION ( 'NONE',  ( -1.000000000000000000, 0.000000000000000000, 0.000000000000000000 ) ) ;
#4204 = CARTESIAN_POINT ( 'NONE',  ( 0.03235404007506668955, 10.89700443894224158, 42.69656835064425593 ) ) ;
#4205 = CARTESIAN_POINT ( 'NONE',  ( 2.208430371033408335, 9.960610158657319246, 48.56318027116908809 ) ) ;
#4206 = CARTESIAN_POINT ( 'NONE',  ( 4.772375816957638683, 8.176310039643922778, 36.12888808194216494 ) ) ;
#4207 = CARTESIAN_POINT ( 'NONE',  ( -0.7603171518684234131, 10.55431408619538480, 10.78734805732760549 ) ) ;
#4208 = CARTESIAN_POINT ( 'NONE',  ( 0.9049912812695536379, 11.26994077673563588, 41.39023023298928905 ) ) ;
#4209 = CARTESIAN_POINT ( 'NONE',  ( 4.599286176522875635, 8.553831999082019522, 48.99031106244940048 ) ) ;
#4210 = CARTESIAN_POINT ( 'NONE',  ( -4.025167977701206823, 4.567762279862450647, -7.628693711876995742 ) ) ;
#4211 = CARTESIAN_POINT ( 'NONE',  ( 5.869532093513364579, 4.134047461616350283, 50.07884632632969613 ) ) ;
#4212 = CARTESIAN_POINT ( 'NONE',  ( -3.337436675961094057, 1.661760360836310735, -12.95977821900672033 ) ) ;
#4213 = CARTESIAN_POINT ( 'NONE',  ( 2.045682104557187131, 9.456593888042075235, 50.95540067381244143 ) ) ;
#4214 = CARTESIAN_POINT ( 'NONE',  ( 0.9779305416481290925, 9.240340666634311972, 52.96385716242517816 ) ) ;
#4215 = EDGE_CURVE ( 'NONE', #1784, #1487, #3387, .T. ) ;
#4216 = CARTESIAN_POINT ( 'NONE',  ( 5.899927018377002064, 1.562398605853512645, 50.15938438296032587 ) ) ;
#4217 = CARTESIAN_POINT ( 'NONE',  ( 5.504653336192196100, 2.962469273845955264, 34.88845011666776941 ) ) ;
#4218 = CARTESIAN_POINT ( 'NONE',  ( -5.435949082045548053, 3.941597959260323414, 50.64392038367861915 ) ) ;
#4219 = CARTESIAN_POINT ( 'NONE',  ( 0.2550871708006701710, 10.49925814128204848, 50.91444630153158357 ) ) ;
#4220 = CARTESIAN_POINT ( 'NONE',  ( -2.649874206686646527, 10.20111610848433514, 12.45044786460948494 ) ) ;
#4221 = CARTESIAN_POINT ( 'NONE',  ( 3.465533241506738360, 9.105090589907458565, 50.66905240020684431 ) ) ;
#4222 = CARTESIAN_POINT ( 'NONE',  ( -4.341114170654138960, 6.417241727703475895, 52.41500877346948073 ) ) ;
#4223 = CARTESIAN_POINT ( 'NONE',  ( 5.586167604412851873, 5.691532455085448916, 50.54245985364764948 ) ) ;
#4224 = CARTESIAN_POINT ( 'NONE',  ( -5.295293565180827500, 3.277799892219761979, -3.750788746659042161 ) ) ;
#4225 = AXIS2_PLACEMENT_3D ( 'NONE', #7803, #5159, #2477 ) ;
#4226 = CARTESIAN_POINT ( 'NONE',  ( 0.5790578953868837919, 11.03957855126298071, 28.18496431319903550 ) ) ;
#4227 = CARTESIAN_POINT ( 'NONE',  ( 0.8786316922451090639, 3.016743777098651602, -14.99999999999999112 ) ) ;
#4228 = CARTESIAN_POINT ( 'NONE',  ( 5.886816791068867794, 2.632192779160130058, 50.94483710336609761 ) ) ;
#4229 = CARTESIAN_POINT ( 'NONE',  ( 5.216115183470613204, 4.210874824032281971, 52.07714658580009370 ) ) ;
#4230 = CIRCLE ( 'NONE', #8385, 0.1000000000000001582 ) ;
#4231 = CARTESIAN_POINT ( 'NONE',  ( 0.05074846405076650219, 10.63910757691511400, 50.10148117525879741 ) ) ;
#4232 = CARTESIAN_POINT ( 'NONE',  ( -0.001383928017941037309, 10.56341138548110337, 50.60711295435761059 ) ) ;
#4233 = CARTESIAN_POINT ( 'NONE',  ( -0.9873506965154539294, 5.732427555070844782, 56.40466961726426831 ) ) ;
#4234 = CARTESIAN_POINT ( 'NONE',  ( 2.549999499625491328, 10.69275368821395311, 45.35760265464156049 ) ) ;
#4235 = CARTESIAN_POINT ( 'NONE',  ( -4.049091352291758206, 8.103578159985369567, 50.26654083777564352 ) ) ;
#4236 = ORIENTED_EDGE ( 'NONE', *, *, #6857, .T. ) ;
#4237 = CARTESIAN_POINT ( 'NONE',  ( 0.2999591220507830114, 11.06515853530437177, 42.66142520816062245 ) ) ;
#4238 = CARTESIAN_POINT ( 'NONE',  ( 0.3133906586753318346, 10.00234726274562469, 4.077072763914213915 ) ) ;
#4239 = CARTESIAN_POINT ( 'NONE',  ( 2.505345613213112888, 7.567852170712289883, -5.014006517465093182 ) ) ;
#4240 = CARTESIAN_POINT ( 'NONE',  ( 4.957971610812176522, 5.592893898195150371, -0.1979949903459902738 ) ) ;
#4241 = CARTESIAN_POINT ( 'NONE',  ( 0.004395269237855301686, 10.65404958154174864, 50.00066371277301158 ) ) ;
#4242 = CARTESIAN_POINT ( 'NONE',  ( 1.748565541568575243, 1.562499999999999778, -14.99999999999998757 ) ) ;
#4243 = CARTESIAN_POINT ( 'NONE',  ( -0.7873584177384382876, 7.762539060988391526, 55.07439604290608060 ) ) ;
#4244 = CARTESIAN_POINT ( 'NONE',  ( -3.197842591152110447, 8.370114420436891578, -0.5988633297555117085 ) ) ;
#4245 = ORIENTED_EDGE ( 'NONE', *, *, #899, .T. ) ;
#4246 = CARTESIAN_POINT ( 'NONE',  ( 5.243482893258927469, 6.678434245844361961, 50.66603797902735806 ) ) ;
#4247 = CARTESIAN_POINT ( 'NONE',  ( 1.804078832643262631, 11.12798282685568729, 41.45540113598102749 ) ) ;
#4248 = CARTESIAN_POINT ( 'NONE',  ( 0.09829399472756215894, 10.89627674661449142, 42.69562101349483640 ) ) ;
#4249 = CARTESIAN_POINT ( 'NONE',  ( 0.2436895020578685456, 2.137160785905634963, 57.49999999999998579 ) ) ;
#4250 = UNCERTAINTY_MEASURE_WITH_UNIT (LENGTH_MEASURE( 1.000000000000000082E-05 ), #3855, 'distance_accuracy_value', 'NONE');
#4251 = CARTESIAN_POINT ( 'NONE',  ( 5.107430903232057062, 7.464782641804088570, 37.30392690313053095 ) ) ;
#4252 = CARTESIAN_POINT ( 'NONE',  ( -0.6229947513054784336, 9.892505519575447437, 51.53332371919616151 ) ) ;
#4253 = CARTESIAN_POINT ( 'NONE',  ( 0.9782495627810356975, 10.83745148367936473, 47.78172796920085119 ) ) ;
#4254 = CARTESIAN_POINT ( 'NONE',  ( 4.417459099037572834, 8.306908170909901301, 50.25032996735058788 ) ) ;
#4255 = CARTESIAN_POINT ( 'NONE',  ( -2.140057878345333897, 2.519920992763408751, 57.24162475217543999 ) ) ;
#4256 = CARTESIAN_POINT ( 'NONE',  ( 5.885759676579027655, 4.138862691865827337, 49.86242323533495124 ) ) ;
#4257 = CARTESIAN_POINT ( 'NONE',  ( -5.379340216961452370, 1.562499999999997335, -5.899559286043423612 ) ) ;
#4258 = CARTESIAN_POINT ( 'NONE',  ( 4.114212181130700863, 7.701596477102516936, 50.95540067381246985 ) ) ;
#4259 = CARTESIAN_POINT ( 'NONE',  ( 1.090877468273828477, 9.736109278917600918, 51.54183034715793355 ) ) ;
#4260 = CARTESIAN_POINT ( 'NONE',  ( 5.899975017456046800, 1.654643056207625085, 49.82957334386715331 ) ) ;
#4261 = CARTESIAN_POINT ( 'NONE',  ( 5.513257402167708321, 2.844281173623659065, 49.93831998456628440 ) ) ;
#4262 = CARTESIAN_POINT ( 'NONE',  ( -5.505271159312908225, 4.104247317316191079, 36.12784594253119508 ) ) ;
#4263 = CARTESIAN_POINT ( 'NONE',  ( 0.2009991576525378409, 10.63239645192651750, 50.10186736242243910 ) ) ;
#4264 = CARTESIAN_POINT ( 'NONE',  ( -2.519294655277488637, 9.323889570047596109, 2.035405156763931522 ) ) ;
#4265 = CARTESIAN_POINT ( 'NONE',  ( 3.332140035804509015, 9.389681719907519764, 50.14318811350221949 ) ) ;
#4266 = CARTESIAN_POINT ( 'NONE',  ( -2.098488812743535728E-32, 1.562500000000000000, 57.50000000000000000 ) ) ;
#4267 = CARTESIAN_POINT ( 'NONE',  ( 6.051598490689246823, 5.879532433069652342, 45.23873702957489940 ) ) ;
#4268 = CARTESIAN_POINT ( 'NONE',  ( -5.113627134882187342, 3.136254506877533821, -5.881692101203665146 ) ) ;
#4269 = CARTESIAN_POINT ( 'NONE',  ( 0.6854000072075618899, 10.17974687692057500, 49.94293701410943243 ) ) ;
#4270 = CARTESIAN_POINT ( 'NONE',  ( 4.368448121482883195, 8.836098588321744884, 34.88759810993741439 ) ) ;
#4271 = CARTESIAN_POINT ( 'NONE',  ( 5.936763812674712426, 2.294920267596913366, 43.60111317688276245 ) ) ;
#4272 = CARTESIAN_POINT ( 'NONE',  ( 5.320868267946085695, 4.689035804242174699, 2.082385961324838775 ) ) ;
#4273 = CARTESIAN_POINT ( 'NONE',  ( 0.06567322493239113879, 10.63875042331692633, 50.10150046422337766 ) ) ;
#4274 = CARTESIAN_POINT ( 'NONE',  ( -0.0007715146061706794605, 10.61018182429462620, 50.30325968063183950 ) ) ;
#4275 = CARTESIAN_POINT ( 'NONE',  ( -2.327660667157353203, 10.26255777853641327, 46.38944149160786168 ) ) ;
#4276 = CARTESIAN_POINT ( 'NONE',  ( 2.290755033365311277, 9.931939240230368782, 50.44066068345259168 ) ) ;
#4277 = CARTESIAN_POINT ( 'NONE',  ( -4.264624796292307174, 7.822464385723494118, 50.26734068794225152 ) ) ;
#4278 = CARTESIAN_POINT ( 'NONE',  ( 0.000000000000000000, 10.07135517728292662, 51.11069383336149485 ) ) ;
#4279 = CARTESIAN_POINT ( 'NONE',  ( -0.2034164377524780298, 10.85862201291332951, 15.74672116890211981 ) ) ;
#4280 = FACE_OUTER_BOUND ( 'NONE', #2386, .T. ) ;
#4281 = CARTESIAN_POINT ( 'NONE',  ( 0.2668523483904400306, 7.452778014906269455, -8.674450586689808063 ) ) ;
#4282 = CARTESIAN_POINT ( 'NONE',  ( 0.3342717697036678426, 2.077014394004675690, 57.50000000000000000 ) ) ;
#4283 = CARTESIAN_POINT ( 'NONE',  ( 4.589612086713733774, 5.128072972714021738, -4.292993081247851173 ) ) ;
#4284 = CARTESIAN_POINT ( 'NONE',  ( 0.005320204833136415144, 11.22384908793224945, 43.78967713468033196 ) ) ;
#4285 = CARTESIAN_POINT ( 'NONE',  ( 5.499999999964850339, 1.562500000000002887, 36.12711644494349628 ) ) ;
#4286 = CARTESIAN_POINT ( 'NONE',  ( -1.292254852895379891, 9.764141131583338407, 51.12774626886638885 ) ) ;
#4287 = CARTESIAN_POINT ( 'NONE',  ( -2.628954164918248182, 7.152543647710242425, -5.830192568430218714 ) ) ;
#4288 = ORIENTED_EDGE ( 'NONE', *, *, #8023, .T. ) ;
#4289 = CARTESIAN_POINT ( 'NONE',  ( 5.466686845984182419, 7.219416259013759607, 48.54799141532435414 ) ) ;
#4290 = CARTESIAN_POINT ( 'NONE',  ( 6.061701141767202650, 4.358747336562619701, 41.45540113598098486 ) ) ;
#4291 = CARTESIAN_POINT ( 'NONE',  ( 0.05387363042362890847, 8.861526104270012638, 54.15918298610340997 ) ) ;
#4292 = CARTESIAN_POINT ( 'NONE',  ( 2.303214918561453217, 9.107844325281837072, 51.56384750188222910 ) ) ;
#4293 = CARTESIAN_POINT ( 'NONE',  ( 4.956466627525635715, 7.357089128244409970, 33.64160192102445279 ) ) ;
#4294 = CARTESIAN_POINT ( 'NONE',  ( -0.6162760753981226802, 10.94837973035649092, 18.26467122041692903 ) ) ;
#4295 = CARTESIAN_POINT ( 'NONE',  ( 1.160698398009884391, 11.03911773417085307, 45.37250140552275468 ) ) ;
#4296 = CARTESIAN_POINT ( 'NONE',  ( 4.309969223462419841, 8.163522709729530646, 50.88879089228664299 ) ) ;
#4297 = CARTESIAN_POINT ( 'NONE',  ( -4.886428311826128024, 4.779522791192725606, 52.74675829711507191 ) ) ;
#4298 = CARTESIAN_POINT ( 'NONE',  ( 6.088074049479025085, 4.508226622097793346, 43.63005948583302995 ) ) ;
#4299 = PLANE ( 'NONE',  #5188 ) ;
#4300 = DIRECTION ( 'NONE',  ( 3.450755528294923799E-15, 0.000000000000000000, 1.000000000000000000 ) ) ;
#4301 = CARTESIAN_POINT ( 'NONE',  ( 5.899815577850047177, 1.562921441452376659, 49.28542545918860185 ) ) ;
#4302 = CARTESIAN_POINT ( 'NONE',  ( 5.509998071415253662, 3.632528661840104700, 9.123850451941839523 ) ) ;
#4303 = CARTESIAN_POINT ( 'NONE',  ( -5.502701615899349363, 4.361348039285090294, 12.44147203700132742 ) ) ;
#4304 = CARTESIAN_POINT ( 'NONE',  ( 0.2559666447001329170, 10.51692824913180146, 50.81259574295795289 ) ) ;
#4305 = CARTESIAN_POINT ( 'NONE',  ( -2.990277296613805369, 10.21670367652864719, 31.92479590995020189 ) ) ;
#4306 = CARTESIAN_POINT ( 'NONE',  ( 3.697176592753656621, 9.544780124860308135, 48.58941081287804309 ) ) ;
#4307 = CARTESIAN_POINT ( 'NONE',  ( -4.391906471403743240, 6.017422522545004426, 52.73467807111252625 ) ) ;
#4308 = CARTESIAN_POINT ( 'NONE',  ( 5.599217774255136781, 5.551948561303413854, 50.64953639997493440 ) ) ;
#4309 = CARTESIAN_POINT ( 'NONE',  ( -5.479836678398898542, 3.569653634572164780, 28.18709881435639986 ) ) ;
#4310 = CARTESIAN_POINT ( 'NONE',  ( 0.5688291455047977951, 9.537073673913868177, 52.68660883847800847 ) ) ;
#4311 = B_SPLINE_CURVE_WITH_KNOTS ( 'NONE', 3,
 ( #7026, #2355, #8374, #2438 ),
 .UNSPECIFIED., .F., .F.,
 ( 4, 4 ),
 ( 0.2191472564270762480, 0.2422237182835589864 ),
 .UNSPECIFIED. ) ;
#4312 = CARTESIAN_POINT ( 'NONE',  ( 3.473904865839334111, 6.948460145086944095, -4.242609888028082032 ) ) ;
#4313 = CARTESIAN_POINT ( 'NONE',  ( 5.882751696811835629, 2.633300461842706053, 51.05735244128990047 ) ) ;
#4314 = CARTESIAN_POINT ( 'NONE',  ( 5.510240482416511654, 4.944634593800614653, 37.29946871585156742 ) ) ;
#4315 = CARTESIAN_POINT ( 'NONE',  ( 0.07465524895670874739, 11.13334933639309909, 45.38557896275814585 ) ) ;
#4316 = ADVANCED_FACE ( 'NONE', ( #4280 ), #2378, .F. ) ;
#4317 = CARTESIAN_POINT ( 'NONE',  ( -0.0006566367459809334308, 10.63954214342651916, 50.10146107094400492 ) ) ;
#4318 = CARTESIAN_POINT ( 'NONE',  ( -1.668961605747832921, 8.493718522614807753, -3.588488056714084440 ) ) ;
#4319 = CARTESIAN_POINT ( 'NONE',  ( 2.282398529005071453, 9.909599010553684195, 50.54426836105687926 ) ) ;
#4320 = CARTESIAN_POINT ( 'NONE',  ( -4.430461030574836201, 8.072637709574028264, 6.187685439646684493 ) ) ;
#4321 = EDGE_LOOP ( 'NONE', ( #5540, #3799 ) ) ;
#4322 = CARTESIAN_POINT ( 'NONE',  ( -4.752936517497105662, 3.713344211796164807, -6.581328107597395949 ) ) ;
#4323 = CARTESIAN_POINT ( 'NONE',  ( 5.500364159435678246, 1.643095136919836552, 42.46894589525542330 ) ) ;
#4324 = CARTESIAN_POINT ( 'NONE',  ( 0.2600626674608697564, 9.615633329189114065, 52.68333711060238045 ) ) ;
#4325 = CARTESIAN_POINT ( 'NONE',  ( 2.015501139497772431, 6.474718935503851469, -8.650884726579615602 ) ) ;
#4326 = CARTESIAN_POINT ( 'NONE',  ( 4.585213147088271768, 5.339110708790578919, 52.96959809730372370 ) ) ;
#4327 = CARTESIAN_POINT ( 'NONE',  ( 0.003537351369706749800, 10.51248575033076804, 50.91169188769534060 ) ) ;
#4328 = CARTESIAN_POINT ( 'NONE',  ( 5.479280429146417219, 1.562499999999998668, -4.379364269624596240 ) ) ;
#4329 = CARTESIAN_POINT ( 'NONE',  ( -1.605850039714408428, 10.80743031986010649, 39.79054735722112923 ) ) ;
#4330 = CARTESIAN_POINT ( 'NONE',  ( -3.885173744163915810, 9.446158758638347308, 33.64184305332121028 ) ) ;
#4331 = EDGE_LOOP ( 'NONE', ( #1528, #1272 ) ) ;
#4332 = CARTESIAN_POINT ( 'NONE',  ( 5.258793919855913046, 6.372876286407808344, 51.09837582762546049 ) ) ;
#4333 = CARTESIAN_POINT ( 'NONE',  ( 2.413795868706690051, 10.96232546507487804, 41.45540113598100618 ) ) ;
#4334 = CARTESIAN_POINT ( 'NONE',  ( 0.01560731770875096840, 9.472340085827733347, -0.1909506407971078845 ) ) ;
#4335 = CARTESIAN_POINT ( 'NONE',  ( 2.098854135084082362, 8.751598378563686609, -1.793246485304409221 ) ) ;
#4336 = CARTESIAN_POINT ( 'NONE',  ( 5.049208089402179134, 7.427057837936687612, 36.12867965406007897 ) ) ;
#4337 = CARTESIAN_POINT ( 'NONE',  ( -0.5365463716617429046, 7.393274582727213051, -8.671259376466551316 ) ) ;
#4338 = CARTESIAN_POINT ( 'NONE',  ( 1.178698414114244697, 10.46346824870511583, 50.01029788002685450 ) ) ;
#4339 = CARTESIAN_POINT ( 'NONE',  ( 4.571364693815283431, 8.102921357054640339, 50.24924732688685935 ) ) ;
#4340 = CARTESIAN_POINT ( 'NONE',  ( -5.349526603466003394, 5.694100770780479159, 9.122244961340918223 ) ) ;
#4341 = CARTESIAN_POINT ( 'NONE',  ( -1.748565541568575243, 1.562499999999999778, -14.99999999999998757 ) ) ;
#4342 = CARTESIAN_POINT ( 'NONE',  ( 3.258671286028948622, 9.167194354440018955, 50.95540067381247695 ) ) ;
#4343 = DIRECTION ( 'NONE',  ( -0.000000000000000000, -0.000000000000000000, -1.000000000000000000 ) ) ;
#4344 = CARTESIAN_POINT ( 'NONE',  ( 5.201549288885754407, 3.193040683736671603, -5.110172953626072712 ) ) ;
#4345 = CARTESIAN_POINT ( 'NONE',  ( -2.098488812743535728E-32, 1.562500000000000000, 57.50000000000000000 ) ) ;
#4346 = CARTESIAN_POINT ( 'NONE',  ( 0.2345809316066398420, 11.28903624365580427, 42.19224534183913278 ) ) ;
#4347 = CARTESIAN_POINT ( 'NONE',  ( -2.709883599086526651, 8.927145719864189033, 0.4117465033409706265 ) ) ;
#4348 = CARTESIAN_POINT ( 'NONE',  ( 3.450717143409652632, 9.631532230417837681, 49.00227002594772330 ) ) ;
#4349 = CARTESIAN_POINT ( 'NONE',  ( -4.379007513536610219, 6.263015728503759760, -2.464151542730720568 ) ) ;
#4350 = CARTESIAN_POINT ( 'NONE',  ( 5.649106424305892382, 5.732100796111328833, 50.10876701266995781 ) ) ;
#4351 = CARTESIAN_POINT ( 'NONE',  ( -5.471125642568112291, 2.838793021632542324, 51.23006088189536911 ) ) ;
#4352 = CARTESIAN_POINT ( 'NONE',  ( 0.4582608645815134385, 8.840091102100030795, -3.559273932523994599 ) ) ;
#4353 = CARTESIAN_POINT ( 'NONE',  ( 4.370382655226500823, 8.797778872316635912, 18.26304765138635133 ) ) ;
#4354 = CARTESIAN_POINT ( 'NONE',  ( 5.943002813108513749, 2.583652880888653858, 47.61182500700684272 ) ) ;
#4355 = CARTESIAN_POINT ( 'NONE',  ( 5.415413371853262881, 5.331737189178846315, 20.75056410855416189 ) ) ;
#4356 = CARTESIAN_POINT ( 'NONE',  ( 0.03968149592445945062, 11.00642699065986285, 46.98694766885316199 ) ) ;
#4357 = CARTESIAN_POINT ( 'NONE',  ( -0.001165030014388269931, 11.26365200694273838, 42.99181252659323604 ) ) ;
#4358 = CARTESIAN_POINT ( 'NONE',  ( -2.211431684950877052, 10.60415314132737663, 42.66577989328779807 ) ) ;
#4359 = CARTESIAN_POINT ( 'NONE',  ( 2.241824041621352848, 10.19490724904483336, 49.40942904700268912 ) ) ;
#4360 = CARTESIAN_POINT ( 'NONE',  ( -3.813196400447192769, 6.968889980737402290, -3.055829001344649853 ) ) ;
#4361 = CARTESIAN_POINT ( 'NONE',  ( 0.000000000000000000, 8.556791476880691860, -4.964073944843031327 ) ) ;
#4362 = CARTESIAN_POINT ( 'NONE',  ( -5.265336192365315249, 4.201874077381590133, -0.6152876304247912875 ) ) ;
#4363 = DIRECTION ( 'NONE',  ( 3.450742196830996785E-15, 0.000000000000000000, 1.000000000000000000 ) ) ;
#4364 = CARTESIAN_POINT ( 'NONE',  ( 0.2615931935417131204, 8.543114760067362923, -4.969622008467705854 ) ) ;
#4365 = CARTESIAN_POINT ( 'NONE',  ( 3.032664295894638151, 8.014858208632052339, -2.419299080478774844 ) ) ;
#4366 = AXIS2_PLACEMENT_3D ( 'NONE', #6075, #1572, #6845 ) ;
#4367 = CARTESIAN_POINT ( 'NONE',  ( 4.719181903650361498, 5.289764472504117521, -3.101908432271234251 ) ) ;
#4368 = CARTESIAN_POINT ( 'NONE',  ( 0.004091719256043522060, 10.59477286312670152, 50.40449757705505363 ) ) ;
#4369 = CARTESIAN_POINT ( 'NONE',  ( 5.499410469505514598, 1.562499999999996891, -3.194067294124409706 ) ) ;
#4370 = CARTESIAN_POINT ( 'NONE',  ( -1.191267208972998315, 8.803007439367908304, -2.979029949800330090 ) ) ;
#4371 = CARTESIAN_POINT ( 'NONE',  ( -1.462434383211648364E-15, 1.562500000000000000, -14.99999999999999822 ) ) ;
#4372 = ORIENTED_EDGE ( 'NONE', *, *, #4048, .T. ) ;
#4373 = CARTESIAN_POINT ( 'NONE',  ( -0.01709192888409180947, 5.550067267009787031, -13.07258150267667496 ) ) ;
#4374 = CARTESIAN_POINT ( 'NONE',  ( 5.323463359824007313, 6.267740343168807016, 50.98805656765774330 ) ) ;
#4375 = CARTESIAN_POINT ( 'NONE',  ( 6.057092970913651619, 5.197825190032519416, 41.45540113598099197 ) ) ;
#4376 = CARTESIAN_POINT ( 'NONE',  ( 0.02079000748595790510, 8.557004877259752007, -4.964536283478421019 ) ) ;
#4377 = CARTESIAN_POINT ( 'NONE',  ( 2.512323065395920541, 10.19464105274987098, 46.38617854445147515 ) ) ;
#4378 = CARTESIAN_POINT ( 'NONE',  ( 1.723826924400568172, 2.928837022957248237, 57.25546559494959098 ) ) ;
#4379 = APPLICATION_CONTEXT ( 'automotive_design' ) ;
#4380 = CARTESIAN_POINT ( 'NONE',  ( -0.8321769770054977533, 10.14712377426783974, 49.94286278533866863 ) ) ;
#4381 = CARTESIAN_POINT ( 'NONE',  ( 5.385186797338961995, 8.387523832425227255, 41.31462806055944981 ) ) ;
#4382 = CARTESIAN_POINT ( 'NONE',  ( -5.310606036541023478, 5.507949922079404814, 49.93956702791547286 ) ) ;
#4383 = CARTESIAN_POINT ( 'NONE',  ( -4.087794922112336963E-05, 11.31379217906611778, 41.45540113598099197 ) ) ;
#4384 = FACE_BOUND ( 'NONE', #8404, .T. ) ;
#4385 = CARTESIAN_POINT ( 'NONE',  ( 5.906995132716107655, 1.836771818846403281, 43.65179304084092848 ) ) ;
#4386 = CARTESIAN_POINT ( 'NONE',  ( 5.501934108256063105, 3.031079455756448215, 20.75095417109691098 ) ) ;
#4387 = CARTESIAN_POINT ( 'NONE',  ( -0.2390351128243355383, 6.143017752201041404, 56.44367167010755537 ) ) ;
#4388 = CARTESIAN_POINT ( 'NONE',  ( 0.2966519402120064153, 11.17723363168691364, 44.58341908615282279 ) ) ;
#4389 = CARTESIAN_POINT ( 'NONE',  ( -2.753171457635682273, 9.340656193346603686, 49.94188296556431084 ) ) ;
#4390 = CARTESIAN_POINT ( 'NONE',  ( 4.048084582018367961, 9.643085910539017647, 46.94757437871112415 ) ) ;
#4391 = CARTESIAN_POINT ( 'NONE',  ( -1.462434383211648364E-15, 1.562500000000000000, -14.99999999999999822 ) ) ;
#4392 = CARTESIAN_POINT ( 'NONE',  ( 5.986481574678033546, 6.149493939572889367, 46.05407559600147493 ) ) ;
#4393 = CARTESIAN_POINT ( 'NONE',  ( -5.417140425190452468, 2.782258383570136662, -3.163347673506678337 ) ) ;
#4394 = CARTESIAN_POINT ( 'NONE',  ( 0.9030793038959057384, 10.92045689703408584, 18.26456298248155719 ) ) ;
#4395 = CARTESIAN_POINT ( 'NONE',  ( 5.905934996720861641, 2.167804947418672690, 49.83307324880599509 ) ) ;
#4396 = CARTESIAN_POINT ( 'NONE',  ( 5.446171944087466521, 5.100464822728655534, 20.75061983177448965 ) ) ;
#4397 = CARTESIAN_POINT ( 'NONE',  ( 0.09649200408674650509, 10.68056462761155423, 49.79912998201992025 ) ) ;
#4398 = CARTESIAN_POINT ( 'NONE',  ( -0.009348256143819209246, 11.29311202025939131, 42.19502447964075742 ) ) ;
#4399 = CARTESIAN_POINT ( 'NONE',  ( -1.816946761217260509, 9.108650106562794946, -0.5935840902546726250 ) ) ;
#4400 = CARTESIAN_POINT ( 'NONE',  ( 2.682211037584865121, 10.64378289179427739, 45.35583537003665100 ) ) ;
#4401 = CARTESIAN_POINT ( 'NONE',  ( -4.725393837088550875, 8.140454281325858688, 34.88771171083475764 ) ) ;
#4402 = CARTESIAN_POINT ( 'NONE',  ( -0.002386832916424086112, 2.241116435403191165, 57.50000000000000711 ) ) ;
#4403 = CARTESIAN_POINT ( 'NONE',  ( -5.467285574846398433, 4.486093326255337743, 7.857448209624680935 ) ) ;
#4404 = CARTESIAN_POINT ( 'NONE',  ( -0.2259728497859836149, 10.15102128225247391, 50.59433246552049468 ) ) ;
#4405 = DIRECTION ( 'NONE',  ( -1.000000000000000000, -0.000000000000000000, 3.450755528294924588E-15 ) ) ;
#4406 = CARTESIAN_POINT ( 'NONE',  ( 0.3727181255784319247, 10.19677892371551842, 6.161218842078974411 ) ) ;
#4407 = CARTESIAN_POINT ( 'NONE',  ( 3.430041567895648846, 8.396161492951483396, 51.15758803099983254 ) ) ;
#4408 = CARTESIAN_POINT ( 'NONE',  ( 5.887692725041193675, 3.612468980205257196, 50.17887282720977993 ) ) ;
#4409 = CARTESIAN_POINT ( 'NONE',  ( 4.235650554649994959, 4.755808793040580795, -6.576921718263331051 ) ) ;
#4410 = CARTESIAN_POINT ( 'NONE',  ( 0.007164681946476968849, 10.51247815302543032, 50.91172214693985154 ) ) ;
#4411 = CARTESIAN_POINT ( 'NONE',  ( 5.105468789210449110, 1.724406248549015919, -7.611892434615462832 ) ) ;
#4412 = CARTESIAN_POINT ( 'NONE',  ( -0.9716583994332749219, 8.155268061356142795, -5.809697856408145178 ) ) ;
#4413 = CARTESIAN_POINT ( 'NONE',  ( -3.907367091663321634, 9.496880078681160242, 24.06772462792235245 ) ) ;
#4414 = VERTEX_POINT ( 'NONE', #5586 ) ;
#4415 = CARTESIAN_POINT ( 'NONE',  ( -0.01757953935625993641, 9.002309112509667699, -2.948950321278811515 ) ) ;
#4416 = CARTESIAN_POINT ( 'NONE',  ( 5.646670359549306184, 6.691361153431446773, 48.53636583817380767 ) ) ;
#4417 = CARTESIAN_POINT ( 'NONE',  ( 3.491709030789820201, 10.47247816328105330, 41.45540113598100618 ) ) ;
#4418 = CARTESIAN_POINT ( 'NONE',  ( 0.09289154437139755804, 10.19917729361216097, 6.159691922988527857 ) ) ;
#4419 = CARTESIAN_POINT ( 'NONE',  ( 2.386822397504646975, 9.885239088296108534, 48.56112809037175282 ) ) ;
#4420 = CARTESIAN_POINT ( 'NONE',  ( 0.8780316721306626881, 8.580061790429638791, 54.12911326363714437 ) ) ;
#4421 = CARTESIAN_POINT ( 'NONE',  ( 3.770935584539117258, 5.873414656532765399, -5.849110764142916530 ) ) ;
#4422 = CARTESIAN_POINT ( 'NONE',  ( -0.5680995498430740920, 8.492926395070325540, -4.975632410727767407 ) ) ;
#4423 = EDGE_CURVE ( 'NONE', #1058, #2847, #6714, .T. ) ;
#4424 = CARTESIAN_POINT ( 'NONE',  ( 4.763881166915165721, 7.573359120703150538, 50.78167115115335406 ) ) ;
#4425 = CARTESIAN_POINT ( 'NONE',  ( -5.686985053470104745, 5.884647520469293625, 42.57767753839097224 ) ) ;
#4426 = CARTESIAN_POINT ( 'NONE',  ( -9.500040877949189166, 0.1805908214217741559, 50.95540067381245564 ) ) ;
#4427 = DIRECTION ( 'NONE',  ( 0.000000000000000000, 0.000000000000000000, 1.000000000000000000 ) ) ;
#4428 = DIRECTION ( 'NONE',  ( 0.000000000000000000, 0.000000000000000000, 1.000000000000000000 ) ) ;
#4429 = CARTESIAN_POINT ( 'NONE',  ( 5.517985892498296963, 2.071839032420283555, 42.52652133232194132 ) ) ;
#4430 = CARTESIAN_POINT ( 'NONE',  ( -0.4633983940111173760, 10.99771111374453980, 33.64223489330387906 ) ) ;
#4431 = CARTESIAN_POINT ( 'NONE',  ( 0.3112837173735838459, 10.91856578561986346, 47.78580901096027844 ) ) ;
#4432 = CARTESIAN_POINT ( 'NONE',  ( -3.096890621507134789, 9.001808139689821076, 2.040845039397300997 ) ) ;
#4433 = CARTESIAN_POINT ( 'NONE',  ( 4.133374299089054738, 9.813998178298211528, 45.32957430624783512 ) ) ;
#4434 = CARTESIAN_POINT ( 'NONE',  ( -5.104143665219048387, 6.998331148409469904, 34.88788211218084001 ) ) ;
#4435 = CARTESIAN_POINT ( 'NONE',  ( 5.644746581542542607, 5.432256522248164465, 50.53806495564219148 ) ) ;
#4436 = CARTESIAN_POINT ( 'NONE',  ( -5.501225960908878498, 3.975231623915310486, 20.75084272465613111 ) ) ;
#4437 = CARTESIAN_POINT ( 'NONE',  ( 0.8036467801873760086, 10.04240113950545599, 50.59791097507830671 ) ) ;
#4438 = CARTESIAN_POINT ( 'NONE',  ( 5.912985408316732361, 1.979451629371140831, 41.26189885709265326 ) ) ;
#4439 = CARTESIAN_POINT ( 'NONE',  ( 2.098488812743535728E-32, 1.562500000000000000, 57.50000000000000000 ) ) ;
#4440 = CARTESIAN_POINT ( 'NONE',  ( 0.07974881119708338018, 10.59357964956038956, 50.40476963799331145 ) ) ;
#4441 = CARTESIAN_POINT ( 'NONE',  ( -0.0001447394878165942321, 10.92939608215883673, 47.78928467201887287 ) ) ;
#4442 = CARTESIAN_POINT ( 'NONE',  ( -1.882121614498883932, 9.207726519712441160, 51.96224181748055315 ) ) ;
#4443 = CARTESIAN_POINT ( 'NONE',  ( 2.854098667577327664, 10.78085585143913150, 42.16118114074762246 ) ) ;
#4444 = CARTESIAN_POINT ( 'NONE',  ( -1.556114481840085828, 3.081320319311955824, 57.26100193205925848 ) ) ;
#4445 = CARTESIAN_POINT ( 'NONE',  ( -0.1358886842682534568, 8.126845551128393907, -6.555440570259748689 ) ) ;
#4446 = CARTESIAN_POINT ( 'NONE',  ( 0.8321008163193388540, 11.08152448227771991, 41.75540113598098912 ) ) ;
#4447 = CARTESIAN_POINT ( 'NONE',  ( 0.3098676599707611001, 9.284462855164886008, 53.35490315741000700 ) ) ;
#4448 = CARTESIAN_POINT ( 'NONE',  ( 3.869060588320823335, 9.437639890230180129, 31.92480636667185934 ) ) ;
#4449 = CARTESIAN_POINT ( 'NONE',  ( 5.869823548294122340, 3.867560905059723275, 50.29229742720072238 ) ) ;
#4450 = CARTESIAN_POINT ( 'NONE',  ( 4.657982002097713625, 4.987454997187491301, 53.11918600053422779 ) ) ;
#4451 = CARTESIAN_POINT ( 'NONE',  ( 0.01562627722566958810, 11.07021850280159470, 46.18689288140144100 ) ) ;
#4452 = CARTESIAN_POINT ( 'NONE',  ( -0.03184195580070857401, 10.54668815004943205, 50.70838606128948811 ) ) ;
#4453 = CARTESIAN_POINT ( 'NONE',  ( -1.233327832545831004, 9.153261785136241002, -1.185489217717494714 ) ) ;
#4454 = CARTESIAN_POINT ( 'NONE',  ( -0.6944285072958719107, 3.214210599776589294, -14.99999999999998934 ) ) ;
#4455 = EDGE_LOOP ( 'NONE', ( #2129, #1139, #3756, #2682, #2641 ) ) ;
#4456 = CARTESIAN_POINT ( 'NONE',  ( -0.02640752541327106434, 11.06383595611288229, 28.18482878931599700 ) ) ;
#4457 = CARTESIAN_POINT ( 'NONE',  ( 5.931319592734146440, 6.828152545765309611, 43.66195793630767952 ) ) ;
#4458 = FACE_OUTER_BOUND ( 'NONE', #1519, .T. ) ;
#4459 = CARTESIAN_POINT ( 'NONE',  ( 0.09825628771743219469, 8.023028199669072436, 55.11024583742977256 ) ) ;
#4460 = CARTESIAN_POINT ( 'NONE',  ( 2.753171457635682273, 9.340656193346603686, 49.94188296556431084 ) ) ;
#4461 = CARTESIAN_POINT ( 'NONE',  ( 1.011639029790970090, 8.718786257212626012, -3.572907190479365891 ) ) ;
#4462 = CARTESIAN_POINT ( 'NONE',  ( 4.556819224961369486, 6.518149422108693969, -0.6070754800901517756 ) ) ;
#4463 = CARTESIAN_POINT ( 'NONE',  ( -0.4956699946102974264, 6.874204229068920924, -10.02878589528218356 ) ) ;
#4464 = CARTESIAN_POINT ( 'NONE',  ( 4.784041077807928311, 7.595376261457758460, 50.67423721195321207 ) ) ;
#4465 = CARTESIAN_POINT ( 'NONE',  ( -4.835325002742845157, 4.547095684694882678, -4.307388279310643497 ) ) ;
#4466 = DIRECTION ( 'NONE',  ( -1.000000000000000000, 0.000000000000000000, 3.450755528294923799E-15 ) ) ;
#4467 = CARTESIAN_POINT ( 'NONE',  ( 2.099966102960975967, 10.67358329892428870, 20.74958895219710087 ) ) ;
#4468 = CARTESIAN_POINT ( 'NONE',  ( 5.945084360085980180, 2.449935454607526708, 46.00031448822711155 ) ) ;
#4469 = CARTESIAN_POINT ( 'NONE',  ( 5.157766859219147015, 2.118514642760201738, 53.88392937275864369 ) ) ;
#4470 = CARTESIAN_POINT ( 'NONE',  ( -0.3211550761973964718, 9.478647664159872477, 52.96307430766902513 ) ) ;
#4471 = CARTESIAN_POINT ( 'NONE',  ( 0.2931670538897147016, 10.63953901892419474, 50.00126517752619293 ) ) ;
#4472 = CARTESIAN_POINT ( 'NONE',  ( 4.032140861799381248, 8.394774696894616639, 51.09998185172648988 ) ) ;
#4473 = CARTESIAN_POINT ( 'NONE',  ( -4.593345337087872515, 5.588692832418430179, -3.094228527116802852 ) ) ;
#4474 = CARTESIAN_POINT ( 'NONE',  ( 5.640110703488583788, 5.284488793495643932, 50.75504108853450447 ) ) ;
#4475 = CARTESIAN_POINT ( 'NONE',  ( -5.517490754122203356, 2.115044551881249291, 46.23282002809871472 ) ) ;
#4476 = EDGE_CURVE ( 'NONE', #5064, #287, #5477, .T. ) ;
#4477 = CARTESIAN_POINT ( 'NONE',  ( 0.3677185849214883451, 5.464377980214690567, -13.06536209252179859 ) ) ;
#4478 = CARTESIAN_POINT ( 'NONE',  ( 5.901933598793002389, 1.957498973467887593, 50.15989225000132024 ) ) ;
#4479 = CARTESIAN_POINT ( 'NONE',  ( 4.975176398245650944, 3.875930936764116819, -5.097227471835164003 ) ) ;
#4480 = CARTESIAN_POINT ( 'NONE',  ( 0.1116143191732904272, 10.67999701862333062, 49.79912612217510315 ) ) ;
#4481 = CARTESIAN_POINT ( 'NONE',  ( -0.0006648262510189004160, 10.56341143658352166, 50.60711728674937149 ) ) ;
#4482 = CARTESIAN_POINT ( 'NONE',  ( -1.825368202021026898, 8.425088288854125196, -3.592383273272762079 ) ) ;
#4483 = CARTESIAN_POINT ( 'NONE',  ( 2.578218291320739652, 9.937879408494909583, 49.82449665623535395 ) ) ;
#4484 = CARTESIAN_POINT ( 'NONE',  ( -3.552335820831545643, 6.528938907514986845, -5.041746835588454267 ) ) ;
#4485 = DIRECTION ( 'NONE',  ( 0.000000000000000000, 0.000000000000000000, 1.000000000000000000 ) ) ;
#4486 = CARTESIAN_POINT ( 'NONE',  ( 0.4387331157037332452, 9.936480591911267979, 51.52982099003546068 ) ) ;
#4487 = CARTESIAN_POINT ( 'NONE',  ( 1.928903899482321327, 4.952696270260227962, 56.35104179460466867 ) ) ;
#4488 = CARTESIAN_POINT ( 'NONE',  ( 5.868069767041998119, 3.610051046791382667, 50.50861503315019974 ) ) ;
#4489 = CARTESIAN_POINT ( 'NONE',  ( 4.779002511331731817, 5.100110437749230563, 52.74373824061445504 ) ) ;
#4490 = AXIS2_PLACEMENT_3D ( 'NONE', #2774, #6804, #4118 ) ;
#4491 = CARTESIAN_POINT ( 'NONE',  ( 0.008706759880757143980, 10.78872244238714373, 48.99441690929826621 ) ) ;
#4492 = CARTESIAN_POINT ( 'NONE',  ( -0.05812726371499889882, 10.65404843828852499, 50.00073124516172385 ) ) ;
#4493 = CARTESIAN_POINT ( 'NONE',  ( -1.189930842154289126, 7.689011782759048508, -6.993407671787997160 ) ) ;
#4494 = CARTESIAN_POINT ( 'NONE',  ( 1.472873105479423517, 11.17088470218988050, 42.17928919473929739 ) ) ;
#4495 = CARTESIAN_POINT ( 'NONE',  ( -3.133661475692786524, 7.534023489550815356, -3.631335438859562004 ) ) ;
#4496 = CARTESIAN_POINT ( 'NONE',  ( -0.02922156018284804285, 11.02787196389733104, 31.92476831582287744 ) ) ;
#4497 = CARTESIAN_POINT ( 'NONE',  ( 5.884562146410933892, 6.843923915055661666, 41.29534361662824438 ) ) ;
#4498 = CARTESIAN_POINT ( 'NONE',  ( 4.201378413893940765E-05, 10.63600178166865362, 50.12641464204175179 ) ) ;
#4499 = CARTESIAN_POINT ( 'NONE',  ( 0.06863258618668867383, 7.472432700487025237, -8.676659886075135830 ) ) ;
#4500 = CARTESIAN_POINT ( 'NONE',  ( 2.730878210019126229, 10.37764150225683757, 18.26388950199477179 ) ) ;
#4501 = CARTESIAN_POINT ( 'NONE',  ( 1.530126587740141542, 10.83783867106871490, 33.64212437433445047 ) ) ;
#4502 = CARTESIAN_POINT ( 'NONE',  ( 5.040233511459912386, 6.724961159778692021, 6.195829008129083881 ) ) ;
#4503 = CARTESIAN_POINT ( 'NONE',  ( -0.2607896742693298076, 3.997346041337576317, 57.29560403899455423 ) ) ;
#4504 = VECTOR ( 'NONE', #4343, 39.37007874015748143 ) ;
#4505 = CARTESIAN_POINT ( 'NONE',  ( 5.268377210872547955, 8.614734826953187152, 43.69653819471062661 ) ) ;
#4506 = CARTESIAN_POINT ( 'NONE',  ( -5.369487684727881849, 5.220042808076311047, 6.203972576611464618 ) ) ;
#4507 = CARTESIAN_POINT ( 'NONE',  ( 5.747133004596825856, 2.611486588432053058, 41.45540113598099197 ) ) ;
#4508 = CARTESIAN_POINT ( 'NONE',  ( 0.2999591220508075473, 10.49036719615494562, 49.76803607791001838 ) ) ;
#4509 = CARTESIAN_POINT ( 'NONE',  ( 1.833830874730359994, 9.177973756856802723, -0.1928664680802761044 ) ) ;
#4510 = CARTESIAN_POINT ( 'NONE',  ( 4.430461030574836201, 8.072637709574028264, 6.187685439646684493 ) ) ;
#4511 = CARTESIAN_POINT ( 'NONE',  ( 5.447037992496784220, 2.165473808415090851, 52.11544817524004003 ) ) ;
#4512 = CARTESIAN_POINT ( 'NONE',  ( -0.3928338799241409274, 10.18305173730281510, 50.25714259831665487 ) ) ;
#4513 = CARTESIAN_POINT ( 'NONE',  ( 0.2922877391083666954, 10.62481370955583415, 50.10231806033168311 ) ) ;
#4514 = CARTESIAN_POINT ( 'NONE',  ( -0.2600626674608697564, 9.615633329189114065, 52.68333711060238045 ) ) ;
#4515 = CARTESIAN_POINT ( 'NONE',  ( 3.947696182363600759, 8.484996100997770796, 51.09892988903445143 ) ) ;
#4516 = CARTESIAN_POINT ( 'NONE',  ( -5.525791859852631660, 6.634541076104571999, 46.30460486554039079 ) ) ;
#4517 = CARTESIAN_POINT ( 'NONE',  ( 6.075311392660789345, 5.744852563708572113, 44.43764542175284049 ) ) ;
#4518 = CARTESIAN_POINT ( 'NONE',  ( -5.512425619784742992, 2.071494917842987782, 39.72454361854622817 ) ) ;
#4519 = CARTESIAN_POINT ( 'NONE',  ( 0.6610621787238188940, 11.04850797124021788, 24.06588480377662620 ) ) ;
#4520 = CARTESIAN_POINT ( 'NONE',  ( 5.922691706665159650, 2.093063754042526980, 44.38138106545741834 ) ) ;
#4521 = CARTESIAN_POINT ( 'NONE',  ( 5.481510081196843132, 4.615082375777880941, 10.78142182908989000 ) ) ;
#4522 = CARTESIAN_POINT ( 'NONE',  ( 0.07817773820878416713, 10.51121190139290995, 50.91237041225364379 ) ) ;
#4523 = CARTESIAN_POINT ( 'NONE',  ( -0.0006629593962868664606, 11.26365211480550066, 42.99180548122467371 ) ) ;
#4524 = CARTESIAN_POINT ( 'NONE',  ( -1.986754255880482711, 8.974081787940617616, 52.35724480060451214 ) ) ;
#4525 = CARTESIAN_POINT ( 'NONE',  ( 2.570020983691096550, 9.916882878731662743, 49.92754560263571051 ) ) ;
#4526 = CARTESIAN_POINT ( 'NONE',  ( -4.658578011696877574, 8.081286890261601741, 31.92482030896780998 ) ) ;
#4527 = CARTESIAN_POINT ( 'NONE',  ( 0.000000000000000000, 9.779552821031902710, 2.014140161015306685 ) ) ;
#4528 = CARTESIAN_POINT ( 'NONE',  ( 1.879549239865243804, 10.75389812141845525, 28.18522858477082238 ) ) ;
#4529 = CARTESIAN_POINT ( 'NONE',  ( -0.1149318048324623337, 6.173906564185345225, 56.45098455501565127 ) ) ;
#4530 = DIRECTION ( 'NONE',  ( -1.000000000000000000, 0.000000000000000000, 0.000000000000000000 ) ) ;
#4531 = CARTESIAN_POINT ( 'NONE',  ( 0.3943782292558740687, 11.02054152390305752, 20.74935212851038813 ) ) ;
#4532 = CARTESIAN_POINT ( 'NONE',  ( 2.962203188699269685, 7.530873267265897120, 53.32330069959853347 ) ) ;
#4533 = CARTESIAN_POINT ( 'NONE',  ( 5.998726414342733904, 3.620710890659399883, 47.63247310213033359 ) ) ;
#4534 = CARTESIAN_POINT ( 'NONE',  ( 5.324579840572839728, 5.839786126392272791, 20.75045266211334649 ) ) ;
#4535 = CARTESIAN_POINT ( 'NONE',  ( 0.009502991230661292713, 10.57935222222171134, 50.50574786975671060 ) ) ;
#4536 = CARTESIAN_POINT ( 'NONE',  ( -0.03259698620472301772, 10.63953968137175998, 50.10146422851390469 ) ) ;
#4537 = CARTESIAN_POINT ( 'NONE',  ( -0.1668393416762919412, 2.183224181305106981, 57.50000000000000000 ) ) ;
#4538 = CARTESIAN_POINT ( 'NONE',  ( 1.427628363072841688, 10.34497431006993828, 50.21840343533896345 ) ) ;
#4539 = CARTESIAN_POINT ( 'NONE',  ( -2.967427231662842502, 6.879190229087939201, 54.05046937411008656 ) ) ;
#4540 = CARTESIAN_POINT ( 'NONE',  ( -0.01851380681373022974, 8.879865550842607647, -3.546289877328397289 ) ) ;
#4541 = CARTESIAN_POINT ( 'NONE',  ( 5.529459934777793073, 6.266717744106764520, 50.01102535710150221 ) ) ;
#4542 = CARTESIAN_POINT ( 'NONE',  ( 8.701729260101826802E-05, 10.62511873797072504, 50.20142001470183857 ) ) ;
#4543 = CARTESIAN_POINT ( 'NONE',  ( 1.462434383211648364E-15, 1.562500000000000000, -14.99999999999999822 ) ) ;
#4544 = CARTESIAN_POINT ( 'NONE',  ( 1.018484212451576498, 4.972338285599645857, -13.04701275837815722 ) ) ;
#4545 = CARTESIAN_POINT ( 'NONE',  ( 1.190557423781945623, 9.426448233124620657, 52.34349147373198008 ) ) ;
#4546 = CARTESIAN_POINT ( 'NONE',  ( 4.969624417174951070, 7.183557362297221083, 9.121040843390220587 ) ) ;
#4547 = CARTESIAN_POINT ( 'NONE',  ( -1.026063938023904054, 10.98858171105275261, 24.06607394457663318 ) ) ;
#4548 = EDGE_LOOP ( 'NONE', ( #4288, #6325 ) ) ;
#4549 = CARTESIAN_POINT ( 'NONE',  ( 5.407116294203293094, 8.362192682404343103, 43.69097945606434052 ) ) ;
#4550 = CARTESIAN_POINT ( 'NONE',  ( -4.504413957550896797, 4.244466400785745996, -6.579124912930368829 ) ) ;
#4551 = CARTESIAN_POINT ( 'NONE',  ( 0.000000000000000000, 9.768373196363459243, 52.32148615073577247 ) ) ;
#4552 = CARTESIAN_POINT ( 'NONE',  ( 1.634152625982995044, 8.346632601636837734, -4.188627895292616365 ) ) ;
#4553 = CARTESIAN_POINT ( 'NONE',  ( 4.563803355144569807, 8.428438629106686619, 18.26290333413927058 ) ) ;
#4554 = CARTESIAN_POINT ( 'NONE',  ( 5.503684986816870683, 2.964467885943901315, 18.26059425818464632 ) ) ;
#4555 = CARTESIAN_POINT ( 'NONE',  ( -0.4071390963339768243, 8.307467226462819099, -5.803391791170590785 ) ) ;
#4556 = CARTESIAN_POINT ( 'NONE',  ( 0.4067743889289979209, 10.51770441559793312, 50.71260901680361144 ) ) ;
#4557 = CARTESIAN_POINT ( 'NONE',  ( -0.2772409907781293037, 9.860775327018927783, 51.93032382628064170 ) ) ;
#4558 = CARTESIAN_POINT ( 'NONE',  ( 3.828647459606824288, 8.747027977608691884, 50.77908845920489966 ) ) ;
#4559 = CARTESIAN_POINT ( 'NONE',  ( -2.266940925728048839, 3.654798466957745351, -13.00790762003923540 ) ) ;
#4560 = CARTESIAN_POINT ( 'NONE',  ( 5.796283487171709048, 5.524093737944594018, 49.35322962054437568 ) ) ;
#4561 = CARTESIAN_POINT ( 'NONE',  ( -4.854774945767787564, 2.026567475027734933, -8.589024343790322646 ) ) ;
#4562 = CARTESIAN_POINT ( 'NONE',  ( 0.8590639548583841600, 10.97451360914680052, 20.74942178253587954 ) ) ;
#4563 = CARTESIAN_POINT ( 'NONE',  ( 5.907872556061398939, 2.045691885188562154, 48.86348483292587019 ) ) ;
#4564 = CARTESIAN_POINT ( 'NONE',  ( 5.490018607267235673, 4.524664735021016959, 36.12795015647229491 ) ) ;
#4565 = CARTESIAN_POINT ( 'NONE',  ( 0.1083058518091369049, 10.54427880802301409, 50.70937860939922359 ) ) ;
#4566 = CARTESIAN_POINT ( 'NONE',  ( -0.0005769904123685866415, 10.57936993938100834, 50.50570941275613279 ) ) ;
#4567 = CARTESIAN_POINT ( 'NONE',  ( -1.996577098276174800, 9.047886947390415102, -0.5941706724214325108 ) ) ;
#4568 = CARTESIAN_POINT ( 'NONE',  ( 2.812936193261065920, 9.810732619186040893, 49.82694340276339062 ) ) ;
#4569 = CARTESIAN_POINT ( 'NONE',  ( -4.580728254771017305, 7.147689064381339108, 50.62551662023860644 ) ) ;
#4570 = CARTESIAN_POINT ( 'NONE',  ( 1.598343470668639021, 9.508769546538688999, 51.55083736499967273 ) ) ;
#4571 = CARTESIAN_POINT ( 'NONE',  ( 0.3044408687380391054, 9.546235133511258297, 0.4067293836690871744 ) ) ;
#4572 = CARTESIAN_POINT ( 'NONE',  ( 1.462434383211648364E-15, 1.562500000000000000, -14.99999999999999822 ) ) ;
#4573 = CARTESIAN_POINT ( 'NONE',  ( 6.044906313165437695, 4.186308490046053876, 46.82454375148478931 ) ) ;
#4574 = CARTESIAN_POINT ( 'NONE',  ( 5.050510913431233817, 5.311257279135762843, 51.64691222197887299 ) ) ;
#4575 = CARTESIAN_POINT ( 'NONE',  ( 0.01377246534627481547, 10.66820206466331555, 49.89991692785519461 ) ) ;
#4576 = CARTESIAN_POINT ( 'NONE',  ( -0.04521539586904526481, 10.63953870794519752, 50.10146547949913298 ) ) ;
#4577 = CARTESIAN_POINT ( 'NONE',  ( -1.462434383211648364E-15, 1.562500000000000000, -14.99999999999999822 ) ) ;
#4578 = CARTESIAN_POINT ( 'NONE',  ( 1.276369132185711575, 10.29566679969694398, 50.72914696296271586 ) ) ;
#4579 = CARTESIAN_POINT ( 'NONE',  ( -4.140677216278279893, 9.176595487179973532, 24.06793096334070370 ) ) ;
#4580 = CARTESIAN_POINT ( 'NONE',  ( -0.06863258618668867383, 7.472432700487025237, -8.676659886075135830 ) ) ;
#4581 = CARTESIAN_POINT ( 'NONE',  ( 5.427027914440178513, 6.036378337811171946, 50.87579104061315149 ) ) ;
#4582 = CARTESIAN_POINT ( 'NONE',  ( 5.501279691065798616, 1.703346643617042577, 41.45540113598099907 ) ) ;
#4583 = CARTESIAN_POINT ( 'NONE',  ( 0.1211790980219900060, 9.424942753880825919, 53.14792082583381472 ) ) ;
#4584 = CARTESIAN_POINT ( 'NONE',  ( 2.605241513348395710, 9.924757652273699549, 7.840620996926787711 ) ) ;
#4585 = CARTESIAN_POINT ( 'NONE',  ( 1.329067251556445006, 9.665354274758900743, 2.026008995851746874 ) ) ;
#4586 = EDGE_CURVE ( 'NONE', #1784, #6712, #6963, .T. ) ;
#4587 = CARTESIAN_POINT ( 'NONE',  ( 4.379007513536610219, 6.263015728503759760, -2.464151542730720568 ) ) ;
#4588 = CARTESIAN_POINT ( 'NONE',  ( -0.7001487681232625437, 9.416227988474824784, -0.1918053945080603062 ) ) ;
#4589 = CARTESIAN_POINT ( 'NONE',  ( -2.581387727860082748, 8.171012960388331692, 52.96577080738471466 ) ) ;
#4590 = ORIENTED_EDGE ( 'NONE', *, *, #6857, .F. ) ;
#4591 = CARTESIAN_POINT ( 'NONE',  ( 5.274507048814508714, 7.036490994541209076, 49.91745884053719351 ) ) ;
#4592 = CARTESIAN_POINT ( 'NONE',  ( -5.351555857483923262, 5.380093318781995038, 33.64140097744362379 ) ) ;
#4593 = CARTESIAN_POINT ( 'NONE',  ( -4.087794922112336963E-05, 10.91363031909794046, 41.45540113598099197 ) ) ;
#4594 = CARTESIAN_POINT ( 'NONE',  ( 0.000000000000000000, 9.517662491782347800, 52.96263938836002438 ) ) ;
#4595 = CARTESIAN_POINT ( 'NONE',  ( 1.745538569179845734, 8.800737310392403145, 52.96472700104318676 ) ) ;
#4596 = CARTESIAN_POINT ( 'NONE',  ( 3.946515258672941950, 7.196269461405402801, -1.826350706605054164 ) ) ;
#4597 = CARTESIAN_POINT ( 'NONE',  ( 5.499719485120825091, 1.765038107349202079, 0.4290896330709432771 ) ) ;
#4598 = CARTESIAN_POINT ( 'NONE',  ( -0.6432438384641164797, 10.43606512630325511, 9.116374886331277239 ) ) ;
#4599 = CARTESIAN_POINT ( 'NONE',  ( 0.6711254980047499652, 10.61561850813733443, 49.80159815133657020 ) ) ;
#4600 = CARTESIAN_POINT ( 'NONE',  ( 4.683311203779975784, 9.147081595649790842, 46.12365716398619497 ) ) ;
#4601 = CARTESIAN_POINT ( 'NONE',  ( -5.336585739254276817, 6.439010835556378431, 48.50982357043740478 ) ) ;
#4602 = CARTESIAN_POINT ( 'NONE',  ( 6.080427633812163002, 5.599406936236364096, 43.64381217973097904 ) ) ;
#4603 = CARTESIAN_POINT ( 'NONE',  ( -5.500014060381270831, 1.775772820700650012, 34.88863945149667956 ) ) ;
#4604 = CARTESIAN_POINT ( 'NONE',  ( 0.6846895102175825087, 9.043130295012323572, -2.371242870923128354 ) ) ;
#4605 = CARTESIAN_POINT ( 'NONE',  ( 5.909301398314958043, 1.899117830170492294, 45.16860616226905023 ) ) ;
#4606 = CARTESIAN_POINT ( 'NONE',  ( 5.485961370605566323, 4.807823479272792078, 18.26131584442047995 ) ) ;
#4607 = CARTESIAN_POINT ( 'NONE',  ( 0.1963816799384939527, 11.22076949370790722, 43.78704207198821052 ) ) ;
#4608 = CARTESIAN_POINT ( 'NONE',  ( -0.0002961484394043189584, 11.07024199412849974, 46.18713382765105990 ) ) ;
#4609 = CARTESIAN_POINT ( 'NONE',  ( -1.784659329692809493, 8.276551649071592465, -4.192226694808312892 ) ) ;
#4610 = CARTESIAN_POINT ( 'NONE',  ( 2.724206215352463101, 9.600244957477920948, 50.76190915699486794 ) ) ;
#4611 = CARTESIAN_POINT ( 'NONE',  ( -5.136187731982473359, 7.785526194611073869, 46.32418254847921446 ) ) ;
#4612 = CARTESIAN_POINT ( 'NONE',  ( 1.885085223300696278, 10.30450543509341799, 9.117428489538127678 ) ) ;
#4613 = CARTESIAN_POINT ( 'NONE',  ( 0.4318877231182002840, 10.95870208462092599, 18.26474337904051026 ) ) ;
#4614 = CARTESIAN_POINT ( 'NONE',  ( 3.170016123976520106, 7.302798177010875413, 53.32005942187437597 ) ) ;
#4615 = CARTESIAN_POINT ( 'NONE',  ( 5.935293798679230015, 2.849068490379448981, 48.87663886704435612 ) ) ;
#4616 = CARTESIAN_POINT ( 'NONE',  ( 5.310446775361513438, 5.607511628539270987, 6.201936684490867435 ) ) ;
#4617 = CARTESIAN_POINT ( 'NONE',  ( 0.009545643982492369936, 11.13389927026857684, 45.38658345499701596 ) ) ;
#4618 = CARTESIAN_POINT ( 'NONE',  ( -0.05023289868811238457, 10.92938852412381756, 47.79001609536358330 ) ) ;
#4619 = CARTESIAN_POINT ( 'NONE',  ( -1.748495111338453256, 10.43737015322603234, 46.39923033307741917 ) ) ;
#4620 = CARTESIAN_POINT ( 'NONE',  ( 1.285867071962935704, 10.33455471947952198, 50.52358426524311596 ) ) ;
#4621 = CARTESIAN_POINT ( 'NONE',  ( -3.221241361874089382, 7.405374359719258948, 53.13180128969016636 ) ) ;
#4622 = CARTESIAN_POINT ( 'NONE',  ( -0.06056435400358505666, 9.516551077916888701, 52.96272637222181601 ) ) ;
#4623 = CARTESIAN_POINT ( 'NONE',  ( 5.689391782066214098, 6.069436417674281437, 49.36480560606175771 ) ) ;
#4624 = DIRECTION ( 'NONE',  ( -1.000000000000000000, 0.000000000000000000, 0.000000000000000000 ) ) ;
#4625 = CARTESIAN_POINT ( 'NONE',  ( 0.1122407929899105344, 9.000194302644256794, -2.952150281759823969 ) ) ;
#4626 = CARTESIAN_POINT ( 'NONE',  ( 2.612590289701502311, 9.057901849950996009, 51.14479870437126152 ) ) ;
#4627 = CARTESIAN_POINT ( 'NONE',  ( 1.522857090119479562, 10.27859518176382103, 7.837455481666797397 ) ) ;
#4628 = CARTESIAN_POINT ( 'NONE',  ( 5.104143665219048387, 6.998331148409469904, 34.88788211218084001 ) ) ;
#4629 = CARTESIAN_POINT ( 'NONE',  ( -1.011119750642182069, 10.10065784834353408, 49.94277371081376060 ) ) ;
#4630 = CARTESIAN_POINT ( 'NONE',  ( -3.003160153558472878, 8.744369933321628707, 0.4124897803293992582 ) ) ;
#4631 = EDGE_LOOP ( 'NONE', ( #6072, #5419, #4236, #7486 ) ) ;
#4632 = CARTESIAN_POINT ( 'NONE',  ( 5.055173985999806163, 7.524805779193513899, 49.81837283912413739 ) ) ;
#4633 = CLOSED_SHELL ( 'NONE', ( #7399, #5115, #6332, #1627, #4316, #3516, #7120, #2525, #216, #7498, #3579, #7758, #639, #3141, #6966, #2258, #8033, #6129, #7130, #2365, #4952, #1889, #6918, #386, #119, #1268, #7387, #5057, #7869 ) ) ;
#4634 = CARTESIAN_POINT ( 'NONE',  ( -0.6772677289702115910, 1.798889069581669498, 57.50000000000000711 ) ) ;
#4635 = CARTESIAN_POINT ( 'NONE',  ( 5.578627020034633024E-13, 10.50443857165585904, 50.95540067381244853 ) ) ;
#4636 = DIRECTION ( 'NONE',  ( -1.000000000000000000, -0.000000000000000000, 3.450755528294924588E-15 ) ) ;
#4637 = CARTESIAN_POINT ( 'NONE',  ( 0.2026035283024303635, 2.162522715749841673, 57.50000000000002132 ) ) ;
#4638 = CARTESIAN_POINT ( 'NONE',  ( 4.526606206748171601, 8.321745756078691159, 12.44700852879701358 ) ) ;
#4639 = CIRCLE ( 'NONE', #5758, 0.1000000000000001582 ) ;
#4640 = CARTESIAN_POINT ( 'NONE',  ( 5.355823156074387192, 2.104015563229022501, -5.893253220805862114 ) ) ;
#4641 = CARTESIAN_POINT ( 'NONE',  ( -1.462434383211648364E-15, 1.562500000000000000, -14.99999999999999822 ) ) ;
#4642 = CARTESIAN_POINT ( 'NONE',  ( 0.6628753646234138985, 10.55474164024031580, 50.20691684698928015 ) ) ;
#4643 = CARTESIAN_POINT ( 'NONE',  ( 4.200550764844845020, 8.643731585233521031, 50.04039422841296414 ) ) ;
#4644 = CARTESIAN_POINT ( 'NONE',  ( -5.309905319670325419, 6.662506465589157045, 37.30244084070415767 ) ) ;
#4645 = CARTESIAN_POINT ( 'NONE',  ( 5.670662870636725472, 4.875057834362194420, 51.07986922345985192 ) ) ;
#4646 = CARTESIAN_POINT ( 'NONE',  ( -5.304529121620302767, 1.751990970657506086, 53.25739471920553569 ) ) ;
#4647 = CARTESIAN_POINT ( 'NONE',  ( 2.098488812743535728E-32, 1.562500000000000000, 57.50000000000000000 ) ) ;
#4648 = CARTESIAN_POINT ( 'NONE',  ( 5.900269377783903479, 1.754541157833546139, 50.27022760212333452 ) ) ;
#4649 = CARTESIAN_POINT ( 'NONE',  ( 5.433689547748118187, 4.306139898117718801, 31.92485516470748053 ) ) ;
#4650 = CARTESIAN_POINT ( 'NONE',  ( 0.1452516938845117844, 10.78579685362538321, 48.99351550787419285 ) ) ;
#4651 = CARTESIAN_POINT ( 'NONE',  ( 0.0006812935144544599595, 10.65405285831317350, 50.00066700364624239 ) ) ;
#4652 = CARTESIAN_POINT ( 'NONE',  ( -2.466552061245919081, 10.50896692340945826, 31.92479068158911559 ) ) ;
#4653 = CARTESIAN_POINT ( 'NONE',  ( 3.089257553024900016, 10.54276239739228771, 44.54844671318188887 ) ) ;
#4654 = CARTESIAN_POINT ( 'NONE',  ( -4.870300481013675409, 7.770817674140319653, 34.88776851128357492 ) ) ;
#4655 = CARTESIAN_POINT ( 'NONE',  ( 1.916176121131025312, 10.72876983629253544, 33.64208418561822356 ) ) ;
#4656 = CARTESIAN_POINT ( 'NONE',  ( 0.3852429513817638984, 8.851089410830891069, -3.557326324244656668 ) ) ;
#4657 = CARTESIAN_POINT ( 'NONE',  ( 0.7570048265063907822, 3.148830950756978719, -15.00000000000000000 ) ) ;
#4658 = CARTESIAN_POINT ( 'NONE',  ( 5.916843081219211875, 3.355153093025292410, 49.74115733781193427 ) ) ;
#4659 = CARTESIAN_POINT ( 'NONE',  ( 5.419591208160743356, 5.411835150038265319, 12.44298198930923505 ) ) ;
#4660 = CARTESIAN_POINT ( 'NONE',  ( 0.03501910942348936129, 10.56320443558032274, 50.60729921544488263 ) ) ;
#4661 = CARTESIAN_POINT ( 'NONE',  ( -0.01390904279897858808, 10.73769471313455526, 49.39673413542205793 ) ) ;
#4662 = CARTESIAN_POINT ( 'NONE',  ( -1.706272714967887127, 10.79533346070309285, 31.92478371044122198 ) ) ;
#4663 = CARTESIAN_POINT ( 'NONE',  ( 1.925721516455636495, 10.10954772057903739, 50.43354655459196323 ) ) ;
#4664 = CARTESIAN_POINT ( 'NONE',  ( -1.612548439602651040, 4.402884498250489997, -13.02956585050385208 ) ) ;
#4665 = CARTESIAN_POINT ( 'NONE',  ( -0.05927196710582306738, 8.747466929993089835, -4.150840500377791287 ) ) ;
#4666 = CARTESIAN_POINT ( 'NONE',  ( 5.959775527712179333, 6.389417423463274126, 41.29127824485836129 ) ) ;
#4667 = CARTESIAN_POINT ( 'NONE',  ( 5.556402423769988275, 2.633810131465498916, 41.45540113598102039 ) ) ;
#4668 = CARTESIAN_POINT ( 'NONE',  ( 0.2057150271455492063, 11.08571368682075864, 24.06560968988564753 ) ) ;
#4669 = CARTESIAN_POINT ( 'NONE',  ( 2.890112354545162798, 9.855032479241801369, 9.118331578001171778 ) ) ;
#4670 = CARTESIAN_POINT ( 'NONE',  ( 1.353485236598463759, 9.933239868296737995, 50.25934218627522654 ) ) ;
#4671 = CARTESIAN_POINT ( 'NONE',  ( 5.577886942599493914, 6.765697478530589670, 42.58904558418412734 ) ) ;
#4672 = CARTESIAN_POINT ( 'NONE',  ( 0.002974320475445970269, 10.78873175832167242, 48.99446117071156692 ) ) ;
#4673 = CARTESIAN_POINT ( 'NONE',  ( -0.9232883770343359719, 9.798776108311962219, 51.53882800787728513 ) ) ;
#4674 = CARTESIAN_POINT ( 'NONE',  ( -3.056848202490729083, 9.139746182555443355, 49.94170481651435267 ) ) ;
#4675 = CARTESIAN_POINT ( 'NONE',  ( 5.180277926307579328, 7.293520040328065335, 49.81508921696978121 ) ) ;
#4676 = CARTESIAN_POINT ( 'NONE',  ( -5.689699246612994088, 4.918631555243743847, 46.27850128828892196 ) ) ;
#4677 = DIRECTION ( 'NONE',  ( -0.000000000000000000, -0.000000000000000000, -1.000000000000000000 ) ) ;
#4678 = CARTESIAN_POINT ( 'NONE',  ( 2.098488812743535728E-32, 1.562500000000000000, 57.50000000000000000 ) ) ;
#4679 = CARTESIAN_POINT ( 'NONE',  ( 2.374057416792969555, 10.59505838826176216, 39.78547014655367775 ) ) ;
#4680 = CARTESIAN_POINT ( 'NONE',  ( 4.749314097313003025, 8.634752512098241795, 39.76516130388457526 ) ) ;
#4681 = EDGE_CURVE ( 'NONE', #2466, #8324, #3539, .T. ) ;
#4682 = CARTESIAN_POINT ( 'NONE',  ( 5.257522031258608841, 2.084869521155741978, -6.587937691598506618 ) ) ;
#4683 = CARTESIAN_POINT ( 'NONE',  ( -0.3724239832195354594, 9.452602710391881047, -0.1914517033173217253 ) ) ;
#4684 = CARTESIAN_POINT ( 'NONE',  ( 0.6607469913735455336, 10.53889766097747760, 50.30856311423898575 ) ) ;
#4685 = CARTESIAN_POINT ( 'NONE',  ( 4.319075494161944029, 8.381583961944345518, 50.35654619035543078 ) ) ;
#4686 = CARTESIAN_POINT ( 'NONE',  ( -2.367915725626314138, 3.521768505242463654, -13.00429791496179632 ) ) ;
#4687 = CARTESIAN_POINT ( 'NONE',  ( 6.045023841508399443, 5.072006631691746037, 46.84189126272855219 ) ) ;
#4688 = CARTESIAN_POINT ( 'NONE',  ( -5.501331470247273536, 1.763293114102564951, -1.902858240277651936 ) ) ;
#4689 = DIRECTION ( 'NONE',  ( -1.000000000000000000, 0.000000000000000000, 0.000000000000000000 ) ) ;
#4690 = CARTESIAN_POINT ( 'NONE',  ( 0.6640296810327572796, 7.828482243868788437, 55.08037100866001623 ) ) ;
#4691 = EDGE_CURVE ( 'NONE', #884, #5723, #4006, .T. ) ;
#4692 = CARTESIAN_POINT ( 'NONE',  ( 5.901558279391285744, 1.714692048070378005, 44.37292817997260386 ) ) ;
#4693 = CARTESIAN_POINT ( 'NONE',  ( 5.358834018994050652, 3.898502005457005204, 0.4243822121442362150 ) ) ;
#4694 = CARTESIAN_POINT ( 'NONE',  ( 0.1685718584369984008, 10.57401456101962545, 50.50664068853685507 ) ) ;
#4695 = CARTESIAN_POINT ( 'NONE',  ( 0.001611424156129520526, 10.83562034563668597, 48.59273446103733107 ) ) ;
#4696 = CARTESIAN_POINT ( 'NONE',  ( -2.752615164986327301, 10.09701727666773685, 46.38182794824302846 ) ) ;
#4697 = CARTESIAN_POINT ( 'NONE',  ( 3.130154411639025192, 10.23759647170000342, 46.96169789311939269 ) ) ;
#4698 = CARTESIAN_POINT ( 'NONE',  ( -4.885460575753183932, 7.261778961523964071, 28.18620435672859514 ) ) ;
#4699 = CARTESIAN_POINT ( 'NONE',  ( 1.893745918610352463, 10.74101213447002046, 20.74956109058686593 ) ) ;
#4700 = CARTESIAN_POINT ( 'NONE',  ( 0.6050793726894430069, 10.93661884470060386, 39.79689387055512384 ) ) ;
#4701 = CARTESIAN_POINT ( 'NONE',  ( 3.166147704473584845, 6.973102782250120590, -5.030650708339089228 ) ) ;
#4702 = CARTESIAN_POINT ( 'NONE',  ( 5.882031543782501259, 3.355896836632133784, 50.50505352235056478 ) ) ;
#4703 = CARTESIAN_POINT ( 'NONE',  ( 4.630641709192494737, 4.346434426710143129, -5.868028959855611681 ) ) ;
#4704 = CARTESIAN_POINT ( 'NONE',  ( -0.3110603517428270903, 10.19387110089988191, 50.25694263577497622 ) ) ;
#4705 = CARTESIAN_POINT ( 'NONE',  ( -5.301817735439748880, 3.832552377366900132, -1.243280288531207756 ) ) ;
#4706 = CARTESIAN_POINT ( 'NONE',  ( 0.01639983457387565735, 11.29309036342821848, 42.19472347381310584 ) ) ;
#4707 = CARTESIAN_POINT ( 'NONE',  ( -0.01433055622636829514, 10.83561866675165497, 48.59290596512469307 ) ) ;
#4708 = CARTESIAN_POINT ( 'NONE',  ( -0.1847426783530940753, 2.173059657547085965, 57.50000000000001421 ) ) ;
#4709 = CARTESIAN_POINT ( 'NONE',  ( 1.889032634892501061, 9.999363828115438224, 50.95071097604971300 ) ) ;
#4710 = CARTESIAN_POINT ( 'NONE',  ( -3.466166026935727285, 7.251371452856526290, 52.96716254917342326 ) ) ;
#4711 = CARTESIAN_POINT ( 'NONE',  ( -0.09612741010950710818, 10.99107779000240370, 36.13042523757350466 ) ) ;
#4712 = CARTESIAN_POINT ( 'NONE',  ( 5.615691474513086590, 6.016432070076528582, 49.89887915925854855 ) ) ;
#4713 = CARTESIAN_POINT ( 'NONE',  ( 1.718224991837458360, 10.73707169468321609, 41.45540113598098486 ) ) ;
#4714 = CARTESIAN_POINT ( 'NONE',  ( 0.07291662966391655731, 4.052086855879121430, 57.30044833396552661 ) ) ;
#4715 = CARTESIAN_POINT ( 'NONE',  ( 2.975243187886254415, 8.987157153681870625, 50.61120258200732280 ) ) ;
#4716 = CARTESIAN_POINT ( 'NONE',  ( 1.703231145652104095, 10.76444312151595994, 18.26427434798728910 ) ) ;
#4717 = CARTESIAN_POINT ( 'NONE',  ( 4.693052094753485726, 6.204974433863514882, -0.6082486444236718803 ) ) ;
#4718 = CARTESIAN_POINT ( 'NONE',  ( 0.001964260622531476246, 10.54669068181668479, 50.70862130482866093 ) ) ;
#4719 = CARTESIAN_POINT ( 'NONE',  ( -0.8972479941505865364, 9.689386722960273701, 51.94309102276059065 ) ) ;
#4720 = CARTESIAN_POINT ( 'NONE',  ( -2.887136949206175807, 8.458280789371967145, -1.199248996482667362 ) ) ;
#4721 = ORIENTED_EDGE ( 'NONE', *, *, #1362, .F. ) ;
#4722 = CARTESIAN_POINT ( 'NONE',  ( 5.498508486600561795, 8.120181104479931022, 41.31074298864344740 ) ) ;
#4723 = CARTESIAN_POINT ( 'NONE',  ( -1.421258896002100425, 2.296815039340590392, -14.99999999999998934 ) ) ;
#4724 = CARTESIAN_POINT ( 'NONE',  ( 4.895106242607512037, 8.645623341073207513, 41.45540113598099197 ) ) ;
#4725 = CARTESIAN_POINT ( 'NONE',  ( 0.000000000000000000, 5.551547312399922163, -13.07288231143312807 ) ) ;
#4726 = CARTESIAN_POINT ( 'NONE',  ( 1.598355518445897738, 7.613175085019475929, -6.561499355594088811 ) ) ;
#4727 = CARTESIAN_POINT ( 'NONE',  ( 4.612188684370284619, 7.754253370275327129, 6.189721331767318979 ) ) ;
#4728 = CARTESIAN_POINT ( 'NONE',  ( 5.491851153583059642, 1.755129812449285787, 51.24427124481609752 ) ) ;
#4729 = CARTESIAN_POINT ( 'NONE',  ( -0.3852429513817638984, 8.851089410830891069, -3.557326324244656668 ) ) ;
#4730 = CARTESIAN_POINT ( 'NONE',  ( 0.7666379282328497080, 10.38831067289027565, 51.02577966022050049 ) ) ;
#4731 = CARTESIAN_POINT ( 'NONE',  ( 4.543592243597901259, 9.170903532120490809, 46.93618972355005070 ) ) ;
#4732 = CARTESIAN_POINT ( 'NONE',  ( -4.235650554649994959, 4.755808793040580795, -6.576921718263331051 ) ) ;
#4733 = CARTESIAN_POINT ( 'NONE',  ( 6.054593676344667941, 5.140309683221509829, 41.28256070642049025 ) ) ;
#4734 = CARTESIAN_POINT ( 'NONE',  ( -2.747972561521468737, 1.562499999999996891, 57.21394306662715223 ) ) ;
#4735 = CARTESIAN_POINT ( 'NONE',  ( 4.442013267658588838, 7.209660863182270951, 50.95540067381243432 ) ) ;
#4736 = CARTESIAN_POINT ( 'NONE',  ( 1.208915494555654169, 10.87535113539630238, 39.79308596255464181 ) ) ;
#4737 = CARTESIAN_POINT ( 'NONE',  ( 5.901255286967730385, 1.729302392347888517, 46.77496043109511703 ) ) ;
#4738 = CARTESIAN_POINT ( 'NONE',  ( 5.498690701202295195, 4.632085387551294176, 15.73366864874039983 ) ) ;
#4739 = CARTESIAN_POINT ( 'NONE',  ( 0.1392213164570754169, 10.59122330956202518, 50.40506606797503508 ) ) ;
#4740 = CARTESIAN_POINT ( 'NONE',  ( 0.001085048554756951229, 10.63954208332726559, 50.10146092714536081 ) ) ;
#4741 = CARTESIAN_POINT ( 'NONE',  ( -1.703604557716760448, 7.125383400654365929, 55.03057962737709374 ) ) ;
#4742 = CARTESIAN_POINT ( 'NONE',  ( 3.113464280832059394, 10.68204569936241199, 41.36373494542181106 ) ) ;
#4743 = CARTESIAN_POINT ( 'NONE',  ( -4.225230007038613955, 6.547283359588772278, -2.457744048123299496 ) ) ;
#4744 = CARTESIAN_POINT ( 'NONE',  ( -5.509998071415253662, 3.632528661840104700, 9.123850451941839523 ) ) ;
#4745 = CARTESIAN_POINT ( 'NONE',  ( 0.3786848646507699478, 8.975216073187469945, -2.959830186914257588 ) ) ;
#4746 = CARTESIAN_POINT ( 'NONE',  ( 1.493000672396031403, 4.522456912920455707, -13.03317555558131779 ) ) ;
#4747 = CARTESIAN_POINT ( 'NONE',  ( 5.863573014105040393, 3.108933912534755706, 51.06000440236805815 ) ) ;
#4748 = CARTESIAN_POINT ( 'NONE',  ( 5.285651967978043153, 5.463042429089419727, 28.18661092837754722 ) ) ;
#4749 = CARTESIAN_POINT ( 'NONE',  ( -0.3524786071342396188, 11.02109304015231039, 31.92477151093238064 ) ) ;
#4750 = CARTESIAN_POINT ( 'NONE',  ( 0.01644335274966769386, 11.31536529102394795, 41.39859722305839540 ) ) ;
#4751 = CARTESIAN_POINT ( 'NONE',  ( -0.01660427128733742499, 11.18404659627677411, 44.58797793978765611 ) ) ;
#4752 = CARTESIAN_POINT ( 'NONE',  ( -1.391849417909812203, 7.977275797242560529, -5.814427405336322963 ) ) ;
#4753 = CARTESIAN_POINT ( 'NONE',  ( 2.168190652482426373, 10.93879277524923310, 43.76434151324167487 ) ) ;
#4754 = CARTESIAN_POINT ( 'NONE',  ( -4.081065862623137974, 8.039960836138083877, 2.052713874233740743 ) ) ;
#4755 = CARTESIAN_POINT ( 'NONE',  ( -0.06788418239513685504, 8.130021811420293787, -6.555165170926367857 ) ) ;
#4756 = CARTESIAN_POINT ( 'NONE',  ( 4.735648891583212006, 8.719800256405893180, 41.45540113598100618 ) ) ;
#4757 = CARTESIAN_POINT ( 'NONE',  ( 0.2621970659964755201, 11.02498262339931223, 31.92477063953888106 ) ) ;
#4758 = CARTESIAN_POINT ( 'NONE',  ( 2.771732238217457400, 8.594005780857143506, 51.98139261220047302 ) ) ;
#4759 = CARTESIAN_POINT ( 'NONE',  ( 1.724102069694550154, 10.78694034540234625, 33.64210427997635122 ) ) ;
#4760 = CARTESIAN_POINT ( 'NONE',  ( 5.179271919317369743, 6.420429821608957255, 7.852450027635200946 ) ) ;
#4761 = CARTESIAN_POINT ( 'NONE',  ( 0.002337822984172765236, 10.61018113232637994, 50.30326524605495564 ) ) ;
#4762 = CARTESIAN_POINT ( 'NONE',  ( -1.368477915937557299, 10.86869716155871934, 36.13008654226491956 ) ) ;
#4763 = CARTESIAN_POINT ( 'NONE',  ( -2.785389322407247903, 7.861140609151474834, 53.13460468728021624 ) ) ;
#4764 = EDGE_LOOP ( 'NONE', ( #630, #8103 ) ) ;
#4765 = CARTESIAN_POINT ( 'NONE',  ( 5.082875758034645308, 6.862681013876510860, 50.99376660097093605 ) ) ;
#4766 = CARTESIAN_POINT ( 'NONE',  ( -4.968909026922057492, 4.050670276638761003, 53.11498090414885809 ) ) ;
#4767 = CARTESIAN_POINT ( 'NONE',  ( 6.010347578050283524, 1.570161063945709090, 41.45540113599321330 ) ) ;
#4768 = CARTESIAN_POINT ( 'NONE',  ( 0.03183043873323168627, 10.99161762235139861, 36.13044260656368323 ) ) ;
#4769 = CARTESIAN_POINT ( 'NONE',  ( 2.319477312898030608, 10.59368475365375417, 36.12982600741216999 ) ) ;
#4770 = CARTESIAN_POINT ( 'NONE',  ( 4.186364737644375111, 7.024038706476457783, -1.215760731000872008 ) ) ;
#4771 = CARTESIAN_POINT ( 'NONE',  ( -0.4498349533287793744, 9.445198477589714869, -0.1915401261150063150 ) ) ;
#4772 = CARTESIAN_POINT ( 'NONE',  ( 0.8423881209283183846, 10.86010073885141303, 47.78227355377402574 ) ) ;
#4773 = CARTESIAN_POINT ( 'NONE',  ( 4.637223270909836437, 9.330152236121827869, 45.31636124325297743 ) ) ;
#4774 = CARTESIAN_POINT ( 'NONE',  ( -5.217791641013130644, 6.140264663333022455, 24.06958164668645139 ) ) ;
#4775 = CARTESIAN_POINT ( 'NONE',  ( 5.749138158636255547, 5.200657946237146056, 50.09861803164356076 ) ) ;
#4776 = CARTESIAN_POINT ( 'NONE',  ( -5.499511258298698024, 1.770944281799909703, 7.864778876542572128 ) ) ;
#4777 = CARTESIAN_POINT ( 'NONE',  ( 5.116297575552091637, 5.585012447141054714, 50.95540067381244143 ) ) ;
#4778 = AXIS2_PLACEMENT_3D ( 'NONE', #7783, #4485, #5755 ) ;
#4779 = CARTESIAN_POINT ( 'NONE',  ( 1.026063938023904054, 10.98858171105275261, 24.06607394457663318 ) ) ;
#4780 = CARTESIAN_POINT ( 'NONE',  ( 5.899673872054020052, 1.630714819089284173, 42.02947453235037045 ) ) ;
#4781 = CARTESIAN_POINT ( 'NONE',  ( 5.464736736384637084, 3.819832419004614454, 31.92485981213945578 ) ) ;
#4782 = CARTESIAN_POINT ( 'NONE',  ( 0.1182544646691319062, 10.92771245543868730, 47.78780716484571656 ) ) ;
#4783 = CARTESIAN_POINT ( 'NONE',  ( 0.001254862685499442835, 10.57936976265106921, 50.50571623765483054 ) ) ;
#4784 = CARTESIAN_POINT ( 'NONE',  ( -2.453373289421338477, 9.428584793854991375, 50.26187504513641358 ) ) ;
#4785 = CARTESIAN_POINT ( 'NONE',  ( 3.100653305037775365, 10.58955108105938869, 43.75014756731432897 ) ) ;
#4786 = CARTESIAN_POINT ( 'NONE',  ( -5.019058711229452463, 7.264767630746136184, 15.73793069614013440 ) ) ;
#4787 = CARTESIAN_POINT ( 'NONE',  ( -5.464736736384637084, 3.819832419004614454, 31.92485981213945578 ) ) ;
#4788 = CARTESIAN_POINT ( 'NONE',  ( 0.4514147373609435632, 10.02357262164689189, 51.11708849667577681 ) ) ;
#4789 = CARTESIAN_POINT ( 'NONE',  ( 4.140677216278279893, 9.176595487179973532, 24.06793096334070370 ) ) ;
#4790 = CARTESIAN_POINT ( 'NONE',  ( 5.882768487936694157, 2.869719195962201486, 50.83416562513251336 ) ) ;
#4791 = CARTESIAN_POINT ( 'NONE',  ( 5.537756778048653850, 5.241946671849228245, 48.49751048565332923 ) ) ;
#4792 = CARTESIAN_POINT ( 'NONE',  ( -0.4502642097841003666, 10.66924499259038051, 12.45355165546466658 ) ) ;
#4793 = CARTESIAN_POINT ( 'NONE',  ( 0.02050583791630088831, 11.22381203298923680, 43.78946655179840519 ) ) ;
#4794 = EDGE_CURVE ( 'NONE', #1487, #3371, #3708, .T. ) ;
#4795 = CARTESIAN_POINT ( 'NONE',  ( -0.03721557716063544907, 11.00657062752178383, 46.98812874315521526 ) ) ;
#4796 = CARTESIAN_POINT ( 'NONE',  ( -1.593722752964346068, 8.898475557122674573, 52.96455303331956088 ) ) ;
#4797 = CARTESIAN_POINT ( 'NONE',  ( 2.184645580892327299, 10.03423017245599702, 50.23157521150143623 ) ) ;
#4798 = CARTESIAN_POINT ( 'NONE',  ( -4.300795368837264654, 8.596503060186311274, 10.78435164979168270 ) ) ;
#4799 = VERTEX_POINT ( 'NONE', #6190 ) ;
#4800 = CARTESIAN_POINT ( 'NONE',  ( -0.1733747507189221382, 11.02737242770303716, 31.92476976814537082 ) ) ;
#4801 = CARTESIAN_POINT ( 'NONE',  ( 0.3336451053737035100, 10.90599624806556811, 41.45540113598099197 ) ) ;
#4802 = CARTESIAN_POINT ( 'NONE',  ( 0.1986077668141152108, 9.754881611291640553, 52.32561214879755340 ) ) ;
#4803 = CARTESIAN_POINT ( 'NONE',  ( 2.458100261281476850, 8.254684422495008889, -3.009749570418053466 ) ) ;
#4804 = CARTESIAN_POINT ( 'NONE',  ( 1.596453511274178449, 9.886748560071167091, 4.087594266164388479 ) ) ;
#4805 = CARTESIAN_POINT ( 'NONE',  ( 4.081417147462460093, 5.389631986384722850, -5.855416829380482469 ) ) ;
#4806 = CARTESIAN_POINT ( 'NONE',  ( 0.001416919753122879806, 10.61018158459749294, 50.30326363951758140 ) ) ;
#4807 = CARTESIAN_POINT ( 'NONE',  ( -1.002982452451496087, 8.578735279165325522, -4.174232697229822264 ) ) ;
#4808 = CARTESIAN_POINT ( 'NONE',  ( -2.905455647627952498, 7.739562684021733752, -3.623545005742187186 ) ) ;
#4809 = ORIENTED_EDGE ( 'NONE', *, *, #3777, .T. ) ;
#4810 = CARTESIAN_POINT ( 'NONE',  ( 5.722949723690059720, 7.116933789049107340, 46.88670131796537532 ) ) ;
#4811 = CARTESIAN_POINT ( 'NONE',  ( -5.142802460160146083, 4.168551610738358448, 52.45351808871279076 ) ) ;
#4812 = DIRECTION ( 'NONE',  ( 0.000000000000000000, 0.000000000000000000, -1.000000000000000000 ) ) ;
#4813 = CARTESIAN_POINT ( 'NONE',  ( 0.03281180931602489109, 10.95835837555120840, 39.80049022811115123 ) ) ;
#4814 = CARTESIAN_POINT ( 'NONE',  ( 2.098488812743535728E-32, 1.562500000000000000, 57.50000000000000000 ) ) ;
#4815 = CARTESIAN_POINT ( 'NONE',  ( 3.399801424615094714, 5.821682070661597486, -6.993519521628038582 ) ) ;
#4816 = CARTESIAN_POINT ( 'NONE',  ( -0.4719246209670077130, 8.511782449260817174, -4.973783056186210416 ) ) ;
#4817 = CARTESIAN_POINT ( 'NONE',  ( 1.162936704809184985, 10.39408217405398815, 50.41867061668077810 ) ) ;
#4818 = CARTESIAN_POINT ( 'NONE',  ( 5.020171495601965184, 8.942642669217409690, 44.50232576134459350 ) ) ;
#4819 = CARTESIAN_POINT ( 'NONE',  ( -2.098488812743535728E-32, 1.562500000000000000, 57.50000000000000000 ) ) ;
#4820 = CARTESIAN_POINT ( 'NONE',  ( 5.786565802925914603, 5.221542914357959475, 49.77591733437746058 ) ) ;
#4821 = CARTESIAN_POINT ( 'NONE',  ( -4.120351179094107863, 1.562499999999996891, 56.14628101717747199 ) ) ;
#4822 = CARTESIAN_POINT ( 'NONE',  ( -4.087794919921378502E-05, 10.52552982209166288, 47.80445362420883981 ) ) ;
#4823 = CARTESIAN_POINT ( 'NONE',  ( 0.8298556439835750309, 8.203485331089011012, -5.808121340098757024 ) ) ;
#4824 = DIRECTION ( 'NONE',  ( 0.000000000000000000, 0.000000000000000000, 1.000000000000000000 ) ) ;
#4825 = CARTESIAN_POINT ( 'NONE',  ( 5.340774050336501766, 3.337454023843907436, -2.523954825733312202 ) ) ;
#4826 = CARTESIAN_POINT ( 'NONE',  ( 0.2218990516383295142, 11.06556112990346641, 46.18394550613967198 ) ) ;
#4827 = CARTESIAN_POINT ( 'NONE',  ( -2.025760701075955073, 8.360737954462406307, 53.33572559754139064 ) ) ;
#4828 = CARTESIAN_POINT ( 'NONE',  ( 2.821911481174629088, 9.504189320993491563, 50.86856250055958384 ) ) ;
#4829 = CARTESIAN_POINT ( 'NONE',  ( -3.563297332577255450, 5.605603975532968519, -6.993530173993741883 ) ) ;
#4830 = CARTESIAN_POINT ( 'NONE',  ( -5.390943065572926685, 3.404411286268348658, -0.6180250138696722351 ) ) ;
#4831 = CARTESIAN_POINT ( 'NONE',  ( 0.3678449566033425433, 9.298551115253500754, -1.178609328334911721 ) ) ;
#4832 = CARTESIAN_POINT ( 'NONE',  ( 3.622367001836080735, 7.215773596166328296, -3.048149096190214902 ) ) ;
#4833 = CARTESIAN_POINT ( 'NONE',  ( 5.932664968319016019, 2.596791698515547253, 48.45215873275551388 ) ) ;
#4834 = CARTESIAN_POINT ( 'NONE',  ( 5.335651918804883209, 5.562681574906892301, 24.06999431752289098 ) ) ;
#4835 = CARTESIAN_POINT ( 'NONE',  ( 0.01759455776098967431, 10.68207446697972607, 49.79923957474579765 ) ) ;
#4836 = CARTESIAN_POINT ( 'NONE',  ( -0.02186438374531622306, 10.92939280477806285, 47.78960183784668914 ) ) ;
#4837 = CARTESIAN_POINT ( 'NONE',  ( -1.833932143696580752, 10.05834283528669104, 6.169362410561354260 ) ) ;
#4838 = CARTESIAN_POINT ( 'NONE',  ( 1.939510997688255856, 10.15074760370364793, 50.22737094662345925 ) ) ;
#4839 = CARTESIAN_POINT ( 'NONE',  ( -4.365338831934132635, 8.815216846222831748, 20.75000687635006358 ) ) ;
#4840 = ORIENTED_EDGE ( 'NONE', *, *, #4215, .F. ) ;
#4841 = CARTESIAN_POINT ( 'NONE',  ( -0.2341786006775009865, 10.55643579493340667, 10.78768099149825410 ) ) ;
#4842 = CARTESIAN_POINT ( 'NONE',  ( 1.254487001419855252, 10.03282847941114220, 50.65540067381245848 ) ) ;
#4843 = CARTESIAN_POINT ( 'NONE',  ( 0.2049181504344997351, 7.992667831331453421, -6.993367725416565150 ) ) ;
#4844 = CARTESIAN_POINT ( 'NONE',  ( 2.314571841854628165, 6.584092509178955943, 54.99672148810478944 ) ) ;
#4845 = CARTESIAN_POINT ( 'NONE',  ( 0.3145728666665180140, 3.588026619559065988, -14.99999999999999467 ) ) ;
#4846 = CARTESIAN_POINT ( 'NONE',  ( 4.916088741826622588, 6.066103879951955768, 51.19169290200939315 ) ) ;
#4847 = CARTESIAN_POINT ( 'NONE',  ( 0.001486333061131705439, 10.62503120126027945, 50.20225565073214824 ) ) ;
#4848 = CARTESIAN_POINT ( 'NONE',  ( -0.8535571462634168327, 9.010151287916833951, -2.374446618226834893 ) ) ;
#4849 = CARTESIAN_POINT ( 'NONE',  ( -3.601711811452254608, 9.734561371268089403, 28.18563515641999828 ) ) ;
#4850 = ORIENTED_EDGE ( 'NONE', *, *, #1107, .F. ) ;
#4851 = CARTESIAN_POINT ( 'NONE',  ( 5.809481410740078289, 7.290085413317230589, 42.08583452945700998 ) ) ;
#4852 = CARTESIAN_POINT ( 'NONE',  ( 5.847133004596825501, 2.611486588432053058, 41.45540113598099197 ) ) ;
#4853 = CARTESIAN_POINT ( 'NONE',  ( 0.02265910652953022700, 9.986436085436672272, 51.52131436207378812 ) ) ;
#4854 = CARTESIAN_POINT ( 'NONE',  ( 1.935557815398046388, 8.830608051843658046, 52.69994742135565247 ) ) ;
#4855 = CARTESIAN_POINT ( 'NONE',  ( 3.654199168369826278, 5.973063693623019255, 54.01346048492091256 ) ) ;
#4856 = CARTESIAN_POINT ( 'NONE',  ( -0.6543364579302144435, 10.98247904076019665, 33.64221479894579403 ) ) ;
#4857 = CARTESIAN_POINT ( 'NONE',  ( 1.045995766183831499, 11.23167147946576350, 42.18374714459439190 ) ) ;
#4858 = CARTESIAN_POINT ( 'NONE',  ( -0.2753658351355944278, 11.00725668039092398, 33.64225498766193567 ) ) ;
#4859 = CARTESIAN_POINT ( 'NONE',  ( 4.478622181607105013, 8.183812832077306254, 50.35601466705661267 ) ) ;
#4860 = CARTESIAN_POINT ( 'NONE',  ( -3.316988170118825963, 4.302129713592624860, -9.964857028149793905 ) ) ;
#4861 = CARTESIAN_POINT ( 'NONE',  ( 5.843416591596632514, 4.126350491108016882, 50.40640743201419838 ) ) ;
#4862 = CARTESIAN_POINT ( 'NONE',  ( -5.500113479807729355, 1.981337500103512284, 28.18736986212241646 ) ) ;
#4863 = CARTESIAN_POINT ( 'NONE',  ( -4.087794921563699493E-05, 10.86106190901191226, 43.04529916252216992 ) ) ;
#4864 = CARTESIAN_POINT ( 'NONE',  ( 1.348384204173703971, 10.30141277178410597, 7.836955663467847444 ) ) ;
#4865 = CARTESIAN_POINT ( 'NONE',  ( 5.899955380894570389, 1.576933996602980503, 41.65751797807650547 ) ) ;
#4866 = CARTESIAN_POINT ( 'NONE',  ( 5.261478303506496701, 3.243302548660008444, -4.338577875113358573 ) ) ;
#4867 = CARTESIAN_POINT ( 'NONE',  ( -1.462434383211648364E-15, 1.562500000000000000, -14.99999999999999822 ) ) ;
#4868 = CARTESIAN_POINT ( 'NONE',  ( 0.1985081308985231219, 10.57179423593348311, 50.50687987536224455 ) ) ;
#4869 = CARTESIAN_POINT ( 'NONE',  ( -2.133375828082342718, 8.693666560717201008, 52.70196079235598319 ) ) ;
#4870 = CARTESIAN_POINT ( 'NONE',  ( 3.645506863955643162, 10.05432892106943221, 46.14727421736947122 ) ) ;
#4871 = CARTESIAN_POINT ( 'NONE',  ( -3.234280185891190484, 5.210930341358707807, -8.630264598983170998 ) ) ;
#4872 = CARTESIAN_POINT ( 'NONE',  ( 6.046004175620677046, 6.066743902062628813, 43.65025246575824269 ) ) ;
#4873 = CARTESIAN_POINT ( 'NONE',  ( -5.490832298621497465, 3.453935581838233126, 50.27720550666510491 ) ) ;
#4874 = CARTESIAN_POINT ( 'NONE',  ( 0.6918246429286379895, 10.95343136103434034, 37.31525812913110229 ) ) ;
#4875 = CARTESIAN_POINT ( 'NONE',  ( 3.550523507770674048, 7.085794082296073881, -3.646916305094268118 ) ) ;
#4876 = CARTESIAN_POINT ( 'NONE',  ( 5.957040952129292855, 2.531022749968565577, 43.60478665310654378 ) ) ;
#4877 = CARTESIAN_POINT ( 'NONE',  ( 4.198653641457621433, 3.705915492615938334, -8.609644471386744158 ) ) ;
#4878 = CARTESIAN_POINT ( 'NONE',  ( 0.04992860710458957296, 10.57891372534066043, 50.50592216098834086 ) ) ;
#4879 = CARTESIAN_POINT ( 'NONE',  ( -0.001482383324892381105, 10.54669100718275665, 50.70859978934717560 ) ) ;
#4880 = CARTESIAN_POINT ( 'NONE',  ( -2.016311308756288057, 10.65749257674308126, 42.66862190473617744 ) ) ;
#4881 = CARTESIAN_POINT ( 'NONE',  ( 2.264922800756797638, 9.862856431648381772, 50.75196099842436581 ) ) ;
#4882 = CARTESIAN_POINT ( 'NONE',  ( -4.261533924584215427, 8.472063293904614767, 7.846452209247849474 ) ) ;
#4883 = CARTESIAN_POINT ( 'NONE',  ( 0.000000000000000000, 9.768373196363459243, 52.32148615073577247 ) ) ;
#4884 = CARTESIAN_POINT ( 'NONE',  ( -0.1334130446183671992, 11.08577955804037529, 24.06555810603104817 ) ) ;
#4885 = DIRECTION ( 'NONE',  ( 0.000000000000000000, 0.000000000000000000, 1.000000000000000000 ) ) ;
#4886 = CARTESIAN_POINT ( 'NONE',  ( 0.2823540551444586044, 11.08350645421516845, 24.06566127374019004 ) ) ;
#4887 = CARTESIAN_POINT ( 'NONE',  ( 2.563979482554516576, 7.307538777666753305, 54.06897381870454922 ) ) ;
#4888 = CARTESIAN_POINT ( 'NONE',  ( 5.104005598358862805, 5.781289108118266462, 2.073484335197512074 ) ) ;
#4889 = CARTESIAN_POINT ( 'NONE',  ( 0.006252656952513945855, 10.65404669217424782, 50.00066213501977330 ) ) ;
#4890 = CARTESIAN_POINT ( 'NONE',  ( 4.934174608026376418, 1.727493350197395028, 54.74178961593681692 ) ) ;
#4891 = CARTESIAN_POINT ( 'NONE',  ( -1.311957608673241626, 10.89415569453137600, 31.92478022486721301 ) ) ;
#4892 = CARTESIAN_POINT ( 'NONE',  ( -1.247244028415191108, 4.758863292437722770, -13.04039496573618884 ) ) ;
#4893 = ORIENTED_EDGE ( 'NONE', *, *, #7024, .T. ) ;
#4894 = CARTESIAN_POINT ( 'NONE',  ( 5.745050930952272594, 7.555573722301241801, 43.67468138964118651 ) ) ;
#4895 = CARTESIAN_POINT ( 'NONE',  ( 3.728777829206086913, 10.31946322384922077, 41.45540113598099197 ) ) ;
#4896 = CARTESIAN_POINT ( 'NONE',  ( 0.02337185440207321246, 10.07135314455296005, 51.11104909243451289 ) ) ;
#4897 = CARTESIAN_POINT ( 'NONE',  ( 2.495053610302282898, 10.51939953183686427, 20.74964467541749613 ) ) ;
#4898 = CARTESIAN_POINT ( 'NONE',  ( 4.697941456042673991, 7.274878904233688992, 49.94045777316512158 ) ) ;
#4899 = CARTESIAN_POINT ( 'NONE',  ( -0.4450235362693963359, 7.927983186571602836, 55.09132511254229314 ) ) ;
#4900 = CARTESIAN_POINT ( 'NONE',  ( 0.8997768117827451562, 10.41285183991592334, 50.72116007653441017 ) ) ;
#4901 = CARTESIAN_POINT ( 'NONE',  ( -0.1839529770915948326, 9.775622118782189673, 2.016365567547138582 ) ) ;
#4902 = CARTESIAN_POINT ( 'NONE',  ( 4.647350221273318205, 8.620992241529686240, 48.57571932657202751 ) ) ;
#4903 = CARTESIAN_POINT ( 'NONE',  ( -5.651491567488949208, 5.791875796415670408, 46.29155307691457466 ) ) ;
#4904 = CARTESIAN_POINT ( 'NONE',  ( 5.846381358894537250, 4.399819206224712786, 50.08366368383605760 ) ) ;
#4905 = DIRECTION ( 'NONE',  ( -0.000000000000000000, 0.000000000000000000, 1.000000000000000000 ) ) ;
#4906 = CARTESIAN_POINT ( 'NONE',  ( -4.087794920741671636E-05, 10.72677063145644283, 45.42747383953743423 ) ) ;
#4907 = CARTESIAN_POINT ( 'NONE',  ( 0.8448078123574475073, 8.623091841593442552, -4.170633897714124849 ) ) ;
#4908 = DIRECTION ( 'NONE',  ( 1.000000000000000000, 0.000000000000000000, -0.000000000000000000 ) ) ;
#4909 = CARTESIAN_POINT ( 'NONE',  ( 4.928612860166771803, 3.046883718628997428, -6.993640248439489504 ) ) ;
#4910 = CARTESIAN_POINT ( 'NONE',  ( -5.223115712292120350, 3.731853046470336110, -3.140307958043390801 ) ) ;
#4911 = CARTESIAN_POINT ( 'NONE',  ( 0.2550915580888975520, 11.06425055831912729, 46.18350389517282650 ) ) ;
#4912 = CARTESIAN_POINT ( 'NONE',  ( -2.220393530155712281, 8.391716312122429855, -3.003349649456036108 ) ) ;
#4913 = CARTESIAN_POINT ( 'NONE',  ( 3.630433451363232145, 8.891382990562533450, 50.88269378809143717 ) ) ;
#4914 = CARTESIAN_POINT ( 'NONE',  ( -4.982758489377037137, 6.625018179976671640, 4.128177203415116736 ) ) ;
#4915 = CARTESIAN_POINT ( 'NONE',  ( 5.570485536429806928, 5.831532388713219106, 50.43595073386540406 ) ) ;
#4916 = CARTESIAN_POINT ( 'NONE',  ( -5.290071234375299802, 3.374046371497150254, 52.46635452712728664 ) ) ;
#4917 = CIRCLE ( 'NONE', #1888, 0.09999999999999947820 ) ;
#4918 = CARTESIAN_POINT ( 'NONE',  ( 2.098488812743535728E-32, 1.562500000000000000, 57.50000000000000000 ) ) ;
#4919 = CARTESIAN_POINT ( 'NONE',  ( 3.151268380577468609, 6.660455087333968294, 54.04121715181271668 ) ) ;
#4920 = CARTESIAN_POINT ( 'NONE',  ( 5.904319627645437052, 2.623981311787366710, 50.27536457425155447 ) ) ;
#4921 = CARTESIAN_POINT ( 'NONE',  ( 5.399710417712218380, 4.316367459055485689, 50.64187552107419066 ) ) ;
#4922 = VECTOR ( 'NONE', #280, 39.37007874015748143 ) ;
#4923 = CARTESIAN_POINT ( 'NONE',  ( 0.04315351124523913312, 11.31523642140899888, 41.39833823536221757 ) ) ;
#4924 = CARTESIAN_POINT ( 'NONE',  ( -0.0006687175638579621537, 11.00657682750844124, 46.98753660209432326 ) ) ;
#4925 = CARTESIAN_POINT ( 'NONE',  ( -2.030515638671686940, 9.562202248146910222, 50.60506799419389523 ) ) ;
#4926 = CARTESIAN_POINT ( 'NONE',  ( 2.467147278566635737, 9.657597312894690589, 51.06965354279883229 ) ) ;
#4927 = CARTESIAN_POINT ( 'NONE',  ( -4.102505759835742616, 7.617709539358672899, 51.17037735762837514 ) ) ;
#4928 = CARTESIAN_POINT ( 'NONE',  ( -4.087794918834119557E-05, 0.1805908214217741559, 50.95540067381245564 ) ) ;
#4929 = CARTESIAN_POINT ( 'NONE',  ( -0.1826389796871448756, 11.00998716238120956, 33.64226503484097464 ) ) ;
#4930 = DIRECTION ( 'NONE',  ( 0.000000000000000000, 0.000000000000000000, -1.000000000000000000 ) ) ;
#4931 = CARTESIAN_POINT ( 'NONE',  ( 2.098488812743535728E-32, 1.562500000000000000, 57.50000000000000000 ) ) ;
#4932 = CARTESIAN_POINT ( 'NONE',  ( 3.174300873728945760, 8.629105066599912277, 51.15332492212353088 ) ) ;
#4933 = CARTESIAN_POINT ( 'NONE',  ( 5.194792648770828691, 6.153609214746062150, 31.92483773683765236 ) ) ;
#4934 = CARTESIAN_POINT ( 'NONE',  ( 0.004180080317119339549, 10.61017873348536789, 50.30326854177123153 ) ) ;
#4935 = CARTESIAN_POINT ( 'NONE',  ( 5.499999999664243688, 1.562500000000010658, 39.71946640787895433 ) ) ;
#4936 = CARTESIAN_POINT ( 'NONE',  ( -1.462434383211648364E-15, 1.562500000000000000, -14.99999999999999822 ) ) ;
#4937 = CARTESIAN_POINT ( 'NONE',  ( -2.563979482554516576, 7.307538777666753305, 54.06897381870454922 ) ) ;
#4938 = VERTEX_POINT ( 'NONE', #4237 ) ;
#4939 = CARTESIAN_POINT ( 'NONE',  ( 5.161520612825780674, 6.608999994222839902, 51.10035335657267552 ) ) ;
#4940 = CARTESIAN_POINT ( 'NONE',  ( 5.581565887951376759, 7.929907480580991042, 41.45540113598100618 ) ) ;
#4941 = CARTESIAN_POINT ( 'NONE',  ( 0.01757953935625993641, 9.002309112509667699, -2.948950321278811515 ) ) ;
#4942 = CARTESIAN_POINT ( 'NONE',  ( 2.060273257493229426, 8.626135970935903785, -2.396872849352809531 ) ) ;
#4943 = CARTESIAN_POINT ( 'NONE',  ( 4.713198521751087000, 7.307657484439386231, 4.122164916415009372 ) ) ;
#4944 = CARTESIAN_POINT ( 'NONE',  ( -0.7567023506632923890, 10.66562907146511385, 12.45317416738769012 ) ) ;
#4945 = CARTESIAN_POINT ( 'NONE',  ( 1.114787937753764835, 10.81060235461420937, 47.78127806454610749 ) ) ;
#4946 = CARTESIAN_POINT ( 'NONE',  ( -0.2057150271455492063, 11.08571368682075864, 24.06560968988564753 ) ) ;
#4947 = CARTESIAN_POINT ( 'NONE',  ( 4.743478310774203344, 8.755312726425023229, 47.74653585481728868 ) ) ;
#4948 = CARTESIAN_POINT ( 'NONE',  ( -4.779532300628855701, 4.915136056327865433, -3.709239770033131656 ) ) ;
#4949 = CARTESIAN_POINT ( 'NONE',  ( 6.066984472102845416, 4.489701578416469552, 46.02268998729376648 ) ) ;
#4950 = DIRECTION ( 'NONE',  ( 0.000000000000000000, 0.000000000000000000, 1.000000000000000000 ) ) ;
#4951 = CARTESIAN_POINT ( 'NONE',  ( 3.583536202918326197, 8.902360722162635298, 50.95540067381245564 ) ) ;
#4952 = ADVANCED_FACE ( 'NONE', ( #8354 ), #4193, .T. ) ;
#4953 = CARTESIAN_POINT ( 'NONE',  ( 5.899986430385815162, 1.562469187513219504, 50.04911001559735695 ) ) ;
#4954 = CARTESIAN_POINT ( 'NONE',  ( 5.313594666737079919, 2.797986021717456140, 52.76487863611852447 ) ) ;
#4955 = CARTESIAN_POINT ( 'NONE',  ( -5.463680294287131645, 3.955553902267661126, 50.27613903977616161 ) ) ;
#4956 = CARTESIAN_POINT ( 'NONE',  ( 0.2319856072735410613, 10.64494930673142470, 50.00099342833612326 ) ) ;
#4957 = CARTESIAN_POINT ( 'NONE',  ( -3.025389755810873105, 10.23730700681489481, 36.12961757953006270 ) ) ;
#4958 = CARTESIAN_POINT ( 'NONE',  ( 3.720293108965998741, 10.24765041093749218, 43.73850667408745352 ) ) ;
#4959 = CARTESIAN_POINT ( 'NONE',  ( -4.639364090915131911, 6.132216525704956567, -1.224016598259970445 ) ) ;
#4960 = CARTESIAN_POINT ( 'NONE',  ( 5.748218870394701696, 5.797965897660045442, 49.35903008982553786 ) ) ;
#4961 = CARTESIAN_POINT ( 'NONE',  ( -5.514184492375941105, 3.642411538394236814, 15.73207038096549759 ) ) ;
#4962 = CARTESIAN_POINT ( 'NONE',  ( 0.1560431800136893032, 3.692152178645928817, -15.00000000000000000 ) ) ;
#4963 = CARTESIAN_POINT ( 'NONE',  ( 4.297666006138492811, 8.784738416581847176, 28.18587909940925584 ) ) ;
#4964 = CARTESIAN_POINT ( 'NONE',  ( 5.893402897301048604, 2.182442389124454429, 50.94403191266154352 ) ) ;
#4965 = CARTESIAN_POINT ( 'NONE',  ( 5.457937702728788310, 5.061233227206456853, 12.44247867187328538 ) ) ;
#4966 = CARTESIAN_POINT ( 'NONE',  ( 0.06543803306530972252, 10.62422945254848194, 50.20235086645479328 ) ) ;
#4967 = CARTESIAN_POINT ( 'NONE',  ( -0.007680126271802241965, 10.92939494510755161, 47.78939470912875720 ) ) ;
#4968 = CARTESIAN_POINT ( 'NONE',  ( -2.098488812743535728E-32, 1.562500000000000000, 57.50000000000000000 ) ) ;
#4969 = CARTESIAN_POINT ( 'NONE',  ( 2.585407765640014510, 10.85355240138553157, 42.96055912902970420 ) ) ;
#4970 = CARTESIAN_POINT ( 'NONE',  ( -3.493085893595066160, 6.208317412393616230, 54.02271270721817586 ) ) ;
#4971 = CARTESIAN_POINT ( 'NONE',  ( 0.000000000000000000, 10.21319570790663356, 50.25614278560829007 ) ) ;
#4972 = CARTESIAN_POINT ( 'NONE',  ( -5.308133203246214293, 4.250889055068591382, 0.4236389351558094152 ) ) ;
#4973 = DIRECTION ( 'NONE',  ( -1.000000000000000000, 0.000000000000000000, 3.450755528294924194E-15 ) ) ;
#4974 = CARTESIAN_POINT ( 'NONE',  ( 0.2025685883363069206, 8.004643811455096625, 55.10427087167584403 ) ) ;
#4975 = CARTESIAN_POINT ( 'NONE',  ( 3.481579182080703383, 9.193688567032097581, 6.179541871164328626 ) ) ;
#4976 = CARTESIAN_POINT ( 'NONE',  ( 5.185947797246192259, 5.902021374726817093, 4.134189490415226764 ) ) ;
#4977 = CARTESIAN_POINT ( 'NONE',  ( 0.003385832731237115208, 10.49404016996691702, 51.01322195712604923 ) ) ;
#4978 = CARTESIAN_POINT ( 'NONE',  ( 3.337436675961094057, 1.661760360836310735, -12.95977821900672033 ) ) ;
#4979 = CARTESIAN_POINT ( 'NONE',  ( -1.546148262171377796, 10.83225844488233491, 34.88708690589931649 ) ) ;
#4980 = CARTESIAN_POINT ( 'NONE',  ( -3.193563201894932924, 7.997582764813885525, 52.38200078897522616 ) ) ;
#4981 = ORIENTED_EDGE ( 'NONE', *, *, #8397, .T. ) ;
#4982 = CARTESIAN_POINT ( 'NONE',  ( 5.318776849124653872, 6.742481624459636613, 50.23424176279530684 ) ) ;
#4983 = CARTESIAN_POINT ( 'NONE',  ( 5.041648461740721565, 8.982804865400433769, 41.45540113598097065 ) ) ;
#4984 = CARTESIAN_POINT ( 'NONE',  ( 0.09098913044287119944, 11.01135718601194391, 33.64227508202000649 ) ) ;
#4985 = CARTESIAN_POINT ( 'NONE',  ( 2.462374749905245963, 10.44237961100611045, 15.74352463335231711 ) ) ;
#4986 = CARTESIAN_POINT ( 'NONE',  ( 5.085599062108731694, 7.177880637253614360, 48.51803229362691638 ) ) ;
#4987 = CARTESIAN_POINT ( 'NONE',  ( -0.6768401277947609929, 9.370036370218354449, 52.96350922697796904 ) ) ;
#4988 = CARTESIAN_POINT ( 'NONE',  ( 1.056648067811670311, 10.52991563278268394, 49.80538416746185248 ) ) ;
#4989 = CARTESIAN_POINT ( 'NONE',  ( 4.956392927162228901, 9.126879429587528847, 42.11720940428818949 ) ) ;
#4990 = CARTESIAN_POINT ( 'NONE',  ( -4.869710142101870254, 5.173975846457994798, 52.43701409646568123 ) ) ;
#4991 = CARTESIAN_POINT ( 'NONE',  ( -5.499986168146713261, 1.562499999999996891, -0.6246729450929509042 ) ) ;
#4992 = CARTESIAN_POINT ( 'NONE',  ( 5.460897756618293464, 5.002762819103638847, 50.65540067381245848 ) ) ;
#4993 = CARTESIAN_POINT ( 'NONE',  ( 0.000000000000000000, 0.000000000000000000, 0.000000000000000000 ) ) ;
#4994 = CARTESIAN_POINT ( 'NONE',  ( 5.505326387140170752, 3.572954375355149370, 7.859780694553099245 ) ) ;
#4995 = CARTESIAN_POINT ( 'NONE',  ( -5.498690701202295195, 4.632085387551294176, 15.73366864874039983 ) ) ;
#4996 = CARTESIAN_POINT ( 'NONE',  ( 0.2640558086288697370, 10.67085172271471372, 49.79930408453764556 ) ) ;
#4997 = CARTESIAN_POINT ( 'NONE',  ( -2.171288733736514320, 8.249201582228939955, -3.601472111909685747 ) ) ;
#4998 = CARTESIAN_POINT ( 'NONE',  ( 3.283068284753494659, 9.291317474865824266, 50.56160267392657204 ) ) ;
#4999 = CARTESIAN_POINT ( 'NONE',  ( -3.799517959226077046, 5.476920038593230622, -6.573616926262777049 ) ) ;
#5000 = CARTESIAN_POINT ( 'NONE',  ( 6.007935975481816016, 6.238445273335307739, 42.07344503605034447 ) ) ;
#5001 = CARTESIAN_POINT ( 'NONE',  ( -4.731912360512852800, 2.506590955186719150, -8.594915808817853886 ) ) ;
#5002 = CARTESIAN_POINT ( 'NONE',  ( 0.3158661409977028822, 5.484323928400418602, -13.06656532754761102 ) ) ;
#5003 = CARTESIAN_POINT ( 'NONE',  ( 3.242288527139092214, 6.547497515862755080, -5.839651666286572507 ) ) ;
#5004 = CARTESIAN_POINT ( 'NONE',  ( 5.896208419021173874, 2.398743745582948783, 50.71907409281823931 ) ) ;
#5005 = CARTESIAN_POINT ( 'NONE',  ( 5.143462081288823207, 4.559441979321362304, 52.07076298756010146 ) ) ;
#5006 = CARTESIAN_POINT ( 'NONE',  ( 0.06726644915705447259, 10.73697347218420184, 49.39631885597404448 ) ) ;
#5007 = CARTESIAN_POINT ( 'NONE',  ( -0.007347291796751284458, 10.65405230105032786, 50.00067568198473822 ) ) ;
#5008 = CARTESIAN_POINT ( 'NONE',  ( -1.858734041659529046, 9.646485687596930703, 50.60404556289168454 ) ) ;
#5009 = CARTESIAN_POINT ( 'NONE',  ( 2.299111537725551102, 9.954279469907051592, 50.33705300584829700 ) ) ;
#5010 = CARTESIAN_POINT ( 'NONE',  ( -4.462997074371471307, 7.526150584922606690, 50.26814053810893768 ) ) ;
#5011 = CARTESIAN_POINT ( 'NONE',  ( 0.000000000000000000, 7.802617843766335604, -7.658343024691466994 ) ) ;
#5012 = CARTESIAN_POINT ( 'NONE',  ( -5.174527687627831440, 4.092063168330898115, -2.509004004982662295 ) ) ;
#5013 = CARTESIAN_POINT ( 'NONE',  ( -0.1276157795900978165, 8.554255424939031016, -4.966847976655369479 ) ) ;
#5014 = CARTESIAN_POINT ( 'NONE',  ( 5.552164164968538707, 2.606157175333183140, 46.59969061828080328 ) ) ;
#5015 = CARTESIAN_POINT ( 'NONE',  ( 0.2294673939755038639, 9.211826167797745768, -1.768970056350603670 ) ) ;
#5016 = CARTESIAN_POINT ( 'NONE',  ( -0.2500241347392961333, 6.934535003036565115, -10.03287986214287919 ) ) ;
#5017 = CARTESIAN_POINT ( 'NONE',  ( 3.639241259910104276, 9.742259149905676097, 18.26348060312792754 ) ) ;
#5018 = CARTESIAN_POINT ( 'NONE',  ( 5.000613911886762075, 5.646971998504350054, 0.4206658272020997180 ) ) ;
#5019 = CARTESIAN_POINT ( 'NONE',  ( 0.004993859128810935674, 10.83561743666226818, 48.59270208114323708 ) ) ;
#5020 = CARTESIAN_POINT ( 'NONE',  ( 5.499999999936690642, 1.562500000000004441, 34.88867731846247011 ) ) ;
#5021 = CARTESIAN_POINT ( 'NONE',  ( -1.017080370329956240, 8.502607797802241407, 54.12448715248851272 ) ) ;
#5022 = CARTESIAN_POINT ( 'NONE',  ( -2.098488812743535728E-32, 1.562500000000000000, 57.50000000000000000 ) ) ;
#5023 = VERTEX_POINT ( 'NONE', #5796 ) ;
#5024 = CARTESIAN_POINT ( 'NONE',  ( 5.721658953626774569, 6.418990308933915756, 48.53025548159526181 ) ) ;
#5025 = CARTESIAN_POINT ( 'NONE',  ( 5.931387472256121285, 2.267732378001415583, 41.45540113598099907 ) ) ;
#5026 = CARTESIAN_POINT ( 'NONE',  ( 0.07571495365345715101, 11.06516362905453654, 28.18484234170431080 ) ) ;
#5027 = CARTESIAN_POINT ( 'NONE',  ( 2.334572879599730033, 9.678198420419072079, 4.093606553164506501 ) ) ;
#5028 = CARTESIAN_POINT ( 'NONE',  ( 4.919314565902543457, 7.320334861460167986, 31.92482728011583148 ) ) ;
#5029 = CARTESIAN_POINT ( 'NONE',  ( -0.6538385367566338369, 9.174514469199202438, 53.35085156025466091 ) ) ;
#5030 = CARTESIAN_POINT ( 'NONE',  ( 4.803652858352002397, 7.616773023622062766, 50.56692989666003513 ) ) ;
#5031 = CARTESIAN_POINT ( 'NONE',  ( -5.094634824434509213, 5.302936101935530111, 0.4214091041905269064 ) ) ;
#5032 = CARTESIAN_POINT ( 'NONE',  ( -3.345287985143874376, 1.562499999999998890, -12.95737174895509547 ) ) ;
#5033 = FACE_BOUND ( 'NONE', #3459, .T. ) ;
#5034 = PRODUCT_CONTEXT ( 'NONE', #4044, 'mechanical' ) ;
#5035 = CARTESIAN_POINT ( 'NONE',  ( 3.191839797855173355, 2.176406297950399971, -12.97181056926483578 ) ) ;
#5036 = CARTESIAN_POINT ( 'NONE',  ( -0.3900342686105985335, 9.461889263379372750, 52.96316129153080965 ) ) ;
#5037 = CARTESIAN_POINT ( 'NONE',  ( 0.2848769411730801560, 10.49593874410847860, 50.91486595427672768 ) ) ;
#5038 = CARTESIAN_POINT ( 'NONE',  ( -2.044803462662053484, 7.884848645301289594, -5.003835067486522625 ) ) ;
#5039 = CARTESIAN_POINT ( 'NONE',  ( 3.598715283991869462, 8.835781183354532331, 51.09403147970313341 ) ) ;
#5040 = CARTESIAN_POINT ( 'NONE',  ( -4.441501062679219736, 6.353904254670315055, -1.839592395125309920 ) ) ;
#5041 = CARTESIAN_POINT ( 'NONE',  ( 5.646783635366396936, 5.581201135271589564, 50.32254509927759045 ) ) ;
#5042 = CARTESIAN_POINT ( 'NONE',  ( -5.444579497258914991, 2.830124461150022253, -1.251536155790308413 ) ) ;
#5043 = CARTESIAN_POINT ( 'NONE',  ( 0.7034104989364130534, 11.02485628283331742, 28.18499141797565244 ) ) ;
#5044 = CARTESIAN_POINT ( 'NONE',  ( 5.919165912000722507, 2.082799539837997926, 41.26298968579963855 ) ) ;
#5045 = CARTESIAN_POINT ( 'NONE',  ( 1.421258896002100425, 2.296815039340590392, -14.99999999999998934 ) ) ;
#5046 = CARTESIAN_POINT ( 'NONE',  ( 0.03789141656683013559, 10.83545229233678242, 48.59239342997111777 ) ) ;
#5047 = CARTESIAN_POINT ( 'NONE',  ( -0.0005584101262708526759, 10.66823282318562605, 49.89994006899224388 ) ) ;
#5048 = CARTESIAN_POINT ( 'NONE',  ( -1.973218469135827213, 9.799386049010315958, 4.090600409664459924 ) ) ;
#5049 = CARTESIAN_POINT ( 'NONE',  ( 2.366427559900027511, 10.56877966186140760, 46.96897713321273926 ) ) ;
#5050 = CARTESIAN_POINT ( 'NONE',  ( -2.918878927189103134, 5.594121749310642322, -8.636156064010743094 ) ) ;
#5051 = CARTESIAN_POINT ( 'NONE',  ( 0.000000000000000000, 11.00114223685225312, 34.88685970410452342 ) ) ;
#5052 = CARTESIAN_POINT ( 'NONE',  ( -5.481510081196843132, 4.615082375777880941, 10.78142182908989000 ) ) ;
#5053 = DIRECTION ( 'NONE',  ( 3.450742196830996785E-15, 0.000000000000000000, 1.000000000000000000 ) ) ;
#5054 = CARTESIAN_POINT ( 'NONE',  ( 0.2723241199281160596, 7.783617904399513066, -7.656860559050747916 ) ) ;
#5055 = CARTESIAN_POINT ( 'NONE',  ( 2.562648264806459242, 6.436099906362532153, -7.642035902643526946 ) ) ;
#5056 = AXIS2_PLACEMENT_3D ( 'NONE', #5139, #568, #1413 ) ;
#5057 = ADVANCED_FACE ( 'NONE', ( #83 ), #6520, .F. ) ;
#5058 = CARTESIAN_POINT ( 'NONE',  ( 5.849638903995200145, 3.354325354481223709, 51.06203838672087869 ) ) ;
#5059 = CARTESIAN_POINT ( 'NONE',  ( 4.487737235911197331, 5.009709891237930535, -5.075035217336478333 ) ) ;
#5060 = CARTESIAN_POINT ( 'NONE',  ( 0.007470479563383443551, 11.18404585006139307, 44.58759433463718125 ) ) ;
#5061 = CARTESIAN_POINT ( 'NONE',  ( 5.305360730457994833, 1.562499999999994671, 53.25523386738937148 ) ) ;
#5062 = CARTESIAN_POINT ( 'NONE',  ( -1.459041870644380401, 10.21827626598217265, 48.57138899435877022 ) ) ;
#5063 = CARTESIAN_POINT ( 'NONE',  ( -3.862191821266675706, 9.445855971068828794, 28.18571647074958264 ) ) ;
#5064 = VERTEX_POINT ( 'NONE', #3873 ) ;
#5065 = CARTESIAN_POINT ( 'NONE',  ( -0.01595457571794493476, 9.558791441592216387, 0.4058622271825881311 ) ) ;
#5066 = CARTESIAN_POINT ( 'NONE',  ( 5.901568829390796189, 6.960672970658986713, 44.45873271686310346 ) ) ;
#5067 = CARTESIAN_POINT ( 'NONE',  ( 0.1403126822165854937, 11.31216970041575109, 41.45540113598102039 ) ) ;
#5068 = CARTESIAN_POINT ( 'NONE',  ( 0.1188306673612003483, 10.66738753505539350, 12.45392914354165548 ) ) ;
#5069 = CARTESIAN_POINT ( 'NONE',  ( 1.508532612143198337, 6.871303910031847373, -8.658249057864043863 ) ) ;
#5070 = CARTESIAN_POINT ( 'NONE',  ( 1.173896079606459475, 9.994817830332594966, 50.25894226119186214 ) ) ;
#5071 = CARTESIAN_POINT ( 'NONE',  ( 3.898142647668660477, 6.051349219729731388, -5.052842962837785556 ) ) ;
#5072 = CARTESIAN_POINT ( 'NONE',  ( -0.9891217019156023360, 10.92349405275095187, 37.31470085572119899 ) ) ;
#5073 = CARTESIAN_POINT ( 'NONE',  ( 5.277419802655789915, 8.640628663327619918, 42.89941182730852631 ) ) ;
#5074 = CARTESIAN_POINT ( 'NONE',  ( -4.371714904414414349, 4.503191980705052444, -6.578023315596852605 ) ) ;
#5075 = CARTESIAN_POINT ( 'NONE',  ( 0.0001164855078873790108, 11.27327429437827355, 42.88170085353325334 ) ) ;
#5076 = FACE_OUTER_BOUND ( 'NONE', #4321, .T. ) ;
#5077 = CARTESIAN_POINT ( 'NONE',  ( 5.876791890054209766, 3.387365911997476609, 50.55551579517097593 ) ) ;
#5078 = CARTESIAN_POINT ( 'NONE',  ( 5.371700572908043370, 2.158770683179377592, 52.77091874911995006 ) ) ;
#5079 = CARTESIAN_POINT ( 'NONE',  ( -0.4387331157037332452, 9.936480591911267979, 51.52982099003546068 ) ) ;
#5080 = CARTESIAN_POINT ( 'NONE',  ( 0.4682875288337907671, 11.16924323779499062, 44.58112913824073331 ) ) ;
#5081 = CARTESIAN_POINT ( 'NONE',  ( -3.046064547511951659, 10.24997449551623063, 37.31061418404897978 ) ) ;
#5082 = CARTESIAN_POINT ( 'NONE',  ( -0.2025685883363069206, 8.004643811455096625, 55.10427087167584403 ) ) ;
#5083 = CARTESIAN_POINT ( 'NONE',  ( 4.159474417638925559, 9.872553000143687640, 44.52692266980833580 ) ) ;
#5084 = CARTESIAN_POINT ( 'NONE',  ( -1.807594315330634860, 2.850469216044995591, 57.25269742639464710 ) ) ;
#5085 = CARTESIAN_POINT ( 'NONE',  ( 5.736166383524989421, 5.193509673579573160, 50.20669025761842619 ) ) ;
#5086 = CARTESIAN_POINT ( 'NONE',  ( -4.336560188241384672, 2.416369845973371788, -9.930845611153232610 ) ) ;
#5087 = CARTESIAN_POINT ( 'NONE',  ( 0.5491431238708268658, 9.276977071101914163, -1.180214635857514516 ) ) ;
#5088 = CARTESIAN_POINT ( 'NONE',  ( 5.906438873206454332, 2.051615508998151594, 49.29015646602613288 ) ) ;
#5089 = CARTESIAN_POINT ( 'NONE',  ( 5.052332383145277106, 3.949751734976577833, -4.321783477373430493 ) ) ;
#5090 = CARTESIAN_POINT ( 'NONE',  ( 0.09563271822460032989, 11.29230203852183045, 42.19382069913721978 ) ) ;
#5091 = CARTESIAN_POINT ( 'NONE',  ( -0.0003035823224075952990, 10.63954219700253390, 50.10146103025896736 ) ) ;
#5092 = CARTESIAN_POINT ( 'NONE',  ( -1.298502879059110882, 7.017713175403635262, -8.661194790377813035 ) ) ;
#5093 = CARTESIAN_POINT ( 'NONE',  ( 2.909248412410104123, 10.04685101956323479, 48.59331312208693987 ) ) ;
#5094 = CARTESIAN_POINT ( 'NONE',  ( -3.427693659083097533, 6.330006503455562594, -5.842804698905370131 ) ) ;
#5095 = CARTESIAN_POINT ( 'NONE',  ( -0.1368608714062760912, 7.998270571228792036, -6.993365062325137771 ) ) ;
#5096 = LINE ( 'NONE', #2541, #782 ) ;
#5097 = CARTESIAN_POINT ( 'NONE',  ( 0.3211550761973964718, 9.478647664159872477, 52.96307430766902513 ) ) ;
#5098 = CARTESIAN_POINT ( 'NONE',  ( 2.208720002341830746, 6.307404584795696323, -8.647938994065810903 ) ) ;
#5099 = CARTESIAN_POINT ( 'NONE',  ( 5.877269101751827485, 3.869110079422589443, 50.18291840708069884 ) ) ;
#5100 = CARTESIAN_POINT ( 'NONE',  ( 4.290824451519618776, 4.435829685624286256, -6.993583435822332106 ) ) ;
#5101 = CARTESIAN_POINT ( 'NONE',  ( 0.009711024028672512673, 11.26364447774602695, 42.99167156942969115 ) ) ;
#5102 = CARTESIAN_POINT ( 'NONE',  ( 5.500040483842950856, 1.562500000000000666, 49.93760738836665780 ) ) ;
#5103 = CARTESIAN_POINT ( 'NONE',  ( -0.7869023846210981832, 6.750818281677584132, -10.02343224631049878 ) ) ;
#5104 = CARTESIAN_POINT ( 'NONE',  ( -3.754999343690677893, 8.938712005683621342, 6.181577763284910709 ) ) ;
#5105 = VERTEX_POINT ( 'NONE', #611 ) ;
#5106 = CARTESIAN_POINT ( 'NONE',  ( 5.319543334933967138, 6.420998108997867604, 50.77173721940864226 ) ) ;
#5107 = CARTESIAN_POINT ( 'NONE',  ( -5.113691677218032590E-05, 10.60283582717633344, 50.35176980973028549 ) ) ;
#5108 = CARTESIAN_POINT ( 'NONE',  ( 0.2007606388034351153, 10.95529135052465719, 39.79943247588877142 ) ) ;
#5109 = CARTESIAN_POINT ( 'NONE',  ( 2.444280365172795122, 9.060800659396347712, 0.4111271058506154596 ) ) ;
#5110 = CARTESIAN_POINT ( 'NONE',  ( 0.8504527905164283030, 8.890090721470615520, -2.971350044645899136 ) ) ;
#5111 = CARTESIAN_POINT ( 'NONE',  ( 5.132194722219248995, 6.884904226986625631, 15.73739794021518179 ) ) ;
#5112 = CARTESIAN_POINT ( 'NONE',  ( -0.9616626271881479893, 10.93957307899384190, 34.88700170522619715 ) ) ;
#5113 = CARTESIAN_POINT ( 'NONE',  ( 5.055739461162876758, 7.897678395731879242, 48.97941848586318514 ) ) ;
#5114 = CARTESIAN_POINT ( 'NONE',  ( -5.481456427449177937, 5.382303062890357204, 37.30021174706476472 ) ) ;
#5115 = ADVANCED_FACE ( 'NONE', ( #3747 ), #7047, .F. ) ;
#5116 = CARTESIAN_POINT ( 'NONE',  ( 5.460897756618293464, 5.002762819103638847, 50.65540067381245848 ) ) ;
#5117 = CARTESIAN_POINT ( 'NONE',  ( 3.131794802308190295, 9.261802917333195495, 50.95540067381248406 ) ) ;
#5118 = CARTESIAN_POINT ( 'NONE',  ( 1.417289523096428416, 7.347134110929014916, 55.04452121413653032 ) ) ;
#5119 = CARTESIAN_POINT ( 'NONE',  ( 5.914431889773926088, 1.972657362117410829, 44.24198850810867611 ) ) ;
#5120 = CARTESIAN_POINT ( 'NONE',  ( 4.731912360512852800, 2.506590955186719150, -8.594915808817853886 ) ) ;
#5121 = CARTESIAN_POINT ( 'NONE',  ( -0.5155606658571647571, 10.33937851441746680, 7.834706481572587755 ) ) ;
#5122 = CARTESIAN_POINT ( 'NONE',  ( 0.5304367044462566794, 10.51494180122745625, 50.61240322281327053 ) ) ;
#5123 = CARTESIAN_POINT ( 'NONE',  ( -0.1457948879681343068, 5.531389196483992521, -13.07017503262505009 ) ) ;
#5124 = CARTESIAN_POINT ( 'NONE',  ( 4.580614107637365429, 9.518599761619318755, 43.71821596334244475 ) ) ;
#5125 = CARTESIAN_POINT ( 'NONE',  ( -5.220711559021053993, 6.501316472714235850, 12.44449194161716399 ) ) ;
#5126 = CARTESIAN_POINT ( 'NONE',  ( 6.023960766606981210, 5.769389864239816923, 41.28660895236092898 ) ) ;
#5127 = CARTESIAN_POINT ( 'NONE',  ( -5.503477251718064345, 2.160529492843632049, 50.28013829060977713 ) ) ;
#5128 = CARTESIAN_POINT ( 'NONE',  ( 0.9891217019156023360, 10.92349405275095187, 37.31470085572119899 ) ) ;
#5129 = CARTESIAN_POINT ( 'NONE',  ( 5.892155128021786759, 2.074030877934557093, 51.05722319047467295 ) ) ;
#5130 = CARTESIAN_POINT ( 'NONE',  ( 5.369485287834947940, 4.320018710681259755, 2.085353170033952264 ) ) ;
#5131 = CARTESIAN_POINT ( 'NONE',  ( -0.1906835960216710368, 5.521641094804667915, -13.06927260635568899 ) ) ;
#5132 = CARTESIAN_POINT ( 'NONE',  ( 0.1087085434935349676, 10.56103212842735140, 50.60777112377958531 ) ) ;
#5133 = CARTESIAN_POINT ( 'NONE',  ( -0.0003585464673715145966, 10.73769603963540575, 49.39664932515362494 ) ) ;
#5134 = CARTESIAN_POINT ( 'NONE',  ( -1.867586164165461415, 8.608950749488128551, 53.13951063306314637 ) ) ;
#5135 = CARTESIAN_POINT ( 'NONE',  ( 2.765716616809634321, 9.698144076789187551, 50.34487912766817885 ) ) ;
#5136 = CARTESIAN_POINT ( 'NONE',  ( -4.102277143842369966, 7.455364584302567543, -0.1958728432015571508 ) ) ;
#5137 = CARTESIAN_POINT ( 'NONE',  ( 0.000000000000000000, 9.413373376133046477, -0.5871316864203132146 ) ) ;
#5138 = CARTESIAN_POINT ( 'NONE',  ( -0.2119024828867407395, 9.973917133973925431, 51.52531748111456267 ) ) ;
#5139 = CARTESIAN_POINT ( 'NONE',  ( 0.2999591220508072142, 10.49036719615494562, 49.66803607791002406 ) ) ;
#5140 = CARTESIAN_POINT ( 'NONE',  ( 0.3305752762556545266, 8.534569626352416449, -4.971009024373874041 ) ) ;
#5141 = CARTESIAN_POINT ( 'NONE',  ( 3.815729189453638259, 9.201393649891517867, 10.78488434446470734 ) ) ;
#5142 = CARTESIAN_POINT ( 'NONE',  ( 6.049091302115209068, 3.897650390157586298, 42.05395538102082753 ) ) ;
#5143 = CARTESIAN_POINT ( 'NONE',  ( 1.264309708108853902, 2.528604055837396114, -14.99999999999998934 ) ) ;
#5144 = CARTESIAN_POINT ( 'NONE',  ( 0.008031430433429862306, 10.63953123620061270, 50.10146097272102850 ) ) ;
#5145 = CARTESIAN_POINT ( 'NONE',  ( -0.05667703093217980187, 10.57936527172822672, 50.50546261236539891 ) ) ;
#5146 = CARTESIAN_POINT ( 'NONE',  ( -1.462434383211648364E-15, 1.562500000000000000, -14.99999999999999822 ) ) ;
#5147 = CARTESIAN_POINT ( 'NONE',  ( 1.312505657534795978, 11.07355746803039764, 44.57158743120676547 ) ) ;
#5148 = CARTESIAN_POINT ( 'NONE',  ( -3.964530572058258873, 9.508348736985196226, 37.30838509040935236 ) ) ;
#5149 = CARTESIAN_POINT ( 'NONE',  ( -0.03076483915042730818, 10.95568336084827976, 18.26491174916221283 ) ) ;
#5150 = CARTESIAN_POINT ( 'NONE',  ( 5.878595283704750152, 6.739663267916661482, 46.06655985767489625 ) ) ;
#5151 = CARTESIAN_POINT ( 'NONE',  ( -0.0002477265113980527903, 10.53134982669111253, 50.80433265691833356 ) ) ;
#5152 = CARTESIAN_POINT ( 'NONE',  ( 0.1964411605302762986, 10.98007579844512271, 37.31618691814753674 ) ) ;
#5153 = CARTESIAN_POINT ( 'NONE',  ( 2.898050477370391231, 9.634445927544543764, 48.55497154797976123 ) ) ;
#5154 = CARTESIAN_POINT ( 'NONE',  ( 1.550326491075804114, 10.48550084802154636, 46.40249328023388387 ) ) ;
#5155 = CARTESIAN_POINT ( 'NONE',  ( 5.074856078497479217, 6.788744074909057957, 7.851450391237315252 ) ) ;
#5156 = CARTESIAN_POINT ( 'NONE',  ( -0.9808668922508351207, 10.83130859269157753, 15.74565565705218084 ) ) ;
#5157 = CARTESIAN_POINT ( 'NONE',  ( 4.587481844528150887, 7.739048733129941127, 50.99683826368600137 ) ) ;
#5158 = CARTESIAN_POINT ( 'NONE',  ( -4.983080091332232620, 4.453150155207318051, 52.74977835361561063 ) ) ;
#5159 = DIRECTION ( 'NONE',  ( -0.000000000000000000, -0.000000000000000000, -1.000000000000000000 ) ) ;
#5160 = CARTESIAN_POINT ( 'NONE',  ( 0.2999591220507833444, 11.06515853530437177, 42.76142520816062387 ) ) ;
#5161 = CARTESIAN_POINT ( 'NONE',  ( 1.164796900910637811, 6.511600366564503695, -10.01587415364460298 ) ) ;
#5162 = CARTESIAN_POINT ( 'NONE',  ( -2.098488812743535728E-32, 1.562500000000000000, 57.50000000000000000 ) ) ;
#5163 = CARTESIAN_POINT ( 'NONE',  ( 4.527738338335588253, 8.470579889113205141, 33.64172248717289193 ) ) ;
#5164 = CARTESIAN_POINT ( 'NONE',  ( 5.953125133089851140, 2.603205914921240982, 46.58770200859692068 ) ) ;
#5165 = CARTESIAN_POINT ( 'NONE',  ( 5.507285625366719728, 2.129643964781353649, 37.29426749735949187 ) ) ;
#5166 = CARTESIAN_POINT ( 'NONE',  ( -0.3087766509313454311, 6.923454151764651954, -10.03193510055964310 ) ) ;
#5167 = CARTESIAN_POINT ( 'NONE',  ( 0.2948968599922391909, 10.66802053989477983, 49.79940090052680546 ) ) ;
#5168 = CARTESIAN_POINT ( 'NONE',  ( 4.065191768755385127, 9.137346266549155160, 48.99816918800544840 ) ) ;
#5169 = CARTESIAN_POINT ( 'NONE',  ( -4.014295266426654685, 4.921885192640037765, -6.993562131090897971 ) ) ;
#5170 = CARTESIAN_POINT ( 'NONE',  ( 5.633979815183743689, 5.138466113752481412, 50.97305691138349459 ) ) ;
#5171 = CARTESIAN_POINT ( 'NONE',  ( -5.499055287078021159, 1.743247363346245971, 48.45920311076900333 ) ) ;
#5172 = CARTESIAN_POINT ( 'NONE',  ( 0.6061662460648622464, 8.711916422359760048, 54.13836548593445741 ) ) ;
#5173 = CARTESIAN_POINT ( 'NONE',  ( 5.920729150524050688, 2.080061532344968267, 42.03685469705814626 ) ) ;
#5174 = CARTESIAN_POINT ( 'NONE',  ( 5.415082971794929811, 5.093422360547183558, 24.07040698835934833 ) ) ;
#5175 = CARTESIAN_POINT ( 'NONE',  ( 0.09391491665826949553, 10.56167026108892948, 50.60766489642318788 ) ) ;
#5176 = CARTESIAN_POINT ( 'NONE',  ( -0.0004246987891178170349, 10.61018186597646817, 50.30326046083504110 ) ) ;
#5177 = CARTESIAN_POINT ( 'NONE',  ( -1.179620082567692130, 5.590989007347917372, 56.39491910405338615 ) ) ;
#5178 = CARTESIAN_POINT ( 'NONE',  ( 2.775560455605174059, 9.721421794839674391, 50.24097110455638671 ) ) ;
#5179 = CARTESIAN_POINT ( 'NONE',  ( -0.9945382658252533981, 2.882420360826901007, -14.99999999999999645 ) ) ;
#5180 = CARTESIAN_POINT ( 'NONE',  ( 0.000000000000000000, 10.43748798498713448, 9.115923342099762294 ) ) ;
#5181 = CARTESIAN_POINT ( 'NONE',  ( 1.711987522667138828, 9.792785247746314425, 50.26014203644187717 ) ) ;
#5182 = CARTESIAN_POINT ( 'NONE',  ( -0.2984435403898740846, 10.89086946356277252, 42.69277900204648546 ) ) ;
#5183 = DIRECTION ( 'NONE',  ( -1.000000000000000000, 0.000000000000000000, 3.450755528294924194E-15 ) ) ;
#5184 = CARTESIAN_POINT ( 'NONE',  ( 0.3387265304563824575, 7.773451868206060489, -7.656489942640566149 ) ) ;
#5185 = CARTESIAN_POINT ( 'NONE',  ( 3.883861103797821901, 9.401970051739670708, 15.74112723168992112 ) ) ;
#5186 = CARTESIAN_POINT ( 'NONE',  ( 5.881407224828286040, 3.611737651931552051, 50.28840007041422666 ) ) ;
#5187 = CARTESIAN_POINT ( 'NONE',  ( 4.937786817912433790, 5.112068817089751249, -1.857247979818987593 ) ) ;
#5188 = AXIS2_PLACEMENT_3D ( 'NONE', #4426, #4905, #7067 ) ;
#5189 = CARTESIAN_POINT ( 'NONE',  ( 0.01149767816113511296, 11.07022872263098101, 46.18695499911441971 ) ) ;
#5190 = CARTESIAN_POINT ( 'NONE',  ( -0.03245669465080154581, 10.62502899226444164, 50.20222499729428733 ) ) ;
#5191 = CARTESIAN_POINT ( 'NONE',  ( -0.6912623168014462305, 5.263850817640213009, -13.05663863858465312 ) ) ;
#5192 = CARTESIAN_POINT ( 'NONE',  ( 1.299422395151777820, 10.38932838452854490, 50.21622454749999775 ) ) ;
#5193 = CARTESIAN_POINT ( 'NONE',  ( -4.133515228682355769, 9.091905512591818450, 15.74059447576503246 ) ) ;
#5194 = CARTESIAN_POINT ( 'NONE',  ( -0.01566066878540250951, 9.320835855775694512, -1.174710724351445856 ) ) ;
#5195 = CARTESIAN_POINT ( 'NONE',  ( 5.496235220447005076, 6.241633516701164730, 50.22603351617467382 ) ) ;
#5196 = CARTESIAN_POINT ( 'NONE',  ( -0.0007120901925098705332, 10.61397723297004880, 50.27659587104943029 ) ) ;
#5197 = AXIS2_PLACEMENT_3D ( 'NONE', #7059, #6199, #973 ) ;
#5198 = CARTESIAN_POINT ( 'NONE',  ( 0.2034164377524780298, 10.85862201291332951, 15.74672116890211981 ) ) ;
#5199 = CARTESIAN_POINT ( 'NONE',  ( 2.351511480272840959, 8.772875377871544700, -1.194203744268771183 ) ) ;
#5200 = CARTESIAN_POINT ( 'NONE',  ( 0.5655987952718026790, 5.357140488235104137, -13.06024834366208687 ) ) ;
#5201 = CARTESIAN_POINT ( 'NONE',  ( 4.260563725710177607, 5.864862756297585911, 53.12339109691937722 ) ) ;
#5202 = CARTESIAN_POINT ( 'NONE',  ( -0.9774583724398242524, 9.992475165233889456, 50.59893340638058135 ) ) ;
#5203 = CARTESIAN_POINT ( 'NONE',  ( 5.106720476115652829, 7.957068723754123774, 48.56334628746103022 ) ) ;
#5204 = CARTESIAN_POINT ( 'NONE',  ( -5.386048027717892595, 5.373736402521536171, 34.88810931397564019 ) ) ;
#5205 = LINE ( 'NONE', #5947, #7679 ) ;
#5206 = CARTESIAN_POINT ( 'NONE',  ( 0.000000000000000000, 9.640359893738191133, 52.68031705410176357 ) ) ;
#5207 = CARTESIAN_POINT ( 'NONE',  ( 2.098488812743535728E-32, 1.562500000000000000, 57.50000000000000000 ) ) ;
#5208 = CARTESIAN_POINT ( 'NONE',  ( 4.506313885683796983, 8.269913751167109695, 10.78408530245513219 ) ) ;
#5209 = CARTESIAN_POINT ( 'NONE',  ( 5.493098243840771389, 2.185181240813217407, -0.2015319022533782478 ) ) ;
#5210 = CARTESIAN_POINT ( 'NONE',  ( -0.3483860277521251270, 8.805623280816449849, 54.14761770823182019 ) ) ;
#5211 = CARTESIAN_POINT ( 'NONE',  ( -0.3133906586753318346, 10.00234726274562469, 4.077072763914213915 ) ) ;
#5212 = CARTESIAN_POINT ( 'NONE',  ( 0.4170379904662813719, 10.64244083333772473, 49.90078285046432427 ) ) ;
#5213 = CARTESIAN_POINT ( 'NONE',  ( 4.293397585762172675, 9.019439889147911060, 48.58228894903657391 ) ) ;
#5214 = CARTESIAN_POINT ( 'NONE',  ( -5.213161675988189359, 6.502816362094942626, 18.26218174790344762 ) ) ;
#5215 = CARTESIAN_POINT ( 'NONE',  ( 5.694603920992046042, 5.171011083628137328, 50.53359583461899263 ) ) ;
#5216 = CARTESIAN_POINT ( 'NONE',  ( -4.934174608026376418, 1.727493350197395028, 54.74178961593681692 ) ) ;
#5217 = CARTESIAN_POINT ( 'NONE',  ( 0.9192339914560663239, 10.96512062414155686, 31.92477673929325732 ) ) ;
#5218 = CARTESIAN_POINT ( 'NONE',  ( 5.907077839714317768, 1.926436094498445772, 47.59850087458852386 ) ) ;
#5219 = CARTESIAN_POINT ( 'NONE',  ( 5.527991566520761069, 4.508074249061320593, 37.29872568463839144 ) ) ;
#5220 = CARTESIAN_POINT ( 'NONE',  ( 0.1074826725520393739, 10.51001008755402566, 50.91267279836030468 ) ) ;
#5221 = CARTESIAN_POINT ( 'NONE',  ( -0.0004191987210349042213, 10.52997078163324751, 50.81009615163365822 ) ) ;
#5222 = CARTESIAN_POINT ( 'NONE',  ( -1.836384508653791992, 8.498907595027199946, 53.33788644935765433 ) ) ;
#5223 = CARTESIAN_POINT ( 'NONE',  ( 2.794664120418661746, 9.766883057974832028, 50.03369791382728238 ) ) ;
#5224 = CARTESIAN_POINT ( 'NONE',  ( -4.282987123924241857, 6.822443189746267400, 52.02607779988039027 ) ) ;
#5225 = CARTESIAN_POINT ( 'NONE',  ( 1.165176329378146525, 7.527043182502075602, 55.05647114564424527 ) ) ;
#5226 = CARTESIAN_POINT ( 'NONE',  ( 0.5549699774473240144, 10.66879727800424149, 12.45342582610567561 ) ) ;
#5227 = CARTESIAN_POINT ( 'NONE',  ( 3.355872781751682687, 8.274315954549177121, 51.58686543636690658 ) ) ;
#5228 = CARTESIAN_POINT ( 'NONE',  ( 6.031317406984922691, 3.606260652780589826, 42.05165313669824201 ) ) ;
#5229 = CARTESIAN_POINT ( 'NONE',  ( 5.651491567488949208, 5.791875796415670408, 46.29155307691457466 ) ) ;
#5230 = CARTESIAN_POINT ( 'NONE',  ( 0.009257728886789091602, 10.54667362839863287, 50.70866531621178552 ) ) ;
#5231 = CARTESIAN_POINT ( 'NONE',  ( -0.04587424251728373925, 10.68212174770735068, 49.79941221458255285 ) ) ;
#5232 = CARTESIAN_POINT ( 'NONE',  ( -0.7935599654008677062, 5.863868523505746388, 56.41442013047500126 ) ) ;
#5233 = CARTESIAN_POINT ( 'NONE',  ( 1.396755401864760104, 10.22859924438168910, 50.83494912095719087 ) ) ;
#5234 = CARTESIAN_POINT ( 'NONE',  ( -2.851438401361048314, 6.007992240162375985, 54.96087169358122537 ) ) ;
#5235 = CARTESIAN_POINT ( 'NONE',  ( -0.07576909261524082673, 11.02176659998657016, 20.74929640529001773 ) ) ;
#5236 = B_SPLINE_CURVE_WITH_KNOTS ( 'NONE', 3,
 ( #8534, #7882, #4582, #6575, #5938, #2761, #6704, #150, #4667, #7270, #7313, #6064, #192, #746, #2718, #8139, #4062, #1349, #7356, #63, #1391, #3363, #2166, #2033, #5411, #8053, #2121, #6660, #3408, #2207, #4107, #2675, #4756, #7963, #5454, #3973, #5321, #236, #5498, #7401, #1434, #4016, #6749, #6793, #6019, #789, #1479, #832, #8008, #106, #5367, #2078, #4713, #3451, #6106, #2807, #8095, #4801, #7445, #1520, #4150, #876, #3493, #6147 ),
 .UNSPECIFIED., .F., .F.,
 ( 4, 2, 2, 2, 2, 2, 2, 2, 2, 2, 2, 2, 2, 2, 2, 2, 2, 2, 2, 2, 2, 2, 2, 2, 2, 2, 2, 2, 2, 2, 2, 4 ),
 ( 0.0001944091103378271334, 0.005266726121630543531, 0.01033904313292326009, 0.02048367715550867760, 0.03062831117809409684, 0.04077294520067951955, 0.08135148129102115488, 0.09149611531360657413, 0.1016407493361919795, 0.1219300173813627208, 0.1320746514039481401, 0.1422192854265335593, 0.1472916024378262689, 0.1523639194491189508, 0.1625085534717043145, 0.1827978215168748477, 0.1878701385281674463, 0.1929424555394600449, 0.2030870895620452976, 0.2233763576072158585, 0.2335209916298011668, 0.2385933086410937931, 0.2436656256523864195, 0.2538102596749716722, 0.2639548936975569249, 0.2740995277201421776, 0.2842441617427274303, 0.3045334297878979357, 0.3146780638104831884, 0.3197503808217758703, 0.3222865393274221280, 0.3248226978330684411 ),
 .UNSPECIFIED. ) ;
#5237 = CARTESIAN_POINT ( 'NONE',  ( 5.987377823624699502, 6.527440697724528285, 43.65710922361428459 ) ) ;
#5238 = CARTESIAN_POINT ( 'NONE',  ( 5.863600586150692532E-06, 10.59143666557909569, 50.42707047156302025 ) ) ;
#5239 = CARTESIAN_POINT ( 'NONE',  ( 0.2259994866890681631, 10.43730869005763928, 9.116073856843597056 ) ) ;
#5240 = CARTESIAN_POINT ( 'NONE',  ( 2.705329644963483826, 10.38753152290552251, 31.92479300530500552 ) ) ;
#5241 = CARTESIAN_POINT ( 'NONE',  ( 0.9347996952676117521, 7.805096059128382890, -6.993397019422279648 ) ) ;
#5242 = CARTESIAN_POINT ( 'NONE',  ( 5.222922118419838888, 6.815514168894170055, 48.51392793203239506 ) ) ;
#5243 = CARTESIAN_POINT ( 'NONE',  ( -1.156971094118205201, 10.91023580064378429, 34.88703010545050631 ) ) ;
#5244 = CARTESIAN_POINT ( 'NONE',  ( -2.168919089544520507, 7.513319947436527535, -5.823886503192656328 ) ) ;
#5245 = ORIENTED_EDGE ( 'NONE', *, *, #4586, .T. ) ;
#5246 = CARTESIAN_POINT ( 'NONE',  ( 5.232136919873220826, 7.714932060261951996, 48.55838401963929840 ) ) ;
#5247 = CARTESIAN_POINT ( 'NONE',  ( -5.591221621474208980, 5.402805953420182661, 39.74485246121546567 ) ) ;
#5248 = CARTESIAN_POINT ( 'NONE',  ( 5.095106242607511327, 8.645623341073207513, 41.45540113598099197 ) ) ;
#5249 = CARTESIAN_POINT ( 'NONE',  ( 5.577926278161457141, 5.414463486467566256, 50.95540067381245564 ) ) ;
#5250 = CARTESIAN_POINT ( 'NONE',  ( 1.528235875416854128, 7.908396881373038312, -5.816003921645712005 ) ) ;
#5251 = CARTESIAN_POINT ( 'NONE',  ( 4.014720584116367341, 7.505423137098534703, 51.60487947205041337 ) ) ;
#5252 = CARTESIAN_POINT ( 'NONE',  ( 5.500080401375888606, 1.806849539916832503, 33.64102588275947880 ) ) ;
#5253 = CARTESIAN_POINT ( 'NONE',  ( -0.4831210729676732596, 9.997487519179466986, 4.078575835664241644 ) ) ;
#5254 = CARTESIAN_POINT ( 'NONE',  ( 0.6691036368979004223, 10.60081468861287668, 49.90281123181847533 ) ) ;
#5255 = CARTESIAN_POINT ( 'NONE',  ( 4.068452438019745543, 8.448521851017241957, 50.88728110355735623 ) ) ;
#5256 = CARTESIAN_POINT ( 'NONE',  ( -5.227146360056447172, 6.513702476668210117, 15.73686518429021497 ) ) ;
#5257 = CARTESIAN_POINT ( 'NONE',  ( 6.055112174232011313, 5.923079905795615829, 42.85602291908758588 ) ) ;
#5258 = CARTESIAN_POINT ( 'NONE',  ( -5.491998366975140655, 2.180533591297508789, -1.257040067296377517 ) ) ;
#5259 = CARTESIAN_POINT ( 'NONE',  ( 0.6903368109408656306, 8.464944604538406026, -4.977944103904714979 ) ) ;
#5260 = CARTESIAN_POINT ( 'NONE',  ( 5.900676244449271302, 1.750750227616508115, 49.72133082383562197 ) ) ;
#5261 = CARTESIAN_POINT ( 'NONE',  ( 5.301817735439748880, 3.832552377366900132, -1.243280288531207756 ) ) ;
#5262 = CARTESIAN_POINT ( 'NONE',  ( 0.1094679705905654138, 10.59246235816102377, 50.40491416111894551 ) ) ;
#5263 = CARTESIAN_POINT ( 'NONE',  ( 0.0006591996114150624206, 11.07024213964489157, 46.18711826625195016 ) ) ;
#5264 = CARTESIAN_POINT ( 'NONE',  ( -2.040646507474762394, 9.111160970244950974, 51.96543361660047111 ) ) ;
#5265 = CARTESIAN_POINT ( 'NONE',  ( 2.985885899763459861, 10.72576912164226748, 42.15905687756277587 ) ) ;
#5266 = CARTESIAN_POINT ( 'NONE',  ( -4.719166157574062659, 8.049282973624288573, 20.75011832279086121 ) ) ;
#5267 = CARTESIAN_POINT ( 'NONE',  ( 1.440183863940106779, 8.992161439849351012, 52.96437906559591369 ) ) ;
#5268 = CARTESIAN_POINT ( 'NONE',  ( 0.4654440676764402540, 10.65248161650257153, 46.42043948959413058 ) ) ;
#5269 = CARTESIAN_POINT ( 'NONE',  ( 1.298244894941675387, 3.303332463821072373, 57.26930643772371354 ) ) ;
#5270 = CARTESIAN_POINT ( 'NONE',  ( 5.901597683016352569, 2.864865618348195309, 50.27820104429198267 ) ) ;
#5271 = CARTESIAN_POINT ( 'NONE',  ( 5.297877428732543414, 5.775918796315493431, 33.64144116615982938 ) ) ;
#5272 = CARTESIAN_POINT ( 'NONE',  ( 0.01510382544439223089, 10.92937066323383277, 47.78908459889985494 ) ) ;
#5273 = CARTESIAN_POINT ( 'NONE',  ( -0.05183432099889713485, 11.00656814752426271, 46.98836559960597725 ) ) ;
#5274 = CARTESIAN_POINT ( 'NONE',  ( -1.685165255485219227, 10.80164231264135033, 20.74953322897674113 ) ) ;
#5275 = CARTESIAN_POINT ( 'NONE',  ( 1.266609269607405386, 10.25522821647746241, 50.93488974405698144 ) ) ;
#5276 = CARTESIAN_POINT ( 'NONE',  ( -3.700170262257331366, 7.980482663225315854, -0.1951654608200787677 ) ) ;
#5277 = CARTESIAN_POINT ( 'NONE',  ( -0.06856334426703640517, 8.001680047377520921, -6.993362399233706839 ) ) ;
#5278 = CARTESIAN_POINT ( 'NONE',  ( 5.989750483601786968, 6.512714634159348925, 44.45048472023322716 ) ) ;
#5279 = DIMENSIONAL_EXPONENTS ( 1.000000000000000000, 0.000000000000000000, 0.000000000000000000, 0.000000000000000000, 0.000000000000000000, 0.000000000000000000, 0.000000000000000000 ) ;
#5280 = LINE ( 'NONE', #1264, #651 ) ;
#5281 = CARTESIAN_POINT ( 'NONE',  ( 0.1034442485483386270, 9.318886413870348662, -1.175857372581877280 ) ) ;
#5282 = CARTESIAN_POINT ( 'NONE',  ( 2.321580910347138094, 8.386023295958002777, 52.96542287193759080 ) ) ;
#5283 = CARTESIAN_POINT ( 'NONE',  ( 1.233327832545831004, 9.153261785136241002, -1.185489217717494714 ) ) ;
#5284 = CARTESIAN_POINT ( 'NONE',  ( 5.158591868348608500, 7.034066789936489705, 36.12857544011892941 ) ) ;
#5285 = CARTESIAN_POINT ( 'NONE',  ( -1.186529497310937264, 10.89628553961774493, 37.31432934011460389 ) ) ;
#5286 = CARTESIAN_POINT ( 'NONE',  ( -2.113225334209121176, 6.774282052363552964, 55.00867141961280993 ) ) ;
#5287 = EDGE_LOOP ( 'NONE', ( #1999, #4158, #7015, #4191 ) ) ;
#5288 = CARTESIAN_POINT ( 'NONE',  ( 4.908323813572935457, 7.372766367871802728, 50.67268054850873682 ) ) ;
#5289 = CARTESIAN_POINT ( 'NONE',  ( -4.992879515866418316, 4.734197476593538845, -2.496189015767824593 ) ) ;
#5290 = CYLINDRICAL_SURFACE ( 'NONE', #7262, 0.09999999999999947820 ) ;
#5291 = CARTESIAN_POINT ( 'NONE',  ( 5.817577156975984209, 3.865644912229862395, 50.95540067381245564 ) ) ;
#5292 = CARTESIAN_POINT ( 'NONE',  ( 2.069217658569844520, 10.36166019253586157, 10.78634925481563656 ) ) ;
#5293 = CARTESIAN_POINT ( 'NONE',  ( 4.536290062892189390, 8.170045423062109791, 48.53034537841119800 ) ) ;
#5294 = CARTESIAN_POINT ( 'NONE',  ( 5.500141757460003333, 1.827248519115199477, 10.77946861528869427 ) ) ;
#5295 = CARTESIAN_POINT ( 'NONE',  ( -0.6608101311083436347, 10.55577682127493411, 10.78741464416173557 ) ) ;
#5296 = CARTESIAN_POINT ( 'NONE',  ( 0.6123140056992535385, 11.20014219456514937, 43.78184347967333423 ) ) ;
#5297 = CARTESIAN_POINT ( 'NONE',  ( 4.635964632224474968, 9.068816700552700283, 46.93372219416238522 ) ) ;
#5298 = CARTESIAN_POINT ( 'NONE',  ( -2.098488812743535728E-32, 1.562500000000000000, 57.50000000000000000 ) ) ;
#5299 = CARTESIAN_POINT ( 'NONE',  ( 5.980852726171721478, 5.337884185286190686, 47.66788092837463608 ) ) ;
#5300 = CARTESIAN_POINT ( 'NONE',  ( -1.713846906109988133, 1.722780135596348572, -14.99999999999998757 ) ) ;
#5301 = CARTESIAN_POINT ( 'NONE',  ( 0.09607709706564397656, 2.218074390402804852, 57.50000000000000000 ) ) ;
#5302 = CARTESIAN_POINT ( 'NONE',  ( 5.905283252944904859, 1.796223298966856508, 42.80814740458229295 ) ) ;
#5303 = CARTESIAN_POINT ( 'NONE',  ( 5.324463429580110763, 3.859557415029252869, -0.6164607947583115033 ) ) ;
#5304 = CARTESIAN_POINT ( 'NONE',  ( 0.1303557177140008683, 11.29165768748402954, 42.19342271681196621 ) ) ;
#5305 = CARTESIAN_POINT ( 'NONE',  ( 0.0006221462632703916688, 10.63954220195496703, 50.10146095712755709 ) ) ;
#5306 = CARTESIAN_POINT ( 'NONE',  ( -2.485176102242338203, 10.51032462940139744, 34.88722890702094048 ) ) ;
#5307 = CARTESIAN_POINT ( 'NONE',  ( 3.086089932233993860, 10.12467600694369274, 47.77365317353417140 ) ) ;
#5308 = CARTESIAN_POINT ( 'NONE',  ( -4.474617795707381163, 7.032847942740811042, 51.17890357538095714 ) ) ;
#5309 = CARTESIAN_POINT ( 'NONE',  ( 1.944792920489342825, 10.38405635486368972, 46.39596738592092606 ) ) ;
#5310 = CARTESIAN_POINT ( 'NONE',  ( 0.3731284290446771346, 9.090507719267629128, -2.364835376315709059 ) ) ;
#5311 = CARTESIAN_POINT ( 'NONE',  ( 4.152622556597549419, 9.144351292733020387, 18.26319196863359551 ) ) ;
#5312 = CARTESIAN_POINT ( 'NONE',  ( 5.943091551434193320, 3.094775873429904234, 48.88095213845887343 ) ) ;
#5313 = CARTESIAN_POINT ( 'NONE',  ( 5.400700050988129775, 5.560622792152099869, 18.26174879616190339 ) ) ;
#5314 = CARTESIAN_POINT ( 'NONE',  ( 0.02051281651067481809, 10.57928589389580232, 50.50579242388944579 ) ) ;
#5315 = CARTESIAN_POINT ( 'NONE',  ( -0.03164631281423225390, 10.51248463500142094, 50.91135102407446311 ) ) ;
#5316 = CARTESIAN_POINT ( 'NONE',  ( -1.285819142324400755, 9.080916836365810596, 52.96420509787232334 ) ) ;
#5317 = CARTESIAN_POINT ( 'NONE',  ( 1.595915271633306709, 11.02047733792211481, 44.56852713033412527 ) ) ;
#5318 = CARTESIAN_POINT ( 'NONE',  ( -4.093005974295428118, 8.978140832463177290, 12.44801516366900351 ) ) ;
#5319 = CARTESIAN_POINT ( 'NONE',  ( -0.1097615348708557426, 8.856514322158993480, 54.15686993052911191 ) ) ;
#5320 = CARTESIAN_POINT ( 'NONE',  ( 5.959928605335276686, 6.694316550995501380, 42.86580019510067530 ) ) ;
#5321 = CARTESIAN_POINT ( 'NONE',  ( 4.420649271118396229, 9.152709137467738287, 41.45540113598096355 ) ) ;
#5322 = EDGE_CURVE ( 'NONE', #2943, #1824, #3115, .T. ) ;
#5323 = CARTESIAN_POINT ( 'NONE',  ( 0.1809660788028258638, 9.309781605228137025, 53.35652379627212838 ) ) ;
#5324 = CARTESIAN_POINT ( 'NONE',  ( 2.709883599086526651, 8.927145719864189033, 0.4117465033409706265 ) ) ;
#5325 = CARTESIAN_POINT ( 'NONE',  ( 1.260149913261020993, 9.322125087741897076, -0.1923359312941682886 ) ) ;
#5326 = CARTESIAN_POINT ( 'NONE',  ( 5.194187658447241063, 6.451054107194072351, 9.121642902365559635 ) ) ;
#5327 = CARTESIAN_POINT ( 'NONE',  ( 0.002989553103130961932, 10.56341003906916676, 50.60713486141626305 ) ) ;
#5328 = CARTESIAN_POINT ( 'NONE',  ( -0.8131555559131793398, 9.221253321603933628, 53.14441657884601966 ) ) ;
#5329 = CARTESIAN_POINT ( 'NONE',  ( -1.622880116474768375, 5.231676335472388750, 56.37054282102638325 ) ) ;
#5330 = CARTESIAN_POINT ( 'NONE',  ( 4.984979567433481584, 7.451581539376800123, 50.24363253233056525 ) ) ;
#5331 = CARTESIAN_POINT ( 'NONE',  ( -5.712211940740740346, 4.966158506208532053, 42.56630949259791663 ) ) ;
#5332 = LINE ( 'NONE', #8149, #8105 ) ;
#5333 = CARTESIAN_POINT ( 'NONE',  ( 4.547931252119186141, 7.814705144895819799, 50.95540067381242011 ) ) ;
#5334 = CARTESIAN_POINT ( 'NONE',  ( 2.062683911922342350, 9.633104688145738947, 50.26094188660853490 ) ) ;
#5335 = CARTESIAN_POINT ( 'NONE',  ( 4.400807959818817672, 7.453894796351881347, 50.62347175763397900 ) ) ;
#5336 = AXIS2_PLACEMENT_3D ( 'NONE', #4446, #7739, #4689 ) ;
#5337 = CARTESIAN_POINT ( 'NONE',  ( 5.495510945467326991, 1.755806219578331495, -3.789740912245829652 ) ) ;
#5338 = CARTESIAN_POINT ( 'NONE',  ( -0.3786848646507699478, 8.975216073187469945, -2.959830186914257588 ) ) ;
#5339 = CARTESIAN_POINT ( 'NONE',  ( 0.6585695254615873129, 10.52247912897576754, 50.41044568856940344 ) ) ;
#5340 = CARTESIAN_POINT ( 'NONE',  ( 4.691407803455398096, 9.448946040540352698, 42.91759684177441159 ) ) ;
#5341 = CARTESIAN_POINT ( 'NONE',  ( -5.030390531147936883, 5.722496416860241908, 51.19595601088577297 ) ) ;
#5342 = CARTESIAN_POINT ( 'NONE',  ( 5.765968862615866719, 4.641044909557019871, 50.63460359652027876 ) ) ;
#5343 = CARTESIAN_POINT ( 'NONE',  ( -5.424668244811073237, 2.123311617632454240, -5.130515853583201391 ) ) ;
#5344 = CARTESIAN_POINT ( 'NONE',  ( 4.995106242607511682, 8.645623341073207513, 41.45540113598099197 ) ) ;
#5345 = CARTESIAN_POINT ( 'NONE',  ( 0.8941108912734634373, 9.482877919370134023, 0.4080301183988340741 ) ) ;
#5346 = CARTESIAN_POINT ( 'NONE',  ( 5.893300679461862757, 1.863298983768553851, 51.05829134944260517 ) ) ;
#5347 = CARTESIAN_POINT ( 'NONE',  ( 4.789413677048457885, 3.401272232692570174, -6.993626045285197712 ) ) ;
#5348 = CARTESIAN_POINT ( 'NONE',  ( 0.1638884094836750571, 11.26150939342008250, 42.98968356153181958 ) ) ;
#5349 = CARTESIAN_POINT ( 'NONE',  ( 0.001520207986480177475, 11.22385122890691100, 43.78972977719187298 ) ) ;
#5350 = CARTESIAN_POINT ( 'NONE',  ( -2.303214918561453217, 9.107844325281837072, 51.56384750188222910 ) ) ;
#5351 = CARTESIAN_POINT ( 'NONE',  ( 3.086761216577708300, 9.465592919450616094, 50.45416340964901991 ) ) ;
#5352 = CARTESIAN_POINT ( 'NONE',  ( -4.886377185426405312, 7.647509673100260308, 15.73846345206511188 ) ) ;
#5353 = CARTESIAN_POINT ( 'NONE',  ( 1.462434383211648364E-15, 1.562500000000000000, -14.99999999999999822 ) ) ;
#5354 = CARTESIAN_POINT ( 'NONE',  ( 2.098488812743535728E-32, 1.562500000000000000, 57.50000000000000000 ) ) ;
#5355 = CARTESIAN_POINT ( 'NONE',  ( 3.332777585115220376, 7.616367116651942659, 52.71655773210907370 ) ) ;
#5356 = CARTESIAN_POINT ( 'NONE',  ( 5.873162355458438455, 2.871117187188730657, 51.05867842182897931 ) ) ;
#5357 = CARTESIAN_POINT ( 'NONE',  ( 4.894379342749972217, 4.613899391374063796, -3.717030203150490486 ) ) ;
#5358 = CARTESIAN_POINT ( 'NONE',  ( -0.3727181255784319247, 10.19677892371551842, 6.161218842078974411 ) ) ;
#5359 = CARTESIAN_POINT ( 'NONE',  ( -5.486996281919778617, 3.967329128220546952, 49.93885443171592442 ) ) ;
#5360 = CARTESIAN_POINT ( 'NONE',  ( 0.02174754538713252403, 10.73762053754158430, 49.39653202135095000 ) ) ;
#5361 = CARTESIAN_POINT ( 'NONE',  ( -0.01972177451919450430, 10.56340979047047846, 50.60700878094107225 ) ) ;
#5362 = CARTESIAN_POINT ( 'NONE',  ( -1.321692979558065195, 8.472930506655286464, -4.181430296261216206 ) ) ;
#5363 = CARTESIAN_POINT ( 'NONE',  ( 1.653540838020862935, 10.15541119269253478, 50.73768469269005976 ) ) ;
#5364 = CARTESIAN_POINT ( 'NONE',  ( -4.152778966162221863, 9.166383519803840585, 20.74995115312975358 ) ) ;
#5365 = CARTESIAN_POINT ( 'NONE',  ( -0.04984764808938166314, 9.558413797824004021, 0.4059861066806595420 ) ) ;
#5366 = CARTESIAN_POINT ( 'NONE',  ( 5.911627568746736117, 6.594482182518455637, 46.06339459593150565 ) ) ;
#5367 = CARTESIAN_POINT ( 'NONE',  ( 2.107719398909601249, 10.63890580780254602, 41.45540113598097065 ) ) ;
#5368 = CARTESIAN_POINT ( 'NONE',  ( 0.1641846508983523245, 9.467692953124002386, -0.1911864349242674010 ) ) ;
#5369 = CARTESIAN_POINT ( 'NONE',  ( 3.201421450823944692, 9.555238821961136608, 7.842453663656264062 ) ) ;
#5370 = CARTESIAN_POINT ( 'NONE',  ( 1.038576315214096768, 7.610962419463309203, 55.06244611139818090 ) ) ;
#5371 = CARTESIAN_POINT ( 'NONE',  ( 3.757619237599174156, 4.767516182548790837, 54.88917210453391959 ) ) ;
#5372 = CARTESIAN_POINT ( 'NONE',  ( 0.001609644596344689911, 10.65405248613645028, 50.00066615678221638 ) ) ;
#5373 = CARTESIAN_POINT ( 'NONE',  ( -0.8730679293655547735, 9.326997574643348443, -0.5906511794208719746 ) ) ;
#5374 = CARTESIAN_POINT ( 'NONE',  ( -3.358550163734232985, 10.03657498913914203, 24.06731195708591997 ) ) ;
#5375 = ORIENTED_EDGE ( 'NONE', *, *, #5703, .F. ) ;
#5376 = CARTESIAN_POINT ( 'NONE',  ( 5.451475529046994062, 7.973641325399020374, 46.09483207297306961 ) ) ;
#5377 = CARTESIAN_POINT ( 'NONE',  ( -0.7015501518557797356, 1.774102304361882432, 57.50000000000000711 ) ) ;
#5378 = CARTESIAN_POINT ( 'NONE',  ( 5.443403828961035806, 3.449613765656896369, 50.95540067381246985 ) ) ;
#5379 = CARTESIAN_POINT ( 'NONE',  ( 0.02118174190531887935, 9.768370934394681626, 52.32194459496485450 ) ) ;
#5380 = CARTESIAN_POINT ( 'NONE',  ( 2.042092830819102645, 9.220759047797333352, 0.4102599493641170270 ) ) ;
#5381 = CARTESIAN_POINT ( 'NONE',  ( 4.667371685945039594, 7.879968073940023743, 9.120438784414892197 ) ) ;
#5382 = CARTESIAN_POINT ( 'NONE',  ( 4.854774945767787564, 2.026567475027734933, -8.589024343790322646 ) ) ;
#5383 = CARTESIAN_POINT ( 'NONE',  ( -0.4113391540934689949, 8.785749644288660676, 54.14530465265748660 ) ) ;
#5384 = CARTESIAN_POINT ( 'NONE',  ( 0.7723760495087588218, 10.42700707308259389, 50.82103305782744229 ) ) ;
#5385 = PRODUCT_DEFINITION ( 'UNKNOWN', '', #3971, #7459 ) ;
#5386 = CARTESIAN_POINT ( 'NONE',  ( 4.772497872673180375, 9.352440304745297084, 41.33163645196164993 ) ) ;
#5387 = CARTESIAN_POINT ( 'NONE',  ( -4.589612086713733774, 5.128072972714021738, -4.292993081247851173 ) ) ;
#5388 = CARTESIAN_POINT ( 'NONE',  ( 5.844157049671069082, 4.674750047799629549, 49.87246692663155301 ) ) ;
#5389 = CARTESIAN_POINT ( 'NONE',  ( -5.500431826596452467, 1.765306846360019888, -0.6238908355372709824 ) ) ;
#5390 = CARTESIAN_POINT ( 'NONE',  ( 4.055672403485773181, 7.779851370397406818, 50.95540067381244853 ) ) ;
#5391 = CARTESIAN_POINT ( 'NONE',  ( 0.8261025074675519830, 9.309331425401440541, 52.96368319470155939 ) ) ;
#5392 = CARTESIAN_POINT ( 'NONE',  ( 5.900747457831608145, 1.744566025229992157, 48.85936548781155153 ) ) ;
#5393 = CARTESIAN_POINT ( 'NONE',  ( 5.490832298621497465, 3.453935581838233126, 50.27720550666510491 ) ) ;
#5394 = CARTESIAN_POINT ( 'NONE',  ( 0.1782362461621632144, 10.83146485256896874, 48.59126640932993269 ) ) ;
#5395 = CARTESIAN_POINT ( 'NONE',  ( 0.001256455974985733930, 10.92939615012310917, 47.78926524389706287 ) ) ;
#5396 = CARTESIAN_POINT ( 'NONE',  ( -2.496050041571600264, 10.54220386111135532, 24.06679611854040601 ) ) ;
#5397 = CARTESIAN_POINT ( 'NONE',  ( 3.374408180568571947, 10.11052800832171705, 46.95875790094329005 ) ) ;
#5398 = B_SPLINE_SURFACE_WITH_KNOTS ( 'NONE', 3, 3, ( 
 ( #665, #5151, #499, #622, #6532, #8407, #5196, #3237, #7101, #1827 ),
 ( #579, #2553, #1182, #1142, #3802, #8492, #2593, #3151, #7795, #2469 ),
 ( #7841, #5851, #541, #6450, #5238, #5107, #3195, #1913, #1951, #5809 ),
 ( #3109, #1306, #1992, #8448, #1869, #2509, #5768, #4542, #4498, #7226 ) ),
 .UNSPECIFIED., .F., .F., .F.,
 ( 4, 4 ),
 ( 4, 3, 3, 4 ),
 ( 0.000000000000000000, 7.554244562063821156E-05 ),
 ( 0.1421558783073785803, 0.1477275858883109749, 0.1505134396787771722, 0.1532992934692433973 ),
 .UNSPECIFIED. ) ;
#5399 = CARTESIAN_POINT ( 'NONE',  ( -5.364469378106949904, 7.583614908212081396, 42.60041362997728243 ) ) ;
#5400 = CARTESIAN_POINT ( 'NONE',  ( -5.479910422481501620, 3.690557422846979296, 33.64122682634029360 ) ) ;
#5401 = CARTESIAN_POINT ( 'NONE',  ( 0.4831210729676732596, 9.997487519179466986, 4.078575835664241644 ) ) ;
#5402 = CARTESIAN_POINT ( 'NONE',  ( 3.549213326917420197, 7.697990837941432574, -1.817522914258211442 ) ) ;
#5403 = CARTESIAN_POINT ( 'NONE',  ( 5.934535247354531862, 3.354266850254967292, 49.31036356951510413 ) ) ;
#5404 = CARTESIAN_POINT ( 'NONE',  ( 5.431602865398607705, 5.375359251069660615, 36.12815858435455851 ) ) ;
#5405 = CARTESIAN_POINT ( 'NONE',  ( 0.02077795515556135619, 10.61009910213975438, 50.30330144394726943 ) ) ;
#5406 = CARTESIAN_POINT ( 'NONE',  ( -0.01477225500888304163, 10.92939387494240933, 47.78949827348097301 ) ) ;
#5407 = CARTESIAN_POINT ( 'NONE',  ( -1.418729553887774886, 8.902396731752247661, 53.14161318125578504 ) ) ;
#5408 = CARTESIAN_POINT ( 'NONE',  ( 2.123564643370227323, 10.74588881163639797, 46.16675888128249028 ) ) ;
#5409 = CARTESIAN_POINT ( 'NONE',  ( -2.936150927832235968, 6.058934611263413927, -7.639070971362057705 ) ) ;
#5410 = CARTESIAN_POINT ( 'NONE',  ( -0.06918136839569438701, 7.801485790990454028, -7.657972408281287002 ) ) ;
#5411 = CARTESIAN_POINT ( 'NONE',  ( 5.379272463361773227, 7.265063561885742871, 41.45540113598099197 ) ) ;
#5412 = CARTESIAN_POINT ( 'NONE',  ( 0.1457948879681343068, 5.531389196483992521, -13.07017503262505009 ) ) ;
#5413 = CARTESIAN_POINT ( 'NONE',  ( 1.462434383211648364E-15, 1.562500000000000000, -14.99999999999999822 ) ) ;
#5414 = CARTESIAN_POINT ( 'NONE',  ( 1.507646195281876489, 9.801805347304833660, 50.60200070028727737 ) ) ;
#5415 = CARTESIAN_POINT ( 'NONE',  ( 4.710891037727230390, 5.746122923195033927, -1.848420187472148646 ) ) ;
#5416 = CARTESIAN_POINT ( 'NONE',  ( 0.003149008924294341601, 11.22385080535037005, 43.78970721691590740 ) ) ;
#5417 = CARTESIAN_POINT ( 'NONE',  ( -0.8643691922595512223, 9.228011943569216058, -1.182737261964459829 ) ) ;
#5418 = CARTESIAN_POINT ( 'NONE',  ( -2.458100261281476850, 8.254684422495008889, -3.009749570418053466 ) ) ;
#5419 = ORIENTED_EDGE ( 'NONE', *, *, #5606, .T. ) ;
#5420 = CARTESIAN_POINT ( 'NONE',  ( 5.611830175862161596, 7.852838376534635678, 41.30685791672744500 ) ) ;
#5421 = CARTESIAN_POINT ( 'NONE',  ( -5.047527557673484822, 4.363598591230769763, -3.124948147734524895 ) ) ;
#5422 = CARTESIAN_POINT ( 'NONE',  ( 5.747133004596825856, 2.611486588432053058, 41.75540113598098912 ) ) ;
#5423 = CARTESIAN_POINT ( 'NONE',  ( 0.000000000000000000, 8.747423532352845754, -4.149041100619943023 ) ) ;
#5424 = CARTESIAN_POINT ( 'NONE',  ( 1.831595141014383143, 9.072793837442027609, 52.35449413523006967 ) ) ;
#5425 = CARTESIAN_POINT ( 'NONE',  ( 5.045018113782220759, 8.330090734265651164, 42.61178167577030251 ) ) ;
#5426 = CARTESIAN_POINT ( 'NONE',  ( -0.6509042904961492848, 10.19178022624745061, 6.162745761169429848 ) ) ;
#5427 = CARTESIAN_POINT ( 'NONE',  ( 0.8171428339315388589, 10.70805455651305138, 48.99295897304180869 ) ) ;
#5428 = CARTESIAN_POINT ( 'NONE',  ( 4.169412388124422719, 8.597501820976226838, 50.25109390158483791 ) ) ;
#5429 = CARTESIAN_POINT ( 'NONE',  ( -1.462434383211648364E-15, 1.562500000000000000, -14.99999999999999822 ) ) ;
#5430 = CARTESIAN_POINT ( 'NONE',  ( 5.774557618625405730, 5.214763212072124787, 49.88303402569833622 ) ) ;
#5431 = CARTESIAN_POINT ( 'NONE',  ( -5.352647507209983502, 1.562500000000000444, 52.97377332266994188 ) ) ;
#5432 = CARTESIAN_POINT ( 'NONE',  ( -4.087794918834119557E-05, 10.09798686456638173, 50.95540067381245564 ) ) ;
#5433 = EDGE_CURVE ( 'NONE', #3068, #1442, #3178, .T. ) ;
#5434 = CARTESIAN_POINT ( 'NONE',  ( 0.8706086207902387075, 9.567333253628106604, 52.33799014298288910 ) ) ;
#5435 = CARTESIAN_POINT ( 'NONE',  ( 5.896656681875406036, 1.658149193879085104, 50.83253465914551583 ) ) ;
#5436 = CARTESIAN_POINT ( 'NONE',  ( 5.516017208709129704, 3.553935421238392678, 36.12770699060975232 ) ) ;
#5437 = CARTESIAN_POINT ( 'NONE',  ( 0.1712311513467171531, 10.64907199225888590, 50.00080040032234052 ) ) ;
#5438 = CARTESIAN_POINT ( 'NONE',  ( 0.0006733095031775605723, 10.49404243974634632, 51.01319618144536605 ) ) ;
#5439 = CARTESIAN_POINT ( 'NONE',  ( -2.287223809866340662, 9.418001392278718242, 2.033427017624523714 ) ) ;
#5440 = CARTESIAN_POINT ( 'NONE',  ( 3.239812998891350659, 10.61495349480346562, 41.36164774673551392 ) ) ;
#5441 = CARTESIAN_POINT ( 'NONE',  ( -4.773784258891439869, 7.422786525682592895, 6.191757223887891293 ) ) ;
#5442 = CARTESIAN_POINT ( 'NONE',  ( -5.470637621392687500, 4.509821152793543675, 24.07088843766856101 ) ) ;
#5443 = CARTESIAN_POINT ( 'NONE',  ( 0.5317932298716282480, 10.00681490937852480, 51.11815427389483091 ) ) ;
#5444 = CARTESIAN_POINT ( 'NONE',  ( 2.098488812743535728E-32, 1.562500000000000000, 57.50000000000000000 ) ) ;
#5445 = CARTESIAN_POINT ( 'NONE',  ( 5.869680977572363290, 3.108789610905894119, 50.94797159121850427 ) ) ;
#5446 = CARTESIAN_POINT ( 'NONE',  ( 4.069837743851547174, 3.937591709684072239, -8.612590203900525765 ) ) ;
#5447 = CARTESIAN_POINT ( 'NONE',  ( 0.03462121341341003328, 10.52976042067706608, 50.81035364827967982 ) ) ;
#5448 = CARTESIAN_POINT ( 'NONE',  ( -0.01723128979345253317, 11.26364855533359410, 42.99203797839901142 ) ) ;
#5449 = CARTESIAN_POINT ( 'NONE',  ( -1.645736940039192353, 9.231802420236924434, -0.1926896224849075079 ) ) ;
#5450 = CARTESIAN_POINT ( 'NONE',  ( 2.144645558395305684, 9.923495817412925746, 50.74918920579516879 ) ) ;
#5451 = CARTESIAN_POINT ( 'NONE',  ( -4.322182769231219801, 8.658169847990304646, 12.44751184623299523 ) ) ;
#5452 = CARTESIAN_POINT ( 'NONE',  ( 4.895106242607512037, 8.645623341073207513, 41.75540113598098912 ) ) ;
#5453 = CARTESIAN_POINT ( 'NONE',  ( -0.1349813460846802093, 9.878503124545654046, 51.92713202716064558 ) ) ;
#5454 = CARTESIAN_POINT ( 'NONE',  ( 4.623139173390411472, 8.885988356915561326, 41.45540113598098486 ) ) ;
#5455 = CARTESIAN_POINT ( 'NONE',  ( 0.2006397397376933900, 8.334688851771616669, -5.801027016706503225 ) ) ;
#5456 = CARTESIAN_POINT ( 'NONE',  ( 3.358550163734232985, 10.03657498913914203, 24.06731195708591997 ) ) ;
#5457 = CARTESIAN_POINT ( 'NONE',  ( 1.473432627222732938, 9.378242380495420250, 0.4091450338814751619 ) ) ;
#5458 = CARTESIAN_POINT ( 'NONE',  ( 4.581825675055503311, 6.053860610158771749, -1.844006291298729616 ) ) ;
#5459 = CARTESIAN_POINT ( 'NONE',  ( 0.004222891891592978585, 10.92939452726053595, 47.78922641015301309 ) ) ;
#5460 = CARTESIAN_POINT ( 'NONE',  ( -1.351223570765766935, 10.52828555814742195, 46.40575622739030592 ) ) ;
#5461 = CARTESIAN_POINT ( 'NONE',  ( -2.882417332796342713, 8.081328009022447745, 52.71051761910769784 ) ) ;
#5462 = ORIENTED_EDGE ( 'NONE', *, *, #4215, .T. ) ;
#5463 = CARTESIAN_POINT ( 'NONE',  ( 5.825944725183728856, 7.285918072689316460, 42.87464159479409176 ) ) ;
#5464 = CARTESIAN_POINT ( 'NONE',  ( -3.821001801319276581, 3.498848737734585601, -9.949740842817989872 ) ) ;
#5465 = LINE ( 'NONE', #1402, #239 ) ;
#5466 = CARTESIAN_POINT ( 'NONE',  ( 0.000000000000000000, 7.802617843766335604, -7.658343024691466994 ) ) ;
#5467 = CARTESIAN_POINT ( 'NONE',  ( 1.462434383211648364E-15, 1.562500000000000000, -14.99999999999999822 ) ) ;
#5468 = CARTESIAN_POINT ( 'NONE',  ( 3.841832308435972454, 6.469077076089148726, -4.257005086090881463 ) ) ;
#5469 = CARTESIAN_POINT ( 'NONE',  ( -0.4769241417336209654, 8.294474679418369689, -5.804180049325285751 ) ) ;
#5470 = VECTOR ( 'NONE', #7195, 39.37007874015748143 ) ;
#5471 = CARTESIAN_POINT ( 'NONE',  ( 1.188276494743305323, 11.21264521413226767, 42.18227109259255059 ) ) ;
#5472 = CARTESIAN_POINT ( 'NONE',  ( 4.150900869429630546, 8.355198320195409423, 50.88788955375397904 ) ) ;
#5473 = CARTESIAN_POINT ( 'NONE',  ( -5.125171662253677596, 5.799411033365988288, 50.63369607065642697 ) ) ;
#5474 = CARTESIAN_POINT ( 'NONE',  ( 5.803669303583451899, 4.939563042346669874, 49.98533238304227666 ) ) ;
#5475 = CARTESIAN_POINT ( 'NONE',  ( -2.098488812743535728E-32, 1.562500000000000000, 57.50000000000000000 ) ) ;
#5476 = CARTESIAN_POINT ( 'NONE',  ( 4.796931687664719668, 6.511806833779482773, 50.95540067381246985 ) ) ;
#5477 = CIRCLE ( 'NONE', #2981, 0.09999999999999947820 ) ;
#5478 = CARTESIAN_POINT ( 'NONE',  ( 0.9895193293816152424, 8.378219790491737484, -4.983492167529380623 ) ) ;
#5479 = DIRECTION ( 'NONE',  ( 0.000000000000000000, 0.000000000000000000, -1.000000000000000000 ) ) ;
#5480 = CARTESIAN_POINT ( 'NONE',  ( 5.581233929280634776, 2.778910205830565694, 42.53788937811526694 ) ) ;
#5481 = CARTESIAN_POINT ( 'NONE',  ( 0.1978618245741743942, 10.55572393999244696, 50.60849561758118398 ) ) ;
#5482 = CARTESIAN_POINT ( 'NONE',  ( -2.495053610302282898, 10.51939953183686427, 20.74964467541749613 ) ) ;
#5483 = CARTESIAN_POINT ( 'NONE',  ( 2.906877854950939533, 9.698440395831962491, 50.03489301961880642 ) ) ;
#5484 = CARTESIAN_POINT ( 'NONE',  ( -4.637732510097021255, 6.721871704419356774, 51.18316668425702431 ) ) ;
#5485 = CARTESIAN_POINT ( 'NONE',  ( -5.244759327545816419, 2.771912098212069520, 53.10937410896830357 ) ) ;
#5486 = CARTESIAN_POINT ( 'NONE',  ( 0.6608101311083436347, 10.55577682127493411, 10.78741464416173557 ) ) ;
#5487 = CARTESIAN_POINT ( 'NONE',  ( 3.690123519765458493, 7.338460462250673721, -2.438521564301040723 ) ) ;
#5488 = CARTESIAN_POINT ( 'NONE',  ( 5.955964922988769672, 2.524834945958356336, 42.81979559174727967 ) ) ;
#5489 = CARTESIAN_POINT ( 'NONE',  ( 4.886428311826128024, 4.779522791192725606, 52.74675829711507191 ) ) ;
#5490 = CARTESIAN_POINT ( 'NONE',  ( -0.3406053002524261353, 10.43304241557845380, 48.58370207914285288 ) ) ;
#5491 = CARTESIAN_POINT ( 'NONE',  ( 0.01623922422900339266, 10.51243407119659956, 50.91179908088949446 ) ) ;
#5492 = CARTESIAN_POINT ( 'NONE',  ( -0.02116646178598608971, 10.83561780550420472, 48.59298012451313298 ) ) ;
#5493 = CARTESIAN_POINT ( 'NONE',  ( -1.072178242363781564, 6.576976564214382037, -10.01776367681108049 ) ) ;
#5494 = CARTESIAN_POINT ( 'NONE',  ( 1.706343374041910721, 10.33030957823924290, 49.81342436547877384 ) ) ;
#5495 = CARTESIAN_POINT ( 'NONE',  ( -4.537002269359782680, 8.963469801006652915, 39.76769990921825126 ) ) ;
#5496 = CARTESIAN_POINT ( 'NONE',  ( 0.000000000000000000, 8.028771121439072900, 55.11622080318368688 ) ) ;
#5497 = CARTESIAN_POINT ( 'NONE',  ( -0.1038937905963296104, 9.470413768442870861, -0.1910980121265827558 ) ) ;
#5498 = CARTESIAN_POINT ( 'NONE',  ( 3.966048850816012994, 9.633232222680723211, 41.45540113598099197 ) ) ;
#5499 = CARTESIAN_POINT ( 'NONE',  ( 0.3149825381520916512, 10.34038084601897900, 7.834206663373630697 ) ) ;
#5500 = CARTESIAN_POINT ( 'NONE',  ( 2.793301568856858541, 9.189035829906240238, 2.037877830688186620 ) ) ;
#5501 = CARTESIAN_POINT ( 'NONE',  ( 1.801649997111035351, 10.76436280465327044, 39.78927805455426636 ) ) ;
#5502 = CARTESIAN_POINT ( 'NONE',  ( 3.950391703532978749, 5.242696854110424631, -6.574718523596296826 ) ) ;
#5503 = CARTESIAN_POINT ( 'NONE',  ( 0.003399901854452891999, 10.63954040117815580, 50.10146083658074190 ) ) ;
#5504 = CARTESIAN_POINT ( 'NONE',  ( -0.3761850839073129227, 3.944409625086447768, 57.29283587043970982 ) ) ;
#5505 = CARTESIAN_POINT ( 'NONE',  ( -0.6310485051995601280, 3.279230871262440505, -14.99999999999999822 ) ) ;
#5506 = ORIENTED_EDGE ( 'NONE', *, *, #4059, .T. ) ;
#5507 = CARTESIAN_POINT ( 'NONE',  ( 5.211646713744022108, 6.491908615725034970, 51.09944633037018491 ) ) ;
#5508 = CYLINDRICAL_SURFACE ( 'NONE', #8243, 0.09999999999999947820 ) ;
#5509 = CARTESIAN_POINT ( 'NONE',  ( 0.000000000000000000, 9.779552821031902710, 2.014140161015306685 ) ) ;
#5510 = CARTESIAN_POINT ( 'NONE',  ( 1.560142615821227707, 7.480703449318730769, -6.993423650336573871 ) ) ;
#5511 = CARTESIAN_POINT ( 'NONE',  ( 3.476853548609272426, 5.926833370005052615, -6.571413731595756147 ) ) ;
#5512 = CARTESIAN_POINT ( 'NONE',  ( -0.6694474208156018236, 10.97167168690142702, 34.88695910488974761 ) ) ;
#5513 = CARTESIAN_POINT ( 'NONE',  ( 0.9588094428708515693, 10.73378766748589541, 48.58951060986680659 ) ) ;
#5514 = CARTESIAN_POINT ( 'NONE',  ( -0.3025866694179966676, 10.85957896640723419, 15.74658797992089809 ) ) ;
#5515 = CARTESIAN_POINT ( 'NONE',  ( 4.827090559645427881, 8.647272550613744002, 47.74414618658930465 ) ) ;
#5516 = CARTESIAN_POINT ( 'NONE',  ( -1.211688510509586258, 2.602202682549251467, -14.99999999999999112 ) ) ;
#5517 = CARTESIAN_POINT ( 'NONE',  ( 6.086283382806696451, 4.499502597108679502, 45.21512083880842425 ) ) ;
#5518 = CARTESIAN_POINT ( 'NONE',  ( -0.8492922768074684381, 1.562500000000000000, 57.50000000000000711 ) ) ;
#5519 = CARTESIAN_POINT ( 'NONE',  ( 2.876346910272082003, 8.933118450964052215, 50.95540067381245564 ) ) ;
#5520 = CARTESIAN_POINT ( 'NONE',  ( 0.3761850839073129227, 3.944409625086447768, 57.29283587043970982 ) ) ;
#5521 = CARTESIAN_POINT ( 'NONE',  ( 5.899540491566532374, 1.649245894935376322, 48.43642818381988491 ) ) ;
#5522 = CARTESIAN_POINT ( 'NONE',  ( 5.512166830212031243, 4.219770473086762230, 15.73295830750706692 ) ) ;
#5523 = CARTESIAN_POINT ( 'NONE',  ( -1.462434383211648364E-15, 1.562500000000000000, -14.99999999999999822 ) ) ;
#5524 = CARTESIAN_POINT ( 'NONE',  ( 0.2413098749898427708, 10.82806411266735225, 48.59086707271167427 ) ) ;
#5525 = CARTESIAN_POINT ( 'NONE',  ( -2.747098116813929902, 10.42419876552645519, 24.06693367548580298 ) ) ;
#5526 = CARTESIAN_POINT ( 'NONE',  ( 3.704565315697256889, 9.020875613737748822, 50.35538218380423814 ) ) ;
#5527 = CARTESIAN_POINT ( 'NONE',  ( -4.616658693843855410, 7.141767924427063541, 2.061615500361069220 ) ) ;
#5528 = CARTESIAN_POINT ( 'NONE',  ( 5.500491912852165655, 5.936015195752879947, 50.65567337941995874 ) ) ;
#5529 = CARTESIAN_POINT ( 'NONE',  ( -5.513916924387759266, 3.743297603236984905, 10.78080035197131892 ) ) ;
#5530 = CARTESIAN_POINT ( 'NONE',  ( 1.462434383211648364E-15, 1.562500000000000000, -14.99999999999999822 ) ) ;
#5531 = CARTESIAN_POINT ( 'NONE',  ( 3.754868359606296391, 7.453916456102056998, -1.821936810431634024 ) ) ;
#5532 = CARTESIAN_POINT ( 'NONE',  ( 5.934561206222004337, 2.323147361155058821, 45.98298703533810539 ) ) ;
#5533 = CARTESIAN_POINT ( 'NONE',  ( 5.001434225593969884, 4.308905162142150580, -3.724820636267842655 ) ) ;
#5534 = CARTESIAN_POINT ( 'NONE',  ( -0.3093565453721822123, 11.02400555190163800, 20.74933819770530263 ) ) ;
#5535 = CARTESIAN_POINT ( 'NONE',  ( 0.03886088414010722275, 10.92923988532249524, 47.78877795811506957 ) ) ;
#5536 = CARTESIAN_POINT ( 'NONE',  ( -0.001161010928525203854, 10.61018179368367953, 50.30325889670795902 ) ) ;
#5537 = CARTESIAN_POINT ( 'NONE',  ( -1.944792920489342825, 10.38405635486368972, 46.39596738592092606 ) ) ;
#5538 = CARTESIAN_POINT ( 'NONE',  ( 1.897706059585741123, 11.11362725692914388, 41.38043382166784312 ) ) ;
#5539 = CARTESIAN_POINT ( 'NONE',  ( -3.690123519765458493, 7.338460462250673721, -2.438521564301040723 ) ) ;
#5540 = ORIENTED_EDGE ( 'NONE', *, *, #2621, .T. ) ;
#5541 = CARTESIAN_POINT ( 'NONE',  ( -0.1515366645461997952, 11.06592200971765116, 28.18486267028675130 ) ) ;
#5542 = CARTESIAN_POINT ( 'NONE',  ( 5.502289098939252554, 1.727193159232267128, 43.06933725211999331 ) ) ;
#5543 = B_SPLINE_SURFACE_WITH_KNOTS ( 'NONE', 3, 3, ( 
 ( #4678, #2686, #6500, #7152, #6459, #590, #633, #7281, #4594, #5206, #4551, #7196, #1276, #7238, #3898, #6544, #1317, #3939, #6586, #2003, #1359, #3983, #6628, #714, #73, #3332, #5988, #7325, #7368, #758, #120, #2091, #2860, #1403, #249, #8020, #8108, #5509, #8150, #6805, #6200, #3375, #2903, #802, #6118, #8195, #5423, #6032, #888, #3505, #2730, #5466, #6158, #1446, #4725, #2178, #845 ),
 ( #4028, #4074, #206, #2218, #3421, #8065, #2260, #6762, #6672, #1491, #5379, #6717, #4853, #4896, #7500, #2133, #6076, #1573, #2775, #4204, #4813, #162, #4768, #6846, #7414, #933, #4119, #3463, #7457, #2819, #1532, #3549, #4163, #290, #5555, #974, #8367, #3592, #8408, #4334, #1062, #8238, #5687, #2305, #4941, #3677, #6932, #4376, #1661, #1019, #6328, #5769, #2991, #6889, #7018, #1103, #6242 ),
 ( #7586, #5598, #3031, #6975, #420, #4291, #7542, #3633, #8327, #461, #6286, #5646, #2470, #2389, #1617, #7628, #333, #378, #3720, #4248, #6370, #8285, #2346, #2429, #4984, #3071, #5026, #1703, #2946, #5727, #7671, #5068, #1746, #7712, #1788, #4418, #7060, #1143, #3760, #6409, #500, #3110, #5939, #1183, #5979, #1914, #7187, #5810, #3238, #8449, #2510, #1265, #4499, #1952, #7796, #1223, #4543 ),
 ( #23, #3843, #2594, #1828, #4459, #3887, #6491, #4583, #7228, #3196, #5897, #580, #5852, #3929, #7923, #7102, #705, #3974, #1870, #3804, #5108, #5152, #6533, #2635, #8535, #542, #8493, #7145, #2554, #623, #5198, #7753, #7842, #5239, #6451, #6577, #7883, #1307, #666, #3283, #1350, #5281, #1993, #6618, #4625, #3152, #7271, #3322, #64, #2676, #1521, #747, #833, #4151, #6794, #8096, #7489 ),
 ( #1480, #877, #4714, #6705, #3540, #8054, #5323, #2763, #4017, #109, #4802, #6191, #2167, #3410, #6020, #3494, #4063, #7446, #3452, #3364, #7965, #6148, #7357, #237, #921, #4757, #6107, #4668, #6661, #2849, #2034, #6750, #4108, #7314, #5499, #1392, #2719, #2122, #7402, #5368, #193, #8009, #2079, #2808, #1435, #8140, #791, #6065, #5455, #2208, #4843, #1563, #151, #4194, #5412, #6836, #2336 ),
 ( #4931, #2249, #3709, #450, #4974, #7700, #1606, #6275, #1693, #4324, #2293, #366, #3021, #5544, #1733, #6964, #7048, #8317, #2379, #3061, #1051, #1651, #3666, #8275, #5716, #7008, #6318, #4886, #2979, #410, #1776, #7532, #281, #7618, #7576, #4406, #4238, #8355, #5676, #2416, #1131, #2894, #5015, #7659, #5635, #8184, #3748, #4364, #1093, #6360, #6879, #5054, #4281, #8228, #323, #964, #3582 ),
 ( #6232, #2936, #5587, #6922, #1008, #3623, #4447, #7132, #5097, #8395, #1211, #8523, #2583, #2499, #2458, #1295, #6563, #8481, #5268, #7741, #3832, #7829, #1902, #8436, #6478, #612, #3098, #7871, #4531, #4613, #5883, #5226, #654, #7175, #7784, #1253, #5841, #3271, #4571, #3874, #1816, #569, #6521, #7911, #7089, #6397, #2542, #5140, #1981, #1170, #5927, #5184, #11, #7258, #488, #3226, #1940 ),
 ( #1338, #3184, #7215, #3917, #5756, #2623, #1858, #5797, #6437, #3789, #528, #3139, #4486, #4788, #1380, #4097, #3310, #4138, #2196, #2022, #4700, #2664, #5967, #2750, #7345, #1510, #864, #6739, #6606, #6007, #6692, #7434, #5486, #94, #6781, #7302, #5401, #8042, #2111, #3351, #140, #4831, #822, #5310, #4745, #4656, #2152, #4003, #7389, #1423, #2706, #6137, #6648, #778, #4050, #7952, #7996 ),
 ( #5354, #182, #3482, #3398, #2066, #225, #8084, #3441, #6054, #1467, #6096, #734, #2796, #5443, #2837, #8126, #7477, #3960, #693, #52, #8263, #4874, #2238, #6262, #953, #6951, #4226, #6220, #995, #3009, #3696, #2366, #311, #7606, #6824, #909, #3612, #2924, #1039, #3653, #8216, #2324, #5575, #2280, #398, #4352, #3528, #5704, #437, #6868, #6180, #1551, #7521, #6909, #5002, #4962, #5530 ),
 ( #4918, #2967, #1594, #4182, #3570, #7564, #2881, #5664, #353, #4310, #5621, #1681, #6346, #6306, #1638, #3049, #4269, #269, #8172, #8304, #7647, #1721, #6995, #1080, #8344, #2405, #5043, #4519, #3908, #1122, #644, #7078, #3822, #5918, #3129, #7037, #7163, #1242, #6388, #3173, #3863, #5087, #5744, #5829, #7121, #559, #7731, #7689, #1805, #6469, #602, #1161, #5787, #1, #4477, #1764, #7773 ),
 ( #3778, #2574, #2448, #8469, #2530, #5172, #6426, #7816, #2613, #6510, #479, #1890, #8386, #5873, #4437, #3216, #2488, #519, #1286, #8426, #1202, #5128, #3088, #1846, #8513, #5217, #7861, #1931, #4562, #4394, #7206, #6554, #3261, #3738, #4039, #8032, #6683, #6045, #1501, #769, #7943, #6772, #2655, #4604, #3951, #5958, #6730, #5259, #4088, #3301, #3388, #813, #3432, #2102, #4129, #7249, #855 ),
 ( #4647, #5301, #6087, #684, #4690, #131, #173, #2013, #5391, #1328, #5434, #3473, #43, #5998, #6597, #7292, #2741, #84, #2787, #2143, #4736, #7902, #1371, #7987, #8075, #6128, #3993, #4779, #6638, #7379, #1457, #7425, #724, #1414, #217, #1972, #3342, #2697, #5345, #2057, #7336, #1628, #6210, #7511, #5110, #6170, #4907, #3560, #4823, #3762, #7468, #3806, #8205, #7554, #3517, #984, #259 ),
 ( #2228, #8253, #5520, #1584, #2270, #4420, #7755, #6411, #4214, #343, #8118, #2188, #4259, #6858, #2431, #5070, #943, #3602, #301, #2914, #1790, #5771, #1542, #7104, #1830, #8161, #4173, #2829, #2871, #6899, #502, #6252, #6815, #5565, #4864, #2957, #5610, #7714, #7062, #1145, #898, #3112, #8410, #6453, #2472, #4461, #1185, #5478, #3845, #1225, #5241, #8495, #5941, #3198, #5200, #8537, #1995 ),
 ( #7844, #6579, #5812, #8451, #2596, #1916, #25, #2637, #7189, #7230, #4545, #1267, #7925, #3324, #2512, #4670, #7967, #5854, #5154, #544, #6493, #5899, #1352, #1309, #4501, #3889, #582, #6535, #1954, #2556, #3154, #625, #3240, #1872, #4627, #7885, #3285, #4585, #3931, #5325, #668, #5283, #2036, #7273, #7798, #7147, #3976, #6620, #707, #5981, #66, #2678, #7316, #1394, #4019, #4845, #6022 ),
 ( #2765, #6707, #1437, #879, #5370, #1482, #3454, #3496, #7359, #8098, #3366, #2852, #4196, #2081, #5414, #2721, #111, #835, #8056, #240, #5501, #2169, #749, #793, #4759, #6150, #1565, #3412, #8142, #4716, #6109, #195, #2810, #6067, #6752, #6838, #4804, #8011, #5457, #4065, #2210, #153, #7448, #2124, #7404, #7491, #4110, #1523, #4153, #924, #6796, #6663, #7826, #6646, #1899, #6691, #2622 ),
 ( #3959, #610, #6519, #1980, #5225, #2663, #8522, #1939, #5267, #7301, #7995, #733, #4570, #3309, #2539, #5181, #7910, #7214, #5309, #7951, #3916, #6605, #1294, #6562, #4655, #93, #4528, #1422, #4699, #2582, #7173, #5838, #3224, #4612, #3350, #692, #1251, #653, #5881, #3270, #7257, #7870, #8478, #5926, #9, #3872, #1379, #1337, #51, #5966, #2021, #2065, #4002, #6006, #7344, #2705, #5353 ),
 ( #4049, #777, #8181, #551, #7153, #7763, #1360, #8502, #675, #1318, #7282, #7934, #3853, #7805, #8458, #3940, #3813, #7851, #3899, #3292, #5819, #8545, #1836, #34, #6629, #6460, #591, #7111, #4467, #7197, #3206, #5949, #5292, #2604, #2479, #1879, #2564, #2646, #3984, #4509, #2004, #3163, #1277, #6545, #634, #1232, #4552, #715, #5250, #1192, #3249, #2520, #6587, #5161, #5908, #5862, #6501 ),
 ( #5207, #4637, #3333, #8417, #5118, #1922, #7893, #1963, #4595, #7239, #5424, #1492, #6806, #3376, #6119, #5334, #6159, #4205, #4029, #6718, #4679, #7977, #4769, #803, #3506, #2861, #207, #74, #8021, #163, #889, #7501, #2092, #250, #759, #7416, #4120, #6763, #5380, #2134, #6847, #2820, #7326, #846, #6673, #4164, #6033, #3464, #3422, #4726, #5510, #2776, #2179, #2046, #1404, #1447, #5467 ),
 ( #4814, #8151, #6077, #7369, #2219, #1533, #8109, #8066, #7458, #4854, #121, #1574, #4075, #934, #5989, #2687, #2731, #4419, #4377, #6933, #5688, #8328, #8239, #5556, #7019, #3721, #5647, #2430, #4897, #1020, #4985, #7629, #5599, #3634, #6329, #291, #5027, #1704, #1789, #3032, #2390, #6371, #4335, #4942, #6976, #2992, #462, #1747, #1063, #8196, #6287, #3678, #5069, #2261, #3550, #8286, #2306 ),
 ( #7543, #4249, #7672, #6201, #7713, #5728, #1618, #421, #975, #7587, #1104, #3072, #4292, #1662, #8368, #7061, #2904, #2347, #6890, #3593, #6243, #379, #334, #2947, #1224, #5240, #2471, #1994, #1953, #4500, #3239, #5898, #5811, #3111, #4584, #1308, #3197, #24, #5109, #7146, #2555, #5199, #3153, #3844, #3888, #6410, #2595, #7843, #7924, #624, #8536, #3930, #1915, #2511, #4544, #581, #6578 ),
 ( #5770, #6492, #7188, #2636, #8409, #1144, #5853, #8450, #5282, #7754, #667, #8494, #3284, #4626, #1829, #1266, #4460, #5153, #501, #3761, #6534, #7229, #7884, #7103, #5940, #7797, #543, #1184, #3805, #6452, #1871, #2764, #8097, #4669, #7403, #6619, #7447, #5500, #5324, #8010, #5980, #706, #6066, #2080, #4803, #4152, #1481, #1351, #748, #1436, #2168, #238, #3365, #1522, #2035, #152, #5413 ),
 ( #8055, #7966, #7272, #6108, #6021, #194, #8141, #792, #2123, #3323, #65, #4758, #6795, #3411, #4715, #2677, #878, #4109, #7315, #3975, #6662, #7358, #1393, #2809, #6751, #834, #3453, #5456, #3495, #6149, #4018, #2851, #110, #2720, #5369, #4064, #2209, #6706, #3710, #7009, #3541, #2980, #411, #1694, #1094, #6837, #6361, #4239, #1009, #3062, #324, #4195, #4325, #6965, #6192, #367, #1052 ),
 ( #5637, #4282, #6276, #2250, #4844, #4887, #3624, #6319, #6880, #2937, #5717, #1652, #7490, #4932, #282, #7533, #3667, #8356, #3022, #5588, #8185, #5677, #6233, #8318, #8276, #5546, #1564, #2380, #965, #5017, #922, #6923, #2337, #2895, #1607, #4975, #7660, #7619, #8229, #3583, #1734, #2294, #7577, #4365, #451, #3099, #570, #5757, #8396, #7133, #1817, #7830, #5098, #7090, #1859, #3875, #4572 ),
 ( #8482, #7701, #1777, #4487, #1171, #1903, #4532, #529, #3185, #6438, #3140, #1254, #5227, #4407, #6564, #1296, #7742, #7049, #2417, #2459, #7785, #3227, #5842, #6398, #3790, #4448, #5798, #1132, #489, #8437, #5185, #2500, #5141, #7176, #5884, #1212, #3833, #7872, #6522, #613, #6479, #2543, #8524, #2584, #1941, #7216, #3918, #655, #3272, #3749, #5928, #5055, #3352, #2112, #4746, #4657, #1982 ),
 ( #7390, #2797, #5269, #4139, #7435, #2665, #4614, #12, #5968, #5355, #823, #6693, #3962, #7303, #3311, #1381, #1424, #694, #2624, #7953, #735, #1339, #1468, #7346, #2751, #4051, #779, #4789, #3399, #5311, #1511, #53, #7912, #7259, #2023, #4098, #6607, #6782, #2153, #4004, #6055, #6740, #5402, #865, #6649, #3483, #6008, #4701, #95, #2707, #7997, #8043, #3442, #2067, #141, #6097, #183 ),
 ( #5444, #8085, #3529, #6138, #6181, #4919, #7607, #8173, #1595, #6996, #2925, #226, #6221, #7478, #270, #8264, #1081, #2968, #6869, #910, #6952, #7522, #5622, #4270, #6825, #2838, #4963, #2239, #1682, #4353, #8217, #6910, #8127, #1552, #7565, #1040, #2281, #996, #2367, #1640, #2882, #7648, #5531, #5487, #4832, #4875, #4312, #2197, #5003, #8305, #4183, #3613, #3654, #2325, #1722, #4227, #954 ),
 ( #3571, #312, #5576, #6307, #399, #6263, #354, #3010, #5665, #1880, #7894, #3250, #5251, #1233, #3697, #3854, #2605, #5293, #5863, #7852, #4680, #635, #6347, #3900, #5163, #6502, #5950, #7327, #676, #4553, #7154, #4638, #5208, #3293, #1964, #4510, #438, #2647, #8503, #7935, #2047, #5909, #4596, #5820, #7806, #7240, #7283, #8546, #7198, #8459, #1361, #2521, #3164, #1320, #3941, #592, #6588 ),
 ( #35, #3207, #2005, #2565, #1923, #3985, #6630, #5990, #716, #1278, #3334, #6546, #75, #2688, #5335, #7978, #6807, #8067, #8110, #5425, #2135, #251, #4206, #6674, #5557, #292, #4076, #6034, #1405, #7370, #6764, #2220, #2180, #5381, #6078, #4727, #164, #2821, #2093, #4030, #804, #4770, #2732, #2862, #208, #4165, #5468, #890, #760, #5511, #4815, #8197, #3507, #6160, #6848, #7460, #2777 ),
 ( #1575, #8152, #1534, #122, #4121, #4855, #2905, #3377, #8022, #6120, #3423, #2262, #1448, #935, #847, #3551, #4898, #6719, #7417, #1493, #3465, #7502, #6202, #7630, #8369, #463, #6412, #7063, #2993, #6934, #7588, #3073, #2948, #6977, #3033, #2432, #4943, #7673, #6891, #7715, #5772, #5600, #8287, #6244, #976, #6330, #2348, #5071, #4421, #1748, #1619, #1021, #1705, #1791, #503, #3635, #1146 ),
 ( #3763, #380, #4378, #5689, #8240, #7544, #6372, #6288, #5729, #8411, #1064, #8329, #3594, #335, #422, #3113, #3679, #4986, #2307, #2473, #1663, #4251, #4336, #2391, #4293, #5028, #5648, #7020, #1105, #3722, #1955, #7799, #1226, #4546, #6580, #7274, #5942, #3846, #2597, #1831, #4462, #7190, #6494, #4587, #7231, #3199, #3241, #583, #5855, #3932, #7927, #7105, #708, #3977, #1873, #1186, #8496 ),
 ( #7845, #1310, #3807, #545, #2557, #7886, #2513, #5201, #669, #26, #1917, #1269, #1996, #3286, #2638, #3890, #6536, #5242, #3156, #626, #5900, #8538, #5284, #4628, #6454, #5982, #1353, #6621, #3325, #67, #5111, #5813, #7756, #8452, #5155, #4502, #7148, #154, #4111, #6754, #4717, #2767, #5458, #7968, #4154, #836, #925, #2170, #4805, #5502, #3455, #4066, #6110, #2125, #2853, #880, #197 ),
 ( #1483, #2811, #7492, #8099, #5371, #4197, #112, #2037, #1395, #3367, #6797, #2679, #1566, #4846, #4020, #7449, #3497, #1524, #6839, #4671, #3542, #2082, #7405, #6193, #6708, #7317, #6151, #241, #6664, #8143, #2211, #2723, #750, #5326, #4760, #6024, #8012, #7360, #1438, #794, #3413, #6068, #5415, #8057, #5638, #2896, #368, #1608, #6234, #2381, #1134, #5678, #1010, #3584, #1095, #1653, #8319 ),
 ( #283, #7661, #2296, #1736, #7051, #2338, #1053, #8277, #4326, #3711, #325, #412, #8186, #452, #3751, #6881, #3625, #7534, #2251, #7620, #6277, #6362, #5718, #3023, #5547, #4933, #2982, #3063, #1779, #7578, #8358, #2938, #1695, #6967, #3669, #8230, #4976, #4888, #5018, #4240, #6320, #966, #7010, #5589, #4367, #2419, #4283, #5059, #7703, #4409, #6924, #1819, #1861, #615, #3792, #5143, #2586 ),
 ( #7787, #3274, #1943, #3229, #8484, #7833, #6524, #4450, #1214, #4489, #2502, #6482, #4574, #7744, #7261, #7218, #3835, #8526, #5229, #7136, #8399, #1298, #6566, #2545, #5271, #7092, #572, #1905, #4534, #8439, #3187, #5886, #3101, #7874, #7178, #4616, #3920, #657, #5930, #1257, #5844, #3877, #5187, #14, #2626, #7914, #2461, #1984, #1341, #6400, #5100, #491, #5760, #1173, #6441, #531, #3143 ),
 ( #5800, #2840, #6140, #2667, #2114, #8087, #825, #228, #5970, #5489, #3354, #143, #2199, #7999, #3313, #3444, #6695, #4791, #8129, #97, #7437, #7305, #5404, #8045, #2753, #6010, #4748, #4834, #6099, #5313, #7392, #4659, #2155, #4007, #1470, #7348, #2709, #867, #781, #185, #55, #7955, #2069, #6742, #1383, #5357, #2799, #1513, #4703, #1426, #3485, #4141, #5446, #6057, #4100, #6784, #2025 ),
 ( #4053, #3401, #7480, #6651, #3964, #6609, #696, #737, #3656, #6223, #3531, #5005, #1724, #3615, #440, #2884, #7567, #2970, #5624, #3573, #1642, #4314, #6827, #3012, #8266, #8346, #1042, #6309, #4355, #2327, #2927, #4965, #998, #6998, #8307, #7609, #6183, #4272, #1684, #3051, #272, #1554, #6265, #314, #5706, #5533, #1083, #356, #3699, #2407, #2241, #6912, #4877, #5578, #912, #5045, #6954 ),
 ( #4185, #6349, #8219, #956, #1597, #5667, #8175, #401, #2369, #7650, #7524, #4229, #6871, #2283, #4921, #5746, #8428, #6390, #1124, #6471, #2490, #5219, #4564, #1892, #1766, #1163, #6428, #5174, #4396, #7039, #1204, #3780, #4521, #7165, #5789, #5831, #3131, #5130, #6512, #1933, #3740, #3264, #6556, #1807, #481, #7691, #5089, #4479, #8515, #8471, #3090, #521, #2450, #7775, #561, #8388, #7733 ),
 ( #4439, #604, #3175, #1244, #2532, #7818, #3910, #3865, #7080, #646, #1848, #7123, #3824, #3218, #5875, #2576, #5920, #1288, #7863, #7208, #3, #2615, #1503, #7251, #6774, #4649, #1416, #3475, #726, #4606, #4738, #2104, #3953, #771, #7381, #2657, #3303, #3390, #4693, #6685, #5303, #5261, #7945, #4041, #6732, #7294, #3344, #6131, #2059, #7904, #5347, #6599, #2015, #1459, #219, #4090, #6000 ),
 ( #6640, #815, #6047, #5960, #1974, #3434, #1373, #6089, #1330, #7338, #133, #686, #45, #2743, #175, #5393, #87, #3995, #2789, #2699, #7989, #8035, #5436, #8077, #2145, #4781, #7427, #4131, #857, #8255, #5522, #7513, #2272, #4302, #4994, #3645, #3001, #1031, #6901, #7470, #5567, #986, #1713, #4825, #2831, #7556, #4866, #4344, #1544, #2357, #4909, #5656, #1072, #3519, #303, #6172, #1586 ),
 ( #7639, #4175, #6986, #2230, #1630, #3688, #6860, #2190, #2316, #4954, #6817, #3604, #7598, #261, #901, #6254, #4261, #345, #2873, #5480, #8163, #2959, #6943, #4217, #945, #6338, #8207, #8120, #2916, #3562, #6212, #1673, #5612, #6297, #390, #8296, #1234, #1797, #5822, #7112, #1113, #429, #7808, #2440, #1881, #7199, #2481, #1194, #2397, #1755, #1838, #3856, #5120, #1153, #5035, #6503, #7681 ),
 ( #7765, #3729, #3815, #6378, #470, #4469, #8377, #8461, #3080, #5078, #8419, #4511, #2567, #594, #7723, #6461, #5695, #8336, #552, #4429, #2522, #5165, #7070, #3166, #3770, #6419, #7156, #3209, #4386, #4554, #7853, #5736, #7028, #3040, #511, #5779, #5864, #8505, #3121, #5209, #1924, #1279, #3901, #7241, #6547, #5951, #3378, #6036, #4640, #4682, #2006, #7284, #5382, #805, #3253, #2253, #5549 ),
 ( #761, #5910, #8024, #7979, #4890, #123, #2733, #3424, #2048, #7936, #7328, #5991, #6721, #4728, #1406, #2606, #717, #4031, #8188, #8547, #636, #2689, #36, #7536, #5252, #6079, #76, #165, #1610, #1321, #3986, #3944, #5294, #7895, #1965, #6631, #7371, #2094, #4597, #2779, #1363, #2648, #6590, #1449, #677, #5337, #6675, #4078, #3294, #3335, #3586, #4411, #2463, #2298, #4978, #2940, #6236 ),
 ( #1781, #1136, #7012, #6883, #6279, #6969, #5061, #5762, #370, #7705, #7580, #5680, #8321, #3025, #3627, #414, #5102, #1097, #5591, #2383, #4935, #2421, #4285, #5020, #7622, #2984, #3753, #1055, #454, #327, #8232, #8279, #3713, #1655, #5640, #3065, #7053, #1697, #2340, #6402, #8360, #6364, #6322, #7664, #4369, #6926, #4328, #3671, #1738, #5720, #493, #1013, #7746, #3103, #8401, #4242, #968 ) ),
 .UNSPECIFIED., .F., .F., .F.,
 ( 4, 1, 1, 1, 1, 1, 1, 1, 1, 1, 1, 1, 1, 1, 1, 1, 1, 1, 1, 1, 1, 1, 1, 1, 1, 1, 1, 1, 1, 1, 1, 1, 1, 1, 1, 1, 1, 1, 1, 1, 4 ),
 ( 4, 1, 1, 1, 1, 1, 1, 1, 1, 1, 1, 1, 1, 1, 1, 1, 1, 1, 1, 1, 1, 1, 1, 1, 1, 1, 1, 1, 1, 1, 1, 1, 1, 1, 1, 1, 1, 1, 1, 1, 1, 1, 1, 1, 1, 1, 1, 1, 1, 1, 1, 1, 1, 1, 4 ),
 ( 0.000000000000000000, 0.007812500000000000000, 0.01562500000000000000, 0.02343750000000000000, 0.03125000000000000000, 0.03906250000000000000, 0.04687500000000000000, 0.05468750000000000000, 0.06250000000000000000, 0.07812500000000000000, 0.09375000000000000000, 0.1093750000000000000, 0.1250000000000000000, 0.1406250000000000000, 0.1562500000000000000, 0.1718750000000000000, 0.1875000000000000000, 0.2031250000000000000, 0.2187500000000000000, 0.2500000000000000000, 0.2812500000000000000, 0.3125000000000000000, 0.3437500000000000000, 0.3750000000000000000, 0.4062500000000000000, 0.4375000000000000000, 0.4687500000000000000, 0.5000000000000000000, 0.5312500000000000000, 0.5625000000000000000, 0.5937500000000000000, 0.6250000000000000000, 0.6562500000000000000, 0.6875000000000000000, 0.7187500000000000000, 0.7500000000000000000, 0.7812500000000000000, 0.8125000000000000000, 0.8750000000000000000, 0.9375000000000000000, 1.000000000000000000 ),
 ( 0.000000000000000000, 0.02343750000000000000, 0.06250000000000000000, 0.07812500000000000000, 0.1054687500000000000, 0.1093750000000000000, 0.1132812500000000000, 0.1144476432969474267, 0.1171875000000000000, 0.1250000000000000000, 0.1289062500000000000, 0.1328125000000000000, 0.1406250000000000000, 0.1445312500000000000, 0.1523437500000000000, 0.1532350075252634780, 0.1562500000000000000, 0.2031250000000000000, 0.2343750000000000000, 0.2968750000000000000, 0.3125000000000000000, 0.3281250000000000000, 0.3416163961991939280, 0.3593750000000000000, 0.3750000000000000000, 0.4062500000000000000, 0.5000000000000000000, 0.5297627487251538314, 0.5312500000000000000, 0.5937500000000000000, 0.6250000000000000000, 0.6553503411625909436, 0.6562500000000000000, 0.6875000000000000000, 0.7031250000000000000, 0.7187500000000000000, 0.7656250000000000000, 0.7812500000000000000, 0.7814068372761135972, 0.7890625000000000000, 0.7968750000000000000, 0.8046875000000000000, 0.8125000000000000000, 0.8203125000000000000, 0.8281250000000000000, 0.8359375000000000000, 0.8437500000000000000, 0.8593750000000000000, 0.8671875000000000000, 0.8712016975803168473, 0.8750000000000000000, 0.8906250000000000000, 0.9062500000000000000, 0.9218750000000000000, 1.000000000000000000 ),
 .UNSPECIFIED. ) ;
#5544 = CARTESIAN_POINT ( 'NONE',  ( 0.2945420463058393556, 10.04994390125205861, 51.11495694223768993 ) ) ;
#5545 = CARTESIAN_POINT ( 'NONE',  ( -0.2866567573755792186, 8.822749109052644201, 54.14993076380613957 ) ) ;
#5546 = CARTESIAN_POINT ( 'NONE',  ( 3.602040874616314170, 9.723338741925081408, 31.92480288109812392 ) ) ;
#5547 = CARTESIAN_POINT ( 'NONE',  ( 5.232705840841512135, 6.173915573452122274, 33.64148135487593549 ) ) ;
#5548 = CARTESIAN_POINT ( 'NONE',  ( 0.007559595168311834638, 10.56340082755552068, 50.60715723521972365 ) ) ;
#5549 = CARTESIAN_POINT ( 'NONE',  ( 1.462434383211648364E-15, 1.562500000000000000, -14.99999999999999822 ) ) ;
#5550 = CARTESIAN_POINT ( 'NONE',  ( -1.046884682268491629, 9.193376309115620870, -1.184113239840977494 ) ) ;
#5551 = CARTESIAN_POINT ( 'NONE',  ( -3.444393098822274624, 9.020533639921128000, 4.104128055414689058 ) ) ;
#5552 = VERTEX_POINT ( 'NONE', #6396 ) ;
#5553 = CARTESIAN_POINT ( 'NONE',  ( 5.865556336198921805, 7.106596416354910239, 44.46155373117188958 ) ) ;
#5554 = CARTESIAN_POINT ( 'NONE',  ( 0.03509749958656124130, 11.31378867345964778, 41.45540113598098486 ) ) ;
#5555 = CARTESIAN_POINT ( 'NONE',  ( 0.03559402665550736450, 10.34137703595927249, 7.833540239108374159 ) ) ;
#5556 = CARTESIAN_POINT ( 'NONE',  ( 2.485176102242338203, 10.51032462940139744, 34.88722890702094048 ) ) ;
#5557 = CARTESIAN_POINT ( 'NONE',  ( 4.690669600454157262, 8.111401031309297238, 33.64168229845665792 ) ) ;
#5558 = CARTESIAN_POINT ( 'NONE',  ( -0.4553507338516497027, 7.415011377144157478, -8.672241287304476742 ) ) ;
#5559 = CARTESIAN_POINT ( 'NONE',  ( 1.019795753864862542, 11.06101278644224628, 45.37392127136953945 ) ) ;
#5560 = CARTESIAN_POINT ( 'NONE',  ( 4.290895476199676928, 8.138043793205193666, 50.99559655378099166 ) ) ;
#5561 = CARTESIAN_POINT ( 'NONE',  ( -5.261916634500416023, 5.771795819565737062, 31.92484122241169331 ) ) ;
#5562 = CARTESIAN_POINT ( 'NONE',  ( 5.877837204832037088, 4.136502250434319627, 49.97030230460263311 ) ) ;
#5563 = CARTESIAN_POINT ( 'NONE',  ( -5.499999971731083015, 1.562499999999999778, 18.26030562369033206 ) ) ;
#5564 = CARTESIAN_POINT ( 'NONE',  ( 5.165366367149579752, 5.393965116083935030, 50.95540067381244143 ) ) ;
#5565 = CARTESIAN_POINT ( 'NONE',  ( 1.378790716799387583, 10.39926621991638456, 9.116976945306623392 ) ) ;
#5566 = CARTESIAN_POINT ( 'NONE',  ( 5.899760890419798898, 1.562323671687196880, 50.27059311124434515 ) ) ;
#5567 = CARTESIAN_POINT ( 'NONE',  ( 5.390943065572926685, 3.404411286268348658, -0.6180250138696722351 ) ) ;
#5568 = CARTESIAN_POINT ( 'NONE',  ( -5.144545714299036732, 3.790892177089013160, 52.75581846661685859 ) ) ;
#5569 = CARTESIAN_POINT ( 'NONE',  ( 0.2601375109327557777, 10.59806006484140362, 50.30442074983825052 ) ) ;
#5570 = CARTESIAN_POINT ( 'NONE',  ( -2.412045776452750090, 8.956625947795981091, -0.1934559533981752011 ) ) ;
#5571 = CARTESIAN_POINT ( 'NONE',  ( 3.366573752019915489, 9.459351746658970939, 49.83095460202234506 ) ) ;
#5572 = CARTESIAN_POINT ( 'NONE',  ( -4.828739053821450966, 7.536988425535586344, 9.120739813902543958 ) ) ;
#5573 = CARTESIAN_POINT ( 'NONE',  ( 5.818482460900809450, 5.692124047154173638, 48.93327103029916003 ) ) ;
#5574 = CARTESIAN_POINT ( 'NONE',  ( -5.272851705925281074, 2.782863563038737720, 52.97238158088106275 ) ) ;
#5575 = CARTESIAN_POINT ( 'NONE',  ( 0.4443611083695648833, 9.188838815002645433, -1.772280478480669164 ) ) ;
#5576 = CARTESIAN_POINT ( 'NONE',  ( 1.471685193143452253, 3.155753295867301578, 57.26377010061400341 ) ) ;
#5577 = CARTESIAN_POINT ( 'NONE',  ( 5.901840235236699428, 2.625447028913361347, 50.38619159326609775 ) ) ;
#5578 = CARTESIAN_POINT ( 'NONE',  ( 3.821001801319276581, 3.498848737734585601, -9.949740842817989872 ) ) ;
#5579 = CARTESIAN_POINT ( 'NONE',  ( 0.05689066740842738806, 11.06991995687418928, 46.18627560648848629 ) ) ;
#5580 = CARTESIAN_POINT ( 'NONE',  ( -0.001458095873317114986, 10.49404217194018329, 51.01317487093616165 ) ) ;
#5581 = CARTESIAN_POINT ( 'NONE',  ( -2.025394921837640361, 10.03197276488815071, 48.56523245196650862 ) ) ;
#5582 = CARTESIAN_POINT ( 'NONE',  ( 2.575849647353797955, 10.80534293498782361, 43.75861692922138957 ) ) ;
#5583 = CARTESIAN_POINT ( 'NONE',  ( -3.920234630766607165, 7.382425241327273291, 52.01331060340026369 ) ) ;
#5584 = CARTESIAN_POINT ( 'NONE',  ( 0.000000000000000000, 9.986438591694255962, 51.52081397219369308 ) ) ;
#5585 = CARTESIAN_POINT ( 'NONE',  ( -0.1305270349672099928, 9.762597752727531386, 52.32423681611029309 ) ) ;
#5586 = CARTESIAN_POINT ( 'NONE',  ( 5.847133004596825501, 2.611486588432053058, 41.75540113598098912 ) ) ;
#5587 = CARTESIAN_POINT ( 'NONE',  ( 0.1243800622058832822, 4.041883709251802514, 57.29906424968810796 ) ) ;
#5588 = CARTESIAN_POINT ( 'NONE',  ( 3.791246338071132538, 9.823228774051294465, 42.64020179025335722 ) ) ;
#5589 = CARTESIAN_POINT ( 'NONE',  ( 4.775653541938736701, 5.363129510583188875, -2.483374026552982006 ) ) ;
#5590 = CARTESIAN_POINT ( 'NONE',  ( 0.003903445945596272469, 10.56340861374247275, 50.60713931350115757 ) ) ;
#5591 = CARTESIAN_POINT ( 'NONE',  ( 5.499999030097982633, 1.562500000000004663, 46.21976823947299806 ) ) ;
#5592 = CARTESIAN_POINT ( 'NONE',  ( -1.348384204173703971, 10.30141277178410597, 7.836955663467847444 ) ) ;
#5593 = CARTESIAN_POINT ( 'NONE',  ( -2.824167051866786959, 7.950930136980220553, 52.96611874283176746 ) ) ;
#5594 = VERTEX_POINT ( 'NONE', #1901 ) ;
#5595 = CARTESIAN_POINT ( 'NONE',  ( 5.701415366360275350, 6.912944064297961155, 47.70383927473582730 ) ) ;
#5596 = EDGE_CURVE ( 'NONE', #4938, #1824, #3138, .T. ) ;
#5597 = CARTESIAN_POINT ( 'NONE',  ( 5.921871660887657818, 2.128370386406290393, 41.45540113598097065 ) ) ;
#5598 = CARTESIAN_POINT ( 'NONE',  ( 0.007224206910900615730, 2.241021972126894024, 57.50000000000000711 ) ) ;
#5599 = CARTESIAN_POINT ( 'NONE',  ( 2.405379573153532125, 10.22460945479590322, 10.78608290747910026 ) ) ;
#5600 = CARTESIAN_POINT ( 'NONE',  ( 4.350359929985623708, 6.736777399980576675, -1.218512686753902008 ) ) ;
#5601 = CARTESIAN_POINT ( 'NONE',  ( -0.7333049287549533446, 10.38273713672160703, 48.57925568741519839 ) ) ;
#5602 = CARTESIAN_POINT ( 'NONE',  ( 1.081767847023462625, 10.65132672823236248, 48.99397408389659603 ) ) ;
#5603 = CARTESIAN_POINT ( 'NONE',  ( -0.2546760163954053247, 10.96195135601270820, 18.26481553766411992 ) ) ;
#5604 = CARTESIAN_POINT ( 'NONE',  ( 4.405510895185264175, 8.089550793917648974, 50.78230664914110548 ) ) ;
#5605 = CARTESIAN_POINT ( 'NONE',  ( -5.337665068054551654, 5.661467034012591881, 7.854449300430998093 ) ) ;
#5606 = EDGE_CURVE ( 'NONE', #1958, #7321, #5096, .T. ) ;
#5607 = CARTESIAN_POINT ( 'NONE',  ( 5.794008041929153308, 4.111463113793897506, 50.95891585679974156 ) ) ;
#5608 = CARTESIAN_POINT ( 'NONE',  ( 0.8321008163193388540, 11.08152448227771991, 41.75540113598098912 ) ) ;
#5609 = PLANE ( 'NONE',  #518 ) ;
#5610 = CARTESIAN_POINT ( 'NONE',  ( 1.215571978910386930, 9.944740530706255299, 4.084588122664348120 ) ) ;
#5611 = FACE_OUTER_BOUND ( 'NONE', #4331, .T. ) ;
#5612 = CARTESIAN_POINT ( 'NONE',  ( 5.515454047433516749, 3.115357214310694456, 10.78035643974379276 ) ) ;
#5613 = CARTESIAN_POINT ( 'NONE',  ( -4.865573554148578950, 3.443073390566184333, -6.582429704930919279 ) ) ;
#5614 = CARTESIAN_POINT ( 'NONE',  ( 0.2693530522688608597, 11.28798604990171484, 42.19185734988040792 ) ) ;
#5615 = CARTESIAN_POINT ( 'NONE',  ( -3.130270649608847933, 10.24362229994331663, 42.65156983604650520 ) ) ;
#5616 = CARTESIAN_POINT ( 'NONE',  ( 3.823043836591696554, 9.230002483890467957, 49.41459968172387818 ) ) ;
#5617 = CARTESIAN_POINT ( 'NONE',  ( -4.057106068603873794, 5.801149962939428306, -5.058391026462459195 ) ) ;
#5618 = CARTESIAN_POINT ( 'NONE',  ( 5.896694925157165201, 6.065577464936696472, 47.68402957584272173 ) ) ;
#5619 = CARTESIAN_POINT ( 'NONE',  ( -5.371700572908043370, 2.158770683179377592, 52.77091874911995006 ) ) ;
#5620 = CIRCLE ( 'NONE', #6169, 0.1000000000000000194 ) ;
#5621 = CARTESIAN_POINT ( 'NONE',  ( 0.5861383346658485261, 9.667526268456633431, 52.33294725646292989 ) ) ;
#5622 = CARTESIAN_POINT ( 'NONE',  ( 4.406225060979217290, 8.866002114549736746, 36.12909650982442855 ) ) ;
#5623 = CARTESIAN_POINT ( 'NONE',  ( 5.957219659489831010, 2.547145743702521781, 45.18220377946504129 ) ) ;
#5624 = CARTESIAN_POINT ( 'NONE',  ( 5.689699246612994088, 4.918631555243743847, 46.27850128828892196 ) ) ;
#5625 = CIRCLE ( 'NONE', #3961, 0.09999999999999947820 ) ;
#5626 = CARTESIAN_POINT ( 'NONE',  ( 0.05094339494201254037, 10.65362353807108597, 50.00064385611291584 ) ) ;
#5627 = CARTESIAN_POINT ( 'NONE',  ( -0.007496543510714219656, 10.56341085409936298, 50.60707822867643557 ) ) ;
#5628 = CARTESIAN_POINT ( 'NONE',  ( -2.138164258090002434, 10.32574048134917710, 46.39270443876437611 ) ) ;
#5629 = CARTESIAN_POINT ( 'NONE',  ( 2.337968633609209146, 10.05926774520036204, 49.82170925759601232 ) ) ;
#5630 = CARTESIAN_POINT ( 'NONE',  ( -3.782502018113854447, 6.671814422193415695, 53.12759619330481797 ) ) ;
#5631 = FACE_OUTER_BOUND ( 'NONE', #6877, .T. ) ;
#5632 = CARTESIAN_POINT ( 'NONE',  ( -4.552940690302703430, 3.926472985732946341, -6.993604740553759136 ) ) ;
#5633 = CARTESIAN_POINT ( 'NONE',  ( -0.1669984720585583338, 10.44489702071463988, 48.58575425994024499 ) ) ;
#5634 = CARTESIAN_POINT ( 'NONE',  ( 5.501437677340632604, 1.695873689982896781, 42.86983774521059587 ) ) ;
#5635 = CARTESIAN_POINT ( 'NONE',  ( 0.2393182620710754271, 8.991071440122611946, -2.955990234337039890 ) ) ;
#5636 = CARTESIAN_POINT ( 'NONE',  ( -0.2668523483904400306, 7.452778014906269455, -8.674450586689808063 ) ) ;
#5637 = CARTESIAN_POINT ( 'NONE',  ( 2.098488812743535728E-32, 1.562500000000000000, 57.50000000000000000 ) ) ;
#5638 = CARTESIAN_POINT ( 'NONE',  ( 4.593345337087872515, 5.588692832418430179, -3.094228527116802852 ) ) ;
#5639 = CARTESIAN_POINT ( 'NONE',  ( 0.006104252415785650816, 10.62502543149510004, 50.20225957450085019 ) ) ;
#5640 = CARTESIAN_POINT ( 'NONE',  ( 5.500000188763195297, 1.562500000000000666, 7.865445300807834883 ) ) ;
#5641 = CARTESIAN_POINT ( 'NONE',  ( -0.2820256842439226586, 3.614266858163783347, -14.99999999999999467 ) ) ;
#5642 = CARTESIAN_POINT ( 'NONE',  ( -3.614010253520634652, 9.729142881500333573, 33.64188324203757929 ) ) ;
#5643 = EDGE_LOOP ( 'NONE', ( #6447, #6929, #5806, #2086 ) ) ;
#5644 = CARTESIAN_POINT ( 'NONE',  ( 5.656637806669007063, 7.048080952568507307, 47.70703465700706403 ) ) ;
#5645 = CARTESIAN_POINT ( 'NONE',  ( 5.834325473248346938, 7.127123365605220862, 41.45540113598097065 ) ) ;
#5646 = CARTESIAN_POINT ( 'NONE',  ( 0.06640795443306532486, 9.883046601330047309, 51.92553612760066528 ) ) ;
#5647 = CARTESIAN_POINT ( 'NONE',  ( 2.466366702636482611, 10.52094203820294283, 28.18535055626556485 ) ) ;
#5648 = CARTESIAN_POINT ( 'NONE',  ( 4.885460575753183932, 7.261778961523964071, 28.18620435672859514 ) ) ;
#5649 = CARTESIAN_POINT ( 'NONE',  ( -0.5672018988826825758, 8.058921848014810152, -6.557184766037817525 ) ) ;
#5650 = CARTESIAN_POINT ( 'NONE',  ( 0.9001281831720583382, 11.21627719911492349, 42.98110769882158166 ) ) ;
#5651 = CARTESIAN_POINT ( 'NONE',  ( 4.382802141094292558, 8.260635400921774618, 50.46265814240764058 ) ) ;
#5652 = CARTESIAN_POINT ( 'NONE',  ( -4.779002511331731817, 5.100110437749230563, 52.74373824061445504 ) ) ;
#5653 = CARTESIAN_POINT ( 'NONE',  ( -5.499945153853921020, 1.562499999999995781, -1.905800837726598251 ) ) ;
#5654 = CARTESIAN_POINT ( 'NONE',  ( 1.136457311590955532, 10.29362277896628264, 50.95540067381245564 ) ) ;
#5655 = CARTESIAN_POINT ( 'NONE',  ( 5.899993536188990362, 1.564571344736685354, 44.36877822665751836 ) ) ;
#5656 = CARTESIAN_POINT ( 'NONE',  ( 4.806522686641305775, 2.994843424582946945, -7.619304762819084864 ) ) ;
#5657 = CARTESIAN_POINT ( 'NONE',  ( -5.385386452704353566, 3.915769639166696958, 51.21727155526674835 ) ) ;
#5658 = CARTESIAN_POINT ( 'NONE',  ( 0.2625077881375755262, 10.64245221224793703, 50.00111688567251633 ) ) ;
#5659 = CARTESIAN_POINT ( 'NONE',  ( -2.997388331151444874, 10.22761847761511866, 28.18547252776039258 ) ) ;
#5660 = CARTESIAN_POINT ( 'NONE',  ( 3.355426331380972016, 9.436705561258719399, 49.93483927946942202 ) ) ;
#5661 = CARTESIAN_POINT ( 'NONE',  ( -1.104989222250078118, 2.744704557731310057, -14.99999999999999112 ) ) ;
#5662 = CARTESIAN_POINT ( 'NONE',  ( 5.615457092977696796, 5.561894488666807135, 50.54026240464492048 ) ) ;
#5663 = CARTESIAN_POINT ( 'NONE',  ( -5.516498741298986985, 3.271418947013722711, 12.43996208469341980 ) ) ;
#5664 = CARTESIAN_POINT ( 'NONE',  ( 0.5463715852152702945, 9.325611912856537344, 53.14570146940820905 ) ) ;
#5665 = CARTESIAN_POINT ( 'NONE',  ( 3.654814967516676116, 7.003787360570622234, 52.96751048462054001 ) ) ;
#5666 = CARTESIAN_POINT ( 'NONE',  ( 5.906616698845819968, 2.388988433123032884, 50.05330570674487234 ) ) ;
#5667 = CARTESIAN_POINT ( 'NONE',  ( 4.724690827020340933, 3.859600513041461234, 53.93944270654235140 ) ) ;
#5668 = CARTESIAN_POINT ( 'NONE',  ( 0.03630768512667485043, 10.68193525968534452, 49.79920082582888341 ) ) ;
#5669 = CARTESIAN_POINT ( 'NONE',  ( -0.009198159904010724808, 11.26365028113854727, 42.99192525249033281 ) ) ;
#5670 = CARTESIAN_POINT ( 'NONE',  ( -2.080544730502976059, 10.68331167482972255, 28.18526924193578864 ) ) ;
#5671 = CARTESIAN_POINT ( 'NONE',  ( 2.256056004574819251, 9.839097621128425786, 50.85584401063927373 ) ) ;
#5672 = CARTESIAN_POINT ( 'NONE',  ( -2.098488812743535728E-32, 1.562500000000000000, 57.50000000000000000 ) ) ;
#5673 = CARTESIAN_POINT ( 'NONE',  ( 0.000000000000000000, 8.747423532352845754, -4.149041100619943023 ) ) ;
#5674 = CARTESIAN_POINT ( 'NONE',  ( -5.466562488713293533, 5.060084777681770341, 18.26146016166759978 ) ) ;
#5675 = CARTESIAN_POINT ( 'NONE',  ( 4.995106242607511682, 8.645623341073207513, 41.45540113598099197 ) ) ;
#5676 = CARTESIAN_POINT ( 'NONE',  ( 0.2337991493030448509, 9.550821518374059238, 0.4065435644219803080 ) ) ;
#5677 = CARTESIAN_POINT ( 'NONE',  ( 3.681361184322774260, 9.780984894260962292, 37.30912812162267045 ) ) ;
#5678 = CARTESIAN_POINT ( 'NONE',  ( 3.885663197858728601, 4.797824150933038823, -7.630176177517723701 ) ) ;
#5679 = CARTESIAN_POINT ( 'NONE',  ( 0.006623678500349960280, 10.73769001600182982, 49.39661098536186046 ) ) ;
#5680 = CARTESIAN_POINT ( 'NONE',  ( 5.453194462870063930, 1.562500000000003997, 52.12821537171992503 ) ) ;
#5681 = CARTESIAN_POINT ( 'NONE',  ( -1.204774001171341924, 8.927102886773399248, -2.380854112834255965 ) ) ;
#5682 = CARTESIAN_POINT ( 'NONE',  ( -0.7570048265063907822, 3.148830950756978719, -15.00000000000000000 ) ) ;
#5683 = ORIENTED_EDGE ( 'NONE', *, *, #10, .F. ) ;
#5684 = CARTESIAN_POINT ( 'NONE',  ( 5.622734572943558717, 6.338417849972557860, 49.37050639650869499 ) ) ;
#5685 = CARTESIAN_POINT ( 'NONE',  ( 2.998494822597869369, 10.73500771935943376, 41.45540113598102039 ) ) ;
#5686 = CARTESIAN_POINT ( 'NONE',  ( -0.2566831770165016180, 7.991186788009060571, 55.10128338879887622 ) ) ;
#5687 = CARTESIAN_POINT ( 'NONE',  ( 0.01609499801977306785, 9.221808123996870776, -1.764923984858302264 ) ) ;
#5688 = CARTESIAN_POINT ( 'NONE',  ( 2.558288368479685992, 10.52424614496455924, 39.78420084388686462 ) ) ;
#5689 = CARTESIAN_POINT ( 'NONE',  ( 2.712407401286081488, 4.114157480914594878, 56.29253871533981624 ) ) ;
#5690 = CARTESIAN_POINT ( 'NONE',  ( -0.6891472382750413184, 9.988639711614858641, 4.080329419372604960 ) ) ;
#5691 = CARTESIAN_POINT ( 'NONE',  ( 4.535576204165356451, 8.058209909746206989, 50.46205721718364146 ) ) ;
#5692 = CARTESIAN_POINT ( 'NONE',  ( -5.385246866147957334, 5.799422338872946447, 36.12826279829565124 ) ) ;
#5693 = CARTESIAN_POINT ( 'NONE',  ( 0.0005400836553004908580, 10.98851173000755388, 47.17734652056815037 ) ) ;
#5694 = DIRECTION ( 'NONE',  ( 1.000000000000000000, 0.000000000000000000, 0.000000000000000000 ) ) ;
#5695 = CARTESIAN_POINT ( 'NONE',  ( 5.505225393964553682, 2.157826817313444501, 49.93796368646646044 ) ) ;
#5696 = CARTESIAN_POINT ( 'NONE',  ( -0.3214881547062707901, 8.726938529114281806, -4.158038099409187005 ) ) ;
#5697 = CARTESIAN_POINT ( 'NONE',  ( 0.5321970177089608844, 10.53159402198977190, 50.51044531793153425 ) ) ;
#5698 = CARTESIAN_POINT ( 'NONE',  ( -2.266602448860684405, 8.526189263459176715, -2.401144512424425059 ) ) ;
#5699 = CARTESIAN_POINT ( 'NONE',  ( 3.827906108421181841, 9.804589146719793646, 46.95144164820517574 ) ) ;
#5700 = CARTESIAN_POINT ( 'NONE',  ( -5.484320922764200468, 7.183219233658043379, 42.59472960708095712 ) ) ;
#5701 = CARTESIAN_POINT ( 'NONE',  ( 5.812309422554323035, 6.001860300337283682, 48.52090589069710802 ) ) ;
#5702 = CARTESIAN_POINT ( 'NONE',  ( -5.527192276235227020, 2.844334988849177126, 37.29575355978587936 ) ) ;
#5703 = EDGE_CURVE ( 'NONE', #2847, #1058, #5620, .T. ) ;
#5704 = CARTESIAN_POINT ( 'NONE',  ( 0.4719246209670077130, 8.511782449260817174, -4.973783056186210416 ) ) ;
#5705 = CARTESIAN_POINT ( 'NONE',  ( 5.908127841493661769, 1.916355394288933311, 46.77922140340053403 ) ) ;
#5706 = CARTESIAN_POINT ( 'NONE',  ( 5.047527557673484822, 4.363598591230769763, -3.124948147734524895 ) ) ;
#5707 = CARTESIAN_POINT ( 'NONE',  ( 0.07662615336196712534, 11.22329075337334103, 43.78868675023102952 ) ) ;
#5708 = CARTESIAN_POINT ( 'NONE',  ( -0.007978089483329901116, 11.00657558751188070, 46.98765503029938628 ) ) ;
#5709 = CARTESIAN_POINT ( 'NONE',  ( -1.083912686509853840, 5.662605241665986888, 56.39979436065893026 ) ) ;
#5710 = CARTESIAN_POINT ( 'NONE',  ( 2.588232797739705049, 10.88558441087104889, 42.16535406057165858 ) ) ;
#5711 = CARTESIAN_POINT ( 'NONE',  ( -4.556855075262529198, 8.398553753982362480, 15.73952896391506684 ) ) ;
#5712 = CARTESIAN_POINT ( 'NONE',  ( -1.462434383211648364E-15, 1.562500000000000000, -14.99999999999999822 ) ) ;
#5713 = CARTESIAN_POINT ( 'NONE',  ( -4.975176398245650944, 3.875930936764116819, -5.097227471835164003 ) ) ;
#5714 = CARTESIAN_POINT ( 'NONE',  ( -0.1375694658477065735, 7.797699928453787344, -7.657601791871107899 ) ) ;
#5715 = CARTESIAN_POINT ( 'NONE',  ( 5.507110652058454292, 3.289607706119953789, 49.96109355089212301 ) ) ;
#5716 = CARTESIAN_POINT ( 'NONE',  ( 0.3689659108104841878, 11.00318277205468398, 33.64224494048291092 ) ) ;
#5717 = CARTESIAN_POINT ( 'NONE',  ( 2.955357949029052911, 8.228145155300060409, 52.37649945822611386 ) ) ;
#5718 = CARTESIAN_POINT ( 'NONE',  ( 5.325340799667942271, 6.218401496476758439, 36.12836701223677238 ) ) ;
#5719 = CARTESIAN_POINT ( 'NONE',  ( 0.007491217191152583013, 11.22384699036352629, 43.78964705202088226 ) ) ;
#5720 = CARTESIAN_POINT ( 'NONE',  ( 5.284271341239889175, 1.562499999999999778, -6.590140886265538178 ) ) ;
#5721 = CARTESIAN_POINT ( 'NONE',  ( -1.562751051889851972, 10.82794516420936937, 36.13003443529442649 ) ) ;
#5722 = CARTESIAN_POINT ( 'NONE',  ( -2.504085199089098879, 6.392959369008203829, 54.98477155659696791 ) ) ;
#5723 = VERTEX_POINT ( 'NONE', #487 ) ;
#5724 = CARTESIAN_POINT ( 'NONE',  ( -0.02439347425618570639, 11.08058058150218628, 24.06547213294013687 ) ) ;
#5725 = CARTESIAN_POINT ( 'NONE',  ( 5.741702560311423120, 6.775244682449028666, 47.70058352464725715 ) ) ;
#5726 = CARTESIAN_POINT ( 'NONE',  ( 0.6992957361904604818, 11.28612287301527672, 41.45540113598098486 ) ) ;
#5727 = CARTESIAN_POINT ( 'NONE',  ( 0.08609657717139330979, 10.95808672136263162, 18.26488769628770470 ) ) ;
#5728 = CARTESIAN_POINT ( 'NONE',  ( 1.891715359275561781, 7.898865112402380539, 54.09518844854689945 ) ) ;
#5729 = CARTESIAN_POINT ( 'NONE',  ( 4.162385134783068708, 6.209110430014047388, 52.96855429096216028 ) ) ;
#5730 = CARTESIAN_POINT ( 'NONE',  ( -0.9534138063045198841, 10.59760757089750349, 46.41228212170305056 ) ) ;
#5731 = CARTESIAN_POINT ( 'NONE',  ( 4.666578908644686940, 7.831338269896879645, 50.56808750860474788 ) ) ;
#5732 = CARTESIAN_POINT ( 'NONE',  ( -4.715556276658021240, 4.840172096185368922, -4.300190680279246891 ) ) ;
#5733 = CARTESIAN_POINT ( 'NONE',  ( 0.0003470191518471099786, 10.76751562165202891, 49.15542280389241370 ) ) ;
#5734 = PLANE ( 'NONE',  #382 ) ;
#5735 = CARTESIAN_POINT ( 'NONE',  ( 5.907688612507338455, 3.288789354450946334, 49.95625038899311932 ) ) ;
#5736 = CARTESIAN_POINT ( 'NONE',  ( 5.506027248910527305, 2.471069095593724008, 12.43895544982145651 ) ) ;
#5737 = CARTESIAN_POINT ( 'NONE',  ( -0.4121399062996652374, 9.714664870066522795, 52.32973814685932723 ) ) ;
#5738 = CARTESIAN_POINT ( 'NONE',  ( 0.4054218078881116627, 10.50056553265565285, 50.81453245211103820 ) ) ;
#5739 = CARTESIAN_POINT ( 'NONE',  ( -2.882029838151230372, 9.770898332041243251, 7.841454027258383697 ) ) ;
#5740 = CARTESIAN_POINT ( 'NONE',  ( 4.065978815614316844, 8.665576638068840154, 50.35662536219770402 ) ) ;
#5741 = CARTESIAN_POINT ( 'NONE',  ( -2.164524554349582797, 3.784799185048240755, -13.01151732511666737 ) ) ;
#5742 = CARTESIAN_POINT ( 'NONE',  ( 5.718357660967313016, 5.626370974358074761, 49.78403285921153554 ) ) ;
#5743 = CARTESIAN_POINT ( 'NONE',  ( -5.445258106106420470, 2.833040432801557262, 51.68894497190725446 ) ) ;
#5744 = CARTESIAN_POINT ( 'NONE',  ( 0.5484496092042369098, 9.174759628087338470, -1.773751777205141433 ) ) ;
#5745 = CARTESIAN_POINT ( 'NONE',  ( 5.915124196867906470, 1.997144289347024815, 45.17085600276602264 ) ) ;
#5746 = CARTESIAN_POINT ( 'NONE',  ( 5.433560792644264836, 4.335858847082546319, 50.27533918960946124 ) ) ;
#5747 = CARTESIAN_POINT ( 'NONE',  ( 0.09355434105195650774, 10.54492641629538063, 50.70925641009054630 ) ) ;
#5748 = CARTESIAN_POINT ( 'NONE',  ( 0.0002999035325510253239, 11.29311405595640672, 42.19490537566376531 ) ) ;
#5749 = CARTESIAN_POINT ( 'NONE',  ( -1.691087012964697101, 8.600331088428550430, 53.33950708821987519 ) ) ;
#5750 = CARTESIAN_POINT ( 'NONE',  ( 2.544201005608107469, 9.851363689745042507, 50.23750033260846948 ) ) ;
#5751 = AXIS2_PLACEMENT_3D ( 'NONE', #6833, #918, #1648 ) ;
#5752 = CARTESIAN_POINT ( 'NONE',  ( -3.724060934736229456, 6.581366175382044048, 53.31033558870160505 ) ) ;
#5753 = CARTESIAN_POINT ( 'NONE',  ( 0.000000000000000000, 10.55571291520804600, 10.78781416516652136 ) ) ;
#5754 = CARTESIAN_POINT ( 'NONE',  ( -0.1167183887631103728, 8.877622674999374297, -3.549535891127296505 ) ) ;
#5755 = DIRECTION ( 'NONE',  ( 1.000000000000000000, 0.000000000000000000, 0.000000000000000000 ) ) ;
#5756 = CARTESIAN_POINT ( 'NONE',  ( 0.3119937477750452937, 7.975031043344658066, 55.09829590592191551 ) ) ;
#5757 = CARTESIAN_POINT ( 'NONE',  ( 2.737337497843328027, 7.379634132659277590, -5.019554581089743728 ) ) ;
#5758 = AXIS2_PLACEMENT_3D ( 'NONE', #6617, #4930, #963 ) ;
#5759 = CARTESIAN_POINT ( 'NONE',  ( 6.079307994651018454, 4.200405836348028110, 43.62632015917686346 ) ) ;
#5760 = CARTESIAN_POINT ( 'NONE',  ( 3.937336686023167776, 4.164320516460620070, -8.615535936414302043 ) ) ;
#5761 = CARTESIAN_POINT ( 'NONE',  ( 0.009433378628867873650, 11.07023383254567506, 46.18698605797090551 ) ) ;
#5762 = CARTESIAN_POINT ( 'NONE',  ( 5.331452439535565802, 1.562500000000001776, 53.10376731378804749 ) ) ;
#5763 = CARTESIAN_POINT ( 'NONE',  ( -1.474858588173115992, 10.85563298462614767, 20.74950536736651330 ) ) ;
#5764 = CARTESIAN_POINT ( 'NONE',  ( -3.904764700808453171, 9.460503316406978058, 34.88748450903996456 ) ) ;
#5765 = ORIENTED_EDGE ( 'NONE', *, *, #6647, .T. ) ;
#5766 = CARTESIAN_POINT ( 'NONE',  ( -0.008362756744552847163, 3.741154243769411192, -15.00000000000000000 ) ) ;
#5767 = CARTESIAN_POINT ( 'NONE',  ( 5.376606507868925355, 6.466280877879048816, 50.44633552813500188 ) ) ;
#5768 = CARTESIAN_POINT ( 'NONE',  ( 0.0001373763739939642774, 10.61397727306538918, 50.27659460508813538 ) ) ;
#5769 = CARTESIAN_POINT ( 'NONE',  ( 0.02313174274989901469, 7.802501942025305226, -7.658219485888073663 ) ) ;
#5770 = CARTESIAN_POINT ( 'NONE',  ( 2.098488812743535728E-32, 1.562500000000000000, 57.50000000000000000 ) ) ;
#5771 = CARTESIAN_POINT ( 'NONE',  ( 1.382952658785800759, 10.86319166535732883, 37.31395782450809406 ) ) ;
#5772 = CARTESIAN_POINT ( 'NONE',  ( 4.407361109280118150, 6.821855178437428613, -0.6059023157566317819 ) ) ;
#5773 = CARTESIAN_POINT ( 'NONE',  ( -0.1819872653498180726, 3.679262092683116769, -15.00000000000000000 ) ) ;
#5774 = CARTESIAN_POINT ( 'NONE',  ( 4.702363267490385468, 8.268661625045643504, 49.40499005990205461 ) ) ;
#5775 = CARTESIAN_POINT ( 'NONE',  ( -5.337060760349984889, 5.098007482898269771, 50.27373948927607472 ) ) ;
#5776 = DIRECTION ( 'NONE',  ( 0.000000000000000000, 0.000000000000000000, -1.000000000000000000 ) ) ;
#5777 = CARTESIAN_POINT ( 'NONE',  ( 1.434051844528286823, 10.18770086314474987, 50.95540067381244853 ) ) ;
#5778 = CARTESIAN_POINT ( 'NONE',  ( 5.954557122411350711, 2.956789293604995983, 48.16618424608308402 ) ) ;
#5779 = CARTESIAN_POINT ( 'NONE',  ( 5.501411638512096580, 2.186104086805315205, 6.220259713576214544 ) ) ;
#5780 = CARTESIAN_POINT ( 'NONE',  ( -0.3998130820557924126, 10.22914166153464421, 49.94308547165103107 ) ) ;
#5781 = CARTESIAN_POINT ( 'NONE',  ( 0.3392574786731455405, 11.28533514056168841, 42.19109344431250719 ) ) ;
#5782 = CARTESIAN_POINT ( 'NONE',  ( -0.2019241058696656377, 7.461431000762805077, -8.675187019818249468 ) ) ;
#5783 = CARTESIAN_POINT ( 'NONE',  ( 3.891197328707955982, 8.849142853271720455, 50.35634880596320784 ) ) ;
#5784 = CARTESIAN_POINT ( 'NONE',  ( -5.108275195459300200, 6.852436959059754251, 10.78301991310905272 ) ) ;
#5785 = CARTESIAN_POINT ( 'NONE',  ( 5.675058445066582635, 5.450152096567677518, 50.32016708720261988 ) ) ;
#5786 = CARTESIAN_POINT ( 'NONE',  ( -5.401028219373672279, 2.761350477549179949, -3.763772801854628369 ) ) ;
#5787 = CARTESIAN_POINT ( 'NONE',  ( 0.5365463716617429046, 7.393274582727213051, -8.671259376466551316 ) ) ;
#5788 = CARTESIAN_POINT ( 'NONE',  ( 5.895039559821334763, 1.965987188991967782, 50.94433051178840799 ) ) ;
#5789 = CARTESIAN_POINT ( 'NONE',  ( 5.467285574846398433, 4.486093326255337743, 7.857448209624680935 ) ) ;
#5790 = CARTESIAN_POINT ( 'NONE',  ( 0.1044281923283570529, 11.00539611798805417, 46.98603371578793997 ) ) ;
#5791 = CARTESIAN_POINT ( 'NONE',  ( -0.0002994504071026725779, 11.31538912833905108, 41.39875904337874601 ) ) ;
#5792 = CARTESIAN_POINT ( 'NONE',  ( -1.933811985337684503, 8.820576270466137458, -1.791039537217698596 ) ) ;
#5793 = CARTESIAN_POINT ( 'NONE',  ( 2.552894909829692693, 9.873377444576620476, 50.13412623183737793 ) ) ;
#5794 = CARTESIAN_POINT ( 'NONE',  ( -4.690669600454157262, 8.111401031309297238, 33.64168229845665792 ) ) ;
#5795 = CARTESIAN_POINT ( 'NONE',  ( 0.000000000000000000, 8.879651479922204160, -3.545640674568617534 ) ) ;
#5796 = CARTESIAN_POINT ( 'NONE',  ( 5.095106242607511327, 8.645623341073207513, 41.75540113598098912 ) ) ;
#5797 = CARTESIAN_POINT ( 'NONE',  ( 0.3836591966650284569, 9.374816111158347454, 53.14651912703870096 ) ) ;
#5798 = CARTESIAN_POINT ( 'NONE',  ( 3.862191821266675706, 9.445855971068828794, 28.18571647074958264 ) ) ;
#5799 = CARTESIAN_POINT ( 'NONE',  ( 5.819104359260683701, 3.856246121860651854, 50.95570915043273175 ) ) ;
#5800 = CARTESIAN_POINT ( 'NONE',  ( 2.098488812743535728E-32, 1.562500000000000000, 57.50000000000000000 ) ) ;
#5801 = CARTESIAN_POINT ( 'NONE',  ( 0.01359217610711999265, 10.63951098062718970, 50.10146164608173791 ) ) ;
#5802 = CARTESIAN_POINT ( 'NONE',  ( -0.05835062348928816978, 11.31537727598272447, 41.39937376548001424 ) ) ;
#5803 = CARTESIAN_POINT ( 'NONE',  ( -1.569418349279431579, 10.48999838068781720, 10.78674877582042413 ) ) ;
#5804 = CARTESIAN_POINT ( 'NONE',  ( 1.303744009178845920, 10.40677124110393770, 50.11418754117029550 ) ) ;
#5805 = CARTESIAN_POINT ( 'NONE',  ( -3.202199298499594171, 7.672801644941307231, -3.032789285881359209 ) ) ;
#5806 = ORIENTED_EDGE ( 'NONE', *, *, #7926, .T. ) ;
#5807 = CARTESIAN_POINT ( 'NONE',  ( -0.01997521727066959088, 9.517662351063805204, 52.96266838298061685 ) ) ;
#5808 = CARTESIAN_POINT ( 'NONE',  ( 5.885535847857389591, 6.931199002559151445, 45.25927681431183913 ) ) ;
#5809 = CARTESIAN_POINT ( 'NONE',  ( -0.0002418862839692792108, 10.64671621930811085, 50.05144716451803077 ) ) ;
#5810 = CARTESIAN_POINT ( 'NONE',  ( 0.06287205564032699590, 8.556746660667208459, -4.965460960749200403 ) ) ;
#5811 = CARTESIAN_POINT ( 'NONE',  ( 2.629488394724329492, 10.11363705718613559, 10.78590534258806777 ) ) ;
#5812 = CARTESIAN_POINT ( 'NONE',  ( 0.4351925981013317624, 3.913409121702851490, 57.29145178616230538 ) ) ;
#5813 = CARTESIAN_POINT ( 'NONE',  ( 5.121587429419438564, 6.873259369841351329, 12.44499525905314208 ) ) ;
#5814 = CARTESIAN_POINT ( 'NONE',  ( -0.8897212293508216518, 10.55130264896208381, 10.78725927488209990 ) ) ;
#5815 = CARTESIAN_POINT ( 'NONE',  ( 4.743721256022401356, 7.551341979948541727, 50.88910509035349605 ) ) ;
#5816 = CARTESIAN_POINT ( 'NONE',  ( -4.946249740334315526, 4.676193223614610872, -3.117268242580098825 ) ) ;
#5817 = CARTESIAN_POINT ( 'NONE',  ( 5.847133004596825501, 2.611486588432053058, 41.75540113598098912 ) ) ;
#5818 = CARTESIAN_POINT ( 'NONE',  ( 4.425989757908980415, 7.984823111953628150, 50.95540067381249116 ) ) ;
#5819 = CARTESIAN_POINT ( 'NONE',  ( 2.186255043418975585, 10.65846467970482969, 39.78673944922053352 ) ) ;
#5820 = CARTESIAN_POINT ( 'NONE',  ( 3.881354612385820246, 7.086053640012528909, -2.444929058908463126 ) ) ;
#5821 = DIRECTION ( 'NONE',  ( -0.000000000000000000, -0.000000000000000000, -1.000000000000000000 ) ) ;
#5822 = CARTESIAN_POINT ( 'NONE',  ( 5.463001071946276710, 2.854002258354179311, 0.4266120431095176690 ) ) ;
#5823 = CARTESIAN_POINT ( 'NONE',  ( -0.3387265304563824575, 7.773451868206060489, -7.656489942640566149 ) ) ;
#5824 = CARTESIAN_POINT ( 'NONE',  ( 0.2877671365936111392, 10.54756191969155665, 50.60938819823486057 ) ) ;
#5825 = CARTESIAN_POINT ( 'NONE',  ( 3.795870471632742493, 8.693435891803481752, 50.99093393305409450 ) ) ;
#5826 = CARTESIAN_POINT ( 'NONE',  ( -4.351091389667300469, 5.280019835922144189, -5.069487153711808247 ) ) ;
#5827 = CARTESIAN_POINT ( 'NONE',  ( 5.591032520609982903, 5.256941337386157542, 51.08496111462899592 ) ) ;
#5828 = CARTESIAN_POINT ( 'NONE',  ( -5.500126473145946271, 1.857113166509969160, 31.92487724000924132 ) ) ;
#5829 = CARTESIAN_POINT ( 'NONE',  ( 0.5502008407349043839, 9.065705977690074135, -2.368573081503369870 ) ) ;
#5830 = CARTESIAN_POINT ( 'NONE',  ( 5.914752083425590001, 1.978923473643934727, 42.81161415757884470 ) ) ;
#5831 = CARTESIAN_POINT ( 'NONE',  ( 5.449353599905848888, 4.435207412316848341, 6.208044360852651877 ) ) ;
#5832 = CARTESIAN_POINT ( 'NONE',  ( 0.07945650584481921130, 10.57815759601655436, 50.50607400806358527 ) ) ;
#5833 = CARTESIAN_POINT ( 'NONE',  ( 0.0001592819704313982120, 10.63954219947875046, 50.10146099369325867 ) ) ;
#5834 = CARTESIAN_POINT ( 'NONE',  ( -2.297373553368243115, 10.57087574051200995, 18.26405787211655252 ) ) ;
#5835 = CARTESIAN_POINT ( 'NONE',  ( 2.731349016445468791, 9.961171517706246092, 49.41311691680139973 ) ) ;
#5836 = CARTESIAN_POINT ( 'NONE',  ( -3.399801424615094714, 5.821682070661597486, -6.993519521628038582 ) ) ;
#5837 = CARTESIAN_POINT ( 'NONE',  ( 0.000000000000000000, 10.98282005020366370, 37.31655843375411763 ) ) ;
#5838 = CARTESIAN_POINT ( 'NONE',  ( 1.913015007883641427, 10.51014188241411951, 12.45153838572076843 ) ) ;
#5839 = CARTESIAN_POINT ( 'NONE',  ( -0.2052984532049105804, 9.871047723658618267, 51.92872792672064008 ) ) ;
#5840 = CARTESIAN_POINT ( 'NONE',  ( -4.087794918834119557E-05, 10.09798686456638173, 50.95540067381245564 ) ) ;
#5841 = CARTESIAN_POINT ( 'NONE',  ( 0.3973432551861099116, 10.00019658980764703, 4.077824299789230444 ) ) ;
#5842 = CARTESIAN_POINT ( 'NONE',  ( 3.933046081459588450, 9.482978268969699087, 36.12930493770655715 ) ) ;
#5843 = CARTESIAN_POINT ( 'NONE',  ( 6.065987251177493711, 3.898842262685179971, 44.41055417195206445 ) ) ;
#5844 = CARTESIAN_POINT ( 'NONE',  ( 5.028386650218544141, 5.222013611563311564, -0.6117681374242320835 ) ) ;
#5845 = CARTESIAN_POINT ( 'NONE',  ( 0.01243255982593536278, 10.49401150568272101, 51.01330891827012692 ) ) ;
#5846 = CARTESIAN_POINT ( 'NONE',  ( -0.05319343495867464439, 11.07023227277356447, 46.18801295320489686 ) ) ;
#5847 = CARTESIAN_POINT ( 'NONE',  ( -1.429345729126363151, 9.590402547870686689, 51.54783502571910248 ) ) ;
#5848 = CARTESIAN_POINT ( 'NONE',  ( 1.301601042154906018, 11.01722268189945808, 45.37108153967596280 ) ) ;
#5849 = CARTESIAN_POINT ( 'NONE',  ( -3.549213326917420197, 7.697990837941432574, -1.817522914258211442 ) ) ;
#5850 = CARTESIAN_POINT ( 'NONE',  ( 5.424939179313810200, 6.188659591452782216, 50.65953693451197637 ) ) ;
#5851 = CARTESIAN_POINT ( 'NONE',  ( 0.0003580516636145225098, 10.53134972789236379, 50.80432875199009146 ) ) ;
#5852 = CARTESIAN_POINT ( 'NONE',  ( 0.1393834154277366622, 9.981085160656238742, 51.52381631147426333 ) ) ;
#5853 = CARTESIAN_POINT ( 'NONE',  ( 2.252162922083332131, 8.184718347796277271, 53.33302453277138966 ) ) ;
#5854 = CARTESIAN_POINT ( 'NONE',  ( 1.459041870644380401, 10.21827626598217265, 48.57138899435877022 ) ) ;
#5855 = CARTESIAN_POINT ( 'NONE',  ( 3.929871774896092074, 5.634809682990512769, -5.852263796761698167 ) ) ;
#5856 = CARTESIAN_POINT ( 'NONE',  ( -1.462434383211648364E-15, 1.562500000000000000, -14.99999999999999822 ) ) ;
#5857 = EDGE_CURVE ( 'NONE', #6239, #2943, #2415, .T. ) ;
#5858 = CARTESIAN_POINT ( 'NONE',  ( 5.280174376571404871, 8.165131299896099648, 46.91182487861550499 ) ) ;
#5859 = CARTESIAN_POINT ( 'NONE',  ( -5.537756778048653850, 5.241946671849228245, 48.49751048565332923 ) ) ;
#5860 = CARTESIAN_POINT ( 'NONE',  ( -4.087794921696167314E-05, 11.06515853530437177, 42.66142520816062245 ) ) ;
#5861 = CARTESIAN_POINT ( 'NONE',  ( 5.834923281368070036, 3.657798035731039121, 50.95540067381246985 ) ) ;
#5862 = CARTESIAN_POINT ( 'NONE',  ( 0.4086159486972473220, 3.501676246482344990, -14.99999999999999645 ) ) ;
#5863 = CARTESIAN_POINT ( 'NONE',  ( 4.746295760221829418, 8.463969952114052120, 46.33723433710488848 ) ) ;
#5864 = CARTESIAN_POINT ( 'NONE',  ( 5.498683046571825273, 2.171495114905540369, 4.164250925415753812 ) ) ;
#5865 = CARTESIAN_POINT ( 'NONE',  ( -0.3119937477750452937, 7.975031043344658066, 55.09829590592191551 ) ) ;
#5866 = CARTESIAN_POINT ( 'NONE',  ( 0.3016922213110517781, 10.77611771573803523, 48.99289362652970681 ) ) ;
#5867 = EDGE_CURVE ( 'NONE', #235, #2466, #1201, .T. ) ;
#5868 = CARTESIAN_POINT ( 'NONE',  ( -1.462434383211648364E-15, 1.562500000000000000, -14.99999999999999822 ) ) ;
#5869 = CARTESIAN_POINT ( 'NONE',  ( 4.141060809097579565, 8.780963287972497255, 49.83087075926116682 ) ) ;
#5870 = CARTESIAN_POINT ( 'NONE',  ( -5.116190312932292983, 6.541213449907132826, 31.92483425126370022 ) ) ;
#5871 = CARTESIAN_POINT ( 'NONE',  ( 5.766830795391731712, 5.356908262170064106, 49.77861795551014978 ) ) ;
#5872 = CARTESIAN_POINT ( 'NONE',  ( -5.257522031258608841, 2.084869521155741978, -6.587937691598506618 ) ) ;
#5873 = CARTESIAN_POINT ( 'NONE',  ( 0.7788730189307639939, 9.944248660741720869, 51.12135160555200741 ) ) ;
#5874 = CARTESIAN_POINT ( 'NONE',  ( 5.900773663197849572, 1.960009617431982765, 50.38212273079088277 ) ) ;
#5875 = CARTESIAN_POINT ( 'NONE',  ( 5.435949082045548053, 3.941597959260323414, 50.64392038367861915 ) ) ;
#5876 = CARTESIAN_POINT ( 'NONE',  ( 0.08983401715977702706, 11.06942026395451428, 46.18579025335022692 ) ) ;
#5877 = CARTESIAN_POINT ( 'NONE',  ( -0.0006826570056888606576, 10.49404232255681357, 51.01318335525155589 ) ) ;
#5878 = CARTESIAN_POINT ( 'NONE',  ( -2.198413316783898175, 9.474333201380110481, 50.60609042549611303 ) ) ;
#5879 = CARTESIAN_POINT ( 'NONE',  ( 2.661287527325392421, 9.787726610937518501, 50.23932414661901902 ) ) ;
#5880 = CARTESIAN_POINT ( 'NONE',  ( -4.688708607671547846, 7.930050676274715826, 10.78381895511863853 ) ) ;
#5881 = CARTESIAN_POINT ( 'NONE',  ( 1.667867862960059622, 9.331931282826161578, 0.4095166723756891169 ) ) ;
#5882 = DIRECTION ( 'NONE',  ( -1.000000000000000000, -0.000000000000000000, 3.450755528294924588E-15 ) ) ;
#5883 = CARTESIAN_POINT ( 'NONE',  ( 0.4988633354842211265, 10.85805504328143201, 15.74632160195839248 ) ) ;
#5884 = CARTESIAN_POINT ( 'NONE',  ( 3.781483727684233465, 9.049906663132377460, 7.844452936452038116 ) ) ;
#5885 = CARTESIAN_POINT ( 'NONE',  ( 6.042977600346421063, 3.609109861686945919, 43.61913250096670680 ) ) ;
#5886 = CARTESIAN_POINT ( 'NONE',  ( 5.368321188732241289, 5.767668978639320265, 12.44348530674522202 ) ) ;
#5887 = AXIS2_PLACEMENT_3D ( 'NONE', #6627, #2002, #3331 ) ;
#5888 = CARTESIAN_POINT ( 'NONE',  ( 0.008110653700253460038, 10.65404189797325429, 50.00066066056738379 ) ) ;
#5889 = CARTESIAN_POINT ( 'NONE',  ( -0.04437144625130882286, 10.57936629749730351, 50.50551670043759600 ) ) ;
#5890 = CARTESIAN_POINT ( 'NONE',  ( -1.440443675546473346, 9.212721754160529741, -0.5924109259211515210 ) ) ;
#5891 = CARTESIAN_POINT ( 'NONE',  ( 1.473306996384199374, 11.19433656225814211, 41.38482399849608129 ) ) ;
#5892 = CARTESIAN_POINT ( 'NONE',  ( -3.609615990276089370, 7.810530542441543211, -1.207504863741765133 ) ) ;
#5893 = CARTESIAN_POINT ( 'NONE',  ( -0.03183043873323168627, 10.99161762235139861, 36.13044260656368323 ) ) ;
#5894 = CARTESIAN_POINT ( 'NONE',  ( 5.464367462339583703, 6.062979716558484000, 50.65765047112694930 ) ) ;
#5895 = CARTESIAN_POINT ( 'NONE',  ( 0.000000000000000000, 10.11372648468375779, 50.86918928290678110 ) ) ;
#5896 = AXIS2_PLACEMENT_3D ( 'NONE', #4842, #4885, #1650 ) ;
#5897 = CARTESIAN_POINT ( 'NONE',  ( 0.1305270349672099928, 9.762597752727531386, 52.32423681611029309 ) ) ;
#5898 = CARTESIAN_POINT ( 'NONE',  ( 2.649874206686646527, 10.20111610848433514, 12.45044786460948494 ) ) ;
#5899 = CARTESIAN_POINT ( 'NONE',  ( 1.578018474640220825, 10.82383523510145196, 37.31358630890157002 ) ) ;
#5900 = CARTESIAN_POINT ( 'NONE',  ( 5.349018479448416130, 7.139736326000474698, 39.75500688255009152 ) ) ;
#5901 = CARTESIAN_POINT ( 'NONE',  ( -1.225610838109260525, 10.53308240472375878, 10.78701512315693378 ) ) ;
#5902 = CARTESIAN_POINT ( 'NONE',  ( -2.343929132497240442, 7.959475840185632478, -4.206621892871098112 ) ) ;
#5903 = ORIENTED_EDGE ( 'NONE', *, *, #6480, .T. ) ;
#5904 = CARTESIAN_POINT ( 'NONE',  ( 5.183527702132142423, 6.953443884455904112, 50.45310646424117351 ) ) ;
#5905 = CARTESIAN_POINT ( 'NONE',  ( -4.616518006225173387, 4.144998322331375995, 53.94869492883965734 ) ) ;
#5906 = DIRECTION ( 'NONE',  ( -1.000000000000000000, -0.000000000000000000, 3.450755528294924588E-15 ) ) ;
#5907 = CARTESIAN_POINT ( 'NONE',  ( 0.2999591220508072142, 10.49036719615494562, 49.66803607791002406 ) ) ;
#5908 = CARTESIAN_POINT ( 'NONE',  ( 0.8127501141749297053, 5.159914588130695812, -13.05302893350721405 ) ) ;
#5909 = CARTESIAN_POINT ( 'NONE',  ( 4.008592031180631565, 7.299603565978177500, -1.213008775247835569 ) ) ;
#5910 = CARTESIAN_POINT ( 'NONE',  ( 0.8418165439054760002, 1.580516128993445735, 57.50000000000000711 ) ) ;
#5911 = CARTESIAN_POINT ( 'NONE',  ( -0.6132927410518550504, 10.33840348052881453, 7.834956390672060067 ) ) ;
#5912 = CARTESIAN_POINT ( 'NONE',  ( 0.8792853829955756817, 11.07910713058048557, 45.37537620608002698 ) ) ;
#5913 = CARTESIAN_POINT ( 'NONE',  ( 4.586242023613271712, 9.568351836549236822, 41.33597216949614506 ) ) ;
#5914 = CARTESIAN_POINT ( 'NONE',  ( -5.194187658447241063, 6.451054107194072351, 9.121642902365559635 ) ) ;
#5915 = CARTESIAN_POINT ( 'NONE',  ( 5.741330248829555671, 5.341927807168744380, 49.99315251698189400 ) ) ;
#5916 = CARTESIAN_POINT ( 'NONE',  ( -5.502785570985738950, 2.226859317897658563, 34.88856371756511976 ) ) ;
#5917 = CARTESIAN_POINT ( 'NONE',  ( -0.01588368527651100662, 8.028792211769603782, 55.11522497555803568 ) ) ;
#5918 = CARTESIAN_POINT ( 'NONE',  ( 0.8694158964287704849, 10.43211408175248778, 9.116550486865754976 ) ) ;
#5919 = CARTESIAN_POINT ( 'NONE',  ( 5.899436781624258330, 1.656630117117074308, 50.38208030163709594 ) ) ;
#5920 = CARTESIAN_POINT ( 'NONE',  ( 5.486996281919778617, 3.967329128220546952, 49.93885443171592442 ) ) ;
#5921 = CARTESIAN_POINT ( 'NONE',  ( 0.09275588285551272794, 11.18325361783942107, 44.58632238215825083 ) ) ;
#5922 = CARTESIAN_POINT ( 'NONE',  ( 0.0006452068557774358424, 10.83562052025337508, 48.59274373925389057 ) ) ;
#5923 = CARTESIAN_POINT ( 'NONE',  ( -1.661910410383719228, 7.835448253673590102, -5.817580437955101935 ) ) ;
#5924 = CARTESIAN_POINT ( 'NONE',  ( 2.580507340555140416, 9.590726677637952946, 51.07253726067891364 ) ) ;
#5925 = CARTESIAN_POINT ( 'NONE',  ( -4.244082278178706424, 7.114742893347479225, -0.6047291514231136755 ) ) ;
#5926 = CARTESIAN_POINT ( 'NONE',  ( 1.559478963209230740, 8.822151299012967129, -2.387261607441678368 ) ) ;
#5927 = CARTESIAN_POINT ( 'NONE',  ( 0.3402684105527271075, 7.975135892709824148, -6.993373051599425239 ) ) ;
#5928 = CARTESIAN_POINT ( 'NONE',  ( 2.665566399921849072, 6.625800871424966765, -6.993476912165180082 ) ) ;
#5929 = CARTESIAN_POINT ( 'NONE',  ( 5.869923698196058304, 3.355545079215293658, 50.72719511913575730 ) ) ;
#5930 = CARTESIAN_POINT ( 'NONE',  ( 5.094634824434509213, 5.302936101935530111, 0.4214091041905269064 ) ) ;
#5931 = CARTESIAN_POINT ( 'NONE',  ( 0.009388536227526606340, 10.56339381372012554, 50.60716636643490318 ) ) ;
#5932 = CARTESIAN_POINT ( 'NONE',  ( -0.05989860605068941801, 10.73769020977197997, 49.39702198331148963 ) ) ;
#5933 = CARTESIAN_POINT ( 'NONE',  ( -1.533194640634116812, 9.865703838076568033, 50.25974211135855541 ) ) ;
#5934 = CARTESIAN_POINT ( 'NONE',  ( 1.603614752868059101, 11.06599691292913512, 43.77088646132386884 ) ) ;
#5935 = CARTESIAN_POINT ( 'NONE',  ( -2.753142623081612506, 6.250228337607619089, -7.640553437002769677 ) ) ;
#5936 = CARTESIAN_POINT ( 'NONE',  ( -0.07332359961603056309, 10.16138357557928451, 50.59331003421829820 ) ) ;
#5937 = CARTESIAN_POINT ( 'NONE',  ( 5.568698476148046694, 5.983212811705009848, 50.22137759474912144 ) ) ;
#5938 = CARTESIAN_POINT ( 'NONE',  ( 5.508886118806496590, 1.902899572150168250, 41.45540113598099197 ) ) ;
#5939 = CARTESIAN_POINT ( 'NONE',  ( 0.04986038128384084195, 9.221605289246113557, -1.765659634220538399 ) ) ;
#5940 = CARTESIAN_POINT ( 'NONE',  ( 2.996750498529899165, 10.21896146514453463, 33.64196361946989811 ) ) ;
#5941 = CARTESIAN_POINT ( 'NONE',  ( 0.8650729318812896418, 7.267218035053063296, -8.667086255405358486 ) ) ;
#5942 = CARTESIAN_POINT ( 'NONE',  ( 4.856612617425460243, 6.971978507834752037, 4.125171059915064831 ) ) ;
#5943 = CARTESIAN_POINT ( 'NONE',  ( -0.6882937729419495998, 9.257196313494402418, -1.181361284087945274 ) ) ;
#5944 = CARTESIAN_POINT ( 'NONE',  ( -3.330142454196836965, 9.996643819085559102, 34.88737090814262132 ) ) ;
#5945 = CARTESIAN_POINT ( 'NONE',  ( 5.291271494105671991, 7.052061225217348905, 49.81119508146544206 ) ) ;
#5946 = CARTESIAN_POINT ( 'NONE',  ( -5.425823114938681968, 4.739570696543301764, 49.93921072981573417 ) ) ;
#5947 = CARTESIAN_POINT ( 'NONE',  ( 0.2999591220508068812, 10.49036719615494562, 49.56803607791002264 ) ) ;
#5948 = CARTESIAN_POINT ( 'NONE',  ( 5.382696494645994534, 6.125614984659356388, 50.95540067381244853 ) ) ;
#5949 = CARTESIAN_POINT ( 'NONE',  ( 2.082679732295792174, 10.45478486386166495, 12.45128672700280248 ) ) ;
#5950 = CARTESIAN_POINT ( 'NONE',  ( 4.475564725611405059, 8.420481084513276926, 28.18596041373919192 ) ) ;
#5951 = CARTESIAN_POINT ( 'NONE',  ( 5.479422567036664304, 2.151003861693127295, -3.779353668089352247 ) ) ;
#5952 = CARTESIAN_POINT ( 'NONE',  ( -0.4045010064608047240, 7.761289731606520803, -7.656119326230387045 ) ) ;
#5953 = CARTESIAN_POINT ( 'NONE',  ( 0.7619928825248973858, 11.25898821875898115, 42.18664957457471587 ) ) ;
#5954 = CARTESIAN_POINT ( 'NONE',  ( 4.168748112472656864, 8.380660950571053647, 50.78150747320491121 ) ) ;
#5955 = CARTESIAN_POINT ( 'NONE',  ( -4.454025612658560007, 5.636991018281125143, 52.96925016185645063 ) ) ;
#5956 = CARTESIAN_POINT ( 'NONE',  ( 5.722677398560129802, 5.186174560401139999, 50.31535248668033944 ) ) ;
#5957 = CARTESIAN_POINT ( 'NONE',  ( -5.487378051973541560, 2.160648325161909522, -3.178707483815547352 ) ) ;
#5958 = CARTESIAN_POINT ( 'NONE',  ( 0.6874666373601723279, 8.797955141770223975, -3.565116757362012390 ) ) ;
#5959 = CARTESIAN_POINT ( 'NONE',  ( 5.909407920903978706, 1.891969572985023662, 44.37715159517501462 ) ) ;
#5960 = CARTESIAN_POINT ( 'NONE',  ( 3.778706594643892469, 2.594364117055387275, 56.20153392537223880 ) ) ;
#5961 = CARTESIAN_POINT ( 'NONE',  ( 0.1763093415426884858, 10.78438637970084280, 48.99335844026754216 ) ) ;
#5962 = CARTESIAN_POINT ( 'NONE',  ( 0.0005629990120863238119, 10.62503154559676233, 50.20225491060887180 ) ) ;
#5963 = CARTESIAN_POINT ( 'NONE',  ( -2.282440565798608212, 10.59224612985632596, 31.92478893880221236 ) ) ;
#5964 = CARTESIAN_POINT ( 'NONE',  ( 2.886884770105050180, 9.652444544152363193, 50.24242408374009017 ) ) ;
#5965 = CARTESIAN_POINT ( 'NONE',  ( -1.952879713109155091, 4.037300506263788336, -13.01873673527155617 ) ) ;
#5966 = CARTESIAN_POINT ( 'NONE',  ( 1.344258969527596381, 7.755978474483642415, -6.560397758260572587 ) ) ;
#5967 = CARTESIAN_POINT ( 'NONE',  ( 0.5839634234489884390, 10.96997108934784215, 36.13029497014714053 ) ) ;
#5968 = CARTESIAN_POINT ( 'NONE',  ( 3.265790407808341289, 7.491281983921838972, 52.96681461372630650 ) ) ;
#5969 = CARTESIAN_POINT ( 'NONE',  ( 5.876197797971296488, 3.355792562654992039, 50.61592236618433560 ) ) ;
#5970 = CARTESIAN_POINT ( 'NONE',  ( 4.817676091765657809, 4.721144843152970338, 52.97029396819812774 ) ) ;
#5971 = CARTESIAN_POINT ( 'NONE',  ( 0.02209551049869862629, 10.78866012472352587, 48.99431554231709640 ) ) ;
#5972 = CARTESIAN_POINT ( 'NONE',  ( -0.03157128304532014901, 10.49403851172466240, 51.01283178171388499 ) ) ;
#5973 = CARTESIAN_POINT ( 'NONE',  ( -1.363532456684799055, 8.751140477024097919, -2.982869902377545124 ) ) ;
#5974 = CARTESIAN_POINT ( 'NONE',  ( 1.454440186171647609, 11.04898306402457564, 44.57007413565835208 ) ) ;
#5975 = CARTESIAN_POINT ( 'NONE',  ( -3.419104095825350687, 7.168321540472545550, 53.13039959089500286 ) ) ;
#5976 = CARTESIAN_POINT ( 'NONE',  ( -0.09825628771743219469, 8.023028199669072436, 55.11024583742977256 ) ) ;
#5977 = CARTESIAN_POINT ( 'NONE',  ( 5.584562044093281052, 5.994383278660772696, 50.11371698135170050 ) ) ;
#5978 = CARTESIAN_POINT ( 'NONE',  ( 0.000000000000000000, 10.91363032127727450, 41.45540113587212261 ) ) ;
#5979 = CARTESIAN_POINT ( 'NONE',  ( 0.05394092696110119878, 9.002158947343870565, -2.950230305471216230 ) ) ;
#5980 = CARTESIAN_POINT ( 'NONE',  ( 2.648210448663629535, 8.751478268089440959, -0.5965170010884727203 ) ) ;
#5981 = CARTESIAN_POINT ( 'NONE',  ( 1.082582766831730492, 7.881513805871410483, -6.559296160927049257 ) ) ;
#5982 = CARTESIAN_POINT ( 'NONE',  ( 5.024930356828742006, 6.931383002450210995, 31.92483076568965572 ) ) ;
#5983 = CARTESIAN_POINT ( 'NONE',  ( -0.6880891717102030070, 8.245388674676629392, -5.806544823789371534 ) ) ;
#5984 = CARTESIAN_POINT ( 'NONE',  ( -2.260475272632182620, 7.745479620752477423, -5.008458453840400892 ) ) ;
#5985 = CARTESIAN_POINT ( 'NONE',  ( 5.091061003905756444, 7.206412047397915188, 50.34831032351132052 ) ) ;
#5986 = CARTESIAN_POINT ( 'NONE',  ( -5.455293713028487979, 4.553013523484198188, 34.88822291487295502 ) ) ;
#5987 = CARTESIAN_POINT ( 'NONE',  ( 5.899780986535744454, 1.640075261286423780, 41.45540113598099907 ) ) ;
#5988 = CARTESIAN_POINT ( 'NONE',  ( 0.000000000000000000, 11.06384859248873553, 28.18482201312184543 ) ) ;
#5989 = CARTESIAN_POINT ( 'NONE',  ( 2.198413316783898175, 9.474333201380110481, 50.60609042549611303 ) ) ;
#5990 = CARTESIAN_POINT ( 'NONE',  ( 3.782502018113854447, 6.671814422193415695, 53.12759619330481797 ) ) ;
#5991 = CARTESIAN_POINT ( 'NONE',  ( 5.453848037210712540, 1.756636919648256967, 52.12395963955994205 ) ) ;
#5992 = CARTESIAN_POINT ( 'NONE',  ( -0.1359686523649160372, 3.701262562446416382, -15.00000000000000000 ) ) ;
#5993 = CARTESIAN_POINT ( 'NONE',  ( 0.7531717938838320414, 11.18722355047182404, 43.78024744456885742 ) ) ;
#5994 = CARTESIAN_POINT ( 'NONE',  ( 4.429223448993970358, 8.756395410357320941, 48.99325921219075752 ) ) ;
#5995 = CARTESIAN_POINT ( 'NONE',  ( -5.194792648770828691, 6.153609214746062150, 31.92483773683765236 ) ) ;
#5996 = CARTESIAN_POINT ( 'NONE',  ( 6.094357691911275410, 5.110315863682027171, 45.22518757233970632 ) ) ;
#5997 = CARTESIAN_POINT ( 'NONE',  ( -5.499788338546721889, 1.734303738412941609, 37.29327678907528565 ) ) ;
#5998 = CARTESIAN_POINT ( 'NONE',  ( 0.9480884283525375933, 9.891490401881323891, 51.12348315999013693 ) ) ;
#5999 = CARTESIAN_POINT ( 'NONE',  ( 5.900307779314635681, 1.857643292318776451, 50.38202431172936713 ) ) ;
#6000 = CARTESIAN_POINT ( 'NONE',  ( 1.462434383211648364E-15, 1.562500000000000000, -14.99999999999999822 ) ) ;
#6001 = CARTESIAN_POINT ( 'NONE',  ( 0.1530764456741698920, 11.00416365676337627, 46.98537314819078858 ) ) ;
#6002 = CARTESIAN_POINT ( 'NONE',  ( 0.001145450003799847920, 10.65405273185463209, 50.00066657699789374 ) ) ;
#6003 = CARTESIAN_POINT ( 'NONE',  ( -0.4715838985969577069, 3.439661979296198879, -14.99999999999999822 ) ) ;
#6004 = CARTESIAN_POINT ( 'NONE',  ( 2.810342915379018702, 9.477739656422565773, 50.97320619768212424 ) ) ;
#6005 = CARTESIAN_POINT ( 'NONE',  ( -4.863628922793758136, 7.650960507213062201, 20.75017404601132398 ) ) ;
#6006 = CARTESIAN_POINT ( 'NONE',  ( 1.072178242363781564, 6.576976564214382037, -10.01776367681108049 ) ) ;
#6007 = CARTESIAN_POINT ( 'NONE',  ( 0.5233094172502997798, 10.95442757698667968, 18.26470729972874807 ) ) ;
#6008 = CARTESIAN_POINT ( 'NONE',  ( 3.273204152369007414, 7.173341795567334422, -4.235412288996678321 ) ) ;
#6009 = CARTESIAN_POINT ( 'NONE',  ( 5.993017598114114719, 3.064797534466716655, 45.99727451188179117 ) ) ;
#6010 = CARTESIAN_POINT ( 'NONE',  ( 5.318452818114673519, 5.398886235828689095, 31.92484470798558860 ) ) ;
#6011 = CARTESIAN_POINT ( 'NONE',  ( -5.448446809995272311, 3.992094278004329588, 4.149220207915485403 ) ) ;
#6012 = CARTESIAN_POINT ( 'NONE',  ( 0.02508524529507207695, 11.26359089756183351, 42.99147411688489484 ) ) ;
#6013 = CARTESIAN_POINT ( 'NONE',  ( -0.01997857654162920812, 10.63954065421527773, 50.10146298024167066 ) ) ;
#6014 = CARTESIAN_POINT ( 'NONE',  ( -1.214241927927319997, 7.821151582195508212, -6.559846959593810034 ) ) ;
#6015 = CARTESIAN_POINT ( 'NONE',  ( 1.799294888100277712, 10.64776153729920516, 47.77948293799014579 ) ) ;
#6016 = CARTESIAN_POINT ( 'NONE',  ( -2.098488812743535728E-32, 1.562500000000000000, 57.50000000000000000 ) ) ;
#6017 = CARTESIAN_POINT ( 'NONE',  ( -0.1188306673612003483, 10.66738753505539350, 12.45392914354165548 ) ) ;
#6018 = CARTESIAN_POINT ( 'NONE',  ( 5.482530540918388873, 5.773298008959466543, 50.98191513453807033 ) ) ;
#6019 = CARTESIAN_POINT ( 'NONE',  ( 3.149644987652175043, 10.20722321275276556, 41.45540113598098486 ) ) ;
#6020 = CARTESIAN_POINT ( 'NONE',  ( 0.2259728497859836149, 10.15102128225247391, 50.59433246552049468 ) ) ;
#6021 = CARTESIAN_POINT ( 'NONE',  ( 2.113225334209121176, 6.774282052363552964, 55.00867141961280993 ) ) ;
#6022 = CARTESIAN_POINT ( 'NONE',  ( 1.462434383211648364E-15, 1.562500000000000000, -14.99999999999999822 ) ) ;
#6023 = EDGE_CURVE ( 'NONE', #5105, #3546, #7415, .T. ) ;
#6024 = CARTESIAN_POINT ( 'NONE',  ( 5.146709146321312822, 6.360812470436451704, 6.197864900249670406 ) ) ;
#6025 = CARTESIAN_POINT ( 'NONE',  ( 0.001335891219311161320, 10.59477567362428196, 50.40448993858620241 ) ) ;
#6026 = CARTESIAN_POINT ( 'NONE',  ( -1.151990289617116359, 10.56567019060781654, 46.40901917454667114 ) ) ;
#6027 = CARTESIAN_POINT ( 'NONE',  ( -3.018902032778487676, 9.068323279029032236, 50.26334143710873548 ) ) ;
#6028 = CARTESIAN_POINT ( 'NONE',  ( 5.306680935459986870, 7.419820706969606938, 48.97033404693005565 ) ) ;
#6029 = VECTOR ( 'NONE', #2978, 39.37007874015748143 ) ;
#6030 = CARTESIAN_POINT ( 'NONE',  ( -4.198653641457621433, 3.705915492615938334, -8.609644471386744158 ) ) ;
#6031 = CARTESIAN_POINT ( 'NONE',  ( 5.443403828961035806, 2.560878456371598055, 45.95000218842594109 ) ) ;
#6032 = CARTESIAN_POINT ( 'NONE',  ( 0.000000000000000000, 8.556791476880691860, -4.964073944843031327 ) ) ;
#6033 = CARTESIAN_POINT ( 'NONE',  ( 1.784659329692809493, 8.276551649071592465, -4.192226694808312892 ) ) ;
#6034 = CARTESIAN_POINT ( 'NONE',  ( 4.688309069892110159, 8.050724677175093547, 24.06854996959529558 ) ) ;
#6035 = CIRCLE ( 'NONE', #2989, 0.09999999999999947820 ) ;
#6036 = CARTESIAN_POINT ( 'NONE',  ( 5.424668244811073237, 2.123311617632454240, -5.130515853583201391 ) ) ;
#6037 = CARTESIAN_POINT ( 'NONE',  ( -0.3661989533468469893, 6.910567925261344335, -10.03099033897640524 ) ) ;
#6038 = CARTESIAN_POINT ( 'NONE',  ( -0.2292629117499084546, 9.463830448113586868, -0.1912748577219517132 ) ) ;
#6039 = CARTESIAN_POINT ( 'NONE',  ( 0.6472638675270260267, 10.43502762507890580, 50.92103591231763460 ) ) ;
#6040 = CARTESIAN_POINT ( 'NONE',  ( 4.384039658284627272, 8.471770496967749864, 49.93417259094444915 ) ) ;
#6041 = CARTESIAN_POINT ( 'NONE',  ( -5.232705840841512135, 6.173915573452122274, 33.64148135487593549 ) ) ;
#6042 = CARTESIAN_POINT ( 'NONE',  ( 5.789752037389463091, 4.651186677673159409, 50.41520500308244124 ) ) ;
#6043 = CARTESIAN_POINT ( 'NONE',  ( -5.500070824999731656, 2.086676173739526519, 18.26040183518843918 ) ) ;
#6044 = CARTESIAN_POINT ( 'NONE',  ( 0.6814025605534075325, 10.00303328495734689, 50.95540067381245564 ) ) ;
#6045 = CARTESIAN_POINT ( 'NONE',  ( 0.7516688774284037144, 9.739427435906705455, 2.021558182788083080 ) ) ;
#6046 = CARTESIAN_POINT ( 'NONE',  ( 5.895500890231907043, 1.758841957718551896, 50.94539554951192883 ) ) ;
#6047 = CARTESIAN_POINT ( 'NONE',  ( 2.466359553098150581, 2.120726054492001911, 57.22962935510457072 ) ) ;
#6048 = CARTESIAN_POINT ( 'NONE',  ( 0.1368163912130727911, 10.50867682804889824, 50.91298237648813085 ) ) ;
#6049 = CARTESIAN_POINT ( 'NONE',  ( 0.001024647105714054972, 10.62503143479990086, 50.20225527729282078 ) ) ;
#6050 = CARTESIAN_POINT ( 'NONE',  ( -2.168783431960322972, 8.981348171550163073, -0.5947572545881928407 ) ) ;
#6051 = CARTESIAN_POINT ( 'NONE',  ( 3.409386114915971877, 10.19948101494664350, 46.15127887081223435 ) ) ;
#6052 = CARTESIAN_POINT ( 'NONE',  ( -1.462434383211648364E-15, 1.562500000000000000, -14.99999999999999822 ) ) ;
#6053 = CARTESIAN_POINT ( 'NONE',  ( -5.358660983823219759, 3.362738146947354068, -1.880788759410557676 ) ) ;
#6054 = CARTESIAN_POINT ( 'NONE',  ( 0.4601920259110244826, 9.442429205078200383, 52.96324827539260127 ) ) ;
#6055 = CARTESIAN_POINT ( 'NONE',  ( 3.665618195453482997, 7.915076617395806480, -0.6012096584225515850 ) ) ;
#6056 = CARTESIAN_POINT ( 'NONE',  ( 5.907640837883479712, 2.862588193118323243, 50.05901694854127726 ) ) ;
#6057 = CARTESIAN_POINT ( 'NONE',  ( 3.698093528890909809, 3.707447408516737486, -9.953519889150946653 ) ) ;
#6058 = CARTESIAN_POINT ( 'NONE',  ( 0.02006850334298039204, 11.13386850418112850, 45.38642047002087310 ) ) ;
#6059 = CARTESIAN_POINT ( 'NONE',  ( -0.01364395513300451813, 10.62503046277322483, 50.20224208623183415 ) ) ;
#6060 = CARTESIAN_POINT ( 'NONE',  ( -1.598343470668639021, 9.508769546538688999, 51.55083736499967273 ) ) ;
#6061 = CARTESIAN_POINT ( 'NONE',  ( 1.918721541913784856, 10.08863250193105543, 50.53675141670177595 ) ) ;
#6062 = CARTESIAN_POINT ( 'NONE',  ( -3.654814967516676116, 7.003787360570622234, 52.96751048462054001 ) ) ;
#6063 = CARTESIAN_POINT ( 'NONE',  ( -2.098488812743535728E-32, 1.562500000000000000, 57.50000000000000000 ) ) ;
#6064 = CARTESIAN_POINT ( 'NONE',  ( 5.629292227317824526, 3.696802050533058548, 41.45540113598095644 ) ) ;
#6065 = CARTESIAN_POINT ( 'NONE',  ( 0.1939014960293220513, 8.549692585722715066, -4.968234992561537666 ) ) ;
#6066 = CARTESIAN_POINT ( 'NONE',  ( 2.559551618761152891, 8.517959137941714332, -1.799867329564535323 ) ) ;
#6067 = CARTESIAN_POINT ( 'NONE',  ( 1.717867299677601434, 10.34468177688370893, 9.117277974794280482 ) ) ;
#6068 = CARTESIAN_POINT ( 'NONE',  ( 4.765617139959203108, 5.817448318015300046, -1.226768554013004442 ) ) ;
#6069 = CARTESIAN_POINT ( 'NONE',  ( 0.003234014845625008718, 10.92939535451136202, 47.78923934582713429 ) ) ;
#6070 = CARTESIAN_POINT ( 'NONE',  ( -0.4991989268253528289, 5.398769706371402854, -13.06205319620081085 ) ) ;
#6071 = CARTESIAN_POINT ( 'NONE',  ( -1.816725181851744919, 6.637244446735989456, -8.653830459093361682 ) ) ;
#6072 = ORIENTED_EDGE ( 'NONE', *, *, #7227, .F. ) ;
#6073 = CARTESIAN_POINT ( 'NONE',  ( 5.641646275658914966, 7.811800500516794088, 44.47598681089495898 ) ) ;
#6074 = CARTESIAN_POINT ( 'NONE',  ( -5.335768084479598272, 5.159649355110182967, 28.18669224270740514 ) ) ;
#6075 = CARTESIAN_POINT ( 'NONE',  ( 9.499959122050778859, 0.1805908214217741559, 41.45540113598099197 ) ) ;
#6076 = CARTESIAN_POINT ( 'NONE',  ( 0.02524023209808541612, 10.25817267237068187, 49.94329331220928481 ) ) ;
#6077 = CARTESIAN_POINT ( 'NONE',  ( 0.7335964703033389656, 3.728475177734627888, 57.28453136477524765 ) ) ;
#6078 = CARTESIAN_POINT ( 'NONE',  ( 4.649003742914080917, 7.835072240559630252, 7.848451482043651062 ) ) ;
#6079 = CARTESIAN_POINT ( 'NONE',  ( 5.500126473145946271, 1.857113166509969160, 31.92487724000924132 ) ) ;
#6080 = CARTESIAN_POINT ( 'NONE',  ( -0.5617357321850494634, 10.64418081744677202, 46.41880801601588047 ) ) ;
#6081 = CARTESIAN_POINT ( 'NONE',  ( 0.5565326942064595661, 10.75007513848126450, 48.99252803428736769 ) ) ;
#6082 = CARTESIAN_POINT ( 'NONE',  ( 4.352057671361424518, 8.427263493843817344, 50.14505797031583967 ) ) ;
#6083 = CARTESIAN_POINT ( 'NONE',  ( -5.266637618075342253, 6.044144610929714112, 7.853449664033107958 ) ) ;
#6084 = CARTESIAN_POINT ( 'NONE',  ( 5.955892201004679087, 4.725992127577206325, 48.49342061520966496 ) ) ;
#6085 = CARTESIAN_POINT ( 'NONE',  ( -5.105468789210449110, 1.724406248549015919, -7.611892434615462832 ) ) ;
#6086 = CARTESIAN_POINT ( 'NONE',  ( 4.716639527578130320, 6.689957502507947851, 50.95540067381246985 ) ) ;
#6087 = CARTESIAN_POINT ( 'NONE',  ( 0.3179608967307649414, 3.972521991266679819, 57.29421995471712137 ) ) ;
#6088 = CARTESIAN_POINT ( 'NONE',  ( 5.901355629608318942, 1.709506410833381951, 41.25828926171352862 ) ) ;
#6089 = CARTESIAN_POINT ( 'NONE',  ( 5.149679582883794460, 3.304115466789644184, 53.11171027362703256 ) ) ;
#6090 = CARTESIAN_POINT ( 'NONE',  ( 0.1662711059151836812, 10.50681805659757018, 50.91332070815529676 ) ) ;
#6091 = CARTESIAN_POINT ( 'NONE',  ( 0.001227107782574158321, 11.00657701931402244, 46.98750698777791968 ) ) ;
#6092 = CARTESIAN_POINT ( 'NONE',  ( -2.247004280776668583, 8.978629099803105973, 51.96968934876042567 ) ) ;
#6093 = CARTESIAN_POINT ( 'NONE',  ( 3.115294709645298532, 10.66523310179831263, 42.15686032395016269 ) ) ;
#6094 = CARTESIAN_POINT ( 'NONE',  ( -4.956466627525635715, 7.357089128244409970, 33.64160192102445279 ) ) ;
#6095 = CARTESIAN_POINT ( 'NONE',  ( -5.231218867111186555, 3.347900698284164811, 52.75984520861769766 ) ) ;
#6096 = CARTESIAN_POINT ( 'NONE',  ( 0.4860397280511873364, 9.695899562366699698, 52.33111347954658754 ) ) ;
#6097 = CARTESIAN_POINT ( 'NONE',  ( 0.8184690986217149078, 3.083008615544550413, -14.99999999999998934 ) ) ;
#6098 = CARTESIAN_POINT ( 'NONE',  ( 5.912420039685381212, 3.355374653717873468, 49.84885577988615069 ) ) ;
#6099 = CARTESIAN_POINT ( 'NONE',  ( 5.375293748688245721, 5.572378185805709983, 20.75050838533367425 ) ) ;
#6100 = CARTESIAN_POINT ( 'NONE',  ( 0.01796350164244530853, 10.73764704130590353, 49.39655128989636523 ) ) ;
#6101 = CARTESIAN_POINT ( 'NONE',  ( -0.03483827290522167885, 10.83561608300930246, 48.59312844329001280 ) ) ;
#6102 = CARTESIAN_POINT ( 'NONE',  ( -1.291642039711598189, 7.438801773396801487, 55.05049617989039490 ) ) ;
#6103 = CARTESIAN_POINT ( 'NONE',  ( 1.845749513158340571, 10.82381462141103867, 46.16899252487569782 ) ) ;
#6104 = CARTESIAN_POINT ( 'NONE',  ( -4.099359895513330798, 8.172956540135865922, 49.94099222031479002 ) ) ;
#6105 = CARTESIAN_POINT ( 'NONE',  ( -0.06418321252788385112, 9.767303892178953006, 52.32286148342303278 ) ) ;
#6106 = CARTESIAN_POINT ( 'NONE',  ( 1.062975627734531692, 10.85084381044248580, 41.45540113598102039 ) ) ;
#6107 = CARTESIAN_POINT ( 'NONE',  ( 0.2312921496761373152, 11.06448651852764797, 28.18488299886923798 ) ) ;
#6108 = CARTESIAN_POINT ( 'NONE',  ( 1.622880116474768375, 5.231676335472388750, 56.37054282102638325 ) ) ;
#6109 = CARTESIAN_POINT ( 'NONE',  ( 1.731108479790629096, 10.70171984927690900, 15.74459014520227385 ) ) ;
#6110 = CARTESIAN_POINT ( 'NONE',  ( 3.526820779695948982, 4.808521367705093752, -8.624373133955621995 ) ) ;
#6111 = CARTESIAN_POINT ( 'NONE',  ( 0.003333228328379804831, 10.62502977613081256, 50.20225717151186018 ) ) ;
#6112 = CARTESIAN_POINT ( 'NONE',  ( -0.8478005396107983760, 8.761378495644693842, -3.569011973920686476 ) ) ;
#6113 = CARTESIAN_POINT ( 'NONE',  ( -3.516749777349930106, 9.228325647670747145, 48.54676282479017857 ) ) ;
#6114 = EDGE_LOOP ( 'NONE', ( #4850, #971, #929, #3716 ) ) ;
#6115 = CARTESIAN_POINT ( 'NONE',  ( 5.509848336647508837, 6.910871933292778380, 48.95981775712297690 ) ) ;
#6116 = CARTESIAN_POINT ( 'NONE',  ( -4.863520810934806704, 4.165578285951966997, -5.091679408210492142 ) ) ;
#6117 = CYLINDRICAL_SURFACE ( 'NONE', #6305, 0.1000000000000005745 ) ;
#6118 = CARTESIAN_POINT ( 'NONE',  ( 0.000000000000000000, 9.002117773658653732, -2.948310329182608491 ) ) ;
#6119 = CARTESIAN_POINT ( 'NONE',  ( 2.030515638671686940, 9.562202248146910222, 50.60506799419389523 ) ) ;
#6120 = CARTESIAN_POINT ( 'NONE',  ( 4.080667499055948610, 6.587079189334819063, 52.72863795811150567 ) ) ;
#6121 = CARTESIAN_POINT ( 'NONE',  ( -2.098488812743535728E-32, 1.562500000000000000, 57.50000000000000000 ) ) ;
#6122 = CARTESIAN_POINT ( 'NONE',  ( 1.007042582262144936, 10.99156345541955204, 46.17569057291967738 ) ) ;
#6123 = CARTESIAN_POINT ( 'NONE',  ( 4.772009497629849051, 9.039660518460006955, 46.12096122173871038 ) ) ;
#6124 = CARTESIAN_POINT ( 'NONE',  ( -0.6268111114911776305, 1.846419005932094626, 57.50000000000001421 ) ) ;
#6125 = CARTESIAN_POINT ( 'NONE',  ( 5.791790405324039881, 4.933702471860186733, 50.09352976470571406 ) ) ;
#6126 = CARTESIAN_POINT ( 'NONE',  ( -5.500311231109480836, 1.878329187493970487, 12.43828435990683445 ) ) ;
#6127 = CARTESIAN_POINT ( 'NONE',  ( -4.087794920604751809E-05, 10.69817607244648627, 45.82425111198669043 ) ) ;
#6128 = CARTESIAN_POINT ( 'NONE',  ( 1.114884999575227020, 10.93304256096877580, 31.92477848208020674 ) ) ;
#6129 = ADVANCED_FACE ( 'NONE', ( #3386 ), #8394, .F. ) ;
#6130 = DIRECTION ( 'NONE',  ( -1.000000000000000000, 0.000000000000000000, 3.450755528294923799E-15 ) ) ;
#6131 = CARTESIAN_POINT ( 'NONE',  ( 5.077948341841493018, 3.584014973227695133, -5.102775535459840306 ) ) ;
#6132 = CARTESIAN_POINT ( 'NONE',  ( 0.1998088109444188520, 11.29008643740989548, 42.19263333379785763 ) ) ;
#6133 = CARTESIAN_POINT ( 'NONE',  ( -1.930504668194326978, 8.202263708943076992, -4.195825494324013860 ) ) ;
#6134 = CARTESIAN_POINT ( 'NONE',  ( 3.230013250517547618, 9.185188332989625337, 50.98192134177084256 ) ) ;
#6135 = CARTESIAN_POINT ( 'NONE',  ( -4.545559098296204859, 6.628678171152563969, 51.62289350773405516 ) ) ;
#6136 = CARTESIAN_POINT ( 'NONE',  ( -5.062260552073142073, 2.696060015906355911, 53.90243381735295713 ) ) ;
#6137 = CARTESIAN_POINT ( 'NONE',  ( 0.4045010064608047240, 7.761289731606520803, -7.656119326230387045 ) ) ;
#6138 = CARTESIAN_POINT ( 'NONE',  ( 2.204649184633665548, 4.677407824061623920, 56.33154076818303935 ) ) ;
#6139 = CARTESIAN_POINT ( 'NONE',  ( 5.902180730287042820, 2.394001558739613067, 50.38418287335598933 ) ) ;
#6140 = CARTESIAN_POINT ( 'NONE',  ( 2.140057878345333897, 2.519920992763408751, 57.24162475217543999 ) ) ;
#6141 = CARTESIAN_POINT ( 'NONE',  ( 0.02064538583311808714, 10.59469249801777835, 50.40454693391836116 ) ) ;
#6142 = CARTESIAN_POINT ( 'NONE',  ( -0.01366937171008230159, 10.63954114063703749, 50.10146235610554299 ) ) ;
#6143 = CARTESIAN_POINT ( 'NONE',  ( -1.915380218031793369, 10.65008468743884151, 15.74432376723974869 ) ) ;
#6144 = CARTESIAN_POINT ( 'NONE',  ( 1.764616475704481546, 10.52786844829735102, 48.59148505253798334 ) ) ;
#6145 = CARTESIAN_POINT ( 'NONE',  ( -3.242288527139092214, 6.547497515862755080, -5.839651666286572507 ) ) ;
#6146 = CARTESIAN_POINT ( 'NONE',  ( -2.098488812743535728E-32, 1.562500000000000000, 57.50000000000000000 ) ) ;
#6147 = CARTESIAN_POINT ( 'NONE',  ( 0.000000000000000000, 10.91363032127727450, 41.45540113587212261 ) ) ;
#6148 = CARTESIAN_POINT ( 'NONE',  ( 0.2952801422671903486, 10.97699059164415125, 37.31600116034424275 ) ) ;
#6149 = CARTESIAN_POINT ( 'NONE',  ( 3.342820187331646320, 9.994598652043379161, 18.26362492037499052 ) ) ;
#6150 = CARTESIAN_POINT ( 'NONE',  ( 1.706272714967887127, 10.79533346070309285, 31.92478371044122198 ) ) ;
#6151 = CARTESIAN_POINT ( 'NONE',  ( 5.079426099153346641, 6.493217629379648415, 28.18636698538817242 ) ) ;
#6152 = CARTESIAN_POINT ( 'NONE',  ( 0.001935303416655008869, 11.31538910713010004, 41.39873747278134175 ) ) ;
#6153 = CARTESIAN_POINT ( 'NONE',  ( -0.8153846195810454667, 7.985810330659077749, -6.558194563593535698 ) ) ;
#6154 = CARTESIAN_POINT ( 'NONE',  ( -2.208720002341830746, 6.307404584795696323, -8.647938994065810903 ) ) ;
#6155 = EDGE_LOOP ( 'NONE', ( #1658, #7625, #1603, #3501 ) ) ;
#6156 = CARTESIAN_POINT ( 'NONE',  ( 5.300563356358954259, 6.726918743517522614, 50.34184359551355925 ) ) ;
#6157 = FACE_BOUND ( 'NONE', #8445, .T. ) ;
#6158 = CARTESIAN_POINT ( 'NONE',  ( 0.000000000000000000, 7.474250815729512887, -8.677396319203579012 ) ) ;
#6159 = CARTESIAN_POINT ( 'NONE',  ( 2.090703072558887765, 9.695706291068445282, 49.94223926366398558 ) ) ;
#6160 = CARTESIAN_POINT ( 'NONE',  ( 2.771323674580859819, 5.025641507053297374, -9.979973213481596162 ) ) ;
#6161 = CARTESIAN_POINT ( 'NONE',  ( -0.06492829521894434575, 2.229596727257776578, 57.50000000000001421 ) ) ;
#6162 = CIRCLE ( 'NONE', #2560, 0.1000000000000000194 ) ;
#6163 = CARTESIAN_POINT ( 'NONE',  ( 0.9124323752352184735, 10.48335332364915473, 50.31210829690016340 ) ) ;
#6164 = CARTESIAN_POINT ( 'NONE',  ( 4.680831681155342316, 8.449191472090388899, 48.98869986738024096 ) ) ;
#6165 = CARTESIAN_POINT ( 'NONE',  ( -4.719181903650361498, 5.289764472504117521, -3.101908432271234251 ) ) ;
#6166 = CARTESIAN_POINT ( 'NONE',  ( 6.051872620599048069, 4.514725974191899915, 41.27904461545153225 ) ) ;
#6167 = CARTESIAN_POINT ( 'NONE',  ( -5.500965014848397949, 1.764617376215954492, -1.260709341633756253 ) ) ;
#6168 = CARTESIAN_POINT ( 'NONE',  ( 5.415286767114628752, 3.842421410300769669, 50.95540067381245564 ) ) ;
#6169 = AXIS2_PLACEMENT_3D ( 'NONE', #5344, #1210, #4530 ) ;
#6170 = CARTESIAN_POINT ( 'NONE',  ( 0.8478005396107983760, 8.761378495644693842, -3.569011973920686476 ) ) ;
#6171 = CARTESIAN_POINT ( 'NONE',  ( 5.899376179160519484, 1.562249730554827298, 50.38253158424979006 ) ) ;
#6172 = CARTESIAN_POINT ( 'NONE',  ( 1.581884580415126917, 2.025425621699049383, -14.99999999999998934 ) ) ;
#6173 = CARTESIAN_POINT ( 'NONE',  ( -0.7249710544341997354, 1.748788614423764542, 57.50000000000001421 ) ) ;
#6174 = CARTESIAN_POINT ( 'NONE',  ( 0.2284095467592781037, 11.17976581035601491, 44.58436213526952230 ) ) ;
#6175 = CARTESIAN_POINT ( 'NONE',  ( -1.508532612143198337, 6.871303910031847373, -8.658249057864043863 ) ) ;
#6176 = CARTESIAN_POINT ( 'NONE',  ( 3.745760001613692936, 9.093183526709745834, 50.04079687370773399 ) ) ;
#6177 = CARTESIAN_POINT ( 'NONE',  ( -4.761586210524802354, 6.816256162509752414, 2.064582709070180488 ) ) ;
#6178 = CARTESIAN_POINT ( 'NONE',  ( 5.941722688265788754, 6.698185708108165493, 42.07838460270981784 ) ) ;
#6179 = CARTESIAN_POINT ( 'NONE',  ( -3.920175305254420373, 2.293164438744901723, 56.18528307002060274 ) ) ;
#6180 = CARTESIAN_POINT ( 'NONE',  ( 0.4745270523050530431, 7.949590882792112900, -6.993378377782283550 ) ) ;
#6181 = CARTESIAN_POINT ( 'NONE',  ( 2.851438401361048314, 6.007992240162375985, 54.96087169358122537 ) ) ;
#6182 = CARTESIAN_POINT ( 'NONE',  ( 5.978657894009973717, 2.787247319228379983, 43.60839573572919647 ) ) ;
#6183 = CARTESIAN_POINT ( 'NONE',  ( 5.379330685518445954, 4.763221086101485646, 4.143207920915377152 ) ) ;
#6184 = CARTESIAN_POINT ( 'NONE',  ( 0.05471916670451721504, 10.92905455411464999, 47.78857723083503828 ) ) ;
#6185 = CARTESIAN_POINT ( 'NONE',  ( -0.04178161828507352682, 11.29310513203986943, 42.19542567158313773 ) ) ;
#6186 = CARTESIAN_POINT ( 'NONE',  ( -0.3774934783323642407, 3.531549667589399810, -14.99999999999999822 ) ) ;
#6187 = CARTESIAN_POINT ( 'NONE',  ( 2.213752692346365958, 10.11573490204920311, 49.82013099145953561 ) ) ;
#6188 = CARTESIAN_POINT ( 'NONE',  ( -3.325743346883555329, 6.437287308304767919, 54.03196492951534680 ) ) ;
#6189 = ORIENTED_EDGE ( 'NONE', *, *, #2515, .T. ) ;
#6190 = CARTESIAN_POINT ( 'NONE',  ( 5.647133004596827099, 2.611486588432053058, 41.45540113598099197 ) ) ;
#6191 = CARTESIAN_POINT ( 'NONE',  ( 0.2052984532049105804, 9.871047723658618267, 51.92872792672064008 ) ) ;
#6192 = CARTESIAN_POINT ( 'NONE',  ( 1.247244028415191108, 4.758863292437722770, -13.04039496573618884 ) ) ;
#6193 = CARTESIAN_POINT ( 'NONE',  ( 5.195834773169107912, 6.599022409896278418, 34.88793891262954361 ) ) ;
#6194 = CARTESIAN_POINT ( 'NONE',  ( 0.004027312661455085055, 10.83561873379605522, 48.59271131333407112 ) ) ;
#6195 = CARTESIAN_POINT ( 'NONE',  ( -1.351984765224484741, 10.87456986471852538, 34.88705850567490785 ) ) ;
#6196 = CARTESIAN_POINT ( 'NONE',  ( -3.031871934076019848, 8.372101564335750368, 51.98777621044035868 ) ) ;
#6197 = EDGE_LOOP ( 'NONE', ( #330, #7234 ) ) ;
#6198 = CARTESIAN_POINT ( 'NONE',  ( 5.766603541111290809, 6.979034374024064569, 46.88345372183764681 ) ) ;
#6199 = DIRECTION ( 'NONE',  ( 0.000000000000000000, 0.000000000000000000, -1.000000000000000000 ) ) ;
#6200 = CARTESIAN_POINT ( 'NONE',  ( 0.000000000000000000, 9.413373376133046477, -0.5871316864203132146 ) ) ;
#6201 = CARTESIAN_POINT ( 'NONE',  ( 1.304948746438071794, 5.494319871162831603, 56.38841876191274594 ) ) ;
#6202 = CARTESIAN_POINT ( 'NONE',  ( 4.920870739249258108, 7.808243156552637565, 36.12878386800122144 ) ) ;
#6203 = CARTESIAN_POINT ( 'NONE',  ( -0.4582608645815134385, 8.840091102100030795, -3.559273932523994599 ) ) ;
#6204 = CARTESIAN_POINT ( 'NONE',  ( 0.9242859581524704993, 10.54805112214491025, 49.90537351112475051 ) ) ;
#6205 = CARTESIAN_POINT ( 'NONE',  ( 4.896954287573682230, 8.746979221135971372, 46.92593836337231039 ) ) ;
#6206 = CARTESIAN_POINT ( 'NONE',  ( -1.462434383211648364E-15, 1.562500000000000000, -14.99999999999999822 ) ) ;
#6207 = CARTESIAN_POINT ( 'NONE',  ( 5.908723919062116359, 4.423471640557766982, 49.33062200147401200 ) ) ;
#6208 = CARTESIAN_POINT ( 'NONE',  ( -5.498754525705059848, 1.755322927465993610, 4.168259116749158721 ) ) ;
#6209 = CARTESIAN_POINT ( 'NONE',  ( 1.516941285506862691, 9.710551244044555830, 50.95540067381244853 ) ) ;
#6210 = CARTESIAN_POINT ( 'NONE',  ( 0.8579955248833637249, 9.122482963828973723, -1.777797848697439287 ) ) ;
#6211 = CARTESIAN_POINT ( 'NONE',  ( 5.893494473194397898, 1.561862208391379347, 51.06113714045048368 ) ) ;
#6212 = CARTESIAN_POINT ( 'NONE',  ( 5.514184492375941105, 3.642411538394236814, 15.73207038096549759 ) ) ;
#6213 = CARTESIAN_POINT ( 'NONE',  ( -5.605663934301495566, 4.041874870535521858, 39.73723664521441634 ) ) ;
#6214 = CARTESIAN_POINT ( 'NONE',  ( 0.1991402389984395782, 10.58730974899355637, 50.40545682079238077 ) ) ;
#6215 = CARTESIAN_POINT ( 'NONE',  ( -2.444280365172795122, 9.060800659396347712, 0.4111271058506154596 ) ) ;
#6216 = CARTESIAN_POINT ( 'NONE',  ( 3.959372313042693659, 10.14964009252563670, 41.34890845346439647 ) ) ;
#6217 = CARTESIAN_POINT ( 'NONE',  ( -4.162385134783068708, 6.209110430014047388, 52.96855429096216028 ) ) ;
#6218 = CARTESIAN_POINT ( 'NONE',  ( 5.690923294303533275, 5.608817264053948648, 49.99836354917916026 ) ) ;
#6219 = CARTESIAN_POINT ( 'NONE',  ( -2.572813901684777527, 1.958991454639971375, 57.22501574084637355 ) ) ;
#6220 = CARTESIAN_POINT ( 'NONE',  ( 0.5376830147626758816, 11.06327632428196495, 24.06581602530383890 ) ) ;
#6221 = CARTESIAN_POINT ( 'NONE',  ( 3.809884699248607287, 7.773777870999745154, 51.59887479348930839 ) ) ;
#6222 = CARTESIAN_POINT ( 'NONE',  ( 5.953434001350707661, 2.558759301145020704, 45.98768861988469325 ) ) ;
#6223 = CARTESIAN_POINT ( 'NONE',  ( 4.983080091332232620, 4.453150155207318051, 52.74977835361561063 ) ) ;
#6224 = CARTESIAN_POINT ( 'NONE',  ( 0.03688372036588137559, 10.73751452248430915, 49.39645494716926777 ) ) ;
#6225 = CARTESIAN_POINT ( 'NONE',  ( -0.001301900015518238102, 10.57936988087885055, 50.50570603799386049 ) ) ;
#6226 = CARTESIAN_POINT ( 'NONE',  ( -1.556439218761858090, 9.389979014225501075, 51.95585821924053249 ) ) ;
#6227 = CARTESIAN_POINT ( 'NONE',  ( 2.655380035504531833, 10.55710059199688011, 46.16137910922342513 ) ) ;
#6228 = CARTESIAN_POINT ( 'NONE',  ( -3.049119639665958559, 6.235987982183430312, -6.993498216896592012 ) ) ;
#6229 = CARTESIAN_POINT ( 'NONE',  ( 0.000000000000000000, 4.057590717257642865, 57.30252446038161906 ) ) ;
#6230 = CARTESIAN_POINT ( 'NONE',  ( -0.1436483001567616935, 10.06624434048709205, 51.11282538779958884 ) ) ;
#6231 = DIRECTION ( 'NONE',  ( 0.000000000000000000, 0.000000000000000000, -1.000000000000000000 ) ) ;
#6232 = CARTESIAN_POINT ( 'NONE',  ( 2.098488812743535728E-32, 1.562500000000000000, 57.50000000000000000 ) ) ;
#6233 = CARTESIAN_POINT ( 'NONE',  ( 3.654111106957607991, 9.759630681009754838, 36.12940915164784883 ) ) ;
#6234 = CARTESIAN_POINT ( 'NONE',  ( 4.226457511898873420, 5.138094042909438386, -5.858569861999265882 ) ) ;
#6235 = CARTESIAN_POINT ( 'NONE',  ( 0.005334969808549974539, 11.13390496955032738, 45.38664870478153546 ) ) ;
#6236 = CARTESIAN_POINT ( 'NONE',  ( 1.462434383211648364E-15, 1.562500000000000000, -14.99999999999999822 ) ) ;
#6237 = CARTESIAN_POINT ( 'NONE',  ( -1.131966917720071963, 9.695315035698078177, 2.024525391497193016 ) ) ;
#6238 = CARTESIAN_POINT ( 'NONE',  ( -3.533542353538960956, 9.475967058185341685, 10.78515069180127384 ) ) ;
#6239 = VERTEX_POINT ( 'NONE', #7174 ) ;
#6240 = CARTESIAN_POINT ( 'NONE',  ( 5.203429749109529823, 6.644509065980805929, 50.88296144945790189 ) ) ;
#6241 = CARTESIAN_POINT ( 'NONE',  ( 6.048341386961756605, 5.476616633581116389, 41.45540113598097065 ) ) ;
#6242 = CARTESIAN_POINT ( 'NONE',  ( 1.462434383211648364E-15, 1.562500000000000000, -14.99999999999999822 ) ) ;
#6243 = CARTESIAN_POINT ( 'NONE',  ( 2.799143954861853079, 10.41968909528445231, 39.78250844033114220 ) ) ;
#6244 = CARTESIAN_POINT ( 'NONE',  ( 4.225230007038613955, 6.547283359588772278, -2.457744048123299496 ) ) ;
#6245 = CARTESIAN_POINT ( 'NONE',  ( -0.4443611083695648833, 9.188838815002645433, -1.772280478480669164 ) ) ;
#6246 = CARTESIAN_POINT ( 'NONE',  ( 1.035819199526017975, 11.15789616536653206, 43.77710669009461952 ) ) ;
#6247 = CARTESIAN_POINT ( 'NONE',  ( 4.544479485041428291, 8.478482003280822354, 49.40771170011561964 ) ) ;
#6248 = CARTESIAN_POINT ( 'NONE',  ( -4.499640218426753435, 4.425541508614837305, 53.95794715113699169 ) ) ;
#6249 = CARTESIAN_POINT ( 'NONE',  ( 5.873711474312461434, 4.410139423977736506, 49.76008046508140126 ) ) ;
#6250 = FACE_BOUND ( 'NONE', #2174, .T. ) ;
#6251 = CARTESIAN_POINT ( 'NONE',  ( 1.433450084005459146E-12, 10.53102290666638474, 50.80616569476130451 ) ) ;
#6252 = CARTESIAN_POINT ( 'NONE',  ( 1.401902167902815854, 10.61890833836671000, 12.45229336187473734 ) ) ;
#6253 = CARTESIAN_POINT ( 'NONE',  ( -4.087794919278357167E-05, 10.49036719615494562, 49.66803607791002406 ) ) ;
#6254 = CARTESIAN_POINT ( 'NONE',  ( 5.504760594853113531, 2.843964503317489623, 50.27853859027634797 ) ) ;
#6255 = CARTESIAN_POINT ( 'NONE',  ( -5.494584482589734975, 4.147000445175185845, 9.123449079291606978 ) ) ;
#6256 = CARTESIAN_POINT ( 'NONE',  ( 0.2028071243695464820, 10.67528016960351955, 49.79918491343432407 ) ) ;
#6257 = CARTESIAN_POINT ( 'NONE',  ( -2.430619681381031238, 8.664940532882472013, 52.36549679672820190 ) ) ;
#6258 = CARTESIAN_POINT ( 'NONE',  ( 3.758951102922997833, 9.116478746539371514, 49.93625681572041231 ) ) ;
#6259 = CARTESIAN_POINT ( 'NONE',  ( -4.167665934787560644, 5.954670111350996109, -4.271400284153662241 ) ) ;
#6260 = CARTESIAN_POINT ( 'NONE',  ( 5.534712425325390761, 5.658792784642445284, 50.87045814219392526 ) ) ;
#6261 = CARTESIAN_POINT ( 'NONE',  ( -5.157766859219147015, 2.118514642760201738, 53.88392937275864369 ) ) ;
#6262 = CARTESIAN_POINT ( 'NONE',  ( 0.6694474208156018236, 10.97167168690142702, 34.88695910488974761 ) ) ;
#6263 = CARTESIAN_POINT ( 'NONE',  ( 3.325743346883555329, 6.437287308304767919, 54.03196492951534680 ) ) ;
#6264 = CARTESIAN_POINT ( 'NONE',  ( 5.899360842827961804, 2.626912746039355984, 50.49701861228064814 ) ) ;
#6265 = CARTESIAN_POINT ( 'NONE',  ( 5.126489734176467472, 4.461132546274002131, -1.866075772165823876 ) ) ;
#6266 = CARTESIAN_POINT ( 'NONE',  ( 0.06011726501648488596, 11.26332738682857659, 42.99102279373433788 ) ) ;
#6267 = CARTESIAN_POINT ( 'NONE',  ( -0.0008444325512280668761, 10.59477586856711007, 50.40448370464240213 ) ) ;
#6268 = CARTESIAN_POINT ( 'NONE',  ( -1.858280446334320768, 9.279540911574203577, 0.4098883108699040156 ) ) ;
#6269 = CARTESIAN_POINT ( 'NONE',  ( 2.315072582973390247, 9.997161168272027609, 50.13056844088161057 ) ) ;
#6270 = CARTESIAN_POINT ( 'NONE',  ( -4.277067215034390912, 7.755029191105494490, 2.055681082942846682 ) ) ;
#6271 = ORIENTED_EDGE ( 'NONE', *, *, #3155, .F. ) ;
#6272 = CARTESIAN_POINT ( 'NONE',  ( -5.462196009048801315, 4.352566886923575851, 49.93903258076585416 ) ) ;
#6273 = CARTESIAN_POINT ( 'NONE',  ( -0.1515963528075060240, 10.00537936277841133, 4.075569692164187074 ) ) ;
#6274 = DIRECTION ( 'NONE',  ( -0.000000000000000000, -0.000000000000000000, 1.000000000000000000 ) ) ;
#6275 = CARTESIAN_POINT ( 'NONE',  ( 0.2494512303370277351, 9.405744951675366394, 53.14721997643627560 ) ) ;
#6276 = CARTESIAN_POINT ( 'NONE',  ( 1.111257180547016610, 3.453793570501304533, 57.27484277483330288 ) ) ;
#6277 = CARTESIAN_POINT ( 'NONE',  ( 5.510403339544126311, 6.296248735282283349, 39.74992967188281057 ) ) ;
#6278 = CARTESIAN_POINT ( 'NONE',  ( 0.005835982163497043136, 10.57936411945269839, 50.50573358518630585 ) ) ;
#6279 = CARTESIAN_POINT ( 'NONE',  ( 4.943010643116644509, 1.562500000000008216, 54.73382299493155756 ) ) ;
#6280 = CARTESIAN_POINT ( 'NONE',  ( -1.248878266679295024, 9.256320652054609965, -0.5918243437543926344 ) ) ;
#6281 = ADVANCED_BREP_SHAPE_REPRESENTATION ( 'Shell_Right_2', ( #1119, #7295 ), #7716 ) ;
#6282 = CARTESIAN_POINT ( 'NONE',  ( -3.639241259910104276, 9.742259149905676097, 18.26348060312792754 ) ) ;
#6283 = EDGE_LOOP ( 'NONE', ( #8191, #4070, #1100, #2424 ) ) ;
#6284 = CARTESIAN_POINT ( 'NONE',  ( 5.807644475949205187, 7.027445214451340405, 46.07289618724927038 ) ) ;
#6285 = CARTESIAN_POINT ( 'NONE',  ( 4.379220342845139946, 9.795260131519317071, 41.45540113598099907 ) ) ;
#6286 = CARTESIAN_POINT ( 'NONE',  ( 0.06418321252788385112, 9.767303892178953006, 52.32286148342303278 ) ) ;
#6287 = CARTESIAN_POINT ( 'NONE',  ( 1.679899199817567412, 7.404133327122240260, -6.993428976519438400 ) ) ;
#6288 = CARTESIAN_POINT ( 'NONE',  ( 4.109838804658489053, 6.142070430144432436, 53.12479279571458335 ) ) ;
#6289 = CARTESIAN_POINT ( 'NONE',  ( -0.7583899815702273006, 10.98627986160334125, 31.92477528697082789 ) ) ;
#6290 = CARTESIAN_POINT ( 'NONE',  ( 1.184673803389424629, 11.18115954534938616, 42.97800736310408354 ) ) ;
#6291 = CARTESIAN_POINT ( 'NONE',  ( 4.858275880014655712, 9.238593841532988904, 41.32947521081257491 ) ) ;
#6292 = CARTESIAN_POINT ( 'NONE',  ( -5.267143295922320334, 5.474453566583733277, 50.27293963910923935 ) ) ;
#6293 = CARTESIAN_POINT ( 'NONE',  ( 5.647133004596827099, 2.611486588432053058, 41.75540113598098912 ) ) ;
#6294 = CYLINDRICAL_SURFACE ( 'NONE', #2295, 0.1000000000000005745 ) ;
#6295 = VECTOR ( 'NONE', #2998, 39.37007874015748143 ) ;
#6296 = CARTESIAN_POINT ( 'NONE',  ( 5.899723124375523042, 1.563350767354579007, 48.43530799640447526 ) ) ;
#6297 = CARTESIAN_POINT ( 'NONE',  ( 5.513066351682979871, 2.997295676390585140, 9.124352167754638643 ) ) ;
#6298 = CARTESIAN_POINT ( 'NONE',  ( -5.408225639275548779, 3.951715834107879743, 2.088320378743061312 ) ) ;
#6299 = CARTESIAN_POINT ( 'NONE',  ( 0.2702601350555065007, 11.31030186761364753, 41.39612526343262289 ) ) ;
#6300 = CARTESIAN_POINT ( 'NONE',  ( -2.678967920008552994, 9.192231206062414728, 50.60915771940292984 ) ) ;
#6301 = CARTESIAN_POINT ( 'NONE',  ( 3.659591871950352182, 9.471525797837394123, 49.00110806321497137 ) ) ;
#6302 = CARTESIAN_POINT ( 'NONE',  ( -5.091113224225995104, 6.821063451885812867, 9.121341872877897217 ) ) ;
#6303 = CARTESIAN_POINT ( 'NONE',  ( 6.026343640931304257, 6.234640420956336193, 42.85976298709429244 ) ) ;
#6304 = CARTESIAN_POINT ( 'NONE',  ( -5.496393137635974036, 3.053064914231428784, 33.64115984514670998 ) ) ;
#6305 = AXIS2_PLACEMENT_3D ( 'NONE', #4027, #757, #3504 ) ;
#6306 = CARTESIAN_POINT ( 'NONE',  ( 0.6404792971329980045, 9.981441441597867836, 51.11957531018689593 ) ) ;
#6307 = CARTESIAN_POINT ( 'NONE',  ( 2.334496876449032143, 4.539871254393974986, 56.32179025497218561 ) ) ;
#6308 = CARTESIAN_POINT ( 'NONE',  ( 5.967667221390579257, 2.821869632647680426, 46.79817447590900059 ) ) ;
#6309 = CARTESIAN_POINT ( 'NONE',  ( 5.379688120771027648, 5.323163385744956067, 24.07020065294121025 ) ) ;
#6310 = CARTESIAN_POINT ( 'NONE',  ( 0.04216738569364073680, 11.22370415423224799, 43.78916583145279162 ) ) ;
#6311 = CARTESIAN_POINT ( 'NONE',  ( -0.007339105184945465474, 10.73769535631606864, 49.39669301513295352 ) ) ;
#6312 = CARTESIAN_POINT ( 'NONE',  ( -2.069217658569844520, 10.36166019253586157, 10.78634925481563656 ) ) ;
#6313 = CARTESIAN_POINT ( 'NONE',  ( 2.322932293452418140, 10.01835087971188187, 50.02745953782279287 ) ) ;
#6314 = CARTESIAN_POINT ( 'NONE',  ( -5.045018113782220759, 8.330090734265651164, 42.61178167577030251 ) ) ;
#6315 = ORIENTED_EDGE ( 'NONE', *, *, #7926, .F. ) ;
#6316 = CARTESIAN_POINT ( 'NONE',  ( -5.418871621568235319, 4.377111756248988073, 4.146214064415437051 ) ) ;
#6317 = CARTESIAN_POINT ( 'NONE',  ( -4.087794919278357167E-05, 10.49036719615494562, 49.66803607791002406 ) ) ;
#6318 = CARTESIAN_POINT ( 'NONE',  ( 0.3139941624187180813, 11.06119363703284897, 28.18490332745168203 ) ) ;
#6319 = CARTESIAN_POINT ( 'NONE',  ( 2.785389322407247903, 7.861140609151474834, 53.13460468728021624 ) ) ;
#6320 = CARTESIAN_POINT ( 'NONE',  ( 4.928233083995357866, 5.555573068529978009, -0.6105949730907123119 ) ) ;
#6321 = CARTESIAN_POINT ( 'NONE',  ( 0.007521678378684309996, 11.29310983002503299, 42.19482385634052690 ) ) ;
#6322 = CARTESIAN_POINT ( 'NONE',  ( 5.499945153853921020, 1.562499999999995781, -1.905800837726598251 ) ) ;
#6323 = CARTESIAN_POINT ( 'NONE',  ( -1.574356516597809952, 10.59106324887910944, 12.45204170315676073 ) ) ;
#6324 = CARTESIAN_POINT ( 'NONE',  ( -2.957330370799370556, 7.181359974739448759, -5.025102644714440459 ) ) ;
#6325 = ORIENTED_EDGE ( 'NONE', *, *, #3252, .T. ) ;
#6326 = CARTESIAN_POINT ( 'NONE',  ( 5.637575451126402903, 6.515218993164238803, 48.95132649997901098 ) ) ;
#6327 = CARTESIAN_POINT ( 'NONE',  ( 5.230711942348080790, 8.688323756788205898, 41.45540113598097065 ) ) ;
#6328 = CARTESIAN_POINT ( 'NONE',  ( 0.02287873746470897585, 8.002448640152685755, -6.993360623839418366 ) ) ;
#6329 = CARTESIAN_POINT ( 'NONE',  ( 2.379701356418824965, 10.03024989831149405, 7.839954572661529397 ) ) ;
#6330 = CARTESIAN_POINT ( 'NONE',  ( 4.086755852305113734, 6.332809370886036682, -3.670287604446340168 ) ) ;
#6331 = CARTESIAN_POINT ( 'NONE',  ( -0.5582102693088503154, 8.823189371202664333, -3.561870743563113173 ) ) ;
#6332 = ADVANCED_FACE ( 'NONE', ( #2056 ), #1252, .F. ) ;
#6333 = CARTESIAN_POINT ( 'NONE',  ( 4.442834106156887231, 8.137648342528343903, 50.56885859915319514 ) ) ;
#6334 = CARTESIAN_POINT ( 'NONE',  ( -4.706482924944467072, 5.033533833840056815, 52.96994603275094704 ) ) ;
#6335 = CARTESIAN_POINT ( 'NONE',  ( -5.218070461787740477, 1.562500000000001776, -6.993700611845213189 ) ) ;
#6336 = PLANE ( 'NONE',  #1472 ) ;
#6337 = CARTESIAN_POINT ( 'NONE',  ( 5.863973530252012623, 3.418979808612265803, 50.75564093052108916 ) ) ;
#6338 = CARTESIAN_POINT ( 'NONE',  ( 5.488321744357584464, 3.201014578917539044, 31.92486562142939022 ) ) ;
#6339 = CARTESIAN_POINT ( 'NONE',  ( -0.4758134171346524166, 10.98654020090057237, 34.88693070466541712 ) ) ;
#6340 = CARTESIAN_POINT ( 'NONE',  ( 0.2730216508071985348, 10.82600568042261990, 48.59068959127756671 ) ) ;
#6341 = CARTESIAN_POINT ( 'NONE',  ( -2.098488812743535728E-32, 1.562500000000000000, 57.50000000000000000 ) ) ;
#6342 = CARTESIAN_POINT ( 'NONE',  ( 3.908611741407005180, 9.384590198543730111, 48.58761321052353566 ) ) ;
#6343 = CARTESIAN_POINT ( 'NONE',  ( -4.260563725710177607, 5.864862756297585911, 53.12339109691937722 ) ) ;
#6344 = CARTESIAN_POINT ( 'NONE',  ( 5.548138021177461354, 5.520698962777990992, 50.97843768463462055 ) ) ;
#6345 = CARTESIAN_POINT ( 'NONE',  ( -5.490907134425873970, 3.975476605400943608, 24.07123233003230212 ) ) ;
#6346 = CARTESIAN_POINT ( 'NONE',  ( 0.6229947513054784336, 9.892505519575447437, 51.53332371919616151 ) ) ;
#6347 = CARTESIAN_POINT ( 'NONE',  ( 4.601627589654631478, 8.529374937182867100, 36.12899229588336425 ) ) ;
#6348 = CARTESIAN_POINT ( 'NONE',  ( 5.896633399888542293, 1.964839644600077984, 50.83107865410257631 ) ) ;
#6349 = CARTESIAN_POINT ( 'NONE',  ( 0.7015501518557797356, 1.774102304361882432, 57.50000000000000711 ) ) ;
#6350 = CARTESIAN_POINT ( 'NONE',  ( -0.2727242906690224844, 7.984935161789102231, -6.993370388507996083 ) ) ;
#6351 = CARTESIAN_POINT ( 'NONE',  ( 0.07206943561149566080, 11.00599088443560269, 46.98648689708056025 ) ) ;
#6352 = CARTESIAN_POINT ( 'NONE',  ( -0.0009198162010422116907, 10.68212543357912203, 49.79928307320825809 ) ) ;
#6353 = CARTESIAN_POINT ( 'NONE',  ( -1.462434383211648364E-15, 1.562500000000000000, -14.99999999999999822 ) ) ;
#6354 = CARTESIAN_POINT ( 'NONE',  ( 2.418589568725340921, 9.892858022556978881, 50.33918632591886677 ) ) ;
#6355 = CARTESIAN_POINT ( 'NONE',  ( -3.663410577290288739, 6.713463169022602983, -4.249807487059486633 ) ) ;
#6356 = CARTESIAN_POINT ( 'NONE',  ( 0.000000000000000000, 10.85456328801900305, 15.74698754686461832 ) ) ;
#6357 = CARTESIAN_POINT ( 'NONE',  ( -5.377730810479663504, 4.862513648424712898, 28.18677355703713516 ) ) ;
#6358 = CARTESIAN_POINT ( 'NONE',  ( -0.1358698774733500536, 7.468003638095483510, -8.675923452946696202 ) ) ;
#6359 = LINE ( 'NONE', #1050, #1066 ) ;
#6360 = CARTESIAN_POINT ( 'NONE',  ( 0.2721106767461354825, 8.113997151054856971, -6.555991368926506802 ) ) ;
#6361 = CARTESIAN_POINT ( 'NONE',  ( 2.597403565058320041, 7.780868411794390482, -4.213819491902509817 ) ) ;
#6362 = CARTESIAN_POINT ( 'NONE',  ( 5.383206389739665809, 6.244201128042084825, 37.30169780949110248 ) ) ;
#6363 = CARTESIAN_POINT ( 'NONE',  ( 0.005328457906143032122, 11.18404794384040635, 44.58762630569397345 ) ) ;
#6364 = CARTESIAN_POINT ( 'NONE',  ( 5.500031876715590684, 1.562500000000005329, -1.262543978802445510 ) ) ;
#6365 = CARTESIAN_POINT ( 'NONE',  ( -1.260149913261020993, 9.322125087741897076, -0.1923359312941682886 ) ) ;
#6366 = CARTESIAN_POINT ( 'NONE',  ( -0.3915087449949255505, 2.036097087037773257, 57.50000000000001421 ) ) ;
#6367 = VERTEX_POINT ( 'NONE', #7335 ) ;
#6368 = CARTESIAN_POINT ( 'NONE',  ( 5.418900373650372693, 6.340903329427771240, 50.44437257043257716 ) ) ;
#6369 = CARTESIAN_POINT ( 'NONE',  ( 1.392546338324746946, 11.20949664092605680, 41.45540113598099907 ) ) ;
#6370 = CARTESIAN_POINT ( 'NONE',  ( 0.09974434535735575424, 10.95756560157603055, 39.80006712722220641 ) ) ;
#6371 = CARTESIAN_POINT ( 'NONE',  ( 2.135253333308920087, 8.870067714990524266, -1.192369107100080372 ) ) ;
#6372 = CARTESIAN_POINT ( 'NONE',  ( 4.049407864763852061, 6.061991211445825201, 53.30385303325308399 ) ) ;
#6373 = CARTESIAN_POINT ( 'NONE',  ( -0.5557534636382881477, 7.725920541767965055, -7.655254554606630180 ) ) ;
#6374 = CARTESIAN_POINT ( 'NONE',  ( 4.685272324732077998, 7.853168554632970810, 50.46129838534110945 ) ) ;
#6375 = CARTESIAN_POINT ( 'NONE',  ( -5.282017097723314514, 5.829548302312132613, 24.06978798210476000 ) ) ;
#6376 = CARTESIAN_POINT ( 'NONE',  ( -5.479280429146417219, 1.562499999999998668, -4.379364269624596240 ) ) ;
#6377 = CARTESIAN_POINT ( 'NONE',  ( 0.9849123599614978408, 10.34111469402850503, 50.95540067381246985 ) ) ;
#6378 = CARTESIAN_POINT ( 'NONE',  ( 4.049516634318123920, 1.927439295510642747, 56.16578204359921500 ) ) ;
#6379 = CARTESIAN_POINT ( 'NONE',  ( -0.3635613852831707793, 11.07894570722480942, 24.06571285759472900 ) ) ;
#6380 = CARTESIAN_POINT ( 'NONE',  ( 0.4493304033684751286, 10.98867497889159139, 46.98188082772329466 ) ) ;
#6381 = CARTESIAN_POINT ( 'NONE',  ( -2.613756678858159432, 10.01262757838045481, 9.118080720094750902 ) ) ;
#6382 = CARTESIAN_POINT ( 'NONE',  ( -0.2494512303370277351, 9.405744951675366394, 53.14721997643627560 ) ) ;
#6383 = CARTESIAN_POINT ( 'NONE',  ( 4.539693781529876127, 9.430512150617982314, 45.31906082887153531 ) ) ;
#6384 = B_SPLINE_CURVE_WITH_KNOTS ( 'NONE', 3,
 ( #2227, #6898, #4863, #1583, #2269, #4906, #6127, #1626, #4822, #3601, #2740, #8031, #812, #7467, #2101, #172, #5432 ),
 .UNSPECIFIED., .F., .F.,
 ( 4, 2, 2, 2, 2, 2, 1, 2, 4 ),
 ( 0.000000000000000000, 0.06060129403498699940, 0.09090194105248015910, 0.1212025880699733188, 0.1818038821049596243, 0.2121045291224531448, 0.2196796908768262058, 0.2272548526311992390, 0.2424051761399459992 ),
 .UNSPECIFIED. ) ;
#6385 = CARTESIAN_POINT ( 'NONE',  ( -4.501153456034236555, 6.439079470095252056, -1.221264642506936227 ) ) ;
#6386 = CARTESIAN_POINT ( 'NONE',  ( 5.676396188223976402, 5.599689585639570311, 50.10624008174518451 ) ) ;
#6387 = CARTESIAN_POINT ( 'NONE',  ( -0.8238069789168284141, 1.616629443147979295, 57.50000000000002132 ) ) ;
#6388 = CARTESIAN_POINT ( 'NONE',  ( 0.5669551134719199581, 9.523244132515928939, 0.4073487811594425634 ) ) ;
#6389 = CARTESIAN_POINT ( 'NONE',  ( 5.903406739603725306, 2.061819336833031979, 50.05069582331538669 ) ) ;
#6390 = CARTESIAN_POINT ( 'NONE',  ( 5.580970436326398776, 4.422262427887585723, 48.48930176246379631 ) ) ;
#6391 = CARTESIAN_POINT ( 'NONE',  ( 0.09241755192724956935, 10.49220815736346424, 51.01415253519979842 ) ) ;
#6392 = CARTESIAN_POINT ( 'NONE',  ( -0.0005879975339333969953, 10.92939601527346838, 47.78929114479004170 ) ) ;
#6393 = CARTESIAN_POINT ( 'NONE',  ( -2.038233407768924810, 10.15956328935305564, 7.838954936263646367 ) ) ;
#6394 = CARTESIAN_POINT ( 'NONE',  ( 2.628549033424198100, 10.47041829219948283, 46.96692284841019926 ) ) ;
#6395 = CARTESIAN_POINT ( 'NONE',  ( -4.506313885683796983, 8.269913751167109695, 10.78408530245513219 ) ) ;
#6396 = CARTESIAN_POINT ( 'NONE',  ( 0.000000000000000000, 10.91363032127727450, 41.45540113587212261 ) ) ;
#6397 = CARTESIAN_POINT ( 'NONE',  ( 0.3143707019983318918, 8.860375803649585436, -3.555378715965314740 ) ) ;
#6398 = CARTESIAN_POINT ( 'NONE',  ( 3.904764700808453171, 9.460503316406978058, 34.88748450903996456 ) ) ;
#6399 = CARTESIAN_POINT ( 'NONE',  ( 6.047990726026837294, 3.898654179359563265, 46.01220598338586854 ) ) ;
#6400 = CARTESIAN_POINT ( 'NONE',  ( 4.371714904414414349, 4.503191980705052444, -6.578023315596852605 ) ) ;
#6401 = CARTESIAN_POINT ( 'NONE',  ( 0.005211854157549719938, 10.92939332023989785, 47.78921348664196245 ) ) ;
#6402 = CARTESIAN_POINT ( 'NONE',  ( 5.499997045761379155, 1.562499999999998668, -0.2022392846348561313 ) ) ;
#6403 = CARTESIAN_POINT ( 'NONE',  ( -1.405893937937498839, 9.919032122109307181, 4.086091194414373184 ) ) ;
#6404 = CARTESIAN_POINT ( 'NONE',  ( -3.355872781751682687, 8.274315954549177121, 51.58686543636690658 ) ) ;
#6405 = ORIENTED_EDGE ( 'NONE', *, *, #478, .F. ) ;
#6406 = CARTESIAN_POINT ( 'NONE',  ( -0.02079000748595790510, 8.557004877259752007, -4.964536283478421019 ) ) ;
#6407 = CARTESIAN_POINT ( 'NONE',  ( 5.912114504586615915, 6.848099623127362534, 42.08018219033606755 ) ) ;
#6408 = CARTESIAN_POINT ( 'NONE',  ( 0.000000000000000000, 10.25817259538964521, 49.94330815796344325 ) ) ;
#6409 = CARTESIAN_POINT ( 'NONE',  ( 0.04873630030405427804, 9.472009973349535983, -0.1910095893288975555 ) ) ;
#6410 = CARTESIAN_POINT ( 'NONE',  ( 2.171288733736514320, 8.249201582228939955, -3.601472111909685747 ) ) ;
#6411 = CARTESIAN_POINT ( 'NONE',  ( 0.9628068815040965456, 9.151850427219184070, 53.14371572944848765 ) ) ;
#6412 = CARTESIAN_POINT ( 'NONE',  ( 4.766652471367219590, 7.653103395302795597, 28.18612304239878341 ) ) ;
#6413 = CARTESIAN_POINT ( 'NONE',  ( -0.7361963374982747332, 9.746301402654587775, 51.93989922364058032 ) ) ;
#6414 = CARTESIAN_POINT ( 'NONE',  ( 5.120913921117324463, 8.880377626725557860, 42.90462316355577599 ) ) ;
#6415 = CARTESIAN_POINT ( 'NONE',  ( -4.918630332483735046, 4.402821864019551334, 52.97064190364525871 ) ) ;
#6416 = CARTESIAN_POINT ( 'NONE',  ( -5.493541243352612291, 1.562500000000002442, -3.794934534324067688 ) ) ;
#6417 = CARTESIAN_POINT ( 'NONE',  ( -4.087794922112336963E-05, 0.1805908214217741559, 41.45540113598099197 ) ) ;
#6418 = CARTESIAN_POINT ( 'NONE',  ( 5.905160388448453368, 1.796573859138655083, 43.45435849649908988 ) ) ;
#6419 = CARTESIAN_POINT ( 'NONE',  ( 5.499425113924622188, 2.418819707665580410, 31.92487259257731935 ) ) ;
#6420 = CARTESIAN_POINT ( 'NONE',  ( -0.3943782292558740687, 11.02054152390305752, 20.74935212851038813 ) ) ;
#6421 = CARTESIAN_POINT ( 'NONE',  ( 0.3042664709777098686, 11.28675639200502800, 42.19147375500246966 ) ) ;
#6422 = CARTESIAN_POINT ( 'NONE',  ( 4.255205400694167750, 9.464460578302912097, 46.94327853090116776 ) ) ;
#6423 = CARTESIAN_POINT ( 'NONE',  ( -5.121587429419438564, 6.873259369841351329, 12.44499525905314208 ) ) ;
#6424 = CARTESIAN_POINT ( 'NONE',  ( 5.685633839150598945, 5.310095943764537196, 50.42679494276091390 ) ) ;
#6425 = CARTESIAN_POINT ( 'NONE',  ( -5.500589621580385113, 2.163090550662183809, 50.65414469670096764 ) ) ;
#6426 = CARTESIAN_POINT ( 'NONE',  ( 0.6538385367566338369, 9.174514469199202438, 53.35085156025466091 ) ) ;
#6427 = CARTESIAN_POINT ( 'NONE',  ( 5.899158322156323742, 1.962472889708749113, 50.60575647242283992 ) ) ;
#6428 = CARTESIAN_POINT ( 'NONE',  ( 5.377730810479663504, 4.862513648424712898, 28.18677355703713516 ) ) ;
#6429 = CARTESIAN_POINT ( 'NONE',  ( 0.1080876006272224049, 11.13279791654776751, 45.38506773727579002 ) ) ;
#6430 = CARTESIAN_POINT ( 'NONE',  ( -0.0005752656373646203259, 11.22385102713998783, 43.78975985399699766 ) ) ;
#6431 = CARTESIAN_POINT ( 'NONE',  ( -2.118093566204441558, 10.66243706603146713, 34.88717210657229373 ) ) ;
#6432 = CARTESIAN_POINT ( 'NONE',  ( 2.535239828528732087, 9.828824528905776958, 50.34114322485257986 ) ) ;
#6433 = STYLED_ITEM ( 'NONE', ( #6585 ), #1119 ) ;
#6434 = CARTESIAN_POINT ( 'NONE',  ( -1.842711677412866011, 4.160568708593751275, -13.02234644034900057 ) ) ;
#6435 = CARTESIAN_POINT ( 'NONE',  ( -2.098488812743535728E-32, 1.562500000000000000, 57.50000000000000000 ) ) ;
#6436 = CARTESIAN_POINT ( 'NONE',  ( 0.9186115683407527488, 9.934737701586646708, 50.95540067381245564 ) ) ;
#6437 = CARTESIAN_POINT ( 'NONE',  ( 0.3900342686105985335, 9.461889263379372750, 52.96316129153080965 ) ) ;
#6438 = CARTESIAN_POINT ( 'NONE',  ( 3.114830612664387210, 7.852617738779428258, 52.71353767560837156 ) ) ;
#6439 = AXIS2_PLACEMENT_3D ( 'NONE', #7068, #1029, #1111 ) ;
#6440 = CARTESIAN_POINT ( 'NONE',  ( 6.009581224030229762, 3.894519587506060532, 47.63793341564223738 ) ) ;
#6441 = CARTESIAN_POINT ( 'NONE',  ( 2.567789230559251568, 3.244521260253286243, -12.99707850480691995 ) ) ;
#6442 = CARTESIAN_POINT ( 'NONE',  ( 0.009751185606484663593, 11.31538117947079947, 41.39866196074425631 ) ) ;
#6443 = CARTESIAN_POINT ( 'NONE',  ( -0.06989333018849640256, 11.13389337212112373, 45.38792136216397211 ) ) ;
#6444 = CARTESIAN_POINT ( 'NONE',  ( -0.8838471321756998789, 6.697096428685926917, -10.02154272314402128 ) ) ;
#6445 = CARTESIAN_POINT ( 'NONE',  ( 1.286307786634009354, 10.94476665845988528, 46.17339015815230852 ) ) ;
#6446 = CARTESIAN_POINT ( 'NONE',  ( -3.933046081459588450, 9.482978268969699087, 36.12930493770655715 ) ) ;
#6447 = ORIENTED_EDGE ( 'NONE', *, *, #3409, .F. ) ;
#6448 = CARTESIAN_POINT ( 'NONE',  ( -0.02476421877477005817, 10.21319528436033863, 50.25620943978884725 ) ) ;
#6449 = CARTESIAN_POINT ( 'NONE',  ( 5.412824556043983826, 6.495188340162767027, 50.23036057984676717 ) ) ;
#6450 = CARTESIAN_POINT ( 'NONE',  ( 7.016568585560903088E-05, 10.57969452074132732, 50.50245413726472066 ) ) ;
#6451 = CARTESIAN_POINT ( 'NONE',  ( 0.2119589543243461105, 10.34067645913940581, 7.833956754274161938 ) ) ;
#6452 = CARTESIAN_POINT ( 'NONE',  ( 3.020558410481053002, 10.21679444274670168, 18.26376923762225246 ) ) ;
#6453 = CARTESIAN_POINT ( 'NONE',  ( 1.027633758294375754, 8.971432381560116909, -2.377650365530545873 ) ) ;
#6454 = CARTESIAN_POINT ( 'NONE',  ( 5.063376658729666246, 6.967148710955477497, 33.64156173230818325 ) ) ;
#6455 = CARTESIAN_POINT ( 'NONE',  ( -0.7580217055919103997, 9.853723039624602720, 51.53582566859665803 ) ) ;
#6456 = CARTESIAN_POINT ( 'NONE',  ( 4.703965740819469055, 7.874998839369061088, 50.35450926207746392 ) ) ;
#6457 = CARTESIAN_POINT ( 'NONE',  ( -1.462434383211648364E-15, 1.562500000000000000, -14.99999999999999822 ) ) ;
#6458 = DIRECTION ( 'NONE',  ( 0.000000000000000000, 0.000000000000000000, 1.000000000000000000 ) ) ;
#6459 = CARTESIAN_POINT ( 'NONE',  ( 0.000000000000000000, 8.028771121439072900, 55.11622080318368688 ) ) ;
#6460 = CARTESIAN_POINT ( 'NONE',  ( 2.093676652669308691, 10.66753775648751912, 31.92478719601518833 ) ) ;
#6461 = CARTESIAN_POINT ( 'NONE',  ( 5.503477251718064345, 2.160529492843632049, 50.28013829060977713 ) ) ;
#6462 = CARTESIAN_POINT ( 'NONE',  ( -0.3305752762556545266, 8.534569626352416449, -4.971009024373874041 ) ) ;
#6463 = CARTESIAN_POINT ( 'NONE',  ( 0.3403044322598669513, 11.30769409080344268, 41.39545994116700456 ) ) ;
#6464 = CARTESIAN_POINT ( 'NONE',  ( -0.2049181504344997351, 7.992667831331453421, -6.993367725416565150 ) ) ;
#6465 = CARTESIAN_POINT ( 'NONE',  ( 4.187836437140638246, 9.949869172437866283, 42.93026878422723769 ) ) ;
#6466 = CARTESIAN_POINT ( 'NONE',  ( -5.154948301461853788, 6.571826251150648446, 33.64152154359207714 ) ) ;
#6467 = CARTESIAN_POINT ( 'NONE',  ( 5.703685952142061311, 5.467278375167812676, 50.10371315082040411 ) ) ;
#6468 = CARTESIAN_POINT ( 'NONE',  ( -5.499207529016354457, 1.728631088280434991, 46.22411883568158686 ) ) ;
#6469 = CARTESIAN_POINT ( 'NONE',  ( 0.5672018988826825758, 8.058921848014810152, -6.557184766037817525 ) ) ;
#6470 = CARTESIAN_POINT ( 'NONE',  ( 5.894497493627106621, 2.072810585155625773, 50.94406429081555387 ) ) ;
#6471 = CARTESIAN_POINT ( 'NONE',  ( 5.701700313604370685, 4.506535791847052330, 42.56062546970137817 ) ) ;
#6472 = CARTESIAN_POINT ( 'NONE',  ( 0.1090939217930921162, 10.57702379028984119, 50.50624811883329812 ) ) ;
#6473 = CARTESIAN_POINT ( 'NONE',  ( -0.0002080965730952365851, 10.56341150668176354, 50.60711947031747115 ) ) ;
#6474 = CARTESIAN_POINT ( 'NONE',  ( -2.042092830819102645, 9.220759047797333352, 0.4102599493641170270 ) ) ;
#6475 = CARTESIAN_POINT ( 'NONE',  ( 2.830063569221467290, 10.65487241569766397, 44.55266583997443774 ) ) ;
#6476 = CARTESIAN_POINT ( 'NONE',  ( -3.476853548609272426, 5.926833370005052615, -6.571413731595756147 ) ) ;
#6477 = CARTESIAN_POINT ( 'NONE',  ( -1.362598255728082848E-05, 10.50443859404321856, 50.95540067381245564 ) ) ;
#6478 = CARTESIAN_POINT ( 'NONE',  ( 0.4633983940111173760, 10.99771111374453980, 33.64223489330387906 ) ) ;
#6479 = CARTESIAN_POINT ( 'NONE',  ( 3.440972098879439667, 8.151282990904606507, -0.6000364940890332566 ) ) ;
#6480 = EDGE_CURVE ( 'NONE', #3546, #5723, #8250, .T. ) ;
#6481 = CARTESIAN_POINT ( 'NONE',  ( 5.854107990301494979, 3.864205256950631995, 50.51217654394984180 ) ) ;
#6482 = CARTESIAN_POINT ( 'NONE',  ( 4.962830208318774972, 5.245247183033678873, 52.05799579108015962 ) ) ;
#6483 = CARTESIAN_POINT ( 'NONE',  ( 0.01603469664515775467, 11.18402717459405693, 44.58746647449688538 ) ) ;
#6484 = CARTESIAN_POINT ( 'NONE',  ( -0.05842330387843101130, 10.66822831486370404, 49.90005589894882121 ) ) ;
#6485 = CARTESIAN_POINT ( 'NONE',  ( -1.717867299677601434, 10.34468177688370893, 9.117277974794280482 ) ) ;
#6486 = CARTESIAN_POINT ( 'NONE',  ( 1.361417699376344048, 10.64125845498747758, 48.59032356736359759 ) ) ;
#6487 = CARTESIAN_POINT ( 'NONE',  ( -3.430041567895648846, 8.396161492951483396, 51.15758803099983254 ) ) ;
#6488 = CARTESIAN_POINT ( 'NONE',  ( -0.01675264633533174452, 9.115961884907457957, -2.355758092288528616 ) ) ;
#6489 = CARTESIAN_POINT ( 'NONE',  ( 5.805590149468137895, 6.838489704070584096, 46.88017342452474168 ) ) ;
#6490 = CARTESIAN_POINT ( 'NONE',  ( 0.000000000000000000, 10.21319570790663356, 50.25614278560829007 ) ) ;
#6491 = CARTESIAN_POINT ( 'NONE',  ( 0.1188263750983172412, 9.317909466423635934, 53.35733411570318907 ) ) ;
#6492 = CARTESIAN_POINT ( 'NONE',  ( 0.2719053468922073002, 2.119019480083599305, 57.50000000000001421 ) ) ;
#6493 = CARTESIAN_POINT ( 'NONE',  ( 1.605850039714408428, 10.80743031986010649, 39.79054735722112923 ) ) ;
#6494 = CARTESIAN_POINT ( 'NONE',  ( 4.441501062679219736, 6.353904254670315055, -1.839592395125309920 ) ) ;
#6495 = CARTESIAN_POINT ( 'NONE',  ( -1.024546976482307192, 10.42672459841227628, 9.116675915818948539 ) ) ;
#6496 = ORIENTED_EDGE ( 'NONE', *, *, #6023, .F. ) ;
#6497 = CARTESIAN_POINT ( 'NONE',  ( 4.860211495925121028, 7.678684160974679429, 50.24613536007665004 ) ) ;
#6498 = CARTESIAN_POINT ( 'NONE',  ( -4.284352845367911833, 3.836474929150427648, 54.84137237850247715 ) ) ;
#6499 = DIRECTION ( 'NONE',  ( -1.000000000000000000, 0.000000000000000000, 0.000000000000000000 ) ) ;
#6500 = CARTESIAN_POINT ( 'NONE',  ( 0.000000000000000000, 4.057590717257642865, 57.30252446038161906 ) ) ;
#6501 = CARTESIAN_POINT ( 'NONE',  ( 1.462434383211648364E-15, 1.562500000000000000, -14.99999999999999822 ) ) ;
#6502 = CARTESIAN_POINT ( 'NONE',  ( 4.499150861260134526, 8.446200574460176469, 31.92481682339391469 ) ) ;
#6503 = CARTESIAN_POINT ( 'NONE',  ( 1.650318853806268526, 1.887433267790865843, -14.99999999999998401 ) ) ;
#6504 = CARTESIAN_POINT ( 'NONE',  ( -0.04582159009394026067, 2.235029698320536440, 57.50000000000001421 ) ) ;
#6505 = CARTESIAN_POINT ( 'NONE',  ( 0.4278761251616362560, 10.76600059443604884, 48.99253979923133073 ) ) ;
#6506 = CARTESIAN_POINT ( 'NONE',  ( 3.875883611606580459, 8.824137452620606226, 50.46190247506446269 ) ) ;
#6507 = CARTESIAN_POINT ( 'NONE',  ( -3.666602565581734030, 4.599555429966367903, -8.621427401441852822 ) ) ;
#6508 = CARTESIAN_POINT ( 'NONE',  ( 5.878974816706286965, 5.578597855713985254, 48.51157815726445222 ) ) ;
#6509 = CARTESIAN_POINT ( 'NONE',  ( -5.478920603725723204, 1.756201307713553872, 51.70896056711131905 ) ) ;
#6510 = CARTESIAN_POINT ( 'NONE',  ( 0.6931288742939202274, 9.494614675647033764, 52.68786719535325602 ) ) ;
#6511 = CARTESIAN_POINT ( 'NONE',  ( 5.903107649597258977, 1.952361730303492804, 49.72272983929214263 ) ) ;
#6512 = CARTESIAN_POINT ( 'NONE',  ( 5.308133203246214293, 4.250889055068591382, 0.4236389351558094152 ) ) ;
#6513 = CARTESIAN_POINT ( 'NONE',  ( -1.462434383211648364E-15, 1.562500000000000000, -14.99999999999999822 ) ) ;
#6514 = CARTESIAN_POINT ( 'NONE',  ( 0.09425861569098677173, 10.57765251402991780, 50.50615736255824118 ) ) ;
#6515 = CARTESIAN_POINT ( 'NONE',  ( -0.0001992817682104410524, 10.66823288734278918, 49.89993927007451191 ) ) ;
#6516 = CARTESIAN_POINT ( 'NONE',  ( -1.863547744186143218, 8.564861273590574697, -2.994389760109194665 ) ) ;
#6517 = CARTESIAN_POINT ( 'NONE',  ( 2.640098083349554425, 10.09805154713097508, 49.00202138692375087 ) ) ;
#6518 = CARTESIAN_POINT ( 'NONE',  ( -4.551825110281491504, 7.630923689118059627, 4.119158772914972566 ) ) ;
#6519 = CARTESIAN_POINT ( 'NONE',  ( 0.5545412652965211464, 3.844306910106861874, 57.28868361760745387 ) ) ;
#6520 = CYLINDRICAL_SURFACE ( 'NONE', #3943, 0.09999999999999947820 ) ;
#6521 = CARTESIAN_POINT ( 'NONE',  ( 0.2975830029817939648, 9.205619597858893499, -1.770073530393959205 ) ) ;
#6522 = CARTESIAN_POINT ( 'NONE',  ( 3.521182830542433084, 8.316862529128327353, 0.4139763343062539680 ) ) ;
#6523 = CARTESIAN_POINT ( 'NONE',  ( 6.045806078468669575, 3.611195249315662270, 44.40637591265637951 ) ) ;
#6524 = CARTESIAN_POINT ( 'NONE',  ( 4.601685799121992382, 4.931925544792283844, 53.29088792235614136 ) ) ;
#6525 = CARTESIAN_POINT ( 'NONE',  ( 0.01061852010108086004, 10.78871639983760566, 48.99440229184862972 ) ) ;
#6526 = CARTESIAN_POINT ( 'NONE',  ( -0.05724848140571166949, 10.61017738055406312, 50.30314603495014580 ) ) ;
#6527 = CARTESIAN_POINT ( 'NONE',  ( -1.244231145449826270, 8.882491241652617830, 53.34436900480613986 ) ) ;
#6528 = CARTESIAN_POINT ( 'NONE',  ( 1.432406092327811020, 10.36287941253724121, 50.11623368109518140 ) ) ;
#6529 = CARTESIAN_POINT ( 'NONE',  ( -3.866698861154793221, 8.308528984237934623, 2.049746665524629030 ) ) ;
#6530 = CARTESIAN_POINT ( 'NONE',  ( -0.02726402987949708492, 10.44864015174538707, 48.58746441060475973 ) ) ;
#6531 = CARTESIAN_POINT ( 'NONE',  ( 5.445697688389881108, 6.049679027184827973, 50.76672075587005395 ) ) ;
#6532 = CARTESIAN_POINT ( 'NONE',  ( -0.0006024714045963697933, 10.59143663987860506, 50.42707213295540924 ) ) ;
#6533 = CARTESIAN_POINT ( 'NONE',  ( 0.1931498995565798793, 10.98913202788644128, 36.13039918408823326 ) ) ;
#6534 = CARTESIAN_POINT ( 'NONE',  ( 3.091205065743745539, 10.26949067712799568, 39.78039293588652470 ) ) ;
#6535 = CARTESIAN_POINT ( 'NONE',  ( 1.451004144957461994, 10.89364220299592745, 24.06628027999486719 ) ) ;
#6536 = CARTESIAN_POINT ( 'NONE',  ( 5.002951163943762936, 6.604214974986321707, 49.94010147506531183 ) ) ;
#6537 = CARTESIAN_POINT ( 'NONE',  ( -0.4028714730064708593, 10.94799141106741835, 39.79816317322195829 ) ) ;
#6538 = CARTESIAN_POINT ( 'NONE',  ( -0.9274281727152532406, 10.18127773826399718, 6.164272680259869297 ) ) ;
#6539 = CARTESIAN_POINT ( 'NONE',  ( -3.374227925982970611, 10.02905346302101464, 37.30987115283566169 ) ) ;
#6540 = ORIENTED_EDGE ( 'NONE', *, *, #108, .F. ) ;
#6541 = CARTESIAN_POINT ( 'NONE',  ( 4.622099525653606378, 8.166820931620090818, 49.93179511748455468 ) ) ;
#6542 = CARTESIAN_POINT ( 'NONE',  ( -3.698093528890909809, 3.707447408516737486, -9.953519889150946653 ) ) ;
#6543 = FILL_AREA_STYLE ('',( #7891 ) ) ;
#6544 = CARTESIAN_POINT ( 'NONE',  ( 0.000000000000000000, 10.21319570790663356, 50.25614278560829007 ) ) ;
#6545 = CARTESIAN_POINT ( 'NONE',  ( 1.732361735879557552, 8.761901926709368738, -2.390465354745388460 ) ) ;
#6546 = CARTESIAN_POINT ( 'NONE',  ( 4.107975823285756611, 7.107899212265934352, 52.01969420164029145 ) ) ;
#6547 = CARTESIAN_POINT ( 'NONE',  ( 5.487378051973541560, 2.160648325161909522, -3.178707483815547352 ) ) ;
#6548 = CARTESIAN_POINT ( 'NONE',  ( -0.6588089009639572780, 10.63446262790244390, 46.41717654243766589 ) ) ;
#6549 = CARTESIAN_POINT ( 'NONE',  ( 0.5286326338705455985, 10.49752251914362056, 50.71445254289008631 ) ) ;
#6550 = CARTESIAN_POINT ( 'NONE',  ( 4.401540610740689807, 9.776590755946836353, 42.13153008443688918 ) ) ;
#6551 = CARTESIAN_POINT ( 'NONE',  ( -5.250263631107836559, 6.630612369681686324, 36.12847122617780826 ) ) ;
#6552 = CARTESIAN_POINT ( 'NONE',  ( 5.596405262423856719, 5.403909974479837786, 50.86670118756610748 ) ) ;
#6553 = CARTESIAN_POINT ( 'NONE',  ( -2.728188605883036022, 1.628702800020938479, 57.21578851233037000 ) ) ;
#6554 = CARTESIAN_POINT ( 'NONE',  ( 1.043698298263215918, 10.65402460662295603, 12.45279667931070833 ) ) ;
#6555 = CARTESIAN_POINT ( 'NONE',  ( 5.898486935654331020, 1.657398459868985929, 50.60643588171495111 ) ) ;
#6556 = CARTESIAN_POINT ( 'NONE',  ( 5.206643807934746349, 4.132111324128844743, -1.870489668339244238 ) ) ;
#6557 = CARTESIAN_POINT ( 'NONE',  ( 0.07915343655591661198, 10.56218282726130298, 50.60756605623476645 ) ) ;
#6558 = CARTESIAN_POINT ( 'NONE',  ( -0.0004875718784423741371, 11.18404993947447501, 44.58771422676932161 ) ) ;
#6559 = CARTESIAN_POINT ( 'NONE',  ( -0.2203528238385963345, 2.151721864072095869, 57.50000000000000711 ) ) ;
#6560 = CARTESIAN_POINT ( 'NONE',  ( 2.497430538593658600, 9.733943126102536425, 50.75711398635070992 ) ) ;
#6561 = CARTESIAN_POINT ( 'NONE',  ( -4.924935799640186573, 7.525069640953900851, 48.52213665522181429 ) ) ;
#6562 = CARTESIAN_POINT ( 'NONE',  ( 1.929730359343376334, 10.72647001678079448, 34.88714370634792772 ) ) ;
#6563 = CARTESIAN_POINT ( 'NONE',  ( 0.3998130820557924126, 10.22914166153464421, 49.94308547165103107 ) ) ;
#6564 = CARTESIAN_POINT ( 'NONE',  ( 3.516115097578559556, 8.535521221465890207, 50.61529230721625083 ) ) ;
#6565 = CARTESIAN_POINT ( 'NONE',  ( 5.853504958736709618, 3.607976888594246478, 50.73036175785821200 ) ) ;
#6566 = CARTESIAN_POINT ( 'NONE',  ( 5.385246866147957334, 5.799422338872946447, 36.12826279829565124 ) ) ;
#6567 = CIRCLE ( 'NONE', #5751, 0.09999999999999947820 ) ;
#6568 = CARTESIAN_POINT ( 'NONE',  ( 0.01444204054172829044, 10.78870431473852420, 48.99437305694934253 ) ) ;
#6569 = CARTESIAN_POINT ( 'NONE',  ( -0.04764867668335782958, 10.78872727856134084, 48.99490709628700102 ) ) ;
#6570 = CARTESIAN_POINT ( 'NONE',  ( -1.654626609635711176, 10.09723221677696081, 6.168344464501042346 ) ) ;
#6571 = CARTESIAN_POINT ( 'NONE',  ( 1.391270557708782052, 10.20750714204261200, 50.93799922638390854 ) ) ;
#6572 = CARTESIAN_POINT ( 'NONE',  ( -2.682714640529411554, 6.200918948362228456, 54.97282162508917480 ) ) ;
#6573 = CARTESIAN_POINT ( 'NONE',  ( -0.06860914212091571984, 9.985449935972001256, 51.52231514183399241 ) ) ;
#6574 = CARTESIAN_POINT ( 'NONE',  ( 5.463993594074965543, 5.910925780188417633, 50.87404411070173182 ) ) ;
#6575 = CARTESIAN_POINT ( 'NONE',  ( 5.505801210795133294, 1.836403863734272557, 41.45540113598098486 ) ) ;
#6576 = AXIS2_PLACEMENT_3D ( 'NONE', #5675, #6231, #1692 ) ;
#6577 = CARTESIAN_POINT ( 'NONE',  ( 0.1863838591721756477, 10.19843964477388276, 6.160200896018677597 ) ) ;
#6578 = CARTESIAN_POINT ( 'NONE',  ( 1.462434383211648364E-15, 1.562500000000000000, -14.99999999999999822 ) ) ;
#6579 = CARTESIAN_POINT ( 'NONE',  ( 0.1311695422130648714, 2.202011468858341647, 57.50000000000000711 ) ) ;
#6580 = CARTESIAN_POINT ( 'NONE',  ( 4.952281101623666082, 7.148104089877374889, 7.850450754839421563 ) ) ;
#6581 = CARTESIAN_POINT ( 'NONE',  ( -0.9953566098863800837, 10.04991459608488924, 50.25854233610845512 ) ) ;
#6582 = CARTESIAN_POINT ( 'NONE',  ( -2.701653621377076764, 8.450173203541490707, 52.37099812747717209 ) ) ;
#6583 = CARTESIAN_POINT ( 'NONE',  ( 4.867704765715170190, 7.331091132400498367, 50.88806909213479202 ) ) ;
#6584 = CARTESIAN_POINT ( 'NONE',  ( -5.261183692712555704, 5.056913656711343741, 2.079418752615733279 ) ) ;
#6585 = PRESENTATION_STYLE_ASSIGNMENT (( #7761 ) ) ;
#6586 = CARTESIAN_POINT ( 'NONE',  ( 0.000000000000000000, 10.67192090994640452, 46.42859685748531007 ) ) ;
#6587 = CARTESIAN_POINT ( 'NONE',  ( 1.298502879059110882, 7.017713175403635262, -8.661194790377813035 ) ) ;
#6588 = CARTESIAN_POINT ( 'NONE',  ( 1.462434383211648364E-15, 1.562500000000000000, -14.99999999999999822 ) ) ;
#6589 = EDGE_CURVE ( 'NONE', #1313, #5105, #6384, .T. ) ;
#6590 = CARTESIAN_POINT ( 'NONE',  ( 5.501331470247273536, 1.763293114102564951, -1.902858240277651936 ) ) ;
#6591 = CARTESIAN_POINT ( 'NONE',  ( -0.4824322956439821564, 11.01509379457075610, 20.74936605931552336 ) ) ;
#6592 = CARTESIAN_POINT ( 'NONE',  ( 0.7202770957994560908, 10.95962334769675195, 46.97952027249681350 ) ) ;
#6593 = CARTESIAN_POINT ( 'NONE',  ( 4.681786369726389729, 9.462509969691854650, 41.33380669643950256 ) ) ;
#6594 = CARTESIAN_POINT ( 'NONE',  ( -4.731184529547626916, 5.903962863104553982, 52.04522859460012540 ) ) ;
#6595 = CARTESIAN_POINT ( 'NONE',  ( 5.708640659776087922, 5.178592822014638664, 50.42447416064966603 ) ) ;
#6596 = CARTESIAN_POINT ( 'NONE',  ( -5.492664311162606339, 2.183970520588859543, -0.6223266164259109168 ) ) ;
#6597 = CARTESIAN_POINT ( 'NONE',  ( 0.9774583724398242524, 9.992475165233889456, 50.59893340638058135 ) ) ;
#6598 = CARTESIAN_POINT ( 'NONE',  ( 5.903222625613568475, 1.839132633718935095, 48.43930268395836691 ) ) ;
#6599 = CARTESIAN_POINT ( 'NONE',  ( 4.664781353291094668, 3.336429247279337318, -7.621281383673379040 ) ) ;
#6600 = CARTESIAN_POINT ( 'NONE',  ( 0.1971946841503038339, 10.53889131803030388, 50.71019841841223297 ) ) ;
#6601 = CARTESIAN_POINT ( 'NONE',  ( 0.0005867580795627137802, 10.78873268949319630, 48.99447974709372033 ) ) ;
#6602 = CARTESIAN_POINT ( 'NONE',  ( -1.500764139913548734, 7.275874789119523456, -7.649448230847122332 ) ) ;
#6603 = CARTESIAN_POINT ( 'NONE',  ( 2.852521204283178680, 10.79981788071042992, 41.36779556159400784 ) ) ;
#6604 = CARTESIAN_POINT ( 'NONE',  ( -2.098488812743535728E-32, 1.562500000000000000, 57.50000000000000000 ) ) ;
#6605 = CARTESIAN_POINT ( 'NONE',  ( 1.962587798336824951, 10.72491482291775533, 37.31284327768834430 ) ) ;
#6606 = CARTESIAN_POINT ( 'NONE',  ( 0.4824322956439821564, 11.01509379457075610, 20.74936605931552336 ) ) ;
#6607 = CARTESIAN_POINT ( 'NONE',  ( 3.951952855216422034, 8.514661022676138558, 4.110140342414801751 ) ) ;
#6608 = CARTESIAN_POINT ( 'NONE',  ( 6.003410456598068379, 3.318275104312549573, 41.27239715557229260 ) ) ;
#6609 = CARTESIAN_POINT ( 'NONE',  ( 4.616518006225173387, 4.144998322331375995, 53.94869492883965734 ) ) ;
#6610 = CARTESIAN_POINT ( 'NONE',  ( 0.01987249920438474010, 10.51240254185493050, 50.91183057150610125 ) ) ;
#6611 = CARTESIAN_POINT ( 'NONE',  ( -0.05739693923923417512, 11.26363992630202127, 42.99260160804700348 ) ) ;
#6612 = CARTESIAN_POINT ( 'NONE',  ( -1.157150737535500129, 8.418693689553128578, 54.11986104133981001 ) ) ;
#6613 = CARTESIAN_POINT ( 'NONE',  ( 1.186162671242980693, 10.49631645198281227, 49.80683534397603296 ) ) ;
#6614 = CARTESIAN_POINT ( 'NONE',  ( -3.749367572173930352, 8.075021913607155710, 0.4147196112946809343 ) ) ;
#6615 = CARTESIAN_POINT ( 'NONE',  ( -0.05653715148529786516, 8.879713336523099798, -3.547588282847957242 ) ) ;
#6616 = CARTESIAN_POINT ( 'NONE',  ( 5.998297793657865640, 6.336099688285375287, 45.24730946932598386 ) ) ;
#6617 = CARTESIAN_POINT ( 'NONE',  ( 0.8321008163193388540, 11.08152448227771991, 41.45540113598099197 ) ) ;
#6618 = CARTESIAN_POINT ( 'NONE',  ( 0.1083212966252130732, 9.113932039957113318, -2.358427881708287543 ) ) ;
#6619 = CARTESIAN_POINT ( 'NONE',  ( 2.868156897706805708, 9.634878563414781993, 6.175470086923144031 ) ) ;
#6620 = CARTESIAN_POINT ( 'NONE',  ( 1.140099354638164586, 8.325873843924743056, -4.986266199341715222 ) ) ;
#6621 = CARTESIAN_POINT ( 'NONE',  ( 5.052537609866976531, 6.858451474282099447, 24.06916897584998338 ) ) ;
#6622 = CARTESIAN_POINT ( 'NONE',  ( -0.7407966184420567979, 8.650137319065278163, 54.13373937478579023 ) ) ;
#6623 = CARTESIAN_POINT ( 'NONE',  ( -0.2273239754209278873, 9.404541020539241458, -0.5883048507538332084 ) ) ;
#6624 = CARTESIAN_POINT ( 'NONE',  ( -0.3038699991503343578, 2.097818611052982618, 57.50000000000001421 ) ) ;
#6625 = CARTESIAN_POINT ( 'NONE',  ( 5.520219332235389409, 8.125648769160275009, 42.09849384245861614 ) ) ;
#6626 = CARTESIAN_POINT ( 'NONE',  ( -5.611682246737713875, 4.490980352098875805, 39.73977525054809945 ) ) ;
#6627 = CARTESIAN_POINT ( 'NONE',  ( 1.254487001419855252, 10.03282847941114220, 50.65540067381245848 ) ) ;
#6628 = CARTESIAN_POINT ( 'NONE',  ( 0.000000000000000000, 10.99161574593829727, 36.13045129105877606 ) ) ;
#6629 = CARTESIAN_POINT ( 'NONE',  ( 2.105760429526835953, 10.66308490162027844, 33.64206409126018116 ) ) ;
#6630 = CARTESIAN_POINT ( 'NONE',  ( 3.724060934736229456, 6.581366175382044048, 53.31033558870160505 ) ) ;
#6631 = CARTESIAN_POINT ( 'NONE',  ( 5.499117373173660894, 1.760180949078304247, 6.222974236403676862 ) ) ;
#6632 = CARTESIAN_POINT ( 'NONE',  ( -0.6570623257307386389, 10.66763457720118069, 12.45329999674668997 ) ) ;
#6633 = CARTESIAN_POINT ( 'NONE',  ( 0.7081559678317688178, 10.87822211291781294, 47.78299832345734188 ) ) ;
#6634 = CARTESIAN_POINT ( 'NONE',  ( 4.113754230667036715, 8.302051747772576817, 51.10086473333542045 ) ) ;
#6635 = CARTESIAN_POINT ( 'NONE',  ( -5.179271919317369743, 6.420429821608957255, 7.852450027635200946 ) ) ;
#6636 = CARTESIAN_POINT ( 'NONE',  ( 5.714372692646016105, 4.896161836532865408, 50.74893703984140103 ) ) ;
#6637 = CARTESIAN_POINT ( 'NONE',  ( -1.462434383211648364E-15, 1.562500000000000000, -14.99999999999999822 ) ) ;
#6638 = CARTESIAN_POINT ( 'NONE',  ( 1.060042834842273907, 10.94220633149839550, 20.74944964414612514 ) ) ;
#6639 = CARTESIAN_POINT ( 'NONE',  ( 5.909235850255837086, 1.887536462915370805, 43.59352649017190373 ) ) ;
#6640 = CARTESIAN_POINT ( 'NONE',  ( 2.098488812743535728E-32, 1.562500000000000000, 57.50000000000000000 ) ) ;
#6641 = CARTESIAN_POINT ( 'NONE',  ( 0.1308782245109479936, 11.31393194161131355, 41.39747867212388854 ) ) ;
#6642 = CARTESIAN_POINT ( 'NONE',  ( 0.0003388810607869484695, 10.57937004383345680, 50.50571281464902285 ) ) ;
#6643 = CARTESIAN_POINT ( 'NONE',  ( -2.092760501991135946, 9.237381750902526889, 51.55984438284144034 ) ) ;
#6644 = CARTESIAN_POINT ( 'NONE',  ( 2.865965007448656454, 9.604661509227719662, 50.45073325839951650 ) ) ;
#6645 = CARTESIAN_POINT ( 'NONE',  ( -3.991631035678075978, 6.711065753281102886, -3.063508906499084361 ) ) ;
#6646 = CARTESIAN_POINT ( 'NONE',  ( 0.9787323408049204421, 6.638974611787610058, -10.01965319997755266 ) ) ;
#6647 = EDGE_CURVE ( 'NONE', #6367, #1442, #1639, .T. ) ;
#6648 = CARTESIAN_POINT ( 'NONE',  ( 0.3935168779119941340, 7.429501715797711903, -8.672977720432921700 ) ) ;
#6649 = CARTESIAN_POINT ( 'NONE',  ( 3.418943263980684488, 7.450722171060864873, -3.040469191035777730 ) ) ;
#6650 = CARTESIAN_POINT ( 'NONE',  ( 6.013717592333112094, 3.335287340131166900, 46.00216570719166498 ) ) ;
#6651 = CARTESIAN_POINT ( 'NONE',  ( 3.435987065738232538, 3.176004633862337556, 56.23403563607486433 ) ) ;
#6652 = CARTESIAN_POINT ( 'NONE',  ( -4.438198278636441785, 3.231303712777547688, -8.603753006359196931 ) ) ;
#6653 = CARTESIAN_POINT ( 'NONE',  ( 0.02526233308544383049, 11.29305150525477508, 42.19462304673422182 ) ) ;
#6654 = CARTESIAN_POINT ( 'NONE',  ( -0.03423308874874122359, 10.78872879228926784, 48.99478818164595140 ) ) ;
#6655 = CARTESIAN_POINT ( 'NONE',  ( -1.253224800346709245, 8.041702573633552120, -5.812850889026926815 ) ) ;
#6656 = CARTESIAN_POINT ( 'NONE',  ( 2.176620583766700090, 10.98677577534850691, 42.96648896383769767 ) ) ;
#6657 = CARTESIAN_POINT ( 'NONE',  ( -3.816643224269607337, 8.368899707245391895, 50.26574098760898579 ) ) ;
#6658 = CARTESIAN_POINT ( 'NONE',  ( -0.05387363042362890847, 8.861526104270012638, 54.15918298610340997 ) ) ;
#6659 = CARTESIAN_POINT ( 'NONE',  ( 5.985005163647612925, 6.542166761289708532, 42.86373372699534201 ) ) ;
#6660 = CARTESIAN_POINT ( 'NONE',  ( 5.259041659172124739, 7.648236572093847663, 41.45540113598100618 ) ) ;
#6661 = CARTESIAN_POINT ( 'NONE',  ( 0.2278159949484560298, 11.02534209550321442, 20.74932426690022069 ) ) ;
#6662 = CARTESIAN_POINT ( 'NONE',  ( 3.425502539044938732, 10.05921548526697862, 39.77785433055273501 ) ) ;
#6663 = CARTESIAN_POINT ( 'NONE',  ( 1.151248366940392565, 7.483989475444207784, -7.651671929308207609 ) ) ;
#6664 = CARTESIAN_POINT ( 'NONE',  ( 5.186248927173911838, 6.494692345210143714, 20.75034121567253820 ) ) ;
#6665 = CARTESIAN_POINT ( 'NONE',  ( 0.001547988828738197349, 10.63954184369836575, 50.10146090375717876 ) ) ;
#6666 = CARTESIAN_POINT ( 'NONE',  ( -0.9387074879232230051, 9.719838008788109107, 2.023041787142633385 ) ) ;
#6667 = CARTESIAN_POINT ( 'NONE',  ( -2.771732238217457400, 8.594005780857143506, 51.98139261220047302 ) ) ;
#6668 = EDGE_LOOP ( 'NONE', ( #4721, #3621, #4981, #2805 ) ) ;
#6669 = CARTESIAN_POINT ( 'NONE',  ( 5.526262333962202788, 8.097458358146116808, 43.68551555819526300 ) ) ;
#6670 = CARTESIAN_POINT ( 'NONE',  ( -4.921347745113336281, 4.014310369962998060, 53.28116408918334912 ) ) ;
#6671 = DIRECTION ( 'NONE',  ( -0.000000000000000000, -0.000000000000000000, 1.000000000000000000 ) ) ;
#6672 = CARTESIAN_POINT ( 'NONE',  ( 0.01997521727066959088, 9.517662351063805204, 52.96266838298061685 ) ) ;
#6673 = CARTESIAN_POINT ( 'NONE',  ( 1.863547744186143218, 8.564861273590574697, -2.994389760109194665 ) ) ;
#6674 = CARTESIAN_POINT ( 'NONE',  ( 4.725393837088550875, 8.140454281325858688, 34.88771171083475764 ) ) ;
#6675 = CARTESIAN_POINT ( 'NONE',  ( 5.481175161170311227, 1.752228301063177618, -4.374565870270332724 ) ) ;
#6676 = CARTESIAN_POINT ( 'NONE',  ( -0.4759342705609315161, 10.17001575432032645, 50.25734256085832641 ) ) ;
#6677 = CARTESIAN_POINT ( 'NONE',  ( 0.6939438319899223773, 10.77878393597070961, 48.58949511026217039 ) ) ;
#6678 = CARTESIAN_POINT ( 'NONE',  ( 4.782608675887546568, 9.352977760577644517, 42.12199681464709045 ) ) ;
#6679 = CARTESIAN_POINT ( 'NONE',  ( -5.510403339544126311, 6.296248735282283349, 39.74992967188281057 ) ) ;
#6680 = CARTESIAN_POINT ( 'NONE',  ( 6.054040668717699525, 5.394450710685660511, 46.03928042054513980 ) ) ;
#6681 = CARTESIAN_POINT ( 'NONE',  ( -5.218084252731910233, 1.730293974977943128, -6.993693510268068181 ) ) ;
#6682 = CARTESIAN_POINT ( 'NONE',  ( 0.09980911246591483987, 10.09821049693121608, 50.95540067381246985 ) ) ;
#6683 = CARTESIAN_POINT ( 'NONE',  ( 0.8407847167169517633, 9.979645830256446359, 4.081581979164296214 ) ) ;
#6684 = CARTESIAN_POINT ( 'NONE',  ( 5.902815431079432074, 1.843258604264563782, 48.86067582701478784 ) ) ;
#6685 = CARTESIAN_POINT ( 'NONE',  ( 5.338566559565830261, 3.875709516429483248, -0.1997634462996844829 ) ) ;
#6686 = CARTESIAN_POINT ( 'NONE',  ( 0.1556678156488826570, 11.06792485500403878, 46.18484366826880461 ) ) ;
#6687 = CARTESIAN_POINT ( 'NONE',  ( 0.001750829424280891423, 10.92939602279442290, 47.78925876715278775 ) ) ;
#6688 = CARTESIAN_POINT ( 'NONE',  ( -2.416802210409337182, 9.352598024973461932, 50.60745366723244842 ) ) ;
#6689 = CARTESIAN_POINT ( 'NONE',  ( 3.098318241337121304, 9.490382895717189626, 50.34963049712034433 ) ) ;
#6690 = CARTESIAN_POINT ( 'NONE',  ( -4.969624417174951070, 7.183557362297221083, 9.121040843390220587 ) ) ;
#6691 = CARTESIAN_POINT ( 'NONE',  ( 0.3462698446878940128, 3.560391224803660215, -14.99999999999999645 ) ) ;
#6692 = CARTESIAN_POINT ( 'NONE',  ( 0.5962307658311241099, 10.85537582217657437, 15.74618841297717076 ) ) ;
#6693 = CARTESIAN_POINT ( 'NONE',  ( 3.505284825419953343, 7.898286187030263861, 52.00054340692047816 ) ) ;
#6694 = CARTESIAN_POINT ( 'NONE',  ( 5.984634316699544598, 3.040215786039700330, 41.27072231667180091 ) ) ;
#6695 = CARTESIAN_POINT ( 'NONE',  ( 5.375953967889775420, 5.125684914453086272, 49.93938887886569233 ) ) ;
#6696 = CARTESIAN_POINT ( 'NONE',  ( -0.2823540551444586044, 11.08350645421516845, 24.06566127374019004 ) ) ;
#6697 = CARTESIAN_POINT ( 'NONE',  ( 0.01708594112845477145, 10.61012866282556288, 50.30329346459584627 ) ) ;
#6698 = CARTESIAN_POINT ( 'NONE',  ( -0.02387098637897552833, 11.13390244983090227, 45.38713819604293320 ) ) ;
#6699 = CARTESIAN_POINT ( 'NONE',  ( -1.684100155360574336, 9.726560886790000637, 50.60302313158948806 ) ) ;
#6700 = CARTESIAN_POINT ( 'NONE',  ( 2.071780511789297119, 10.56214533308773618, 47.77890883963743107 ) ) ;
#6701 = CARTESIAN_POINT ( 'NONE',  ( -3.047496245977777907, 6.757339591983139826, -5.836498633667781988 ) ) ;
#6702 = CARTESIAN_POINT ( 'NONE',  ( -0.06287205564032699590, 8.556746660667208459, -4.965460960749200403 ) ) ;
#6703 = CARTESIAN_POINT ( 'NONE',  ( 5.518787818537250089, 5.797261948756470495, 50.76299673425164372 ) ) ;
#6704 = CARTESIAN_POINT ( 'NONE',  ( 5.528283949744636772, 2.235219492509123551, 41.45540113598102039 ) ) ;
#6705 = CARTESIAN_POINT ( 'NONE',  ( 0.1149318048324623337, 6.173906564185345225, 56.45098455501565127 ) ) ;
#6706 = CARTESIAN_POINT ( 'NONE',  ( 3.096890621507134789, 9.001808139689821076, 2.040845039397300997 ) ) ;
#6707 = CARTESIAN_POINT ( 'NONE',  ( 0.1489624250097452696, 2.192907741912164976, 57.50000000000000000 ) ) ;
#6708 = CARTESIAN_POINT ( 'NONE',  ( 5.154948301461853788, 6.571826251150648446, 33.64152154359207714 ) ) ;
#6709 = CARTESIAN_POINT ( 'NONE',  ( 0.002254352003503444762, 10.59477524265913395, 50.40449245687851487 ) ) ;
#6710 = CARTESIAN_POINT ( 'NONE',  ( -1.215571978910386930, 9.944740530706255299, 4.084588122664348120 ) ) ;
#6711 = CARTESIAN_POINT ( 'NONE',  ( -2.781061562689453925, 8.210540359427380253, -2.412891585871363986 ) ) ;
#6712 = VERTEX_POINT ( 'NONE', #3078 ) ;
#6713 = CARTESIAN_POINT ( 'NONE',  ( 5.038338204229417805, 7.507110056235667628, 49.92429385521740670 ) ) ;
#6714 = CIRCLE ( 'NONE', #6576, 0.1000000000000000194 ) ;
#6715 = CARTESIAN_POINT ( 'NONE',  ( -5.510240482416511654, 4.944634593800614653, 37.29946871585156742 ) ) ;
#6716 = CARTESIAN_POINT ( 'NONE',  ( 5.747133004596825856, 2.611486588432053058, 41.45540113598099197 ) ) ;
#6717 = CARTESIAN_POINT ( 'NONE',  ( 0.02192433093851587841, 9.884074986097409976, 51.92447219456067131 ) ) ;
#6718 = CARTESIAN_POINT ( 'NONE',  ( 2.402905895802848857, 10.54474366850618239, 42.66293788183944002 ) ) ;
#6719 = CARTESIAN_POINT ( 'NONE',  ( 4.924935799640186573, 7.525069640953900851, 48.52213665522181429 ) ) ;
#6720 = AXIS2_PLACEMENT_3D ( 'NONE', #2315, #4824, #4908 ) ;
#6721 = CARTESIAN_POINT ( 'NONE',  ( 5.478920603725723204, 1.756201307713553872, 51.70896056711131905 ) ) ;
#6722 = CARTESIAN_POINT ( 'NONE',  ( -0.5170427962812667033, 9.918983904494250936, 51.53132215967576002 ) ) ;
#6723 = CARTESIAN_POINT ( 'NONE',  ( 0.5503687702920113667, 10.69691894530103760, 49.39615548674168366 ) ) ;
#6724 = CARTESIAN_POINT ( 'NONE',  ( -0.2945420463058393556, 10.04994390125205861, 51.11495694223768993 ) ) ;
#6725 = CARTESIAN_POINT ( 'NONE',  ( 4.254173825884001836, 8.502521133524751917, 50.25094307098128610 ) ) ;
#6726 = CARTESIAN_POINT ( 'NONE',  ( -4.928233083995357866, 5.555573068529978009, -0.6105949730907123119 ) ) ;
#6727 = CARTESIAN_POINT ( 'NONE',  ( 6.097829515409849854, 5.129663271463420493, 43.63766920284896145 ) ) ;
#6728 = CARTESIAN_POINT ( 'NONE',  ( -5.499840975523873077, 1.789463793132539449, 9.125355599380212013 ) ) ;
#6729 = CARTESIAN_POINT ( 'NONE',  ( 5.089942187491721448, 5.680279896711515342, 50.95540067381246985 ) ) ;
#6730 = CARTESIAN_POINT ( 'NONE',  ( 0.6891934481073201946, 8.661317123949880070, -4.167035098198431875 ) ) ;
#6731 = CARTESIAN_POINT ( 'NONE',  ( 5.896805391588494594, 1.758150623398209822, 50.83187334261909029 ) ) ;
#6732 = CARTESIAN_POINT ( 'NONE',  ( 5.223115712292120350, 3.731853046470336110, -3.140307958043390801 ) ) ;
#6733 = CARTESIAN_POINT ( 'NONE',  ( 0.1696573269018295249, 10.60498034636627374, 50.30385417917040769 ) ) ;
#6734 = CARTESIAN_POINT ( 'NONE',  ( 0.0002212878756741294781, 10.49404253987954050, 51.01319189919958319 ) ) ;
#6735 = CARTESIAN_POINT ( 'NONE',  ( -2.189320494067976686, 9.052146777505829078, -0.1932201592710154625 ) ) ;
#6736 = CARTESIAN_POINT ( 'NONE',  ( 3.444364049263371808, 10.28843402157157172, 45.34379984068117864 ) ) ;
#6737 = CARTESIAN_POINT ( 'NONE',  ( -3.809909850212790605, 5.731099973999095099, 54.00420826262354268 ) ) ;
#6738 = CARTESIAN_POINT ( 'NONE',  ( -5.448244177777755937, 3.464323451605494597, 2.092276657021877373 ) ) ;
#6739 = CARTESIAN_POINT ( 'NONE',  ( 0.4488062705608905634, 11.07220041206259609, 24.06576444144931770 ) ) ;
#6740 = CARTESIAN_POINT ( 'NONE',  ( 3.609615990276089370, 7.810530542441543211, -1.207504863741765133 ) ) ;
#6741 = CARTESIAN_POINT ( 'NONE',  ( 6.025624905759844552, 3.323548235946144125, 44.40219765336068747 ) ) ;
#6742 = CARTESIAN_POINT ( 'NONE',  ( 4.992879515866418316, 4.734197476593538845, -2.496189015767824593 ) ) ;
#6743 = CARTESIAN_POINT ( 'NONE',  ( 0.02069746762057495665, 11.26361274178243477, 42.99153053695971494 ) ) ;
#6744 = CARTESIAN_POINT ( 'NONE',  ( -0.02047898041059403179, 10.73769406989558028, 49.39677525601983632 ) ) ;
#6745 = CARTESIAN_POINT ( 'NONE',  ( -1.192294195737922280, 7.086311942139322362, -8.662667656634701174 ) ) ;
#6746 = CARTESIAN_POINT ( 'NONE',  ( 2.178183085644358030, 11.04291154081478155, 41.37721336835709707 ) ) ;
#6747 = CARTESIAN_POINT ( 'NONE',  ( -4.297666006138492811, 8.784738416581847176, 28.18587909940925584 ) ) ;
#6748 = CARTESIAN_POINT ( 'NONE',  ( -0.007224206910900615730, 2.241021972126894024, 57.50000000000000711 ) ) ;
#6749 = CARTESIAN_POINT ( 'NONE',  ( 3.322406580927746766, 10.10528926516921366, 41.45540113598098486 ) ) ;
#6750 = CARTESIAN_POINT ( 'NONE',  ( 0.3428094505289442928, 10.66907222713832226, 12.45367748482366288 ) ) ;
#6751 = CARTESIAN_POINT ( 'NONE',  ( 3.317216658476205282, 9.987442453402985976, 33.64192343075355751 ) ) ;
#6752 = CARTESIAN_POINT ( 'NONE',  ( 1.695309147823747198, 10.24809400826458905, 7.837955299865724257 ) ) ;
#6753 = CARTESIAN_POINT ( 'NONE',  ( -0.2458532096235298281, 8.867916720059023206, -3.553431107685975476 ) ) ;
#6754 = CARTESIAN_POINT ( 'NONE',  ( 4.726514547229745844, 6.250547807945634915, -0.1972876079645122516 ) ) ;
#6755 = CARTESIAN_POINT ( 'NONE',  ( 0.002481527174223030832, 10.49404148258135550, 51.01321333782356504 ) ) ;
#6756 = CARTESIAN_POINT ( 'NONE',  ( -0.8448078123574475073, 8.623091841593442552, -4.170633897714124849 ) ) ;
#6757 = CARTESIAN_POINT ( 'NONE',  ( -3.503044596998120319, 9.313358004726442374, 7.843453300054165744 ) ) ;
#6758 = EDGE_LOOP ( 'NONE', ( #7192, #2857, #2164, #4148 ) ) ;
#6759 = CARTESIAN_POINT ( 'NONE',  ( 5.649170471783309999, 7.853647567258990492, 42.88411650975741196 ) ) ;
#6760 = CARTESIAN_POINT ( 'NONE',  ( -5.247679594668665182, 4.603405330809144047, 0.4228956581673809501 ) ) ;
#6761 = CARTESIAN_POINT ( 'NONE',  ( 5.360897756618293819, 5.002762819103638847, 50.65540067381245848 ) ) ;
#6762 = CARTESIAN_POINT ( 'NONE',  ( 0.01963106507490686159, 9.430995525309553429, 53.14850486699842236 ) ) ;
#6763 = CARTESIAN_POINT ( 'NONE',  ( 2.106560109717565688, 9.481640075419713654, 2.031943413269968524 ) ) ;
#6764 = CARTESIAN_POINT ( 'NONE',  ( 4.732731550758146000, 8.027319621235173841, 15.73899620799006094 ) ) ;
#6765 = CARTESIAN_POINT ( 'NONE',  ( -0.4474670089317620003, 9.080750565947724340, -2.366437249967564327 ) ) ;
#6766 = CARTESIAN_POINT ( 'NONE',  ( 0.8965124567941139544, 10.39435678180030109, 50.82359326031384938 ) ) ;
#6767 = CARTESIAN_POINT ( 'NONE',  ( 4.460424955399976632, 8.578678251393828447, 49.40885646555122435 ) ) ;
#6768 = CARTESIAN_POINT ( 'NONE',  ( -5.383206389739665809, 6.244201128042084825, 37.30169780949110248 ) ) ;
#6769 = CARTESIAN_POINT ( 'NONE',  ( 5.727381504064292805, 4.624531376196231669, 50.96577429936199621 ) ) ;
#6770 = CARTESIAN_POINT ( 'NONE',  ( -5.499916419961849989, 2.116253010718910144, 24.07192011475970972 ) ) ;
#6771 = CARTESIAN_POINT ( 'NONE',  ( 3.033204277517151937, 8.814856451736076792, 50.95540067381245564 ) ) ;
#6772 = CARTESIAN_POINT ( 'NONE',  ( 0.6882937729419495998, 9.257196313494402418, -1.181361284087945274 ) ) ;
#6773 = CARTESIAN_POINT ( 'NONE',  ( 5.899677403794709285, 1.563755662667258184, 47.59118938675253219 ) ) ;
#6774 = CARTESIAN_POINT ( 'NONE',  ( 5.454795938186864923, 4.206039896998510663, 33.64128041129513491 ) ) ;
#6775 = CARTESIAN_POINT ( 'NONE',  ( 0.1743063872285562366, 10.73312403943310755, 49.39596313149795748 ) ) ;
#6776 = CARTESIAN_POINT ( 'NONE',  ( 0.001064222688117514443, 10.78873265111134394, 48.99447602516686828 ) ) ;
#6777 = CARTESIAN_POINT ( 'NONE',  ( -1.614500821227607075, 7.199752109121559940, -7.648706998026767678 ) ) ;
#6778 = CARTESIAN_POINT ( 'NONE',  ( 3.215996147184430942, 9.157016581724398918, 51.08700060243469210 ) ) ;
#6779 = CARTESIAN_POINT ( 'NONE',  ( -4.988506664927602863, 7.219198203959932059, 10.78328626044557481 ) ) ;
#6780 = CARTESIAN_POINT ( 'NONE',  ( -0.7890410813938509849, 1.670398952464579923, 57.49999999999997868 ) ) ;
#6781 = CARTESIAN_POINT ( 'NONE',  ( 0.6132927410518550504, 10.33840348052881453, 7.834956390672060067 ) ) ;
#6782 = CARTESIAN_POINT ( 'NONE',  ( 3.866698861154793221, 8.308528984237934623, 2.049746665524629030 ) ) ;
#6783 = CARTESIAN_POINT ( 'NONE',  ( 5.902973937340611599, 3.355693167625789730, 50.06592297142893955 ) ) ;
#6784 = CARTESIAN_POINT ( 'NONE',  ( 1.369350495290443392, 2.375840956666923187, -14.99999999999999112 ) ) ;
#6785 = CARTESIAN_POINT ( 'NONE',  ( -0.4398806201801191418, 10.43719115981762968, 9.116224371587431818 ) ) ;
#6786 = CARTESIAN_POINT ( 'NONE',  ( 0.02031420821202682345, 11.18401132419603883, 44.58740256663709545 ) ) ;
#6787 = CARTESIAN_POINT ( 'NONE',  ( -0.01362489324604465417, 10.61018081394270851, 50.30323381200563659 ) ) ;
#6788 = CARTESIAN_POINT ( 'NONE',  ( -1.736338393797442814, 9.851288817658184982, 49.94241741271395085 ) ) ;
#6789 = CARTESIAN_POINT ( 'NONE',  ( 2.145560772005922878, 10.82805975386855657, 45.36258416648725955 ) ) ;
#6790 = CARTESIAN_POINT ( 'NONE',  ( -3.893814642145612570, 7.890587444127134198, 51.16611424875225111 ) ) ;
#6791 = ORIENTED_EDGE ( 'NONE', *, *, #5606, .F. ) ;
#6792 = CARTESIAN_POINT ( 'NONE',  ( -0.1175453564775699733, 9.777604712564285094, 2.015623765369861875 ) ) ;
#6793 = CARTESIAN_POINT ( 'NONE',  ( 3.207619727600402815, 10.17414468946362049, 41.45540113598099197 ) ) ;
#6794 = CARTESIAN_POINT ( 'NONE',  ( 0.09916662587392836847, 5.539704203839082020, -13.07107745889440764 ) ) ;
#6795 = CARTESIAN_POINT ( 'NONE',  ( 2.839283625207623896, 8.728274020285843093, 51.57485607924449766 ) ) ;
#6796 = CARTESIAN_POINT ( 'NONE',  ( 1.189930842154289126, 7.689011782759048508, -6.993407671787997160 ) ) ;
#6797 = CARTESIAN_POINT ( 'NONE',  ( 4.629544162958748821, 5.812859317794976555, 52.42601143496749927 ) ) ;
#6798 = CARTESIAN_POINT ( 'NONE',  ( 0.002409704971967006372, 10.62503073418104194, 50.20225639761080316 ) ) ;
#6799 = CARTESIAN_POINT ( 'NONE',  ( -1.058883534450059782, 9.294375023863029384, -0.5912377615876321935 ) ) ;
#6800 = CARTESIAN_POINT ( 'NONE',  ( -3.174300873728945760, 8.629105066599912277, 51.15332492212353088 ) ) ;
#6801 = ORIENTED_EDGE ( 'NONE', *, *, #843, .T. ) ;
#6802 = CARTESIAN_POINT ( 'NONE',  ( 5.723603456974110770, 7.501602820786573034, 45.27156873366463685 ) ) ;
#6803 = CARTESIAN_POINT ( 'NONE',  ( -2.098488812743535728E-32, 1.562500000000000000, 57.50000000000000000 ) ) ;
#6804 = DIRECTION ( 'NONE',  ( -0.000000000000000000, -0.000000000000000000, -1.000000000000000000 ) ) ;
#6805 = CARTESIAN_POINT ( 'NONE',  ( 0.000000000000000000, 9.472329179332909632, -0.1909211665312129935 ) ) ;
#6806 = CARTESIAN_POINT ( 'NONE',  ( 1.931044556437862880, 9.331521007840795079, 51.55684204356089140 ) ) ;
#6807 = CARTESIAN_POINT ( 'NONE',  ( 4.516728697123141067, 7.589452198992327148, 49.94063592221484527 ) ) ;
#6808 = CARTESIAN_POINT ( 'NONE',  ( -0.6613107112638730856, 10.07753747438866831, 50.59705894899310152 ) ) ;
#6809 = CARTESIAN_POINT ( 'NONE',  ( 1.167006757842229625, 10.41207777784382671, 50.31627095985044207 ) ) ;
#6810 = CARTESIAN_POINT ( 'NONE',  ( 4.495994396035024820, 8.206265898402369530, 50.24986683283118083 ) ) ;
#6811 = CARTESIAN_POINT ( 'NONE',  ( -5.104005598358862805, 5.781289108118266462, 2.073484335197512074 ) ) ;
#6812 = CARTESIAN_POINT ( 'NONE',  ( 5.700397852935944698, 4.889428315249421786, 50.85898971060473883 ) ) ;
#6813 = CARTESIAN_POINT ( 'NONE',  ( -5.499999998192762973, 1.562500000000004219, 28.18742407167561836 ) ) ;
#6814 = CARTESIAN_POINT ( 'NONE',  ( 3.109701234309337536, 8.753868027758693771, 50.95540067381244143 ) ) ;
#6815 = CARTESIAN_POINT ( 'NONE',  ( 1.399653882538311800, 10.51505069948961690, 10.78688194948867896 ) ) ;
#6816 = CARTESIAN_POINT ( 'NONE',  ( 5.899984912223146694, 1.564474226172970273, 45.15992251332671259 ) ) ;
#6817 = CARTESIAN_POINT ( 'NONE',  ( 5.362542578817046213, 2.812473557588339279, 52.47552341170886336 ) ) ;
#6818 = CARTESIAN_POINT ( 'NONE',  ( -2.098488812743535728E-32, 1.562500000000000000, 57.50000000000000000 ) ) ;
#6819 = CARTESIAN_POINT ( 'NONE',  ( 0.1997723470983560623, 10.60282526205362963, 50.30403376622252409 ) ) ;
#6820 = CARTESIAN_POINT ( 'NONE',  ( -2.722204118373733994, 10.39263365943428319, 34.88726677398668130 ) ) ;
#6821 = CARTESIAN_POINT ( 'NONE',  ( 3.270166188686586040, 9.265553766463876073, 50.66660118432558590 ) ) ;
#6822 = CARTESIAN_POINT ( 'NONE',  ( -4.849050435389428593, 7.579101467955651650, 10.78355260778209868 ) ) ;
#6823 = CARTESIAN_POINT ( 'NONE',  ( -5.505326387140170752, 3.572954375355149370, 7.859780694553099245 ) ) ;
#6824 = CARTESIAN_POINT ( 'NONE',  ( 0.7094745129935660088, 10.33692368319140797, 7.835206299771540372 ) ) ;
#6825 = CARTESIAN_POINT ( 'NONE',  ( 4.341021037706781271, 8.814458841680279377, 33.64176267588897673 ) ) ;
#6826 = CARTESIAN_POINT ( 'NONE',  ( 5.914612451110048852, 2.376954014071993360, 49.29440688468132947 ) ) ;
#6827 = CARTESIAN_POINT ( 'NONE',  ( 5.465993758303994809, 4.949381208680300404, 36.12805437041341605 ) ) ;
#6828 = CARTESIAN_POINT ( 'NONE',  ( 0.07812115130929418727, 11.29254274006727776, 42.19402097486645431 ) ) ;
#6829 = CARTESIAN_POINT ( 'NONE',  ( -0.03303012071693895574, 10.68212280117720070, 49.79937531526494610 ) ) ;
#6830 = CARTESIAN_POINT ( 'NONE',  ( -1.269200367570095800, 7.418500956990939699, -7.650930696487848515 ) ) ;
#6831 = CARTESIAN_POINT ( 'NONE',  ( 2.199519529673076956, 10.07569465842414047, 50.02562561204969427 ) ) ;
#6832 = CARTESIAN_POINT ( 'NONE',  ( -2.334496876449032143, 4.539871254393974986, 56.32179025497218561 ) ) ;
#6833 = CARTESIAN_POINT ( 'NONE',  ( 5.460897756618293464, 5.002762819103638847, 50.95540067381245564 ) ) ;
#6834 = CARTESIAN_POINT ( 'NONE',  ( -0.1083212966252130732, 9.113932039957113318, -2.358427881708287543 ) ) ;
#6835 = CARTESIAN_POINT ( 'NONE',  ( 5.497956109594683838, 3.322959873401270414, 50.15999284176121620 ) ) ;
#6836 = CARTESIAN_POINT ( 'NONE',  ( 0.07161368706975200504, 3.725016719955450917, -15.00000000000000000 ) ) ;
#6837 = CARTESIAN_POINT ( 'NONE',  ( 2.662323137908598092, 7.932184935733729958, -3.615754572624844787 ) ) ;
#6838 = CARTESIAN_POINT ( 'NONE',  ( 1.654626609635711176, 10.09723221677696081, 6.168344464501042346 ) ) ;
#6839 = CARTESIAN_POINT ( 'NONE',  ( 5.525791859852631660, 6.634541076104571999, 46.30460486554039079 ) ) ;
#6840 = CARTESIAN_POINT ( 'NONE',  ( 0.003466575380525980469, 10.65405102622550082, 50.00066450164962362 ) ) ;
#6841 = CARTESIAN_POINT ( 'NONE',  ( -0.6873222817813434693, 6.799625167467919340, -10.02532176947697629 ) ) ;
#6842 = CARTESIAN_POINT ( 'NONE',  ( -3.254018672301050241, 8.768552705626241561, 50.61324744461170155 ) ) ;
#6843 = ORIENTED_EDGE ( 'NONE', *, *, #4794, .F. ) ;
#6844 = CARTESIAN_POINT ( 'NONE',  ( 5.500377122723283385, 6.732057683062733666, 49.37861695006987617 ) ) ;
#6845 = DIRECTION ( 'NONE',  ( -1.000000000000000000, 0.000000000000000000, 0.000000000000000000 ) ) ;
#6846 = CARTESIAN_POINT ( 'NONE',  ( 0.03121648612211092022, 11.00114060281530648, 34.88686443747524635 ) ) ;
#6847 = CARTESIAN_POINT ( 'NONE',  ( 1.996577098276174800, 9.047886947390415102, -0.5941706724214325108 ) ) ;
#6848 = CARTESIAN_POINT ( 'NONE',  ( 1.952879713109155091, 4.037300506263788336, -13.01873673527155617 ) ) ;
#6849 = CARTESIAN_POINT ( 'NONE',  ( -0.5705721952709359446, 9.994124745477895644, 4.079327371539260838 ) ) ;
#6850 = CARTESIAN_POINT ( 'NONE',  ( 1.025087641756462054, 10.37549414914129287, 50.72376459141560190 ) ) ;
#6851 = CARTESIAN_POINT ( 'NONE',  ( -0.1652719606546325382, 9.216564394460030840, -1.767866582307248136 ) ) ;
#6852 = CARTESIAN_POINT ( 'NONE',  ( 4.871765301464926701, 9.228608479906089457, 42.91242630504144273 ) ) ;
#6853 = CARTESIAN_POINT ( 'NONE',  ( -5.302603919695543233, 6.131585404565921493, 12.44398862418119300 ) ) ;
#6854 = CARTESIAN_POINT ( 'NONE',  ( 5.855879875692855840, 4.403370600816157499, 49.97523494899773056 ) ) ;
#6855 = CARTESIAN_POINT ( 'NONE',  ( -5.499999999964850339, 1.562500000000002887, 36.12711644494349628 ) ) ;
#6856 = CARTESIAN_POINT ( 'NONE',  ( 5.405755037054126078, 3.940381714513887967, 50.95540067381244853 ) ) ;
#6857 = EDGE_CURVE ( 'NONE', #7321, #5594, #4230, .T. ) ;
#6858 = CARTESIAN_POINT ( 'NONE',  ( 1.119524602013904024, 9.831240660940284926, 51.12561471442828775 ) ) ;
#6859 = CARTESIAN_POINT ( 'NONE',  ( 5.899950808386917878, 1.655849453644769431, 50.15916916991020713 ) ) ;
#6860 = CARTESIAN_POINT ( 'NONE',  ( 5.210663832485176172, 2.758015909920622732, 53.26819897828619332 ) ) ;
#6861 = CARTESIAN_POINT ( 'NONE',  ( -5.277830423234315838, 3.861395832207745293, 52.08353018404008594 ) ) ;
#6862 = CARTESIAN_POINT ( 'NONE',  ( 0.2277074774308342209, 10.55347030546724696, 50.60876570318449552 ) ) ;
#6863 = CARTESIAN_POINT ( 'NONE',  ( -2.310377808337342742, 8.653086089755293031, -1.796189082753357091 ) ) ;
#6864 = CARTESIAN_POINT ( 'NONE',  ( 3.557188717151984925, 9.276592153899045456, 49.93554804759491361 ) ) ;
#6865 = CARTESIAN_POINT ( 'NONE',  ( -4.952281101623666082, 7.148104089877374889, 7.850450754839421563 ) ) ;
#6866 = CARTESIAN_POINT ( 'NONE',  ( 5.720769315157128609, 5.934303659732210967, 49.36193505888069666 ) ) ;
#6867 = CARTESIAN_POINT ( 'NONE',  ( -3.067407115473151258, 2.437928271886109499, -12.97782674439391215 ) ) ;
#6868 = CARTESIAN_POINT ( 'NONE',  ( 0.4765030784451981805, 8.079410698447151873, -6.556817566926644858 ) ) ;
#6869 = CARTESIAN_POINT ( 'NONE',  ( 4.514604986148174071, 8.772693088650997950, 46.34376023141788181 ) ) ;
#6870 = CARTESIAN_POINT ( 'NONE',  ( 5.910580729575934278, 2.619370644640294010, 49.94653390890334066 ) ) ;
#6871 = CARTESIAN_POINT ( 'NONE',  ( 5.283041859770640336, 4.248986890463556598, 51.66492625766249347 ) ) ;
#6872 = CARTESIAN_POINT ( 'NONE',  ( 0.07845145028314640112, 11.31481509347024605, 41.39799342975691587 ) ) ;
#6873 = CARTESIAN_POINT ( 'NONE',  ( -0.0009997953055090895349, 10.65405278347534690, 50.00066873858062877 ) ) ;
#6874 = CARTESIAN_POINT ( 'NONE',  ( -1.570278194565629892, 8.808308224818595988, 53.14091233185830987 ) ) ;
#6875 = CARTESIAN_POINT ( 'NONE',  ( 2.435384673169731951, 9.936629321189268893, 50.13243433696791840 ) ) ;
#6876 = CARTESIAN_POINT ( 'NONE',  ( -2.098488812743535728E-32, 1.562500000000000000, 57.50000000000000000 ) ) ;
#6877 = EDGE_LOOP ( 'NONE', ( #3417, #7539 ) ) ;
#6878 = CARTESIAN_POINT ( 'NONE',  ( 5.511150908015081562, 1.927838033970522558, 44.05836332895116669 ) ) ;
#6879 = CARTESIAN_POINT ( 'NONE',  ( 0.2727242906690224844, 7.984935161789102231, -6.993370388507996083 ) ) ;
#6880 = CARTESIAN_POINT ( 'NONE',  ( 2.824167051866786959, 7.950930136980220553, 52.96611874283176746 ) ) ;
#6881 = CARTESIAN_POINT ( 'NONE',  ( 5.180526457590568512, 5.844374902697363261, 50.27213978894268820 ) ) ;
#6882 = CARTESIAN_POINT ( 'NONE',  ( 0.005488917941909273075, 10.52996542577044892, 50.81013803560621511 ) ) ;
#6883 = CARTESIAN_POINT ( 'NONE',  ( 4.120351179094107863, 1.562499999999996891, 56.14628101717747199 ) ) ;
#6884 = CARTESIAN_POINT ( 'NONE',  ( -0.2482817368939242431, 3.638924848861503136, -14.99999999999999645 ) ) ;
#6885 = CARTESIAN_POINT ( 'NONE',  ( -3.032664295894638151, 8.014858208632052339, -2.419299080478774844 ) ) ;
#6886 = ORIENTED_EDGE ( 'NONE', *, *, #6647, .F. ) ;
#6887 = CARTESIAN_POINT ( 'NONE',  ( 5.281739057202190502, 6.710906714966078823, 50.44979749722063644 ) ) ;
#6888 = CARTESIAN_POINT ( 'NONE',  ( 4.751269525286537565, 9.380439647404887893, 41.45540113598100618 ) ) ;
#6889 = CARTESIAN_POINT ( 'NONE',  ( 0.02184585269274673738, 6.958444683378267825, -10.03634398794807936 ) ) ;
#6890 = CARTESIAN_POINT ( 'NONE',  ( 2.752615164986327301, 10.09701727666773685, 46.38182794824302846 ) ) ;
#6891 = CARTESIAN_POINT ( 'NONE',  ( 4.493688504165741726, 6.951924739422778998, 0.4176927192483900764 ) ) ;
#6892 = CARTESIAN_POINT ( 'NONE',  ( -0.6740879827969132876, 10.13181157822328693, 50.25780914012223377 ) ) ;
#6893 = CARTESIAN_POINT ( 'NONE',  ( 1.053378129451123968, 10.51406029854488544, 49.90694362808594775 ) ) ;
#6894 = CARTESIAN_POINT ( 'NONE',  ( 4.498727159229594541, 8.012264213137873625, 50.67540070785531725 ) ) ;
#6895 = CARTESIAN_POINT ( 'NONE',  ( -5.128637317473475399, 5.370019088296984933, 51.20021911976187567 ) ) ;
#6896 = CARTESIAN_POINT ( 'NONE',  ( 5.816584314493047358, 4.388768584390588146, 50.41080621754831981 ) ) ;
#6897 = FACE_OUTER_BOUND ( 'NONE', #8225, .T. ) ;
#6898 = CARTESIAN_POINT ( 'NONE',  ( -4.087794921837960629E-05, 10.89097362347724385, 42.25052500959526469 ) ) ;
#6899 = CARTESIAN_POINT ( 'NONE',  ( 1.300065310179578049, 10.85693902140437395, 18.26441866523439472 ) ) ;
#6900 = CARTESIAN_POINT ( 'NONE',  ( 5.896519718024988421, 1.561969838210864658, 50.83349832651197175 ) ) ;
#6901 = CARTESIAN_POINT ( 'NONE',  ( 5.414381882068435736, 3.430825707682370940, 0.4253732481288064471 ) ) ;
#6902 = CARTESIAN_POINT ( 'NONE',  ( -1.471891048992977957, 2.216386935148594528, -14.99999999999998757 ) ) ;
#6903 = CARTESIAN_POINT ( 'NONE',  ( 0.2022095287964922050, 10.66129088222795041, 49.90000337693893329 ) ) ;
#6904 = CARTESIAN_POINT ( 'NONE',  ( -2.494170959289228495, 8.807209620804362871, 51.97500901396056605 ) ) ;
#6905 = CARTESIAN_POINT ( 'NONE',  ( 3.683286093087290158, 10.14256545923829478, 45.33923951703971511 ) ) ;
#6906 = CARTESIAN_POINT ( 'NONE',  ( -4.989138687420528129, 6.873245266144182963, 28.18628567105826122 ) ) ;
#6907 = CARTESIAN_POINT ( 'NONE',  ( 5.988844008446548628, 5.817483972997824715, 46.85737657393924849 ) ) ;
#6908 = CARTESIAN_POINT ( 'NONE',  ( -1.581884580415126917, 2.025425621699049383, -14.99999999999998934 ) ) ;
#6909 = CARTESIAN_POINT ( 'NONE',  ( 0.4223646891993618757, 6.895941147967050711, -10.03004557739316738 ) ) ;
#6910 = CARTESIAN_POINT ( 'NONE',  ( 4.322182769231219801, 8.658169847990304646, 12.44751184623299523 ) ) ;
#6911 = CARTESIAN_POINT ( 'NONE',  ( 5.936075569493207027, 2.288677126207937729, 42.81662554936726650 ) ) ;
#6912 = CARTESIAN_POINT ( 'NONE',  ( 4.425213948724831425, 3.842160102142945899, -7.624246314954821635 ) ) ;
#6913 = CARTESIAN_POINT ( 'NONE',  ( 0.05275174005011930289, 10.78835089953490822, 48.99409202215531423 ) ) ;
#6914 = CARTESIAN_POINT ( 'NONE',  ( -0.007401912862034436096, 10.78873181940780590, 48.99455035425712879 ) ) ;
#6915 = CARTESIAN_POINT ( 'NONE',  ( -2.093694299719181195, 10.70098632013010231, 24.06658978312219332 ) ) ;
#6916 = CARTESIAN_POINT ( 'NONE',  ( 2.333272231029863253, 10.46355697455041245, 47.77796088807637886 ) ) ;
#6917 = CARTESIAN_POINT ( 'NONE',  ( -4.316986471336498710, 7.889127606980938623, 49.94081407126478922 ) ) ;
#6918 = ADVANCED_FACE ( 'NONE', ( #5076 ), #5734, .T. ) ;
#6919 = CARTESIAN_POINT ( 'NONE',  ( 0.000000000000000000, 10.16226814213391449, 50.59279881856718930 ) ) ;
#6920 = CARTESIAN_POINT ( 'NONE',  ( -0.1885199302024616053, 10.99905703530764356, 34.88688810432887522 ) ) ;
#6921 = CARTESIAN_POINT ( 'NONE',  ( 5.544113971098282967, 2.453207779371164854, 46.01253160184889168 ) ) ;
#6922 = CARTESIAN_POINT ( 'NONE',  ( 0.1967677887377826673, 6.155421404644037864, 56.44610929841024927 ) ) ;
#6923 = CARTESIAN_POINT ( 'NONE',  ( 3.556537232782856162, 9.556760893860039019, 12.44902179854094015 ) ) ;
#6924 = CARTESIAN_POINT ( 'NONE',  ( 4.154403954665752963, 4.681870428158201314, -6.993572783456611042 ) ) ;
#6925 = CARTESIAN_POINT ( 'NONE',  ( 0.004256903024181753203, 10.62502832791890839, 50.20225797250819255 ) ) ;
#6926 = CARTESIAN_POINT ( 'NONE',  ( 5.493541243352612291, 1.562500000000002442, -3.794934534324067688 ) ) ;
#6927 = CARTESIAN_POINT ( 'NONE',  ( -1.530126587740141542, 10.83783867106871490, 33.64212437433445047 ) ) ;
#6928 = CARTESIAN_POINT ( 'NONE',  ( -2.524009476880355596, 6.937700307920304788, -6.565905744928147492 ) ) ;
#6929 = ORIENTED_EDGE ( 'NONE', *, *, #1160, .T. ) ;
#6930 = CARTESIAN_POINT ( 'NONE',  ( 5.253226349618205226, 6.525976618117981687, 50.88178470522111496 ) ) ;
#6931 = CARTESIAN_POINT ( 'NONE',  ( 6.035889362579161421, 3.800722387521446866, 41.45540113598099197 ) ) ;
#6932 = CARTESIAN_POINT ( 'NONE',  ( 0.01949606001787409365, 8.747646943945387221, -4.149640900539225186 ) ) ;
#6933 = CARTESIAN_POINT ( 'NONE',  ( 2.590073119083481146, 10.47908278642031377, 42.66009587039121698 ) ) ;
#6934 = CARTESIAN_POINT ( 'NONE',  ( 4.882934848744354461, 7.650866662483568170, 18.26261469964491013 ) ) ;
#6935 = CARTESIAN_POINT ( 'NONE',  ( -0.4459617264761664424, 9.384827884825245548, -0.5891847240039739253 ) ) ;
#6936 = CARTESIAN_POINT ( 'NONE',  ( 1.170888290410181387, 11.09439415364825443, 44.57311773158941293 ) ) ;
#6937 = CARTESIAN_POINT ( 'NONE',  ( 4.328548996172006724, 8.188305228739853447, 50.78214605643403701 ) ) ;
#6938 = CARTESIAN_POINT ( 'NONE',  ( -5.439735981566955481, 5.816893464898316601, 37.30095477827788386 ) ) ;
#6939 = CARTESIAN_POINT ( 'NONE',  ( 5.824722353169470068, 4.120812190810640097, 50.62649586004583568 ) ) ;
#6940 = LINE ( 'NONE', #6293, #6295 ) ;
#6941 = FACE_OUTER_BOUND ( 'NONE', #4764, .T. ) ;
#6942 = CARTESIAN_POINT ( 'NONE',  ( 5.899995436019482398, 1.564554202108837666, 42.80278112657531864 ) ) ;
#6943 = CARTESIAN_POINT ( 'NONE',  ( 5.515434190891754795, 2.893200287190807796, 36.12753330070796665 ) ) ;
#6944 = CARTESIAN_POINT ( 'NONE',  ( -5.008163747185793824, 3.700903591975503559, 53.27792281145914188 ) ) ;
#6945 = CARTESIAN_POINT ( 'NONE',  ( 0.2003899359949465608, 10.61778225435787881, 50.20283781051563921 ) ) ;
#6946 = CARTESIAN_POINT ( 'NONE',  ( -1.897493020588450374, 6.964938465565559511, 55.02062135112073094 ) ) ;
#6947 = CARTESIAN_POINT ( 'NONE',  ( 3.772346034360265943, 9.691288778906136159, 47.76601631220419364 ) ) ;
#6948 = CARTESIAN_POINT ( 'NONE',  ( -5.132194722219248995, 6.884904226986625631, 15.73739794021518179 ) ) ;
#6949 = CARTESIAN_POINT ( 'NONE',  ( 6.029476005596247745, 6.221304174109626217, 43.65248661734379709 ) ) ;
#6950 = CARTESIAN_POINT ( 'NONE',  ( -5.515454047433516749, 3.115357214310694456, 10.78035643974379276 ) ) ;
#6951 = CARTESIAN_POINT ( 'NONE',  ( 0.6313993299758490219, 10.99995286938344208, 31.92477412511285451 ) ) ;
#6952 = CARTESIAN_POINT ( 'NONE',  ( 4.537002269359782680, 8.963469801006652915, 39.76769990921825126 ) ) ;
#6953 = CARTESIAN_POINT ( 'NONE',  ( 5.949648343211585200, 2.570372858587519183, 46.79317346030435232 ) ) ;
#6954 = CARTESIAN_POINT ( 'NONE',  ( 1.462434383211648364E-15, 1.562500000000000000, -14.99999999999999822 ) ) ;
#6955 = CARTESIAN_POINT ( 'NONE',  ( 0.06613691377435483576, 10.66746149352053408, 49.89986847082237631 ) ) ;
#6956 = CARTESIAN_POINT ( 'NONE',  ( -0.007686333331192546532, 10.51248730338445014, 50.91158784145272875 ) ) ;
#6957 = CARTESIAN_POINT ( 'NONE',  ( -2.012276698837797362, 10.01000447822541517, 6.170380356621661733 ) ) ;
#6958 = CARTESIAN_POINT ( 'NONE',  ( 2.542890513741939085, 10.22559321100465368, 48.59339322872627775 ) ) ;
#6959 = CARTESIAN_POINT ( 'NONE',  ( -4.648344779552203043, 8.564616692208996795, 37.30615599676998073 ) ) ;
#6960 = CARTESIAN_POINT ( 'NONE',  ( 0.000000000000000000, 10.67192090994640452, 46.42859685748531007 ) ) ;
#6961 = CARTESIAN_POINT ( 'NONE',  ( -4.322085920064052011, 3.470063934409027162, -8.606698738872966103 ) ) ;
#6962 = CARTESIAN_POINT ( 'NONE',  ( -0.1211790980219900060, 9.424942753880825919, 53.14792082583381472 ) ) ;
#6963 = LINE ( 'NONE', #8183, #2566 ) ;
#6964 = CARTESIAN_POINT ( 'NONE',  ( 0.3110603517428270903, 10.19387110089988191, 50.25694263577497622 ) ) ;
#6965 = CARTESIAN_POINT ( 'NONE',  ( 1.801049316332023587, 6.001717045762853253, -10.00264749147929599 ) ) ;
#6966 = ADVANCED_FACE ( 'NONE', ( #4384, #5033, #2396 ), #5609, .T. ) ;
#6967 = CARTESIAN_POINT ( 'NONE',  ( 5.280060625654699358, 6.074764220234766476, 9.121943931853246923 ) ) ;
#6968 = CARTESIAN_POINT ( 'NONE',  ( 0.004234698654128331644, 11.22385013671661191, 43.78969217601005681 ) ) ;
#6969 = CARTESIAN_POINT ( 'NONE',  ( 5.188117799427740096, 1.562500000000027311, 53.86542492816391103 ) ) ;
#6970 = CARTESIAN_POINT ( 'NONE',  ( -1.225669667348785463, 9.552538161931831695, 51.94947462100061841 ) ) ;
#6971 = CARTESIAN_POINT ( 'NONE',  ( -3.795392118587672226, 9.118415663853093989, 9.119234666464157257 ) ) ;
#6972 = ORIENTED_EDGE ( 'NONE', *, *, #3155, .T. ) ;
#6973 = CARTESIAN_POINT ( 'NONE',  ( 5.279690940675498823, 6.389434407303324015, 50.98942977981018032 ) ) ;
#6974 = CARTESIAN_POINT ( 'NONE',  ( 0.3503568042482488876, 11.30582474796867665, 41.45540113598099907 ) ) ;
#6975 = CARTESIAN_POINT ( 'NONE',  ( 0.03707307741777606663, 6.183393338417140228, 56.45585981162102485 ) ) ;
#6976 = CARTESIAN_POINT ( 'NONE',  ( 2.019640988049332009, 8.493126626079932961, -2.998229712686411919 ) ) ;
#6977 = CARTESIAN_POINT ( 'NONE',  ( 4.828739053821450966, 7.536988425535586344, 9.120739813902543958 ) ) ;
#6978 = CARTESIAN_POINT ( 'NONE',  ( -0.5502008407349043839, 9.065705977690074135, -2.368573081503369870 ) ) ;
#6979 = CARTESIAN_POINT ( 'NONE',  ( -0.3149825381520916512, 10.34038084601897900, 7.834206663373630697 ) ) ;
#6980 = CARTESIAN_POINT ( 'NONE',  ( 4.605547332606613864, 8.145899234258036969, 50.03741551671026144 ) ) ;
#6981 = CARTESIAN_POINT ( 'NONE',  ( -5.055604276367136940, 5.255069482420108962, -0.1983486815367291323 ) ) ;
#6982 = CARTESIAN_POINT ( 'NONE',  ( 9.836229372073864005E-05, 10.67177061065764931, 49.87628287733047472 ) ) ;
#6983 = CARTESIAN_POINT ( 'NONE',  ( 3.737208133432178947, 8.761786975412524825, 50.95540067381244853 ) ) ;
#6984 = CIRCLE ( 'NONE', #5887, 0.1000000000000005745 ) ;
#6985 = DIRECTION ( 'NONE',  ( 1.000000000000000000, 0.000000000000000000, 0.000000000000000000 ) ) ;
#6986 = CARTESIAN_POINT ( 'NONE',  ( 2.572813901684777527, 1.958991454639971375, 57.22501574084637355 ) ) ;
#6987 = CARTESIAN_POINT ( 'NONE',  ( -0.3291905371424962978, 9.601865857785465863, 52.68409212472752046 ) ) ;
#6988 = CARTESIAN_POINT ( 'NONE',  ( 0.2142556172251294522, 10.92409514990535158, 47.78674993151928874 ) ) ;
#6989 = CARTESIAN_POINT ( 'NONE',  ( -3.042851695059870742, 9.960320510248054759, 46.37638970298228713 ) ) ;
#6990 = CARTESIAN_POINT ( 'NONE',  ( 3.407355715588150424, 8.996398882539464736, 51.09051604106890920 ) ) ;
#6991 = CARTESIAN_POINT ( 'NONE',  ( -2.836531515670560832, 3.966573432563970769, 56.28278820212880618 ) ) ;
#6992 = CARTESIAN_POINT ( 'NONE',  ( 5.530035895081889308, 5.509624882060624174, 51.08828475342528463 ) ) ;
#6993 = CARTESIAN_POINT ( 'NONE',  ( -5.504653336192196100, 2.962469273845955264, 34.88845011666776941 ) ) ;
#6994 = AXIS2_PLACEMENT_3D ( 'NONE', #7324, #8019, #2177 ) ;
#6995 = CARTESIAN_POINT ( 'NONE',  ( 0.8130848928727403280, 10.94986993039962364, 36.13023417868147646 ) ) ;
#6996 = CARTESIAN_POINT ( 'NONE',  ( 3.536969552315697651, 7.372371154017888450, 52.71957778860961241 ) ) ;
#6997 = CARTESIAN_POINT ( 'NONE',  ( 5.897263355461205059, 2.179714783341928364, 50.71863175393811218 ) ) ;
#6998 = CARTESIAN_POINT ( 'NONE',  ( 5.445266035305967200, 4.922512565490790415, 9.122847020316262601 ) ) ;
#6999 = CARTESIAN_POINT ( 'NONE',  ( 0.06387147247766816749, 10.52910461933965180, 50.81059346801477972 ) ) ;
#7000 = CARTESIAN_POINT ( 'NONE',  ( -0.007392952086197595446, 10.61018130390854708, 50.30324635392594956 ) ) ;
#7001 = CARTESIAN_POINT ( 'NONE',  ( -1.888830696655554364, 9.715059059662735308, 50.26054196152519893 ) ) ;
#7002 = CARTESIAN_POINT ( 'NONE',  ( 2.367619611025942650, 10.14016594804689042, 49.41050538627976607 ) ) ;
#7003 = CARTESIAN_POINT ( 'NONE',  ( -3.111556451979744065, 5.862279260462352148, -7.637588505721355503 ) ) ;
#7004 = CARTESIAN_POINT ( 'NONE',  ( 0.000000000000000000, 6.959144617855582915, -10.03665890847582531 ) ) ;
#7005 = CARTESIAN_POINT ( 'NONE',  ( -5.446171944087466521, 5.100464822728655534, 20.75061983177448965 ) ) ;
#7006 = CARTESIAN_POINT ( 'NONE',  ( -0.09916662587392836847, 5.539704203839082020, -13.07107745889440764 ) ) ;
#7007 = CARTESIAN_POINT ( 'NONE',  ( 5.553970389548988251, 2.958799203179834691, 48.17606869259824265 ) ) ;
#7008 = CARTESIAN_POINT ( 'NONE',  ( 0.3524786071342396188, 11.02109304015231039, 31.92477151093238064 ) ) ;
#7009 = CARTESIAN_POINT ( 'NONE',  ( 2.962852256893693692, 8.641415692118700420, -0.1941043872478631083 ) ) ;
#7010 = CARTESIAN_POINT ( 'NONE',  ( 4.829321539777949646, 5.431803727523567105, -1.852834083645568564 ) ) ;
#7011 = CARTESIAN_POINT ( 'NONE',  ( 0.006178454684149798336, 10.63953606183467393, 50.10146085476031175 ) ) ;
#7012 = CARTESIAN_POINT ( 'NONE',  ( 2.747972561521468737, 1.562499999999996891, 57.21394306662715223 ) ) ;
#7013 = CARTESIAN_POINT ( 'NONE',  ( -0.8650729318812896418, 7.267218035053063296, -8.667086255405358486 ) ) ;
#7014 = CARTESIAN_POINT ( 'NONE',  ( -3.914129444734564700, 9.484208185052983353, 20.74989542990924463 ) ) ;
#7015 = ORIENTED_EDGE ( 'NONE', *, *, #3683, .F. ) ;
#7016 = CARTESIAN_POINT ( 'NONE',  ( 5.900054108822554433, 6.994075891617558050, 42.87010727686325851 ) ) ;
#7017 = CARTESIAN_POINT ( 'NONE',  ( 4.174476303960137358, 9.982786630380102721, 41.45540113598099197 ) ) ;
#7018 = CARTESIAN_POINT ( 'NONE',  ( 0.01709192888409180947, 5.550067267009787031, -13.07258150267667496 ) ) ;
#7019 = CARTESIAN_POINT ( 'NONE',  ( 2.474511600221027674, 10.50777063472884976, 33.64202390254398978 ) ) ;
#7020 = CARTESIAN_POINT ( 'NONE',  ( 4.948317750221391087, 7.249054512220645563, 24.06896264043182043 ) ) ;
#7021 = CARTESIAN_POINT ( 'NONE',  ( -0.7425000400483705576, 10.93792142079833241, 18.26462311466791633 ) ) ;
#7022 = CARTESIAN_POINT ( 'NONE',  ( 4.607789730786649329, 7.762771292959011582, 50.88948338262117232 ) ) ;
#7023 = CARTESIAN_POINT ( 'NONE',  ( -5.559621659720552778, 5.854696369181159099, 39.74739106654900667 ) ) ;
#7024 = EDGE_CURVE ( 'NONE', #6367, #3068, #4311, .T. ) ;
#7025 = CARTESIAN_POINT ( 'NONE',  ( 0.0002979649641448327735, 10.74446333466150705, 49.33555370587471600 ) ) ;
#7026 = CARTESIAN_POINT ( 'NONE',  ( -4.087794904117838927E-05, 10.64594905789912360, 50.05681282004319144 ) ) ;
#7027 = CARTESIAN_POINT ( 'NONE',  ( 5.898661895411369649, 3.322278425143401215, 50.15587470326092756 ) ) ;
#7028 = CARTESIAN_POINT ( 'NONE',  ( 5.505554585795617406, 2.349314138428126864, 10.77982374507072727 ) ) ;
#7029 = CARTESIAN_POINT ( 'NONE',  ( -0.3997127814872584173, 9.585324575922095747, 52.68484713885268178 ) ) ;
#7030 = CARTESIAN_POINT ( 'NONE',  ( 0.2858576773377286551, 10.51365570583657139, 50.81298308478856285 ) ) ;
#7031 = CARTESIAN_POINT ( 'NONE',  ( -3.091205065743745539, 10.26949067712799568, 39.78039293588652470 ) ) ;
#7032 = CARTESIAN_POINT ( 'NONE',  ( -2.098488812743535728E-32, 1.562500000000000000, 57.50000000000000000 ) ) ;
#7033 = CARTESIAN_POINT ( 'NONE',  ( 4.594424505029947703, 9.566949667213977548, 42.12676996783334005 ) ) ;
#7034 = CARTESIAN_POINT ( 'NONE',  ( -5.222922118419838888, 6.815514168894170055, 48.51392793203239506 ) ) ;
#7035 = CARTESIAN_POINT ( 'NONE',  ( 5.498137286180358352, 5.635543466529149725, 51.08992217422262883 ) ) ;
#7036 = CARTESIAN_POINT ( 'NONE',  ( -5.376354742695671263, 2.737973191999424127, -4.350573873499005373 ) ) ;
#7037 = CARTESIAN_POINT ( 'NONE',  ( 0.7740023461990870324, 10.18799978705703779, 6.163424391876288766 ) ) ;
#7038 = CARTESIAN_POINT ( 'NONE',  ( 5.896312519743338143, 2.071528005417615947, 50.83094547855456113 ) ) ;
#7039 = CARTESIAN_POINT ( 'NONE',  ( 5.466562488713293533, 5.060084777681770341, 18.26146016166759978 ) ) ;
#7040 = CARTESIAN_POINT ( 'NONE',  ( 0.09603539223589059592, 11.31457398185808394, 41.39782126013610508 ) ) ;
#7041 = CARTESIAN_POINT ( 'NONE',  ( -0.001696338491401151033, 10.51248796972434008, 50.91164704866113055 ) ) ;
#7042 = CARTESIAN_POINT ( 'NONE',  ( -2.186255043418975585, 10.65846467970482969, 39.78673944922053352 ) ) ;
#7043 = CARTESIAN_POINT ( 'NONE',  ( 2.498857082482774938, 10.52131055808999349, 46.96799890178024128 ) ) ;
#7044 = CARTESIAN_POINT ( 'NONE',  ( -4.008592031180631565, 7.299603565978177500, -1.213008775247835569 ) ) ;
#7045 = CARTESIAN_POINT ( 'NONE',  ( -0.007798337568279160512, 4.057638003756526501, 57.30229377966871596 ) ) ;
#7046 = CARTESIAN_POINT ( 'NONE',  ( -4.548913911226615703, 3.590728496416724536, -7.622763849314096340 ) ) ;
#7047 = CYLINDRICAL_SURFACE ( 'NONE', #5056, 0.09999999999999947820 ) ;
#7048 = CARTESIAN_POINT ( 'NONE',  ( 0.3166889250507293196, 10.23956193212103116, 49.94313000891351351 ) ) ;
#7049 = CARTESIAN_POINT ( 'NONE',  ( 3.799528961630687096, 8.994947848434065918, 48.54265846319552224 ) ) ;
#7050 = CARTESIAN_POINT ( 'NONE',  ( 6.063705658344124672, 4.202357908632038175, 42.05624654017754693 ) ) ;
#7051 = CARTESIAN_POINT ( 'NONE',  ( 3.896496940947103749, 4.543711386690112874, 54.87722217302606964 ) ) ;
#7052 = CARTESIAN_POINT ( 'NONE',  ( 0.007307642553475986874, 10.52996050712649634, 50.81015109430384769 ) ) ;
#7053 = CARTESIAN_POINT ( 'NONE',  ( 5.500001435629069846, 1.562499999999999778, 4.170263212415861176 ) ) ;
#7054 = CARTESIAN_POINT ( 'NONE',  ( -1.082582766831730492, 7.881513805871410483, -6.559296160927049257 ) ) ;
#7055 = CARTESIAN_POINT ( 'NONE',  ( -3.909234545099212088, 9.459347664053973759, 18.26333628588066205 ) ) ;
#7056 = ORIENTED_EDGE ( 'NONE', *, *, #1362, .T. ) ;
#7057 = CARTESIAN_POINT ( 'NONE',  ( -0.03068087875376538168, 10.19963056969485216, 6.159352607635097954 ) ) ;
#7058 = CARTESIAN_POINT ( 'NONE',  ( 5.932647828389377764, 6.812108870224088619, 44.45596213663338858 ) ) ;
#7059 = CARTESIAN_POINT ( 'NONE',  ( 5.747133004596825856, 2.611486588432053058, 41.75540113598098912 ) ) ;
#7060 = CARTESIAN_POINT ( 'NONE',  ( 0.07401084506517541239, 10.00648365600870626, 4.074818156289173210 ) ) ;
#7061 = CARTESIAN_POINT ( 'NONE',  ( 2.453373289421338477, 9.428584793854991375, 50.26187504513641358 ) ) ;
#7062 = CARTESIAN_POINT ( 'NONE',  ( 1.083827677676434398, 9.453486079505742268, 0.4084017568930490283 ) ) ;
#7063 = CARTESIAN_POINT ( 'NONE',  ( 4.827472583577785414, 7.649358209921595098, 24.06875630501359353 ) ) ;
#7064 = CARTESIAN_POINT ( 'NONE',  ( -0.9192339914560663239, 10.96512062414155686, 31.92477673929325732 ) ) ;
#7065 = CARTESIAN_POINT ( 'NONE',  ( 4.808044717215050667, 8.406187392775896328, 48.57185081652486502 ) ) ;
#7066 = CARTESIAN_POINT ( 'NONE',  ( -3.572245127143152565, 3.911366509699956584, -9.957298935483894553 ) ) ;
#7067 = DIRECTION ( 'NONE',  ( 1.000000000000000000, 0.000000000000000000, 0.000000000000000000 ) ) ;
#7068 = CARTESIAN_POINT ( 'NONE',  ( 0.8321008163193388540, 11.08152448227771991, 41.75540113598098912 ) ) ;
#7069 =( NAMED_UNIT ( * ) PLANE_ANGLE_UNIT ( ) SI_UNIT ( $, .RADIAN. ) );
#7070 = CARTESIAN_POINT ( 'NONE',  ( 5.504945907866491517, 2.170204334660847501, 36.12732487282571725 ) ) ;
#7071 = CARTESIAN_POINT ( 'NONE',  ( -0.2962433769018905649, 9.399223673296036807, -0.5885981418372133733 ) ) ;
#7072 = CARTESIAN_POINT ( 'NONE',  ( 0.2868124069656698971, 10.53060881276406491, 50.71118564151171171 ) ) ;
#7073 = CARTESIAN_POINT ( 'NONE',  ( -2.597403565058320041, 7.780868411794390482, -4.213819491902509817 ) ) ;
#7074 = CARTESIAN_POINT ( 'NONE',  ( 4.185011013267774693, 9.974483851090386821, 41.34461701579914461 ) ) ;
#7075 = CARTESIAN_POINT ( 'NONE',  ( -5.063376658729666246, 6.967148710955477497, 33.64156173230818325 ) ) ;
#7076 = CARTESIAN_POINT ( 'NONE',  ( 5.664864699874395448, 5.155046474508051091, 50.75300640563680332 ) ) ;
#7077 = CARTESIAN_POINT ( 'NONE',  ( -5.447037992496784220, 2.165473808415090851, 52.11544817524004003 ) ) ;
#7078 = CARTESIAN_POINT ( 'NONE',  ( 0.8866181681515878932, 10.66166657588201261, 12.45300639490904437 ) ) ;
#7079 = CARTESIAN_POINT ( 'NONE',  ( 5.905270523095382806, 2.169347438953448393, 49.94189144337554609 ) ) ;
#7080 = CARTESIAN_POINT ( 'NONE',  ( 5.089609617199442049, 3.755864667613666441, 52.97133777453968406 ) ) ;
#7081 = CARTESIAN_POINT ( 'NONE',  ( 0.09618534854153446001, 10.66665123487745070, 49.89986357757040025 ) ) ;
#7082 = CARTESIAN_POINT ( 'NONE',  ( -0.0002469432176532112742, 10.65405287250325728, 50.00066786978344879 ) ) ;
#7083 = CARTESIAN_POINT ( 'NONE',  ( -1.976939398631711864, 9.440358165157135772, 51.13627248661874347 ) ) ;
#7084 = CARTESIAN_POINT ( 'NONE',  ( 2.717470710993114213, 10.30540113743322017, 47.77621030404695546 ) ) ;
#7085 = CARTESIAN_POINT ( 'NONE',  ( -4.107975823285756611, 7.107899212265934352, 52.01969420164029145 ) ) ;
#7086 = CARTESIAN_POINT ( 'NONE',  ( 0.000000000000000000, 11.08059619324933287, 24.06545493832194893 ) ) ;
#7087 = CARTESIAN_POINT ( 'NONE',  ( -0.04863792799885232471, 3.731664078162012732, -15.00000000000000000 ) ) ;
#7088 = CARTESIAN_POINT ( 'NONE',  ( 0.7766061997645511417, 9.977504596554434002, 50.95540067381246985 ) ) ;
#7089 = CARTESIAN_POINT ( 'NONE',  ( 0.3075874861736382915, 8.983971917751079062, -2.957910210625648517 ) ) ;
#7090 = CARTESIAN_POINT ( 'NONE',  ( 1.975394253384169296, 5.847000046150155228, -9.998868445146317896 ) ) ;
#7091 = CARTESIAN_POINT ( 'NONE',  ( 5.837086219277361820, 3.860408697973199299, 50.73352839658067381 ) ) ;
#7092 = CARTESIAN_POINT ( 'NONE',  ( 5.261916634500416023, 5.771795819565737062, 31.92484122241169331 ) ) ;
#7093 = CARTESIAN_POINT ( 'NONE',  ( 0.01616998004818476567, 11.22382810145544063, 43.78952671656006146 ) ) ;
#7094 = DIRECTION ( 'NONE',  ( -1.000000000000000000, 0.000000000000000000, 3.450755528294924194E-15 ) ) ;
#7095 = CARTESIAN_POINT ( 'NONE',  ( -1.114182827377558471, 9.075000747846393878, 53.14301488005095564 ) ) ;
#7096 = CARTESIAN_POINT ( 'NONE',  ( 1.407430666396763730, 10.26923061700925821, 50.62903662478647249 ) ) ;
#7097 = CARTESIAN_POINT ( 'NONE',  ( -3.567530452233874882, 8.617833278255590201, 50.26494113744220016 ) ) ;
#7098 = ORIENTED_EDGE ( 'NONE', *, *, #4048, .F. ) ;
#7099 = CARTESIAN_POINT ( 'NONE',  ( -0.01775151756921914195, 8.862659408735407141, 54.16072502315297044 ) ) ;
#7100 = CARTESIAN_POINT ( 'NONE',  ( 5.583290829577729042, 6.470370923053167189, 49.37324831275488179 ) ) ;
#7101 = CARTESIAN_POINT ( 'NONE',  ( -0.0008108728590986181159, 10.63600171303441932, 50.12641475003840696 ) ) ;
#7102 = CARTESIAN_POINT ( 'NONE',  ( 0.1519840051335029918, 10.20858707329801973, 50.25654271069161894 ) ) ;
#7103 = CARTESIAN_POINT ( 'NONE',  ( 3.007595916666946145, 10.22577903102117780, 34.88731410769411667 ) ) ;
#7104 = CARTESIAN_POINT ( 'NONE',  ( 1.351984765224484741, 10.87456986471852538, 34.88705850567490785 ) ) ;
#7105 = CARTESIAN_POINT ( 'NONE',  ( 3.593900967621647347, 5.240187055547284700, -7.633141108799163632 ) ) ;
#7106 = CARTESIAN_POINT ( 'NONE',  ( -0.6660848604848286225, 9.282341867772640143, 53.14511742824357299 ) ) ;
#7107 = CARTESIAN_POINT ( 'NONE',  ( 4.856753048807205708, 8.055824238824296657, 49.40212507297006539 ) ) ;
#7108 = CARTESIAN_POINT ( 'NONE',  ( -5.318452818114673519, 5.398886235828689095, 31.92484470798558860 ) ) ;
#7109 = LINE ( 'NONE', #5817, #5470 ) ;
#7110 = CARTESIAN_POINT ( 'NONE',  ( 1.335778996085231984, 10.22484413465284625, 50.95540067381245564 ) ) ;
#7111 = CARTESIAN_POINT ( 'NONE',  ( 2.093694299719181195, 10.70098632013010231, 24.06658978312219332 ) ) ;
#7112 = CARTESIAN_POINT ( 'NONE',  ( 5.456415739272829413, 2.846724313800427897, -0.2008245198719010305 ) ) ;
#7113 = CARTESIAN_POINT ( 'NONE',  ( -0.2987880582139100238, 9.458806785943234985, -0.1913632805196365527 ) ) ;
#7114 = CARTESIAN_POINT ( 'NONE',  ( 0.3048893866652291340, 10.82360040569864523, 48.59053208800656165 ) ) ;
#7115 = CARTESIAN_POINT ( 'NONE',  ( -0.02995425612308444396, 2.238430071487517825, 57.50000000000001421 ) ) ;
#7116 = CARTESIAN_POINT ( 'NONE',  ( 4.050544488988893299, 8.422048291733739589, 50.99367718292019447 ) ) ;
#7117 = CARTESIAN_POINT ( 'NONE',  ( -4.528259550851291060, 5.502183524303677409, -3.693658903798416215 ) ) ;
#7118 = CARTESIAN_POINT ( 'NONE',  ( 5.727812035292362047, 5.334135683425626162, 50.10116216511247700 ) ) ;
#7119 = CARTESIAN_POINT ( 'NONE',  ( -5.507285625366719728, 2.129643964781353649, 37.29426749735949187 ) ) ;
#7120 = ADVANCED_FACE ( 'NONE', ( #7637 ), #6294, .F. ) ;
#7121 = CARTESIAN_POINT ( 'NONE',  ( 0.5537387245243440281, 8.948840065575323521, -2.964310131587673869 ) ) ;
#7122 = CARTESIAN_POINT ( 'NONE',  ( 5.902284591321522278, 1.956221225924705598, 50.05003106854181283 ) ) ;
#7123 = CARTESIAN_POINT ( 'NONE',  ( 5.277830423234315838, 3.861395832207745293, 52.08353018404008594 ) ) ;
#7124 = CARTESIAN_POINT ( 'NONE',  ( 0.1130039500476111292, 10.73568277327425236, 49.39614383747311877 ) ) ;
#7125 = CARTESIAN_POINT ( 'NONE',  ( -4.168850972936461119E-05, 10.59477594036683712, 50.40448618202550080 ) ) ;
#7126 = CARTESIAN_POINT ( 'NONE',  ( -2.156245247719292824, 9.743039509775302420, 4.092103481414483213 ) ) ;
#7127 = CARTESIAN_POINT ( 'NONE',  ( 2.507234292284644450, 9.758572233988475730, 50.65296697959158934 ) ) ;
#7128 = CIRCLE ( 'NONE', #2841, 0.09999999999999947820 ) ;
#7129 = CARTESIAN_POINT ( 'NONE',  ( -4.612188684370284619, 7.754253370275327129, 6.189721331767318979 ) ) ;
#7130 = ADVANCED_FACE ( 'NONE', ( #6941 ), #6336, .T. ) ;
#7131 = CARTESIAN_POINT ( 'NONE',  ( -2.724966533651590892E-05, 10.09798681854868541, 50.95540076022319909 ) ) ;
#7132 = CARTESIAN_POINT ( 'NONE',  ( 0.3158658570626771689, 9.391693343364332591, 53.14686955173748828 ) ) ;
#7133 = CARTESIAN_POINT ( 'NONE',  ( 2.524009476880355596, 6.937700307920304788, -6.565905744928147492 ) ) ;
#7134 = AXIS2_PLACEMENT_3D ( 'NONE', #3518, #5479, #7512 ) ;
#7135 = CARTESIAN_POINT ( 'NONE',  ( 5.972108030314568161, 4.164665926145927344, 48.48199907621373939 ) ) ;
#7136 = CARTESIAN_POINT ( 'NONE',  ( 5.686985053470104745, 5.884647520469293625, 42.57767753839097224 ) ) ;
#7137 = CARTESIAN_POINT ( 'NONE',  ( 0.008247609622692055401, 10.68211465116535308, 49.79926054772497679 ) ) ;
#7138 = CARTESIAN_POINT ( 'NONE',  ( -0.03194700553534263188, 10.56340872655293595, 50.60693933441528714 ) ) ;
#7139 = CARTESIAN_POINT ( 'NONE',  ( -1.818178464065148159, 10.70493711873259812, 42.67146391618449996 ) ) ;
#7140 = CARTESIAN_POINT ( 'NONE',  ( 1.402093034130762028, 10.24891493069547366, 50.73199287287182813 ) ) ;
#7141 = CARTESIAN_POINT ( 'NONE',  ( -1.206777699719932428, 3.378119621394026328, 57.27207460627849400 ) ) ;
#7142 = CARTESIAN_POINT ( 'NONE',  ( -0.01560731770875096840, 9.472340085827733347, -0.1909506407971078845 ) ) ;
#7143 = CARTESIAN_POINT ( 'NONE',  ( 5.367235778972515803, 6.146046279034291793, 50.98668335550529918 ) ) ;
#7144 = CARTESIAN_POINT ( 'NONE',  ( 0.000000000000000000, 10.89396236061237389, 42.14563725262961214 ) ) ;
#7145 = CARTESIAN_POINT ( 'NONE',  ( 0.1334130446183671992, 11.08577955804037529, 24.06555810603104817 ) ) ;
#7146 = CARTESIAN_POINT ( 'NONE',  ( 2.412045776452750090, 8.956625947795981091, -0.1934559533981752011 ) ) ;
#7147 = CARTESIAN_POINT ( 'NONE',  ( 1.177358296580391483, 8.670444831600704561, -3.576802407038044418 ) ) ;
#7148 = CARTESIAN_POINT ( 'NONE',  ( 4.982758489377037137, 6.625018179976671640, 4.128177203415116736 ) ) ;
#7149 = CARTESIAN_POINT ( 'NONE',  ( -0.8357418900716560017, 10.33409143446974809, 7.835539511904165977 ) ) ;
#7150 = CARTESIAN_POINT ( 'NONE',  ( 5.270108783184369372, 8.648124860368991307, 42.10767326949079603 ) ) ;
#7151 = CARTESIAN_POINT ( 'NONE',  ( -4.824477131765857685, 4.325126053344964916, 53.28440536690757767 ) ) ;
#7152 = CARTESIAN_POINT ( 'NONE',  ( 0.000000000000000000, 6.184119707027654123, 56.45829743992373295 ) ) ;
#7153 = CARTESIAN_POINT ( 'NONE',  ( 1.291642039711598189, 7.438801773396801487, 55.05049617989039490 ) ) ;
#7154 = CARTESIAN_POINT ( 'NONE',  ( 4.556855075262529198, 8.398553753982362480, 15.73952896391506684 ) ) ;
#7155 = DIRECTION ( 'NONE',  ( 3.450742196830996785E-15, 0.000000000000000000, 1.000000000000000000 ) ) ;
#7156 = CARTESIAN_POINT ( 'NONE',  ( 5.497537902988480774, 2.712806621406773200, 28.18726144301603398 ) ) ;
#7157 = CARTESIAN_POINT ( 'NONE',  ( -0.4656265753920579287, 10.19557447177676046, 6.161727815109128592 ) ) ;
#7158 = CARTESIAN_POINT ( 'NONE',  ( 0.2983439054952133906, 10.72439477195216462, 49.39582733458598085 ) ) ;
#7159 = CARTESIAN_POINT ( 'NONE',  ( 4.000148470201708051, 8.565190079266157497, 50.78038302683122396 ) ) ;
#7160 = CARTESIAN_POINT ( 'NONE',  ( -3.526820779695948982, 4.808521367705093752, -8.624373133955621995 ) ) ;
#7161 = CARTESIAN_POINT ( 'NONE',  ( 5.969575831513417086, 5.483975292446524819, 47.67104170974424449 ) ) ;
#7162 = CARTESIAN_POINT ( 'NONE',  ( -5.504945907866491517, 2.170204334660847501, 36.12732487282571725 ) ) ;
#7163 = CARTESIAN_POINT ( 'NONE',  ( 0.6891472382750413184, 9.988639711614858641, 4.080329419372604960 ) ) ;
#7164 = CARTESIAN_POINT ( 'NONE',  ( 5.904047891495229905, 1.947189914002526612, 49.28890930013329097 ) ) ;
#7165 = CARTESIAN_POINT ( 'NONE',  ( 5.474853154636609709, 4.534639129580154027, 9.123148049803939230 ) ) ;
#7166 = CARTESIAN_POINT ( 'NONE',  ( -0.09379873975852932866, 3.717717955237874961, -15.00000000000000000 ) ) ;
#7167 = CARTESIAN_POINT ( 'NONE',  ( 0.09140816930478562474, 11.13310766113670169, 45.38532212216048833 ) ) ;
#7168 = CARTESIAN_POINT ( 'NONE',  ( -0.0007331443247913310094, 11.29311384994169210, 42.19491791305231487 ) ) ;
#7169 = CARTESIAN_POINT ( 'NONE',  ( -2.319477312898030608, 10.59368475365375417, 36.12982600741216999 ) ) ;
#7170 = CARTESIAN_POINT ( 'NONE',  ( 2.755866392678190557, 10.41537264955857189, 46.96571537632858195 ) ) ;
#7171 = CARTESIAN_POINT ( 'NONE',  ( -3.603725713296493716, 6.105229080384567020, -5.845957731524148215 ) ) ;
#7172 = CARTESIAN_POINT ( 'NONE',  ( 0.000000000000000000, 9.115803202329148647, -2.355224134404577008 ) ) ;
#7173 = CARTESIAN_POINT ( 'NONE',  ( 1.915380218031793369, 10.65008468743884151, 15.74432376723974869 ) ) ;
#7174 = CARTESIAN_POINT ( 'NONE',  ( 0.2999591220507836775, 11.06515853530437177, 42.86142520816061818 ) ) ;
#7175 = CARTESIAN_POINT ( 'NONE',  ( 0.5427933114736449571, 10.43682716558613777, 9.116299628959357193 ) ) ;
#7176 = CARTESIAN_POINT ( 'NONE',  ( 3.795392118587672226, 9.118415663853093989, 9.119234666464157257 ) ) ;
#7177 = CARTESIAN_POINT ( 'NONE',  ( 6.019073226933249643, 3.619354627794634460, 46.81368667586339427 ) ) ;
#7178 = CARTESIAN_POINT ( 'NONE',  ( 5.337665068054551654, 5.661467034012591881, 7.854449300430998093 ) ) ;
#7179 = CARTESIAN_POINT ( 'NONE',  ( 0.008512764639936625313, 10.73768547632157855, 49.39660090322759345 ) ) ;
#7180 = CARTESIAN_POINT ( 'NONE',  ( -0.05560629252773161002, 10.51248196099621701, 50.91111422799044561 ) ) ;
#7181 = CARTESIAN_POINT ( 'NONE',  ( -0.5545412652965211464, 3.844306910106861874, 57.28868361760745387 ) ) ;
#7182 = CARTESIAN_POINT ( 'NONE',  ( 1.446378582175099847, 10.41538639737651550, 49.81010115032361085 ) ) ;
#7183 = CARTESIAN_POINT ( 'NONE',  ( -4.049457920851185833, 8.831720243961081351, 9.119535695951869414 ) ) ;
#7184 = CARTESIAN_POINT ( 'NONE',  ( -0.03235404007506668955, 10.89700443894224158, 42.69656835064425593 ) ) ;
#7185 = CARTESIAN_POINT ( 'NONE',  ( 5.517366753391075740, 6.100903732694102466, 50.33183135693292343 ) ) ;
#7186 = DIRECTION ( 'NONE',  ( -0.000000000000000000, -0.000000000000000000, 1.000000000000000000 ) ) ;
#7187 = CARTESIAN_POINT ( 'NONE',  ( 0.05927196710582306738, 8.747466929993089835, -4.150840500377791287 ) ) ;
#7188 = CARTESIAN_POINT ( 'NONE',  ( 0.9054614919116144023, 3.608243200592282651, 57.28037911194304144 ) ) ;
#7189 = CARTESIAN_POINT ( 'NONE',  ( 1.131458114229279222, 9.163917879620216311, 52.96403113014878983 ) ) ;
#7190 = CARTESIAN_POINT ( 'NONE',  ( 4.501153456034236555, 6.439079470095252056, -1.221264642506936227 ) ) ;
#7191 = CARTESIAN_POINT ( 'NONE',  ( -0.3179608967307649414, 3.972521991266679819, 57.29421995471712137 ) ) ;
#7192 = ORIENTED_EDGE ( 'NONE', *, *, #5596, .F. ) ;
#7193 = CARTESIAN_POINT ( 'NONE',  ( 5.414377062503195503, 8.386315645015690379, 42.89420171077551913 ) ) ;
#7194 = CARTESIAN_POINT ( 'NONE',  ( -4.295549079131977699, 4.089428038079859995, -7.625728780595553147 ) ) ;
#7195 = DIRECTION ( 'NONE',  ( -0.000000000000000000, -0.000000000000000000, -1.000000000000000000 ) ) ;
#7196 = CARTESIAN_POINT ( 'NONE',  ( 0.000000000000000000, 9.884077511870094312, 51.92394022804067788 ) ) ;
#7197 = CARTESIAN_POINT ( 'NONE',  ( 2.102255684512517320, 10.64276366078231462, 18.26413003074009112 ) ) ;
#7198 = CARTESIAN_POINT ( 'NONE',  ( 3.427693659083097533, 6.330006503455562594, -5.842804698905370131 ) ) ;
#7199 = CARTESIAN_POINT ( 'NONE',  ( 5.401028219373672279, 2.761350477549179949, -3.763772801854628369 ) ) ;
#7200 = CARTESIAN_POINT ( 'NONE',  ( -0.4084054968944627606, 8.092899378465597593, -6.556542167593267578 ) ) ;
#7201 = CARTESIAN_POINT ( 'NONE',  ( 0.4413287399687821355, 10.90993673153613663, 47.78462662630502678 ) ) ;
#7202 = CARTESIAN_POINT ( 'NONE',  ( 4.017170903658810133, 8.591163813309556474, 50.67426345649663944 ) ) ;
#7203 = CARTESIAN_POINT ( 'NONE',  ( -1.158666496261696155, 2.674142084600459768, -14.99999999999999467 ) ) ;
#7204 = CARTESIAN_POINT ( 'NONE',  ( 5.955115853001575310, 5.630003459754239437, 47.67424969943147062 ) ) ;
#7205 = CARTESIAN_POINT ( 'NONE',  ( -5.505405338135965998, 2.764223135945247822, 15.73100486911553197 ) ) ;
#7206 = CARTESIAN_POINT ( 'NONE',  ( 0.9808668922508351207, 10.83130859269157753, 15.74565565705218084 ) ) ;
#7207 = CARTESIAN_POINT ( 'NONE',  ( 5.898962706505903597, 1.859604613788630845, 50.60589658363648624 ) ) ;
#7208 = CARTESIAN_POINT ( 'NONE',  ( 5.680149750972431022, 4.053650026778862880, 42.55494144680475443 ) ) ;
#7209 = CARTESIAN_POINT ( 'NONE',  ( 0.1098420193880387252, 10.60790092603220636, 50.30358020340460001 ) ) ;
#7210 = CARTESIAN_POINT ( 'NONE',  ( 0.0003103070574629569821, 10.68212551811479294, 49.79927961347613774 ) ) ;
#7211 = CARTESIAN_POINT ( 'NONE',  ( -1.560142615821227707, 7.480703449318730769, -6.993423650336573871 ) ) ;
#7212 = CARTESIAN_POINT ( 'NONE',  ( 2.848963402599542061, 9.897389813089684907, 49.41376793521455824 ) ) ;
#7213 = CARTESIAN_POINT ( 'NONE',  ( -4.643658122986823678, 7.215492773010064198, 50.26894038827582278 ) ) ;
#7214 = CARTESIAN_POINT ( 'NONE',  ( 1.838774311105262793, 10.09895612404175225, 48.56728463276396468 ) ) ;
#7215 = CARTESIAN_POINT ( 'NONE',  ( 0.1508516007561495065, 4.035014689482887107, 57.29837220754941285 ) ) ;
#7216 = CARTESIAN_POINT ( 'NONE',  ( 3.133661475692786524, 7.534023489550815356, -3.631335438859562004 ) ) ;
#7217 = CARTESIAN_POINT ( 'NONE',  ( 6.062735194068947564, 3.898318411525127480, 43.62271119874095859 ) ) ;
#7218 = CARTESIAN_POINT ( 'NONE',  ( 5.267143295922320334, 5.474453566583733277, 50.27293963910923935 ) ) ;
#7219 = CARTESIAN_POINT ( 'NONE',  ( 0.009969258220525382616, 10.65403520553042327, 50.00065929015722332 ) ) ;
#7220 = CARTESIAN_POINT ( 'NONE',  ( -0.05783380553463590701, 10.63953773393469326, 50.10146673320046773 ) ) ;
#7221 = CARTESIAN_POINT ( 'NONE',  ( -1.695309147823747198, 10.24809400826458905, 7.837955299865724257 ) ) ;
#7222 = CARTESIAN_POINT ( 'NONE',  ( 1.464549471093865574, 10.48383574617053959, 49.40240582366622846 ) ) ;
#7223 = CARTESIAN_POINT ( 'NONE',  ( -4.107598733053128726, 9.127823706723429353, 31.92480985224596424 ) ) ;
#7224 = CARTESIAN_POINT ( 'NONE',  ( -0.08609657717139330979, 10.95808672136263162, 18.26488769628770470 ) ) ;
#7225 = CARTESIAN_POINT ( 'NONE',  ( 5.938924726753706196, 6.542725382854161609, 41.29254260875867999 ) ) ;
#7226 = CARTESIAN_POINT ( 'NONE',  ( 1.412195078398100342E-06, 10.64671620069071523, 50.05144730731466751 ) ) ;
#7227 = EDGE_CURVE ( 'NONE', #1958, #8016, #1615, .T. ) ;
#7228 = CARTESIAN_POINT ( 'NONE',  ( 0.1232598419109000448, 9.511655499123104818, 52.96281335608363605 ) ) ;
#7229 = CARTESIAN_POINT ( 'NONE',  ( 3.046064547511951659, 10.24997449551623063, 37.31061418404897978 ) ) ;
#7230 = CARTESIAN_POINT ( 'NONE',  ( 1.157539549390409706, 9.290790611358108464, 52.69239728010420265 ) ) ;
#7231 = CARTESIAN_POINT ( 'NONE',  ( 4.313576929605599020, 6.166273165447672788, -3.078868716807938277 ) ) ;
#7232 = CARTESIAN_POINT ( 'NONE',  ( -1.062138927644231456, 10.96658263340285089, 28.18506595611122023 ) ) ;
#7233 = CARTESIAN_POINT ( 'NONE',  ( -2.342500955543916685, 7.517237700871037376, 54.07822604100201147 ) ) ;
#7234 = ORIENTED_EDGE ( 'NONE', *, *, #3048, .F. ) ;
#7235 = CARTESIAN_POINT ( 'NONE',  ( 5.645408373721112483, 7.832724033887892290, 43.68005166032618547 ) ) ;
#7236 = CARTESIAN_POINT ( 'NONE',  ( -5.328304098915634057, 5.147914584841659646, 4.140201777415334128 ) ) ;
#7237 = CARTESIAN_POINT ( 'NONE',  ( 0.2999591220508068812, 10.49036719615494562, 49.56803607791002264 ) ) ;
#7238 = CARTESIAN_POINT ( 'NONE',  ( 0.000000000000000000, 10.07135517728292662, 51.11069383336149485 ) ) ;
#7239 = CARTESIAN_POINT ( 'NONE',  ( 1.783682414108272773, 8.930816169437010288, 52.69843739310544350 ) ) ;
#7240 = CARTESIAN_POINT ( 'NONE',  ( 3.740817220959502531, 6.844714488700581079, -3.654706738211631833 ) ) ;
#7241 = CARTESIAN_POINT ( 'NONE',  ( 5.489868982970636857, 2.168815298273491621, -2.547448972627185171 ) ) ;
#7242 = CARTESIAN_POINT ( 'NONE',  ( -0.3791845066958611232, 9.540570028598148511, 0.4069152029161934303 ) ) ;
#7243 = CARTESIAN_POINT ( 'NONE',  ( -0.2546952407555527764, 9.772938014809291474, 2.017107369724417509 ) ) ;
#7244 = CARTESIAN_POINT ( 'NONE',  ( 0.5356463477106864213, 10.56376725290521890, 50.30693252378149793 ) ) ;
#7245 = CARTESIAN_POINT ( 'NONE',  ( 4.846877415829792923, 9.166886954264096943, 44.50798957170451331 ) ) ;
#7246 = CARTESIAN_POINT ( 'NONE',  ( -5.146709146321312822, 6.360812470436451704, 6.197864900249670406 ) ) ;
#7247 = CARTESIAN_POINT ( 'NONE',  ( 5.629023166086262187, 5.423032294783029172, 50.64743933578101576 ) ) ;
#7248 = CARTESIAN_POINT ( 'NONE',  ( -5.421192448822071519, 1.756591265450353712, 52.49386118087245023 ) ) ;
#7249 = CARTESIAN_POINT ( 'NONE',  ( 0.2129927301147761520, 3.661814214801274669, -15.00000000000000000 ) ) ;
#7250 = CARTESIAN_POINT ( 'NONE',  ( 5.908005978434782257, 1.883535798937042482, 41.26074696819154042 ) ) ;
#7251 = CARTESIAN_POINT ( 'NONE',  ( 5.476610952599895832, 4.146862236732008711, 34.88827971532165861 ) ) ;
#7252 = CARTESIAN_POINT ( 'NONE',  ( 0.1965275437264332459, 10.52205869606816080, 50.81190121924327485 ) ) ;
#7253 = CARTESIAN_POINT ( 'NONE',  ( 0.0003603914600426162511, 11.26365231844752479, 42.99179139021200768 ) ) ;
#7254 = CARTESIAN_POINT ( 'NONE',  ( -0.7335964703033389656, 3.728475177734627888, 57.28453136477524765 ) ) ;
#7255 = CARTESIAN_POINT ( 'NONE',  ( 2.785112288011917681, 9.744152426407254097, 50.13733450919183809 ) ) ;
#7256 = CARTESIAN_POINT ( 'NONE',  ( -4.920870739249258108, 7.808243156552637565, 36.12878386800122144 ) ) ;
#7257 = CARTESIAN_POINT ( 'NONE',  ( 1.630742912600362526, 9.163512269464403559, -0.5929975080879131832 ) ) ;
#7258 = CARTESIAN_POINT ( 'NONE',  ( 0.3087766509313454311, 6.923454151764651954, -10.03193510055964310 ) ) ;
#7259 = CARTESIAN_POINT ( 'NONE',  ( 4.049457920851185833, 8.831720243961081351, 9.119535695951869414 ) ) ;
#7260 = CARTESIAN_POINT ( 'NONE',  ( 5.907831526350662443, 3.355558454263654067, 49.95701869551901808 ) ) ;
#7261 = CARTESIAN_POINT ( 'NONE',  ( 5.216288660816309708, 5.436070440397114290, 50.63574093326074177 ) ) ;
#7262 = AXIS2_PLACEMENT_3D ( 'NONE', #2518, #1961, #7932 ) ;
#7263 = CARTESIAN_POINT ( 'NONE',  ( 0.008979158027390854446, 10.51247108071822289, 50.91173744424872183 ) ) ;
#7264 = CARTESIAN_POINT ( 'NONE',  ( -0.05567505773210776332, 11.18403849154884178, 44.58861724413634420 ) ) ;
#7265 = CARTESIAN_POINT ( 'NONE',  ( -1.453560320299275288, 9.279815815929282508, -0.1925127768895371905 ) ) ;
#7266 = CARTESIAN_POINT ( 'NONE',  ( 1.469410061803828604, 11.13866532164942669, 42.97487581615962426 ) ) ;
#7267 = CARTESIAN_POINT ( 'NONE',  ( -3.665618195453482997, 7.915076617395806480, -0.6012096584225515850 ) ) ;
#7268 = CARTESIAN_POINT ( 'NONE',  ( -0.04986038128384084195, 9.221605289246113557, -1.765659634220538399 ) ) ;
#7269 = CARTESIAN_POINT ( 'NONE',  ( 5.783484023929635676, 6.141340176741430845, 48.52402617393538264 ) ) ;
#7270 = CARTESIAN_POINT ( 'NONE',  ( 5.575470351323643214, 2.899524358112483657, 41.45540113598099907 ) ) ;
#7271 = CARTESIAN_POINT ( 'NONE',  ( 0.1214353679722994239, 8.745222944656489972, -4.152639900135640438 ) ) ;
#7272 = CARTESIAN_POINT ( 'NONE',  ( 1.011224619354770704, 3.530291190245892885, 57.27761094338819703 ) ) ;
#7273 = CARTESIAN_POINT ( 'NONE',  ( 1.204774001171341924, 8.927102886773399248, -2.380854112834255965 ) ) ;
#7274 = CARTESIAN_POINT ( 'NONE',  ( 4.916182780464164459, 7.079342503833580658, 6.193793116008490252 ) ) ;
#7275 = CARTESIAN_POINT ( 'NONE',  ( -0.4293999276347739147, 5.436507950040210702, -13.06385804873953127 ) ) ;
#7276 = CARTESIAN_POINT ( 'NONE',  ( -0.5672326274793367817, 3.343781397598482474, -14.99999999999999112 ) ) ;
#7277 = ORIENTED_EDGE ( 'NONE', *, *, #3683, .T. ) ;
#7278 = CARTESIAN_POINT ( 'NONE',  ( 5.404782591268626923, 7.911733201758296197, 46.90570372636102547 ) ) ;
#7279 = CARTESIAN_POINT ( 'NONE',  ( -5.394863286444986805, 4.986476002843775568, 33.64136078872746083 ) ) ;
#7280 = CARTESIAN_POINT ( 'NONE',  ( 1.154487001419854719, 10.03282847941114220, 50.65540067381245848 ) ) ;
#7281 = CARTESIAN_POINT ( 'NONE',  ( 0.000000000000000000, 9.430994823076028766, 53.14862167523134673 ) ) ;
#7282 = CARTESIAN_POINT ( 'NONE',  ( 1.673456183711178102, 9.168207733616593913, 52.35174346985550642 ) ) ;
#7283 = CARTESIAN_POINT ( 'NONE',  ( 3.663410577290288739, 6.713463169022602983, -4.249807487059486633 ) ) ;
#7284 = CARTESIAN_POINT ( 'NONE',  ( 5.074837276257444074, 2.055519088480901591, -7.613869055469765001 ) ) ;
#7285 = CARTESIAN_POINT ( 'NONE',  ( -0.3693148374310618598, 9.197954736560459921, -1.771177004437314295 ) ) ;
#7286 = CARTESIAN_POINT ( 'NONE',  ( 0.7858476350364046459, 10.51402806904973630, 50.31019370469647356 ) ) ;
#7287 = EDGE_CURVE ( 'NONE', #1442, #2900, #3996, .T. ) ;
#7288 = CARTESIAN_POINT ( 'NONE',  ( 4.237765135439845565, 8.479076694857530683, 50.35673322061619217 ) ) ;
#7289 = CARTESIAN_POINT ( 'NONE',  ( -5.195834773169107912, 6.599022409896278418, 34.88793891262954361 ) ) ;
#7290 = CARTESIAN_POINT ( 'NONE',  ( 6.082181328591065750, 5.451998655201427901, 42.85069835708978303 ) ) ;
#7291 = CARTESIAN_POINT ( 'NONE',  ( -5.491851153583059642, 1.755129812449285787, 51.24427124481609752 ) ) ;
#7292 = CARTESIAN_POINT ( 'NONE',  ( 0.9953566098863800837, 10.04991459608488924, 50.25854233610845512 ) ) ;
#7293 = CARTESIAN_POINT ( 'NONE',  ( 5.900687744895384945, 1.747681418310352619, 49.28682953347354356 ) ) ;
#7294 = CARTESIAN_POINT ( 'NONE',  ( 5.189401068428828978, 3.691502796370853101, -3.740401502502563424 ) ) ;
#7295 = AXIS2_PLACEMENT_3D ( 'NONE', #4993, #3039, #6985 ) ;
#7296 = CARTESIAN_POINT ( 'NONE',  ( 0.1387645339973027636, 10.57576634280968975, 50.50642963138341202 ) ) ;
#7297 = CARTESIAN_POINT ( 'NONE',  ( 0.0004895049713624326356, 10.52997087974639534, 50.81010254709834584 ) ) ;
#7298 = CARTESIAN_POINT ( 'NONE',  ( -2.299206070100632715, 10.62453381843912936, 24.06669295083136717 ) ) ;
#7299 = CARTESIAN_POINT ( 'NONE',  ( 2.916575299253655107, 9.720882953378128022, 49.93130801209017022 ) ) ;
#7300 = CARTESIAN_POINT ( 'NONE',  ( -4.832736818934067813, 7.739301019887237842, 33.64164210974062286 ) ) ;
#7301 = CARTESIAN_POINT ( 'NONE',  ( 1.472519118580852160, 9.120676011695708851, 52.69541733660475558 ) ) ;
#7302 = CARTESIAN_POINT ( 'NONE',  ( 0.5583548753953211374, 10.19394877310430125, 6.162236788139274779 ) ) ;
#7303 = CARTESIAN_POINT ( 'NONE',  ( 3.669770410065201993, 8.150116631997748939, 51.16185113987611999 ) ) ;
#7304 = CARTESIAN_POINT ( 'NONE',  ( 6.023220006623895451, 3.319901311848764802, 43.61555380319245501 ) ) ;
#7305 = CARTESIAN_POINT ( 'NONE',  ( 5.481456427449177937, 5.382303062890357204, 37.30021174706476472 ) ) ;
#7306 = CARTESIAN_POINT ( 'NONE',  ( 0.02112816838756667939, 10.65397232422719398, 50.00065232192181242 ) ) ;
#7307 = CARTESIAN_POINT ( 'NONE',  ( -0.01980855568151648760, 10.59477433489687748, 50.40442308027818541 ) ) ;
#7308 = CARTESIAN_POINT ( 'NONE',  ( -1.731108479790629096, 10.70171984927690900, 15.74459014520227385 ) ) ;
#7309 = CARTESIAN_POINT ( 'NONE',  ( 1.990232902812172577, 10.30438985104072103, 49.40727636844854942 ) ) ;
#7310 = CARTESIAN_POINT ( 'NONE',  ( -4.298293666100651222, 9.271601102597916366, 39.77023851455193437 ) ) ;
#7311 = CARTESIAN_POINT ( 'NONE',  ( -0.07401084506517541239, 10.00648365600870626, 4.074818156289173210 ) ) ;
#7312 = CARTESIAN_POINT ( 'NONE',  ( 5.445141993506791955, 5.897977492437835423, 50.98353778596050745 ) ) ;
#7313 = CARTESIAN_POINT ( 'NONE',  ( 5.584868246994368235, 3.032386903546973045, 41.45540113598096355 ) ) ;
#7314 = CARTESIAN_POINT ( 'NONE',  ( 0.3343291440988935270, 10.43730868610781037, 9.116149114215511773 ) ) ;
#7315 = CARTESIAN_POINT ( 'NONE',  ( 3.375048906825474759, 9.771386745314938338, 46.36986380866931512 ) ) ;
#7316 = CARTESIAN_POINT ( 'NONE',  ( 0.9759808068048396734, 7.211598455066880575, -8.665613389148470347 ) ) ;
#7317 = CARTESIAN_POINT ( 'NONE',  ( 5.116190312932292983, 6.541213449907132826, 31.92483425126370022 ) ) ;
#7318 = CARTESIAN_POINT ( 'NONE',  ( 0.002238787492289539324, 11.00657671809059757, 46.98749217989549720 ) ) ;
#7319 = CARTESIAN_POINT ( 'NONE',  ( -2.098488812743535728E-32, 1.562500000000000000, 57.50000000000000000 ) ) ;
#7320 = CARTESIAN_POINT ( 'NONE',  ( -3.469970752651450496, 10.04738564709052895, 42.64588581314981752 ) ) ;
#7321 = VERTEX_POINT ( 'NONE', #8501 ) ;
#7322 = CARTESIAN_POINT ( 'NONE',  ( 5.247893750696221993, 7.360260413225214293, 49.39069704188617749 ) ) ;
#7323 = CARTESIAN_POINT ( 'NONE',  ( -5.425546673430518219, 4.962569637686928381, 34.88816611442430826 ) ) ;
#7324 = CARTESIAN_POINT ( 'NONE',  ( 4.995106242607511682, 8.645623341073207513, 41.75540113598098912 ) ) ;
#7325 = CARTESIAN_POINT ( 'NONE',  ( 0.000000000000000000, 11.08059619324933287, 24.06545493832194893 ) ) ;
#7326 = CARTESIAN_POINT ( 'NONE',  ( 1.933811985337684503, 8.820576270466137458, -1.791039537217698596 ) ) ;
#7327 = CARTESIAN_POINT ( 'NONE',  ( 4.528865139759066238, 8.444750180826551045, 24.06834363417719302 ) ) ;
#7328 = CARTESIAN_POINT ( 'NONE',  ( 5.421192448822071519, 1.756591265450353712, 52.49386118087245023 ) ) ;
#7329 = CARTESIAN_POINT ( 'NONE',  ( -0.4881920115370653179, 11.04870126615583814, 28.18494398461660566 ) ) ;
#7330 = CARTESIAN_POINT ( 'NONE',  ( 0.6496023064017967252, 10.45355515507118938, 50.81876746039717574 ) ) ;
#7331 = CARTESIAN_POINT ( 'NONE',  ( 4.211738345267658445, 8.233531920504841395, 50.99500923295418886 ) ) ;
#7332 = CARTESIAN_POINT ( 'NONE',  ( -5.227938307139377017, 5.883678324876398413, 49.93974517696553761 ) ) ;
#7333 = CARTESIAN_POINT ( 'NONE',  ( 5.869959230389216742, 4.973014183260109355, 49.34169445023736955 ) ) ;
#7334 = CARTESIAN_POINT ( 'NONE',  ( -5.500040483842950856, 1.562500000000000666, 49.93760738836665780 ) ) ;
#7335 = CARTESIAN_POINT ( 'NONE',  ( -4.087794904117838927E-05, 10.64594905789912360, 50.05681282004319144 ) ) ;
#7336 = CARTESIAN_POINT ( 'NONE',  ( 0.8730679293655547735, 9.326997574643348443, -0.5906511794208719746 ) ) ;
#7337 = CARTESIAN_POINT ( 'NONE',  ( 5.901530502836699554, 1.712017646579186536, 43.58966080198420201 ) ) ;
#7338 = CARTESIAN_POINT ( 'NONE',  ( 5.231218867111186555, 3.347900698284164811, 52.75984520861769766 ) ) ;
#7339 = CARTESIAN_POINT ( 'NONE',  ( 0.1405607063595174233, 10.63613880909874787, 50.10164741865798987 ) ) ;
#7340 = CARTESIAN_POINT ( 'NONE',  ( 0.001691503761555967610, 11.07024206021891111, 46.18710269973703930 ) ) ;
#7341 = CARTESIAN_POINT ( 'NONE',  ( -2.135253333308920087, 8.870067714990524266, -1.192369107100080372 ) ) ;
#7342 = CARTESIAN_POINT ( 'NONE',  ( 3.214961928937578151, 10.47920559552928665, 44.54620406779853425 ) ) ;
#7343 = CARTESIAN_POINT ( 'NONE',  ( -3.469785029801764065, 5.200377391661346493, 54.91307196754978293 ) ) ;
#7344 = CARTESIAN_POINT ( 'NONE',  ( 0.7521174950957335570, 5.213017753167525470, -13.05483378604593625 ) ) ;
#7345 = CARTESIAN_POINT ( 'NONE',  ( 0.5585544625703519062, 10.99082147141000831, 33.64222484612484010 ) ) ;
#7346 = CARTESIAN_POINT ( 'NONE',  ( 4.151419431143329675, 9.158180730774754252, 34.88754130948878895 ) ) ;
#7347 = CARTESIAN_POINT ( 'NONE',  ( 5.856941558388449209, 3.354907311582549845, 50.95023750118871675 ) ) ;
#7348 = CARTESIAN_POINT ( 'NONE',  ( 5.369487684727881849, 5.220042808076311047, 6.203972576611464618 ) ) ;
#7349 = CARTESIAN_POINT ( 'NONE',  ( 0.02459104964846563907, 11.18399001691384420, 44.58733869857366727 ) ) ;
#7350 = CARTESIAN_POINT ( 'NONE',  ( -0.04068871130785785967, 11.22384255567888722, 43.79036883927198431 ) ) ;
#7351 = CARTESIAN_POINT ( 'NONE',  ( -1.472519118580852160, 9.120676011695708851, 52.69541733660475558 ) ) ;
#7352 = CARTESIAN_POINT ( 'NONE',  ( 1.959092786572805833, 10.20973905692342854, 49.91939898187109037 ) ) ;
#7353 = CARTESIAN_POINT ( 'NONE',  ( -3.864281077730278291, 8.440195954415299795, 49.94117036936475529 ) ) ;
#7354 = CARTESIAN_POINT ( 'NONE',  ( -0.04871190459813935086, 9.320588524371814287, -1.175169383643617893 ) ) ;
#7355 = CARTESIAN_POINT ( 'NONE',  ( 5.873934118008118155, 6.552332336420697345, 46.87357485314888095 ) ) ;
#7356 = CARTESIAN_POINT ( 'NONE',  ( 5.602611006161200891, 6.092056840456041122, 41.45540113598097065 ) ) ;
#7357 = CARTESIAN_POINT ( 'NONE',  ( 0.2904619263423283138, 10.98610652357274020, 36.13037313060294764 ) ) ;
#7358 = CARTESIAN_POINT ( 'NONE',  ( 3.374227925982970611, 10.02905346302101464, 37.30987115283566169 ) ) ;
#7359 = CARTESIAN_POINT ( 'NONE',  ( 1.285819142324400755, 9.080916836365810596, 52.96420509787232334 ) ) ;
#7360 = CARTESIAN_POINT ( 'NONE',  ( 5.004668526661038896, 6.134577256542884882, 2.070517126488399473 ) ) ;
#7361 = CARTESIAN_POINT ( 'NONE',  ( 0.002761662892403935702, 10.52996957533682298, 50.81011861674028296 ) ) ;
#7362 = CARTESIAN_POINT ( 'NONE',  ( -0.6640296810327572796, 7.828482243868788437, 55.08037100866001623 ) ) ;
#7363 = CARTESIAN_POINT ( 'NONE',  ( -3.251257080192992532, 9.811438155193407340, 12.44952511597687383 ) ) ;
#7364 = VERTEX_POINT ( 'NONE', #4508 ) ;
#7365 = CARTESIAN_POINT ( 'NONE',  ( 5.002965404293193252, 7.470256567765034994, 50.13706995383837040 ) ) ;
#7366 = CARTESIAN_POINT ( 'NONE',  ( -5.445266035305967200, 4.922512565490790415, 9.122847020316262601 ) ) ;
#7367 = CARTESIAN_POINT ( 'NONE',  ( 6.010347578050283524, 3.449613765656896369, 50.95540067381246985 ) ) ;
#7368 = CARTESIAN_POINT ( 'NONE',  ( 0.000000000000000000, 11.01917637831255803, 20.74928247448490026 ) ) ;
#7369 = CARTESIAN_POINT ( 'NONE',  ( 1.179620082567692130, 5.590989007347917372, 56.39491910405338615 ) ) ;
#7370 = CARTESIAN_POINT ( 'NONE',  ( 4.734204214490955742, 8.043482253164867757, 18.26275901689202641 ) ) ;
#7371 = CARTESIAN_POINT ( 'NONE',  ( 5.498754525705059848, 1.755322927465993610, 4.168259116749158721 ) ) ;
#7372 = CARTESIAN_POINT ( 'NONE',  ( -0.4488062705608905634, 11.07220041206259609, 24.06576444144931770 ) ) ;
#7373 = CARTESIAN_POINT ( 'NONE',  ( 0.7934493779865480212, 10.56178979363985881, 50.00537600466665111 ) ) ;
#7374 = CARTESIAN_POINT ( 'NONE',  ( 4.301835763430073456, 8.357805951457608629, 50.46272163431418534 ) ) ;
#7375 = CARTESIAN_POINT ( 'NONE',  ( -4.585213147088271768, 5.339110708790578919, 52.96959809730372370 ) ) ;
#7376 = CARTESIAN_POINT ( 'NONE',  ( 5.767545562827522510, 4.921823159723352603, 50.31054023687800481 ) ) ;
#7377 = CARTESIAN_POINT ( 'NONE',  ( -5.383185430194814103, 1.562499999999992895, 52.77695886212105592 ) ) ;
#7378 = CARTESIAN_POINT ( 'NONE',  ( 5.432425877610011611, 3.646188261101969363, 50.95540067381244143 ) ) ;
#7379 = CARTESIAN_POINT ( 'NONE',  ( 1.100249603022659617, 10.89228905624532295, 18.26449082385801859 ) ) ;
#7380 = CARTESIAN_POINT ( 'NONE',  ( 5.901891947023265139, 1.851555978960000237, 49.72203033156387875 ) ) ;
#7381 = CARTESIAN_POINT ( 'NONE',  ( 5.488306525288177973, 4.092890262031847470, 7.858447846022570182 ) ) ;
#7382 = CARTESIAN_POINT ( 'NONE',  ( 0.1604635811758589325, 11.18186994581952654, 44.58532578557964854 ) ) ;
#7383 = CARTESIAN_POINT ( 'NONE',  ( 0.001175353773023085939, 11.07024214658554939, 46.18711048238232308 ) ) ;
#7384 = CARTESIAN_POINT ( 'NONE',  ( -0.8115372254384639605, 3.674940897412631635, 57.28268591907197305 ) ) ;
#7385 = CARTESIAN_POINT ( 'NONE',  ( 2.798430774500139773, 9.450401344455240604, 51.07775161607810332 ) ) ;
#7386 = CARTESIAN_POINT ( 'NONE',  ( -4.445468450122018744, 6.526241855181639018, 52.03246139812024040 ) ) ;
#7387 = ADVANCED_FACE ( 'NONE', ( #7976 ), #550, .T. ) ;
#7388 = CARTESIAN_POINT ( 'NONE',  ( -4.928612860166771803, 3.046883718628997428, -6.993640248439489504 ) ) ;
#7389 = CARTESIAN_POINT ( 'NONE',  ( 0.4071390963339768243, 8.307467226462819099, -5.803391791170590785 ) ) ;
#7390 = CARTESIAN_POINT ( 'NONE',  ( 2.098488812743535728E-32, 1.562500000000000000, 57.50000000000000000 ) ) ;
#7391 = CARTESIAN_POINT ( 'NONE',  ( 5.887511222572475056, 3.355905617717757305, 50.39477811798915496 ) ) ;
#7392 = CARTESIAN_POINT ( 'NONE',  ( 5.417481494977394618, 5.509489546748068456, 15.73526691651526832 ) ) ;
#7393 = CARTESIAN_POINT ( 'NONE',  ( -0.3689659108104841878, 11.00318277205468398, 33.64224494048291092 ) ) ;
#7394 = CARTESIAN_POINT ( 'NONE',  ( 0.01750232179062576748, 10.66818132339817993, 49.89991164595814865 ) ) ;
#7395 = CARTESIAN_POINT ( 'NONE',  ( -0.01966632306383617884, 10.51248596940902758, 50.91146943194497965 ) ) ;
#7396 = CARTESIAN_POINT ( 'NONE',  ( -1.902337851257760004, 10.41459061096710315, 10.78648242848388250 ) ) ;
#7397 = CARTESIAN_POINT ( 'NONE',  ( 2.179285623293244711, 11.01998453594674210, 42.17115871212308775 ) ) ;
#7398 = CARTESIAN_POINT ( 'NONE',  ( -1.471685193143452253, 3.155753295867301578, 57.26377010061400341 ) ) ;
#7399 = ADVANCED_FACE ( 'NONE', ( #8457 ), #7933, .F. ) ;
#7400 = CARTESIAN_POINT ( 'NONE',  ( -1.462434383211648364E-15, 1.562500000000000000, -14.99999999999999822 ) ) ;
#7401 = CARTESIAN_POINT ( 'NONE',  ( 3.654739190810201599, 9.880434614843240482, 41.45540113598099907 ) ) ;
#7402 = CARTESIAN_POINT ( 'NONE',  ( 0.1675921402937098348, 9.554360586482674833, 0.4063577451748726088 ) ) ;
#7403 = CARTESIAN_POINT ( 'NONE',  ( 2.882029838151230372, 9.770898332041243251, 7.841454027258383697 ) ) ;
#7404 = CARTESIAN_POINT ( 'NONE',  ( 1.363532456684799055, 8.751140477024097919, -2.982869902377545124 ) ) ;
#7405 = CARTESIAN_POINT ( 'NONE',  ( 5.250263631107836559, 6.630612369681686324, 36.12847122617780826 ) ) ;
#7406 = CARTESIAN_POINT ( 'NONE',  ( 0.003060885265505649752, 10.83561962371823562, 48.59272056241675841 ) ) ;
#7407 = CARTESIAN_POINT ( 'NONE',  ( -1.335053717665996009, 10.88167419818958237, 33.64214446869246444 ) ) ;
#7408 = CARTESIAN_POINT ( 'NONE',  ( -3.681361184322774260, 9.780984894260962292, 37.30912812162267045 ) ) ;
#7409 = ORIENTED_EDGE ( 'NONE', *, *, #6589, .F. ) ;
#7410 = CARTESIAN_POINT ( 'NONE',  ( 5.103836548092179903, 6.881573961706452636, 50.88531493793146865 ) ) ;
#7411 = CIRCLE ( 'NONE', #5197, 0.09999999999999947820 ) ;
#7412 = CARTESIAN_POINT ( 'NONE',  ( -5.009292705788679356, 4.080438374227894016, 52.97098983909244652 ) ) ;
#7413 = FACE_OUTER_BOUND ( 'NONE', #3848, .T. ) ;
#7414 = CARTESIAN_POINT ( 'NONE',  ( 0.03043787158069080970, 11.01148158120773957, 33.64228178013935633 ) ) ;
#7415 = B_SPLINE_CURVE_WITH_KNOTS ( 'NONE', 3,
 ( #5840, #7131, #1815, #2456 ),
 .UNSPECIFIED., .F., .F.,
 ( 4, 4 ),
 ( 2.766451957379907622E-17, 1.038302491718416616E-06 ),
 .UNSPECIFIED. ) ;
#7416 = CARTESIAN_POINT ( 'NONE',  ( 2.188564732949250580, 9.952107820743655964, 6.171398302681954995 ) ) ;
#7417 = CARTESIAN_POINT ( 'NONE',  ( 5.136187731982473359, 7.785526194611073869, 46.32418254847921446 ) ) ;
#7418 = CARTESIAN_POINT ( 'NONE',  ( -1.462434383211648364E-15, 1.562500000000000000, -14.99999999999999822 ) ) ;
#7419 = CARTESIAN_POINT ( 'NONE',  ( 0.8565187067470765303, 10.94298292561708585, 46.97841497445747194 ) ) ;
#7420 = CARTESIAN_POINT ( 'NONE',  ( 4.186595355515682293, 8.406123580946696094, 50.67512539265583627 ) ) ;
#7421 = CARTESIAN_POINT ( 'NONE',  ( -5.272511383026943221, 6.193774162091842506, 34.88799571307827563 ) ) ;
#7422 = CARTESIAN_POINT ( 'NONE',  ( 6.040726370693771941, 5.454986353952218536, 41.28455997364564922 ) ) ;
#7423 = CARTESIAN_POINT ( 'NONE',  ( -5.499999030097982633, 1.562500000000004663, 46.21976823947299806 ) ) ;
#7424 = CARTESIAN_POINT ( 'NONE',  ( -3.879720974772876832E-12, 10.60238039966482404, 50.35697127026976716 ) ) ;
#7425 = CARTESIAN_POINT ( 'NONE',  ( 1.225477803059950244, 10.63957247447907406, 12.45254502059272284 ) ) ;
#7426 = CARTESIAN_POINT ( 'NONE',  ( 5.899818633963848313, 1.564064151096051125, 46.77106591139343550 ) ) ;
#7427 = CARTESIAN_POINT ( 'NONE',  ( 5.449102386523280828, 4.145395406289110518, 28.18696329047341465 ) ) ;
#7428 = CARTESIAN_POINT ( 'NONE',  ( 0.1887065451877614486, 11.06687170148780375, 46.18438711710652456 ) ) ;
#7429 = CARTESIAN_POINT ( 'NONE',  ( 0.0001418844471072094090, 10.54669123744501924, 50.70861049986601898 ) ) ;
#7430 = CARTESIAN_POINT ( 'NONE',  ( -1.304948746438071794, 5.494319871162831603, 56.38841876191274594 ) ) ;
#7431 = CARTESIAN_POINT ( 'NONE',  ( 2.876583824985463167, 9.628890349765187651, 50.34646291748557445 ) ) ;
#7432 = CARTESIAN_POINT ( 'NONE',  ( -4.049407864763852061, 6.061991211445825201, 53.30385303325308399 ) ) ;
#7433 = CARTESIAN_POINT ( 'NONE',  ( -5.502329803411029729, 4.441353825544497980, 18.26112342142420886 ) ) ;
#7434 = CARTESIAN_POINT ( 'NONE',  ( 0.6570623257307386389, 10.66763457720118069, 12.45329999674668997 ) ) ;
#7435 = CARTESIAN_POINT ( 'NONE',  ( 2.682714640529411554, 6.200918948362228456, 54.97282162508917480 ) ) ;
#7436 = CARTESIAN_POINT ( 'NONE',  ( 5.886895265263384580, 2.868840371483501350, 50.72245756666627159 ) ) ;
#7437 = CARTESIAN_POINT ( 'NONE',  ( 5.591221621474208980, 5.402805953420182661, 39.74485246121546567 ) ) ;
#7438 = CARTESIAN_POINT ( 'NONE',  ( 0.02348856526016748422, 11.00651461262624942, 46.98718253442991255 ) ) ;
#7439 = CARTESIAN_POINT ( 'NONE',  ( -0.02323390985050479210, 11.07023777867400582, 46.18751504138384689 ) ) ;
#7440 = CARTESIAN_POINT ( 'NONE',  ( -1.673456183711178102, 9.168207733616593913, 52.35174346985550642 ) ) ;
#7441 = CARTESIAN_POINT ( 'NONE',  ( 2.012450570981739961, 10.37338358983992670, 48.99915095253015807 ) ) ;
#7442 = CARTESIAN_POINT ( 'NONE',  ( -3.754868359606296391, 7.453916456102056998, -1.821936810431634024 ) ) ;
#7443 = ORIENTED_EDGE ( 'NONE', *, *, #8294, .T. ) ;
#7444 = CARTESIAN_POINT ( 'NONE',  ( -0.2119589543243461105, 10.34067645913940581, 7.833956754274161938 ) ) ;
#7445 = CARTESIAN_POINT ( 'NONE',  ( 0.2670353366632085002, 10.90849864453901397, 41.45540113598100618 ) ) ;
#7446 = CARTESIAN_POINT ( 'NONE',  ( 0.2530802715379038004, 10.43991875929399704, 48.58472816954153473 ) ) ;
#7447 = CARTESIAN_POINT ( 'NONE',  ( 2.843205049523113814, 9.440015432319196265, 4.098115768414587023 ) ) ;
#7448 = CARTESIAN_POINT ( 'NONE',  ( 1.401964068805771069, 8.995857155578422137, -1.784418692957567387 ) ) ;
#7449 = CARTESIAN_POINT ( 'NONE',  ( 5.075268099682924472, 6.204921065871301877, 50.27133993877577467 ) ) ;
#7450 = CARTESIAN_POINT ( 'NONE',  ( 0.003250476007797817486, 11.00657632374243455, 46.98747737400341862 ) ) ;
#7451 = CARTESIAN_POINT ( 'NONE',  ( -0.9895193293816152424, 8.378219790491737484, -4.983492167529380623 ) ) ;
#7452 = CARTESIAN_POINT ( 'NONE',  ( -2.461424676164801983, 6.810936157656957590, -6.993466259799429707 ) ) ;
#7453 = ORIENTED_EDGE ( 'NONE', *, *, #8194, .T. ) ;
#7454 = CARTESIAN_POINT ( 'NONE',  ( 5.635642088847599318, 7.392732619099193769, 46.89319651022081104 ) ) ;
#7455 = CARTESIAN_POINT ( 'NONE',  ( -5.216115183470613204, 4.210874824032281971, 52.07714658580009370 ) ) ;
#7456 = DIRECTION ( 'NONE',  ( -1.000000000000000000, 0.000000000000000000, 0.000000000000000000 ) ) ;
#7457 = CARTESIAN_POINT ( 'NONE',  ( 0.02740184777632840088, 11.01917277234409553, 20.74928711808660253 ) ) ;
#7458 = CARTESIAN_POINT ( 'NONE',  ( 1.894734093404379927, 8.699824826694714019, 52.96490096876669895 ) ) ;
#7459 = PRODUCT_DEFINITION_CONTEXT ( 'detailed design', #4379, 'design' ) ;
#7460 = CARTESIAN_POINT ( 'NONE',  ( 0.9945382658252533981, 2.882420360826901007, -14.99999999999999645 ) ) ;
#7461 = CARTESIAN_POINT ( 'NONE',  ( -0.6313993299758490219, 10.99995286938344208, 31.92477412511285451 ) ) ;
#7462 = CARTESIAN_POINT ( 'NONE',  ( 0.9062217870638411554, 10.44906994630534491, 50.51638386553855042 ) ) ;
#7463 = CARTESIAN_POINT ( 'NONE',  ( 4.812634810555456610, 8.856864061198905347, 46.92859693744667737 ) ) ;
#7464 = CARTESIAN_POINT ( 'NONE',  ( -3.082133854984607790, 3.662596323833218648, 56.26328717570727633 ) ) ;
#7465 = CARTESIAN_POINT ( 'NONE',  ( 6.050464809632552843, 4.773492629402464438, 46.83597452007342099 ) ) ;
#7466 = CARTESIAN_POINT ( 'NONE',  ( -5.499117373173660894, 1.760180949078304247, 6.222974236403676862 ) ) ;
#7467 = CARTESIAN_POINT ( 'NONE',  ( -4.087794919071198658E-05, 10.21095534902828561, 50.26836397738618700 ) ) ;
#7468 = CARTESIAN_POINT ( 'NONE',  ( 0.8050098668964111859, 7.854772098661497282, -6.993391693239423113 ) ) ;
#7469 = CARTESIAN_POINT ( 'NONE',  ( 5.899642145651114333, 1.632885068507578419, 43.58770913385252754 ) ) ;
#7470 = CARTESIAN_POINT ( 'NONE',  ( 5.400549382026831324, 3.415527854422687692, -0.2002350345540031273 ) ) ;
#7471 = CARTESIAN_POINT ( 'NONE',  ( -5.454795938186864923, 4.206039896998510663, 33.64128041129513491 ) ) ;
#7472 = CARTESIAN_POINT ( 'NONE',  ( 0.2269482814245211699, 10.53660407859006298, 50.71050013028201420 ) ) ;
#7473 = CARTESIAN_POINT ( 'NONE',  ( -2.738739175333272158, 10.40073654157611216, 36.12970442448079922 ) ) ;
#7474 = CARTESIAN_POINT ( 'NONE',  ( 3.256902706744829068, 9.239022652823340565, 50.77167134956013683 ) ) ;
#7475 = CARTESIAN_POINT ( 'NONE',  ( -2.712407401286081488, 4.114157480914594878, 56.29253871533981624 ) ) ;
#7476 = CARTESIAN_POINT ( 'NONE',  ( -5.182770120756861054, 3.322306998950811163, 52.97180168846929149 ) ) ;
#7477 = CARTESIAN_POINT ( 'NONE',  ( 0.5698474351970382878, 10.20194573750520384, 49.94299639712607330 ) ) ;
#7478 = CARTESIAN_POINT ( 'NONE',  ( 3.893814642145612570, 7.890587444127134198, 51.16611424875225111 ) ) ;
#7479 = CARTESIAN_POINT ( 'NONE',  ( 5.908551334311549219, 2.620915079829845507, 50.05586339114078243 ) ) ;
#7480 = CARTESIAN_POINT ( 'NONE',  ( 2.220181263647982295, 2.431199336906609609, 57.23885658362059559 ) ) ;
#7481 = CARTESIAN_POINT ( 'NONE',  ( 0.02101376884973062131, 10.63946091016512341, 50.10146382682349042 ) ) ;
#7482 = CARTESIAN_POINT ( 'NONE',  ( -0.01367632818863814305, 10.51248663661283089, 50.91152863588023791 ) ) ;
#7483 = CARTESIAN_POINT ( 'NONE',  ( -1.583897803742940091, 8.942738750112287249, -1.786625641044280233 ) ) ;
#7484 = CARTESIAN_POINT ( 'NONE',  ( 2.101568514734531767, 10.66371786940423938, 46.97093359607772811 ) ) ;
#7485 = CARTESIAN_POINT ( 'NONE',  ( -3.816460660096708590, 7.562205597577405847, -1.210256819494801350 ) ) ;
#7486 = ORIENTED_EDGE ( 'NONE', *, *, #8294, .F. ) ;
#7487 = CARTESIAN_POINT ( 'NONE',  ( -0.1034442485483386270, 9.318886413870348662, -1.175857372581877280 ) ) ;
#7488 = DIRECTION ( 'NONE',  ( -1.000000000000000000, 0.000000000000000000, 0.000000000000000000 ) ) ;
#7489 = CARTESIAN_POINT ( 'NONE',  ( 1.462434383211648364E-15, 1.562500000000000000, -14.99999999999999822 ) ) ;
#7490 = CARTESIAN_POINT ( 'NONE',  ( 3.105626923971671172, 8.506942159214158750, 51.58086075780561686 ) ) ;
#7491 = CARTESIAN_POINT ( 'NONE',  ( 1.343340499553105083, 8.616618162179852547, -3.580697623596722501 ) ) ;
#7492 = CARTESIAN_POINT ( 'NONE',  ( 1.891209449702495826, 2.770682680212710469, 57.24992925783988085 ) ) ;
#7493 = CARTESIAN_POINT ( 'NONE',  ( 0.002473869376700689807, 10.63954136444056608, 50.10146085698082885 ) ) ;
#7494 = CARTESIAN_POINT ( 'NONE',  ( -1.191946006809595282, 10.04735468217358019, 49.94268463628885257 ) ) ;
#7495 = CARTESIAN_POINT ( 'NONE',  ( -3.607254359177842762, 9.684683958462791509, 15.74165998761496610 ) ) ;
#7496 = ORIENTED_EDGE ( 'NONE', *, *, #4681, .T. ) ;
#7497 = CARTESIAN_POINT ( 'NONE',  ( 5.232768486344844483, 6.509220945798170455, 50.99063561646317311 ) ) ;
#7498 = ADVANCED_FACE ( 'NONE', ( #2645 ), #5543, .F. ) ;
#7499 = FACE_BOUND ( 'NONE', #6197, .T. ) ;
#7500 = CARTESIAN_POINT ( 'NONE',  ( 0.02423101095731084592, 10.16226695872548547, 50.59296922378423034 ) ) ;
#7501 = CARTESIAN_POINT ( 'NONE',  ( 2.253036793311610442, 10.38930140911785749, 12.45103506828482764 ) ) ;
#7502 = CARTESIAN_POINT ( 'NONE',  ( 4.976300628101624213, 7.846336238359553406, 37.30466993434373535 ) ) ;
#7503 = CARTESIAN_POINT ( 'NONE',  ( -0.5790578953868837919, 11.03957855126298071, 28.18496431319903550 ) ) ;
#7504 = CARTESIAN_POINT ( 'NONE',  ( 1.150398471730178951, 10.33813645836666417, 50.72636910629680074 ) ) ;
#7505 = CARTESIAN_POINT ( 'NONE',  ( -0.3343291440988935270, 10.43730868610781037, 9.116149114215511773 ) ) ;
#7506 = CARTESIAN_POINT ( 'NONE',  ( 4.553736701344559989, 8.080874834507891791, 50.35551286539690352 ) ) ;
#7507 = CARTESIAN_POINT ( 'NONE',  ( -2.468008728897608695, 3.385088249273758176, -13.00068820988435370 ) ) ;
#7508 = CARTESIAN_POINT ( 'NONE',  ( 5.861226982194692070, 4.131592672798380939, 50.18739034805676624 ) ) ;
#7509 = CARTESIAN_POINT ( 'NONE',  ( -5.188117799427740096, 1.562500000000027311, 53.86542492816391103 ) ) ;
#7510 = CARTESIAN_POINT ( 'NONE',  ( 3.746729240259043081, 8.155506386087951753, 50.95540067381244853 ) ) ;
#7511 = CARTESIAN_POINT ( 'NONE',  ( 0.8535571462634168327, 9.010151287916833951, -2.374446618226834893 ) ) ;
#7512 = DIRECTION ( 'NONE',  ( -1.000000000000000000, 0.000000000000000000, 0.000000000000000000 ) ) ;
#7513 = CARTESIAN_POINT ( 'NONE',  ( 5.515732808108786855, 3.886292674063786645, 12.44080094708668049 ) ) ;
#7514 = CARTESIAN_POINT ( 'NONE',  ( -5.499985652697745309, 4.242189070355580682, 10.78115548175336258 ) ) ;
#7515 = CARTESIAN_POINT ( 'NONE',  ( 0.2650084950789017291, 11.21853897059074079, 43.78613372441117235 ) ) ;
#7516 = CARTESIAN_POINT ( 'NONE',  ( -2.730878210019126229, 10.37764150225683757, 18.26388950199477179 ) ) ;
#7517 = CARTESIAN_POINT ( 'NONE',  ( 3.437036338083152121, 9.051937264872670141, 50.87971765144305891 ) ) ;
#7518 = CARTESIAN_POINT ( 'NONE',  ( -4.109838804658489053, 6.142070430144432436, 53.12479279571458335 ) ) ;
#7519 = CARTESIAN_POINT ( 'NONE',  ( 5.857954939056700283, 5.719877184902751210, 48.51467917913738859 ) ) ;
#7520 = CARTESIAN_POINT ( 'NONE',  ( -5.587722182990094488, 3.459399032873767599, 39.73385183810289334 ) ) ;
#7521 = CARTESIAN_POINT ( 'NONE',  ( 0.4553507338516497027, 7.415011377144157478, -8.672241287304476742 ) ) ;
#7522 = CARTESIAN_POINT ( 'NONE',  ( 4.447709590314662620, 8.898517351227800631, 37.30689902798311408 ) ) ;
#7523 = CARTESIAN_POINT ( 'NONE',  ( 5.910170323539856163, 2.383850890677836620, 49.72700677758238896 ) ) ;
#7524 = CARTESIAN_POINT ( 'NONE',  ( 5.142802460160146083, 4.168551610738358448, 52.45351808871279076 ) ) ;
#7525 = CARTESIAN_POINT ( 'NONE',  ( 0.06469255647470439907, 10.57853566067860740, 50.50599808452596307 ) ) ;
#7526 = CARTESIAN_POINT ( 'NONE',  ( -0.009440449939558455406, 11.31538723613702579, 41.39885610463655752 ) ) ;
#7527 = CARTESIAN_POINT ( 'NONE',  ( -1.630742912600362526, 9.163512269464403559, -0.5929975080879131832 ) ) ;
#7528 = CARTESIAN_POINT ( 'NONE',  ( 2.273789596938776025, 9.886615242168341311, 50.64807798620945789 ) ) ;
#7529 = CARTESIAN_POINT ( 'NONE',  ( -3.121736656369164198, 6.351437168555788659, -6.569210536928707711 ) ) ;
#7530 = ORIENTED_EDGE ( 'NONE', *, *, #8397, .F. ) ;
#7531 = CARTESIAN_POINT ( 'NONE',  ( 5.499955672548601626, 1.577003536649679516, 41.65959318173618442 ) ) ;
#7532 = CARTESIAN_POINT ( 'NONE',  ( 0.4502642097841003666, 10.66924499259038051, 12.45355165546466658 ) ) ;
#7533 = CARTESIAN_POINT ( 'NONE',  ( 3.301653432890620188, 8.850824178884693083, 50.26414128727538611 ) ) ;
#7534 = CARTESIAN_POINT ( 'NONE',  ( 5.425562925187065844, 6.049134331814038035, 48.50571920884289057 ) ) ;
#7535 = CARTESIAN_POINT ( 'NONE',  ( 0.007865496382792451849, 10.61017095043640879, 50.30327529873660808 ) ) ;
#7536 = CARTESIAN_POINT ( 'NONE',  ( 5.500014060381270831, 1.775772820700650012, 34.88863945149667956 ) ) ;
#7537 = CARTESIAN_POINT ( 'NONE',  ( -0.7871481827816574350, 7.650834597989496721, -7.653895627769292886 ) ) ;
#7538 = CARTESIAN_POINT ( 'NONE',  ( -3.343042406290738011, 8.923135392028205715, 49.94152666746438740 ) ) ;
#7539 = ORIENTED_EDGE ( 'NONE', *, *, #7227, .T. ) ;
#7540 = CARTESIAN_POINT ( 'NONE',  ( 5.223456321184229090, 6.661471655912583500, 50.77449971424262998 ) ) ;
#7541 = CARTESIAN_POINT ( 'NONE',  ( 4.879775972171294995, 9.213185054979554423, 41.45540113598098486 ) ) ;
#7542 = CARTESIAN_POINT ( 'NONE',  ( 0.05836316500616076097, 9.322872675739988679, 53.35814443513422844 ) ) ;
#7543 = CARTESIAN_POINT ( 'NONE',  ( 2.098488812743535728E-32, 1.562500000000000000, 57.50000000000000000 ) ) ;
#7544 = CARTESIAN_POINT ( 'NONE',  ( 3.809909850212790605, 5.731099973999095099, 54.00420826262354268 ) ) ;
#7545 = CARTESIAN_POINT ( 'NONE',  ( -0.5552976102566498096, 9.413021323850133015, 52.96336425387498537 ) ) ;
#7546 = AXIS2_PLACEMENT_3D ( 'NONE', #5116, #6458, #1358 ) ;
#7547 = CARTESIAN_POINT ( 'NONE',  ( 1.047148569665164564, 11.25479138014653380, 41.38891957771641472 ) ) ;
#7548 = CARTESIAN_POINT ( 'NONE',  ( 4.546008930261629999, 8.271347246422248389, 49.93273983017178352 ) ) ;
#7549 = CARTESIAN_POINT ( 'NONE',  ( -5.050510913431233817, 5.311257279135762843, 51.64691222197887299 ) ) ;
#7550 = CARTESIAN_POINT ( 'NONE',  ( 5.852542870187942725, 4.129045550486099003, 50.29662875223379359 ) ) ;
#7551 = CARTESIAN_POINT ( 'NONE',  ( -5.499999682807224843, 1.562499999999999556, 6.224331497817406245 ) ) ;
#7552 = CARTESIAN_POINT ( 'NONE',  ( 4.227700092386762698, 7.541633196453313204, 50.95540067381244853 ) ) ;
#7553 = AXIS2_PLACEMENT_3D ( 'NONE', #5907, #2563, #33 ) ;
#7554 = CARTESIAN_POINT ( 'NONE',  ( 0.6873222817813434693, 6.799625167467919340, -10.02532176947697629 ) ) ;
#7555 = CARTESIAN_POINT ( 'NONE',  ( 5.899932452700929808, 1.588358459346246310, 41.85898458408446032 ) ) ;
#7556 = CARTESIAN_POINT ( 'NONE',  ( 5.295293565180827500, 3.277799892219761979, -3.750788746659042161 ) ) ;
#7557 = CARTESIAN_POINT ( 'NONE',  ( -5.147692357776594285, 3.647559305806600705, -4.328981076404828876 ) ) ;
#7558 = CARTESIAN_POINT ( 'NONE',  ( 0.2839987962024826396, 10.99854802427772604, 46.98375011115044231 ) ) ;
#7559 = CARTESIAN_POINT ( 'NONE',  ( -2.389176374302973915, 8.885268543869120350, -0.5955393641438735397 ) ) ;
#7560 = CARTESIAN_POINT ( 'NONE',  ( 3.718568626454767045, 9.045379331139633550, 50.25032291673894491 ) ) ;
#7561 = CARTESIAN_POINT ( 'NONE',  ( -4.694160709388778940, 6.313998410227388725, 51.62889818629527383 ) ) ;
#7562 = CARTESIAN_POINT ( 'NONE',  ( 6.037985888064081763, 6.032677713401721320, 45.24153053556847937 ) ) ;
#7563 = CARTESIAN_POINT ( 'NONE',  ( -5.407588762552834716, 2.823994161294693050, 52.10268097875992765 ) ) ;
#7564 = CARTESIAN_POINT ( 'NONE',  ( 0.4967802470430551787, 8.755737904413120276, 54.14222057855835146 ) ) ;
#7565 = CARTESIAN_POINT ( 'NONE',  ( 4.261533924584215427, 8.472063293904614767, 7.846452209247849474 ) ) ;
#7566 = CARTESIAN_POINT ( 'NONE',  ( 5.921612550387771456, 2.362917253307585952, 48.44798800966040631 ) ) ;
#7567 = CARTESIAN_POINT ( 'NONE',  ( 5.425823114938681968, 4.739570696543301764, 49.93921072981573417 ) ) ;
#7568 = CARTESIAN_POINT ( 'NONE',  ( 0.05113139837275405830, 10.66780880292968448, 49.89987441138095647 ) ) ;
#7569 = CARTESIAN_POINT ( 'NONE',  ( -0.007554297805059083382, 10.54669043622393154, 50.70855704184516810 ) ) ;
#7570 = CARTESIAN_POINT ( 'NONE',  ( -2.062683911922342350, 9.633104688145738947, 50.26094188660853490 ) ) ;
#7571 = CARTESIAN_POINT ( 'NONE',  ( 2.477540001120429825, 9.683906899362410670, 50.96550431034181372 ) ) ;
#7572 = CARTESIAN_POINT ( 'NONE',  ( -2.751220126778543218, 5.778994584872591211, -8.639101796524496280 ) ) ;
#7573 = DIRECTION ( 'NONE',  ( -1.000000000000000000, 0.000000000000000000, -0.000000000000000000 ) ) ;
#7574 = CARTESIAN_POINT ( 'NONE',  ( -0.1494574701302402164, 11.02478025088747060, 20.74931033609508901 ) ) ;
#7575 = CARTESIAN_POINT ( 'NONE',  ( 5.523447545356087396, 2.129691539742197381, 44.84162605124837597 ) ) ;
#7576 = CARTESIAN_POINT ( 'NONE',  ( 0.4161656758342608953, 10.33998630522616580, 7.834456572473108338 ) ) ;
#7577 = CARTESIAN_POINT ( 'NONE',  ( 3.091398764700179935, 8.140936825926317510, -1.808695121911372494 ) ) ;
#7578 = CARTESIAN_POINT ( 'NONE',  ( 5.289499233889451979, 6.155618923598725978, 18.26203743065625318 ) ) ;
#7579 = CARTESIAN_POINT ( 'NONE',  ( 0.005929235023435911779, 10.59476997826769562, 50.40450272513120211 ) ) ;
#7580 = CARTESIAN_POINT ( 'NONE',  ( 5.420488722398452808, 1.562499999999994005, 52.49752873470514913 ) ) ;
#7581 = CARTESIAN_POINT ( 'NONE',  ( -1.408144232184310285, 10.84430771742441380, 39.79181665988789973 ) ) ;
#7582 = CARTESIAN_POINT ( 'NONE',  ( -3.273048488882674079, 8.540430895748350792, 0.4132330573178252253 ) ) ;
#7583 = ORIENTED_EDGE ( 'NONE', *, *, #8504, .F. ) ;
#7584 = CARTESIAN_POINT ( 'NONE',  ( 5.453027840238966029, 6.859485838015793036, 49.38112464843940330 ) ) ;
#7585 = CARTESIAN_POINT ( 'NONE',  ( 2.347090296159175971, 10.98361750700214046, 41.45540113598100618 ) ) ;
#7586 = CARTESIAN_POINT ( 'NONE',  ( 2.098488812743535728E-32, 1.562500000000000000, 57.50000000000000000 ) ) ;
#7587 = CARTESIAN_POINT ( 'NONE',  ( 2.133375828082342718, 8.693666560717201008, 52.70196079235598319 ) ) ;
#7588 = CARTESIAN_POINT ( 'NONE',  ( 4.886377185426405312, 7.647509673100260308, 15.73846345206511188 ) ) ;
#7589 = CARTESIAN_POINT ( 'NONE',  ( -0.7891123546517173626, 10.61963249585333102, 46.41500124433338925 ) ) ;
#7590 = CARTESIAN_POINT ( 'NONE',  ( 0.9490893829157593942, 10.68195575938916342, 48.99340193019978784 ) ) ;
#7591 = CARTESIAN_POINT ( 'NONE',  ( -0.1675921402937098348, 9.554360586482674833, 0.4063577451748726088 ) ) ;
#7592 = CARTESIAN_POINT ( 'NONE',  ( 4.420349473309456378, 7.914372301248495667, 51.10329596148368125 ) ) ;
#7593 = CARTESIAN_POINT ( 'NONE',  ( -1.316788859521915933, 2.453238732283828494, -14.99999999999999112 ) ) ;
#7594 = CARTESIAN_POINT ( 'NONE',  ( 5.782800655447356775, 4.107946301330969163, 51.07003815059429286 ) ) ;
#7595 = DIRECTION ( 'NONE',  ( 1.000000000000000000, 0.000000000000000000, 0.000000000000000000 ) ) ;
#7596 = CARTESIAN_POINT ( 'NONE',  ( 1.628471770115986761, 10.10919653005520935, 50.95540067381244853 ) ) ;
#7597 = CARTESIAN_POINT ( 'NONE',  ( 5.899509708174955236, 1.642588394407259011, 46.77292727670453587 ) ) ;
#7598 = CARTESIAN_POINT ( 'NONE',  ( 5.445258106106420470, 2.833040432801557262, 51.68894497190725446 ) ) ;
#7599 = CARTESIAN_POINT ( 'NONE',  ( -5.442737407430350061, 4.857463347380754470, 24.07061332377763563 ) ) ;
#7600 = CARTESIAN_POINT ( 'NONE',  ( 0.2326729862958058226, 10.65925947378053351, 49.90007447205564972 ) ) ;
#7601 = CARTESIAN_POINT ( 'NONE',  ( -3.007595916666946145, 10.22577903102117780, 34.88731410769411667 ) ) ;
#7602 = CARTESIAN_POINT ( 'NONE',  ( 3.422403271880080311, 9.024595863963268627, 50.98516664371638285 ) ) ;
#7603 = CARTESIAN_POINT ( 'NONE',  ( -4.581825675055503311, 6.053860610158771749, -1.844006291298729616 ) ) ;
#7604 = CARTESIAN_POINT ( 'NONE',  ( 5.648971613521080570, 5.884542831852821010, 49.89629761259123342 ) ) ;
#7605 = CARTESIAN_POINT ( 'NONE',  ( -5.488321744357584464, 3.201014578917539044, 31.92486562142939022 ) ) ;
#7606 = CARTESIAN_POINT ( 'NONE',  ( 0.7414017728248863959, 10.43476266465026470, 9.116450143703200837 ) ) ;
#7607 = CARTESIAN_POINT ( 'NONE',  ( 3.365021592293935715, 7.069233990082533836, 53.31681814415006215 ) ) ;
#7608 = CARTESIAN_POINT ( 'NONE',  ( 5.896604418245825485, 2.628322262982802027, 50.60849661643648290 ) ) ;
#7609 = CARTESIAN_POINT ( 'NONE',  ( 5.415243849338241766, 4.828368772904198636, 6.206008468732051142 ) ) ;
#7610 = CARTESIAN_POINT ( 'NONE',  ( 0.06812789337606522944, 10.78804183149860130, 48.99398880081087526 ) ) ;
#7611 = CARTESIAN_POINT ( 'NONE',  ( -0.01759214553131637632, 11.31538557611185603, 41.39894238142999683 ) ) ;
#7612 = CARTESIAN_POINT ( 'NONE',  ( -2.151308677959080651, 10.66472571418136184, 37.31247176208175631 ) ) ;
#7613 = CARTESIAN_POINT ( 'NONE',  ( 2.401002440359967682, 9.847263934523722284, 50.54666879425219150 ) ) ;
#7614 = CARTESIAN_POINT ( 'NONE',  ( -4.153571959025187610, 7.541850615371346045, 0.4162061652715349780 ) ) ;
#7615 = CARTESIAN_POINT ( 'NONE',  ( 0.000000000000000000, 10.25817259538964521, 49.94330815796344325 ) ) ;
#7616 = CARTESIAN_POINT ( 'NONE',  ( -5.474853154636609709, 4.534639129580154027, 9.123148049803939230 ) ) ;
#7617 = DIRECTION ( 'NONE',  ( -0.000000000000000000, -0.000000000000000000, -1.000000000000000000 ) ) ;
#7618 = CARTESIAN_POINT ( 'NONE',  ( 0.4398806201801191418, 10.43719115981762968, 9.116224371587431818 ) ) ;
#7619 = CARTESIAN_POINT ( 'NONE',  ( 3.376429792864518831, 8.791212889504315342, 2.043812248106406049 ) ) ;
#7620 = CARTESIAN_POINT ( 'NONE',  ( 5.644683073692225328, 6.331825083469798443, 42.58336156128778782 ) ) ;
#7621 = CARTESIAN_POINT ( 'NONE',  ( 0.007440459439617999951, 11.13390285180354233, 45.38661607487494365 ) ) ;
#7622 = CARTESIAN_POINT ( 'NONE',  ( 5.499999999970478726, 1.562500000000003109, 33.64099909028204394 ) ) ;
#7623 = CARTESIAN_POINT ( 'NONE',  ( -0.9347996952676117521, 7.805096059128382890, -6.993397019422279648 ) ) ;
#7624 = CARTESIAN_POINT ( 'NONE',  ( -3.328591638862511637, 7.927350769953671161, -1.813109018084798629 ) ) ;
#7625 = ORIENTED_EDGE ( 'NONE', *, *, #2778, .F. ) ;
#7626 = CARTESIAN_POINT ( 'NONE',  ( 5.825322614572095326, 7.267841571959507085, 43.66952553423034544 ) ) ;
#7627 = CARTESIAN_POINT ( 'NONE',  ( 5.652539188401623171, 7.731898762043887707, 41.45540113598099907 ) ) ;
#7628 = CARTESIAN_POINT ( 'NONE',  ( 0.07492716829632670161, 10.21234697249595413, 50.25634274814996871 ) ) ;
#7629 = CARTESIAN_POINT ( 'NONE',  ( 2.423555745549137441, 10.31396062401034541, 12.45078340956682084 ) ) ;
#7630 = CARTESIAN_POINT ( 'NONE',  ( 4.870300481013675409, 7.770817674140319653, 34.88776851128357492 ) ) ;
#7631 = CARTESIAN_POINT ( 'NONE',  ( -0.6030447222974616439, 9.752034567570547097, 2.020321845825953311 ) ) ;
#7632 = CARTESIAN_POINT ( 'NONE',  ( 1.146106994440301730, 10.31877434947537964, 50.82906238867927584 ) ) ;
#7633 = CARTESIAN_POINT ( 'NONE',  ( -0.1939014960293220513, 8.549692585722715066, -4.968234992561537666 ) ) ;
#7634 = CARTESIAN_POINT ( 'NONE',  ( 4.367182680389334770, 8.040087300125328795, 50.99602564700853691 ) ) ;
#7635 = CARTESIAN_POINT ( 'NONE',  ( -4.031364554976865300, 4.314079184401836464, 54.86527224151831916 ) ) ;
#7636 = CARTESIAN_POINT ( 'NONE',  ( -5.499410469505514598, 1.562499999999996891, -3.194067294124409706 ) ) ;
#7637 = FACE_OUTER_BOUND ( 'NONE', #6668, .T. ) ;
#7638 = CARTESIAN_POINT ( 'NONE',  ( 5.920728365897495848, 2.073440849217172310, 44.63389770213779428 ) ) ;
#7639 = CARTESIAN_POINT ( 'NONE',  ( 2.098488812743535728E-32, 1.562500000000000000, 57.50000000000000000 ) ) ;
#7640 = CARTESIAN_POINT ( 'NONE',  ( -4.664781353291094668, 3.336429247279337318, -7.621281383673379040 ) ) ;
#7641 = CARTESIAN_POINT ( 'NONE',  ( 0.2354030866588360249, 11.31133758341886519, 41.39646152073119367 ) ) ;
#7642 = CARTESIAN_POINT ( 'NONE',  ( -2.321580910347138094, 8.386023295958002777, 52.96542287193759080 ) ) ;
#7643 = CARTESIAN_POINT ( 'NONE',  ( 3.660900294326890236, 8.944627413351041056, 50.67150361608810272 ) ) ;
#7644 = CARTESIAN_POINT ( 'NONE',  ( -5.052537609866976531, 6.858451474282099447, 24.06916897584998338 ) ) ;
#7645 = CARTESIAN_POINT ( 'NONE',  ( 6.032608370261192121, 6.207967927262915353, 44.44521024759330174 ) ) ;
#7646 = CARTESIAN_POINT ( 'NONE',  ( -1.462434383211648364E-15, 1.562500000000000000, -14.99999999999999822 ) ) ;
#7647 = CARTESIAN_POINT ( 'NONE',  ( 0.8406440284427950660, 10.91801781755470913, 39.79541301744382054 ) ) ;
#7648 = CARTESIAN_POINT ( 'NONE',  ( 3.816460660096708590, 7.562205597577405847, -1.210256819494801350 ) ) ;
#7649 = CARTESIAN_POINT ( 'NONE',  ( 5.978784378074244010, 2.801687202964056933, 45.18678865585749094 ) ) ;
#7650 = CARTESIAN_POINT ( 'NONE',  ( 5.069080339160452198, 4.122960200461005087, 52.75279841011622750 ) ) ;
#7651 = CARTESIAN_POINT ( 'NONE',  ( 0.06357550253541859042, 10.51161179625467135, 50.91223004523178730 ) ) ;
#7652 = CARTESIAN_POINT ( 'NONE',  ( -0.007342570086090936116, 10.66823229496567471, 49.89995364740180150 ) ) ;
#7653 = CARTESIAN_POINT ( 'NONE',  ( -0.8127501141749297053, 5.159914588130695812, -13.05302893350721405 ) ) ;
#7654 = CARTESIAN_POINT ( 'NONE',  ( 2.307212872494362799, 9.975971456832173345, 50.23367734394042117 ) ) ;
#7655 = CARTESIAN_POINT ( 'NONE',  ( -4.296183668958753366, 7.331610139623687239, 51.17464046650459153 ) ) ;
#7656 = CARTESIAN_POINT ( 'NONE',  ( -5.139999621938545538, 4.048428228745335922, -3.132628052888957182 ) ) ;
#7657 = CARTESIAN_POINT ( 'NONE',  ( -0.1809660788028258638, 9.309781605228137025, 53.35652379627212838 ) ) ;
#7658 = CARTESIAN_POINT ( 'NONE',  ( 5.556469829156739593, 2.876565100534955288, 47.78088912043185132 ) ) ;
#7659 = CARTESIAN_POINT ( 'NONE',  ( 0.2336642563666452566, 9.105375635596910655, -2.361631629011997635 ) ) ;
#7660 = CARTESIAN_POINT ( 'NONE',  ( 3.444393098822274624, 9.020533639921128000, 4.104128055414689058 ) ) ;
#7661 = CARTESIAN_POINT ( 'NONE',  ( 0.6009981190632085468, 1.869121656565364553, 57.50000000000000000 ) ) ;
#7662 = CARTESIAN_POINT ( 'NONE',  ( 0.005311951760129798167, 11.26365023202409255, 42.99172796366669047 ) ) ;
#7663 = EDGE_CURVE ( 'NONE', #4938, #6239, #4917, .T. ) ;
#7664 = CARTESIAN_POINT ( 'NONE',  ( 5.500142625075692848, 1.562500000000004441, -2.560263961842025537 ) ) ;
#7665 = CARTESIAN_POINT ( 'NONE',  ( -1.469916018654140011, 10.87441581419837711, 28.18514727044108525 ) ) ;
#7666 = CARTESIAN_POINT ( 'NONE',  ( -2.665566399921849072, 6.625800871424966765, -6.993476912165180082 ) ) ;
#7667 = EDGE_LOOP ( 'NONE', ( #1179, #586, #6801, #496 ) ) ;
#7668 = CARTESIAN_POINT ( 'NONE',  ( -0.03121648612211092022, 11.00114060281530648, 34.88686443747524635 ) ) ;
#7669 = CARTESIAN_POINT ( 'NONE',  ( 5.812983574711204859, 6.494933731990102821, 47.69397443474392873 ) ) ;
#7670 = CARTESIAN_POINT ( 'NONE',  ( 5.361280912242073704, 8.442355269448681199, 41.45540113598098486 ) ) ;
#7671 = CARTESIAN_POINT ( 'NONE',  ( 0.1041647812659772104, 10.85632620838769924, 15.74685435788338772 ) ) ;
#7672 = CARTESIAN_POINT ( 'NONE',  ( 0.8115372254384639605, 3.674940897412631635, 57.28268591907197305 ) ) ;
#7673 = CARTESIAN_POINT ( 'NONE',  ( 4.616658693843855410, 7.141767924427063541, 2.061615500361069220 ) ) ;
#7674 = CARTESIAN_POINT ( 'NONE',  ( -0.5537387245243440281, 8.948840065575323521, -2.964310131587673869 ) ) ;
#7675 = CARTESIAN_POINT ( 'NONE',  ( 4.906662346580762168, 8.535755494645867358, 47.74164622411019110 ) ) ;
#7676 = CARTESIAN_POINT ( 'NONE',  ( -4.657982002097713625, 4.987454997187491301, 53.11918600053422779 ) ) ;
#7677 = CARTESIAN_POINT ( 'NONE',  ( -5.500031876715590684, 1.562500000000005329, -1.262543978802445510 ) ) ;
#7678 = DIRECTION ( 'NONE',  ( -1.000000000000000000, 0.000000000000000000, 0.000000000000000000 ) ) ;
#7679 = VECTOR ( 'NONE', #5906, 39.37007874015748143 ) ;
#7680 = SHAPE_DEFINITION_REPRESENTATION ( #2762, #6281 ) ;
#7681 = CARTESIAN_POINT ( 'NONE',  ( 1.462434383211648364E-15, 1.562500000000000000, -14.99999999999999822 ) ) ;
#7682 = CARTESIAN_POINT ( 'NONE',  ( -1.462434383211648364E-15, 1.562500000000000000, -14.99999999999999822 ) ) ;
#7683 = CARTESIAN_POINT ( 'NONE',  ( 0.3371512181559690458, 11.25574608290145662, 42.98753575696395757 ) ) ;
#7684 = CARTESIAN_POINT ( 'NONE',  ( -2.105029198092443377, 7.725423316209726998, 54.08747826329936004 ) ) ;
#7685 = CARTESIAN_POINT ( 'NONE',  ( 3.690147157787393883, 8.995686602970982548, 50.46068412151679894 ) ) ;
#7686 = CARTESIAN_POINT ( 'NONE',  ( -4.594983243037765952, 6.219877215376975244, 52.03884499636019711 ) ) ;
#7687 = CARTESIAN_POINT ( 'NONE',  ( 5.836935061407114489, 5.861156514091517167, 48.51778020101031785 ) ) ;
#7688 = CARTESIAN_POINT ( 'NONE',  ( -5.508328220524080443, 3.893061435985577745, 18.26088289267899611 ) ) ;
#7689 = CARTESIAN_POINT ( 'NONE',  ( 0.5680995498430740920, 8.492926395070325540, -4.975632410727767407 ) ) ;
#7690 = CARTESIAN_POINT ( 'NONE',  ( 5.897790823681220651, 2.070200302221417932, 50.71841058449804507 ) ) ;
#7691 = CARTESIAN_POINT ( 'NONE',  ( 5.100037119364954741, 4.001044939563470848, -3.732611069385202374 ) ) ;
#7692 = CARTESIAN_POINT ( 'NONE',  ( 0.04263635599306057206, 11.26350352067943028, 42.99124843658564288 ) ) ;
#7693 = CARTESIAN_POINT ( 'NONE',  ( -0.001050962047914156487, 10.63954211304337250, 50.10146110986774914 ) ) ;
#7694 = CARTESIAN_POINT ( 'NONE',  ( -2.102255684512517320, 10.64276366078231462, 18.26413003074009112 ) ) ;
#7695 = CARTESIAN_POINT ( 'NONE',  ( 2.363681166700640102, 9.750374529497296550, 50.96275181986901970 ) ) ;
#7696 = CARTESIAN_POINT ( 'NONE',  ( -4.400807959818817672, 7.453894796351881347, 50.62347175763397900 ) ) ;
#7697 = CARTESIAN_POINT ( 'NONE',  ( 0.000000000000000000, 9.320758399420395079, -1.174481394705359616 ) ) ;
#7698 = CARTESIAN_POINT ( 'NONE',  ( -5.237125257174685800, 4.168735206917994596, -1.240528332778173537 ) ) ;
#7699 = DIRECTION ( 'NONE',  ( -0.000000000000000000, -0.000000000000000000, 1.000000000000000000 ) ) ;
#7700 = CARTESIAN_POINT ( 'NONE',  ( 0.2262463154972126356, 8.837014431548722015, 54.15224381938046605 ) ) ;
#7701 = CARTESIAN_POINT ( 'NONE',  ( 0.3634429833426384149, 2.056434814402907651, 57.50000000000000000 ) ) ;
#7702 = CARTESIAN_POINT ( 'NONE',  ( 6.075678725564666038, 4.201772961789617788, 42.83785297705672690 ) ) ;
#7703 = CARTESIAN_POINT ( 'NONE',  ( 4.365796909990644181, 4.880186908551523928, -5.861722894618045743 ) ) ;
#7704 = CARTESIAN_POINT ( 'NONE',  ( 0.007511954818921722475, 11.26364813066565773, 42.99169976940457616 ) ) ;
#7705 = CARTESIAN_POINT ( 'NONE',  ( 5.383185430194814103, 1.562499999999992895, 52.77695886212105592 ) ) ;
#7706 = CARTESIAN_POINT ( 'NONE',  ( -1.031677893183596817, 7.544895245812925921, -7.652413162128564927 ) ) ;
#7707 = CARTESIAN_POINT ( 'NONE',  ( -4.032166933428442235, 9.558026063189759114, 39.77277711988546827 ) ) ;
#7708 = EDGE_LOOP ( 'NONE', ( #1570, #6189, #4201, #8282 ) ) ;
#7709 = CARTESIAN_POINT ( 'NONE',  ( -0.02412204769189058365, 10.00703137041067237, 4.074317132372498484 ) ) ;
#7710 = CARTESIAN_POINT ( 'NONE',  ( 5.520353338856825332, 6.420239712341936134, 49.79975871572886348 ) ) ;
#7711 = CARTESIAN_POINT ( 'NONE',  ( 0.07018564858159162534, 11.31338111273446501, 41.45540113598102039 ) ) ;
#7712 = CARTESIAN_POINT ( 'NONE',  ( 0.1146493484991909229, 10.43736517191341484, 9.115998599471680564 ) ) ;
#7713 = CARTESIAN_POINT ( 'NONE',  ( 1.703604557716760448, 7.125383400654365929, 55.03057962737709374 ) ) ;
#7714 = CARTESIAN_POINT ( 'NONE',  ( 1.131966917720071963, 9.695315035698078177, 2.024525391497193016 ) ) ;
#7715 = CARTESIAN_POINT ( 'NONE',  ( 4.442851132305048800, 6.875046955031370643, -0.1965802255830344791 ) ) ;
#7716 =( GEOMETRIC_REPRESENTATION_CONTEXT ( 3 ) GLOBAL_UNCERTAINTY_ASSIGNED_CONTEXT ( ( #4250 ) ) GLOBAL_UNIT_ASSIGNED_CONTEXT ( ( #3855, #7069, #3165 ) ) REPRESENTATION_CONTEXT ( 'NONE', 'WORKASPACE' ) );
#7717 = CARTESIAN_POINT ( 'NONE',  ( -0.9768646715596033259, 10.93117888612281519, 36.13019075620598386 ) ) ;
#7718 = CARTESIAN_POINT ( 'NONE',  ( 5.100954727710221626, 8.885912979853980431, 41.32303423420766109 ) ) ;
#7719 = CARTESIAN_POINT ( 'NONE',  ( -4.290824451519618776, 4.435829685624286256, -6.993583435822332106 ) ) ;
#7720 = CARTESIAN_POINT ( 'NONE',  ( -4.890061941761566722, 1.562499999999998668, -8.583132878762766538 ) ) ;
#7721 = DIRECTION ( 'NONE',  ( 0.000000000000000000, 0.000000000000000000, -1.000000000000000000 ) ) ;
#7722 = LINE ( 'NONE', #2356, #4504 ) ;
#7723 = CARTESIAN_POINT ( 'NONE',  ( 5.500589621580385113, 2.163090550662183809, 50.65414469670096764 ) ) ;
#7724 = CARTESIAN_POINT ( 'NONE',  ( -0.3158658570626771689, 9.391693343364332591, 53.14686955173748828 ) ) ;
#7725 = CARTESIAN_POINT ( 'NONE',  ( 0.3052489329348642144, 11.30909184530012190, 41.39579168511202312 ) ) ;
#7726 = CARTESIAN_POINT ( 'NONE',  ( -2.868156897706805708, 9.634878563414781993, 6.175470086923144031 ) ) ;
#7727 = CARTESIAN_POINT ( 'NONE',  ( 4.385845740287808603, 9.723893345018986167, 43.72348433850030602 ) ) ;
#7728 = CARTESIAN_POINT ( 'NONE',  ( -4.556819224961369486, 6.518149422108693969, -0.6070754800901517756 ) ) ;
#7729 = CARTESIAN_POINT ( 'NONE',  ( 5.689645269872540823, 5.458823543908986942, 50.21165790029397158 ) ) ;
#7730 = CARTESIAN_POINT ( 'NONE',  ( -2.098488812743535728E-32, 1.562500000000000000, 57.50000000000000000 ) ) ;
#7731 = CARTESIAN_POINT ( 'NONE',  ( 0.5628245232986897051, 8.687781374031674275, -4.164036098602016622 ) ) ;
#7732 = CARTESIAN_POINT ( 'NONE',  ( 5.922389289398061862, 2.101831069477667402, 45.17311736323815552 ) ) ;
#7733 = CARTESIAN_POINT ( 'NONE',  ( 1.462434383211648364E-15, 1.562500000000000000, -14.99999999999999822 ) ) ;
#7734 = CARTESIAN_POINT ( 'NONE',  ( 0.08032253297109896717, 10.62386728933782365, 50.20238323850490758 ) ) ;
#7735 = CARTESIAN_POINT ( 'NONE',  ( 0.0001621132611479508096, 10.83562055639148447, 48.59274838043085509 ) ) ;
#7736 = CARTESIAN_POINT ( 'NONE',  ( -1.783682414108272773, 8.930816169437010288, 52.69843739310544350 ) ) ;
#7737 = CARTESIAN_POINT ( 'NONE',  ( 2.665888959230740873, 10.16716807723172167, 48.59341769263148336 ) ) ;
#7738 = CARTESIAN_POINT ( 'NONE',  ( -4.371689490725708893, 7.940604849866784498, 4.116152629414892239 ) ) ;
#7739 = DIRECTION ( 'NONE',  ( -0.000000000000000000, -0.000000000000000000, -1.000000000000000000 ) ) ;
#7740 = CARTESIAN_POINT ( 'NONE',  ( -0.1243800622058832822, 4.041883709251802514, 57.29906424968810796 ) ) ;
#7741 = CARTESIAN_POINT ( 'NONE',  ( 0.5003299822469456926, 10.88136597930277816, 42.68993699059820557 ) ) ;
#7742 = CARTESIAN_POINT ( 'NONE',  ( 3.612181353887456314, 8.690103575930651303, 49.94134851841457845 ) ) ;
#7743 = CARTESIAN_POINT ( 'NONE',  ( 5.898239586349421693, 3.873454640527131065, 49.85763361409897954 ) ) ;
#7744 = CARTESIAN_POINT ( 'NONE',  ( 5.128637317473475399, 5.370019088296984933, 51.20021911976187567 ) ) ;
#7745 = CARTESIAN_POINT ( 'NONE',  ( 0.01011651662809340269, 10.68210809213517365, 49.79925627408435673 ) ) ;
#7746 = CARTESIAN_POINT ( 'NONE',  ( 4.890061941761566722, 1.562499999999998668, -8.583132878762766538 ) ) ;
#7747 = CARTESIAN_POINT ( 'NONE',  ( -1.373728889008610343, 9.987694941804008408, 49.94259556176391612 ) ) ;
#7748 = CARTESIAN_POINT ( 'NONE',  ( -3.516115097578559556, 8.535521221465890207, 50.61529230721625083 ) ) ;
#7749 = ORIENTED_EDGE ( 'NONE', *, *, #732, .F. ) ;
#7750 = CARTESIAN_POINT ( 'NONE',  ( -0.02192433093851587841, 9.884074986097409976, 51.92447219456067131 ) ) ;
#7751 = CARTESIAN_POINT ( 'NONE',  ( 5.302857458546273328, 6.251960114781759614, 51.09713611164365688 ) ) ;
#7752 = CARTESIAN_POINT ( 'NONE',  ( 0.000000000000000000, 10.09798677339744621, 50.95540067381244853 ) ) ;
#7753 = CARTESIAN_POINT ( 'NONE',  ( 0.2323069740920683246, 10.66845033721337188, 12.45380331418265207 ) ) ;
#7754 = CARTESIAN_POINT ( 'NONE',  ( 2.370032093627711056, 8.518081601461860330, 52.70447750610667725 ) ) ;
#7755 = CARTESIAN_POINT ( 'NONE',  ( 0.9455379141155457745, 9.043402027851440650, 53.34761028253042525 ) ) ;
#7756 = CARTESIAN_POINT ( 'NONE',  ( 5.108275195459300200, 6.852436959059754251, 10.78301991310905272 ) ) ;
#7757 = CARTESIAN_POINT ( 'NONE',  ( -0.9444640012995180189, 10.94921360813852296, 33.64218465740860609 ) ) ;
#7758 = ADVANCED_FACE ( 'NONE', ( #3276 ), #991, .T. ) ;
#7759 = CARTESIAN_POINT ( 'NONE',  ( 4.722105289375800652, 7.896232274359180181, 50.24800831499820220 ) ) ;
#7760 = CARTESIAN_POINT ( 'NONE',  ( -5.417481494977394618, 5.509489546748068456, 15.73526691651526832 ) ) ;
#7761 = SURFACE_STYLE_USAGE ( .BOTH. , #1316 ) ;
#7762 = CARTESIAN_POINT ( 'NONE',  ( 0.2120664549921410513, 10.49728005855265600, 50.95540067381245564 ) ) ;
#7763 = CARTESIAN_POINT ( 'NONE',  ( 1.437539307645750331, 8.234928056791533280, 54.11060881904258935 ) ) ;
#7764 = CARTESIAN_POINT ( 'NONE',  ( 5.560897756618293108, 5.002762819103638847, 50.95540067381245564 ) ) ;
#7765 = CARTESIAN_POINT ( 'NONE',  ( 2.098488812743535728E-32, 1.562500000000000000, 57.50000000000000000 ) ) ;
#7766 = CARTESIAN_POINT ( 'NONE',  ( -0.3044408687380391054, 9.546235133511258297, 0.4067293836690871744 ) ) ;
#7767 = CARTESIAN_POINT ( 'NONE',  ( 0.5339216827098236529, 10.54768063744749540, 50.40868892085651254 ) ) ;
#7768 = CARTESIAN_POINT ( 'NONE',  ( -0.2262463154972126356, 8.837014431548722015, 54.15224381938046605 ) ) ;
#7769 = CARTESIAN_POINT ( 'NONE',  ( 4.049862344618683885, 8.640994038959609824, 50.46242845560975354 ) ) ;
#7770 = CARTESIAN_POINT ( 'NONE',  ( -4.653548557473984992, 5.669938785951885052, -2.476966531945561822 ) ) ;
#7771 = CARTESIAN_POINT ( 'NONE',  ( 5.754308945490334892, 5.349513954307106189, 49.88569028725713395 ) ) ;
#7772 = CARTESIAN_POINT ( 'NONE',  ( -5.505225393964553682, 2.157826817313444501, 49.93796368646646044 ) ) ;
#7773 = CARTESIAN_POINT ( 'NONE',  ( 1.462434383211648364E-15, 1.562500000000000000, -14.99999999999999822 ) ) ;
#7774 = CARTESIAN_POINT ( 'NONE',  ( 5.899269127619104047, 2.068872599025219916, 50.60587569044152900 ) ) ;
#7775 = CARTESIAN_POINT ( 'NONE',  ( 3.939300970345105846, 3.286273346546676244, -9.945961796485036643 ) ) ;
#7776 = CARTESIAN_POINT ( 'NONE',  ( 0.1102045628564449070, 10.62278265250295739, 50.20246989590566500 ) ) ;
#7777 = CARTESIAN_POINT ( 'NONE',  ( -0.0003804150599176720567, 11.13390708324877387, 45.38673845497061876 ) ) ;
#7778 = CARTESIAN_POINT ( 'NONE',  ( -2.282333772912166658, 10.52004702059138275, 15.74379101131483338 ) ) ;
#7779 = CARTESIAN_POINT ( 'NONE',  ( 2.803929390926446441, 9.789068320710130777, 49.93023726965059694 ) ) ;
#7780 = CARTESIAN_POINT ( 'NONE',  ( -4.066395754377087890, 7.395476199592256883, -0.6035559870895925716 ) ) ;
#7781 = CARTESIAN_POINT ( 'NONE',  ( 0.000000000000000000, 8.342712056005252563, -5.798662242242414777 ) ) ;
#7782 = CARTESIAN_POINT ( 'NONE',  ( -0.2307365143446374611, 10.20240546697742978, 50.25674267323329047 ) ) ;
#7783 = CARTESIAN_POINT ( 'NONE',  ( 5.460897756618293464, 5.002762819103638847, 50.65540067381245848 ) ) ;
#7784 = CARTESIAN_POINT ( 'NONE',  ( 0.5155606658571647571, 10.33937851441746680, 7.834706481572587755 ) ) ;
#7785 = CARTESIAN_POINT ( 'NONE',  ( 4.032166933428442235, 9.558026063189759114, 39.77277711988546827 ) ) ;
#7786 = CARTESIAN_POINT ( 'NONE',  ( 5.838022958824566011, 3.605576716721600850, 50.95297332581072425 ) ) ;
#7787 = CARTESIAN_POINT ( 'NONE',  ( 2.098488812743535728E-32, 1.562500000000000000, 57.50000000000000000 ) ) ;
#7788 = CARTESIAN_POINT ( 'NONE',  ( 0.01368646726106922604, 10.65402182064476300, 50.00065654933689530 ) ) ;
#7789 = CARTESIAN_POINT ( 'NONE',  ( -0.05696275616894573568, 10.59477132614114403, 50.40430432365776880 ) ) ;
#7790 = CARTESIAN_POINT ( 'NONE',  ( -1.277809566777866834, 9.418693614523217406, 0.4087733953872617065 ) ) ;
#7791 = CARTESIAN_POINT ( 'NONE',  ( 1.426453944350195568, 10.91744971493299943, 46.17229514423666359 ) ) ;
#7792 = CARTESIAN_POINT ( 'NONE',  ( -3.781483727684233465, 9.049906663132377460, 7.844452936452038116 ) ) ;
#7793 = CARTESIAN_POINT ( 'NONE',  ( -0.03843345560989173959, 10.43747479120107968, 9.115948427890401717 ) ) ;
#7794 = CARTESIAN_POINT ( 'NONE',  ( 5.917428433671371835, 6.783915515587682243, 45.25624557651298829 ) ) ;
#7795 = CARTESIAN_POINT ( 'NONE',  ( -0.0005263120063630969238, 10.63600178186065470, 50.12641471152713990 ) ) ;
#7796 = CARTESIAN_POINT ( 'NONE',  ( 0.05068537972176319351, 5.546541066216526872, -13.07197988516376874 ) ) ;
#7797 = CARTESIAN_POINT ( 'NONE',  ( 2.990277296613805369, 10.21670367652864719, 31.92479590995020189 ) ) ;
#7798 = CARTESIAN_POINT ( 'NONE',  ( 1.191267208972998315, 8.803007439367908304, -2.979029949800330090 ) ) ;
#7799 = CARTESIAN_POINT ( 'NONE',  ( 5.003839550095653621, 7.244468291516243497, 12.44549857648910596 ) ) ;
#7800 = CARTESIAN_POINT ( 'NONE',  ( -0.8187967722828833894, 10.09800682940477579, 50.25814241102505520 ) ) ;
#7801 = CARTESIAN_POINT ( 'NONE',  ( 4.566599197871043181, 7.714605606619714173, 51.10411743010442365 ) ) ;
#7802 = CARTESIAN_POINT ( 'NONE',  ( -5.143462081288823207, 4.559441979321362304, 52.07076298756010146 ) ) ;
#7803 = CARTESIAN_POINT ( 'NONE',  ( 4.995106242607511682, 8.645623341073207513, 41.75540113598098912 ) ) ;
#7804 = DIRECTION ( 'NONE',  ( 3.414809992080346871E-15, 0.000000000000000000, 1.000000000000000000 ) ) ;
#7805 = CARTESIAN_POINT ( 'NONE',  ( 1.808694838539100402, 9.528263941607212573, 51.13414093218063528 ) ) ;
#7806 = CARTESIAN_POINT ( 'NONE',  ( 3.813196400447192769, 6.968889980737402290, -3.055829001344649853 ) ) ;
#7807 = CARTESIAN_POINT ( 'NONE',  ( 0.7321008163193387652, 11.08152448227771991, 41.75540113598098912 ) ) ;
#7808 = CARTESIAN_POINT ( 'NONE',  ( 5.436416537856803899, 2.816649322707566405, -1.888145253032918580 ) ) ;
#7809 = CARTESIAN_POINT ( 'NONE',  ( -0.2339257175964881141, 5.510513908663378757, -13.06837018008632967 ) ) ;
#7810 = CARTESIAN_POINT ( 'NONE',  ( 0.2838642119084429094, 10.47725903405690140, 51.01671246407659766 ) ) ;
#7811 = CARTESIAN_POINT ( 'NONE',  ( -0.07161368706975200504, 3.725016719955450917, -15.00000000000000000 ) ) ;
#7812 = CARTESIAN_POINT ( 'NONE',  ( 4.107716835370423425, 9.209568904558548041, 48.58523677947012942 ) ) ;
#7813 = CARTESIAN_POINT ( 'NONE',  ( -3.885663197858728601, 4.797824150933038823, -7.630176177517723701 ) ) ;
#7814 = CARTESIAN_POINT ( 'NONE',  ( 5.680020771077670005, 5.163182556053905969, 50.64316369625751690 ) ) ;
#7815 = CARTESIAN_POINT ( 'NONE',  ( -5.490982286356159925, 2.175458926435342111, -1.896973045379759748 ) ) ;
#7816 = CARTESIAN_POINT ( 'NONE',  ( 0.6660848604848286225, 9.282341867772640143, 53.14511742824357299 ) ) ;
#7817 = CARTESIAN_POINT ( 'NONE',  ( 5.900079833809262375, 1.961253107728954337, 50.49358955242337288 ) ) ;
#7818 = CARTESIAN_POINT ( 'NONE',  ( 4.823478556407226669, 3.570916731980068093, 53.93019048424510231 ) ) ;
#7819 = CARTESIAN_POINT ( 'NONE',  ( 0.09524549385450382932, 10.62338398520278027, 50.20242291019666681 ) ) ;
#7820 = CARTESIAN_POINT ( 'NONE',  ( 1.517480058924694089E-05, 10.73769613164303927, 49.39664675784125336 ) ) ;
#7821 = CARTESIAN_POINT ( 'NONE',  ( -2.106560109717565688, 9.481640075419713654, 2.031943413269968524 ) ) ;
#7822 = CARTESIAN_POINT ( 'NONE',  ( 2.611007521839312506, 10.02186552754789517, 49.41230087063394905 ) ) ;
#7823 = AXIS2_PLACEMENT_3D ( 'NONE', #920, #2893, #7828 ) ;
#7824 = CARTESIAN_POINT ( 'NONE',  ( -4.649003742914080917, 7.835072240559630252, 7.848451482043651062 ) ) ;
#7825 = CARTESIAN_POINT ( 'NONE',  ( 0.000000000000000000, 10.34141727185504145, 7.833456936075216426 ) ) ;
#7826 = CARTESIAN_POINT ( 'NONE',  ( 1.084919738313681714, 7.151115376425124737, -8.664140522891587537 ) ) ;
#7827 = CARTESIAN_POINT ( 'NONE',  ( -0.2530802715379038004, 10.43991875929399704, 48.58472816954153473 ) ) ;
#7828 = DIRECTION ( 'NONE',  ( -1.000000000000000000, 0.000000000000000000, -0.000000000000000000 ) ) ;
#7829 = CARTESIAN_POINT ( 'NONE',  ( 0.4934338581415583791, 10.96753170693866508, 37.31562964473769028 ) ) ;
#7830 = CARTESIAN_POINT ( 'NONE',  ( 2.364703269251071660, 6.616255091621529694, -7.643518368284216713 ) ) ;
#7831 = VECTOR ( 'NONE', #5821, 39.37007874015748143 ) ;
#7832 = CARTESIAN_POINT ( 'NONE',  ( 5.899655016561757392, 3.613808094402895854, 49.96131001003985972 ) ) ;
#7833 = CARTESIAN_POINT ( 'NONE',  ( 4.374756044466574068, 4.699751388542688701, 53.96719937343434736 ) ) ;
#7834 = CARTESIAN_POINT ( 'NONE',  ( 0.01260811018921863084, 10.51245693610380449, 50.91176803886645530 ) ) ;
#7835 = CARTESIAN_POINT ( 'NONE',  ( -0.04417223658208923459, 10.56340766148077037, 50.60686989272781489 ) ) ;
#7836 = CARTESIAN_POINT ( 'NONE',  ( -0.3462698446878940128, 3.560391224803660215, -14.99999999999999645 ) ) ;
#7837 = CARTESIAN_POINT ( 'NONE',  ( 1.316396186241694188, 10.45792480694515092, 49.80843954274603647 ) ) ;
#7838 = CARTESIAN_POINT ( 'NONE',  ( -3.170016123976520106, 7.302798177010875413, 53.32005942187437597 ) ) ;
#7839 = CARTESIAN_POINT ( 'NONE',  ( -0.01924276616157303416, 9.323998683940622811, 53.35868464808827838 ) ) ;
#7840 = CARTESIAN_POINT ( 'NONE',  ( 5.512847577612399519, 6.254175630403963737, 50.11852943663808446 ) ) ;
#7841 = CARTESIAN_POINT ( 'NONE',  ( 0.0005590327531402621746, 10.50443839543219049, 50.95539618016500327 ) ) ;
#7842 = CARTESIAN_POINT ( 'NONE',  ( 0.2341786006775009865, 10.55643579493340667, 10.78768099149825410 ) ) ;
#7843 = CARTESIAN_POINT ( 'NONE',  ( 2.044803462662053484, 7.884848645301289594, -5.003835067486522625 ) ) ;
#7844 = CARTESIAN_POINT ( 'NONE',  ( 2.098488812743535728E-32, 1.562500000000000000, 57.50000000000000000 ) ) ;
#7845 = CARTESIAN_POINT ( 'NONE',  ( 2.098488812743535728E-32, 1.562500000000000000, 57.50000000000000000 ) ) ;
#7846 = CARTESIAN_POINT ( 'NONE',  ( -1.212774871683283573, 10.81330477795395417, 42.67998995052926858 ) ) ;
#7847 = CARTESIAN_POINT ( 'NONE',  ( 4.878103257048049812, 7.698426017251868814, 50.13978046890984785 ) ) ;
#7848 = CARTESIAN_POINT ( 'NONE',  ( -5.375953967889775420, 5.125684914453086272, 49.93938887886569233 ) ) ;
#7849 = CYLINDRICAL_SURFACE ( 'NONE', #4490, 0.1000000000000000194 ) ;
#7850 = CARTESIAN_POINT ( 'NONE',  ( 4.800385093818218429, 7.412252604690776181, 50.95540067381244853 ) ) ;
#7851 = CARTESIAN_POINT ( 'NONE',  ( 2.025394921837640361, 10.03197276488815071, 48.56523245196650862 ) ) ;
#7852 = CARTESIAN_POINT ( 'NONE',  ( 4.845427569868008710, 8.674219976281825950, 42.61746569866703283 ) ) ;
#7853 = CARTESIAN_POINT ( 'NONE',  ( 5.505405338135965998, 2.764223135945247822, 15.73100486911553197 ) ) ;
#7854 = CARTESIAN_POINT ( 'NONE',  ( -0.4665866298292464798, 10.11728480534316432, 50.59586611247382848 ) ) ;
#7855 = CARTESIAN_POINT ( 'NONE',  ( 0.4026093816038718853, 10.46379398582592479, 51.01851881751235140 ) ) ;
#7856 = CARTESIAN_POINT ( 'NONE',  ( -0.2683110944026581013, 9.744255113921525435, 52.32698748148480661 ) ) ;
#7857 = CARTESIAN_POINT ( 'NONE',  ( 3.920512963985688604, 8.897191140544688182, 50.14604228294723498 ) ) ;
#7858 = CARTESIAN_POINT ( 'NONE',  ( -4.765617139959203108, 5.817448318015300046, -1.226768554013004442 ) ) ;
#7859 = CARTESIAN_POINT ( 'NONE',  ( 5.612714214255059453, 5.413471134631432591, 50.75707026167356162 ) ) ;
#7860 = CARTESIAN_POINT ( 'NONE',  ( -5.498683046571825273, 2.171495114905540369, 4.164250925415753812 ) ) ;
#7861 = CARTESIAN_POINT ( 'NONE',  ( 0.8635410583491289760, 11.00176648389430767, 28.18502529894631792 ) ) ;
#7862 = CARTESIAN_POINT ( 'NONE',  ( 5.903682928940130026, 2.172403965572616169, 50.16124012554154632 ) ) ;
#7863 = CARTESIAN_POINT ( 'NONE',  ( 5.667333018454730365, 4.050491130588734556, 46.26544949966312714 ) ) ;
#7864 = CARTESIAN_POINT ( 'NONE',  ( 0.1079031601247388422, 10.52752548761867502, 50.81098609501885477 ) ) ;
#7865 = CARTESIAN_POINT ( 'NONE',  ( 0.0002171751484006243427, 10.65405286540821450, 50.00066743671484915 ) ) ;
#7866 = CARTESIAN_POINT ( 'NONE',  ( -2.232507237309910852, 9.547501620875607387, 50.26134181169189219 ) ) ;
#7867 = CARTESIAN_POINT ( 'NONE',  ( 2.942128466356817018, 10.53644679770350479, 45.35207221054536575 ) ) ;
#7868 = CARTESIAN_POINT ( 'NONE',  ( -4.455377723716582139, 7.455164954905735719, 2.058648291651967277 ) ) ;
#7869 = ADVANCED_FACE ( 'NONE', ( #5611 ), #8295, .T. ) ;
#7870 = CARTESIAN_POINT ( 'NONE',  ( 1.607736241179707370, 9.056519134942439209, -1.188241173470529599 ) ) ;
#7871 = CARTESIAN_POINT ( 'NONE',  ( 0.3635613852831707793, 11.07894570722480942, 24.06571285759472900 ) ) ;
#7872 = CARTESIAN_POINT ( 'NONE',  ( 3.632625193176762579, 8.559446296184665570, 2.046779456815519982 ) ) ;
#7873 = CARTESIAN_POINT ( 'NONE',  ( 5.829445451408301615, 3.604079798713204941, 51.06454662486503793 ) ) ;
#7874 = CARTESIAN_POINT ( 'NONE',  ( 5.349526603466003394, 5.694100770780479159, 9.122244961340918223 ) ) ;
#7875 = CARTESIAN_POINT ( 'NONE',  ( 0.009168044117043104568, 10.92938697308690443, 47.78916184125281319 ) ) ;
#7876 = CARTESIAN_POINT ( 'NONE',  ( 0.2999591220507833444, 11.06515853530437177, 42.76142520816062387 ) ) ;
#7877 = CARTESIAN_POINT ( 'NONE',  ( -1.465353686714243153, 9.690833015718661514, 51.12987782330446151 ) ) ;
#7878 = CARTESIAN_POINT ( 'NONE',  ( 1.422720375727224651, 10.32664512285476732, 50.32083252988808653 ) ) ;
#7879 = CARTESIAN_POINT ( 'NONE',  ( -3.669770410065201993, 8.150116631997748939, 51.16185113987611999 ) ) ;
#7880 = CARTESIAN_POINT ( 'NONE',  ( -1.462434383211648364E-15, 1.562500000000000000, -14.99999999999999822 ) ) ;
#7881 = CARTESIAN_POINT ( 'NONE',  ( 5.482435398049251951, 6.075861786202319870, 50.54879332419856297 ) ) ;
#7882 = CARTESIAN_POINT ( 'NONE',  ( 5.499807789885050369, 1.636786540741658635, 41.45540113598097065 ) ) ;
#7883 = CARTESIAN_POINT ( 'NONE',  ( 0.1515963528075060240, 10.00537936277841133, 4.075569692164187074 ) ) ;
#7884 = CARTESIAN_POINT ( 'NONE',  ( 3.025389755810873105, 10.23730700681489481, 36.12961757953006270 ) ) ;
#7885 = CARTESIAN_POINT ( 'NONE',  ( 1.474318400100831372, 10.12804399373840525, 6.167326518440763294 ) ) ;
#7886 = CARTESIAN_POINT ( 'NONE',  ( 3.960014246795686699, 5.482703668347886250, 53.99495604032605911 ) ) ;
#7887 = CARTESIAN_POINT ( 'NONE',  ( -1.077706256323683442, 10.31554015497799881, 48.57549335595344076 ) ) ;
#7888 = CARTESIAN_POINT ( 'NONE',  ( -2.504827797420649205, 7.971068523863261035, 53.32978325504709716 ) ) ;
#7889 = CARTESIAN_POINT ( 'NONE',  ( 5.202702899067988440, 6.970783079700066942, 50.34537237486101446 ) ) ;
#7890 = CARTESIAN_POINT ( 'NONE',  ( -5.391934793788760949, 4.717530528930577560, 50.27453933944272535 ) ) ;
#7891 = FILL_AREA_STYLE_COLOUR ( '', #3793 ) ;
#7892 = CARTESIAN_POINT ( 'NONE',  ( 5.314108666299797612, 6.323665751284241132, 50.95540067381245564 ) ) ;
#7893 = CARTESIAN_POINT ( 'NONE',  ( 1.691087012964697101, 8.600331088428550430, 53.33950708821987519 ) ) ;
#7894 = CARTESIAN_POINT ( 'NONE',  ( 3.822177833058203689, 7.251850649418761563, 52.39850478122229305 ) ) ;
#7895 = CARTESIAN_POINT ( 'NONE',  ( 5.499840975523873077, 1.789463793132539449, 9.125355599380212013 ) ) ;
#7896 = CARTESIAN_POINT ( 'NONE',  ( -0.7034130243019793838, 10.86754406777525617, 42.68709497914991147 ) ) ;
#7897 = CARTESIAN_POINT ( 'NONE',  ( 0.5389950275776645983, 10.59444284280509407, 50.10413041774108933 ) ) ;
#7898 = CARTESIAN_POINT ( 'NONE',  ( 4.344634802769956394, 9.631231979610292981, 45.32446000010865106 ) ) ;
#7899 = CARTESIAN_POINT ( 'NONE',  ( -3.869636881894995550, 5.155712734840384392, -6.993551478725177795 ) ) ;
#7900 = CARTESIAN_POINT ( 'NONE',  ( 5.624364016538707212, 5.275651431818582537, 50.86477881722176875 ) ) ;
#7901 = CARTESIAN_POINT ( 'NONE',  ( -5.383725637727277302, 1.755800435819161454, 52.77494549112065414 ) ) ;
#7902 = CARTESIAN_POINT ( 'NONE',  ( 1.186529497310937264, 10.89628553961774493, 37.31432934011460389 ) ) ;
#7903 = CARTESIAN_POINT ( 'NONE',  ( 5.893678988367861749, 1.759512400105282870, 51.05895967911651212 ) ) ;
#7904 = CARTESIAN_POINT ( 'NONE',  ( 4.865573554148578950, 3.443073390566184333, -6.582429704930919279 ) ) ;
#7905 = CARTESIAN_POINT ( 'NONE',  ( 0.1951249492990614620, 10.48590521244984330, 51.01543662675233293 ) ) ;
#7906 = CARTESIAN_POINT ( 'NONE',  ( 0.0005080250498962053879, 11.18405012317526825, 44.58769824338128984 ) ) ;
#7907 = CARTESIAN_POINT ( 'NONE',  ( -2.512323065395920541, 10.19464105274987098, 46.38617854445147515 ) ) ;
#7908 = CARTESIAN_POINT ( 'NONE',  ( 2.984205031700218669, 10.74371266928629964, 41.36579577202896019 ) ) ;
#7909 = CARTESIAN_POINT ( 'NONE',  ( -1.462434383211648364E-15, 1.562500000000000000, -14.99999999999999822 ) ) ;
#7910 = CARTESIAN_POINT ( 'NONE',  ( 1.736338393797442814, 9.851288817658184982, 49.94241741271395085 ) ) ;
#7911 = CARTESIAN_POINT ( 'NONE',  ( 0.3017690107630460195, 9.098721604720328315, -2.363233502663853347 ) ) ;
#7912 = CARTESIAN_POINT ( 'NONE',  ( 4.070840996619224939, 8.907791748830440781, 10.78461799712822966 ) ) ;
#7913 = CARTESIAN_POINT ( 'NONE',  ( 5.910541134256754425, 3.103497986181769530, 49.95313491039896547 ) ) ;
#7914 = CARTESIAN_POINT ( 'NONE',  ( 4.779532300628855701, 4.915136056327865433, -3.709239770033131656 ) ) ;
#7915 = CARTESIAN_POINT ( 'NONE',  ( 0.009611966895414162521, 11.18404226671287383, 44.58756236590966182 ) ) ;
#7916 = CARTESIAN_POINT ( 'NONE',  ( -0.05455254891845216086, 11.13389639802286624, 45.38766030680381647 ) ) ;
#7917 = CARTESIAN_POINT ( 'NONE',  ( -1.736442256076148993, 10.45680064712364121, 10.78661560215214088 ) ) ;
#7918 = CARTESIAN_POINT ( 'NONE',  ( 1.442926167655777636, 10.99152480006185684, 45.36969704829512295 ) ) ;
#7919 = CARTESIAN_POINT ( 'NONE',  ( -0.4185994638328038309, 2.016015623993378636, 57.50000000000000000 ) ) ;
#7920 = CARTESIAN_POINT ( 'NONE',  ( -0.05394092696110119878, 9.002158947343870565, -2.950230305471216230 ) ) ;
#7921 = CARTESIAN_POINT ( 'NONE',  ( 5.535193306074985387, 5.959957574080714693, 50.43813153721557541 ) ) ;
#7922 = CARTESIAN_POINT ( 'NONE',  ( 5.460897756618293464, 5.002762819103638847, 50.65540067381245848 ) ) ;
#7923 = CARTESIAN_POINT ( 'NONE',  ( 0.1487900219233262988, 10.15746476943702348, 50.59382124986939289 ) ) ;
#7924 = CARTESIAN_POINT ( 'NONE',  ( 1.963135941016963537, 7.652639691620508167, -5.821258976010358133 ) ) ;
#7925 = CARTESIAN_POINT ( 'NONE',  ( 1.259869397548732950, 9.666419325063079881, 51.54483268643853222 ) ) ;
#7926 = EDGE_CURVE ( 'NONE', #287, #5064, #6035, .T. ) ;
#7927 = CARTESIAN_POINT ( 'NONE',  ( 3.719606694867322982, 5.383616595652076064, -6.993540826359458507 ) ) ;
#7928 = CARTESIAN_POINT ( 'NONE',  ( -0.8407847167169517633, 9.979645830256446359, 4.081581979164296214 ) ) ;
#7929 = CARTESIAN_POINT ( 'NONE',  ( -3.342820187331646320, 9.994598652043379161, 18.26362492037499052 ) ) ;
#7930 = CARTESIAN_POINT ( 'NONE',  ( 5.358329275270328651, 7.114342147921909110, 49.38614004517845757 ) ) ;
#7931 = CARTESIAN_POINT ( 'NONE',  ( -5.400700050988129775, 5.560622792152099869, 18.26174879616190339 ) ) ;
#7932 = DIRECTION ( 'NONE',  ( 3.414809992080346871E-15, 0.000000000000000000, 1.000000000000000000 ) ) ;
#7933 = CYLINDRICAL_SURFACE ( 'NONE', #1193, 0.09999999999999947820 ) ;
#7934 = CARTESIAN_POINT ( 'NONE',  ( 1.720395744205461153, 9.300927142682564153, 51.95905001836053572 ) ) ;
#7935 = CARTESIAN_POINT ( 'NONE',  ( 4.102277143842369966, 7.455364584302567543, -0.1958728432015571508 ) ) ;
#7936 = CARTESIAN_POINT ( 'NONE',  ( 5.383725637727277302, 1.755800435819161454, 52.77494549112065414 ) ) ;
#7937 = CARTESIAN_POINT ( 'NONE',  ( -0.6017508696637777765, 10.87500813359594254, 42.68851598487404431 ) ) ;
#7938 = CARTESIAN_POINT ( 'NONE',  ( 0.5840354848518355402, 10.97626376977641804, 46.98062557053615507 ) ) ;
#7939 = CARTESIAN_POINT ( 'NONE',  ( 4.316435848033620459, 8.592168705865349310, 49.82985040754042672 ) ) ;
#7940 = CARTESIAN_POINT ( 'NONE',  ( -3.742181826900959241, 5.021839452910358048, -7.631658643158442779 ) ) ;
#7941 = CARTESIAN_POINT ( 'NONE',  ( 6.081407967774867807, 5.418388106456878184, 45.23053683242389411 ) ) ;
#7942 = CARTESIAN_POINT ( 'NONE',  ( -5.493772423157406770, 2.186144402597022918, 0.4280985970863737666 ) ) ;
#7943 = CARTESIAN_POINT ( 'NONE',  ( 0.6940427302311181768, 9.354299843366472800, -0.5900645972541134210 ) ) ;
#7944 = CARTESIAN_POINT ( 'NONE',  ( 5.905422868518618529, 1.809050459629943930, 45.16639281452805221 ) ) ;
#7945 = CARTESIAN_POINT ( 'NONE',  ( 5.277260619516900064, 3.802256703890162459, -1.874903564512663934 ) ) ;
#7946 = CARTESIAN_POINT ( 'NONE',  ( 0.1378088733234977270, 10.54298359147827924, 50.70962300801657818 ) ) ;
#7947 = CARTESIAN_POINT ( 'NONE',  ( 0.001128300450406921011, 10.83562048411526568, 48.59273909807692604 ) ) ;
#7948 = CARTESIAN_POINT ( 'NONE',  ( -2.474511600221027674, 10.50777063472884976, 33.64202390254398978 ) ) ;
#7949 = CARTESIAN_POINT ( 'NONE',  ( 3.238594562986801151, 10.57143057643398976, 42.94953537811169753 ) ) ;
#7950 = CARTESIAN_POINT ( 'NONE',  ( -4.688309069892110159, 8.050724677175093547, 24.06854996959529558 ) ) ;
#7951 = CARTESIAN_POINT ( 'NONE',  ( 2.016311308756288057, 10.65749257674308126, 42.66862190473617744 ) ) ;
#7952 = CARTESIAN_POINT ( 'NONE',  ( 0.1359686523649160372, 3.701262562446416382, -15.00000000000000000 ) ) ;
#7953 = CARTESIAN_POINT ( 'NONE',  ( 4.367834888766623180, 9.297275890576022661, 42.62883374446027318 ) ) ;
#7954 = CARTESIAN_POINT ( 'NONE',  ( 5.892990901362449740, 3.355914398803380383, 50.28450271362773805 ) ) ;
#7955 = CARTESIAN_POINT ( 'NONE',  ( 5.078752913882315312, 4.838219606687090391, -1.235024421272107320 ) ) ;
#7956 = CARTESIAN_POINT ( 'NONE',  ( 0.01640625501927100646, 10.52991660530501328, 50.81021740469171988 ) ) ;
#7957 = CARTESIAN_POINT ( 'NONE',  ( -0.03288293698771746487, 10.66823030561709373, 49.90000476977733257 ) ) ;
#7958 = CARTESIAN_POINT ( 'NONE',  ( -0.3145728666665180140, 3.588026619559065988, -14.99999999999999467 ) ) ;
#7959 = CARTESIAN_POINT ( 'NONE',  ( 1.614636411723573639, 11.14400496555446018, 42.17771775437623916 ) ) ;
#7960 = CARTESIAN_POINT ( 'NONE',  ( -4.070840996619224939, 8.907791748830440781, 10.78461799712822966 ) ) ;
#7961 = CARTESIAN_POINT ( 'NONE',  ( -0.09771318075701079797, 10.98217007241149368, 37.31637267595083074 ) ) ;
#7962 = CARTESIAN_POINT ( 'NONE',  ( 5.582411335505092609, 6.148321308300236154, 49.90146070592587080 ) ) ;
#7963 = CARTESIAN_POINT ( 'NONE',  ( 4.661534296780289743, 8.830986144283242467, 41.45540113598099197 ) ) ;
#7964 = AXIS2_PLACEMENT_3D ( 'NONE', #8480, #7699, #1775 ) ;
#7965 = CARTESIAN_POINT ( 'NONE',  ( 0.3017528960066299670, 10.95214188073292050, 39.79879782455535064 ) ) ;
#7966 = CARTESIAN_POINT ( 'NONE',  ( 0.3038699991503343578, 2.097818611052982618, 57.50000000000001421 ) ) ;
#7967 = CARTESIAN_POINT ( 'NONE',  ( 1.373728889008610343, 9.987694941804008408, 49.94259556176391612 ) ) ;
#7968 = CARTESIAN_POINT ( 'NONE',  ( 4.521549523264855708, 5.970223251432635436, -2.470559037338141639 ) ) ;
#7969 = CARTESIAN_POINT ( 'NONE',  ( 0.004272212370361005811, 11.07024079265991112, 46.18706379790385341 ) ) ;
#7970 = CARTESIAN_POINT ( 'NONE',  ( -1.110626647765805552, 10.16904397107592750, 6.165290626320151013 ) ) ;
#7971 = CARTESIAN_POINT ( 'NONE',  ( -2.634820255388939714, 8.302706185652350968, 52.70749756260721597 ) ) ;
#7972 = ORIENTED_EDGE ( 'NONE', *, *, #7287, .T. ) ;
#7973 = CARTESIAN_POINT ( 'NONE',  ( 5.333990362996797963, 7.827297078084369808, 47.72539952612465441 ) ) ;
#7974 = CARTESIAN_POINT ( 'NONE',  ( -5.001434225593969884, 4.308905162142150580, -3.724820636267842655 ) ) ;
#7975 = DIRECTION ( 'NONE',  ( 1.000000000000000000, 0.000000000000000000, 0.000000000000000000 ) ) ;
#7976 = FACE_OUTER_BOUND ( 'NONE', #1560, .T. ) ;
#7977 = CARTESIAN_POINT ( 'NONE',  ( 2.337073717897185876, 10.59691685670258465, 37.31210024647517542 ) ) ;
#7978 = CARTESIAN_POINT ( 'NONE',  ( 4.462997074371471307, 7.526150584922606690, 50.26814053810893768 ) ) ;
#7979 = CARTESIAN_POINT ( 'NONE',  ( 4.103114603633963853, 1.683612893157553803, 56.15278135931801984 ) ) ;
#7980 = CARTESIAN_POINT ( 'NONE',  ( -0.4007259004765375554, 8.524108894508019674, -4.972396040280044893 ) ) ;
#7981 = CARTESIAN_POINT ( 'NONE',  ( 0.5422901827325882218, 10.62440992334338574, 49.90166349982998639 ) ) ;
#7982 = CARTESIAN_POINT ( 'NONE',  ( 4.301452203602393887, 8.570492257454978002, 49.93481270167882258 ) ) ;
#7983 = CARTESIAN_POINT ( 'NONE',  ( -4.534779049517827509, 5.287494310261257269, 53.12058769932927049 ) ) ;
#7984 = CARTESIAN_POINT ( 'NONE',  ( 6.077568677347828796, 5.139622400380203793, 42.06352096657563067 ) ) ;
#7985 = CARTESIAN_POINT ( 'NONE',  ( -5.499574284565924565, 3.033168496628881883, 24.07164500086874526 ) ) ;
#7986 = CARTESIAN_POINT ( 'NONE',  ( -4.087794921661659869E-05, 11.06515853530437177, 42.76142520816062387 ) ) ;
#7987 = CARTESIAN_POINT ( 'NONE',  ( 1.156971094118205201, 10.91023580064378429, 34.88703010545050631 ) ) ;
#7988 = CARTESIAN_POINT ( 'NONE',  ( 5.904680804021550600, 1.796521104885212106, 41.25951811495253452 ) ) ;
#7989 = CARTESIAN_POINT ( 'NONE',  ( 5.587722182990094488, 3.459399032873767599, 39.73385183810289334 ) ) ;
#7990 = CARTESIAN_POINT ( 'NONE',  ( 0.1656521864153606971, 10.48829389110046328, 51.01503813852023228 ) ) ;
#7991 = CARTESIAN_POINT ( 'NONE',  ( 0.001411408873127784113, 11.29311409556843415, 42.19489283711764216 ) ) ;
#7992 = CARTESIAN_POINT ( 'NONE',  ( -2.629488394724329492, 10.11363705718613559, 10.78590534258806777 ) ) ;
#7993 = CARTESIAN_POINT ( 'NONE',  ( 3.109533399104802420, 9.514490042777737244, 50.24533004210748288 ) ) ;
#7994 = CARTESIAN_POINT ( 'NONE',  ( -4.766652471367219590, 7.653103395302795597, 28.18612304239878341 ) ) ;
#7995 = CARTESIAN_POINT ( 'NONE',  ( 1.513282588752371760, 9.259497832866914635, 52.34899280448095737 ) ) ;
#7996 = CARTESIAN_POINT ( 'NONE',  ( 1.462434383211648364E-15, 1.562500000000000000, -14.99999999999999822 ) ) ;
#7997 = CARTESIAN_POINT ( 'NONE',  ( 2.861435053376815585, 6.434032430616709597, -6.993487564530862954 ) ) ;
#7998 = CARTESIAN_POINT ( 'NONE',  ( 5.992608049207242438, 3.036679598697054505, 42.04703783334066003 ) ) ;
#7999 = CARTESIAN_POINT ( 'NONE',  ( 5.212120535586432624, 5.010944417210531299, 51.20448222863817023 ) ) ;
#8000 = CARTESIAN_POINT ( 'NONE',  ( -5.476610952599895832, 4.146862236732008711, 34.88827971532165861 ) ) ;
#8001 = CARTESIAN_POINT ( 'NONE',  ( 0.01944033259409449349, 11.00653651811784606, 46.98724125082409842 ) ) ;
#8002 = CARTESIAN_POINT ( 'NONE',  ( -0.01360748463640498382, 10.57936885788337200, 50.50565193798619390 ) ) ;
#8003 = CARTESIAN_POINT ( 'NONE',  ( -1.315093161827788792, 7.623623397261072299, -6.993412997970859024 ) ) ;
#8004 = CARTESIAN_POINT ( 'NONE',  ( 1.878865442556625132, 10.96346588571719671, 44.56543311968567167 ) ) ;
#8005 = CARTESIAN_POINT ( 'NONE',  ( -3.365021592293935715, 7.069233990082533836, 53.31681814415006215 ) ) ;
#8006 = CARTESIAN_POINT ( 'NONE',  ( -0.09289154437139755804, 10.19917729361216097, 6.159691922988527857 ) ) ;
#8007 = CARTESIAN_POINT ( 'NONE',  ( 5.927821950278059582, 6.260507454681041750, 46.86702248187346953 ) ) ;
#8008 = CARTESIAN_POINT ( 'NONE',  ( 2.487488769067798700, 10.51437712206235453, 41.45540113598096355 ) ) ;
#8009 = CARTESIAN_POINT ( 'NONE',  ( 0.1630585711245861602, 9.315829339397639686, -1.176545361520135113 ) ) ;
#8010 = CARTESIAN_POINT ( 'NONE',  ( 2.673839586946255675, 8.822977424010929326, -0.1937506960571241110 ) ) ;
#8011 = CARTESIAN_POINT ( 'NONE',  ( 1.527615441402124130, 9.629456898636275852, 2.027492600206298512 ) ) ;
#8012 = CARTESIAN_POINT ( 'NONE',  ( 5.092278173795453000, 6.267995500504196293, 4.131183346915165977 ) ) ;
#8013 = CARTESIAN_POINT ( 'NONE',  ( 0.001724091556908481648, 10.51248790862850413, 50.91167684183108832 ) ) ;
#8014 = CARTESIAN_POINT ( 'NONE',  ( -0.8456884775797194331, 9.434622553534932621, 52.68937722360355735 ) ) ;
#8015 = CARTESIAN_POINT ( 'NONE',  ( -3.305689201122993026, 9.939631742623982191, 15.74219274353986719 ) ) ;
#8016 = VERTEX_POINT ( 'NONE', #2958 ) ;
#8017 = CARTESIAN_POINT ( 'NONE',  ( 5.498168466825361200, 8.035549449039745440, 45.28396041958510665 ) ) ;
#8018 = CARTESIAN_POINT ( 'NONE',  ( -5.217543706000598469, 4.568315000046895058, -0.1990560639182067659 ) ) ;
#8019 = DIRECTION ( 'NONE',  ( 0.000000000000000000, 0.000000000000000000, -1.000000000000000000 ) ) ;
#8020 = CARTESIAN_POINT ( 'NONE',  ( 0.000000000000000000, 10.19970268249653245, 6.159182949958380782 ) ) ;
#8021 = CARTESIAN_POINT ( 'NONE',  ( 2.301248542794212426, 10.59962111465595136, 20.74961681380735357 ) ) ;
#8022 = CARTESIAN_POINT ( 'NONE',  ( 4.002391659584028538, 6.482790133066767879, 52.96820635551508616 ) ) ;
#8023 = EDGE_CURVE ( 'NONE', #1048, #4414, #790, .T. ) ;
#8024 = CARTESIAN_POINT ( 'NONE',  ( 2.728188605883036022, 1.628702800020938479, 57.21578851233037000 ) ) ;
#8025 = CARTESIAN_POINT ( 'NONE',  ( -0.4442441507493476438, 9.247783488611322156, 53.35328251854787140 ) ) ;
#8026 = CARTESIAN_POINT ( 'NONE',  ( 0.7751361020684862657, 10.44510395651895607, 50.71872875776256251 ) ) ;
#8027 = CARTESIAN_POINT ( 'NONE',  ( 4.399316717707696611, 8.493152047852966291, 49.82910936586580419 ) ) ;
#8028 = CARTESIAN_POINT ( 'NONE',  ( -4.755637286759029081, 5.497483761685439951, 52.43151276571665420 ) ) ;
#8029 = CARTESIAN_POINT ( 'NONE',  ( 5.854025938593447442, 4.679137557441251261, 49.76518169635544098 ) ) ;
#8030 = CARTESIAN_POINT ( 'NONE',  ( -5.331452439535565802, 1.562500000000001776, 53.10376731378804749 ) ) ;
#8031 = CARTESIAN_POINT ( 'NONE',  ( -4.087794919206973296E-05, 10.26783062042144223, 49.87488978792722349 ) ) ;
#8032 = CARTESIAN_POINT ( 'NONE',  ( 0.9274281727152532406, 10.18127773826399718, 6.164272680259869297 ) ) ;
#8033 = ADVANCED_FACE ( 'NONE', ( #8254 ), #8119, .T. ) ;
#8034 = CARTESIAN_POINT ( 'NONE',  ( 5.908618447803672957, 1.881394145001059170, 42.03403378616484787 ) ) ;
#8035 = CARTESIAN_POINT ( 'NONE',  ( 5.538388387100074084, 3.513810760565275970, 37.29699194514105187 ) ) ;
#8036 = CARTESIAN_POINT ( 'NONE',  ( 0.1820900554011126993, 10.92562179830521707, 47.78708234745473504 ) ) ;
#8037 = CARTESIAN_POINT ( 'NONE',  ( 0.0005974519430580202753, 10.54669119800455590, 50.70861319581197790 ) ) ;
#8038 = CARTESIAN_POINT ( 'NONE',  ( -2.362539766166911637, 9.884736183343507676, 6.172416248742246481 ) ) ;
#8039 = CARTESIAN_POINT ( 'NONE',  ( 3.479028127811018223, 10.39685209582613723, 43.74331403423668974 ) ) ;
#8040 = CARTESIAN_POINT ( 'NONE',  ( -4.713198521751087000, 7.307657484439386231, 4.122164916415009372 ) ) ;
#8041 = CARTESIAN_POINT ( 'NONE',  ( -5.512166830212031243, 4.219770473086762230, 15.73295830750706692 ) ) ;
#8042 = CARTESIAN_POINT ( 'NONE',  ( 0.4078984539222383354, 9.765250220330203845, 2.018590974078972700 ) ) ;
#8043 = CARTESIAN_POINT ( 'NONE',  ( 2.753142623081612506, 6.250228337607619089, -7.640553437002769677 ) ) ;
#8044 = CARTESIAN_POINT ( 'NONE',  ( 5.962347558579521589, 3.350812242825776277, 48.46613092252594868 ) ) ;
#8045 = CARTESIAN_POINT ( 'NONE',  ( 5.386048027717892595, 5.373736402521536171, 34.88810931397564019 ) ) ;
#8046 = CARTESIAN_POINT ( 'NONE',  ( -0.3880858197531065201, 10.98192622415626474, 36.13034707711769045 ) ) ;
#8047 = CARTESIAN_POINT ( 'NONE',  ( 0.01670661053762378251, 10.56335744521776476, 50.60720334597799308 ) ) ;
#8048 = CARTESIAN_POINT ( 'NONE',  ( -0.01528746140273336100, 11.00657434751477126, 46.98777345850953679 ) ) ;
#8049 = CARTESIAN_POINT ( 'NONE',  ( -1.507798583696767780, 8.557595956066563758, -3.584592840155406357 ) ) ;
#8050 = CARTESIAN_POINT ( 'NONE',  ( 1.647157048949307478, 10.13412681730879328, 50.84090454773294709 ) ) ;
#8051 = CARTESIAN_POINT ( 'NONE',  ( -0.8786316922451090639, 3.016743777098651602, -14.99999999999999112 ) ) ;
#8052 = CARTESIAN_POINT ( 'NONE',  ( -0.05068537972176319351, 5.546541066216526872, -13.07197988516376874 ) ) ;
#8053 = CARTESIAN_POINT ( 'NONE',  ( 5.341728104794152721, 7.393450493170271365, 41.45540113598099197 ) ) ;
#8054 = CARTESIAN_POINT ( 'NONE',  ( 0.1672493297379710198, 8.848307001020355500, 54.15455687495478543 ) ) ;
#8055 = CARTESIAN_POINT ( 'NONE',  ( 2.098488812743535728E-32, 1.562500000000000000, 57.50000000000000000 ) ) ;
#8056 = CARTESIAN_POINT ( 'NONE',  ( 1.748495111338453256, 10.43737015322603234, 46.39923033307741917 ) ) ;
#8057 = CARTESIAN_POINT ( 'NONE',  ( 4.653548557473984992, 5.669938785951885052, -2.476966531945561822 ) ) ;
#8058 = CARTESIAN_POINT ( 'NONE',  ( 0.002094577859254897079, 10.83562010499720252, 48.59272982816380448 ) ) ;
#8059 = CARTESIAN_POINT ( 'NONE',  ( -2.098488812743535728E-32, 1.562500000000000000, 57.50000000000000000 ) ) ;
#8060 = CARTESIAN_POINT ( 'NONE',  ( -2.662323137908598092, 7.932184935733729958, -3.615754572624844787 ) ) ;
#8061 = ORIENTED_EDGE ( 'NONE', *, *, #1255, .F. ) ;
#8062 = CARTESIAN_POINT ( 'NONE',  ( 5.020951241152905808, 7.488931596153269865, 50.03050737534617554 ) ) ;
#8063 = CARTESIAN_POINT ( 'NONE',  ( -4.400409710862816404, 3.589658896484073658, 54.82942244699457035 ) ) ;
#8064 = FACE_OUTER_BOUND ( 'NONE', #7667, .T. ) ;
#8065 = CARTESIAN_POINT ( 'NONE',  ( 0.01775151756921914195, 8.862659408735407141, 54.16072502315297044 ) ) ;
#8066 = CARTESIAN_POINT ( 'NONE',  ( 1.867586164165461415, 8.608950749488128551, 53.13951063306314637 ) ) ;
#8067 = CARTESIAN_POINT ( 'NONE',  ( 4.741594354338060313, 7.856166754452851286, 48.52624101681633562 ) ) ;
#8068 = CARTESIAN_POINT ( 'NONE',  ( -0.5688291455047977951, 9.537073673913868177, 52.68660883847800847 ) ) ;
#8069 = CARTESIAN_POINT ( 'NONE',  ( 0.8255579295971320342, 10.75873661729250585, 48.58939716661921437 ) ) ;
#8070 = CARTESIAN_POINT ( 'NONE',  ( 4.386237960958047744, 8.924375381442592570, 48.58081503381979616 ) ) ;
#8071 = CARTESIAN_POINT ( 'NONE',  ( -5.325340799667942271, 6.218401496476758439, 36.12836701223677238 ) ) ;
#8072 = CARTESIAN_POINT ( 'NONE',  ( 6.090275193431718748, 5.433652774089337001, 44.43283068445082762 ) ) ;
#8073 = CARTESIAN_POINT ( 'NONE',  ( -5.478380511811389297, 1.562499999999996003, 51.71296368615211492 ) ) ;
#8074 = CARTESIAN_POINT ( 'NONE',  ( -4.087794904117838927E-05, 10.64594905789912360, 50.05681282004319144 ) ) ;
#8075 = CARTESIAN_POINT ( 'NONE',  ( 1.139587910868365306, 10.91871424622689091, 33.64216456305049974 ) ) ;
#8076 = CARTESIAN_POINT ( 'NONE',  ( 5.901657025227086351, 1.853612530336384845, 49.93964647873698226 ) ) ;
#8077 = CARTESIAN_POINT ( 'NONE',  ( 5.495536782726639480, 3.612418564782173380, 34.88835544925326815 ) ) ;
#8078 = CARTESIAN_POINT ( 'NONE',  ( 0.1717460712971785874, 10.66332229067536908, 49.89993228182221685 ) ) ;
#8079 = CARTESIAN_POINT ( 'NONE',  ( 0.001541721522053835077, 10.78873250705781750, 48.99447230797960628 ) ) ;
#8080 = CARTESIAN_POINT ( 'NONE',  ( -2.218443353643227312, 9.155667432632974112, 0.4106315878583307044 ) ) ;
#8081 = CARTESIAN_POINT ( 'NONE',  ( 3.494992851967090086, 10.46747305214965884, 42.15015856986903486 ) ) ;
#8082 = CARTESIAN_POINT ( 'NONE',  ( -1.050374631704202422, 2.814069422427771361, -14.99999999999999112 ) ) ;
#8083 = CARTESIAN_POINT ( 'NONE',  ( -5.261478303506496701, 3.243302548660008444, -4.338577875113358573 ) ) ;
#8084 = CARTESIAN_POINT ( 'NONE',  ( 0.4442441507493476438, 9.247783488611322156, 53.35328251854787140 ) ) ;
#8085 = CARTESIAN_POINT ( 'NONE',  ( 0.4185994638328038309, 2.016015623993378636, 57.50000000000000000 ) ) ;
#8086 = CARTESIAN_POINT ( 'NONE',  ( 6.002209520369026663, 3.048362364664320090, 44.39807331111607880 ) ) ;
#8087 = CARTESIAN_POINT ( 'NONE',  ( 4.499640218426753435, 4.425541508614837305, 53.95794715113699169 ) ) ;
#8088 = CARTESIAN_POINT ( 'NONE',  ( -0.3943125533485475342, 10.97281506905297377, 37.31581540254097007 ) ) ;
#8089 = CARTESIAN_POINT ( 'NONE',  ( 0.01740610740774997667, 10.65400084284400251, 50.00065422470861165 ) ) ;
#8090 = CARTESIAN_POINT ( 'NONE',  ( -0.01976027695502239126, 10.57936834600775633, 50.50562488960882490 ) ) ;
#8091 = CARTESIAN_POINT ( 'NONE',  ( -1.437539307645750331, 8.234928056791533280, 54.11060881904258935 ) ) ;
#8092 = CARTESIAN_POINT ( 'NONE',  ( 2.161172866641309032, 9.969276841012808532, 50.54176271293851386 ) ) ;
#8093 = CARTESIAN_POINT ( 'NONE',  ( -3.719650745342044651, 7.645773833709593070, 52.00692700516037803 ) ) ;
#8094 = FACE_OUTER_BOUND ( 'NONE', #202, .T. ) ;
#8095 = CARTESIAN_POINT ( 'NONE',  ( 0.5332198284799659627, 10.89640636136875074, 41.45540113598098486 ) ) ;
#8096 = CARTESIAN_POINT ( 'NONE',  ( 0.04863792799885232471, 3.731664078162012732, -15.00000000000000000 ) ) ;
#8097 = CARTESIAN_POINT ( 'NONE',  ( 2.906426818879820129, 9.952686678244930363, 10.78568338647433400 ) ) ;
#8098 = CARTESIAN_POINT ( 'NONE',  ( 1.315070253858385829, 9.208611719168038334, 52.69390730835446846 ) ) ;
#8099 = CARTESIAN_POINT ( 'NONE',  ( 2.959683160113998124, 3.816109970478848812, 56.27303768891809455 ) ) ;
#8100 = CARTESIAN_POINT ( 'NONE',  ( 0.002115029856398582733, 11.18404996198650281, 44.58767426369313824 ) ) ;
#8101 = CARTESIAN_POINT ( 'NONE',  ( -1.068357360573028991, 9.358849997255397568, -0.1921590856987981377 ) ) ;
#8102 = CARTESIAN_POINT ( 'NONE',  ( -3.791246338071132538, 9.823228774051294465, 42.64020179025335722 ) ) ;
#8103 = ORIENTED_EDGE ( 'NONE', *, *, #5867, .T. ) ;
#8104 = CARTESIAN_POINT ( 'NONE',  ( 5.384953329902785413, 6.634442259872777470, 50.12512994900598073 ) ) ;
#8105 = VECTOR ( 'NONE', #4073, 39.37007874015748143 ) ;
#8106 = CARTESIAN_POINT ( 'NONE',  ( -5.162825556814248706, 4.504366478776522520, -1.237776377025139318 ) ) ;
#8107 = CARTESIAN_POINT ( 'NONE',  ( 5.443403828961035806, 3.201023574645543768, 49.33437885580713811 ) ) ;
#8108 = CARTESIAN_POINT ( 'NONE',  ( 0.000000000000000000, 10.00713283971853862, 4.074066620414160234 ) ) ;
#8109 = CARTESIAN_POINT ( 'NONE',  ( 1.836384508653791992, 8.498907595027199946, 53.33788644935765433 ) ) ;
#8110 = CARTESIAN_POINT ( 'NONE',  ( 4.953842292926948332, 8.134413421362612695, 46.33070844279183831 ) ) ;
#8111 = CARTESIAN_POINT ( 'NONE',  ( -0.3405998882055935040, 6.106882926818460788, 56.43798387073454847 ) ) ;
#8112 = CARTESIAN_POINT ( 'NONE',  ( 0.9036863500745305755, 11.24699446531250402, 42.18519341640691778 ) ) ;
#8113 = CARTESIAN_POINT ( 'NONE',  ( 4.270095613935188439, 8.525377144593896617, 50.14547824912620655 ) ) ;
#8114 = CARTESIAN_POINT ( 'NONE',  ( -5.180526457590568512, 5.844374902697363261, 50.27213978894268820 ) ) ;
#8115 = CARTESIAN_POINT ( 'NONE',  ( 5.740603876752437884, 4.630204546325015436, 50.85511489915212735 ) ) ;
#8116 = CARTESIAN_POINT ( 'NONE',  ( -5.499999999970478726, 1.562500000000003109, 33.64099909028204394 ) ) ;
#8117 = CARTESIAN_POINT ( 'NONE',  ( 5.348533691558680303, 4.428630122723245854, 50.95540067381248406 ) ) ;
#8118 = CARTESIAN_POINT ( 'NONE',  ( 1.029788605518856759, 9.500544335258775064, 52.34074080835745235 ) ) ;
#8119 = PLANE ( 'NONE',  #6720 ) ;
#8120 = CARTESIAN_POINT ( 'NONE',  ( 5.490907134425873970, 3.975476605400943608, 24.07123233003230212 ) ) ;
#8121 = CARTESIAN_POINT ( 'NONE',  ( 0.2329806282581175780, 11.25954265394263309, 42.98881366112986058 ) ) ;
#8122 = CARTESIAN_POINT ( 'NONE',  ( -0.2436895020578685456, 2.137160785905634963, 57.49999999999998579 ) ) ;
#8123 = CARTESIAN_POINT ( 'NONE',  ( 3.026804003946349741, 9.981356809748699987, 48.59302112194230006 ) ) ;
#8124 = CARTESIAN_POINT ( 'NONE',  ( -4.860216197252074544, 6.946195450164814211, 49.94027962411508526 ) ) ;
#8125 = CARTESIAN_POINT ( 'NONE',  ( -5.362542578817046213, 2.812473557588339279, 52.47552341170886336 ) ) ;
#8126 = CARTESIAN_POINT ( 'NONE',  ( 0.5602388807391843750, 10.15483128809298208, 50.25754252340000505 ) ) ;
#8127 = CARTESIAN_POINT ( 'NONE',  ( 4.300795368837264654, 8.596503060186311274, 10.78435164979168270 ) ) ;
#8128 = CARTESIAN_POINT ( 'NONE',  ( 5.977152537200526083, 2.781708179135212511, 42.82286595866744960 ) ) ;
#8129 = CARTESIAN_POINT ( 'NONE',  ( 5.679849958825712086, 5.356789635007624284, 46.28502718260189397 ) ) ;
#8130 = CARTESIAN_POINT ( 'NONE',  ( -0.3992121800203559112, 10.88663908222406818, 42.69135799632234551 ) ) ;
#8131 = CARTESIAN_POINT ( 'NONE',  ( 0.02036911031479689618, 10.56332684329027494, 50.60722251987137099 ) ) ;
#8132 = EDGE_CURVE ( 'NONE', #754, #2900, #2457, .T. ) ;
#8133 = CARTESIAN_POINT ( 'NONE',  ( -0.01985683440801058047, 10.61018032378600040, 50.30322127094755302 ) ) ;
#8134 = CARTESIAN_POINT ( 'NONE',  ( -1.440183863940106779, 8.992161439849351012, 52.96437906559591369 ) ) ;
#8135 = CARTESIAN_POINT ( 'NONE',  ( 1.865642185423223687, 10.90274586978663862, 45.36548327505013845 ) ) ;
#8136 = CARTESIAN_POINT ( 'NONE',  ( -4.447709590314662620, 8.898517351227800631, 37.30689902798311408 ) ) ;
#8137 = CARTESIAN_POINT ( 'NONE',  ( 0.000000000000000000, 9.323996619911319783, 53.35895475456529624 ) ) ;
#8138 = CARTESIAN_POINT ( 'NONE',  ( -0.1030376158811826676, 9.411475164519282899, -0.5877182685870736556 ) ) ;
#8139 = CARTESIAN_POINT ( 'NONE',  ( 5.652174453729285730, 5.294741285040116985, 41.45540113598099197 ) ) ;
#8140 = CARTESIAN_POINT ( 'NONE',  ( 0.1799017613641891167, 8.873675736163580297, -3.551483499406635769 ) ) ;
#8141 = CARTESIAN_POINT ( 'NONE',  ( 2.504827797420649205, 7.971068523863261035, 53.32978325504709716 ) ) ;
#8142 = CARTESIAN_POINT ( 'NONE',  ( 1.685165255485219227, 10.80164231264135033, 20.74953322897674113 ) ) ;
#8143 = CARTESIAN_POINT ( 'NONE',  ( 5.213161675988189359, 6.502816362094942626, 18.26218174790344762 ) ) ;
#8144 = CARTESIAN_POINT ( 'NONE',  ( 0.003052497575583096746, 11.31538884012244850, 41.39872668694907532 ) ) ;
#8145 = CARTESIAN_POINT ( 'NONE',  ( -1.173896079606459475, 9.994817830332594966, 50.25894226119186214 ) ) ;
#8146 = CARTESIAN_POINT ( 'NONE',  ( -3.648812386964921828, 9.768105874584495751, 20.74983970668897371 ) ) ;
#8147 = ORIENTED_EDGE ( 'NONE', *, *, #8132, .F. ) ;
#8148 = CARTESIAN_POINT ( 'NONE',  ( 5.679622772910854600, 7.447167719942883402, 46.08238262194272750 ) ) ;
#8149 = CARTESIAN_POINT ( 'NONE',  ( 0.2999591220508075473, 10.49036719615494562, 49.76803607791001838 ) ) ;
#8150 = CARTESIAN_POINT ( 'NONE',  ( 0.000000000000000000, 9.558814624169587049, 0.4058002874335525645 ) ) ;
#8151 = CARTESIAN_POINT ( 'NONE',  ( 0.2203528238385963345, 2.151721864072095869, 57.50000000000000711 ) ) ;
#8152 = CARTESIAN_POINT ( 'NONE',  ( 0.4971943731619161699, 1.955185284253352584, 57.50000000000001421 ) ) ;
#8153 = CARTESIAN_POINT ( 'NONE',  ( -0.6821257626794765550, 10.96210640258214220, 36.13026891666186202 ) ) ;
#8154 = CARTESIAN_POINT ( 'NONE',  ( 1.029270923285567241, 11.11523083926610944, 44.57464803197206038 ) ) ;
#8155 = CARTESIAN_POINT ( 'NONE',  ( -0.3455281335826924094, 10.55677130782487261, 10.78761440466412402 ) ) ;
#8156 = CARTESIAN_POINT ( 'NONE',  ( 4.529688700528650358, 8.250037833467089854, 50.03825732343300103 ) ) ;
#8157 = CARTESIAN_POINT ( 'NONE',  ( -4.853686564289438010, 5.578795640350235452, 52.05161219284023133 ) ) ;
#8158 = CARTESIAN_POINT ( 'NONE',  ( 6.070818152360138775, 4.512838454840516711, 42.05863797980945407 ) ) ;
#8159 = CARTESIAN_POINT ( 'NONE',  ( -5.500000357817794949, 1.562500000000009548, 42.51515328652885728 ) ) ;
#8160 = CARTESIAN_POINT ( 'NONE',  ( 2.915883008859049053, 8.903862331792499418, 50.95540067381246985 ) ) ;
#8161 = CARTESIAN_POINT ( 'NONE',  ( 1.311957608673241626, 10.89415569453137600, 31.92478022486721301 ) ) ;
#8162 = CARTESIAN_POINT ( 'NONE',  ( 5.899999219438266884, 1.562605029365987219, 49.82947263496448898 ) ) ;
#8163 = CARTESIAN_POINT ( 'NONE',  ( 5.553115951026721397, 2.775572824379649806, 39.72962082921365123 ) ) ;
#8164 = CARTESIAN_POINT ( 'NONE',  ( -3.778706594643892469, 2.594364117055387275, 56.20153392537223880 ) ) ;
#8165 = CARTESIAN_POINT ( 'NONE',  ( 0.2097730605760030065, 10.82976448261816138, 48.59106674102080348 ) ) ;
#8166 = CARTESIAN_POINT ( 'NONE',  ( -2.188789507141932322, 8.838923995330079109, 52.36091235443715419 ) ) ;
#8167 = CARTESIAN_POINT ( 'NONE',  ( 3.963485631135610809, 10.14133040675789488, 42.14089478621716012 ) ) ;
#8168 = B_SPLINE_SURFACE_WITH_KNOTS ( 'NONE', 3, 1, ( 
 ( #2132, #4767 ),
 ( #118, #3374 ),
 ( #6031, #844 ),
 ( #8107, #2729 ),
 ( #5378, #7367 ) ),
 .UNSPECIFIED., .F., .F., .F.,
 ( 4, 1, 4 ),
 ( 2, 2 ),
 ( 0.02284137965089447220, 0.3185869690277457478, 0.6165218935918805876 ),
 ( 0.000000000000000000, 1.000000000000000000 ),
 .UNSPECIFIED. ) ;
#8169 = CARTESIAN_POINT ( 'NONE',  ( -3.770935584539117258, 5.873414656532765399, -5.849110764142916530 ) ) ;
#8170 = CARTESIAN_POINT ( 'NONE',  ( 5.963059871967963055, 6.298303571483208962, 46.05716597559972314 ) ) ;
#8171 = CARTESIAN_POINT ( 'NONE',  ( -5.494535170453606732, 3.525418364690203532, 6.212794775800705160 ) ) ;
#8172 = CARTESIAN_POINT ( 'NONE',  ( 0.7891123546517173626, 10.61963249585333102, 46.41500124433338925 ) ) ;
#8173 = CARTESIAN_POINT ( 'NONE',  ( 3.419104095825350687, 7.168321540472545550, 53.13039959089500286 ) ) ;
#8174 = CARTESIAN_POINT ( 'NONE',  ( 5.914230199512235053, 2.616222643256488123, 49.72999688155328357 ) ) ;
#8175 = CARTESIAN_POINT ( 'NONE',  ( 4.921347745113336281, 4.014310369962998060, 53.28116408918334912 ) ) ;
#8176 = CARTESIAN_POINT ( 'NONE',  ( 0.05055353315952047788, 10.62459161575914202, 50.20231849440467897 ) ) ;
#8177 = CARTESIAN_POINT ( 'NONE',  ( -0.001001889549642713453, 10.56341141869246059, 50.60711512471269202 ) ) ;
#8178 = CARTESIAN_POINT ( 'NONE',  ( -1.513282588752371760, 9.259497832866914635, 52.34899280448095737 ) ) ;
#8179 = CARTESIAN_POINT ( 'NONE',  ( 2.566291529067581401, 10.75713346859011565, 44.55667472941307494 ) ) ;
#8180 = CARTESIAN_POINT ( 'NONE',  ( -3.809884699248607287, 7.773777870999745154, 51.59887479348930839 ) ) ;
#8181 = CARTESIAN_POINT ( 'NONE',  ( 0.6144665343598072482, 3.806929244377055710, 57.28729953333009917 ) ) ;
#8182 = CARTESIAN_POINT ( 'NONE',  ( -0.1964411605302762986, 10.98007579844512271, 37.31618691814753674 ) ) ;
#8183 = CARTESIAN_POINT ( 'NONE',  ( 1.354487001419855785, 10.03282847941114220, 50.65540067381245848 ) ) ;
#8184 = CARTESIAN_POINT ( 'NONE',  ( 0.2458532096235298281, 8.867916720059023206, -3.553431107685975476 ) ) ;
#8185 = CARTESIAN_POINT ( 'NONE',  ( 3.740204641539144781, 9.821253372751108657, 39.77531572521922953 ) ) ;
#8186 = CARTESIAN_POINT ( 'NONE',  ( 4.946613728615817607, 5.654520753806380640, 51.64090754341774669 ) ) ;
#8187 = CARTESIAN_POINT ( 'NONE',  ( 0.007669193317177049746, 10.57935919377440825, 50.50574067087735841 ) ) ;
#8188 = CARTESIAN_POINT ( 'NONE',  ( 5.499207529016354457, 1.728631088280434991, 46.22411883568158686 ) ) ;
#8189 = CARTESIAN_POINT ( 'NONE',  ( -1.011639029790970090, 8.718786257212626012, -3.572907190479365891 ) ) ;
#8190 = CARTESIAN_POINT ( 'NONE',  ( -3.602040874616314170, 9.723338741925081408, 31.92480288109812392 ) ) ;
#8191 = ORIENTED_EDGE ( 'NONE', *, *, #7663, .F. ) ;
#8192 = CARTESIAN_POINT ( 'NONE',  ( 5.865360576565093353, 7.141354577222370104, 42.87234148187796734 ) ) ;
#8193 = DIRECTION ( 'NONE',  ( -1.000000000000000000, 0.000000000000000000, 3.450755528294924194E-15 ) ) ;
#8194 = EDGE_CURVE ( 'NONE', #29, #2847, #7722, .T. ) ;
#8195 = CARTESIAN_POINT ( 'NONE',  ( 0.000000000000000000, 8.879651479922204160, -3.545640674568617534 ) ) ;
#8196 = CARTESIAN_POINT ( 'NONE',  ( 1.722118456906685413, 7.536463460440423923, -6.562050154260852253 ) ) ;
#8197 = CARTESIAN_POINT ( 'NONE',  ( 3.279303620034803579, 5.660316586295997432, -7.636106040080623991 ) ) ;
#8198 = CARTESIAN_POINT ( 'NONE',  ( -0.1560431800136893032, 3.692152178645928817, -15.00000000000000000 ) ) ;
#8199 = CARTESIAN_POINT ( 'NONE',  ( 1.013444190754552388, 10.31620522974439069, 51.03158609029899395 ) ) ;
#8200 = CARTESIAN_POINT ( 'NONE',  ( 4.466627112966859769, 8.373048736480521725, 49.93353248021007573 ) ) ;
#8201 = CARTESIAN_POINT ( 'NONE',  ( -4.161553990431878347, 4.331725016812637108, -7.627211246236275777 ) ) ;
#8202 = CARTESIAN_POINT ( 'NONE',  ( 5.760694772996722612, 4.367997244995065032, 50.96234507808086533 ) ) ;
#8203 = CARTESIAN_POINT ( 'NONE',  ( -5.499999943452114515, 1.562499999999999556, 10.77929105039767776 ) ) ;
#8204 = CARTESIAN_POINT ( 'NONE',  ( 5.373967660829639392, 4.233744172357513769, 50.95540067381244143 ) ) ;
#8205 = CARTESIAN_POINT ( 'NONE',  ( 0.7518154417882438878, 7.317441974252039572, -8.668559121662250178 ) ) ;
#8206 = CARTESIAN_POINT ( 'NONE',  ( 5.899745984665928589, 1.563148319698239419, 48.85736730123044680 ) ) ;
#8207 = CARTESIAN_POINT ( 'NONE',  ( 5.479836678398898542, 3.569653634572164780, 28.18709881435639986 ) ) ;
#8208 = CARTESIAN_POINT ( 'NONE',  ( -5.536598743716137250, 4.076544989011832598, 37.29798265342522967 ) ) ;
#8209 = CARTESIAN_POINT ( 'NONE',  ( 0.2617212361607653692, 10.62776983431995426, 50.10214195719648700 ) ) ;
#8210 = CARTESIAN_POINT ( 'NONE',  ( -0.9054614919116144023, 3.608243200592282651, 57.28037911194304144 ) ) ;
#8211 = CARTESIAN_POINT ( 'NONE',  ( 3.451284789794945240, 9.078513927390064353, 50.77438502582495516 ) ) ;
#8212 = CARTESIAN_POINT ( 'NONE',  ( -5.085599062108731694, 7.177880637253614360, 48.51803229362691638 ) ) ;
#8213 = CARTESIAN_POINT ( 'NONE',  ( 5.936899895368483726, 5.775383460399905466, 47.67749547681384570 ) ) ;
#8214 = CARTESIAN_POINT ( 'NONE',  ( -5.149679582883794460, 3.304115466789644184, 53.11171027362703256 ) ) ;
#8215 = CARTESIAN_POINT ( 'NONE',  ( -0.01221654376971878855, 6.184160877196126727, 56.45748489715617069 ) ) ;
#8216 = CARTESIAN_POINT ( 'NONE',  ( 0.4459617264761664424, 9.384827884825245548, -0.5891847240039739253 ) ) ;
#8217 = CARTESIAN_POINT ( 'NONE',  ( 4.357546218693481244, 8.755214196957567196, 15.74006171983999991 ) ) ;
#8218 = CARTESIAN_POINT ( 'NONE',  ( 5.936919474458371759, 2.311204629738951688, 45.17764008418239996 ) ) ;
#8219 = CARTESIAN_POINT ( 'NONE',  ( 2.297776216725089249, 2.340099040533261565, 57.23608841506577249 ) ) ;
#8220 = CARTESIAN_POINT ( 'NONE',  ( 0.03740668278019158854, 10.78855849584392601, 48.99420116589914187 ) ) ;
#8221 = CARTESIAN_POINT ( 'NONE',  ( -0.001829863614312717381, 10.49404212679344894, 51.01317063511711325 ) ) ;
#8222 = CARTESIAN_POINT ( 'NONE',  ( -2.093676652669308691, 10.66753775648751912, 31.92478719601518833 ) ) ;
#8223 = CARTESIAN_POINT ( 'NONE',  ( 2.720837376866138690, 10.85592309213456019, 41.36979535115905549 ) ) ;
#8224 = CARTESIAN_POINT ( 'NONE',  ( -4.014720584116367341, 7.505423137098534703, 51.60487947205041337 ) ) ;
#8225 = EDGE_LOOP ( 'NONE', ( #6791, #6405, #7443, #5506 ) ) ;
#8226 = CARTESIAN_POINT ( 'NONE',  ( -0.1519840051335029918, 10.20858707329801973, 50.25654271069161894 ) ) ;
#8227 = CARTESIAN_POINT ( 'NONE',  ( 5.499973429913849188, 1.570161063945299196, 41.45540113598098486 ) ) ;
#8228 = CARTESIAN_POINT ( 'NONE',  ( 0.2500241347392961333, 6.934535003036565115, -10.03287986214287919 ) ) ;
#8229 = CARTESIAN_POINT ( 'NONE',  ( 3.273048488882674079, 8.540430895748350792, 0.4132330573178252253 ) ) ;
#8230 = CARTESIAN_POINT ( 'NONE',  ( 5.236569639972202594, 5.987859866396570752, 6.199900792370275582 ) ) ;
#8231 = CARTESIAN_POINT ( 'NONE',  ( 0.004884861614441543542, 10.78872949487345245, 48.99444637839387440 ) ) ;
#8232 = CARTESIAN_POINT ( 'NONE',  ( 5.499999935703539400, 1.562500000000001776, 15.72993935726560366 ) ) ;
#8233 = CARTESIAN_POINT ( 'NONE',  ( -1.060708715004179403, 9.624549884626260265, 51.94628282188062229 ) ) ;
#8234 = CARTESIAN_POINT ( 'NONE',  ( -3.228992641863655422, 8.439629455233502497, -0.1944580784386013839 ) ) ;
#8235 = EDGE_LOOP ( 'NONE', ( #5462, #7056 ) ) ;
#8236 = CARTESIAN_POINT ( 'NONE',  ( 5.865458456382008023, 7.123975496788640172, 43.66694760652492846 ) ) ;
#8237 = CARTESIAN_POINT ( 'NONE',  ( 5.981073746001366764, 2.964443096621806717, 41.45540113598097065 ) ) ;
#8238 = CARTESIAN_POINT ( 'NONE',  ( 0.01566066878540250951, 9.320835855775694512, -1.174710724351445856 ) ) ;
#8239 = CARTESIAN_POINT ( 'NONE',  ( 2.501297345684005524, 10.51559896936837468, 36.12977390044156323 ) ) ;
#8240 = CARTESIAN_POINT ( 'NONE',  ( 3.469785029801764065, 5.200377391661346493, 54.91307196754978293 ) ) ;
#8241 = B_SPLINE_SURFACE_WITH_KNOTS ( 'NONE', 3, 3, ( 
 ( #6146, #2247, #6229, #362, #5496, #2933, #8137, #8272, #279, #2891, #4883, #320, #5584, #4278, #6919, #4971, #7615, #1690, #6960, #2413, #3096, #5837, #1898, #5051, #8477, #3705, #1814, #7086, #3786, #8352, #6356, #2538, #5753, #5180, #7825, #1730, #1250, #4527, #3137, #2496, #5137, #7697, #2375, #7172, #3871, #5795, #5673, #4361, #7781, #1854, #8313, #5011, #1089, #7004, #446, #3057, #5712 ),
 ( #1773, #4402, #7045, #8215, #5917, #7099, #7839, #8490, #5807, #3717, #1825, #7750, #1180, #1140, #3800, #6448, #3757, #6530, #458, #7184, #539, #1911, #5893, #7668, #8446, #4496, #4456, #5724, #3235, #5149, #2551, #8364, #2425, #7793, #1867, #7057, #7709, #3193, #5065, #7142, #1220, #5194, #1785, #6488, #4415, #4540, #8532, #6406, #8405, #497, #3107, #3883, #2467, #1742, #4373, #5766, #7880 ),
 ( #6063, #6748, #1347, #149, #20, #6658, #744, #4014, #4622, #1389, #6105, #2076, #6573, #3361, #5936, #3407, #1949, #3280, #831, #3450, #2716, #7961, #4711, #61, #4106, #2031, #191, #788, #5235, #7224, #2673, #6017, #3970, #2120, #2760, #8006, #7311, #104, #5365, #663, #2632, #7354, #7268, #1432, #7920, #6615, #4665, #6702, #4060, #4755, #5277, #5410, #4580, #1304, #8052, #702, #7400 ),
 ( #1478, #3926, #1990, #3319, #5976, #5319, #1604, #6962, #2892, #875, #5585, #5453, #1649, #6230, #2806, #8226, #2291, #5633, #321, #1561, #2934, #8182, #364, #6920, #4929, #4800, #5541, #4884, #7574, #2206, #4279, #1006, #4841, #2165, #7444, #4149, #6273, #6792, #3492, #5497, #8138, #7487, #4192, #6834, #919, #5754, #3830, #5013, #2377, #4445, #5095, #5714, #6358, #1855, #7006, #7087, #3787 ),
 ( #6435, #8315, #567, #4529, #1091, #3746, #7657, #3707, #8434, #2497, #3182, #5839, #5138, #408, #4404, #7782, #8479, #7827, #2540, #5182, #448, #1900, #3019, #3059, #4858, #2951, #3510, #4946, #2865, #5603, #5514, #3638, #8155, #7505, #6979, #1578, #8245, #4901, #7591, #295, #1067, #1666, #6851, #1024, #3554, #2908, #2351, #7633, #3124, #3256, #6464, #8464, #5782, #1759, #5123, #7811, #5868 ),
 ( #7032, #7115, #3733, #1841, #5082, #7768, #597, #6382, #1237, #4514, #7856, #4557, #8550, #6724, #2156, #4704, #3891, #5490, #2754, #8130, #6537, #8088, #8046, #229, #7393, #4749, #273, #6696, #5534, #627, #1471, #4792, #4142, #6785, #868, #5358, #5211, #7243, #1365, #6038, #6623, #3158, #585, #3201, #2766, #6753, #196, #2722, #1767, #1808, #6350, #2850, #5636, #5016, #5131, #7166, #6513 ),
 ( #5162, #3686, #7740, #1857, #5686, #5545, #3730, #7724, #4470, #6987, #3167, #3122, #8506, #1195, #3816, #4512, #5780, #3081, #8420, #1154, #1882, #8462, #2482, #6339, #4430, #1798, #3771, #6379, #6420, #512, #471, #595, #430, #1235, #5121, #7157, #2568, #1714, #7766, #7113, #7071, #1073, #3210, #1839, #2523, #3041, #5696, #6462, #553, #1114, #1756, #5823, #8337, #5166, #7809, #3857, #7682 ),
 ( #4345, #6504, #2398, #4387, #5865, #5210, #3689, #2441, #5036, #7029, #5737, #8378, #5079, #8548, #7854, #6676, #1322, #762, #6080, #7937, #3945, #4032, #2649, #37, #124, #1966, #7329, #7372, #6591, #1364, #3987, #6632, #5295, #4598, #5911, #2607, #5253, #718, #7242, #4683, #678, #3295, #7285, #3379, #5338, #4729, #637, #7980, #4555, #7200, #3336, #5952, #1407, #6037, #2007, #5992, #4641 ),
 ( #3254, #77, #2690, #2049, #2734, #5383, #8025, #1280, #2095, #1450, #166, #4079, #6722, #806, #3425, #2780, #1925, #3902, #6548, #7896, #936, #1494, #8153, #5512, #4856, #7461, #7503, #1576, #1535, #4294, #4122, #4944, #4207, #8242, #3636, #5426, #6849, #2263, #2221, #4771, #6935, #3552, #6245, #6765, #848, #6203, #293, #4816, #5469, #977, #3466, #2906, #5558, #336, #2822, #8198, #7418 ),
 ( #6121, #6161, #209, #8111, #4899, #252, #2949, #2308, #7545, #8068, #1620, #4166, #4252, #2181, #6808, #6892, #3595, #5601, #7589, #891, #1664, #2136, #3508, #1022, #2863, #6289, #381, #1106, #1147, #7021, #3723, #1832, #5814, #8288, #7149, #1874, #5690, #7631, #2994, #423, #8370, #3808, #3764, #6978, #7674, #6331, #1749, #4422, #3680, #5649, #2392, #6373, #4337, #4463, #1792, #5773, #464 ),
 ( #8412, #8330, #4503, #3034, #2349, #1706, #5029, #7106, #4987, #1187, #1065, #6413, #6455, #546, #2474, #7800, #4380, #3074, #5730, #2433, #2514, #5072, #7717, #5112, #7757, #7064, #504, #3157, #3114, #8453, #5156, #1227, #3847, #6495, #584, #6538, #7928, #2039, #2598, #4588, #1440, #5943, #3200, #670, #1918, #628, #2680, #4068, #5983, #1311, #3892, #1397, #1956, #68, #7275, #1270, #5856 ),
 ( #7319, #8497, #7191, #2084, #7362, #6622, #3287, #5328, #3933, #8014, #27, #4719, #4673, #2558, #5202, #6581, #4629, #7887, #6026, #7846, #2639, #5285, #1997, #5243, #1354, #3978, #7232, #4547, #3242, #114, #709, #3369, #5901, #8539, #3326, #7970, #4022, #6666, #752, #2725, #5373, #5417, #2769, #4848, #2855, #6112, #6756, #2254, #2127, #6153, #2213, #7537, #4113, #6841, #6070, #6884, #4936 ),
 ( #8059, #156, #5504, #1526, #4243, #3587, #927, #796, #200, #882, #1611, #8233, #2813, #969, #1485, #8145, #7494, #1568, #5460, #4199, #7581, #3544, #4762, #6195, #7407, #4891, #3415, #838, #2299, #1656, #285, #3499, #2898, #4156, #5592, #243, #6710, #6237, #3457, #8101, #6799, #5550, #2172, #328, #2941, #8189, #4807, #7451, #4412, #8280, #7623, #1822, #7013, #5103, #8402, #5641, #5146 ),
 ( #1137, #3754, #2384, #2422, #8322, #5021, #3104, #7095, #1014, #8442, #3146, #6970, #371, #4286, #1698, #1098, #7747, #5062, #2341, #415, #4329, #3026, #5721, #4979, #6927, #3672, #7665, #1056, #5763, #2464, #3628, #6323, #5803, #2505, #1782, #3714, #6403, #1739, #7790, #6365, #6280, #4453, #2985, #5681, #4370, #8361, #455, #1176, #3796, #7054, #3066, #7706, #494, #6444, #535, #7958, #4577 ),
 ( #3190, #2713, #2670, #5232, #3967, #6612, #6527, #3838, #5316, #2028, #3923, #741, #5847, #7877, #3277, #5933, #3880, #1946, #4619, #7139, #3316, #17, #101, #1344, #699, #4662, #2629, #3232, #5274, #1301, #7308, #58, #7917, #6485, #7221, #6570, #660, #618, #1987, #7265, #5890, #3358, #575, #1386, #5973, #4011, #5362, #1864, #6655, #6014, #4493, #1217, #8487, #2548, #5191, #7836, #1908 ),
 ( #1260, #4537, #7181, #8529, #2589, #3488, #276, #5407, #8134, #7351, #8178, #6226, #6060, #188, #6699, #1429, #6788, #2802, #5537, #4880, #2202, #2073, #1475, #2160, #2888, #959, #4103, #2244, #2757, #871, #6143, #232, #7396, #4145, #317, #4837, #785, #2844, #146, #5449, #7527, #1600, #7483, #2117, #3576, #8049, #4056, #3404, #4752, #915, #8003, #6830, #6745, #5493, #3535, #6186, #1557 ),
 ( #828, #4708, #3447, #4233, #6102, #8091, #4188, #6874, #4796, #2930, #7440, #1516, #3618, #1086, #5008, #7001, #2973, #5581, #5628, #4358, #7042, #7612, #1045, #6431, #2372, #8222, #5670, #6915, #8269, #7694, #524, #2410, #6312, #359, #6393, #6957, #5048, #3702, #6268, #2286, #4399, #1687, #1127, #3783, #8310, #4318, #1770, #404, #3015, #484, #2330, #3743, #5092, #3659, #7653, #1727, #6353 ),
 ( #4968, #443, #3054, #5709, #8349, #3093, #5749, #8391, #2453, #7736, #1811, #4442, #1002, #7083, #4925, #7570, #1166, #1645, #4275, #6, #1247, #1291, #7169, #3868, #1977, #5963, #8431, #7298, #2018, #5834, #7778, #3134, #564, #8518, #3956, #3913, #7126, #7821, #6474, #1895, #4567, #3827, #5792, #2535, #6516, #4482, #4609, #1936, #5923, #2579, #7211, #6602, #3179, #3267, #2493, #3306, #1376 ),
 ( #8474, #6559, #7254, #5177, #607, #3999, #5222, #5134, #3221, #1207, #4524, #5264, #6643, #2618, #5878, #7866, #689, #649, #7907, #1333, #48, #1851, #2660, #5306, #7948, #4652, #818, #5396, #5482, #4093, #1462, #1547, #3393, #221, #264, #8038, #2792, #5439, #8080, #6735, #6050, #7341, #4045, #1419, #2148, #136, #6133, #2746, #2107, #178, #2192, #6777, #6175, #2062, #860, #6003, #90 ),
 ( #2833, #8122, #7384, #7430, #4741, #3437, #4827, #3522, #2702, #4869, #8166, #6092, #5350, #729, #6688, #4784, #4178, #1506, #4696, #4134, #774, #3478, #7473, #6820, #3347, #904, #2876, #5525, #2233, #7516, #1589, #4220, #7992, #6381, #1075, #989, #8380, #4264, #6215, #5570, #7559, #8339, #6863, #5698, #4912, #4997, #2400, #5038, #3691, #3083, #306, #8258, #3565, #348, #473, #2319, #2919 ),
 ( #6341, #1034, #8210, #2443, #6946, #7684, #2275, #1633, #7642, #3004, #6257, #6904, #1758, #3607, #6300, #2360, #4389, #2962, #6989, #5615, #7031, #5081, #4957, #7601, #1676, #4305, #5659, #3648, #1116, #3732, #432, #948, #393, #8299, #5739, #7726, #1716, #1800, #4347, #3043, #69, #3327, #3934, #710, #5418, #1398, #5902, #5984, #5244, #2726, #1271, #2599, #6071, #2770, #2040, #7276, #4023 ),
 ( #3288, #6624, #2681, #5329, #5286, #7233, #7888, #1957, #4589, #7971, #6582, #6667, #1312, #671, #3979, #6027, #4674, #1441, #8540, #7320, #3893, #6539, #753, #5944, #3370, #115, #2640, #5374, #28, #7929, #8015, #7363, #629, #157, #3416, #1998, #3243, #4432, #4630, #1355, #2085, #4720, #4069, #6711, #797, #8060, #7073, #2814, #2128, #1527, #2856, #3458, #3588, #928, #4892, #5505, #2942 ),
 ( #4157, #1015, #839, #1657, #1569, #4937, #372, #4763, #5593, #5461, #3545, #6196, #286, #6800, #6842, #2986, #7538, #6113, #2899, #8102, #329, #7408, #201, #3629, #5642, #8190, #4849, #1612, #8146, #6282, #7495, #1486, #6238, #4114, #6757, #2214, #5551, #883, #7582, #8234, #4244, #4200, #2255, #6885, #2173, #4808, #2300, #970, #4287, #6928, #7452, #3500, #6154, #244, #1823, #4454, #4371 ),
 ( #8444, #1783, #7141, #1057, #5722, #1138, #3755, #1740, #8362, #2465, #4980, #1178, #6404, #6487, #7748, #7097, #2507, #495, #1099, #3105, #7707, #5148, #6446, #5764, #4330, #2423, #5063, #4413, #7014, #7055, #8403, #3715, #1219, #6971, #7792, #5104, #1866, #577, #8281, #3798, #537, #3148, #7624, #3840, #5805, #4495, #3673, #6324, #3192, #2342, #7666, #8323, #1699, #416, #3027, #5682, #2385 ),
 ( #5022, #6366, #456, #3067, #6572, #4539, #7838, #4621, #662, #3360, #2715, #60, #8489, #7879, #19, #6657, #7353, #1948, #3882, #3969, #7310, #1388, #2672, #2075, #1910, #7223, #2550, #4579, #5364, #1303, #5193, #5318, #7960, #7183, #1346, #2030, #3234, #6529, #6614, #5276, #7267, #5892, #5849, #8531, #701, #4013, #3925, #3279, #6701, #2631, #1262, #5935, #620, #2591, #4664, #787, #743 ),
 ( #6016, #7919, #103, #3318, #5234, #1989, #8005, #5975, #4710, #4058, #1431, #8093, #8180, #6790, #4147, #4235, #6104, #2890, #2932, #2162, #5495, #8136, #2204, #873, #190, #1477, #6747, #4105, #4839, #2804, #278, #5451, #4798, #2846, #4882, #917, #319, #4754, #3537, #148, #2759, #7485, #7442, #5539, #2246, #1518, #1559, #3490, #6145, #7529, #6228, #5409, #7572, #2289, #234, #8051, #3406 ),
 ( #6876, #4190, #7398, #6832, #830, #6188, #1602, #3449, #6062, #961, #3578, #5583, #8224, #4927, #1647, #4277, #6917, #2119, #3745, #3662, #2495, #6959, #361, #8271, #1689, #2455, #1004, #8393, #8351, #406, #5711, #1853, #6395, #2332, #2412, #4320, #7738, #6270, #7614, #5136, #7780, #7044, #3704, #486, #4360, #8433, #6355, #4484, #5094, #3620, #2975, #7003, #5050, #8312, #6434, #1813, #3095 ),
 ( #5672, #445, #4444, #1129, #526, #4970, #5752, #5630, #1047, #3056, #2374, #7085, #1168, #7655, #7696, #5010, #1729, #3785, #3136, #6314, #3017, #1088, #1772, #4401, #5794, #4526, #3915, #7950, #5266, #2537, #3223, #1897, #5880, #8, #7824, #7129, #6518, #7868, #8476, #50, #5925, #1336, #1938, #2020, #6645, #3958, #1249, #92, #7171, #6476, #5836, #3870, #2662, #1209, #5965, #5179, #7909 ),
 ( #6604, #3349, #566, #8521, #3829, #609, #731, #2581, #3181, #691, #3308, #5224, #2620, #5308, #4569, #7213, #1979, #6561, #4611, #1293, #652, #3269, #7256, #4654, #7300, #1378, #7994, #4001, #6005, #2704, #5352, #2064, #6822, #5572, #1549, #5441, #8040, #5527, #3396, #776, #2835, #862, #4095, #4743, #266, #138, #4136, #223, #8169, #2109, #4829, #4047, #4871, #2921, #2748, #8082, #6052 ),
 ( #2150, #2235, #1591, #7475, #7343, #6737, #7432, #7518, #6217, #820, #4222, #7386, #6135, #5484, #3480, #3439, #8124, #8212, #4180, #5399, #2194, #1464, #2878, #1421, #6094, #308, #4698, #906, #1508, #3524, #4786, #3567, #6779, #6690, #6865, #180, #2794, #6177, #950, #1036, #7728, #6385, #5040, #4349, #3693, #2402, #6259, #5617, #8382, #4999, #3085, #475, #3609, #3126, #5741, #5661, #4391 ),
 ( #4266, #2445, #5084, #6991, #1157, #350, #8301, #6343, #434, #4307, #2362, #7686, #7561, #3735, #3045, #515, #1761, #7034, #1802, #5700, #3650, #8341, #1718, #4434, #7075, #1118, #6906, #7644, #1077, #3774, #6948, #6423, #5784, #6302, #2277, #992, #4914, #1635, #2964, #8260, #2321, #4959, #7603, #1678, #395, #3006, #8509, #681, #3298, #2527, #7899, #7940, #7160, #1928, #4559, #7203, #599 ),
 ( #5298, #3948, #2610, #1283, #3905, #8552, #3819, #3170, #5955, #2571, #40, #6594, #1198, #721, #2652, #3213, #1969, #4601, #4516, #1843, #2010, #4644, #6551, #7289, #6466, #5870, #641, #3258, #1885, #5214, #5256, #5125, #1325, #5914, #6635, #7246, #1368, #3990, #3339, #1239, #8423, #7858, #2485, #7770, #4473, #7117, #556, #5826, #8466, #3860, #5169, #7813, #6507, #4860, #4686, #5516, #5429 ),
 ( #4819, #4035, #4125, #7464, #1538, #2825, #2224, #7983, #7375, #2693, #8028, #8157, #1453, #5341, #5473, #8114, #7332, #1497, #2184, #3383, #6679, #6768, #8071, #7421, #6041, #5995, #127, #4774, #4169, #2098, #4083, #6853, #2783, #80, #6083, #1410, #2737, #6811, #939, #894, #6726, #765, #3512, #809, #6165, #851, #5387, #2053, #255, #4732, #2867, #4210, #169, #3428, #7507, #2139, #3469 ),
 ( #1580, #6124, #212, #1026, #7635, #2311, #466, #7676, #6334, #5652, #4990, #3682, #7549, #6895, #1109, #6292, #4382, #1751, #4903, #4425, #7023, #6938, #5692, #8332, #8247, #5561, #3725, #6375, #8291, #2436, #1623, #3640, #1709, #4340, #5605, #385, #425, #297, #5031, #6981, #1794, #3036, #2394, #3076, #1069, #4948, #5732, #2997, #8372, #5074, #7719, #8201, #2353, #7066, #3556, #7593, #6206 ),
 ( #2910, #2266, #4255, #980, #3598, #6248, #339, #2953, #1668, #4297, #506, #2643, #1229, #1960, #8414, #5775, #7848, #5859, #548, #1190, #5247, #5114, #588, #5204, #4592, #7108, #1274, #3117, #1315, #7931, #7760, #1876, #2476, #1834, #8499, #4506, #7236, #6584, #3896, #3766, #3160, #3850, #3937, #5289, #5816, #673, #4465, #2561, #1920, #4550, #8455, #7194, #2001, #6542, #3810, #632, #6457 ),
 ( #2517, #4634, #1149, #3247, #6498, #5905, #7151, #31, #6415, #5158, #3290, #7802, #3203, #8543, #2601, #7890, #5946, #4117, #4676, #5331, #2773, #6715, #160, #7323, #7279, #1401, #6074, #204, #756, #2728, #8273, #4072, #1357, #7366, #71, #4026, #842, #2334, #6760, #8018, #2043, #8106, #117, #3461, #5421, #7974, #3981, #6116, #3373, #2817, #5632, #1444, #6030, #5464, #2089, #4723, #2176 ),
 ( #6803, #5377, #800, #3419, #8063, #2131, #6670, #4766, #7412, #1489, #4811, #7455, #1530, #4160, #886, #3503, #6272, #363, #2977, #2684, #6626, #712, #3330, #5986, #407, #3706, #6357, #8314, #7005, #5674, #2376, #447, #5052, #7616, #4403, #1774, #6316, #1691, #4972, #3018, #4362, #7698, #3058, #5012, #7656, #1731, #1090, #5713, #8353, #4322, #2414, #7046, #6961, #1049, #3664, #6902, #4867 ),
 ( #304, #6173, #3002, #2710, #3646, #3563, #6944, #2358, #4008, #5568, #987, #6861, #3355, #5657, #4218, #4955, #5359, #1032, #8256, #3605, #6213, #8208, #4262, #8000, #7471, #1674, #946, #7599, #2317, #2070, #4995, #4303, #7514, #6255, #346, #262, #6011, #6298, #391, #2917, #8297, #4705, #1587, #2273, #4910, #2874, #7557, #2960, #738, #5613, #1631, #7640, #6652, #98, #1545, #4176, #5523 ),
 ( #6818, #902, #3520, #8164, #2231, #2195, #4181, #8214, #7476, #6095, #4916, #821, #2749, #2110, #4096, #4873, #3397, #2237, #1465, #1550, #7520, #1593, #268, #2279, #5400, #4787, #139, #5442, #2923, #7433, #8041, #2880, #5529, #4744, #6823, #8171, #3440, #6738, #908, #2836, #4830, #181, #6053, #2795, #3526, #4224, #8083, #1509, #4268, #224, #7388, #3481, #2151, #4137, #6867, #6908, #952 ),
 ( #3569, #6780, #6219, #6179, #863, #6136, #310, #5485, #5574, #1637, #8125, #7563, #5743, #4351, #1720, #1804, #3652, #477, #517, #8303, #3047, #5702, #8343, #6993, #6304, #7605, #4309, #6345, #4436, #7688, #4961, #5663, #6950, #2364, #2404, #1680, #994, #397, #1079, #2323, #2447, #5042, #3737, #1763, #4393, #5786, #7036, #3008, #2487, #1038, #352, #8262, #5001, #5086, #3611, #8384, #7646 ),
 ( #7730, #6387, #8425, #2966, #3695, #6261, #436, #3128, #1121, #5619, #3087, #7077, #1159, #3776, #6425, #5127, #7772, #1845, #4475, #8554, #4518, #7119, #7162, #5916, #42, #601, #2573, #7985, #3907, #1200, #7205, #8468, #1241, #683, #2055, #3950, #7860, #1887, #7942, #8511, #6596, #5258, #7815, #3821, #5957, #3215, #2654, #5343, #1285, #5872, #3300, #1930, #4561, #2012, #3862, #5300, #6637 ),
 ( #82, #558, #6553, #2612, #5216, #3992, #4646, #1327, #643, #7901, #7248, #2529, #6509, #7291, #3260, #1370, #723, #5171, #6468, #3341, #1971, #5997, #2695, #4603, #3172, #5828, #4862, #6770, #3558, #6043, #2141, #6126, #214, #6728, #4776, #7466, #6208, #2100, #4037, #3385, #5389, #6167, #4688, #3514, #2739, #2827, #257, #2869, #1540, #941, #6681, #6085, #1412, #811, #4212, #171, #767 ),
 ( #5475, #5518, #4734, #4821, #129, #7509, #2912, #8030, #5431, #7377, #1455, #3471, #8073, #2226, #1582, #4171, #7334, #3430, #7423, #8159, #299, #2785, #6855, #4085, #8116, #2186, #6813, #1499, #853, #5563, #896, #4127, #8203, #2955, #467, #7551, #341, #3767, #507, #8333, #4991, #7677, #5653, #1150, #7636, #6416, #6376, #3118, #4257, #8292, #6335, #1028, #7720, #3077, #5032, #4341, #3684 ) ),
 .UNSPECIFIED., .F., .F., .F.,
 ( 4, 1, 1, 1, 1, 1, 1, 1, 1, 1, 1, 1, 1, 1, 1, 1, 1, 1, 1, 1, 1, 1, 1, 1, 1, 1, 1, 1, 1, 1, 1, 1, 1, 1, 1, 1, 1, 1, 1, 1, 4 ),
 ( 4, 1, 1, 1, 1, 1, 1, 1, 1, 1, 1, 1, 1, 1, 1, 1, 1, 1, 1, 1, 1, 1, 1, 1, 1, 1, 1, 1, 1, 1, 1, 1, 1, 1, 1, 1, 1, 1, 1, 1, 1, 1, 1, 1, 1, 1, 1, 1, 1, 1, 1, 1, 1, 1, 4 ),
 ( 0.000000000000000000, 0.007812500000000000000, 0.01562500000000000000, 0.02343750000000000000, 0.03125000000000000000, 0.03906250000000000000, 0.04687500000000000000, 0.05468750000000000000, 0.06250000000000000000, 0.07812500000000000000, 0.09375000000000000000, 0.1093750000000000000, 0.1250000000000000000, 0.1406250000000000000, 0.1562500000000000000, 0.1718750000000000000, 0.1875000000000000000, 0.2031250000000000000, 0.2187500000000000000, 0.2500000000000000000, 0.2812500000000000000, 0.3125000000000000000, 0.3437500000000000000, 0.3750000000000000000, 0.4062500000000000000, 0.4375000000000000000, 0.4687500000000000000, 0.5000000000000000000, 0.5312500000000000000, 0.5625000000000000000, 0.5937500000000000000, 0.6250000000000000000, 0.6562500000000000000, 0.6875000000000000000, 0.7187500000000000000, 0.7500000000000000000, 0.7812500000000000000, 0.8125000000000000000, 0.8750000000000000000, 0.9375000000000000000, 1.000000000000000000 ),
 ( 0.000000000000000000, 0.02343750000000000000, 0.06250000000000000000, 0.07812500000000000000, 0.1054687500000000000, 0.1093750000000000000, 0.1132812500000000000, 0.1144476432969474267, 0.1171875000000000000, 0.1250000000000000000, 0.1289062500000000000, 0.1328125000000000000, 0.1406250000000000000, 0.1445312500000000000, 0.1523437500000000000, 0.1532350075252634780, 0.1562500000000000000, 0.2031250000000000000, 0.2343750000000000000, 0.2968750000000000000, 0.3125000000000000000, 0.3281250000000000000, 0.3416163961991939280, 0.3593750000000000000, 0.3750000000000000000, 0.4062500000000000000, 0.5000000000000000000, 0.5297627487251538314, 0.5312500000000000000, 0.5937500000000000000, 0.6250000000000000000, 0.6553503411625909436, 0.6562500000000000000, 0.6875000000000000000, 0.7031250000000000000, 0.7187500000000000000, 0.7656250000000000000, 0.7812500000000000000, 0.7814068372761135972, 0.7890625000000000000, 0.7968750000000000000, 0.8046875000000000000, 0.8125000000000000000, 0.8203125000000000000, 0.8281250000000000000, 0.8359375000000000000, 0.8437500000000000000, 0.8593750000000000000, 0.8671875000000000000, 0.8712016975803168473, 0.8750000000000000000, 0.8906250000000000000, 0.9062500000000000000, 0.9218750000000000000, 1.000000000000000000 ),
 .UNSPECIFIED. ) ;
#8242 = CARTESIAN_POINT ( 'NONE',  ( -0.7414017728248863959, 10.43476266465026470, 9.116450143703200837 ) ) ;
#8243 = AXIS2_PLACEMENT_3D ( 'NONE', #5422, #248, #4203 ) ;
#8244 = CARTESIAN_POINT ( 'NONE',  ( 0.9271334643803601505, 10.56351481358255562, 49.80393299094767201 ) ) ;
#8245 = CARTESIAN_POINT ( 'NONE',  ( -0.2314032512222284899, 10.00405043862446242, 4.076321228039196498 ) ) ;
#8246 = CARTESIAN_POINT ( 'NONE',  ( 4.625168376831975792, 8.375080318156316039, 49.40642255336805277 ) ) ;
#8247 = CARTESIAN_POINT ( 'NONE',  ( -5.297877428732543414, 5.775918796315493431, 33.64144116615982938 ) ) ;
#8248 = CARTESIAN_POINT ( 'NONE',  ( 5.795345607892668838, 4.380928550183829984, 50.63054972828305722 ) ) ;
#8249 = CYLINDRICAL_SURFACE ( 'NONE', #377, 0.1000000000000001582 ) ;
#8250 = B_SPLINE_CURVE_WITH_KNOTS ( 'NONE', 3,
 ( #1169, #6682, #768, #2498, #3788, #6044, #7088, #6436, #527, #1541, #258, #4086, #3431, #6209, #2828, #942, #4213, #1456, #983, #3559, #3472, #5519, #8160, #6771, #6814, #4128, #854, #7510, #2913, #5390, #4258, #7552, #2786, #4735, #130, #6086, #5476, #300, #897, #6729, #4777, #5564, #4172, #1500, #3515, #8117, #8204, #6856, #6168, #7378, #2187, #2870 ),
 .UNSPECIFIED., .F., .F.,
 ( 4, 2, 2, 2, 2, 2, 2, 2, 2, 2, 2, 2, 2, 2, 2, 2, 2, 2, 2, 2, 2, 2, 2, 2, 2, 4 ),
 ( 0.000000000000000000, 0.007483674087795683105, 0.01496734817559136621, 0.02245102226338704585, 0.02619285930728490822, 0.02993469635118277405, 0.03741837043897853349, 0.04490204452677429986, 0.05986939270236582566, 0.07483674087795734453, 0.07857857792185522772, 0.08232041496575311090, 0.08980408905354891891, 0.1047714372291404239, 0.1197387854047319428, 0.1272224594925276397, 0.1347061335803233784, 0.1496734817559147446, 0.1646408299315061385, 0.1796081781070975325, 0.1870918521948932989, 0.1945755262826890375, 0.2095428744582804592, 0.2245102226338718809, 0.2319938967216675640, 0.2394775708094632471 ),
 .UNSPECIFIED. ) ;
#8251 = CARTESIAN_POINT ( 'NONE',  ( 2.562168312354769828, 9.640478448855676064, 50.95540067381246985 ) ) ;
#8252 = AXIS2_PLACEMENT_3D ( 'NONE', #1712, #4428, #1112 ) ;
#8253 = CARTESIAN_POINT ( 'NONE',  ( 0.1135165023187902217, 2.210436766521941099, 57.50000000000000000 ) ) ;
#8254 = FACE_OUTER_BOUND ( 'NONE', #8235, .T. ) ;
#8255 = CARTESIAN_POINT ( 'NONE',  ( 5.502329803411029729, 4.441353825544497980, 18.26112342142420886 ) ) ;
#8256 = CARTESIAN_POINT ( 'NONE',  ( -5.667333018454730365, 4.050491130588734556, 46.26544949966312714 ) ) ;
#8257 = CARTESIAN_POINT ( 'NONE',  ( 0.2016083793101291211, 10.64701064949515619, 50.00089691432923189 ) ) ;
#8258 = CARTESIAN_POINT ( 'NONE',  ( -1.764124068890173591, 7.094968351796182127, -7.647718687599624587 ) ) ;
#8259 = CARTESIAN_POINT ( 'NONE',  ( 3.617103635583692078, 9.389969486075221639, 49.41500778697895413 ) ) ;
#8260 = CARTESIAN_POINT ( 'NONE',  ( -4.726514547229745844, 6.250547807945634915, -0.1972876079645122516 ) ) ;
#8261 = CARTESIAN_POINT ( 'NONE',  ( 5.603169205035297473, 5.853362218115439219, 50.21901172801040758 ) ) ;
#8262 = CARTESIAN_POINT ( 'NONE',  ( -4.955474349564196856, 2.565554796188956210, -7.616833986751192498 ) ) ;
#8263 = CARTESIAN_POINT ( 'NONE',  ( 0.7061221300310592808, 10.92929886520487592, 39.79625921922171727 ) ) ;
#8264 = CARTESIAN_POINT ( 'NONE',  ( 4.049091352291758206, 8.103578159985369567, 50.26654083777564352 ) ) ;
#8265 = CARTESIAN_POINT ( 'NONE',  ( 5.958116981269815149, 2.537210553978775263, 44.38977771446580078 ) ) ;
#8266 = CARTESIAN_POINT ( 'NONE',  ( 5.394863286444986805, 4.986476002843775568, 33.64136078872746083 ) ) ;
#8267 = CARTESIAN_POINT ( 'NONE',  ( 0.06415060203113277792, 10.54583548268526449, 50.70903405419535659 ) ) ;
#8268 = CARTESIAN_POINT ( 'NONE',  ( -0.008994136951120614357, 11.22384924917996862, 43.78988766570892466 ) ) ;
#8269 = CARTESIAN_POINT ( 'NONE',  ( -2.099966102960975967, 10.67358329892428870, 20.74958895219710087 ) ) ;
#8270 = CARTESIAN_POINT ( 'NONE',  ( 2.382612749975939082, 9.799595698492375107, 50.75462658006687633 ) ) ;
#8271 = CARTESIAN_POINT ( 'NONE',  ( -4.559015121001467996, 8.496154166348793169, 34.88765491038616062 ) ) ;
#8272 = CARTESIAN_POINT ( 'NONE',  ( 0.000000000000000000, 9.430994823076028766, 53.14862167523134673 ) ) ;
#8273 = CARTESIAN_POINT ( 'NONE',  ( -5.454590197480884584, 5.214891318886559546, 15.73473416059035657 ) ) ;
#8274 = CARTESIAN_POINT ( 'NONE',  ( 1.154487001419854719, 10.03282847941114220, 50.65540067381245848 ) ) ;
#8275 = CARTESIAN_POINT ( 'NONE',  ( 0.3795595665329206114, 10.99197911756495216, 34.88691650455323412 ) ) ;
#8276 = CARTESIAN_POINT ( 'NONE',  ( 3.614010253520634652, 9.729142881500333573, 33.64188324203757929 ) ) ;
#8277 = CARTESIAN_POINT ( 'NONE',  ( 4.534779049517827509, 5.287494310261257269, 53.12058769932927049 ) ) ;
#8278 = CARTESIAN_POINT ( 'NONE',  ( 0.007368964336867673062, 11.07023749943795643, 46.18701714099834987 ) ) ;
#8279 = CARTESIAN_POINT ( 'NONE',  ( 5.500000060428329007, 1.562499999999998890, 12.43794881494951809 ) ) ;
#8280 = CARTESIAN_POINT ( 'NONE',  ( -0.9495526624008707728, 7.936562466248293646, -6.558745362260292033 ) ) ;
#8281 = CARTESIAN_POINT ( 'NONE',  ( -3.521182830542433084, 8.316862529128327353, 0.4139763343062539680 ) ) ;
#8282 = ORIENTED_EDGE ( 'NONE', *, *, #4681, .F. ) ;
#8283 = CARTESIAN_POINT ( 'NONE',  ( 5.262914758045427632, 6.694894686414634144, 50.55775139892771364 ) ) ;
#8284 = CARTESIAN_POINT ( 'NONE',  ( 5.738406175845657486, 7.463986621303935642, 41.45540113598094933 ) ) ;
#8285 = CARTESIAN_POINT ( 'NONE',  ( 0.09771318075701079797, 10.98217007241149368, 37.31637267595083074 ) ) ;
#8286 = CARTESIAN_POINT ( 'NONE',  ( 0.4715838985969577069, 3.439661979296198879, -14.99999999999999822 ) ) ;
#8287 = CARTESIAN_POINT ( 'NONE',  ( 4.289260219370890859, 6.645098689570900774, -1.835178498951890003 ) ) ;
#8288 = CARTESIAN_POINT ( 'NONE',  ( -0.8694158964287704849, 10.43211408175248778, 9.116550486865754976 ) ) ;
#8289 = CARTESIAN_POINT ( 'NONE',  ( 1.017432854541699516, 10.33686302040538330, 50.92898467466913814 ) ) ;
#8290 = CARTESIAN_POINT ( 'NONE',  ( 4.561840819575698980, 8.292093860769062630, 49.82747637481104164 ) ) ;
#8291 = CARTESIAN_POINT ( 'NONE',  ( -5.324579840572839728, 5.839786126392272791, 20.75045266211334649 ) ) ;
#8292 = CARTESIAN_POINT ( 'NONE',  ( -5.284271341239889175, 1.562499999999999778, -6.590140886265538178 ) ) ;
#8293 = CARTESIAN_POINT ( 'NONE',  ( 2.741118203366942119, 9.531279676380970400, 50.95540067381246985 ) ) ;
#8294 = EDGE_CURVE ( 'NONE', #8016, #5594, #428, .T. ) ;
#8295 = PLANE ( 'NONE',  #2303 ) ;
#8296 = CARTESIAN_POINT ( 'NONE',  ( 5.503972086727677571, 2.894709835108853824, 6.216187929335028173 ) ) ;
#8297 = CARTESIAN_POINT ( 'NONE',  ( -5.324463429580110763, 3.859557415029252869, -0.6164607947583115033 ) ) ;
#8298 = CARTESIAN_POINT ( 'NONE',  ( 0.2632843756540492186, 10.65679851901611208, 49.90017215239893744 ) ) ;
#8299 = CARTESIAN_POINT ( 'NONE',  ( -2.890112354545162798, 9.855032479241801369, 9.118331578001171778 ) ) ;
#8300 = CARTESIAN_POINT ( 'NONE',  ( 3.675728999877531322, 8.970497592204214499, 50.56598605922935263 ) ) ;
#8301 = CARTESIAN_POINT ( 'NONE',  ( -4.200135270418956956, 5.790503657696246975, 53.30061175552870623 ) ) ;
#8302 = CARTESIAN_POINT ( 'NONE',  ( 5.631120364172047310, 5.571547811969198349, 50.43140375196125547 ) ) ;
#8303 = CARTESIAN_POINT ( 'NONE',  ( -5.581233929280634776, 2.778910205830565694, 42.53788937811526694 ) ) ;
#8304 = CARTESIAN_POINT ( 'NONE',  ( 0.8391294160440474492, 10.85608488245621039, 42.68520030485105821 ) ) ;
#8305 = CARTESIAN_POINT ( 'NONE',  ( 3.121736656369164198, 6.351437168555788659, -6.569210536928707711 ) ) ;
#8306 = CARTESIAN_POINT ( 'NONE',  ( 5.895504711651439855, 2.181105653306302905, 50.83104344287789189 ) ) ;
#8307 = CARTESIAN_POINT ( 'NONE',  ( 5.436333933776594129, 4.880005110216091069, 7.856448573226782806 ) ) ;
#8308 = CARTESIAN_POINT ( 'NONE',  ( 0.05340754893491860694, 10.83525211772815489, 48.59225375838189365 ) ) ;
#8309 = CARTESIAN_POINT ( 'NONE',  ( -0.007454692323242775170, 10.57936936950699192, 50.50567898744811401 ) ) ;
#8310 = CARTESIAN_POINT ( 'NONE',  ( -1.701566644813715445, 8.631915766337789009, -2.990549807531980075 ) ) ;
#8311 = CARTESIAN_POINT ( 'NONE',  ( 2.449145371682242445, 10.89796019270652216, 42.96253574063236869 ) ) ;
#8312 = CARTESIAN_POINT ( 'NONE',  ( -2.623230440055046131, 5.196514410837363762, -9.983752259814552943 ) ) ;
#8313 = CARTESIAN_POINT ( 'NONE',  ( 0.000000000000000000, 8.002446290883131752, -6.993359736142275018 ) ) ;
#8314 = CARTESIAN_POINT ( 'NONE',  ( -5.415082971794929811, 5.093422360547183558, 24.07040698835934833 ) ) ;
#8315 = CARTESIAN_POINT ( 'NONE',  ( -0.02222647576129062677, 2.239641666085255611, 57.50000000000001421 ) ) ;
#8316 = CARTESIAN_POINT ( 'NONE',  ( 5.499934394216626110, 1.588586091388576538, 41.86287802239156264 ) ) ;
#8317 = CARTESIAN_POINT ( 'NONE',  ( 0.3406053002524261353, 10.43304241557845380, 48.58370207914285288 ) ) ;
#8318 = CARTESIAN_POINT ( 'NONE',  ( 3.629999378763916873, 9.740754198530828134, 34.88742770859148123 ) ) ;
#8319 = CARTESIAN_POINT ( 'NONE',  ( 1.462434383211648364E-15, 1.562500000000000000, -14.99999999999999822 ) ) ;
#8320 = CARTESIAN_POINT ( 'NONE',  ( 0.005273956243176481339, 11.00657442028819410, 46.98744778642250708 ) ) ;
#8321 = CARTESIAN_POINT ( 'NONE',  ( 5.478380511811389297, 1.562499999999996003, 51.71296368615211492 ) ) ;
#8322 = CARTESIAN_POINT ( 'NONE',  ( -0.9124407247454433545, 7.689735279556381364, 55.06842107715216628 ) ) ;
#8323 = CARTESIAN_POINT ( 'NONE',  ( -2.562648264806459242, 6.436099906362532153, -7.642035902643526946 ) ) ;
#8324 = VERTEX_POINT ( 'NONE', #7764 ) ;
#8325 = CARTESIAN_POINT ( 'NONE',  ( 5.675996643084559423, 6.381018597405821779, 48.94839600502093191 ) ) ;
#8326 = CARTESIAN_POINT ( 'NONE',  ( 5.990746779763816754, 3.103797683830144205, 41.45540113598100618 ) ) ;
#8327 = CARTESIAN_POINT ( 'NONE',  ( 0.06056435400358505666, 9.516551077916888701, 52.96272637222181601 ) ) ;
#8328 = CARTESIAN_POINT ( 'NONE',  ( 2.519452549030808619, 10.52111394184896476, 37.31172873086857322 ) ) ;
#8329 = CARTESIAN_POINT ( 'NONE',  ( 4.445468450122018744, 6.526241855181639018, 52.03246139812024040 ) ) ;
#8330 = CARTESIAN_POINT ( 'NONE',  ( -0.07892486400752847520, 2.224815200799304726, 57.50000000000000711 ) ) ;
#8331 = CARTESIAN_POINT ( 'NONE',  ( 4.774280716437559136, 7.957768302015772122, 49.92990569211010410 ) ) ;
#8332 = CARTESIAN_POINT ( 'NONE',  ( -5.335477071751674849, 5.784730672065656165, 34.88805251352697212 ) ) ;
#8333 = CARTESIAN_POINT ( 'NONE',  ( -5.499997045761379155, 1.562499999999998668, -0.2022392846348561313 ) ) ;
#8334 = DIRECTION ( 'NONE',  ( 0.000000000000000000, 0.000000000000000000, -1.000000000000000000 ) ) ;
#8335 = APPLICATION_PROTOCOL_DEFINITION ( 'draft international standard', 'automotive_design', 1998, #4379 ) ;
#8336 = CARTESIAN_POINT ( 'NONE',  ( 5.511372370380191121, 2.145515981265003980, 48.46467559289531124 ) ) ;
#8337 = CARTESIAN_POINT ( 'NONE',  ( -0.3307002133140364286, 7.442112928374036152, -8.673714153561364881 ) ) ;
#8338 = CARTESIAN_POINT ( 'NONE',  ( 0.2914084243270186336, 10.61008840018747534, 50.20337094313717330 ) ) ;
#8339 = CARTESIAN_POINT ( 'NONE',  ( -2.351511480272840959, 8.772875377871544700, -1.194203744268771183 ) ) ;
#8340 = CARTESIAN_POINT ( 'NONE',  ( 3.607727634823996166, 9.966092382900567870, 46.95530891769922732 ) ) ;
#8341 = CARTESIAN_POINT ( 'NONE',  ( -5.218267247271211495, 7.069821625399836051, 37.30318387191737628 ) ) ;
#8342 = CARTESIAN_POINT ( 'NONE',  ( 5.516766032830233257, 5.647387011663849599, 50.98019738101186960 ) ) ;
#8343 = CARTESIAN_POINT ( 'NONE',  ( -5.515434190891754795, 2.893200287190807796, 36.12753330070796665 ) ) ;
#8344 = CARTESIAN_POINT ( 'NONE',  ( 0.7828015001979768961, 10.96937482606187508, 33.64220140270706594 ) ) ;
#8345 = CARTESIAN_POINT ( 'NONE',  ( 5.899021999270969374, 2.178323913377553822, 50.60622006499833958 ) ) ;
#8346 = CARTESIAN_POINT ( 'NONE',  ( 5.365328729666185126, 5.032151970215851478, 31.92484819355956205 ) ) ;
#8347 = CARTESIAN_POINT ( 'NONE',  ( 0.07749263412879087154, 11.26308851530850141, 42.99079810702261284 ) ) ;
#8348 = CARTESIAN_POINT ( 'NONE',  ( -0.007341877105861841120, 10.68212490723575314, 49.79930152094804185 ) ) ;
#8349 = CARTESIAN_POINT ( 'NONE',  ( -1.417289523096428416, 7.347134110929014916, 55.04452121413653032 ) ) ;
#8350 = CARTESIAN_POINT ( 'NONE',  ( 2.409796004542654302, 9.870060978540351471, 50.44292756008552914 ) ) ;
#8351 = CARTESIAN_POINT ( 'NONE',  ( -4.553620787467262510, 8.440251610830172169, 20.75006259957056898 ) ) ;
#8352 = CARTESIAN_POINT ( 'NONE',  ( 0.000000000000000000, 10.95567511210459344, 18.26492377559947755 ) ) ;
#8353 = CARTESIAN_POINT ( 'NONE',  ( -4.872813632612228218, 3.793643818839354420, -5.874335025093168738 ) ) ;
#8354 = FACE_OUTER_BOUND ( 'NONE', #4548, .T. ) ;
#8355 = CARTESIAN_POINT ( 'NONE',  ( 0.2546952407555527764, 9.772938014809291474, 2.017107369724417509 ) ) ;
#8356 = CARTESIAN_POINT ( 'NONE',  ( 3.516749777349930106, 9.228325647670747145, 48.54676282479017857 ) ) ;
#8357 = CARTESIAN_POINT ( 'NONE',  ( 5.904756850607425278, 3.874786730136648316, 49.75011063054059690 ) ) ;
#8358 = CARTESIAN_POINT ( 'NONE',  ( 5.305377865948408100, 6.156812384362905455, 15.73633242836522683 ) ) ;
#8359 = CARTESIAN_POINT ( 'NONE',  ( 0.006022487883374781290, 10.61017583708269285, 50.30327186507609838 ) ) ;
#8360 = CARTESIAN_POINT ( 'NONE',  ( 5.499986168146713261, 1.562499999999996891, -0.6246729450929509042 ) ) ;
#8361 = CARTESIAN_POINT ( 'NONE',  ( -1.177358296580391483, 8.670444831600704561, -3.576802407038044418 ) ) ;
#8362 = CARTESIAN_POINT ( 'NONE',  ( -3.052045898444674776, 7.724410739443701601, 52.96646667827902633 ) ) ;
#8363 = ORIENTED_EDGE ( 'NONE', *, *, #2621, .F. ) ;
#8364 = CARTESIAN_POINT ( 'NONE',  ( -0.04054866174129981293, 10.66668632446439169, 12.45401302978097924 ) ) ;
#8365 = CARTESIAN_POINT ( 'NONE',  ( 5.882506320907443076, 6.998013538146558687, 42.08197977796231726 ) ) ;
#8366 = CARTESIAN_POINT ( 'NONE',  ( 0.2804057368693794738, 11.30845166284260550, 41.45540113598099197 ) ) ;
#8367 = CARTESIAN_POINT ( 'NONE',  ( 0.02412204769189058365, 10.00703137041067237, 4.074317132372498484 ) ) ;
#8368 = CARTESIAN_POINT ( 'NONE',  ( 2.416802210409337182, 9.352598024973461932, 50.60745366723244842 ) ) ;
#8369 = CARTESIAN_POINT ( 'NONE',  ( 4.832736818934067813, 7.739301019887237842, 33.64164210974062286 ) ) ;
#8370 = CARTESIAN_POINT ( 'NONE',  ( -0.5528086160674260396, 9.372689564699870246, -0.5895757787818136642 ) ) ;
#8371 = CARTESIAN_POINT ( 'NONE',  ( 4.757264596762539988, 7.937622035839931200, 50.03573190326478937 ) ) ;
#8372 = CARTESIAN_POINT ( 'NONE',  ( -4.500287505035777791, 4.616263418866958013, -5.864875927236828268 ) ) ;
#8373 = FACE_OUTER_BOUND ( 'NONE', #1741, .T. ) ;
#8374 = CARTESIAN_POINT ( 'NONE',  ( -4.087794922062332203E-05, 10.55764182812384178, 50.65673674968284246 ) ) ;
#8375 = AXIS2_PLACEMENT_3D ( 'NONE', #2313, #4950, #7595 ) ;
#8376 = CARTESIAN_POINT ( 'NONE',  ( 5.901531754305003652, 1.694358154452409781, 42.85947590822939901 ) ) ;
#8377 = CARTESIAN_POINT ( 'NONE',  ( 5.286108685759511872, 2.143905811903255021, 53.26171642283796359 ) ) ;
#8378 = CARTESIAN_POINT ( 'NONE',  ( -0.4255466085397730525, 9.832151970938554086, 51.93351562540060939 ) ) ;
#8379 = CARTESIAN_POINT ( 'NONE',  ( 0.4081269699698840681, 10.53484329854021340, 50.61068558149619179 ) ) ;
#8380 = CARTESIAN_POINT ( 'NONE',  ( -2.566056594524301016, 9.581000037429403093, 4.095610648831208955 ) ) ;
#8381 = CARTESIAN_POINT ( 'NONE',  ( 3.906072124580495242, 8.873468375929821406, 50.25104315571129376 ) ) ;
#8382 = CARTESIAN_POINT ( 'NONE',  ( -3.929871774896092074, 5.634809682990512769, -5.852263796761698167 ) ) ;
#8383 = CARTESIAN_POINT ( 'NONE',  ( 5.772251178783204928, 5.661029817802320174, 49.35612985518496032 ) ) ;
#8384 = CARTESIAN_POINT ( 'NONE',  ( -1.650318853806268526, 1.887433267790865843, -14.99999999999998401 ) ) ;
#8385 = AXIS2_PLACEMENT_3D ( 'NONE', #468, #8334, #7678 ) ;
#8386 = CARTESIAN_POINT ( 'NONE',  ( 0.7580217055919103997, 9.853723039624602720, 51.53582566859665803 ) ) ;
#8387 = CARTESIAN_POINT ( 'NONE',  ( 5.906580677211552555, 2.166256293406157774, 49.72477325349369437 ) ) ;
#8388 = CARTESIAN_POINT ( 'NONE',  ( 1.471891048992977957, 2.216386935148594528, -14.99999999999998757 ) ) ;
#8389 = CARTESIAN_POINT ( 'NONE',  ( 0.09492397962363403885, 10.60851125089112834, 50.30351905282356739 ) ) ;
#8390 = CARTESIAN_POINT ( 'NONE',  ( 0.0002661149292047492441, 10.66823287378359097, 49.89993847111704639 ) ) ;
#8391 = CARTESIAN_POINT ( 'NONE',  ( -1.720191112659894994, 8.710196273158626212, 53.14021148246079207 ) ) ;
#8392 = CARTESIAN_POINT ( 'NONE',  ( 2.755566902884130531, 9.674195804116273223, 50.44901818277475769 ) ) ;
#8393 = CARTESIAN_POINT ( 'NONE',  ( -4.528865139759066238, 8.444750180826551045, 24.06834363417719302 ) ) ;
#8394 = CYLINDRICAL_SURFACE ( 'NONE', #7964, 0.09999999999999947820 ) ;
#8395 = CARTESIAN_POINT ( 'NONE',  ( 0.3291905371424962978, 9.601865857785465863, 52.68409212472752046 ) ) ;
#8396 = CARTESIAN_POINT ( 'NONE',  ( 2.628954164918248182, 7.152543647710242425, -5.830192568430218714 ) ) ;
#8397 = EDGE_CURVE ( 'NONE', #3371, #6712, #3395, .T. ) ;
#8398 = CARTESIAN_POINT ( 'NONE',  ( 5.828334100599225742, 3.858418843893679284, 50.84438840680459037 ) ) ;
#8399 = CARTESIAN_POINT ( 'NONE',  ( 5.559621659720552778, 5.854696369181159099, 39.74739106654900667 ) ) ;
#8400 = CARTESIAN_POINT ( 'NONE',  ( 0.01539237829344610071, 11.00655276619186118, 46.98730012931974898 ) ) ;
#8401 = CARTESIAN_POINT ( 'NONE',  ( 3.345287985143874376, 1.562499999999998890, -12.95737174895509547 ) ) ;
#8402 = CARTESIAN_POINT ( 'NONE',  ( -0.5655987952718026790, 5.357140488235104137, -13.06024834366208687 ) ) ;
#8403 = CARTESIAN_POINT ( 'NONE',  ( -3.883861103797821901, 9.401970051739670708, 15.74112723168992112 ) ) ;
#8404 = EDGE_LOOP ( 'NONE', ( #1700, #7583 ) ) ;
#8405 = CARTESIAN_POINT ( 'NONE',  ( -0.02194066638793375906, 8.342874795951257028, -5.798924994960646728 ) ) ;
#8406 = CARTESIAN_POINT ( 'NONE',  ( 5.339167531047848136, 6.436543695342899163, 50.66302727041818343 ) ) ;
#8407 = CARTESIAN_POINT ( 'NONE',  ( -0.0006600282119401837226, 10.60283578357166157, 50.35177105487640858 ) ) ;
#8408 = CARTESIAN_POINT ( 'NONE',  ( 0.01595457571794493476, 9.558791441592216387, 0.4058622271825881311 ) ) ;
#8409 = CARTESIAN_POINT ( 'NONE',  ( 1.897493020588450374, 6.964938465565559511, 55.02062135112073094 ) ) ;
#8410 = CARTESIAN_POINT ( 'NONE',  ( 1.036553521558393864, 9.085798191584778749, -1.780004796784149468 ) ) ;
#8411 = CARTESIAN_POINT ( 'NONE',  ( 4.241432366266946197, 6.306687682187374300, 52.73165801461200175 ) ) ;
#8412 = CARTESIAN_POINT ( 'NONE',  ( -2.098488812743535728E-32, 1.562500000000000000, 57.50000000000000000 ) ) ;
#8413 = CARTESIAN_POINT ( 'NONE',  ( 5.025333353256424829, 8.705719190467332780, 46.11264497179080735 ) ) ;
#8414 = CARTESIAN_POINT ( 'NONE',  ( -5.291434022461428910, 5.066190041057144100, 50.63778579586529816 ) ) ;
#8415 = FACE_OUTER_BOUND ( 'NONE', #6114, .T. ) ;
#8416 = CARTESIAN_POINT ( 'NONE',  ( 1.724617317244930836, 10.06783243273569539, 50.95540067381250537 ) ) ;
#8417 = CARTESIAN_POINT ( 'NONE',  ( 1.083912686509853840, 5.662605241665986888, 56.39979436065893026 ) ) ;
#8418 = CARTESIAN_POINT ( 'NONE',  ( -4.087794921661659869E-05, 11.06515853530437177, 42.76142520816062387 ) ) ;
#8419 = CARTESIAN_POINT ( 'NONE',  ( 5.411781771733806146, 2.163091093659609943, 52.48652607320714480 ) ) ;
#8420 = CARTESIAN_POINT ( 'NONE',  ( -0.4654440676764402540, 10.65248161650257153, 46.42043948959413058 ) ) ;
#8421 = CARTESIAN_POINT ( 'NONE',  ( 0.5268285632948345176, 10.48010323705978486, 50.81650186296690919 ) ) ;
#8422 = CARTESIAN_POINT ( 'NONE',  ( 4.493578538746599627, 9.349634015732974035, 46.12880674410264703 ) ) ;
#8423 = CARTESIAN_POINT ( 'NONE',  ( -4.816659106151067071, 5.883671908887352586, -0.6094218087571917630 ) ) ;
#8424 = CARTESIAN_POINT ( 'NONE',  ( 6.005091234988591431, 5.668971435982010476, 46.85420925611140319 ) ) ;
#8425 = CARTESIAN_POINT ( 'NONE',  ( -2.677407664262408282, 1.761405606010845171, 57.21947940373687658 ) ) ;
#8426 = CARTESIAN_POINT ( 'NONE',  ( 1.009062393565667071, 10.83885265396773434, 42.68283196197749163 ) ) ;
#8427 = CARTESIAN_POINT ( 'NONE',  ( 5.903949980574241252, 2.060375822376821819, 49.94093044009419913 ) ) ;
#8428 = CARTESIAN_POINT ( 'NONE',  ( 5.462196009048801315, 4.352566886923575851, 49.93903258076585416 ) ) ;
#8429 = CARTESIAN_POINT ( 'NONE',  ( 0.1129785283469629670, 11.29200298585866236, 42.19362112977513135 ) ) ;
#8430 = CARTESIAN_POINT ( 'NONE',  ( -0.0002307009614553694177, 10.49404250085464518, 51.01318762380253702 ) ) ;
#8431 = CARTESIAN_POINT ( 'NONE',  ( -2.276742245180890745, 10.60569886474169898, 28.18530989910075135 ) ) ;
#8432 = CARTESIAN_POINT ( 'NONE',  ( 2.734964904315329015, 9.625633478421965705, 50.65749809444807994 ) ) ;
#8433 = CARTESIAN_POINT ( 'NONE',  ( -3.740817220959502531, 6.844714488700581079, -3.654706738211631833 ) ) ;
#8434 = CARTESIAN_POINT ( 'NONE',  ( -0.1876611024171858377, 9.503636265769168645, 52.96290033994542767 ) ) ;
#8435 = DIRECTION ( 'NONE',  ( 3.414809992080346871E-15, 0.000000000000000000, 1.000000000000000000 ) ) ;
#8436 = CARTESIAN_POINT ( 'NONE',  ( 0.4758134171346524166, 10.98654020090057237, 34.88693070466541712 ) ) ;
#8437 = CARTESIAN_POINT ( 'NONE',  ( 3.909234545099212088, 9.459347664053973759, 18.26333628588066205 ) ) ;
#8438 = CARTESIAN_POINT ( 'NONE',  ( 5.923946343841270945, 4.150255685107794079, 49.32520322769701693 ) ) ;
#8439 = CARTESIAN_POINT ( 'NONE',  ( 5.351452463281862748, 5.838942268819556247, 18.26189311340911914 ) ) ;
#8440 = CARTESIAN_POINT ( 'NONE',  ( 0.01339632263043654369, 10.61015033902169158, 50.30328593223046596 ) ) ;
#8441 = CARTESIAN_POINT ( 'NONE',  ( -0.03206586159225720961, 10.57936732225652321, 50.50557079285408690 ) ) ;
#8442 = CARTESIAN_POINT ( 'NONE',  ( -1.157539549390409706, 9.290790611358108464, 52.69239728010420265 ) ) ;
#8443 = CARTESIAN_POINT ( 'NONE',  ( 1.308065623205913797, 10.42421409767933227, 50.01215053484059325 ) ) ;
#8444 = CARTESIAN_POINT ( 'NONE',  ( -2.098488812743535728E-32, 1.562500000000000000, 57.50000000000000000 ) ) ;
#8445 = EDGE_LOOP ( 'NONE', ( #3028, #4590 ) ) ;
#8446 = CARTESIAN_POINT ( 'NONE',  ( -0.03043787158069080970, 11.01148158120773957, 33.64228178013935633 ) ) ;
#8447 = CARTESIAN_POINT ( 'NONE',  ( 5.855130159818545010, 6.993430891386072545, 41.29679409782910682 ) ) ;
#8448 = CARTESIAN_POINT ( 'NONE',  ( 0.0003067647972999476948, 10.57969450097096598, 50.50245310141412602 ) ) ;
#8449 = CARTESIAN_POINT ( 'NONE',  ( 0.06788418239513685504, 8.130021811420293787, -6.555165170926367857 ) ) ;
#8450 = CARTESIAN_POINT ( 'NONE',  ( 2.289316020932050222, 8.294693486283275519, 53.13740808487060718 ) ) ;
#8451 = CARTESIAN_POINT ( 'NONE',  ( 0.6972066872113458214, 5.924136989300130551, 56.41929538708044589 ) ) ;
#8452 = CARTESIAN_POINT ( 'NONE',  ( 5.091113224225995104, 6.821063451885812867, 9.121341872877897217 ) ) ;
#8453 = CARTESIAN_POINT ( 'NONE',  ( -0.9030793038959057384, 10.92045689703408584, 18.26456298248155719 ) ) ;
#8454 = CARTESIAN_POINT ( 'NONE',  ( 4.930070045692032998, 7.756091518058963352, 49.82165646127849357 ) ) ;
#8455 = CARTESIAN_POINT ( 'NONE',  ( -4.424284263439740350, 4.183602715669881178, -6.993594088188049618 ) ) ;
#8456 = FACE_OUTER_BOUND ( 'NONE', #6155, .T. ) ;
#8457 = FACE_OUTER_BOUND ( 'NONE', #6283, .T. ) ;
#8458 = CARTESIAN_POINT ( 'NONE',  ( 1.858734041659529046, 9.646485687596930703, 50.60404556289168454 ) ) ;
#8459 = CARTESIAN_POINT ( 'NONE',  ( 3.303621699301537262, 6.142351136147561341, -6.570312134262245252 ) ) ;
#8460 =( LENGTH_UNIT ( ) NAMED_UNIT ( * ) SI_UNIT ( $, .METRE. ) );
#8461 = CARTESIAN_POINT ( 'NONE',  ( 5.314841310529034857, 2.149316244579127400, 53.10657071137834606 ) ) ;
#8462 = CARTESIAN_POINT ( 'NONE',  ( -0.4934338581415583791, 10.96753170693866508, 37.31562964473769028 ) ) ;
#8463 = CARTESIAN_POINT ( 'NONE',  ( 0.4323603300973516417, 10.81397930680274477, 48.58990207492255564 ) ) ;
#8464 = CARTESIAN_POINT ( 'NONE',  ( -0.2052768532617825492, 7.791722667259318946, -7.657231175460925243 ) ) ;
#8465 = CARTESIAN_POINT ( 'NONE',  ( 4.190100635311623911, 9.968633733062077340, 42.13623910568210107 ) ) ;
#8466 = CARTESIAN_POINT ( 'NONE',  ( -4.226457511898873420, 5.138094042909438386, -5.858569861999265882 ) ) ;
#8467 = CARTESIAN_POINT ( 'NONE',  ( 6.076455129307612779, 5.609505043431970428, 42.85241486644878250 ) ) ;
#8468 = CARTESIAN_POINT ( 'NONE',  ( -5.506027248910527305, 2.471069095593724008, 12.43895544982145651 ) ) ;
#8469 = CARTESIAN_POINT ( 'NONE',  ( 0.4154652598130733621, 6.075156518816793749, 56.43392115689668742 ) ) ;
#8470 = CARTESIAN_POINT ( 'NONE',  ( 5.897895861022433017, 1.963656267154413548, 50.71841756326270456 ) ) ;
#8471 = CARTESIAN_POINT ( 'NONE',  ( 4.752936517497105662, 3.713344211796164807, -6.581328107597395949 ) ) ;
#8472 = CARTESIAN_POINT ( 'NONE',  ( 0.08825986501476842938, 11.00573286677232510, 46.98625838453996550 ) ) ;
#8473 = CARTESIAN_POINT ( 'NONE',  ( 7.063579808488942521E-05, 11.13390722493184271, 45.38673029869207198 ) ) ;
#8474 = CARTESIAN_POINT ( 'NONE',  ( -2.098488812743535728E-32, 1.562500000000000000, 57.50000000000000000 ) ) ;
#8475 = CARTESIAN_POINT ( 'NONE',  ( 2.912656109144499794, 10.44838690231058287, 46.15829005739616520 ) ) ;
#8476 = CARTESIAN_POINT ( 'NONE',  ( -4.331347735452284908, 7.253276222489718705, 0.4169494422599646644 ) ) ;
#8477 = CARTESIAN_POINT ( 'NONE',  ( 0.000000000000000000, 11.01148403380618923, 33.64228512919903835 ) ) ;
#8478 = CARTESIAN_POINT ( 'NONE',  ( 1.583897803742940091, 8.942738750112287249, -1.786625641044280233 ) ) ;
#8479 = CARTESIAN_POINT ( 'NONE',  ( -0.2349904930465739616, 10.24777945112779065, 49.94317454617597463 ) ) ;
#8480 = CARTESIAN_POINT ( 'NONE',  ( 5.460897756618293464, 5.002762819103638847, 50.65540067381245848 ) ) ;
#8481 = CARTESIAN_POINT ( 'NONE',  ( 0.4294445131606757782, 10.42431268235119646, 48.58267598874415683 ) ) ;
#8482 = CARTESIAN_POINT ( 'NONE',  ( 2.098488812743535728E-32, 1.562500000000000000, 57.50000000000000000 ) ) ;
#8483 = CARTESIAN_POINT ( 'NONE',  ( 6.059483136960400529, 3.897794560365074990, 42.83486822552985274 ) ) ;
#8484 = CARTESIAN_POINT ( 'NONE',  ( 4.031364554976865300, 4.314079184401836464, 54.86527224151831916 ) ) ;
#8485 = CARTESIAN_POINT ( 'NONE',  ( 0.009800766428794429469, 10.62501376315518620, 50.20226310419197091 ) ) ;
#8486 = CARTESIAN_POINT ( 'NONE',  ( -0.07465401467185753259, 11.31537395592874873, 41.39954631915890815 ) ) ;
#8487 = CARTESIAN_POINT ( 'NONE',  ( -1.084919738313681714, 7.151115376425124737, -8.664140522891587537 ) ) ;
#8488 = CARTESIAN_POINT ( 'NONE',  ( 1.326980131012380104, 11.16175759923181943, 42.97644937799098130 ) ) ;
#8489 = CARTESIAN_POINT ( 'NONE',  ( -3.590480308508087859, 8.030041586329833336, 51.59287011492818209 ) ) ;
#8490 = CARTESIAN_POINT ( 'NONE',  ( -0.01963106507490686159, 9.430995525309553429, 53.14850486699842236 ) ) ;
#8491 = CARTESIAN_POINT ( 'NONE',  ( 5.443369580228303306, 6.202282226374255636, 50.55078982839107482 ) ) ;
#8492 = CARTESIAN_POINT ( 'NONE',  ( -0.0003771655220078916088, 10.60283583917206762, 50.35177043244017625 ) ) ;
#8493 = CARTESIAN_POINT ( 'NONE',  ( 0.1515366645461997952, 11.06592200971765116, 28.18486267028675130 ) ) ;
#8494 = CARTESIAN_POINT ( 'NONE',  ( 2.494170959289228495, 8.807209620804362871, 51.97500901396056605 ) ) ;
#8495 = CARTESIAN_POINT ( 'NONE',  ( 0.9103559324245894535, 7.600684036911433239, -7.653154394948928463 ) ) ;
#8496 = CARTESIAN_POINT ( 'NONE',  ( 1.462434383211648364E-15, 1.562500000000000000, -14.99999999999999822 ) ) ;
#8497 = CARTESIAN_POINT ( 'NONE',  ( -0.09607709706564397656, 2.218074390402804852, 57.50000000000000000 ) ) ;
#8498 = CARTESIAN_POINT ( 'NONE',  ( 5.233932218767423095, 8.544543801793938798, 45.29621615421638836 ) ) ;
#8499 = CARTESIAN_POINT ( 'NONE',  ( -5.393701792644234772, 5.272551230487739105, 7.855448936828894446 ) ) ;
#8500 = FACE_OUTER_BOUND ( 'NONE', #874, .T. ) ;
#8501 = CARTESIAN_POINT ( 'NONE',  ( 0.9321008163193390539, 11.08152448227771991, 41.45540113598099197 ) ) ;
#8502 = CARTESIAN_POINT ( 'NONE',  ( 1.570278194565629892, 8.808308224818595988, 53.14091233185830987 ) ) ;
#8503 = CARTESIAN_POINT ( 'NONE',  ( 4.153571959025187610, 7.541850615371346045, 0.4162061652715349780 ) ) ;
#8504 = EDGE_CURVE ( 'NONE', #1824, #2943, #5625, .T. ) ;
#8505 = CARTESIAN_POINT ( 'NONE',  ( 5.495695881113566550, 2.184141309681208565, 2.103156422288613658 ) ) ;
#8506 = CARTESIAN_POINT ( 'NONE',  ( -0.3616943670243785713, 9.951527113662169910, 51.52831982039516845 ) ) ;
#8507 = CARTESIAN_POINT ( 'NONE',  ( 0.5230800658497096745, 10.44276691221057618, 51.02074060819001744 ) ) ;
#8508 = CARTESIAN_POINT ( 'NONE',  ( 4.096825372318319225, 8.712808182251478684, 50.14584347098168138 ) ) ;
#8509 = CARTESIAN_POINT ( 'NONE',  ( -4.316431933738959614, 5.685893214925910932, -4.278597883185060624 ) ) ;
#8510 = CARTESIAN_POINT ( 'NONE',  ( 5.816918194997314551, 5.386485493621894882, 49.35032862852222735 ) ) ;
#8511 = CARTESIAN_POINT ( 'NONE',  ( -5.493098243840771389, 2.185181240813217407, -0.2015319022533782478 ) ) ;
#8512 = VECTOR ( 'NONE', #3161, 39.37007874015748143 ) ;
#8513 = CARTESIAN_POINT ( 'NONE',  ( 0.9444640012995180189, 10.94921360813852296, 33.64218465740860609 ) ) ;
#8514 = CARTESIAN_POINT ( 'NONE',  ( 5.904883404327256002, 1.941951183299136297, 48.86198616621803126 ) ) ;
#8515 = CARTESIAN_POINT ( 'NONE',  ( 4.872813632612228218, 3.793643818839354420, -5.874335025093168738 ) ) ;
#8516 = CARTESIAN_POINT ( 'NONE',  ( 0.1000495767428040556, 10.83426590495883168, 48.59185672033326142 ) ) ;
#8517 = CARTESIAN_POINT ( 'NONE',  ( -0.0005418749192527047955, 10.51248814297462353, 50.91165816006061817 ) ) ;
#8518 = CARTESIAN_POINT ( 'NONE',  ( -2.221187647175046909, 10.19244370057725746, 9.117729519025818519 ) ) ;
#8519 = CARTESIAN_POINT ( 'NONE',  ( 2.632507477826954378, 9.717588906069492438, 50.55111395701612764 ) ) ;
#8520 = AXIS2_PLACEMENT_3D ( 'NONE', #7986, #5183, #5053 ) ;
#8521 = CARTESIAN_POINT ( 'NONE',  ( -2.587478291162731203, 4.258841878927039026, 56.30228922855068419 ) ) ;
#8522 = CARTESIAN_POINT ( 'NONE',  ( 1.394146017045233776, 8.793023865669589156, 53.34274836594401137 ) ) ;
#8523 = CARTESIAN_POINT ( 'NONE',  ( 0.3506956730300935798, 9.847778674126439924, 51.93191972584062910 ) ) ;
#8524 = CARTESIAN_POINT ( 'NONE',  ( 3.328591638862511637, 7.927350769953671161, -1.813109018084798629 ) ) ;
#8525 = CARTESIAN_POINT ( 'NONE',  ( 6.040149122224173439, 3.607024474058230012, 42.83188908927704119 ) ) ;
#8526 = CARTESIAN_POINT ( 'NONE',  ( 5.491607468370462541, 5.648860809727831445, 48.50161484724790739 ) ) ;
#8527 = CARTESIAN_POINT ( 'NONE',  ( 0.008181320868380912922, 10.66822194487629716, 49.89992545884932440 ) ) ;
#8528 = CARTESIAN_POINT ( 'NONE',  ( -0.05639746765949025381, 10.56340659525174175, 50.60680045588561882 ) ) ;
#8529 = CARTESIAN_POINT ( 'NONE',  ( -0.8904086069154089067, 5.799750527989878890, 56.40954487386959215 ) ) ;
#8530 = CARTESIAN_POINT ( 'NONE',  ( 1.261518893046778667, 10.23367211026482693, 51.03774474932227889 ) ) ;
#8531 = CARTESIAN_POINT ( 'NONE',  ( -3.485591567154589399, 7.578081488204876592, -2.432114069693615654 ) ) ;
#8532 = CARTESIAN_POINT ( 'NONE',  ( -0.01949606001787409365, 8.747646943945387221, -4.149640900539225186 ) ) ;
#8533 = CARTESIAN_POINT ( 'NONE',  ( 5.566754242172659239, 6.136775801262265517, 50.00857440199203552 ) ) ;
#8534 = CARTESIAN_POINT ( 'NONE',  ( 5.499973429913849188, 1.570161063945299196, 41.45540113598098486 ) ) ;
#8535 = CARTESIAN_POINT ( 'NONE',  ( 0.1826389796871448756, 11.00998716238120956, 33.64226503484097464 ) ) ;
#8536 = CARTESIAN_POINT ( 'NONE',  ( 1.836947813729350676, 7.298463003313377051, -6.993436078096588737 ) ) ;
#8537 = CARTESIAN_POINT ( 'NONE',  ( 0.2820256842439226586, 3.614266858163783347, -14.99999999999999467 ) ) ;
#8538 = CARTESIAN_POINT ( 'NONE',  ( 5.218267247271211495, 7.069821625399836051, 37.30318387191737628 ) ) ;
#8539 = CARTESIAN_POINT ( 'NONE',  ( -1.204202568939636953, 10.41579822078345785, 9.116826430562770867 ) ) ;
#8540 = CARTESIAN_POINT ( 'NONE',  ( -3.375048906825474759, 9.771386745314938338, 46.36986380866931512 ) ) ;
#8541 = ORIENTED_EDGE ( 'NONE', *, *, #3409, .T. ) ;
#8542 = CARTESIAN_POINT ( 'NONE',  ( 5.221269862928676453, 6.987639664482927060, 50.23797516987112743 ) ) ;
#8543 = CARTESIAN_POINT ( 'NONE',  ( -5.281930958936888132, 4.647232725951933929, 51.20874533751432267 ) ) ;
#8544 = CARTESIAN_POINT ( 'NONE',  ( 4.718595913477731330, 7.548023853166733410, 50.95540067381240590 ) ) ;
#8545 = CARTESIAN_POINT ( 'NONE',  ( 2.151308677959080651, 10.66472571418136184, 37.31247176208175631 ) ) ;
#8546 = CARTESIAN_POINT ( 'NONE',  ( 3.552335820831545643, 6.528938907514986845, -5.041746835588454267 ) ) ;
#8547 = CARTESIAN_POINT ( 'NONE',  ( 5.499174689765562896, 1.709172394663232231, 42.51894263512657091 ) ) ;
#8548 = CARTESIAN_POINT ( 'NONE',  ( -0.4514147373609435632, 10.02357262164689189, 51.11708849667577681 ) ) ;
#8549 = CARTESIAN_POINT ( 'NONE',  ( 0.8879309809647626395, 11.13233261364207394, 44.57619512010720086 ) ) ;
#8550 = CARTESIAN_POINT ( 'NONE',  ( -0.2860446493520979461, 9.964035475596276115, 51.52681865075487622 ) ) ;
#8551 = CARTESIAN_POINT ( 'NONE',  ( 3.934953803390881966, 8.920913905159553181, 50.04104141018317620 ) ) ;
#8552 = CARTESIAN_POINT ( 'NONE',  ( -4.104230425082019629, 5.228124703232885473, 53.98570381802881712 ) ) ;
#8553 = CARTESIAN_POINT ( 'NONE',  ( 5.608037317273323552, 5.266491384880406024, 50.97487200967940879 ) ) ;
#8554 = CARTESIAN_POINT ( 'NONE',  ( -5.517985892498296963, 2.071839032420283555, 42.52652133232194132 ) ) ;
ENDSEC;
END-ISO-10303-21;
